"3XQCPPS2PNZ68HBW","38NPMPTW36","3XQCPPS2PNZ68HBW.38NPMPTW36.6YS6EN2CT7","Reserved","Red Hat Enterprise Linux (Amazon VPC), m7g.large reserved instance applied","2026-09-03","0","Inf","Hrs","0.0524000000","USD",,"3yr","Partial Upfront","standard","Compute Instance","AmazonEC2","EU (Frankfurt)","AWS Region","m7g.large","Yes","General purpose","2","AWS Graviton3 Processor","2.5 GHz","8 GiB","EBS only","Up to 12500 Megabit","64-bit",,,,,,,,"Dedicated","RHEL","No License required",,,,,,,,"EUC1-DedicatedUsage:m7g.large","RunInstances:0010","NA","Used","false","Up to 10000 Mbps","630 Mbps","NA",,"Yes",,,"NA",,,,,,,,,,,,,,,,"General Purpose",,"No","No","No","OnDemand","4",,"NA",,,"eu-central-1",,"Amazon Elastic Compute Cloud",,,,"true"
"3XQCPPS2PNZ68HBW","38NPMPTW36","3XQCPPS2PNZ68HBW.38NPMPTW36.2TG2D8R56U","Reserved","Upfront Fee","2026-09-03",,,"Quantity","620","USD",,"3yr","Partial Upfront","standard","Compute Instance","AmazonEC2","EU (Frankfurt)","AWS Region","m7g.large","Yes","General purpose","2","AWS Graviton3 Processor","2.5 GHz","8 GiB","EBS only","Up to 12500 Megabit","64-bit",,,,,,,,"Dedicated","RHEL","No License required",,,,,,,,"EUC1-DedicatedUsage:m7g.large","RunInstances:0010","NA","Used","false","Up to 10000 Mbps","630 Mbps","NA",,"Yes",,,"NA",,,,,,,,,,,,,,,,"General Purpose",,"No","No","No","OnDemand","4",,"NA",,,"eu-central-1",,"Amazon Elastic Compute Cloud",,,,"true"
"3XQCPPS2PNZ68HBW","4NA7Y494T4","3XQCPPS2PNZ68HBW.4NA7Y494T4.6YS6EN2CT7","Reserved","Red Hat Enterprise Linux (Amazon VPC), m7g.large reserved instance applied","2026-09-03","0","Inf","Hrs","0.0996000000","USD",,"1yr","No Upfront","standard","Compute Instance","AmazonEC2","EU (Frankfurt)","AWS Region","m7g.large","Yes","General purpose","2","AWS Graviton3 Processor","2.5 GHz","8 GiB","EBS only","Up to 12500 Megabit","64-bit",,,,,,,,"Dedicated","RHEL","No License required",,,,,,,,"EUC1-DedicatedUsage:m7g.large","RunInstances:0010","NA","Used","false","Up to 10000 Mbps","630 Mbps","NA",,"Yes",,,"NA",,,,,,,,,,,,,,,,"General Purpose",,"No","No","No","OnDemand","4",,"NA",,,"eu-central-1",,"Amazon Elastic Compute Cloud",,,,"true"
"3XQCPPS2PNZ68HBW","6QCMYABX3D","3XQCPPS2PNZ68HBW.6QCMYABX3D.6YS6EN2CT7","Reserved","USD 0.0 per Red Hat Enterprise Linux (Amazon VPC), m7g.large reserved instance applied","2026-09-03","0","Inf","Hrs","0.0000000000","USD",,"1yr","All Upfront","standard","Compute Instance","AmazonEC2","EU (Frankfurt)","AWS Region","m7g.large","Yes","General purpose","2","AWS Graviton3 Processor","2.5 GHz","8 GiB","EBS only","Up to 12500 Megabit","64-bit",,,,,,,,"Dedicated","RHEL","No License required",,,,,,,,"EUC1-DedicatedUsage:m7g.large","RunInstances:0010","NA","Used","false","Up to 10000 Mbps","630 Mbps","NA",,"Yes",,,"NA",,,,,,,,,,,,,,,,"General Purpose",,"No","No","No","OnDemand","4",,"NA",,,"eu-central-1",,"Amazon Elastic Compute Cloud",,,,"true"
"3XQCPPS2PNZ68HBW","6QCMYABX3D","3XQCPPS2PNZ68HBW.6QCMYABX3D.2TG2D8R56U","Reserved","Upfront Fee","2026-09-03",,,"Quantity","835","USD",,"1yr","All Upfront","standard","Compute Instance","AmazonEC2","EU (Frankfurt)","AWS Region","m7g.large","Yes","General purpose","2","AWS Graviton3 Processor","2.5 GHz","8 GiB","EBS only","Up to 12500 Megabit","64-bit",,,,,,,,"Dedicated","RHEL","No License required",,,,,,,,"EUC1-DedicatedUsage:m7g.large","RunInstances:0010","NA","Used","false","Up to 10000 Mbps","630 Mbps","NA",,"Yes",,,"NA",,,,,,,,,,,,,,,,"General Purpose",,"No","No","No","OnDemand","4",,"NA",,,"eu-central-1",,"Amazon Elastic Compute Cloud",,,,"true"
"3XQCPPS2PNZ68HBW","7NE97W5U4E","3XQCPPS2PNZ68HBW.7NE97W5U4E.6YS6EN2CT7","Reserved","Red Hat Enterprise Linux (Amazon VPC), m7g.large reserved instance applied","2026-09-03","0","Inf","Hrs","0.1095000000","USD",,"1yr","No Upfront","convertible","Compute Instance","AmazonEC2","EU (Frankfurt)","AWS Region","m7g.large","Yes","General purpose","2","AWS Graviton3 Processor","2.5 GHz","8 GiB","EBS only","Up to 12500 Megabit","64-bit",,,,,,,,"Dedicated","RHEL","No License required",,,,,,,,"EUC1-DedicatedUsage:m7g.large","RunInstances:0010","NA","Used","false","Up to 10000 Mbps","630 Mbps","NA",,"Yes",,,"NA",,,,,,,,,,,,,,,,"General Purpose",,"No","No","No","OnDemand","4",,"NA",,,"eu-central-1",,"Amazon Elastic Compute Cloud",,,,"true"
"3XQCPPS2PNZ68HBW","BPH4J8HBKS","3XQCPPS2PNZ68HBW.BPH4J8HBKS.6YS6EN2CT7","Reserved","Red Hat Enterprise Linux (Amazon VPC), m7g.large reserved instance applied","2026-09-03","0","Inf","Hrs","0.0793000000","USD",,"3yr","No Upfront","standard","Compute Instance","AmazonEC2","EU (Frankfurt)","AWS Region","m7g.large","Yes","General purpose","2","AWS Graviton3 Processor","2.5 GHz","8 GiB","EBS only","Up to 12500 Megabit","64-bit",,,,,,,,"Dedicated","RHEL","No License required",,,,,,,,"EUC1-DedicatedUsage:m7g.large","RunInstances:0010","NA","Used","false","Up to 10000 Mbps","630 Mbps","NA",,"Yes",,,"NA",,,,,,,,,,,,,,,,"General Purpose",,"No","No","No","OnDemand","4",,"NA",,,"eu-central-1",,"Amazon Elastic Compute Cloud",,,,"true"
"3XQCPPS2PNZ68HBW","CUZHX8X6JH","3XQCPPS2PNZ68HBW.CUZHX8X6JH.6YS6EN2CT7","Reserved","Red Hat Enterprise Linux (Amazon VPC), m7g.large reserved instance applied","2026-09-03","0","Inf","Hrs","0.0674000000","USD",,"1yr","Partial Upfront","convertible","Compute Instance","AmazonEC2","EU (Frankfurt)","AWS Region","m7g.large","Yes","General purpose","2","AWS Graviton3 Processor","2.5 GHz","8 GiB","EBS only","Up to 12500 Megabit","64-bit",,,,,,,,"Dedicated","RHEL","No License required",,,,,,,,"EUC1-DedicatedUsage:m7g.large","RunInstances:0010","NA","Used","false","Up to 10000 Mbps","630 Mbps","NA",,"Yes",,,"NA",,,,,,,,,,,,,,,,"General Purpose",,"No","No","No","OnDemand","4",,"NA",,,"eu-central-1",,"Amazon Elastic Compute Cloud",,,,"true"
"3XQCPPS2PNZ68HBW","CUZHX8X6JH","3XQCPPS2PNZ68HBW.CUZHX8X6JH.2TG2D8R56U","Reserved","Upfront Fee","2026-09-03",,,"Quantity","338","USD",,"1yr","Partial Upfront","convertible","Compute Instance","AmazonEC2","EU (Frankfurt)","AWS Region","m7g.large","Yes","General purpose","2","AWS Graviton3 Processor","2.5 GHz","8 GiB","EBS only","Up to 12500 Megabit","64-bit",,,,,,,,"Dedicated","RHEL","No License required",,,,,,,,"EUC1-DedicatedUsage:m7g.large","RunInstances:0010","NA","Used","false","Up to 10000 Mbps","630 Mbps","NA",,"Yes",,,"NA",,,,,,,,,,,,,,,,"General Purpose",,"No","No","No","OnDemand","4",,"NA",,,"eu-central-1",,"Amazon Elastic Compute Cloud",,,,"true"
"3XQCPPS2PNZ68HBW","HU7G6KETJZ","3XQCPPS2PNZ68HBW.HU7G6KETJZ.6YS6EN2CT7","Reserved","Red Hat Enterprise Linux (Amazon VPC), m7g.large reserved instance applied","2026-09-03","0","Inf","Hrs","0.0627000000","USD",,"1yr","Partial Upfront","standard","Compute Instance","AmazonEC2","EU (Frankfurt)","AWS Region","m7g.large","Yes","General purpose","2","AWS Graviton3 Processor","2.5 GHz","8 GiB","EBS only","Up to 12500 Megabit","64-bit",,,,,,,,"Dedicated","RHEL","No License required",,,,,,,,"EUC1-DedicatedUsage:m7g.large","RunInstances:0010","NA","Used","false","Up to 10000 Mbps","630 Mbps","NA",,"Yes",,,"NA",,,,,,,,,,,,,,,,"General Purpose",,"No","No","No","OnDemand","4",,"NA",,,"eu-central-1",,"Amazon Elastic Compute Cloud",,,,"true"
"3XQCPPS2PNZ68HBW","HU7G6KETJZ","3XQCPPS2PNZ68HBW.HU7G6KETJZ.2TG2D8R56U","Reserved","Upfront Fee","2026-09-03",,,"Quantity","297","USD",,"1yr","Partial Upfront","standard","Compute Instance","AmazonEC2","EU (Frankfurt)","AWS Region","m7g.large","Yes","General purpose","2","AWS Graviton3 Processor","2.5 GHz","8 GiB","EBS only","Up to 12500 Megabit","64-bit",,,,,,,,"Dedicated","RHEL","No License required",,,,,,,,"EUC1-DedicatedUsage:m7g.large","RunInstances:0010","NA","Used","false","Up to 10000 Mbps","630 Mbps","NA",,"Yes",,,"NA",,,,,,,,,,,,,,,,"General Purpose",,"No","No","No","OnDemand","4",,"NA",,,"eu-central-1",,"Amazon Elastic Compute Cloud",,,,"true"
"3XQCPPS2PNZ68HBW","JRTCKXETXF","3XQCPPS2PNZ68HBW.JRTCKXETXF.6YS6EN2CT7","OnDemand","$0.1327 per Dedicated RHEL m7g.large Instance Hour","2026-09-01","0","Inf","Hrs","0.1327000000","USD",,,,,"Compute Instance","AmazonEC2","EU (Frankfurt)","AWS Region","m7g.large","Yes","General purpose","2","AWS Graviton3 Processor","2.5 GHz","8 GiB","EBS only","Up to 12500 Megabit","64-bit",,,,,,,,"Dedicated","RHEL","No License required",,,,,,,,"EUC1-DedicatedUsage:m7g.large","RunInstances:0010","NA","Used","false","Up to 10000 Mbps","630 Mbps","NA",,"Yes",,,"NA",,,,,,,,,,,,,,,,"General Purpose",,"No","No","No","OnDemand","4",,"NA",,,"eu-central-1",,"Amazon Elastic Compute Cloud",,,,"true"
"3XQCPPS2PNZ68HBW","MZU6U2429S","3XQCPPS2PNZ68HBW.MZU6U2429S.6YS6EN2CT7","Reserved","USD 0.0 per Red Hat Enterprise Linux (Amazon VPC), m7g.large reserved instance applied","2026-09-03","0","Inf","Hrs","0.0000000000","USD",,"3yr","All Upfront","convertible","Compute Instance","AmazonEC2","EU (Frankfurt)","AWS Region","m7g.large","Yes","General purpose","2","AWS Graviton3 Processor","2.5 GHz","8 GiB","EBS only","Up to 12500 Megabit","64-bit",,,,,,,,"Dedicated","RHEL","No License required",,,,,,,,"EUC1-DedicatedUsage:m7g.large","RunInstances:0010","NA","Used","false","Up to 10000 Mbps","630 Mbps","NA",,"Yes",,,"NA",,,,,,,,,,,,,,,,"General Purpose",,"No","No","No","OnDemand","4",,"NA",,,"eu-central-1",,"Amazon Elastic Compute Cloud",,,,"true"
"3XQCPPS2PNZ68HBW","MZU6U2429S","3XQCPPS2PNZ68HBW.MZU6U2429S.2TG2D8R56U","Reserved","Upfront Fee","2026-09-03",,,"Quantity","2131","USD",,"3yr","All Upfront","convertible","Compute Instance","AmazonEC2","EU (Frankfurt)","AWS Region","m7g.large","Yes","General purpose","2","AWS Graviton3 Processor","2.5 GHz","8 GiB","EBS only","Up to 12500 Megabit","64-bit",,,,,,,,"Dedicated","RHEL","No License required",,,,,,,,"EUC1-DedicatedUsage:m7g.large","RunInstances:0010","NA","Used","false","Up to 10000 Mbps","630 Mbps","NA",,"Yes",,,"NA",,,,,,,,,,,,,,,,"General Purpose",,"No","No","No","OnDemand","4",,"NA",,,"eu-central-1",,"Amazon Elastic Compute Cloud",,,,"true"
"3XQCPPS2PNZ68HBW","NQ3QZPMQV9","3XQCPPS2PNZ68HBW.NQ3QZPMQV9.6YS6EN2CT7","Reserved","USD 0.0 per Red Hat Enterprise Linux (Amazon VPC), m7g.large reserved instance applied","2026-09-03","0","Inf","Hrs","0.0000000000","USD",,"3yr","All Upfront","standard","Compute Instance","AmazonEC2","EU (Frankfurt)","AWS Region","m7g.large","Yes","General purpose","2","AWS Graviton3 Processor","2.5 GHz","8 GiB","EBS only","Up to 12500 Megabit","64-bit",,,,,,,,"Dedicated","RHEL","No License required",,,,,,,,"EUC1-DedicatedUsage:m7g.large","RunInstances:0010","NA","Used","false","Up to 10000 Mbps","630 Mbps","NA",,"Yes",,,"NA",,,,,,,,,,,,,,,,"General Purpose",,"No","No","No","OnDemand","4",,"NA",,,"eu-central-1",,"Amazon Elastic Compute Cloud",,,,"true"
"3XQCPPS2PNZ68HBW","NQ3QZPMQV9","3XQCPPS2PNZ68HBW.NQ3QZPMQV9.2TG2D8R56U","Reserved","Upfront Fee","2026-09-03",,,"Quantity","1933","USD",,"3yr","All Upfront","standard","Compute Instance","AmazonEC2","EU (Frankfurt)","AWS Region","m7g.large","Yes","General purpose","2","AWS Graviton3 Processor","2.5 GHz","8 GiB","EBS only","Up to 12500 Megabit","64-bit",,,,,,,,"Dedicated","RHEL","No License required",,,,,,,,"EUC1-DedicatedUsage:m7g.large","RunInstances:0010","NA","Used","false","Up to 10000 Mbps","630 Mbps","NA",,"Yes",,,"NA",,,,,,,,,,,,,,,,"General Purpose",,"No","No","No","OnDemand","4",,"NA",,,"eu-central-1",,"Amazon Elastic Compute Cloud",,,,"true"
"3XQCPPS2PNZ68HBW","R5XV2EPZQZ","3XQCPPS2PNZ68HBW.R5XV2EPZQZ.6YS6EN2CT7","Reserved","Red Hat Enterprise Linux (Amazon VPC), m7g.large reserved instance applied","2026-09-03","0","Inf","Hrs","0.0554000000","USD",,"3yr","Partial Upfront","convertible","Compute Instance","AmazonEC2","EU (Frankfurt)","AWS Region","m7g.large","Yes","General purpose","2","AWS Graviton3 Processor","2.5 GHz","8 GiB","EBS only","Up to 12500 Megabit","64-bit",,,,,,,,"Dedicated","RHEL","No License required",,,,,,,,"EUC1-DedicatedUsage:m7g.large","RunInstances:0010","NA","Used","false","Up to 10000 Mbps","630 Mbps","NA",,"Yes",,,"NA",,,,,,,,,,,,,,,,"General Purpose",,"No","No","No","OnDemand","4",,"NA",,,"eu-central-1",,"Amazon Elastic Compute Cloud",,,,"true"
"3XQCPPS2PNZ68HBW","R5XV2EPZQZ","3XQCPPS2PNZ68HBW.R5XV2EPZQZ.2TG2D8R56U","Reserved","Upfront Fee","2026-09-03",,,"Quantity","700","USD",,"3yr","Partial Upfront","convertible","Compute Instance","AmazonEC2","EU (Frankfurt)","AWS Region","m7g.large","Yes","General purpose","2","AWS Graviton3 Processor","2.5 GHz","8 GiB","EBS only","Up to 12500 Megabit","64-bit",,,,,,,,"Dedicated","RHEL","No License required",,,,,,,,"EUC1-DedicatedUsage:m7g.large","RunInstances:0010","NA","Used","false","Up to 10000 Mbps","630 Mbps","NA",,"Yes",,,"NA",,,,,,,,,,,,,,,,"General Purpose",,"No","No","No","OnDemand","4",,"NA",,,"eu-central-1",,"Amazon Elastic Compute Cloud",,,,"true"
"3XQCPPS2PNZ68HBW","VJWZNREJX2","3XQCPPS2PNZ68HBW.VJWZNREJX2.6YS6EN2CT7","Reserved","USD 0.0 per Red Hat Enterprise Linux (Amazon VPC), m7g.large reserved instance applied","2026-09-03","0","Inf","Hrs","0.0000000000","USD",,"1yr","All Upfront","convertible","Compute Instance","AmazonEC2","EU (Frankfurt)","AWS Region","m7g.large","Yes","General purpose","2","AWS Graviton3 Processor","2.5 GHz","8 GiB","EBS only","Up to 12500 Megabit","64-bit",,,,,,,,"Dedicated","RHEL","No License required",,,,,,,,"EUC1-DedicatedUsage:m7g.large","RunInstances:0010","NA","Used","false","Up to 10000 Mbps","630 Mbps","NA",,"Yes",,,"NA",,,,,,,,,,,,,,,,"General Purpose",,"No","No","No","OnDemand","4",,"NA",,,"eu-central-1",,"Amazon Elastic Compute Cloud",,,,"true"
"3XQCPPS2PNZ68HBW","VJWZNREJX2","3XQCPPS2PNZ68HBW.VJWZNREJX2.2TG2D8R56U","Reserved","Upfront Fee","2026-09-03",,,"Quantity","916","USD",,"1yr","All Upfront","convertible","Compute Instance","AmazonEC2","EU (Frankfurt)","AWS Region","m7g.large","Yes","General purpose","2","AWS Graviton3 Processor","2.5 GHz","8 GiB","EBS only","Up to 12500 Megabit","64-bit",,,,,,,,"Dedicated","RHEL","No License required",,,,,,,,"EUC1-DedicatedUsage:m7g.large","RunInstances:0010","NA","Used","false","Up to 10000 Mbps","630 Mbps","NA",,"Yes",,,"NA",,,,,,,,,,,,,,,,"General Purpose",,"No","No","No","OnDemand","4",,"NA",,,"eu-central-1",,"Amazon Elastic Compute Cloud",,,,"true"
"3XQCPPS2PNZ68HBW","Z2E3P23VKM","3XQCPPS2PNZ68HBW.Z2E3P23VKM.6YS6EN2CT7","Reserved","Red Hat Enterprise Linux (Amazon VPC), m7g.large reserved instance applied","2026-09-03","0","Inf","Hrs","0.0858000000","USD",,"3yr","No Upfront","convertible","Compute Instance","AmazonEC2","EU (Frankfurt)","AWS Region","m7g.large","Yes","General purpose","2","AWS Graviton3 Processor","2.5 GHz","8 GiB","EBS only","Up to 12500 Megabit","64-bit",,,,,,,,"Dedicated","RHEL","No License required",,,,,,,,"EUC1-DedicatedUsage:m7g.large","RunInstances:0010","NA","Used","false","Up to 10000 Mbps","630 Mbps","NA",,"Yes",,,"NA",,,,,,,,,,,,,,,,"General Purpose",,"No","No","No","OnDemand","4",,"NA",,,"eu-central-1",,"Amazon Elastic Compute Cloud",,,,"true"
"43AUDFP7M3XV6YHQ","JRTCKXETXF","43AUDFP7M3XV6YHQ.JRTCKXETXF.6YS6EN2CT7","OnDemand","$0.0952 per GB-month of General Purpose (gp3) provisioned storage - EU (Frankfurt)","2026-09-01","0","Inf","GB-Mo","0.0952000000","USD",,,,,"Storage","AmazonEC2","EU (Frankfurt)","AWS Region",,,,,,,,,,,"SSD-backed","General Purpose","64 TiB","80000",,"2000 MiB/s",,,,,,,,,,,,"EUC1-EBS:VolumeUsage.gp3","",,,,,,,,,,,,,,,,,,,,,,,,,,,,,,,,,,,,,,"eu-central-1",,"Amazon Elastic Compute Cloud",,,"gp3",
"5ZE7JH9QRM5BB75C","JRTCKXETXF","5ZE7JH9QRM5BB75C.JRTCKXETXF.6YS6EN2CT7","OnDemand","$0.00 per Reservation Red Hat Enterprise Linux with HA m7g.large Instance Hour","2026-09-01","0","Inf","Hrs","0.0000000000","USD",,,,,"Compute Instance","AmazonEC2","EU (Frankfurt)","AWS Region","m7g.large","Yes","General purpose","2","AWS Graviton3 Processor","2.5 GHz","8 GiB","EBS only","Up to 12500 Megabit","64-bit",,,,,,,,"Shared","Red Hat Enterprise Linux with HA","No License required",,,,,,,,"EUC1-Reservation:m7g.large","RunInstances:1010","NA","AllocatedCapacityReservation","false","Up to 10000 Mbps","630 Mbps","NA",,"Yes",,,"NA",,,,,,,,,,,,,,,,"General Purpose","CYKBPA6PSENYEZB4","No","No","No","OnDemand","4",,"NA",,,"eu-central-1",,"Amazon Elastic Compute Cloud",,,,"true"
"62RW22MRTVPGHY3T","JRTCKXETXF","62RW22MRTVPGHY3T.JRTCKXETXF.6YS6EN2CT7","OnDemand","$0.0978 per Unused Reservation Linux m7g.large Instance Hour","2026-09-01","0","Inf","Hrs","0.0978000000","USD",,,,,"Compute Instance","AmazonEC2","EU (Frankfurt)","AWS Region","m7g.large","Yes","General purpose","2","AWS Graviton3 Processor","2.5 GHz","8 GiB","EBS only","Up to 12500 Megabit","64-bit",,,,,,,,"Shared","Linux","No License required",,,,,,,,"EUC1-UnusedBox:m7g.large","RunInstances","NA","UnusedCapacityReservation","false","Up to 10000 Mbps","630 Mbps","NA",,"Yes",,,"NA",,,,,,,,,,,,,,,,"General Purpose","8X9A6TET3DR25ZYA","No","No","No","OnDemand","4",,"NA",,,"eu-central-1",,"Amazon Elastic Compute Cloud",,,,"true"
"6T3FERY8E5F4ER5S","38NPMPTW36","6T3FERY8E5F4ER5S.38NPMPTW36.6YS6EN2CT7","Reserved","SUSE Linux (Amazon VPC), m7g.large reserved instance applied","2026-09-03","0","Inf","Hrs","0.0349000000","USD",,"3yr","Partial Upfront","standard","Compute Instance","AmazonEC2","EU (Frankfurt)","AWS Region","m7g.large","Yes","General purpose","2","AWS Graviton3 Processor","2.5 GHz","8 GiB","EBS only","Up to 12500 Megabit","64-bit",,,,,,,,"Dedicated","SUSE","No License required",,,,,,,,"EUC1-DedicatedUsage:m7g.large","RunInstances:000g","NA","Used","false","Up to 10000 Mbps","630 Mbps","NA",,"Yes",,,"NA",,,,,,,,,,,,,,,,"General Purpose",,"No","No","No","OnDemand","4",,"NA",,,"eu-central-1",,"Amazon Elastic Compute Cloud",,,,"true"
"6T3FERY8E5F4ER5S","38NPMPTW36","6T3FERY8E5F4ER5S.38NPMPTW36.2TG2D8R56U","Reserved","Upfront Fee","2026-09-03",,,"Quantity","916","USD",,"3yr","Partial Upfront","standard","Compute Instance","AmazonEC2","EU (Frankfurt)","AWS Region","m7g.large","Yes","General purpose","2","AWS Graviton3 Processor","2.5 GHz","8 GiB","EBS only","Up to 12500 Megabit","64-bit",,,,,,,,"Dedicated","SUSE","No License required",,,,,,,,"EUC1-DedicatedUsage:m7g.large","RunInstances:000g","NA","Used","false","Up to 10000 Mbps","630 Mbps","NA",,"Yes",,,"NA",,,,,,,,,,,,,,,,"General Purpose",,"No","No","No","OnDemand","4",,"NA",,,"eu-central-1",,"Amazon Elastic Compute Cloud",,,,"true"
"6T3FERY8E5F4ER5S","4NA7Y494T4","6T3FERY8E5F4ER5S.4NA7Y494T4.6YS6EN2CT7","Reserved","SUSE Linux (Amazon VPC), m7g.large reserved instance applied","2026-09-03","0","Inf","Hrs","0.0958000000","USD",,"1yr","No Upfront","standard","Compute Instance","AmazonEC2","EU (Frankfurt)","AWS Region","m7g.large","Yes","General purpose","2","AWS Graviton3 Processor","2.5 GHz","8 GiB","EBS only","Up to 12500 Megabit","64-bit",,,,,,,,"Dedicated","SUSE","No License required",,,,,,,,"EUC1-DedicatedUsage:m7g.large","RunInstances:000g","NA","Used","false","Up to 10000 Mbps","630 Mbps","NA",,"Yes",,,"NA",,,,,,,,,,,,,,,,"General Purpose",,"No","No","No","OnDemand","4",,"NA",,,"eu-central-1",,"Amazon Elastic Compute Cloud",,,,"true"
"6T3FERY8E5F4ER5S","6QCMYABX3D","6T3FERY8E5F4ER5S.6QCMYABX3D.6YS6EN2CT7","Reserved","USD 0.0 per SUSE Linux (Amazon VPC), m7g.large reserved instance applied","2026-09-03","0","Inf","Hrs","0.0000000000","USD",,"1yr","All Upfront","standard","Compute Instance","AmazonEC2","EU (Frankfurt)","AWS Region","m7g.large","Yes","General purpose","2","AWS Graviton3 Processor","2.5 GHz","8 GiB","EBS only","Up to 12500 Megabit","64-bit",,,,,,,,"Dedicated","SUSE","No License required",,,,,,,,"EUC1-DedicatedUsage:m7g.large","RunInstances:000g","NA","Used","false","Up to 10000 Mbps","630 Mbps","NA",,"Yes",,,"NA",,,,,,,,,,,,,,,,"General Purpose",,"No","No","No","OnDemand","4",,"NA",,,"eu-central-1",,"Amazon Elastic Compute Cloud",,,,"true"
"6T3FERY8E5F4ER5S","6QCMYABX3D","6T3FERY8E5F4ER5S.6QCMYABX3D.2TG2D8R56U","Reserved","Upfront Fee","2026-09-03",,,"Quantity","802","USD",,"1yr","All Upfront","standard","Compute Instance","AmazonEC2","EU (Frankfurt)","AWS Region","m7g.large","Yes","General purpose","2","AWS Graviton3 Processor","2.5 GHz","8 GiB","EBS only","Up to 12500 Megabit","64-bit",,,,,,,,"Dedicated","SUSE","No License required",,,,,,,,"EUC1-DedicatedUsage:m7g.large","RunInstances:000g","NA","Used","false","Up to 10000 Mbps","630 Mbps","NA",,"Yes",,,"NA",,,,,,,,,,,,,,,,"General Purpose",,"No","No","No","OnDemand","4",,"NA",,,"eu-central-1",,"Amazon Elastic Compute Cloud",,,,"true"
"6T3FERY8E5F4ER5S","7NE97W5U4E","6T3FERY8E5F4ER5S.7NE97W5U4E.6YS6EN2CT7","Reserved","SUSE Linux (Amazon VPC), m7g.large reserved instance applied","2026-09-03","0","Inf","Hrs","0.1057000000","USD",,"1yr","No Upfront","convertible","Compute Instance","AmazonEC2","EU (Frankfurt)","AWS Region","m7g.large","Yes","General purpose","2","AWS Graviton3 Processor","2.5 GHz","8 GiB","EBS only","Up to 12500 Megabit","64-bit",,,,,,,,"Dedicated","SUSE","No License required",,,,,,,,"EUC1-DedicatedUsage:m7g.large","RunInstances:000g","NA","Used","false","Up to 10000 Mbps","630 Mbps","NA",,"Yes",,,"NA",,,,,,,,,,,,,,,,"General Purpose",,"No","No","No","OnDemand","4",,"NA",,,"eu-central-1",,"Amazon Elastic Compute Cloud",,,,"true"
"6T3FERY8E5F4ER5S","BPH4J8HBKS","6T3FERY8E5F4ER5S.BPH4J8HBKS.6YS6EN2CT7","Reserved","SUSE Linux (Amazon VPC), m7g.large reserved instance applied","2026-09-03","0","Inf","Hrs","0.0730000000","USD",,"3yr","No Upfront","standard","Compute Instance","AmazonEC2","EU (Frankfurt)","AWS Region","m7g.large","Yes","General purpose","2","AWS Graviton3 Processor","2.5 GHz","8 GiB","EBS only","Up to 12500 Megabit","64-bit",,,,,,,,"Dedicated","SUSE","No License required",,,,,,,,"EUC1-DedicatedUsage:m7g.large","RunInstances:000g","NA","Used","false","Up to 10000 Mbps","630 Mbps","NA",,"Yes",,,"NA",,,,,,,,,,,,,,,,"General Purpose",,"No","No","No","OnDemand","4",,"NA",,,"eu-central-1",,"Amazon Elastic Compute Cloud",,,,"true"
"6T3FERY8E5F4ER5S","CUZHX8X6JH","6T3FERY8E5F4ER5S.CUZHX8X6JH.6YS6EN2CT7","Reserved","SUSE Linux (Amazon VPC), m7g.large reserved instance applied","2026-09-03","0","Inf","Hrs","0.0511000000","USD",,"1yr","Partial Upfront","convertible","Compute Instance","AmazonEC2","EU (Frankfurt)","AWS Region","m7g.large","Yes","General purpose","2","AWS Graviton3 Processor","2.5 GHz","8 GiB","EBS only","Up to 12500 Megabit","64-bit",,,,,,,,"Dedicated","SUSE","No License required",,,,,,,,"EUC1-DedicatedUsage:m7g.large","RunInstances:000g","NA","Used","false","Up to 10000 Mbps","630 Mbps","NA",,"Yes",,,"NA",,,,,,,,,,,,,,,,"General Purpose",,"No","No","No","OnDemand","4",,"NA",,,"eu-central-1",,"Amazon Elastic Compute Cloud",,,,"true"
"6T3FERY8E5F4ER5S","CUZHX8X6JH","6T3FERY8E5F4ER5S.CUZHX8X6JH.2TG2D8R56U","Reserved","Upfront Fee","2026-09-03",,,"Quantity","447","USD",,"1yr","Partial Upfront","convertible","Compute Instance","AmazonEC2","EU (Frankfurt)","AWS Region","m7g.large","Yes","General purpose","2","AWS Graviton3 Processor","2.5 GHz","8 GiB","EBS only","Up to 12500 Megabit","64-bit",,,,,,,,"Dedicated","SUSE","No License required",,,,,,,,"EUC1-DedicatedUsage:m7g.large","RunInstances:000g","NA","Used","false","Up to 10000 Mbps","630 Mbps","NA",,"Yes",,,"NA",,,,,,,,,,,,,,,,"General Purpose",,"No","No","No","OnDemand","4",,"NA",,,"eu-central-1",,"Amazon Elastic Compute Cloud",,,,"true"
"6T3FERY8E5F4ER5S","HU7G6KETJZ","6T3FERY8E5F4ER5S.HU7G6KETJZ.6YS6EN2CT7","Reserved","SUSE Linux (Amazon VPC), m7g.large reserved instance applied","2026-09-03","0","Inf","Hrs","0.0464000000","USD",,"1yr","Partial Upfront","standard","Compute Instance","AmazonEC2","EU (Frankfurt)","AWS Region","m7g.large","Yes","General purpose","2","AWS Graviton3 Processor","2.5 GHz","8 GiB","EBS only","Up to 12500 Megabit","64-bit",,,,,,,,"Dedicated","SUSE","No License required",,,,,,,,"EUC1-DedicatedUsage:m7g.large","RunInstances:000g","NA","Used","false","Up to 10000 Mbps","630 Mbps","NA",,"Yes",,,"NA",,,,,,,,,,,,,,,,"General Purpose",,"No","No","No","OnDemand","4",,"NA",,,"eu-central-1",,"Amazon Elastic Compute Cloud",,,,"true"
"6T3FERY8E5F4ER5S","HU7G6KETJZ","6T3FERY8E5F4ER5S.HU7G6KETJZ.2TG2D8R56U","Reserved","Upfront Fee","2026-09-03",,,"Quantity","406","USD",,"1yr","Partial Upfront","standard","Compute Instance","AmazonEC2","EU (Frankfurt)","AWS Region","m7g.large","Yes","General purpose","2","AWS Graviton3 Processor","2.5 GHz","8 GiB","EBS only","Up to 12500 Megabit","64-bit",,,,,,,,"Dedicated","SUSE","No License required",,,,,,,,"EUC1-DedicatedUsage:m7g.large","RunInstances:000g","NA","Used","false","Up to 10000 Mbps","630 Mbps","NA",,"Yes",,,"NA",,,,,,,,,,,,,,,,"General Purpose",,"No","No","No","OnDemand","4",,"NA",,,"eu-central-1",,"Amazon Elastic Compute Cloud",,,,"true"
"6T3FERY8E5F4ER5S","JRTCKXETXF","6T3FERY8E5F4ER5S.JRTCKXETXF.6YS6EN2CT7","OnDemand","$0.1602 per Dedicated SUSE m7g.large Instance Hour","2026-09-01","0","Inf","Hrs","0.1602000000","USD",,,,,"Compute Instance","AmazonEC2","EU (Frankfurt)","AWS Region","m7g.large","Yes","General purpose","2","AWS Graviton3 Processor","2.5 GHz","8 GiB","EBS only","Up to 12500 Megabit","64-bit",,,,,,,,"Dedicated","SUSE","No License required",,,,,,,,"EUC1-DedicatedUsage:m7g.large","RunInstances:000g","NA","Used","false","Up to 10000 Mbps","630 Mbps","NA",,"Yes",,,"NA",,,,,,,,,,,,,,,,"General Purpose",,"No","No","No","OnDemand","4",,"NA",,,"eu-central-1",,"Amazon Elastic Compute Cloud",,,,"true"
"6T3FERY8E5F4ER5S","MZU6U2429S","6T3FERY8E5F4ER5S.MZU6U2429S.6YS6EN2CT7","Reserved","USD 0.0 per SUSE Linux (Amazon VPC), m7g.large reserved instance applied","2026-09-03","0","Inf","Hrs","0.0000000000","USD",,"3yr","All Upfront","convertible","Compute Instance","AmazonEC2","EU (Frankfurt)","AWS Region","m7g.large","Yes","General purpose","2","AWS Graviton3 Processor","2.5 GHz","8 GiB","EBS only","Up to 12500 Megabit","64-bit",,,,,,,,"Dedicated","SUSE","No License required",,,,,,,,"EUC1-DedicatedUsage:m7g.large","RunInstances:000g","NA","Used","false","Up to 10000 Mbps","630 Mbps","NA",,"Yes",,,"NA",,,,,,,,,,,,,,,,"General Purpose",,"No","No","No","OnDemand","4",,"NA",,,"eu-central-1",,"Amazon Elastic Compute Cloud",,,,"true"
"6T3FERY8E5F4ER5S","MZU6U2429S","6T3FERY8E5F4ER5S.MZU6U2429S.2TG2D8R56U","Reserved","Upfront Fee","2026-09-03",,,"Quantity","1966","USD",,"3yr","All Upfront","convertible","Compute Instance","AmazonEC2","EU (Frankfurt)","AWS Region","m7g.large","Yes","General purpose","2","AWS Graviton3 Processor","2.5 GHz","8 GiB","EBS only","Up to 12500 Megabit","64-bit",,,,,,,,"Dedicated","SUSE","No License required",,,,,,,,"EUC1-DedicatedUsage:m7g.large","RunInstances:000g","NA","Used","false","Up to 10000 Mbps","630 Mbps","NA",,"Yes",,,"NA",,,,,,,,,,,,,,,,"General Purpose",,"No","No","No","OnDemand","4",,"NA",,,"eu-central-1",,"Amazon Elastic Compute Cloud",,,,"true"
"6T3FERY8E5F4ER5S","NQ3QZPMQV9","6T3FERY8E5F4ER5S.NQ3QZPMQV9.6YS6EN2CT7","Reserved","USD 0.0 per SUSE Linux (Amazon VPC), m7g.large reserved instance applied","2026-09-03","0","Inf","Hrs","0.0000000000","USD",,"3yr","All Upfront","standard","Compute Instance","AmazonEC2","EU (Frankfurt)","AWS Region","m7g.large","Yes","General purpose","2","AWS Graviton3 Processor","2.5 GHz","8 GiB","EBS only","Up to 12500 Megabit","64-bit",,,,,,,,"Dedicated","SUSE","No License required",,,,,,,,"EUC1-DedicatedUsage:m7g.large","RunInstances:000g","NA","Used","false","Up to 10000 Mbps","630 Mbps","NA",,"Yes",,,"NA",,,,,,,,,,,,,,,,"General Purpose",,"No","No","No","OnDemand","4",,"NA",,,"eu-central-1",,"Amazon Elastic Compute Cloud",,,,"true"
"6T3FERY8E5F4ER5S","NQ3QZPMQV9","6T3FERY8E5F4ER5S.NQ3QZPMQV9.2TG2D8R56U","Reserved","Upfront Fee","2026-09-03",,,"Quantity","1767","USD",,"3yr","All Upfront","standard","Compute Instance","AmazonEC2","EU (Frankfurt)","AWS Region","m7g.large","Yes","General purpose","2","AWS Graviton3 Processor","2.5 GHz","8 GiB","EBS only","Up to 12500 Megabit","64-bit",,,,,,,,"Dedicated","SUSE","No License required",,,,,,,,"EUC1-DedicatedUsage:m7g.large","RunInstances:000g","NA","Used","false","Up to 10000 Mbps","630 Mbps","NA",,"Yes",,,"NA",,,,,,,,,,,,,,,,"General Purpose",,"No","No","No","OnDemand","4",,"NA",,,"eu-central-1",,"Amazon Elastic Compute Cloud",,,,"true"
"6T3FERY8E5F4ER5S","R5XV2EPZQZ","6T3FERY8E5F4ER5S.R5XV2EPZQZ.6YS6EN2CT7","Reserved","SUSE Linux (Amazon VPC), m7g.large reserved instance applied","2026-09-03","0","Inf","Hrs","0.0379000000","USD",,"3yr","Partial Upfront","convertible","Compute Instance","AmazonEC2","EU (Frankfurt)","AWS Region","m7g.large","Yes","General purpose","2","AWS Graviton3 Processor","2.5 GHz","8 GiB","EBS only","Up to 12500 Megabit","64-bit",,,,,,,,"Dedicated","SUSE","No License required",,,,,,,,"EUC1-DedicatedUsage:m7g.large","RunInstances:000g","NA","Used","false","Up to 10000 Mbps","630 Mbps","NA",,"Yes",,,"NA",,,,,,,,,,,,,,,,"General Purpose",,"No","No","No","OnDemand","4",,"NA",,,"eu-central-1",,"Amazon Elastic Compute Cloud",,,,"true"
"6T3FERY8E5F4ER5S","R5XV2EPZQZ","6T3FERY8E5F4ER5S.R5XV2EPZQZ.2TG2D8R56U","Reserved","Upfront Fee","2026-09-03",,,"Quantity","995","USD",,"3yr","Partial Upfront","convertible","Compute Instance","AmazonEC2","EU (Frankfurt)","AWS Region","m7g.large","Yes","General purpose","2","AWS Graviton3 Processor","2.5 GHz","8 GiB","EBS only","Up to 12500 Megabit","64-bit",,,,,,,,"Dedicated","SUSE","No License required",,,,,,,,"EUC1-DedicatedUsage:m7g.large","RunInstances:000g","NA","Used","false","Up to 10000 Mbps","630 Mbps","NA",,"Yes",,,"NA",,,,,,,,,,,,,,,,"General Purpose",,"No","No","No","OnDemand","4",,"NA",,,"eu-central-1",,"Amazon Elastic Compute Cloud",,,,"true"
"6T3FERY8E5F4ER5S","VJWZNREJX2","6T3FERY8E5F4ER5S.VJWZNREJX2.6YS6EN2CT7","Reserved","USD 0.0 per SUSE Linux (Amazon VPC), m7g.large reserved instance applied","2026-09-03","0","Inf","Hrs","0.0000000000","USD",,"1yr","All Upfront","convertible","Compute Instance","AmazonEC2","EU (Frankfurt)","AWS Region","m7g.large","Yes","General purpose","2","AWS Graviton3 Processor","2.5 GHz","8 GiB","EBS only","Up to 12500 Megabit","64-bit",,,,,,,,"Dedicated","SUSE","No License required",,,,,,,,"EUC1-DedicatedUsage:m7g.large","RunInstances:000g","NA","Used","false","Up to 10000 Mbps","630 Mbps","NA",,"Yes",,,"NA",,,,,,,,,,,,,,,,"General Purpose",,"No","No","No","OnDemand","4",,"NA",,,"eu-central-1",,"Amazon Elastic Compute Cloud",,,,"true"
"6T3FERY8E5F4ER5S","VJWZNREJX2","6T3FERY8E5F4ER5S.VJWZNREJX2.2TG2D8R56U","Reserved","Upfront Fee","2026-09-03",,,"Quantity","882","USD",,"1yr","All Upfront","convertible","Compute Instance","AmazonEC2","EU (Frankfurt)","AWS Region","m7g.large","Yes","General purpose","2","AWS Graviton3 Processor","2.5 GHz","8 GiB","EBS only","Up to 12500 Megabit","64-bit",,,,,,,,"Dedicated","SUSE","No License required",,,,,,,,"EUC1-DedicatedUsage:m7g.large","RunInstances:000g","NA","Used","false","Up to 10000 Mbps","630 Mbps","NA",,"Yes",,,"NA",,,,,,,,,,,,,,,,"General Purpose",,"No","No","No","OnDemand","4",,"NA",,,"eu-central-1",,"Amazon Elastic Compute Cloud",,,,"true"
"6T3FERY8E5F4ER5S","Z2E3P23VKM","6T3FERY8E5F4ER5S.Z2E3P23VKM.6YS6EN2CT7","Reserved","SUSE Linux (Amazon VPC), m7g.large reserved instance applied","2026-09-03","0","Inf","Hrs","0.0795000000","USD",,"3yr","No Upfront","convertible","Compute Instance","AmazonEC2","EU (Frankfurt)","AWS Region","m7g.large","Yes","General purpose","2","AWS Graviton3 Processor","2.5 GHz","8 GiB","EBS only","Up to 12500 Megabit","64-bit",,,,,,,,"Dedicated","SUSE","No License required",,,,,,,,"EUC1-DedicatedUsage:m7g.large","RunInstances:000g","NA","Used","false","Up to 10000 Mbps","630 Mbps","NA",,"Yes",,,"NA",,,,,,,,,,,,,,,,"General Purpose",,"No","No","No","OnDemand","4",,"NA",,,"eu-central-1",,"Amazon Elastic Compute Cloud",,,,"true"
"897QVYQGJEDHFGCB","JRTCKXETXF","897QVYQGJEDHFGCB.JRTCKXETXF.6YS6EN2CT7","OnDemand","$0.00 per Dedicated Reservation Red Hat Enterprise Linux with HA m7g.large Instance Hour","2026-09-01","0","Inf","Hrs","0.0000000000","USD",,,,,"Compute Instance","AmazonEC2","EU (Frankfurt)","AWS Region","m7g.large","Yes","General purpose","2","AWS Graviton3 Processor","2.5 GHz","8 GiB","EBS only","Up to 12500 Megabit","64-bit",,,,,,,,"Dedicated","Red Hat Enterprise Linux with HA","No License required",,,,,,,,"EUC1-DedicatedRes:m7g.large","RunInstances:1010","NA","AllocatedCapacityReservation","false","Up to 10000 Mbps","630 Mbps","NA",,"Yes",,,"NA",,,,,,,,,,,,,,,,"General Purpose","CFPNYS3TTZY429TS","No","No","No","OnDemand","4",,"NA",,,"eu-central-1",,"Amazon Elastic Compute Cloud",,,,"true"
"8HY26QC3NR7AXNN3","JRTCKXETXF","8HY26QC3NR7AXNN3.JRTCKXETXF.6YS6EN2CT7","OnDemand","$0.1616 per Unused Reservation Red Hat Enterprise Linux with HA m7g.large Instance Hour","2026-09-01","0","Inf","Hrs","0.1616000000","USD",,,,,"Compute Instance","AmazonEC2","EU (Frankfurt)","AWS Region","m7g.large","Yes","General purpose","2","AWS Graviton3 Processor","2.5 GHz","8 GiB","EBS only","Up to 12500 Megabit","64-bit",,,,,,,,"Shared","Red Hat Enterprise Linux with HA","No License required",,,,,,,,"EUC1-UnusedBox:m7g.large","RunInstances:1010","NA","UnusedCapacityReservation","false","Up to 10000 Mbps","630 Mbps","NA",,"Yes",,,"NA",,,,,,,,,,,,,,,,"General Purpose","CYKBPA6PSENYEZB4","No","No","No","OnDemand","4",,"NA",,,"eu-central-1",,"Amazon Elastic Compute Cloud",,,,"true"
"8KYFCRH9CCFN4QJH","JRTCKXETXF","8KYFCRH9CCFN4QJH.JRTCKXETXF.6YS6EN2CT7","OnDemand","$0.1327 per Dedicated Unused Reservation RHEL m7g.large Instance Hour","2026-09-01","0","Inf","Hrs","0.1327000000","USD",,,,,"Compute Instance","AmazonEC2","EU (Frankfurt)","AWS Region","m7g.large","Yes","General purpose","2","AWS Graviton3 Processor","2.5 GHz","8 GiB","EBS only","Up to 12500 Megabit","64-bit",,,,,,,,"Dedicated","RHEL","No License required",,,,,,,,"EUC1-UnusedDed:m7g.large","RunInstances:0010","NA","UnusedCapacityReservation","false","Up to 10000 Mbps","630 Mbps","NA",,"Yes",,,"NA",,,,,,,,,,,,,,,,"General Purpose","3XQCPPS2PNZ68HBW","No","No","No","OnDemand","4",,"NA",,,"eu-central-1",,"Amazon Elastic Compute Cloud",,,,"true"
"8X9A6TET3DR25ZYA","38NPMPTW36","8X9A6TET3DR25ZYA.38NPMPTW36.6YS6EN2CT7","Reserved","Linux/UNIX (Amazon VPC), m7g.large reserved instance applied","2026-09-03","0","Inf","Hrs","0.0205000000","USD",,"3yr","Partial Upfront","standard","Compute Instance","AmazonEC2","EU (Frankfurt)","AWS Region","m7g.large","Yes","General purpose","2","AWS Graviton3 Processor","2.5 GHz","8 GiB","EBS only","Up to 12500 Megabit","64-bit",,,,,,,,"Shared","Linux","No License required",,,,,,,,"EUC1-BoxUsage:m7g.large","RunInstances","NA","Used","false","Up to 10000 Mbps","630 Mbps","NA",,"Yes",,,"NA",,,,,,,,,,,,,,,,"General Purpose",,"No","No","No","OnDemand","4",,"NA",,,"eu-central-1",,"Amazon Elastic Compute Cloud",,,,"true"
"8X9A6TET3DR25ZYA","38NPMPTW36","8X9A6TET3DR25ZYA.38NPMPTW36.2TG2D8R56U","Reserved","Upfront Fee","2026-09-03",,,"Quantity","540","USD",,"3yr","Partial Upfront","standard","Compute Instance","AmazonEC2","EU (Frankfurt)","AWS Region","m7g.large","Yes","General purpose","2","AWS Graviton3 Processor","2.5 GHz","8 GiB","EBS only","Up to 12500 Megabit","64-bit",,,,,,,,"Shared","Linux","No License required",,,,,,,,"EUC1-BoxUsage:m7g.large","RunInstances","NA","Used","false","Up to 10000 Mbps","630 Mbps","NA",,"Yes",,,"NA",,,,,,,,,,,,,,,,"General Purpose",,"No","No","No","OnDemand","4",,"NA",,,"eu-central-1",,"Amazon Elastic Compute Cloud",,,,"true"
"8X9A6TET3DR25ZYA","4NA7Y494T4","8X9A6TET3DR25ZYA.4NA7Y494T4.6YS6EN2CT7","Reserved","Linux/UNIX (Amazon VPC), m7g.large reserved instance applied","2026-09-03","0","Inf","Hrs","0.0647000000","USD",,"1yr","No Upfront","standard","Compute Instance","AmazonEC2","EU (Frankfurt)","AWS Region","m7g.large","Yes","General purpose","2","AWS Graviton3 Processor","2.5 GHz","8 GiB","EBS only","Up to 12500 Megabit","64-bit",,,,,,,,"Shared","Linux","No License required",,,,,,,,"EUC1-BoxUsage:m7g.large","RunInstances","NA","Used","false","Up to 10000 Mbps","630 Mbps","NA",,"Yes",,,"NA",,,,,,,,,,,,,,,,"General Purpose",,"No","No","No","OnDemand","4",,"NA",,,"eu-central-1",,"Amazon Elastic Compute Cloud",,,,"true"
"8X9A6TET3DR25ZYA","6QCMYABX3D","8X9A6TET3DR25ZYA.6QCMYABX3D.6YS6EN2CT7","Reserved","USD 0.0 per Linux/UNIX (Amazon VPC), m7g.large reserved instance applied","2026-09-03","0","Inf","Hrs","0.0000000000","USD",,"1yr","All Upfront","standard","Compute Instance","AmazonEC2","EU (Frankfurt)","AWS Region","m7g.large","Yes","General purpose","2","AWS Graviton3 Processor","2.5 GHz","8 GiB","EBS only","Up to 12500 Megabit","64-bit",,,,,,,,"Shared","Linux","No License required",,,,,,,,"EUC1-BoxUsage:m7g.large","RunInstances","NA","Used","false","Up to 10000 Mbps","630 Mbps","NA",,"Yes",,,"NA",,,,,,,,,,,,,,,,"General Purpose",,"No","No","No","OnDemand","4",,"NA",,,"eu-central-1",,"Amazon Elastic Compute Cloud",,,,"true"
"8X9A6TET3DR25ZYA","6QCMYABX3D","8X9A6TET3DR25ZYA.6QCMYABX3D.2TG2D8R56U","Reserved","Upfront Fee","2026-09-03",,,"Quantity","529","USD",,"1yr","All Upfront","standard","Compute Instance","AmazonEC2","EU (Frankfurt)","AWS Region","m7g.large","Yes","General purpose","2","AWS Graviton3 Processor","2.5 GHz","8 GiB","EBS only","Up to 12500 Megabit","64-bit",,,,,,,,"Shared","Linux","No License required",,,,,,,,"EUC1-BoxUsage:m7g.large","RunInstances","NA","Used","false","Up to 10000 Mbps","630 Mbps","NA",,"Yes",,,"NA",,,,,,,,,,,,,,,,"General Purpose",,"No","No","No","OnDemand","4",,"NA",,,"eu-central-1",,"Amazon Elastic Compute Cloud",,,,"true"
"8X9A6TET3DR25ZYA","7NE97W5U4E","8X9A6TET3DR25ZYA.7NE97W5U4E.6YS6EN2CT7","Reserved","Linux/UNIX (Amazon VPC), m7g.large reserved instance applied","2026-09-03","0","Inf","Hrs","0.0745000000","USD",,"1yr","No Upfront","convertible","Compute Instance","AmazonEC2","EU (Frankfurt)","AWS Region","m7g.large","Yes","General purpose","2","AWS Graviton3 Processor","2.5 GHz","8 GiB","EBS only","Up to 12500 Megabit","64-bit",,,,,,,,"Shared","Linux","No License required",,,,,,,,"EUC1-BoxUsage:m7g.large","RunInstances","NA","Used","false","Up to 10000 Mbps","630 Mbps","NA",,"Yes",,,"NA",,,,,,,,,,,,,,,,"General Purpose",,"No","No","No","OnDemand","4",,"NA",,,"eu-central-1",,"Amazon Elastic Compute Cloud",,,,"true"
"8X9A6TET3DR25ZYA","BPH4J8HBKS","8X9A6TET3DR25ZYA.BPH4J8HBKS.6YS6EN2CT7","Reserved","Linux/UNIX (Amazon VPC), m7g.large reserved instance applied","2026-09-03","0","Inf","Hrs","0.0443000000","USD",,"3yr","No Upfront","standard","Compute Instance","AmazonEC2","EU (Frankfurt)","AWS Region","m7g.large","Yes","General purpose","2","AWS Graviton3 Processor","2.5 GHz","8 GiB","EBS only","Up to 12500 Megabit","64-bit",,,,,,,,"Shared","Linux","No License required",,,,,,,,"EUC1-BoxUsage:m7g.large","RunInstances","NA","Used","false","Up to 10000 Mbps","630 Mbps","NA",,"Yes",,,"NA",,,,,,,,,,,,,,,,"General Purpose",,"No","No","No","OnDemand","4",,"NA",,,"eu-central-1",,"Amazon Elastic Compute Cloud",,,,"true"
"8X9A6TET3DR25ZYA","CUZHX8X6JH","8X9A6TET3DR25ZYA.CUZHX8X6JH.6YS6EN2CT7","Reserved","Linux/UNIX (Amazon VPC), m7g.large reserved instance applied","2026-09-03","0","Inf","Hrs","0.0355000000","USD",,"1yr","Partial Upfront","convertible","Compute Instance","AmazonEC2","EU (Frankfurt)","AWS Region","m7g.large","Yes","General purpose","2","AWS Graviton3 Processor","2.5 GHz","8 GiB","EBS only","Up to 12500 Megabit","64-bit",,,,,,,,"Shared","Linux","No License required",,,,,,,,"EUC1-BoxUsage:m7g.large","RunInstances","NA","Used","false","Up to 10000 Mbps","630 Mbps","NA",,"Yes",,,"NA",,,,,,,,,,,,,,,,"General Purpose",,"No","No","No","OnDemand","4",,"NA",,,"eu-central-1",,"Amazon Elastic Compute Cloud",,,,"true"
"8X9A6TET3DR25ZYA","CUZHX8X6JH","8X9A6TET3DR25ZYA.CUZHX8X6JH.2TG2D8R56U","Reserved","Upfront Fee","2026-09-03",,,"Quantity","311","USD",,"1yr","Partial Upfront","convertible","Compute Instance","AmazonEC2","EU (Frankfurt)","AWS Region","m7g.large","Yes","General purpose","2","AWS Graviton3 Processor","2.5 GHz","8 GiB","EBS only","Up to 12500 Megabit","64-bit",,,,,,,,"Shared","Linux","No License required",,,,,,,,"EUC1-BoxUsage:m7g.large","RunInstances","NA","Used","false","Up to 10000 Mbps","630 Mbps","NA",,"Yes",,,"NA",,,,,,,,,,,,,,,,"General Purpose",,"No","No","No","OnDemand","4",,"NA",,,"eu-central-1",,"Amazon Elastic Compute Cloud",,,,"true"
"8X9A6TET3DR25ZYA","HU7G6KETJZ","8X9A6TET3DR25ZYA.HU7G6KETJZ.6YS6EN2CT7","Reserved","Linux/UNIX (Amazon VPC), m7g.large reserved instance applied","2026-09-03","0","Inf","Hrs","0.0308000000","USD",,"1yr","Partial Upfront","standard","Compute Instance","AmazonEC2","EU (Frankfurt)","AWS Region","m7g.large","Yes","General purpose","2","AWS Graviton3 Processor","2.5 GHz","8 GiB","EBS only","Up to 12500 Megabit","64-bit",,,,,,,,"Shared","Linux","No License required",,,,,,,,"EUC1-BoxUsage:m7g.large","RunInstances","NA","Used","false","Up to 10000 Mbps","630 Mbps","NA",,"Yes",,,"NA",,,,,,,,,,,,,,,,"General Purpose",,"No","No","No","OnDemand","4",,"NA",,,"eu-central-1",,"Amazon Elastic Compute Cloud",,,,"true"
"8X9A6TET3DR25ZYA","HU7G6KETJZ","8X9A6TET3DR25ZYA.HU7G6KETJZ.2TG2D8R56U","Reserved","Upfront Fee","2026-09-03",,,"Quantity","270","USD",,"1yr","Partial Upfront","standard","Compute Instance","AmazonEC2","EU (Frankfurt)","AWS Region","m7g.large","Yes","General purpose","2","AWS Graviton3 Processor","2.5 GHz","8 GiB","EBS only","Up to 12500 Megabit","64-bit",,,,,,,,"Shared","Linux","No License required",,,,,,,,"EUC1-BoxUsage:m7g.large","RunInstances","NA","Used","false","Up to 10000 Mbps","630 Mbps","NA",,"Yes",,,"NA",,,,,,,,,,,,,,,,"General Purpose",,"No","No","No","OnDemand","4",,"NA",,,"eu-central-1",,"Amazon Elastic Compute Cloud",,,,"true"
"8X9A6TET3DR25ZYA","JRTCKXETXF","8X9A6TET3DR25ZYA.JRTCKXETXF.6YS6EN2CT7","OnDemand","$0.0978 per On Demand Linux m7g.large Instance Hour","2026-09-01","0","Inf","Hrs","0.0978000000","USD",,,,,"Compute Instance","AmazonEC2","EU (Frankfurt)","AWS Region","m7g.large","Yes","General purpose","2","AWS Graviton3 Processor","2.5 GHz","8 GiB","EBS only","Up to 12500 Megabit","64-bit",,,,,,,,"Shared","Linux","No License required",,,,,,,,"EUC1-BoxUsage:m7g.large","RunInstances","NA","Used","false","Up to 10000 Mbps","630 Mbps","NA",,"Yes",,,"NA",,,,,,,,,,,,,,,,"General Purpose",,"No","No","No","OnDemand","4",,"NA",,,"eu-central-1",,"Amazon Elastic Compute Cloud",,,,"true"
"8X9A6TET3DR25ZYA","MZU6U2429S","8X9A6TET3DR25ZYA.MZU6U2429S.6YS6EN2CT7","Reserved","USD 0.0 per Linux/UNIX (Amazon VPC), m7g.large reserved instance applied","2026-09-03","0","Inf","Hrs","0.0000000000","USD",,"3yr","All Upfront","convertible","Compute Instance","AmazonEC2","EU (Frankfurt)","AWS Region","m7g.large","Yes","General purpose","2","AWS Graviton3 Processor","2.5 GHz","8 GiB","EBS only","Up to 12500 Megabit","64-bit",,,,,,,,"Shared","Linux","No License required",,,,,,,,"EUC1-BoxUsage:m7g.large","RunInstances","NA","Used","false","Up to 10000 Mbps","630 Mbps","NA",,"Yes",,,"NA",,,,,,,,,,,,,,,,"General Purpose",,"No","No","No","OnDemand","4",,"NA",,,"eu-central-1",,"Amazon Elastic Compute Cloud",,,,"true"
"8X9A6TET3DR25ZYA","MZU6U2429S","8X9A6TET3DR25ZYA.MZU6U2429S.2TG2D8R56U","Reserved","Upfront Fee","2026-09-03",,,"Quantity","1213","USD",,"3yr","All Upfront","convertible","Compute Instance","AmazonEC2","EU (Frankfurt)","AWS Region","m7g.large","Yes","General purpose","2","AWS Graviton3 Processor","2.5 GHz","8 GiB","EBS only","Up to 12500 Megabit","64-bit",,,,,,,,"Shared","Linux","No License required",,,,,,,,"EUC1-BoxUsage:m7g.large","RunInstances","NA","Used","false","Up to 10000 Mbps","630 Mbps","NA",,"Yes",,,"NA",,,,,,,,,,,,,,,,"General Purpose",,"No","No","No","OnDemand","4",,"NA",,,"eu-central-1",,"Amazon Elastic Compute Cloud",,,,"true"
"8X9A6TET3DR25ZYA","NQ3QZPMQV9","8X9A6TET3DR25ZYA.NQ3QZPMQV9.6YS6EN2CT7","Reserved","USD 0.0 per Linux/UNIX (Amazon VPC), m7g.large reserved instance applied","2026-09-03","0","Inf","Hrs","0.0000000000","USD",,"3yr","All Upfront","standard","Compute Instance","AmazonEC2","EU (Frankfurt)","AWS Region","m7g.large","Yes","General purpose","2","AWS Graviton3 Processor","2.5 GHz","8 GiB","EBS only","Up to 12500 Megabit","64-bit",,,,,,,,"Shared","Linux","No License required",,,,,,,,"EUC1-BoxUsage:m7g.large","RunInstances","NA","Used","false","Up to 10000 Mbps","630 Mbps","NA",,"Yes",,,"NA",,,,,,,,,,,,,,,,"General Purpose",,"No","No","No","OnDemand","4",,"NA",,,"eu-central-1",,"Amazon Elastic Compute Cloud",,,,"true"
"8X9A6TET3DR25ZYA","NQ3QZPMQV9","8X9A6TET3DR25ZYA.NQ3QZPMQV9.2TG2D8R56U","Reserved","Upfront Fee","2026-09-03",,,"Quantity","1014","USD",,"3yr","All Upfront","standard","Compute Instance","AmazonEC2","EU (Frankfurt)","AWS Region","m7g.large","Yes","General purpose","2","AWS Graviton3 Processor","2.5 GHz","8 GiB","EBS only","Up to 12500 Megabit","64-bit",,,,,,,,"Shared","Linux","No License required",,,,,,,,"EUC1-BoxUsage:m7g.large","RunInstances","NA","Used","false","Up to 10000 Mbps","630 Mbps","NA",,"Yes",,,"NA",,,,,,,,,,,,,,,,"General Purpose",,"No","No","No","OnDemand","4",,"NA",,,"eu-central-1",,"Amazon Elastic Compute Cloud",,,,"true"
"8X9A6TET3DR25ZYA","R5XV2EPZQZ","8X9A6TET3DR25ZYA.R5XV2EPZQZ.6YS6EN2CT7","Reserved","Linux/UNIX (Amazon VPC), m7g.large reserved instance applied","2026-09-03","0","Inf","Hrs","0.0235000000","USD",,"3yr","Partial Upfront","convertible","Compute Instance","AmazonEC2","EU (Frankfurt)","AWS Region","m7g.large","Yes","General purpose","2","AWS Graviton3 Processor","2.5 GHz","8 GiB","EBS only","Up to 12500 Megabit","64-bit",,,,,,,,"Shared","Linux","No License required",,,,,,,,"EUC1-BoxUsage:m7g.large","RunInstances","NA","Used","false","Up to 10000 Mbps","630 Mbps","NA",,"Yes",,,"NA",,,,,,,,,,,,,,,,"General Purpose",,"No","No","No","OnDemand","4",,"NA",,,"eu-central-1",,"Amazon Elastic Compute Cloud",,,,"true"
"8X9A6TET3DR25ZYA","R5XV2EPZQZ","8X9A6TET3DR25ZYA.R5XV2EPZQZ.2TG2D8R56U","Reserved","Upfront Fee","2026-09-03",,,"Quantity","619","USD",,"3yr","Partial Upfront","convertible","Compute Instance","AmazonEC2","EU (Frankfurt)","AWS Region","m7g.large","Yes","General purpose","2","AWS Graviton3 Processor","2.5 GHz","8 GiB","EBS only","Up to 12500 Megabit","64-bit",,,,,,,,"Shared","Linux","No License required",,,,,,,,"EUC1-BoxUsage:m7g.large","RunInstances","NA","Used","false","Up to 10000 Mbps","630 Mbps","NA",,"Yes",,,"NA",,,,,,,,,,,,,,,,"General Purpose",,"No","No","No","OnDemand","4",,"NA",,,"eu-central-1",,"Amazon Elastic Compute Cloud",,,,"true"
"8X9A6TET3DR25ZYA","VJWZNREJX2","8X9A6TET3DR25ZYA.VJWZNREJX2.6YS6EN2CT7","Reserved","USD 0.0 per Linux/UNIX (Amazon VPC), m7g.large reserved instance applied","2026-09-03","0","Inf","Hrs","0.0000000000","USD",,"1yr","All Upfront","convertible","Compute Instance","AmazonEC2","EU (Frankfurt)","AWS Region","m7g.large","Yes","General purpose","2","AWS Graviton3 Processor","2.5 GHz","8 GiB","EBS only","Up to 12500 Megabit","64-bit",,,,,,,,"Shared","Linux","No License required",,,,,,,,"EUC1-BoxUsage:m7g.large","RunInstances","NA","Used","false","Up to 10000 Mbps","630 Mbps","NA",,"Yes",,,"NA",,,,,,,,,,,,,,,,"General Purpose",,"No","No","No","OnDemand","4",,"NA",,,"eu-central-1",,"Amazon Elastic Compute Cloud",,,,"true"
"8X9A6TET3DR25ZYA","VJWZNREJX2","8X9A6TET3DR25ZYA.VJWZNREJX2.2TG2D8R56U","Reserved","Upfront Fee","2026-09-03",,,"Quantity","609","USD",,"1yr","All Upfront","convertible","Compute Instance","AmazonEC2","EU (Frankfurt)","AWS Region","m7g.large","Yes","General purpose","2","AWS Graviton3 Processor","2.5 GHz","8 GiB","EBS only","Up to 12500 Megabit","64-bit",,,,,,,,"Shared","Linux","No License required",,,,,,,,"EUC1-BoxUsage:m7g.large","RunInstances","NA","Used","false","Up to 10000 Mbps","630 Mbps","NA",,"Yes",,,"NA",,,,,,,,,,,,,,,,"General Purpose",,"No","No","No","OnDemand","4",,"NA",,,"eu-central-1",,"Amazon Elastic Compute Cloud",,,,"true"
"8X9A6TET3DR25ZYA","Z2E3P23VKM","8X9A6TET3DR25ZYA.Z2E3P23VKM.6YS6EN2CT7","Reserved","Linux/UNIX (Amazon VPC), m7g.large reserved instance applied","2026-09-03","0","Inf","Hrs","0.0508000000","USD",,"3yr","No Upfront","convertible","Compute Instance","AmazonEC2","EU (Frankfurt)","AWS Region","m7g.large","Yes","General purpose","2","AWS Graviton3 Processor","2.5 GHz","8 GiB","EBS only","Up to 12500 Megabit","64-bit",,,,,,,,"Shared","Linux","No License required",,,,,,,,"EUC1-BoxUsage:m7g.large","RunInstances","NA","Used","false","Up to 10000 Mbps","630 Mbps","NA",,"Yes",,,"NA",,,,,,,,,,,,,,,,"General Purpose",,"No","No","No","OnDemand","4",,"NA",,,"eu-central-1",,"Amazon Elastic Compute Cloud",,,,"true"
"AD584J85EZP6AKYC","JRTCKXETXF","AD584J85EZP6AKYC.JRTCKXETXF.6YS6EN2CT7","OnDemand","$0.1266 per Unused Reservation RHEL m7g.large Instance Hour","2026-09-01","0","Inf","Hrs","0.1266000000","USD",,,,,"Compute Instance","AmazonEC2","EU (Frankfurt)","AWS Region","m7g.large","Yes","General purpose","2","AWS Graviton3 Processor","2.5 GHz","8 GiB","EBS only","Up to 12500 Megabit","64-bit",,,,,,,,"Shared","RHEL","No License required",,,,,,,,"EUC1-UnusedBox:m7g.large","RunInstances:0010","NA","UnusedCapacityReservation","false","Up to 10000 Mbps","630 Mbps","NA",,"Yes",,,"NA",,,,,,,,,,,,,,,,"General Purpose","D5E7SGDAA33U5F9A","No","No","No","OnDemand","4",,"NA",,,"eu-central-1",,"Amazon Elastic Compute Cloud",,,,"true"
"CFPNYS3TTZY429TS","38NPMPTW36","CFPNYS3TTZY429TS.38NPMPTW36.6YS6EN2CT7","Reserved","Red Hat Enterprise Linux with HA (Amazon VPC), m7g.large reserved instance applied","2026-09-03","0","Inf","Hrs","0.0555000000","USD",,"3yr","Partial Upfront","standard","Compute Instance","AmazonEC2","EU (Frankfurt)","AWS Region","m7g.large","Yes","General purpose","2","AWS Graviton3 Processor","2.5 GHz","8 GiB","EBS only","Up to 12500 Megabit","64-bit",,,,,,,,"Dedicated","Red Hat Enterprise Linux with HA","No License required",,,,,,,,"EUC1-DedicatedUsage:m7g.large","RunInstances:1010","NA","Used","false","Up to 10000 Mbps","630 Mbps","NA",,"Yes",,,"NA",,,,,,,,,,,,,,,,"General Purpose",,"No","No","No","OnDemand","4",,"NA",,,"eu-central-1",,"Amazon Elastic Compute Cloud",,,,"true"
"CFPNYS3TTZY429TS","38NPMPTW36","CFPNYS3TTZY429TS.38NPMPTW36.2TG2D8R56U","Reserved","Upfront Fee","2026-09-03",,,"Quantity","1459","USD",,"3yr","Partial Upfront","standard","Compute Instance","AmazonEC2","EU (Frankfurt)","AWS Region","m7g.large","Yes","General purpose","2","AWS Graviton3 Processor","2.5 GHz","8 GiB","EBS only","Up to 12500 Megabit","64-bit",,,,,,,,"Dedicated","Red Hat Enterprise Linux with HA","No License required",,,,,,,,"EUC1-DedicatedUsage:m7g.large","RunInstances:1010","NA","Used","false","Up to 10000 Mbps","630 Mbps","NA",,"Yes",,,"NA",,,,,,,,,,,,,,,,"General Purpose",,"No","No","No","OnDemand","4",,"NA",,,"eu-central-1",,"Amazon Elastic Compute Cloud",,,,"true"
"CFPNYS3TTZY429TS","4NA7Y494T4","CFPNYS3TTZY429TS.4NA7Y494T4.6YS6EN2CT7","Reserved","Red Hat Enterprise Linux with HA (Amazon VPC), m7g.large reserved instance applied","2026-09-03","0","Inf","Hrs","0.1346000000","USD",,"1yr","No Upfront","standard","Compute Instance","AmazonEC2","EU (Frankfurt)","AWS Region","m7g.large","Yes","General purpose","2","AWS Graviton3 Processor","2.5 GHz","8 GiB","EBS only","Up to 12500 Megabit","64-bit",,,,,,,,"Dedicated","Red Hat Enterprise Linux with HA","No License required",,,,,,,,"EUC1-DedicatedUsage:m7g.large","RunInstances:1010","NA","Used","false","Up to 10000 Mbps","630 Mbps","NA",,"Yes",,,"NA",,,,,,,,,,,,,,,,"General Purpose",,"No","No","No","OnDemand","4",,"NA",,,"eu-central-1",,"Amazon Elastic Compute Cloud",,,,"true"
"CFPNYS3TTZY429TS","6QCMYABX3D","CFPNYS3TTZY429TS.6QCMYABX3D.6YS6EN2CT7","Reserved","USD 0.0 per Red Hat Enterprise Linux with HA (Amazon VPC), m7g.large reserved instance applied","2026-09-03","0","Inf","Hrs","0.0000000000","USD",,"1yr","All Upfront","standard","Compute Instance","AmazonEC2","EU (Frankfurt)","AWS Region","m7g.large","Yes","General purpose","2","AWS Graviton3 Processor","2.5 GHz","8 GiB","EBS only","Up to 12500 Megabit","64-bit",,,,,,,,"Dedicated","Red Hat Enterprise Linux with HA","No License required",,,,,,,,"EUC1-DedicatedUsage:m7g.large","RunInstances:1010","NA","Used","false","Up to 10000 Mbps","630 Mbps","NA",,"Yes",,,"NA",,,,,,,,,,,,,,,,"General Purpose",,"No","No","No","OnDemand","4",,"NA",,,"eu-central-1",,"Amazon Elastic Compute Cloud",,,,"true"
"CFPNYS3TTZY429TS","6QCMYABX3D","CFPNYS3TTZY429TS.6QCMYABX3D.2TG2D8R56U","Reserved","Upfront Fee","2026-09-03",,,"Quantity","1142","USD",,"1yr","All Upfront","standard","Compute Instance","AmazonEC2","EU (Frankfurt)","AWS Region","m7g.large","Yes","General purpose","2","AWS Graviton3 Processor","2.5 GHz","8 GiB","EBS only","Up to 12500 Megabit","64-bit",,,,,,,,"Dedicated","Red Hat Enterprise Linux with HA","No License required",,,,,,,,"EUC1-DedicatedUsage:m7g.large","RunInstances:1010","NA","Used","false","Up to 10000 Mbps","630 Mbps","NA",,"Yes",,,"NA",,,,,,,,,,,,,,,,"General Purpose",,"No","No","No","OnDemand","4",,"NA",,,"eu-central-1",,"Amazon Elastic Compute Cloud",,,,"true"
"CFPNYS3TTZY429TS","7NE97W5U4E","CFPNYS3TTZY429TS.7NE97W5U4E.6YS6EN2CT7","Reserved","Red Hat Enterprise Linux with HA (Amazon VPC), m7g.large reserved instance applied","2026-09-03","0","Inf","Hrs","0.1445000000","USD",,"1yr","No Upfront","convertible","Compute Instance","AmazonEC2","EU (Frankfurt)","AWS Region","m7g.large","Yes","General purpose","2","AWS Graviton3 Processor","2.5 GHz","8 GiB","EBS only","Up to 12500 Megabit","64-bit",,,,,,,,"Dedicated","Red Hat Enterprise Linux with HA","No License required",,,,,,,,"EUC1-DedicatedUsage:m7g.large","RunInstances:1010","NA","Used","false","Up to 10000 Mbps","630 Mbps","NA",,"Yes",,,"NA",,,,,,,,,,,,,,,,"General Purpose",,"No","No","No","OnDemand","4",,"NA",,,"eu-central-1",,"Amazon Elastic Compute Cloud",,,,"true"
"CFPNYS3TTZY429TS","BPH4J8HBKS","CFPNYS3TTZY429TS.BPH4J8HBKS.6YS6EN2CT7","Reserved","Red Hat Enterprise Linux with HA (Amazon VPC), m7g.large reserved instance applied","2026-09-03","0","Inf","Hrs","0.1143000000","USD",,"3yr","No Upfront","standard","Compute Instance","AmazonEC2","EU (Frankfurt)","AWS Region","m7g.large","Yes","General purpose","2","AWS Graviton3 Processor","2.5 GHz","8 GiB","EBS only","Up to 12500 Megabit","64-bit",,,,,,,,"Dedicated","Red Hat Enterprise Linux with HA","No License required",,,,,,,,"EUC1-DedicatedUsage:m7g.large","RunInstances:1010","NA","Used","false","Up to 10000 Mbps","630 Mbps","NA",,"Yes",,,"NA",,,,,,,,,,,,,,,,"General Purpose",,"No","No","No","OnDemand","4",,"NA",,,"eu-central-1",,"Amazon Elastic Compute Cloud",,,,"true"
"CFPNYS3TTZY429TS","CUZHX8X6JH","CFPNYS3TTZY429TS.CUZHX8X6JH.6YS6EN2CT7","Reserved","Red Hat Enterprise Linux with HA (Amazon VPC), m7g.large reserved instance applied","2026-09-03","0","Inf","Hrs","0.0705000000","USD",,"1yr","Partial Upfront","convertible","Compute Instance","AmazonEC2","EU (Frankfurt)","AWS Region","m7g.large","Yes","General purpose","2","AWS Graviton3 Processor","2.5 GHz","8 GiB","EBS only","Up to 12500 Megabit","64-bit",,,,,,,,"Dedicated","Red Hat Enterprise Linux with HA","No License required",,,,,,,,"EUC1-DedicatedUsage:m7g.large","RunInstances:1010","NA","Used","false","Up to 10000 Mbps","630 Mbps","NA",,"Yes",,,"NA",,,,,,,,,,,,,,,,"General Purpose",,"No","No","No","OnDemand","4",,"NA",,,"eu-central-1",,"Amazon Elastic Compute Cloud",,,,"true"
"CFPNYS3TTZY429TS","CUZHX8X6JH","CFPNYS3TTZY429TS.CUZHX8X6JH.2TG2D8R56U","Reserved","Upfront Fee","2026-09-03",,,"Quantity","617","USD",,"1yr","Partial Upfront","convertible","Compute Instance","AmazonEC2","EU (Frankfurt)","AWS Region","m7g.large","Yes","General purpose","2","AWS Graviton3 Processor","2.5 GHz","8 GiB","EBS only","Up to 12500 Megabit","64-bit",,,,,,,,"Dedicated","Red Hat Enterprise Linux with HA","No License required",,,,,,,,"EUC1-DedicatedUsage:m7g.large","RunInstances:1010","NA","Used","false","Up to 10000 Mbps","630 Mbps","NA",,"Yes",,,"NA",,,,,,,,,,,,,,,,"General Purpose",,"No","No","No","OnDemand","4",,"NA",,,"eu-central-1",,"Amazon Elastic Compute Cloud",,,,"true"
"CFPNYS3TTZY429TS","HU7G6KETJZ","CFPNYS3TTZY429TS.HU7G6KETJZ.6YS6EN2CT7","Reserved","Red Hat Enterprise Linux with HA (Amazon VPC), m7g.large reserved instance applied","2026-09-03","0","Inf","Hrs","0.0658000000","USD",,"1yr","Partial Upfront","standard","Compute Instance","AmazonEC2","EU (Frankfurt)","AWS Region","m7g.large","Yes","General purpose","2","AWS Graviton3 Processor","2.5 GHz","8 GiB","EBS only","Up to 12500 Megabit","64-bit",,,,,,,,"Dedicated","Red Hat Enterprise Linux with HA","No License required",,,,,,,,"EUC1-DedicatedUsage:m7g.large","RunInstances:1010","NA","Used","false","Up to 10000 Mbps","630 Mbps","NA",,"Yes",,,"NA",,,,,,,,,,,,,,,,"General Purpose",,"No","No","No","OnDemand","4",,"NA",,,"eu-central-1",,"Amazon Elastic Compute Cloud",,,,"true"
"CFPNYS3TTZY429TS","HU7G6KETJZ","CFPNYS3TTZY429TS.HU7G6KETJZ.2TG2D8R56U","Reserved","Upfront Fee","2026-09-03",,,"Quantity","576","USD",,"1yr","Partial Upfront","standard","Compute Instance","AmazonEC2","EU (Frankfurt)","AWS Region","m7g.large","Yes","General purpose","2","AWS Graviton3 Processor","2.5 GHz","8 GiB","EBS only","Up to 12500 Megabit","64-bit",,,,,,,,"Dedicated","Red Hat Enterprise Linux with HA","No License required",,,,,,,,"EUC1-DedicatedUsage:m7g.large","RunInstances:1010","NA","Used","false","Up to 10000 Mbps","630 Mbps","NA",,"Yes",,,"NA",,,,,,,,,,,,,,,,"General Purpose",,"No","No","No","OnDemand","4",,"NA",,,"eu-central-1",,"Amazon Elastic Compute Cloud",,,,"true"
"CFPNYS3TTZY429TS","JRTCKXETXF","CFPNYS3TTZY429TS.JRTCKXETXF.6YS6EN2CT7","OnDemand","$0.1677 per Dedicated Red Hat Enterprise Linux with HA m7g.large Instance Hour","2026-09-01","0","Inf","Hrs","0.1677000000","USD",,,,,"Compute Instance","AmazonEC2","EU (Frankfurt)","AWS Region","m7g.large","Yes","General purpose","2","AWS Graviton3 Processor","2.5 GHz","8 GiB","EBS only","Up to 12500 Megabit","64-bit",,,,,,,,"Dedicated","Red Hat Enterprise Linux with HA","No License required",,,,,,,,"EUC1-DedicatedUsage:m7g.large","RunInstances:1010","NA","Used","false","Up to 10000 Mbps","630 Mbps","NA",,"Yes",,,"NA",,,,,,,,,,,,,,,,"General Purpose",,"No","No","No","OnDemand","4",,"NA",,,"eu-central-1",,"Amazon Elastic Compute Cloud",,,,"true"
"CFPNYS3TTZY429TS","MZU6U2429S","CFPNYS3TTZY429TS.MZU6U2429S.6YS6EN2CT7","Reserved","USD 0.0 per Red Hat Enterprise Linux with HA (Amazon VPC), m7g.large reserved instance applied","2026-09-03","0","Inf","Hrs","0.0000000000","USD",,"3yr","All Upfront","convertible","Compute Instance","AmazonEC2","EU (Frankfurt)","AWS Region","m7g.large","Yes","General purpose","2","AWS Graviton3 Processor","2.5 GHz","8 GiB","EBS only","Up to 12500 Megabit","64-bit",,,,,,,,"Dedicated","Red Hat Enterprise Linux with HA","No License required",,,,,,,,"EUC1-DedicatedUsage:m7g.large","RunInstances:1010","NA","Used","false","Up to 10000 Mbps","630 Mbps","NA",,"Yes",,,"NA",,,,,,,,,,,,,,,,"General Purpose",,"No","No","No","OnDemand","4",,"NA",,,"eu-central-1",,"Amazon Elastic Compute Cloud",,,,"true"
"CFPNYS3TTZY429TS","MZU6U2429S","CFPNYS3TTZY429TS.MZU6U2429S.2TG2D8R56U","Reserved","Upfront Fee","2026-09-03",,,"Quantity","3051","USD",,"3yr","All Upfront","convertible","Compute Instance","AmazonEC2","EU (Frankfurt)","AWS Region","m7g.large","Yes","General purpose","2","AWS Graviton3 Processor","2.5 GHz","8 GiB","EBS only","Up to 12500 Megabit","64-bit",,,,,,,,"Dedicated","Red Hat Enterprise Linux with HA","No License required",,,,,,,,"EUC1-DedicatedUsage:m7g.large","RunInstances:1010","NA","Used","false","Up to 10000 Mbps","630 Mbps","NA",,"Yes",,,"NA",,,,,,,,,,,,,,,,"General Purpose",,"No","No","No","OnDemand","4",,"NA",,,"eu-central-1",,"Amazon Elastic Compute Cloud",,,,"true"
"CFPNYS3TTZY429TS","NQ3QZPMQV9","CFPNYS3TTZY429TS.NQ3QZPMQV9.6YS6EN2CT7","Reserved","USD 0.0 per Red Hat Enterprise Linux with HA (Amazon VPC), m7g.large reserved instance applied","2026-09-03","0","Inf","Hrs","0.0000000000","USD",,"3yr","All Upfront","standard","Compute Instance","AmazonEC2","EU (Frankfurt)","AWS Region","m7g.large","Yes","General purpose","2","AWS Graviton3 Processor","2.5 GHz","8 GiB","EBS only","Up to 12500 Megabit","64-bit",,,,,,,,"Dedicated","Red Hat Enterprise Linux with HA","No License required",,,,,,,,"EUC1-DedicatedUsage:m7g.large","RunInstances:1010","NA","Used","false","Up to 10000 Mbps","630 Mbps","NA",,"Yes",,,"NA",,,,,,,,,,,,,,,,"General Purpose",,"No","No","No","OnDemand","4",,"NA",,,"eu-central-1",,"Amazon Elastic Compute Cloud",,,,"true"
"CFPNYS3TTZY429TS","NQ3QZPMQV9","CFPNYS3TTZY429TS.NQ3QZPMQV9.2TG2D8R56U","Reserved","Upfront Fee","2026-09-03",,,"Quantity","2853","USD",,"3yr","All Upfront","standard","Compute Instance","AmazonEC2","EU (Frankfurt)","AWS Region","m7g.large","Yes","General purpose","2","AWS Graviton3 Processor","2.5 GHz","8 GiB","EBS only","Up to 12500 Megabit","64-bit",,,,,,,,"Dedicated","Red Hat Enterprise Linux with HA","No License required",,,,,,,,"EUC1-DedicatedUsage:m7g.large","RunInstances:1010","NA","Used","false","Up to 10000 Mbps","630 Mbps","NA",,"Yes",,,"NA",,,,,,,,,,,,,,,,"General Purpose",,"No","No","No","OnDemand","4",,"NA",,,"eu-central-1",,"Amazon Elastic Compute Cloud",,,,"true"
"CFPNYS3TTZY429TS","R5XV2EPZQZ","CFPNYS3TTZY429TS.R5XV2EPZQZ.6YS6EN2CT7","Reserved","Red Hat Enterprise Linux with HA (Amazon VPC), m7g.large reserved instance applied","2026-09-03","0","Inf","Hrs","0.0585000000","USD",,"3yr","Partial Upfront","convertible","Compute Instance","AmazonEC2","EU (Frankfurt)","AWS Region","m7g.large","Yes","General purpose","2","AWS Graviton3 Processor","2.5 GHz","8 GiB","EBS only","Up to 12500 Megabit","64-bit",,,,,,,,"Dedicated","Red Hat Enterprise Linux with HA","No License required",,,,,,,,"EUC1-DedicatedUsage:m7g.large","RunInstances:1010","NA","Used","false","Up to 10000 Mbps","630 Mbps","NA",,"Yes",,,"NA",,,,,,,,,,,,,,,,"General Purpose",,"No","No","No","OnDemand","4",,"NA",,,"eu-central-1",,"Amazon Elastic Compute Cloud",,,,"true"
"CFPNYS3TTZY429TS","R5XV2EPZQZ","CFPNYS3TTZY429TS.R5XV2EPZQZ.2TG2D8R56U","Reserved","Upfront Fee","2026-09-03",,,"Quantity","1538","USD",,"3yr","Partial Upfront","convertible","Compute Instance","AmazonEC2","EU (Frankfurt)","AWS Region","m7g.large","Yes","General purpose","2","AWS Graviton3 Processor","2.5 GHz","8 GiB","EBS only","Up to 12500 Megabit","64-bit",,,,,,,,"Dedicated","Red Hat Enterprise Linux with HA","No License required",,,,,,,,"EUC1-DedicatedUsage:m7g.large","RunInstances:1010","NA","Used","false","Up to 10000 Mbps","630 Mbps","NA",,"Yes",,,"NA",,,,,,,,,,,,,,,,"General Purpose",,"No","No","No","OnDemand","4",,"NA",,,"eu-central-1",,"Amazon Elastic Compute Cloud",,,,"true"
"CFPNYS3TTZY429TS","VJWZNREJX2","CFPNYS3TTZY429TS.VJWZNREJX2.6YS6EN2CT7","Reserved","USD 0.0 per Red Hat Enterprise Linux with HA (Amazon VPC), m7g.large reserved instance applied","2026-09-03","0","Inf","Hrs","0.0000000000","USD",,"1yr","All Upfront","convertible","Compute Instance","AmazonEC2","EU (Frankfurt)","AWS Region","m7g.large","Yes","General purpose","2","AWS Graviton3 Processor","2.5 GHz","8 GiB","EBS only","Up to 12500 Megabit","64-bit",,,,,,,,"Dedicated","Red Hat Enterprise Linux with HA","No License required",,,,,,,,"EUC1-DedicatedUsage:m7g.large","RunInstances:1010","NA","Used","false","Up to 10000 Mbps","630 Mbps","NA",,"Yes",,,"NA",,,,,,,,,,,,,,,,"General Purpose",,"No","No","No","OnDemand","4",,"NA",,,"eu-central-1",,"Amazon Elastic Compute Cloud",,,,"true"
"CFPNYS3TTZY429TS","VJWZNREJX2","CFPNYS3TTZY429TS.VJWZNREJX2.2TG2D8R56U","Reserved","Upfront Fee","2026-09-03",,,"Quantity","1222","USD",,"1yr","All Upfront","convertible","Compute Instance","AmazonEC2","EU (Frankfurt)","AWS Region","m7g.large","Yes","General purpose","2","AWS Graviton3 Processor","2.5 GHz","8 GiB","EBS only","Up to 12500 Megabit","64-bit",,,,,,,,"Dedicated","Red Hat Enterprise Linux with HA","No License required",,,,,,,,"EUC1-DedicatedUsage:m7g.large","RunInstances:1010","NA","Used","false","Up to 10000 Mbps","630 Mbps","NA",,"Yes",,,"NA",,,,,,,,,,,,,,,,"General Purpose",,"No","No","No","OnDemand","4",,"NA",,,"eu-central-1",,"Amazon Elastic Compute Cloud",,,,"true"
"CFPNYS3TTZY429TS","Z2E3P23VKM","CFPNYS3TTZY429TS.Z2E3P23VKM.6YS6EN2CT7","Reserved","Red Hat Enterprise Linux with HA (Amazon VPC), m7g.large reserved instance applied","2026-09-03","0","Inf","Hrs","0.1208000000","USD",,"3yr","No Upfront","convertible","Compute Instance","AmazonEC2","EU (Frankfurt)","AWS Region","m7g.large","Yes","General purpose","2","AWS Graviton3 Processor","2.5 GHz","8 GiB","EBS only","Up to 12500 Megabit","64-bit",,,,,,,,"Dedicated","Red Hat Enterprise Linux with HA","No License required",,,,,,,,"EUC1-DedicatedUsage:m7g.large","RunInstances:1010","NA","Used","false","Up to 10000 Mbps","630 Mbps","NA",,"Yes",,,"NA",,,,,,,,,,,,,,,,"General Purpose",,"No","No","No","OnDemand","4",,"NA",,,"eu-central-1",,"Amazon Elastic Compute Cloud",,,,"true"
"CYKBPA6PSENYEZB4","38NPMPTW36","CYKBPA6PSENYEZB4.38NPMPTW36.6YS6EN2CT7","Reserved","Red Hat Enterprise Linux with HA (Amazon VPC), m7g.large reserved instance applied","2026-09-03","0","Inf","Hrs","0.0524000000","USD",,"3yr","Partial Upfront","standard","Compute Instance","AmazonEC2","EU (Frankfurt)","AWS Region","m7g.large","Yes","General purpose","2","AWS Graviton3 Processor","2.5 GHz","8 GiB","EBS only","Up to 12500 Megabit","64-bit",,,,,,,,"Shared","Red Hat Enterprise Linux with HA","No License required",,,,,,,,"EUC1-BoxUsage:m7g.large","RunInstances:1010","NA","Used","false","Up to 10000 Mbps","630 Mbps","NA",,"Yes",,,"NA",,,,,,,,,,,,,,,,"General Purpose",,"No","No","No","OnDemand","4",,"NA",,,"eu-central-1",,"Amazon Elastic Compute Cloud",,,,"true"
"CYKBPA6PSENYEZB4","38NPMPTW36","CYKBPA6PSENYEZB4.38NPMPTW36.2TG2D8R56U","Reserved","Upfront Fee","2026-09-03",,,"Quantity","1378","USD",,"3yr","Partial Upfront","standard","Compute Instance","AmazonEC2","EU (Frankfurt)","AWS Region","m7g.large","Yes","General purpose","2","AWS Graviton3 Processor","2.5 GHz","8 GiB","EBS only","Up to 12500 Megabit","64-bit",,,,,,,,"Shared","Red Hat Enterprise Linux with HA","No License required",,,,,,,,"EUC1-BoxUsage:m7g.large","RunInstances:1010","NA","Used","false","Up to 10000 Mbps","630 Mbps","NA",,"Yes",,,"NA",,,,,,,,,,,,,,,,"General Purpose",,"No","No","No","OnDemand","4",,"NA",,,"eu-central-1",,"Amazon Elastic Compute Cloud",,,,"true"
"CYKBPA6PSENYEZB4","4NA7Y494T4","CYKBPA6PSENYEZB4.4NA7Y494T4.6YS6EN2CT7","Reserved","Red Hat Enterprise Linux with HA (Amazon VPC), m7g.large reserved instance applied","2026-09-03","0","Inf","Hrs","0.1285000000","USD",,"1yr","No Upfront","standard","Compute Instance","AmazonEC2","EU (Frankfurt)","AWS Region","m7g.large","Yes","General purpose","2","AWS Graviton3 Processor","2.5 GHz","8 GiB","EBS only","Up to 12500 Megabit","64-bit",,,,,,,,"Shared","Red Hat Enterprise Linux with HA","No License required",,,,,,,,"EUC1-BoxUsage:m7g.large","RunInstances:1010","NA","Used","false","Up to 10000 Mbps","630 Mbps","NA",,"Yes",,,"NA",,,,,,,,,,,,,,,,"General Purpose",,"No","No","No","OnDemand","4",,"NA",,,"eu-central-1",,"Amazon Elastic Compute Cloud",,,,"true"
"CYKBPA6PSENYEZB4","6QCMYABX3D","CYKBPA6PSENYEZB4.6QCMYABX3D.6YS6EN2CT7","Reserved","USD 0.0 per Red Hat Enterprise Linux with HA (Amazon VPC), m7g.large reserved instance applied","2026-09-03","0","Inf","Hrs","0.0000000000","USD",,"1yr","All Upfront","standard","Compute Instance","AmazonEC2","EU (Frankfurt)","AWS Region","m7g.large","Yes","General purpose","2","AWS Graviton3 Processor","2.5 GHz","8 GiB","EBS only","Up to 12500 Megabit","64-bit",,,,,,,,"Shared","Red Hat Enterprise Linux with HA","No License required",,,,,,,,"EUC1-BoxUsage:m7g.large","RunInstances:1010","NA","Used","false","Up to 10000 Mbps","630 Mbps","NA",,"Yes",,,"NA",,,,,,,,,,,,,,,,"General Purpose",,"No","No","No","OnDemand","4",,"NA",,,"eu-central-1",,"Amazon Elastic Compute Cloud",,,,"true"
"CYKBPA6PSENYEZB4","6QCMYABX3D","CYKBPA6PSENYEZB4.6QCMYABX3D.2TG2D8R56U","Reserved","Upfront Fee","2026-09-03",,,"Quantity","1088","USD",,"1yr","All Upfront","standard","Compute Instance","AmazonEC2","EU (Frankfurt)","AWS Region","m7g.large","Yes","General purpose","2","AWS Graviton3 Processor","2.5 GHz","8 GiB","EBS only","Up to 12500 Megabit","64-bit",,,,,,,,"Shared","Red Hat Enterprise Linux with HA","No License required",,,,,,,,"EUC1-BoxUsage:m7g.large","RunInstances:1010","NA","Used","false","Up to 10000 Mbps","630 Mbps","NA",,"Yes",,,"NA",,,,,,,,,,,,,,,,"General Purpose",,"No","No","No","OnDemand","4",,"NA",,,"eu-central-1",,"Amazon Elastic Compute Cloud",,,,"true"
"CYKBPA6PSENYEZB4","7NE97W5U4E","CYKBPA6PSENYEZB4.7NE97W5U4E.6YS6EN2CT7","Reserved","Red Hat Enterprise Linux with HA (Amazon VPC), m7g.large reserved instance applied","2026-09-03","0","Inf","Hrs","0.1383000000","USD",,"1yr","No Upfront","convertible","Compute Instance","AmazonEC2","EU (Frankfurt)","AWS Region","m7g.large","Yes","General purpose","2","AWS Graviton3 Processor","2.5 GHz","8 GiB","EBS only","Up to 12500 Megabit","64-bit",,,,,,,,"Shared","Red Hat Enterprise Linux with HA","No License required",,,,,,,,"EUC1-BoxUsage:m7g.large","RunInstances:1010","NA","Used","false","Up to 10000 Mbps","630 Mbps","NA",,"Yes",,,"NA",,,,,,,,,,,,,,,,"General Purpose",,"No","No","No","OnDemand","4",,"NA",,,"eu-central-1",,"Amazon Elastic Compute Cloud",,,,"true"
"CYKBPA6PSENYEZB4","BPH4J8HBKS","CYKBPA6PSENYEZB4.BPH4J8HBKS.6YS6EN2CT7","Reserved","Red Hat Enterprise Linux with HA (Amazon VPC), m7g.large reserved instance applied","2026-09-03","0","Inf","Hrs","0.1081000000","USD",,"3yr","No Upfront","standard","Compute Instance","AmazonEC2","EU (Frankfurt)","AWS Region","m7g.large","Yes","General purpose","2","AWS Graviton3 Processor","2.5 GHz","8 GiB","EBS only","Up to 12500 Megabit","64-bit",,,,,,,,"Shared","Red Hat Enterprise Linux with HA","No License required",,,,,,,,"EUC1-BoxUsage:m7g.large","RunInstances:1010","NA","Used","false","Up to 10000 Mbps","630 Mbps","NA",,"Yes",,,"NA",,,,,,,,,,,,,,,,"General Purpose",,"No","No","No","OnDemand","4",,"NA",,,"eu-central-1",,"Amazon Elastic Compute Cloud",,,,"true"
"CYKBPA6PSENYEZB4","CUZHX8X6JH","CYKBPA6PSENYEZB4.CUZHX8X6JH.6YS6EN2CT7","Reserved","Red Hat Enterprise Linux with HA (Amazon VPC), m7g.large reserved instance applied","2026-09-03","0","Inf","Hrs","0.0674000000","USD",,"1yr","Partial Upfront","convertible","Compute Instance","AmazonEC2","EU (Frankfurt)","AWS Region","m7g.large","Yes","General purpose","2","AWS Graviton3 Processor","2.5 GHz","8 GiB","EBS only","Up to 12500 Megabit","64-bit",,,,,,,,"Shared","Red Hat Enterprise Linux with HA","No License required",,,,,,,,"EUC1-BoxUsage:m7g.large","RunInstances:1010","NA","Used","false","Up to 10000 Mbps","630 Mbps","NA",,"Yes",,,"NA",,,,,,,,,,,,,,,,"General Purpose",,"No","No","No","OnDemand","4",,"NA",,,"eu-central-1",,"Amazon Elastic Compute Cloud",,,,"true"
"CYKBPA6PSENYEZB4","CUZHX8X6JH","CYKBPA6PSENYEZB4.CUZHX8X6JH.2TG2D8R56U","Reserved","Upfront Fee","2026-09-03",,,"Quantity","590","USD",,"1yr","Partial Upfront","convertible","Compute Instance","AmazonEC2","EU (Frankfurt)","AWS Region","m7g.large","Yes","General purpose","2","AWS Graviton3 Processor","2.5 GHz","8 GiB","EBS only","Up to 12500 Megabit","64-bit",,,,,,,,"Shared","Red Hat Enterprise Linux with HA","No License required",,,,,,,,"EUC1-BoxUsage:m7g.large","RunInstances:1010","NA","Used","false","Up to 10000 Mbps","630 Mbps","NA",,"Yes",,,"NA",,,,,,,,,,,,,,,,"General Purpose",,"No","No","No","OnDemand","4",,"NA",,,"eu-central-1",,"Amazon Elastic Compute Cloud",,,,"true"
"CYKBPA6PSENYEZB4","HU7G6KETJZ","CYKBPA6PSENYEZB4.HU7G6KETJZ.6YS6EN2CT7","Reserved","Red Hat Enterprise Linux with HA (Amazon VPC), m7g.large reserved instance applied","2026-09-03","0","Inf","Hrs","0.0627000000","USD",,"1yr","Partial Upfront","standard","Compute Instance","AmazonEC2","EU (Frankfurt)","AWS Region","m7g.large","Yes","General purpose","2","AWS Graviton3 Processor","2.5 GHz","8 GiB","EBS only","Up to 12500 Megabit","64-bit",,,,,,,,"Shared","Red Hat Enterprise Linux with HA","No License required",,,,,,,,"EUC1-BoxUsage:m7g.large","RunInstances:1010","NA","Used","false","Up to 10000 Mbps","630 Mbps","NA",,"Yes",,,"NA",,,,,,,,,,,,,,,,"General Purpose",,"No","No","No","OnDemand","4",,"NA",,,"eu-central-1",,"Amazon Elastic Compute Cloud",,,,"true"
"CYKBPA6PSENYEZB4","HU7G6KETJZ","CYKBPA6PSENYEZB4.HU7G6KETJZ.2TG2D8R56U","Reserved","Upfront Fee","2026-09-03",,,"Quantity","549","USD",,"1yr","Partial Upfront","standard","Compute Instance","AmazonEC2","EU (Frankfurt)","AWS Region","m7g.large","Yes","General purpose","2","AWS Graviton3 Processor","2.5 GHz","8 GiB","EBS only","Up to 12500 Megabit","64-bit",,,,,,,,"Shared","Red Hat Enterprise Linux with HA","No License required",,,,,,,,"EUC1-BoxUsage:m7g.large","RunInstances:1010","NA","Used","false","Up to 10000 Mbps","630 Mbps","NA",,"Yes",,,"NA",,,,,,,,,,,,,,,,"General Purpose",,"No","No","No","OnDemand","4",,"NA",,,"eu-central-1",,"Amazon Elastic Compute Cloud",,,,"true"
"CYKBPA6PSENYEZB4","JRTCKXETXF","CYKBPA6PSENYEZB4.JRTCKXETXF.6YS6EN2CT7","OnDemand","$0.1616 per On Demand Red Hat Enterprise Linux with HA m7g.large Instance Hour","2026-09-01","0","Inf","Hrs","0.1616000000","USD",,,,,"Compute Instance","AmazonEC2","EU (Frankfurt)","AWS Region","m7g.large","Yes","General purpose","2","AWS Graviton3 Processor","2.5 GHz","8 GiB","EBS only","Up to 12500 Megabit","64-bit",,,,,,,,"Shared","Red Hat Enterprise Linux with HA","No License required",,,,,,,,"EUC1-BoxUsage:m7g.large","RunInstances:1010","NA","Used","false","Up to 10000 Mbps","630 Mbps","NA",,"Yes",,,"NA",,,,,,,,,,,,,,,,"General Purpose",,"No","No","No","OnDemand","4",,"NA",,,"eu-central-1",,"Amazon Elastic Compute Cloud",,,,"true"
"CYKBPA6PSENYEZB4","MZU6U2429S","CYKBPA6PSENYEZB4.MZU6U2429S.6YS6EN2CT7","Reserved","USD 0.0 per Red Hat Enterprise Linux with HA (Amazon VPC), m7g.large reserved instance applied","2026-09-03","0","Inf","Hrs","0.0000000000","USD",,"3yr","All Upfront","convertible","Compute Instance","AmazonEC2","EU (Frankfurt)","AWS Region","m7g.large","Yes","General purpose","2","AWS Graviton3 Processor","2.5 GHz","8 GiB","EBS only","Up to 12500 Megabit","64-bit",,,,,,,,"Shared","Red Hat Enterprise Linux with HA","No License required",,,,,,,,"EUC1-BoxUsage:m7g.large","RunInstances:1010","NA","Used","false","Up to 10000 Mbps","630 Mbps","NA",,"Yes",,,"NA",,,,,,,,,,,,,,,,"General Purpose",,"No","No","No","OnDemand","4",,"NA",,,"eu-central-1",,"Amazon Elastic Compute Cloud",,,,"true"
"CYKBPA6PSENYEZB4","MZU6U2429S","CYKBPA6PSENYEZB4.MZU6U2429S.2TG2D8R56U","Reserved","Upfront Fee","2026-09-03",,,"Quantity","2889","USD",,"3yr","All Upfront","convertible","Compute Instance","AmazonEC2","EU (Frankfurt)","AWS Region","m7g.large","Yes","General purpose","2","AWS Graviton3 Processor","2.5 GHz","8 GiB","EBS only","Up to 12500 Megabit","64-bit",,,,,,,,"Shared","Red Hat Enterprise Linux with HA","No License required",,,,,,,,"EUC1-BoxUsage:m7g.large","RunInstances:1010","NA","Used","false","Up to 10000 Mbps","630 Mbps","NA",,"Yes",,,"NA",,,,,,,,,,,,,,,,"General Purpose",,"No","No","No","OnDemand","4",,"NA",,,"eu-central-1",,"Amazon Elastic Compute Cloud",,,,"true"
"CYKBPA6PSENYEZB4","NQ3QZPMQV9","CYKBPA6PSENYEZB4.NQ3QZPMQV9.6YS6EN2CT7","Reserved","USD 0.0 per Red Hat Enterprise Linux with HA (Amazon VPC), m7g.large reserved instance applied","2026-09-03","0","Inf","Hrs","0.0000000000","USD",,"3yr","All Upfront","standard","Compute Instance","AmazonEC2","EU (Frankfurt)","AWS Region","m7g.large","Yes","General purpose","2","AWS Graviton3 Processor","2.5 GHz","8 GiB","EBS only","Up to 12500 Megabit","64-bit",,,,,,,,"Shared","Red Hat Enterprise Linux with HA","No License required",,,,,,,,"EUC1-BoxUsage:m7g.large","RunInstances:1010","NA","Used","false","Up to 10000 Mbps","630 Mbps","NA",,"Yes",,,"NA",,,,,,,,,,,,,,,,"General Purpose",,"No","No","No","OnDemand","4",,"NA",,,"eu-central-1",,"Amazon Elastic Compute Cloud",,,,"true"
"CYKBPA6PSENYEZB4","NQ3QZPMQV9","CYKBPA6PSENYEZB4.NQ3QZPMQV9.2TG2D8R56U","Reserved","Upfront Fee","2026-09-03",,,"Quantity","2691","USD",,"3yr","All Upfront","standard","Compute Instance","AmazonEC2","EU (Frankfurt)","AWS Region","m7g.large","Yes","General purpose","2","AWS Graviton3 Processor","2.5 GHz","8 GiB","EBS only","Up to 12500 Megabit","64-bit",,,,,,,,"Shared","Red Hat Enterprise Linux with HA","No License required",,,,,,,,"EUC1-BoxUsage:m7g.large","RunInstances:1010","NA","Used","false","Up to 10000 Mbps","630 Mbps","NA",,"Yes",,,"NA",,,,,,,,,,,,,,,,"General Purpose",,"No","No","No","OnDemand","4",,"NA",,,"eu-central-1",,"Amazon Elastic Compute Cloud",,,,"true"
"CYKBPA6PSENYEZB4","R5XV2EPZQZ","CYKBPA6PSENYEZB4.R5XV2EPZQZ.6YS6EN2CT7","Reserved","Red Hat Enterprise Linux with HA (Amazon VPC), m7g.large reserved instance applied","2026-09-03","0","Inf","Hrs","0.0554000000","USD",,"3yr","Partial Upfront","convertible","Compute Instance","AmazonEC2","EU (Frankfurt)","AWS Region","m7g.large","Yes","General purpose","2","AWS Graviton3 Processor","2.5 GHz","8 GiB","EBS only","Up to 12500 Megabit","64-bit",,,,,,,,"Shared","Red Hat Enterprise Linux with HA","No License required",,,,,,,,"EUC1-BoxUsage:m7g.large","RunInstances:1010","NA","Used","false","Up to 10000 Mbps","630 Mbps","NA",,"Yes",,,"NA",,,,,,,,,,,,,,,,"General Purpose",,"No","No","No","OnDemand","4",,"NA",,,"eu-central-1",,"Amazon Elastic Compute Cloud",,,,"true"
"CYKBPA6PSENYEZB4","R5XV2EPZQZ","CYKBPA6PSENYEZB4.R5XV2EPZQZ.2TG2D8R56U","Reserved","Upfront Fee","2026-09-03",,,"Quantity","1457","USD",,"3yr","Partial Upfront","convertible","Compute Instance","AmazonEC2","EU (Frankfurt)","AWS Region","m7g.large","Yes","General purpose","2","AWS Graviton3 Processor","2.5 GHz","8 GiB","EBS only","Up to 12500 Megabit","64-bit",,,,,,,,"Shared","Red Hat Enterprise Linux with HA","No License required",,,,,,,,"EUC1-BoxUsage:m7g.large","RunInstances:1010","NA","Used","false","Up to 10000 Mbps","630 Mbps","NA",,"Yes",,,"NA",,,,,,,,,,,,,,,,"General Purpose",,"No","No","No","OnDemand","4",,"NA",,,"eu-central-1",,"Amazon Elastic Compute Cloud",,,,"true"
"CYKBPA6PSENYEZB4","VJWZNREJX2","CYKBPA6PSENYEZB4.VJWZNREJX2.6YS6EN2CT7","Reserved","USD 0.0 per Red Hat Enterprise Linux with HA (Amazon VPC), m7g.large reserved instance applied","2026-09-03","0","Inf","Hrs","0.0000000000","USD",,"1yr","All Upfront","convertible","Compute Instance","AmazonEC2","EU (Frankfurt)","AWS Region","m7g.large","Yes","General purpose","2","AWS Graviton3 Processor","2.5 GHz","8 GiB","EBS only","Up to 12500 Megabit","64-bit",,,,,,,,"Shared","Red Hat Enterprise Linux with HA","No License required",,,,,,,,"EUC1-BoxUsage:m7g.large","RunInstances:1010","NA","Used","false","Up to 10000 Mbps","630 Mbps","NA",,"Yes",,,"NA",,,,,,,,,,,,,,,,"General Purpose",,"No","No","No","OnDemand","4",,"NA",,,"eu-central-1",,"Amazon Elastic Compute Cloud",,,,"true"
"CYKBPA6PSENYEZB4","VJWZNREJX2","CYKBPA6PSENYEZB4.VJWZNREJX2.2TG2D8R56U","Reserved","Upfront Fee","2026-09-03",,,"Quantity","1168","USD",,"1yr","All Upfront","convertible","Compute Instance","AmazonEC2","EU (Frankfurt)","AWS Region","m7g.large","Yes","General purpose","2","AWS Graviton3 Processor","2.5 GHz","8 GiB","EBS only","Up to 12500 Megabit","64-bit",,,,,,,,"Shared","Red Hat Enterprise Linux with HA","No License required",,,,,,,,"EUC1-BoxUsage:m7g.large","RunInstances:1010","NA","Used","false","Up to 10000 Mbps","630 Mbps","NA",,"Yes",,,"NA",,,,,,,,,,,,,,,,"General Purpose",,"No","No","No","OnDemand","4",,"NA",,,"eu-central-1",,"Amazon Elastic Compute Cloud",,,,"true"
"CYKBPA6PSENYEZB4","Z2E3P23VKM","CYKBPA6PSENYEZB4.Z2E3P23VKM.6YS6EN2CT7","Reserved","Red Hat Enterprise Linux with HA (Amazon VPC), m7g.large reserved instance applied","2026-09-03","0","Inf","Hrs","0.1146000000","USD",,"3yr","No Upfront","convertible","Compute Instance","AmazonEC2","EU (Frankfurt)","AWS Region","m7g.large","Yes","General purpose","2","AWS Graviton3 Processor","2.5 GHz","8 GiB","EBS only","Up to 12500 Megabit","64-bit",,,,,,,,"Shared","Red Hat Enterprise Linux with HA","No License required",,,,,,,,"EUC1-BoxUsage:m7g.large","RunInstances:1010","NA","Used","false","Up to 10000 Mbps","630 Mbps","NA",,"Yes",,,"NA",,,,,,,,,,,,,,,,"General Purpose",,"No","No","No","OnDemand","4",,"NA",,,"eu-central-1",,"Amazon Elastic Compute Cloud",,,,"true"
"D5E7SGDAA33U5F9A","38NPMPTW36","D5E7SGDAA33U5F9A.38NPMPTW36.6YS6EN2CT7","Reserved","Red Hat Enterprise Linux (Amazon VPC), m7g.large reserved instance applied","2026-09-03","0","Inf","Hrs","0.0493000000","USD",,"3yr","Partial Upfront","standard","Compute Instance","AmazonEC2","EU (Frankfurt)","AWS Region","m7g.large","Yes","General purpose","2","AWS Graviton3 Processor","2.5 GHz","8 GiB","EBS only","Up to 12500 Megabit","64-bit",,,,,,,,"Shared","RHEL","No License required",,,,,,,,"EUC1-BoxUsage:m7g.large","RunInstances:0010","NA","Used","false","Up to 10000 Mbps","630 Mbps","NA",,"Yes",,,"NA",,,,,,,,,,,,,,,,"General Purpose",,"No","No","No","OnDemand","4",,"NA",,,"eu-central-1",,"Amazon Elastic Compute Cloud",,,,"true"
"D5E7SGDAA33U5F9A","38NPMPTW36","D5E7SGDAA33U5F9A.38NPMPTW36.2TG2D8R56U","Reserved","Upfront Fee","2026-09-03",,,"Quantity","540","USD",,"3yr","Partial Upfront","standard","Compute Instance","AmazonEC2","EU (Frankfurt)","AWS Region","m7g.large","Yes","General purpose","2","AWS Graviton3 Processor","2.5 GHz","8 GiB","EBS only","Up to 12500 Megabit","64-bit",,,,,,,,"Shared","RHEL","No License required",,,,,,,,"EUC1-BoxUsage:m7g.large","RunInstances:0010","NA","Used","false","Up to 10000 Mbps","630 Mbps","NA",,"Yes",,,"NA",,,,,,,,,,,,,,,,"General Purpose",,"No","No","No","OnDemand","4",,"NA",,,"eu-central-1",,"Amazon Elastic Compute Cloud",,,,"true"
"D5E7SGDAA33U5F9A","4NA7Y494T4","D5E7SGDAA33U5F9A.4NA7Y494T4.6YS6EN2CT7","Reserved","Red Hat Enterprise Linux (Amazon VPC), m7g.large reserved instance applied","2026-09-03","0","Inf","Hrs","0.0935000000","USD",,"1yr","No Upfront","standard","Compute Instance","AmazonEC2","EU (Frankfurt)","AWS Region","m7g.large","Yes","General purpose","2","AWS Graviton3 Processor","2.5 GHz","8 GiB","EBS only","Up to 12500 Megabit","64-bit",,,,,,,,"Shared","RHEL","No License required",,,,,,,,"EUC1-BoxUsage:m7g.large","RunInstances:0010","NA","Used","false","Up to 10000 Mbps","630 Mbps","NA",,"Yes",,,"NA",,,,,,,,,,,,,,,,"General Purpose",,"No","No","No","OnDemand","4",,"NA",,,"eu-central-1",,"Amazon Elastic Compute Cloud",,,,"true"
"D5E7SGDAA33U5F9A","6QCMYABX3D","D5E7SGDAA33U5F9A.6QCMYABX3D.6YS6EN2CT7","Reserved","USD 0.0 per Red Hat Enterprise Linux (Amazon VPC), m7g.large reserved instance applied","2026-09-03","0","Inf","Hrs","0.0000000000","USD",,"1yr","All Upfront","standard","Compute Instance","AmazonEC2","EU (Frankfurt)","AWS Region","m7g.large","Yes","General purpose","2","AWS Graviton3 Processor","2.5 GHz","8 GiB","EBS only","Up to 12500 Megabit","64-bit",,,,,,,,"Shared","RHEL","No License required",,,,,,,,"EUC1-BoxUsage:m7g.large","RunInstances:0010","NA","Used","false","Up to 10000 Mbps","630 Mbps","NA",,"Yes",,,"NA",,,,,,,,,,,,,,,,"General Purpose",,"No","No","No","OnDemand","4",,"NA",,,"eu-central-1",,"Amazon Elastic Compute Cloud",,,,"true"
"D5E7SGDAA33U5F9A","6QCMYABX3D","D5E7SGDAA33U5F9A.6QCMYABX3D.2TG2D8R56U","Reserved","Upfront Fee","2026-09-03",,,"Quantity","781","USD",,"1yr","All Upfront","standard","Compute Instance","AmazonEC2","EU (Frankfurt)","AWS Region","m7g.large","Yes","General purpose","2","AWS Graviton3 Processor","2.5 GHz","8 GiB","EBS only","Up to 12500 Megabit","64-bit",,,,,,,,"Shared","RHEL","No License required",,,,,,,,"EUC1-BoxUsage:m7g.large","RunInstances:0010","NA","Used","false","Up to 10000 Mbps","630 Mbps","NA",,"Yes",,,"NA",,,,,,,,,,,,,,,,"General Purpose",,"No","No","No","OnDemand","4",,"NA",,,"eu-central-1",,"Amazon Elastic Compute Cloud",,,,"true"
"D5E7SGDAA33U5F9A","7NE97W5U4E","D5E7SGDAA33U5F9A.7NE97W5U4E.6YS6EN2CT7","Reserved","Red Hat Enterprise Linux (Amazon VPC), m7g.large reserved instance applied","2026-09-03","0","Inf","Hrs","0.1033000000","USD",,"1yr","No Upfront","convertible","Compute Instance","AmazonEC2","EU (Frankfurt)","AWS Region","m7g.large","Yes","General purpose","2","AWS Graviton3 Processor","2.5 GHz","8 GiB","EBS only","Up to 12500 Megabit","64-bit",,,,,,,,"Shared","RHEL","No License required",,,,,,,,"EUC1-BoxUsage:m7g.large","RunInstances:0010","NA","Used","false","Up to 10000 Mbps","630 Mbps","NA",,"Yes",,,"NA",,,,,,,,,,,,,,,,"General Purpose",,"No","No","No","OnDemand","4",,"NA",,,"eu-central-1",,"Amazon Elastic Compute Cloud",,,,"true"
"D5E7SGDAA33U5F9A","BPH4J8HBKS","D5E7SGDAA33U5F9A.BPH4J8HBKS.6YS6EN2CT7","Reserved","Red Hat Enterprise Linux (Amazon VPC), m7g.large reserved instance applied","2026-09-03","0","Inf","Hrs","0.0731000000","USD",,"3yr","No Upfront","standard","Compute Instance","AmazonEC2","EU (Frankfurt)","AWS Region","m7g.large","Yes","General purpose","2","AWS Graviton3 Processor","2.5 GHz","8 GiB","EBS only","Up to 12500 Megabit","64-bit",,,,,,,,"Shared","RHEL","No License required",,,,,,,,"EUC1-BoxUsage:m7g.large","RunInstances:0010","NA","Used","false","Up to 10000 Mbps","630 Mbps","NA",,"Yes",,,"NA",,,,,,,,,,,,,,,,"General Purpose",,"No","No","No","OnDemand","4",,"NA",,,"eu-central-1",,"Amazon Elastic Compute Cloud",,,,"true"
"D5E7SGDAA33U5F9A","CUZHX8X6JH","D5E7SGDAA33U5F9A.CUZHX8X6JH.6YS6EN2CT7","Reserved","Red Hat Enterprise Linux (Amazon VPC), m7g.large reserved instance applied","2026-09-03","0","Inf","Hrs","0.0643000000","USD",,"1yr","Partial Upfront","convertible","Compute Instance","AmazonEC2","EU (Frankfurt)","AWS Region","m7g.large","Yes","General purpose","2","AWS Graviton3 Processor","2.5 GHz","8 GiB","EBS only","Up to 12500 Megabit","64-bit",,,,,,,,"Shared","RHEL","No License required",,,,,,,,"EUC1-BoxUsage:m7g.large","RunInstances:0010","NA","Used","false","Up to 10000 Mbps","630 Mbps","NA",,"Yes",,,"NA",,,,,,,,,,,,,,,,"General Purpose",,"No","No","No","OnDemand","4",,"NA",,,"eu-central-1",,"Amazon Elastic Compute Cloud",,,,"true"
"D5E7SGDAA33U5F9A","CUZHX8X6JH","D5E7SGDAA33U5F9A.CUZHX8X6JH.2TG2D8R56U","Reserved","Upfront Fee","2026-09-03",,,"Quantity","311","USD",,"1yr","Partial Upfront","convertible","Compute Instance","AmazonEC2","EU (Frankfurt)","AWS Region","m7g.large","Yes","General purpose","2","AWS Graviton3 Processor","2.5 GHz","8 GiB","EBS only","Up to 12500 Megabit","64-bit",,,,,,,,"Shared","RHEL","No License required",,,,,,,,"EUC1-BoxUsage:m7g.large","RunInstances:0010","NA","Used","false","Up to 10000 Mbps","630 Mbps","NA",,"Yes",,,"NA",,,,,,,,,,,,,,,,"General Purpose",,"No","No","No","OnDemand","4",,"NA",,,"eu-central-1",,"Amazon Elastic Compute Cloud",,,,"true"
"D5E7SGDAA33U5F9A","HU7G6KETJZ","D5E7SGDAA33U5F9A.HU7G6KETJZ.6YS6EN2CT7","Reserved","Red Hat Enterprise Linux (Amazon VPC), m7g.large reserved instance applied","2026-09-03","0","Inf","Hrs","0.0596000000","USD",,"1yr","Partial Upfront","standard","Compute Instance","AmazonEC2","EU (Frankfurt)","AWS Region","m7g.large","Yes","General purpose","2","AWS Graviton3 Processor","2.5 GHz","8 GiB","EBS only","Up to 12500 Megabit","64-bit",,,,,,,,"Shared","RHEL","No License required",,,,,,,,"EUC1-BoxUsage:m7g.large","RunInstances:0010","NA","Used","false","Up to 10000 Mbps","630 Mbps","NA",,"Yes",,,"NA",,,,,,,,,,,,,,,,"General Purpose",,"No","No","No","OnDemand","4",,"NA",,,"eu-central-1",,"Amazon Elastic Compute Cloud",,,,"true"
"D5E7SGDAA33U5F9A","HU7G6KETJZ","D5E7SGDAA33U5F9A.HU7G6KETJZ.2TG2D8R56U","Reserved","Upfront Fee","2026-09-03",,,"Quantity","270","USD",,"1yr","Partial Upfront","standard","Compute Instance","AmazonEC2","EU (Frankfurt)","AWS Region","m7g.large","Yes","General purpose","2","AWS Graviton3 Processor","2.5 GHz","8 GiB","EBS only","Up to 12500 Megabit","64-bit",,,,,,,,"Shared","RHEL","No License required",,,,,,,,"EUC1-BoxUsage:m7g.large","RunInstances:0010","NA","Used","false","Up to 10000 Mbps","630 Mbps","NA",,"Yes",,,"NA",,,,,,,,,,,,,,,,"General Purpose",,"No","No","No","OnDemand","4",,"NA",,,"eu-central-1",,"Amazon Elastic Compute Cloud",,,,"true"
"D5E7SGDAA33U5F9A","JRTCKXETXF","D5E7SGDAA33U5F9A.JRTCKXETXF.6YS6EN2CT7","OnDemand","$0.1266 per On Demand RHEL m7g.large Instance Hour","2026-09-01","0","Inf","Hrs","0.1266000000","USD",,,,,"Compute Instance","AmazonEC2","EU (Frankfurt)","AWS Region","m7g.large","Yes","General purpose","2","AWS Graviton3 Processor","2.5 GHz","8 GiB","EBS only","Up to 12500 Megabit","64-bit",,,,,,,,"Shared","RHEL","No License required",,,,,,,,"EUC1-BoxUsage:m7g.large","RunInstances:0010","NA","Used","false","Up to 10000 Mbps","630 Mbps","NA",,"Yes",,,"NA",,,,,,,,,,,,,,,,"General Purpose",,"No","No","No","OnDemand","4",,"NA",,,"eu-central-1",,"Amazon Elastic Compute Cloud",,,,"true"
"D5E7SGDAA33U5F9A","MZU6U2429S","D5E7SGDAA33U5F9A.MZU6U2429S.6YS6EN2CT7","Reserved","USD 0.0 per Red Hat Enterprise Linux (Amazon VPC), m7g.large reserved instance applied","2026-09-03","0","Inf","Hrs","0.0000000000","USD",,"3yr","All Upfront","convertible","Compute Instance","AmazonEC2","EU (Frankfurt)","AWS Region","m7g.large","Yes","General purpose","2","AWS Graviton3 Processor","2.5 GHz","8 GiB","EBS only","Up to 12500 Megabit","64-bit",,,,,,,,"Shared","RHEL","No License required",,,,,,,,"EUC1-BoxUsage:m7g.large","RunInstances:0010","NA","Used","false","Up to 10000 Mbps","630 Mbps","NA",,"Yes",,,"NA",,,,,,,,,,,,,,,,"General Purpose",,"No","No","No","OnDemand","4",,"NA",,,"eu-central-1",,"Amazon Elastic Compute Cloud",,,,"true"
"D5E7SGDAA33U5F9A","MZU6U2429S","D5E7SGDAA33U5F9A.MZU6U2429S.2TG2D8R56U","Reserved","Upfront Fee","2026-09-03",,,"Quantity","1969","USD",,"3yr","All Upfront","convertible","Compute Instance","AmazonEC2","EU (Frankfurt)","AWS Region","m7g.large","Yes","General purpose","2","AWS Graviton3 Processor","2.5 GHz","8 GiB","EBS only","Up to 12500 Megabit","64-bit",,,,,,,,"Shared","RHEL","No License required",,,,,,,,"EUC1-BoxUsage:m7g.large","RunInstances:0010","NA","Used","false","Up to 10000 Mbps","630 Mbps","NA",,"Yes",,,"NA",,,,,,,,,,,,,,,,"General Purpose",,"No","No","No","OnDemand","4",,"NA",,,"eu-central-1",,"Amazon Elastic Compute Cloud",,,,"true"
"D5E7SGDAA33U5F9A","NQ3QZPMQV9","D5E7SGDAA33U5F9A.NQ3QZPMQV9.6YS6EN2CT7","Reserved","USD 0.0 per Red Hat Enterprise Linux (Amazon VPC), m7g.large reserved instance applied","2026-09-03","0","Inf","Hrs","0.0000000000","USD",,"3yr","All Upfront","standard","Compute Instance","AmazonEC2","EU (Frankfurt)","AWS Region","m7g.large","Yes","General purpose","2","AWS Graviton3 Processor","2.5 GHz","8 GiB","EBS only","Up to 12500 Megabit","64-bit",,,,,,,,"Shared","RHEL","No License required",,,,,,,,"EUC1-BoxUsage:m7g.large","RunInstances:0010","NA","Used","false","Up to 10000 Mbps","630 Mbps","NA",,"Yes",,,"NA",,,,,,,,,,,,,,,,"General Purpose",,"No","No","No","OnDemand","4",,"NA",,,"eu-central-1",,"Amazon Elastic Compute Cloud",,,,"true"
"D5E7SGDAA33U5F9A","NQ3QZPMQV9","D5E7SGDAA33U5F9A.NQ3QZPMQV9.2TG2D8R56U","Reserved","Upfront Fee","2026-09-03",,,"Quantity","1771","USD",,"3yr","All Upfront","standard","Compute Instance","AmazonEC2","EU (Frankfurt)","AWS Region","m7g.large","Yes","General purpose","2","AWS Graviton3 Processor","2.5 GHz","8 GiB","EBS only","Up to 12500 Megabit","64-bit",,,,,,,,"Shared","RHEL","No License required",,,,,,,,"EUC1-BoxUsage:m7g.large","RunInstances:0010","NA","Used","false","Up to 10000 Mbps","630 Mbps","NA",,"Yes",,,"NA",,,,,,,,,,,,,,,,"General Purpose",,"No","No","No","OnDemand","4",,"NA",,,"eu-central-1",,"Amazon Elastic Compute Cloud",,,,"true"
"D5E7SGDAA33U5F9A","R5XV2EPZQZ","D5E7SGDAA33U5F9A.R5XV2EPZQZ.6YS6EN2CT7","Reserved","Red Hat Enterprise Linux (Amazon VPC), m7g.large reserved instance applied","2026-09-03","0","Inf","Hrs","0.0523000000","USD",,"3yr","Partial Upfront","convertible","Compute Instance","AmazonEC2","EU (Frankfurt)","AWS Region","m7g.large","Yes","General purpose","2","AWS Graviton3 Processor","2.5 GHz","8 GiB","EBS only","Up to 12500 Megabit","64-bit",,,,,,,,"Shared","RHEL","No License required",,,,,,,,"EUC1-BoxUsage:m7g.large","RunInstances:0010","NA","Used","false","Up to 10000 Mbps","630 Mbps","NA",,"Yes",,,"NA",,,,,,,,,,,,,,,,"General Purpose",,"No","No","No","OnDemand","4",,"NA",,,"eu-central-1",,"Amazon Elastic Compute Cloud",,,,"true"
"D5E7SGDAA33U5F9A","R5XV2EPZQZ","D5E7SGDAA33U5F9A.R5XV2EPZQZ.2TG2D8R56U","Reserved","Upfront Fee","2026-09-03",,,"Quantity","619","USD",,"3yr","Partial Upfront","convertible","Compute Instance","AmazonEC2","EU (Frankfurt)","AWS Region","m7g.large","Yes","General purpose","2","AWS Graviton3 Processor","2.5 GHz","8 GiB","EBS only","Up to 12500 Megabit","64-bit",,,,,,,,"Shared","RHEL","No License required",,,,,,,,"EUC1-BoxUsage:m7g.large","RunInstances:0010","NA","Used","false","Up to 10000 Mbps","630 Mbps","NA",,"Yes",,,"NA",,,,,,,,,,,,,,,,"General Purpose",,"No","No","No","OnDemand","4",,"NA",,,"eu-central-1",,"Amazon Elastic Compute Cloud",,,,"true"
"D5E7SGDAA33U5F9A","VJWZNREJX2","D5E7SGDAA33U5F9A.VJWZNREJX2.6YS6EN2CT7","Reserved","USD 0.0 per Red Hat Enterprise Linux (Amazon VPC), m7g.large reserved instance applied","2026-09-03","0","Inf","Hrs","0.0000000000","USD",,"1yr","All Upfront","convertible","Compute Instance","AmazonEC2","EU (Frankfurt)","AWS Region","m7g.large","Yes","General purpose","2","AWS Graviton3 Processor","2.5 GHz","8 GiB","EBS only","Up to 12500 Megabit","64-bit",,,,,,,,"Shared","RHEL","No License required",,,,,,,,"EUC1-BoxUsage:m7g.large","RunInstances:0010","NA","Used","false","Up to 10000 Mbps","630 Mbps","NA",,"Yes",,,"NA",,,,,,,,,,,,,,,,"General Purpose",,"No","No","No","OnDemand","4",,"NA",,,"eu-central-1",,"Amazon Elastic Compute Cloud",,,,"true"
"D5E7SGDAA33U5F9A","VJWZNREJX2","D5E7SGDAA33U5F9A.VJWZNREJX2.2TG2D8R56U","Reserved","Upfront Fee","2026-09-03",,,"Quantity","862","USD",,"1yr","All Upfront","convertible","Compute Instance","AmazonEC2","EU (Frankfurt)","AWS Region","m7g.large","Yes","General purpose","2","AWS Graviton3 Processor","2.5 GHz","8 GiB","EBS only","Up to 12500 Megabit","64-bit",,,,,,,,"Shared","RHEL","No License required",,,,,,,,"EUC1-BoxUsage:m7g.large","RunInstances:0010","NA","Used","false","Up to 10000 Mbps","630 Mbps","NA",,"Yes",,,"NA",,,,,,,,,,,,,,,,"General Purpose",,"No","No","No","OnDemand","4",,"NA",,,"eu-central-1",,"Amazon Elastic Compute Cloud",,,,"true"
"D5E7SGDAA33U5F9A","Z2E3P23VKM","D5E7SGDAA33U5F9A.Z2E3P23VKM.6YS6EN2CT7","Reserved","Red Hat Enterprise Linux (Amazon VPC), m7g.large reserved instance applied","2026-09-03","0","Inf","Hrs","0.0796000000","USD",,"3yr","No Upfront","convertible","Compute Instance","AmazonEC2","EU (Frankfurt)","AWS Region","m7g.large","Yes","General purpose","2","AWS Graviton3 Processor","2.5 GHz","8 GiB","EBS only","Up to 12500 Megabit","64-bit",,,,,,,,"Shared","RHEL","No License required",,,,,,,,"EUC1-BoxUsage:m7g.large","RunInstances:0010","NA","Used","false","Up to 10000 Mbps","630 Mbps","NA",,"Yes",,,"NA",,,,,,,,,,,,,,,,"General Purpose",,"No","No","No","OnDemand","4",,"NA",,,"eu-central-1",,"Amazon Elastic Compute Cloud",,,,"true"
"E95SURQGKE6U47B4","JRTCKXETXF","E95SURQGKE6U47B4.JRTCKXETXF.6YS6EN2CT7","OnDemand","$0.00 per Reservation RHEL m7g.large Instance Hour","2026-09-01","0","Inf","Hrs","0.0000000000","USD",,,,,"Compute Instance","AmazonEC2","EU (Frankfurt)","AWS Region","m7g.large","Yes","General purpose","2","AWS Graviton3 Processor","2.5 GHz","8 GiB","EBS only","Up to 12500 Megabit","64-bit",,,,,,,,"Shared","RHEL","No License required",,,,,,,,"EUC1-Reservation:m7g.large","RunInstances:0010","NA","AllocatedCapacityReservation","false","Up to 10000 Mbps","630 Mbps","NA",,"Yes",,,"NA",,,,,,,,,,,,,,,,"General Purpose","D5E7SGDAA33U5F9A","No","No","No","OnDemand","4",,"NA",,,"eu-central-1",,"Amazon Elastic Compute Cloud",,,,"true"
"EF7SMV4UHST5VCJS","JRTCKXETXF","EF7SMV4UHST5VCJS.JRTCKXETXF.6YS6EN2CT7","OnDemand","$0.00 per Red Hat Enterprise Linux with HA m7g.large Dedicated Host Instance hour","2026-09-01","0","Inf","Hrs","0.0000000000","USD",,,,,"Compute Instance","AmazonEC2","EU (Frankfurt)","AWS Region","m7g.large","Yes","General purpose","2","AWS Graviton3 Processor","2.5 GHz","8 GiB","EBS only","Up to 12500 Megabit","64-bit",,,,,,,,"Host","Red Hat Enterprise Linux with HA","No License required",,,,,,,,"EUC1-HostBoxUsage:m7g.large","RunInstances:1010","NA","Used","false","Up to 10000 Mbps","630 Mbps","NA",,"Yes",,,"NA",,,,,,,,,,,,,,,,"General Purpose",,"No","No","No","OnDemand","4",,"NA",,,"eu-central-1",,"Amazon Elastic Compute Cloud",,,,"true"
"EKKMWJAHBD8XSBSY","38NPMPTW36","EKKMWJAHBD8XSBSY.38NPMPTW36.6YS6EN2CT7","Reserved","SUSE Linux (Amazon VPC), m7g.large reserved instance applied","2026-09-03","0","Inf","Hrs","0.0318000000","USD",,"3yr","Partial Upfront","standard","Compute Instance","AmazonEC2","EU (Frankfurt)","AWS Region","m7g.large","Yes","General purpose","2","AWS Graviton3 Processor","2.5 GHz","8 GiB","EBS only","Up to 12500 Megabit","64-bit",,,,,,,,"Shared","SUSE","No License required",,,,,,,,"EUC1-BoxUsage:m7g.large","RunInstances:000g","NA","Used","false","Up to 10000 Mbps","630 Mbps","NA",,"Yes",,,"NA",,,,,,,,,,,,,,,,"General Purpose",,"No","No","No","OnDemand","4",,"NA",,,"eu-central-1",,"Amazon Elastic Compute Cloud",,,,"true"
"EKKMWJAHBD8XSBSY","38NPMPTW36","EKKMWJAHBD8XSBSY.38NPMPTW36.2TG2D8R56U","Reserved","Upfront Fee","2026-09-03",,,"Quantity","835","USD",,"3yr","Partial Upfront","standard","Compute Instance","AmazonEC2","EU (Frankfurt)","AWS Region","m7g.large","Yes","General purpose","2","AWS Graviton3 Processor","2.5 GHz","8 GiB","EBS only","Up to 12500 Megabit","64-bit",,,,,,,,"Shared","SUSE","No License required",,,,,,,,"EUC1-BoxUsage:m7g.large","RunInstances:000g","NA","Used","false","Up to 10000 Mbps","630 Mbps","NA",,"Yes",,,"NA",,,,,,,,,,,,,,,,"General Purpose",,"No","No","No","OnDemand","4",,"NA",,,"eu-central-1",,"Amazon Elastic Compute Cloud",,,,"true"
"EKKMWJAHBD8XSBSY","4NA7Y494T4","EKKMWJAHBD8XSBSY.4NA7Y494T4.6YS6EN2CT7","Reserved","SUSE Linux (Amazon VPC), m7g.large reserved instance applied","2026-09-03","0","Inf","Hrs","0.0897000000","USD",,"1yr","No Upfront","standard","Compute Instance","AmazonEC2","EU (Frankfurt)","AWS Region","m7g.large","Yes","General purpose","2","AWS Graviton3 Processor","2.5 GHz","8 GiB","EBS only","Up to 12500 Megabit","64-bit",,,,,,,,"Shared","SUSE","No License required",,,,,,,,"EUC1-BoxUsage:m7g.large","RunInstances:000g","NA","Used","false","Up to 10000 Mbps","630 Mbps","NA",,"Yes",,,"NA",,,,,,,,,,,,,,,,"General Purpose",,"No","No","No","OnDemand","4",,"NA",,,"eu-central-1",,"Amazon Elastic Compute Cloud",,,,"true"
"EKKMWJAHBD8XSBSY","6QCMYABX3D","EKKMWJAHBD8XSBSY.6QCMYABX3D.6YS6EN2CT7","Reserved","USD 0.0 per SUSE Linux (Amazon VPC), m7g.large reserved instance applied","2026-09-03","0","Inf","Hrs","0.0000000000","USD",,"1yr","All Upfront","standard","Compute Instance","AmazonEC2","EU (Frankfurt)","AWS Region","m7g.large","Yes","General purpose","2","AWS Graviton3 Processor","2.5 GHz","8 GiB","EBS only","Up to 12500 Megabit","64-bit",,,,,,,,"Shared","SUSE","No License required",,,,,,,,"EUC1-BoxUsage:m7g.large","RunInstances:000g","NA","Used","false","Up to 10000 Mbps","630 Mbps","NA",,"Yes",,,"NA",,,,,,,,,,,,,,,,"General Purpose",,"No","No","No","OnDemand","4",,"NA",,,"eu-central-1",,"Amazon Elastic Compute Cloud",,,,"true"
"EKKMWJAHBD8XSBSY","6QCMYABX3D","EKKMWJAHBD8XSBSY.6QCMYABX3D.2TG2D8R56U","Reserved","Upfront Fee","2026-09-03",,,"Quantity","748","USD",,"1yr","All Upfront","standard","Compute Instance","AmazonEC2","EU (Frankfurt)","AWS Region","m7g.large","Yes","General purpose","2","AWS Graviton3 Processor","2.5 GHz","8 GiB","EBS only","Up to 12500 Megabit","64-bit",,,,,,,,"Shared","SUSE","No License required",,,,,,,,"EUC1-BoxUsage:m7g.large","RunInstances:000g","NA","Used","false","Up to 10000 Mbps","630 Mbps","NA",,"Yes",,,"NA",,,,,,,,,,,,,,,,"General Purpose",,"No","No","No","OnDemand","4",,"NA",,,"eu-central-1",,"Amazon Elastic Compute Cloud",,,,"true"
"EKKMWJAHBD8XSBSY","7NE97W5U4E","EKKMWJAHBD8XSBSY.7NE97W5U4E.6YS6EN2CT7","Reserved","SUSE Linux (Amazon VPC), m7g.large reserved instance applied","2026-09-03","0","Inf","Hrs","0.0995000000","USD",,"1yr","No Upfront","convertible","Compute Instance","AmazonEC2","EU (Frankfurt)","AWS Region","m7g.large","Yes","General purpose","2","AWS Graviton3 Processor","2.5 GHz","8 GiB","EBS only","Up to 12500 Megabit","64-bit",,,,,,,,"Shared","SUSE","No License required",,,,,,,,"EUC1-BoxUsage:m7g.large","RunInstances:000g","NA","Used","false","Up to 10000 Mbps","630 Mbps","NA",,"Yes",,,"NA",,,,,,,,,,,,,,,,"General Purpose",,"No","No","No","OnDemand","4",,"NA",,,"eu-central-1",,"Amazon Elastic Compute Cloud",,,,"true"
"EKKMWJAHBD8XSBSY","BPH4J8HBKS","EKKMWJAHBD8XSBSY.BPH4J8HBKS.6YS6EN2CT7","Reserved","SUSE Linux (Amazon VPC), m7g.large reserved instance applied","2026-09-03","0","Inf","Hrs","0.0668000000","USD",,"3yr","No Upfront","standard","Compute Instance","AmazonEC2","EU (Frankfurt)","AWS Region","m7g.large","Yes","General purpose","2","AWS Graviton3 Processor","2.5 GHz","8 GiB","EBS only","Up to 12500 Megabit","64-bit",,,,,,,,"Shared","SUSE","No License required",,,,,,,,"EUC1-BoxUsage:m7g.large","RunInstances:000g","NA","Used","false","Up to 10000 Mbps","630 Mbps","NA",,"Yes",,,"NA",,,,,,,,,,,,,,,,"General Purpose",,"No","No","No","OnDemand","4",,"NA",,,"eu-central-1",,"Amazon Elastic Compute Cloud",,,,"true"
"EKKMWJAHBD8XSBSY","CUZHX8X6JH","EKKMWJAHBD8XSBSY.CUZHX8X6JH.6YS6EN2CT7","Reserved","SUSE Linux (Amazon VPC), m7g.large reserved instance applied","2026-09-03","0","Inf","Hrs","0.0480000000","USD",,"1yr","Partial Upfront","convertible","Compute Instance","AmazonEC2","EU (Frankfurt)","AWS Region","m7g.large","Yes","General purpose","2","AWS Graviton3 Processor","2.5 GHz","8 GiB","EBS only","Up to 12500 Megabit","64-bit",,,,,,,,"Shared","SUSE","No License required",,,,,,,,"EUC1-BoxUsage:m7g.large","RunInstances:000g","NA","Used","false","Up to 10000 Mbps","630 Mbps","NA",,"Yes",,,"NA",,,,,,,,,,,,,,,,"General Purpose",,"No","No","No","OnDemand","4",,"NA",,,"eu-central-1",,"Amazon Elastic Compute Cloud",,,,"true"
"EKKMWJAHBD8XSBSY","CUZHX8X6JH","EKKMWJAHBD8XSBSY.CUZHX8X6JH.2TG2D8R56U","Reserved","Upfront Fee","2026-09-03",,,"Quantity","420","USD",,"1yr","Partial Upfront","convertible","Compute Instance","AmazonEC2","EU (Frankfurt)","AWS Region","m7g.large","Yes","General purpose","2","AWS Graviton3 Processor","2.5 GHz","8 GiB","EBS only","Up to 12500 Megabit","64-bit",,,,,,,,"Shared","SUSE","No License required",,,,,,,,"EUC1-BoxUsage:m7g.large","RunInstances:000g","NA","Used","false","Up to 10000 Mbps","630 Mbps","NA",,"Yes",,,"NA",,,,,,,,,,,,,,,,"General Purpose",,"No","No","No","OnDemand","4",,"NA",,,"eu-central-1",,"Amazon Elastic Compute Cloud",,,,"true"
"EKKMWJAHBD8XSBSY","HU7G6KETJZ","EKKMWJAHBD8XSBSY.HU7G6KETJZ.6YS6EN2CT7","Reserved","SUSE Linux (Amazon VPC), m7g.large reserved instance applied","2026-09-03","0","Inf","Hrs","0.0433000000","USD",,"1yr","Partial Upfront","standard","Compute Instance","AmazonEC2","EU (Frankfurt)","AWS Region","m7g.large","Yes","General purpose","2","AWS Graviton3 Processor","2.5 GHz","8 GiB","EBS only","Up to 12500 Megabit","64-bit",,,,,,,,"Shared","SUSE","No License required",,,,,,,,"EUC1-BoxUsage:m7g.large","RunInstances:000g","NA","Used","false","Up to 10000 Mbps","630 Mbps","NA",,"Yes",,,"NA",,,,,,,,,,,,,,,,"General Purpose",,"No","No","No","OnDemand","4",,"NA",,,"eu-central-1",,"Amazon Elastic Compute Cloud",,,,"true"
"EKKMWJAHBD8XSBSY","HU7G6KETJZ","EKKMWJAHBD8XSBSY.HU7G6KETJZ.2TG2D8R56U","Reserved","Upfront Fee","2026-09-03",,,"Quantity","379","USD",,"1yr","Partial Upfront","standard","Compute Instance","AmazonEC2","EU (Frankfurt)","AWS Region","m7g.large","Yes","General purpose","2","AWS Graviton3 Processor","2.5 GHz","8 GiB","EBS only","Up to 12500 Megabit","64-bit",,,,,,,,"Shared","SUSE","No License required",,,,,,,,"EUC1-BoxUsage:m7g.large","RunInstances:000g","NA","Used","false","Up to 10000 Mbps","630 Mbps","NA",,"Yes",,,"NA",,,,,,,,,,,,,,,,"General Purpose",,"No","No","No","OnDemand","4",,"NA",,,"eu-central-1",,"Amazon Elastic Compute Cloud",,,,"true"
"EKKMWJAHBD8XSBSY","JRTCKXETXF","EKKMWJAHBD8XSBSY.JRTCKXETXF.6YS6EN2CT7","OnDemand","$0.1541 per On Demand SUSE m7g.large Instance Hour","2026-09-01","0","Inf","Hrs","0.1541000000","USD",,,,,"Compute Instance","AmazonEC2","EU (Frankfurt)","AWS Region","m7g.large","Yes","General purpose","2","AWS Graviton3 Processor","2.5 GHz","8 GiB","EBS only","Up to 12500 Megabit","64-bit",,,,,,,,"Shared","SUSE","No License required",,,,,,,,"EUC1-BoxUsage:m7g.large","RunInstances:000g","NA","Used","false","Up to 10000 Mbps","630 Mbps","NA",,"Yes",,,"NA",,,,,,,,,,,,,,,,"General Purpose",,"No","No","No","OnDemand","4",,"NA",,,"eu-central-1",,"Amazon Elastic Compute Cloud",,,,"true"
"EKKMWJAHBD8XSBSY","MZU6U2429S","EKKMWJAHBD8XSBSY.MZU6U2429S.6YS6EN2CT7","Reserved","USD 0.0 per SUSE Linux (Amazon VPC), m7g.large reserved instance applied","2026-09-03","0","Inf","Hrs","0.0000000000","USD",,"3yr","All Upfront","convertible","Compute Instance","AmazonEC2","EU (Frankfurt)","AWS Region","m7g.large","Yes","General purpose","2","AWS Graviton3 Processor","2.5 GHz","8 GiB","EBS only","Up to 12500 Megabit","64-bit",,,,,,,,"Shared","SUSE","No License required",,,,,,,,"EUC1-BoxUsage:m7g.large","RunInstances:000g","NA","Used","false","Up to 10000 Mbps","630 Mbps","NA",,"Yes",,,"NA",,,,,,,,,,,,,,,,"General Purpose",,"No","No","No","OnDemand","4",,"NA",,,"eu-central-1",,"Amazon Elastic Compute Cloud",,,,"true"
"EKKMWJAHBD8XSBSY","MZU6U2429S","EKKMWJAHBD8XSBSY.MZU6U2429S.2TG2D8R56U","Reserved","Upfront Fee","2026-09-03",,,"Quantity","1804","USD",,"3yr","All Upfront","convertible","Compute Instance","AmazonEC2","EU (Frankfurt)","AWS Region","m7g.large","Yes","General purpose","2","AWS Graviton3 Processor","2.5 GHz","8 GiB","EBS only","Up to 12500 Megabit","64-bit",,,,,,,,"Shared","SUSE","No License required",,,,,,,,"EUC1-BoxUsage:m7g.large","RunInstances:000g","NA","Used","false","Up to 10000 Mbps","630 Mbps","NA",,"Yes",,,"NA",,,,,,,,,,,,,,,,"General Purpose",,"No","No","No","OnDemand","4",,"NA",,,"eu-central-1",,"Amazon Elastic Compute Cloud",,,,"true"
"EKKMWJAHBD8XSBSY","NQ3QZPMQV9","EKKMWJAHBD8XSBSY.NQ3QZPMQV9.6YS6EN2CT7","Reserved","USD 0.0 per SUSE Linux (Amazon VPC), m7g.large reserved instance applied","2026-09-03","0","Inf","Hrs","0.0000000000","USD",,"3yr","All Upfront","standard","Compute Instance","AmazonEC2","EU (Frankfurt)","AWS Region","m7g.large","Yes","General purpose","2","AWS Graviton3 Processor","2.5 GHz","8 GiB","EBS only","Up to 12500 Megabit","64-bit",,,,,,,,"Shared","SUSE","No License required",,,,,,,,"EUC1-BoxUsage:m7g.large","RunInstances:000g","NA","Used","false","Up to 10000 Mbps","630 Mbps","NA",,"Yes",,,"NA",,,,,,,,,,,,,,,,"General Purpose",,"No","No","No","OnDemand","4",,"NA",,,"eu-central-1",,"Amazon Elastic Compute Cloud",,,,"true"
"EKKMWJAHBD8XSBSY","NQ3QZPMQV9","EKKMWJAHBD8XSBSY.NQ3QZPMQV9.2TG2D8R56U","Reserved","Upfront Fee","2026-09-03",,,"Quantity","1606","USD",,"3yr","All Upfront","standard","Compute Instance","AmazonEC2","EU (Frankfurt)","AWS Region","m7g.large","Yes","General purpose","2","AWS Graviton3 Processor","2.5 GHz","8 GiB","EBS only","Up to 12500 Megabit","64-bit",,,,,,,,"Shared","SUSE","No License required",,,,,,,,"EUC1-BoxUsage:m7g.large","RunInstances:000g","NA","Used","false","Up to 10000 Mbps","630 Mbps","NA",,"Yes",,,"NA",,,,,,,,,,,,,,,,"General Purpose",,"No","No","No","OnDemand","4",,"NA",,,"eu-central-1",,"Amazon Elastic Compute Cloud",,,,"true"
"EKKMWJAHBD8XSBSY","R5XV2EPZQZ","EKKMWJAHBD8XSBSY.R5XV2EPZQZ.6YS6EN2CT7","Reserved","SUSE Linux (Amazon VPC), m7g.large reserved instance applied","2026-09-03","0","Inf","Hrs","0.0348000000","USD",,"3yr","Partial Upfront","convertible","Compute Instance","AmazonEC2","EU (Frankfurt)","AWS Region","m7g.large","Yes","General purpose","2","AWS Graviton3 Processor","2.5 GHz","8 GiB","EBS only","Up to 12500 Megabit","64-bit",,,,,,,,"Shared","SUSE","No License required",,,,,,,,"EUC1-BoxUsage:m7g.large","RunInstances:000g","NA","Used","false","Up to 10000 Mbps","630 Mbps","NA",,"Yes",,,"NA",,,,,,,,,,,,,,,,"General Purpose",,"No","No","No","OnDemand","4",,"NA",,,"eu-central-1",,"Amazon Elastic Compute Cloud",,,,"true"
"EKKMWJAHBD8XSBSY","R5XV2EPZQZ","EKKMWJAHBD8XSBSY.R5XV2EPZQZ.2TG2D8R56U","Reserved","Upfront Fee","2026-09-03",,,"Quantity","914","USD",,"3yr","Partial Upfront","convertible","Compute Instance","AmazonEC2","EU (Frankfurt)","AWS Region","m7g.large","Yes","General purpose","2","AWS Graviton3 Processor","2.5 GHz","8 GiB","EBS only","Up to 12500 Megabit","64-bit",,,,,,,,"Shared","SUSE","No License required",,,,,,,,"EUC1-BoxUsage:m7g.large","RunInstances:000g","NA","Used","false","Up to 10000 Mbps","630 Mbps","NA",,"Yes",,,"NA",,,,,,,,,,,,,,,,"General Purpose",,"No","No","No","OnDemand","4",,"NA",,,"eu-central-1",,"Amazon Elastic Compute Cloud",,,,"true"
"EKKMWJAHBD8XSBSY","VJWZNREJX2","EKKMWJAHBD8XSBSY.VJWZNREJX2.6YS6EN2CT7","Reserved","USD 0.0 per SUSE Linux (Amazon VPC), m7g.large reserved instance applied","2026-09-03","0","Inf","Hrs","0.0000000000","USD",,"1yr","All Upfront","convertible","Compute Instance","AmazonEC2","EU (Frankfurt)","AWS Region","m7g.large","Yes","General purpose","2","AWS Graviton3 Processor","2.5 GHz","8 GiB","EBS only","Up to 12500 Megabit","64-bit",,,,,,,,"Shared","SUSE","No License required",,,,,,,,"EUC1-BoxUsage:m7g.large","RunInstances:000g","NA","Used","false","Up to 10000 Mbps","630 Mbps","NA",,"Yes",,,"NA",,,,,,,,,,,,,,,,"General Purpose",,"No","No","No","OnDemand","4",,"NA",,,"eu-central-1",,"Amazon Elastic Compute Cloud",,,,"true"
"EKKMWJAHBD8XSBSY","VJWZNREJX2","EKKMWJAHBD8XSBSY.VJWZNREJX2.2TG2D8R56U","Reserved","Upfront Fee","2026-09-03",,,"Quantity","828","USD",,"1yr","All Upfront","convertible","Compute Instance","AmazonEC2","EU (Frankfurt)","AWS Region","m7g.large","Yes","General purpose","2","AWS Graviton3 Processor","2.5 GHz","8 GiB","EBS only","Up to 12500 Megabit","64-bit",,,,,,,,"Shared","SUSE","No License required",,,,,,,,"EUC1-BoxUsage:m7g.large","RunInstances:000g","NA","Used","false","Up to 10000 Mbps","630 Mbps","NA",,"Yes",,,"NA",,,,,,,,,,,,,,,,"General Purpose",,"No","No","No","OnDemand","4",,"NA",,,"eu-central-1",,"Amazon Elastic Compute Cloud",,,,"true"
"EKKMWJAHBD8XSBSY","Z2E3P23VKM","EKKMWJAHBD8XSBSY.Z2E3P23VKM.6YS6EN2CT7","Reserved","SUSE Linux (Amazon VPC), m7g.large reserved instance applied","2026-09-03","0","Inf","Hrs","0.0733000000","USD",,"3yr","No Upfront","convertible","Compute Instance","AmazonEC2","EU (Frankfurt)","AWS Region","m7g.large","Yes","General purpose","2","AWS Graviton3 Processor","2.5 GHz","8 GiB","EBS only","Up to 12500 Megabit","64-bit",,,,,,,,"Shared","SUSE","No License required",,,,,,,,"EUC1-BoxUsage:m7g.large","RunInstances:000g","NA","Used","false","Up to 10000 Mbps","630 Mbps","NA",,"Yes",,,"NA",,,,,,,,,,,,,,,,"General Purpose",,"No","No","No","OnDemand","4",,"NA",,,"eu-central-1",,"Amazon Elastic Compute Cloud",,,,"true"
"FSTBEUVHFUDTGVCY","JRTCKXETXF","FSTBEUVHFUDTGVCY.JRTCKXETXF.6YS6EN2CT7","OnDemand","$0.00 per Dedicated Reservation RHEL m7g.large Instance Hour","2026-09-01","0","Inf","Hrs","0.0000000000","USD",,,,,"Compute Instance","AmazonEC2","EU (Frankfurt)","AWS Region","m7g.large","Yes","General purpose","2","AWS Graviton3 Processor","2.5 GHz","8 GiB","EBS only","Up to 12500 Megabit","64-bit",,,,,,,,"Dedicated","RHEL","No License required",,,,,,,,"EUC1-DedicatedRes:m7g.large","RunInstances:0010","NA","AllocatedCapacityReservation","false","Up to 10000 Mbps","630 Mbps","NA",,"Yes",,,"NA",,,,,,,,,,,,,,,,"General Purpose","3XQCPPS2PNZ68HBW","No","No","No","OnDemand","4",,"NA",,,"eu-central-1",,"Amazon Elastic Compute Cloud",,,,"true"
"HHNEEY3GYT5SBZRN","JRTCKXETXF","HHNEEY3GYT5SBZRN.JRTCKXETXF.6YS6EN2CT7","OnDemand","$0.00 per Reservation SUSE m7g.large Instance Hour","2026-09-01","0","Inf","Hrs","0.0000000000","USD",,,,,"Compute Instance","AmazonEC2","EU (Frankfurt)","AWS Region","m7g.large","Yes","General purpose","2","AWS Graviton3 Processor","2.5 GHz","8 GiB","EBS only","Up to 12500 Megabit","64-bit",,,,,,,,"Shared","SUSE","No License required",,,,,,,,"EUC1-Reservation:m7g.large","RunInstances:000g","NA","AllocatedCapacityReservation","false","Up to 10000 Mbps","630 Mbps","NA",,"Yes",,,"NA",,,,,,,,,,,,,,,,"General Purpose","EKKMWJAHBD8XSBSY","No","No","No","OnDemand","4",,"NA",,,"eu-central-1",,"Amazon Elastic Compute Cloud",,,,"true"
"K4928B3J8DWBF2RH","JRTCKXETXF","K4928B3J8DWBF2RH.JRTCKXETXF.6YS6EN2CT7","OnDemand","$0.00 per Dedicated Reservation SUSE m7g.large Instance Hour","2026-09-01","0","Inf","Hrs","0.0000000000","USD",,,,,"Compute Instance","AmazonEC2","EU (Frankfurt)","AWS Region","m7g.large","Yes","General purpose","2","AWS Graviton3 Processor","2.5 GHz","8 GiB","EBS only","Up to 12500 Megabit","64-bit",,,,,,,,"Dedicated","SUSE","No License required",,,,,,,,"EUC1-DedicatedRes:m7g.large","RunInstances:000g","NA","AllocatedCapacityReservation","false","Up to 10000 Mbps","630 Mbps","NA",,"Yes",,,"NA",,,,,,,,,,,,,,,,"General Purpose","6T3FERY8E5F4ER5S","No","No","No","OnDemand","4",,"NA",,,"eu-central-1",,"Amazon Elastic Compute Cloud",,,,"true"
"KMHD7U6V2V2YRKNM","JRTCKXETXF","KMHD7U6V2V2YRKNM.JRTCKXETXF.6YS6EN2CT7","OnDemand","$0.1074 per Dedicated Ubuntu Pro m7g.large Instance Hour","2026-09-01","0","Inf","Hrs","0.1074000000","USD",,,,,"Compute Instance","AmazonEC2","EU (Frankfurt)","AWS Region","m7g.large","Yes","General purpose","2","AWS Graviton3 Processor","2.5 GHz","8 GiB","EBS only","Up to 12500 Megabit","64-bit",,,,,,,,"Dedicated","Ubuntu Pro","No License required",,,,,,,,"EUC1-DedicatedUsage:m7g.large","RunInstances:0g00","NA","Used","false","Up to 10000 Mbps","630 Mbps","NA",,"Yes",,,"NA",,,,,,,,,,,,,,,,"General Purpose",,"No","No","No","OnDemand","4",,"NA",,,"eu-central-1",,"Amazon Elastic Compute Cloud",,,,"true"
"M9W7YDE7UM8Q5EN6","JRTCKXETXF","M9W7YDE7UM8Q5EN6.JRTCKXETXF.6YS6EN2CT7","OnDemand","$0.00 per Reservation Ubuntu Pro m7g.large Instance Hour","2026-09-01","0","Inf","Hrs","0.0000000000","USD",,,,,"Compute Instance","AmazonEC2","EU (Frankfurt)","AWS Region","m7g.large","Yes","General purpose","2","AWS Graviton3 Processor","2.5 GHz","8 GiB","EBS only","Up to 12500 Megabit","64-bit",,,,,,,,"Shared","Ubuntu Pro","No License required",,,,,,,,"EUC1-Reservation:m7g.large","RunInstances:0g00","NA","AllocatedCapacityReservation","false","Up to 10000 Mbps","630 Mbps","NA",,"Yes",,,"NA",,,,,,,,,,,,,,,,"General Purpose","NEZ9ATMDWS88R9EM","No","No","No","OnDemand","4",,"NA",,,"eu-central-1",,"Amazon Elastic Compute Cloud",,,,"true"
"MZ6ER9GKP3KQFH53","JRTCKXETXF","MZ6ER9GKP3KQFH53.JRTCKXETXF.6YS6EN2CT7","OnDemand","$0.00 per Dedicated Reservation Ubuntu Pro m7g.large Instance Hour","2026-09-01","0","Inf","Hrs","0.0000000000","USD",,,,,"Compute Instance","AmazonEC2","EU (Frankfurt)","AWS Region","m7g.large","Yes","General purpose","2","AWS Graviton3 Processor","2.5 GHz","8 GiB","EBS only","Up to 12500 Megabit","64-bit",,,,,,,,"Dedicated","Ubuntu Pro","No License required",,,,,,,,"EUC1-DedicatedRes:m7g.large","RunInstances:0g00","NA","AllocatedCapacityReservation","false","Up to 10000 Mbps","630 Mbps","NA",,"Yes",,,"NA",,,,,,,,,,,,,,,,"General Purpose","KMHD7U6V2V2YRKNM","No","No","No","OnDemand","4",,"NA",,,"eu-central-1",,"Amazon Elastic Compute Cloud",,,,"true"
"NEZ9ATMDWS88R9EM","JRTCKXETXF","NEZ9ATMDWS88R9EM.JRTCKXETXF.6YS6EN2CT7","OnDemand","$0.1013 per On Demand Ubuntu Pro m7g.large Instance Hour","2026-09-01","0","Inf","Hrs","0.1013000000","USD",,,,,"Compute Instance","AmazonEC2","EU (Frankfurt)","AWS Region","m7g.large","Yes","General purpose","2","AWS Graviton3 Processor","2.5 GHz","8 GiB","EBS only","Up to 12500 Megabit","64-bit",,,,,,,,"Shared","Ubuntu Pro","No License required",,,,,,,,"EUC1-BoxUsage:m7g.large","RunInstances:0g00","NA","Used","false","Up to 10000 Mbps","630 Mbps","NA",,"Yes",,,"NA",,,,,,,,,,,,,,,,"General Purpose",,"No","No","No","OnDemand","4",,"NA",,,"eu-central-1",,"Amazon Elastic Compute Cloud",,,,"true"
"QKAAD7PPQVMD744P","JRTCKXETXF","QKAAD7PPQVMD744P.JRTCKXETXF.6YS6EN2CT7","OnDemand","$0.1602 per Dedicated Unused Reservation SUSE m7g.large Instance Hour","2026-09-01","0","Inf","Hrs","0.1602000000","USD",,,,,"Compute Instance","AmazonEC2","EU (Frankfurt)","AWS Region","m7g.large","Yes","General purpose","2","AWS Graviton3 Processor","2.5 GHz","8 GiB","EBS only","Up to 12500 Megabit","64-bit",,,,,,,,"Dedicated","SUSE","No License required",,,,,,,,"EUC1-UnusedDed:m7g.large","RunInstances:000g","NA","UnusedCapacityReservation","false","Up to 10000 Mbps","630 Mbps","NA",,"Yes",,,"NA",,,,,,,,,,,,,,,,"General Purpose","6T3FERY8E5F4ER5S","No","No","No","OnDemand","4",,"NA",,,"eu-central-1",,"Amazon Elastic Compute Cloud",,,,"true"
"QNEE9V63NZ9QMT4N","JRTCKXETXF","QNEE9V63NZ9QMT4N.JRTCKXETXF.6YS6EN2CT7","OnDemand","$0.1541 per Unused Reservation SUSE m7g.large Instance Hour","2026-09-01","0","Inf","Hrs","0.1541000000","USD",,,,,"Compute Instance","AmazonEC2","EU (Frankfurt)","AWS Region","m7g.large","Yes","General purpose","2","AWS Graviton3 Processor","2.5 GHz","8 GiB","EBS only","Up to 12500 Megabit","64-bit",,,,,,,,"Shared","SUSE","No License required",,,,,,,,"EUC1-UnusedBox:m7g.large","RunInstances:000g","NA","UnusedCapacityReservation","false","Up to 10000 Mbps","630 Mbps","NA",,"Yes",,,"NA",,,,,,,,,,,,,,,,"General Purpose","EKKMWJAHBD8XSBSY","No","No","No","OnDemand","4",,"NA",,,"eu-central-1",,"Amazon Elastic Compute Cloud",,,,"true"
"QSBG3NMW4N62E78D","JRTCKXETXF","QSBG3NMW4N62E78D.JRTCKXETXF.6YS6EN2CT7","OnDemand","$0.1013 per Unused Reservation Ubuntu Pro m7g.large Instance Hour","2026-09-01","0","Inf","Hrs","0.1013000000","USD",,,,,"Compute Instance","AmazonEC2","EU (Frankfurt)","AWS Region","m7g.large","Yes","General purpose","2","AWS Graviton3 Processor","2.5 GHz","8 GiB","EBS only","Up to 12500 Megabit","64-bit",,,,,,,,"Shared","Ubuntu Pro","No License required",,,,,,,,"EUC1-UnusedBox:m7g.large","RunInstances:0g00","NA","UnusedCapacityReservation","false","Up to 10000 Mbps","630 Mbps","NA",,"Yes",,,"NA",,,,,,,,,,,,,,,,"General Purpose","NEZ9ATMDWS88R9EM","No","No","No","OnDemand","4",,"NA",,,"eu-central-1",,"Amazon Elastic Compute Cloud",,,,"true"
"RFDBCE6NXT5A3AW5","JRTCKXETXF","RFDBCE6NXT5A3AW5.JRTCKXETXF.6YS6EN2CT7","OnDemand","$0.1677 per Dedicated Unused Reservation Red Hat Enterprise Linux with HA m7g.large Instance Hour","2026-09-01","0","Inf","Hrs","0.1677000000","USD",,,,,"Compute Instance","AmazonEC2","EU (Frankfurt)","AWS Region","m7g.large","Yes","General purpose","2","AWS Graviton3 Processor","2.5 GHz","8 GiB","EBS only","Up to 12500 Megabit","64-bit",,,,,,,,"Dedicated","Red Hat Enterprise Linux with HA","No License required",,,,,,,,"EUC1-UnusedDed:m7g.large","RunInstances:1010","NA","UnusedCapacityReservation","false","Up to 10000 Mbps","630 Mbps","NA",,"Yes",,,"NA",,,,,,,,,,,,,,,,"General Purpose","CFPNYS3TTZY429TS","No","No","No","OnDemand","4",,"NA",,,"eu-central-1",,"Amazon Elastic Compute Cloud",,,,"true"
"RUY7GJ42JWS67H7W","JRTCKXETXF","RUY7GJ42JWS67H7W.JRTCKXETXF.6YS6EN2CT7","OnDemand","$0.00 per RHEL m7g.large Dedicated Host Instance hour","2026-09-01","0","Inf","Hrs","0.0000000000","USD",,,,,"Compute Instance","AmazonEC2","EU (Frankfurt)","AWS Region","m7g.large","Yes","General purpose","2","AWS Graviton3 Processor","2.5 GHz","8 GiB","EBS only","Up to 12500 Megabit","64-bit",,,,,,,,"Host","RHEL","No License required",,,,,,,,"EUC1-HostBoxUsage:m7g.large","RunInstances:0010","NA","Used","false","Up to 10000 Mbps","630 Mbps","NA",,"Yes",,,"NA",,,,,,,,,,,,,,,,"General Purpose",,"No","No","No","OnDemand","4",,"NA",,,"eu-central-1",,"Amazon Elastic Compute Cloud",,,,"true"
"SRWRSY2QKNKCUSTZ","JRTCKXETXF","SRWRSY2QKNKCUSTZ.JRTCKXETXF.6YS6EN2CT7","OnDemand","$0.00 per Reservation Linux m7g.large Instance Hour","2026-09-01","0","Inf","Hrs","0.0000000000","USD",,,,,"Compute Instance","AmazonEC2","EU (Frankfurt)","AWS Region","m7g.large","Yes","General purpose","2","AWS Graviton3 Processor","2.5 GHz","8 GiB","EBS only","Up to 12500 Megabit","64-bit",,,,,,,,"Shared","Linux","No License required",,,,,,,,"EUC1-Reservation:m7g.large","RunInstances","NA","AllocatedCapacityReservation","false","Up to 10000 Mbps","630 Mbps","NA",,"Yes",,,"NA",,,,,,,,,,,,,,,,"General Purpose","8X9A6TET3DR25ZYA","No","No","No","OnDemand","4",,"NA",,,"eu-central-1",,"Amazon Elastic Compute Cloud",,,,"true"
"TD49FJCDCRZSPGH4","38NPMPTW36","TD49FJCDCRZSPGH4.38NPMPTW36.6YS6EN2CT7","Reserved","Linux/UNIX (Amazon VPC), m7g.large reserved instance applied","2026-09-03","0","Inf","Hrs","0.0236000000","USD",,"3yr","Partial Upfront","standard","Compute Instance","AmazonEC2","EU (Frankfurt)","AWS Region","m7g.large","Yes","General purpose","2","AWS Graviton3 Processor","2.5 GHz","8 GiB","EBS only","Up to 12500 Megabit","64-bit",,,,,,,,"Dedicated","Linux","No License required",,,,,,,,"EUC1-DedicatedUsage:m7g.large","RunInstances","NA","Used","false","Up to 10000 Mbps","630 Mbps","NA",,"Yes",,,"NA",,,,,,,,,,,,,,,,"General Purpose",,"No","No","No","OnDemand","4",,"NA",,,"eu-central-1",,"Amazon Elastic Compute Cloud",,,,"true"
"TD49FJCDCRZSPGH4","38NPMPTW36","TD49FJCDCRZSPGH4.38NPMPTW36.2TG2D8R56U","Reserved","Upfront Fee","2026-09-03",,,"Quantity","620","USD",,"3yr","Partial Upfront","standard","Compute Instance","AmazonEC2","EU (Frankfurt)","AWS Region","m7g.large","Yes","General purpose","2","AWS Graviton3 Processor","2.5 GHz","8 GiB","EBS only","Up to 12500 Megabit","64-bit",,,,,,,,"Dedicated","Linux","No License required",,,,,,,,"EUC1-DedicatedUsage:m7g.large","RunInstances","NA","Used","false","Up to 10000 Mbps","630 Mbps","NA",,"Yes",,,"NA",,,,,,,,,,,,,,,,"General Purpose",,"No","No","No","OnDemand","4",,"NA",,,"eu-central-1",,"Amazon Elastic Compute Cloud",,,,"true"
"TD49FJCDCRZSPGH4","4NA7Y494T4","TD49FJCDCRZSPGH4.4NA7Y494T4.6YS6EN2CT7","Reserved","Linux/UNIX (Amazon VPC), m7g.large reserved instance applied","2026-09-03","0","Inf","Hrs","0.0708000000","USD",,"1yr","No Upfront","standard","Compute Instance","AmazonEC2","EU (Frankfurt)","AWS Region","m7g.large","Yes","General purpose","2","AWS Graviton3 Processor","2.5 GHz","8 GiB","EBS only","Up to 12500 Megabit","64-bit",,,,,,,,"Dedicated","Linux","No License required",,,,,,,,"EUC1-DedicatedUsage:m7g.large","RunInstances","NA","Used","false","Up to 10000 Mbps","630 Mbps","NA",,"Yes",,,"NA",,,,,,,,,,,,,,,,"General Purpose",,"No","No","No","OnDemand","4",,"NA",,,"eu-central-1",,"Amazon Elastic Compute Cloud",,,,"true"
"TD49FJCDCRZSPGH4","6QCMYABX3D","TD49FJCDCRZSPGH4.6QCMYABX3D.6YS6EN2CT7","Reserved","USD 0.0 per Linux/UNIX (Amazon VPC), m7g.large reserved instance applied","2026-09-03","0","Inf","Hrs","0.0000000000","USD",,"1yr","All Upfront","standard","Compute Instance","AmazonEC2","EU (Frankfurt)","AWS Region","m7g.large","Yes","General purpose","2","AWS Graviton3 Processor","2.5 GHz","8 GiB","EBS only","Up to 12500 Megabit","64-bit",,,,,,,,"Dedicated","Linux","No License required",,,,,,,,"EUC1-DedicatedUsage:m7g.large","RunInstances","NA","Used","false","Up to 10000 Mbps","630 Mbps","NA",,"Yes",,,"NA",,,,,,,,,,,,,,,,"General Purpose",,"No","No","No","OnDemand","4",,"NA",,,"eu-central-1",,"Amazon Elastic Compute Cloud",,,,"true"
"TD49FJCDCRZSPGH4","6QCMYABX3D","TD49FJCDCRZSPGH4.6QCMYABX3D.2TG2D8R56U","Reserved","Upfront Fee","2026-09-03",,,"Quantity","583","USD",,"1yr","All Upfront","standard","Compute Instance","AmazonEC2","EU (Frankfurt)","AWS Region","m7g.large","Yes","General purpose","2","AWS Graviton3 Processor","2.5 GHz","8 GiB","EBS only","Up to 12500 Megabit","64-bit",,,,,,,,"Dedicated","Linux","No License required",,,,,,,,"EUC1-DedicatedUsage:m7g.large","RunInstances","NA","Used","false","Up to 10000 Mbps","630 Mbps","NA",,"Yes",,,"NA",,,,,,,,,,,,,,,,"General Purpose",,"No","No","No","OnDemand","4",,"NA",,,"eu-central-1",,"Amazon Elastic Compute Cloud",,,,"true"
"TD49FJCDCRZSPGH4","7NE97W5U4E","TD49FJCDCRZSPGH4.7NE97W5U4E.6YS6EN2CT7","Reserved","Linux/UNIX (Amazon VPC), m7g.large reserved instance applied","2026-09-03","0","Inf","Hrs","0.0807000000","USD",,"1yr","No Upfront","convertible","Compute Instance","AmazonEC2","EU (Frankfurt)","AWS Region","m7g.large","Yes","General purpose","2","AWS Graviton3 Processor","2.5 GHz","8 GiB","EBS only","Up to 12500 Megabit","64-bit",,,,,,,,"Dedicated","Linux","No License required",,,,,,,,"EUC1-DedicatedUsage:m7g.large","RunInstances","NA","Used","false","Up to 10000 Mbps","630 Mbps","NA",,"Yes",,,"NA",,,,,,,,,,,,,,,,"General Purpose",,"No","No","No","OnDemand","4",,"NA",,,"eu-central-1",,"Amazon Elastic Compute Cloud",,,,"true"
"TD49FJCDCRZSPGH4","BPH4J8HBKS","TD49FJCDCRZSPGH4.BPH4J8HBKS.6YS6EN2CT7","Reserved","Linux/UNIX (Amazon VPC), m7g.large reserved instance applied","2026-09-03","0","Inf","Hrs","0.0505000000","USD",,"3yr","No Upfront","standard","Compute Instance","AmazonEC2","EU (Frankfurt)","AWS Region","m7g.large","Yes","General purpose","2","AWS Graviton3 Processor","2.5 GHz","8 GiB","EBS only","Up to 12500 Megabit","64-bit",,,,,,,,"Dedicated","Linux","No License required",,,,,,,,"EUC1-DedicatedUsage:m7g.large","RunInstances","NA","Used","false","Up to 10000 Mbps","630 Mbps","NA",,"Yes",,,"NA",,,,,,,,,,,,,,,,"General Purpose",,"No","No","No","OnDemand","4",,"NA",,,"eu-central-1",,"Amazon Elastic Compute Cloud",,,,"true"
"TD49FJCDCRZSPGH4","CUZHX8X6JH","TD49FJCDCRZSPGH4.CUZHX8X6JH.6YS6EN2CT7","Reserved","Linux/UNIX (Amazon VPC), m7g.large reserved instance applied","2026-09-03","0","Inf","Hrs","0.0386000000","USD",,"1yr","Partial Upfront","convertible","Compute Instance","AmazonEC2","EU (Frankfurt)","AWS Region","m7g.large","Yes","General purpose","2","AWS Graviton3 Processor","2.5 GHz","8 GiB","EBS only","Up to 12500 Megabit","64-bit",,,,,,,,"Dedicated","Linux","No License required",,,,,,,,"EUC1-DedicatedUsage:m7g.large","RunInstances","NA","Used","false","Up to 10000 Mbps","630 Mbps","NA",,"Yes",,,"NA",,,,,,,,,,,,,,,,"General Purpose",,"No","No","No","OnDemand","4",,"NA",,,"eu-central-1",,"Amazon Elastic Compute Cloud",,,,"true"
"TD49FJCDCRZSPGH4","CUZHX8X6JH","TD49FJCDCRZSPGH4.CUZHX8X6JH.2TG2D8R56U","Reserved","Upfront Fee","2026-09-03",,,"Quantity","338","USD",,"1yr","Partial Upfront","convertible","Compute Instance","AmazonEC2","EU (Frankfurt)","AWS Region","m7g.large","Yes","General purpose","2","AWS Graviton3 Processor","2.5 GHz","8 GiB","EBS only","Up to 12500 Megabit","64-bit",,,,,,,,"Dedicated","Linux","No License required",,,,,,,,"EUC1-DedicatedUsage:m7g.large","RunInstances","NA","Used","false","Up to 10000 Mbps","630 Mbps","NA",,"Yes",,,"NA",,,,,,,,,,,,,,,,"General Purpose",,"No","No","No","OnDemand","4",,"NA",,,"eu-central-1",,"Amazon Elastic Compute Cloud",,,,"true"
"TD49FJCDCRZSPGH4","HU7G6KETJZ","TD49FJCDCRZSPGH4.HU7G6KETJZ.6YS6EN2CT7","Reserved","Linux/UNIX (Amazon VPC), m7g.large reserved instance applied","2026-09-03","0","Inf","Hrs","0.0339000000","USD",,"1yr","Partial Upfront","standard","Compute Instance","AmazonEC2","EU (Frankfurt)","AWS Region","m7g.large","Yes","General purpose","2","AWS Graviton3 Processor","2.5 GHz","8 GiB","EBS only","Up to 12500 Megabit","64-bit",,,,,,,,"Dedicated","Linux","No License required",,,,,,,,"EUC1-DedicatedUsage:m7g.large","RunInstances","NA","Used","false","Up to 10000 Mbps","630 Mbps","NA",,"Yes",,,"NA",,,,,,,,,,,,,,,,"General Purpose",,"No","No","No","OnDemand","4",,"NA",,,"eu-central-1",,"Amazon Elastic Compute Cloud",,,,"true"
"TD49FJCDCRZSPGH4","HU7G6KETJZ","TD49FJCDCRZSPGH4.HU7G6KETJZ.2TG2D8R56U","Reserved","Upfront Fee","2026-09-03",,,"Quantity","297","USD",,"1yr","Partial Upfront","standard","Compute Instance","AmazonEC2","EU (Frankfurt)","AWS Region","m7g.large","Yes","General purpose","2","AWS Graviton3 Processor","2.5 GHz","8 GiB","EBS only","Up to 12500 Megabit","64-bit",,,,,,,,"Dedicated","Linux","No License required",,,,,,,,"EUC1-DedicatedUsage:m7g.large","RunInstances","NA","Used","false","Up to 10000 Mbps","630 Mbps","NA",,"Yes",,,"NA",,,,,,,,,,,,,,,,"General Purpose",,"No","No","No","OnDemand","4",,"NA",,,"eu-central-1",,"Amazon Elastic Compute Cloud",,,,"true"
"TD49FJCDCRZSPGH4","JRTCKXETXF","TD49FJCDCRZSPGH4.JRTCKXETXF.6YS6EN2CT7","OnDemand","$0.1039 per Dedicated Linux m7g.large Instance Hour","2026-09-01","0","Inf","Hrs","0.1039000000","USD",,,,,"Compute Instance","AmazonEC2","EU (Frankfurt)","AWS Region","m7g.large","Yes","General purpose","2","AWS Graviton3 Processor","2.5 GHz","8 GiB","EBS only","Up to 12500 Megabit","64-bit",,,,,,,,"Dedicated","Linux","No License required",,,,,,,,"EUC1-DedicatedUsage:m7g.large","RunInstances","NA","Used","false","Up to 10000 Mbps","630 Mbps","NA",,"Yes",,,"NA",,,,,,,,,,,,,,,,"General Purpose",,"No","No","No","OnDemand","4",,"NA",,,"eu-central-1",,"Amazon Elastic Compute Cloud",,,,"true"
"TD49FJCDCRZSPGH4","MZU6U2429S","TD49FJCDCRZSPGH4.MZU6U2429S.6YS6EN2CT7","Reserved","USD 0.0 per Linux/UNIX (Amazon VPC), m7g.large reserved instance applied","2026-09-03","0","Inf","Hrs","0.0000000000","USD",,"3yr","All Upfront","convertible","Compute Instance","AmazonEC2","EU (Frankfurt)","AWS Region","m7g.large","Yes","General purpose","2","AWS Graviton3 Processor","2.5 GHz","8 GiB","EBS only","Up to 12500 Megabit","64-bit",,,,,,,,"Dedicated","Linux","No License required",,,,,,,,"EUC1-DedicatedUsage:m7g.large","RunInstances","NA","Used","false","Up to 10000 Mbps","630 Mbps","NA",,"Yes",,,"NA",,,,,,,,,,,,,,,,"General Purpose",,"No","No","No","OnDemand","4",,"NA",,,"eu-central-1",,"Amazon Elastic Compute Cloud",,,,"true"
"TD49FJCDCRZSPGH4","MZU6U2429S","TD49FJCDCRZSPGH4.MZU6U2429S.2TG2D8R56U","Reserved","Upfront Fee","2026-09-03",,,"Quantity","1374","USD",,"3yr","All Upfront","convertible","Compute Instance","AmazonEC2","EU (Frankfurt)","AWS Region","m7g.large","Yes","General purpose","2","AWS Graviton3 Processor","2.5 GHz","8 GiB","EBS only","Up to 12500 Megabit","64-bit",,,,,,,,"Dedicated","Linux","No License required",,,,,,,,"EUC1-DedicatedUsage:m7g.large","RunInstances","NA","Used","false","Up to 10000 Mbps","630 Mbps","NA",,"Yes",,,"NA",,,,,,,,,,,,,,,,"General Purpose",,"No","No","No","OnDemand","4",,"NA",,,"eu-central-1",,"Amazon Elastic Compute Cloud",,,,"true"
"TD49FJCDCRZSPGH4","NQ3QZPMQV9","TD49FJCDCRZSPGH4.NQ3QZPMQV9.6YS6EN2CT7","Reserved","USD 0.0 per Linux/UNIX (Amazon VPC), m7g.large reserved instance applied","2026-09-03","0","Inf","Hrs","0.0000000000","USD",,"3yr","All Upfront","standard","Compute Instance","AmazonEC2","EU (Frankfurt)","AWS Region","m7g.large","Yes","General purpose","2","AWS Graviton3 Processor","2.5 GHz","8 GiB","EBS only","Up to 12500 Megabit","64-bit",,,,,,,,"Dedicated","Linux","No License required",,,,,,,,"EUC1-DedicatedUsage:m7g.large","RunInstances","NA","Used","false","Up to 10000 Mbps","630 Mbps","NA",,"Yes",,,"NA",,,,,,,,,,,,,,,,"General Purpose",,"No","No","No","OnDemand","4",,"NA",,,"eu-central-1",,"Amazon Elastic Compute Cloud",,,,"true"
"TD49FJCDCRZSPGH4","NQ3QZPMQV9","TD49FJCDCRZSPGH4.NQ3QZPMQV9.2TG2D8R56U","Reserved","Upfront Fee","2026-09-03",,,"Quantity","1176","USD",,"3yr","All Upfront","standard","Compute Instance","AmazonEC2","EU (Frankfurt)","AWS Region","m7g.large","Yes","General purpose","2","AWS Graviton3 Processor","2.5 GHz","8 GiB","EBS only","Up to 12500 Megabit","64-bit",,,,,,,,"Dedicated","Linux","No License required",,,,,,,,"EUC1-DedicatedUsage:m7g.large","RunInstances","NA","Used","false","Up to 10000 Mbps","630 Mbps","NA",,"Yes",,,"NA",,,,,,,,,,,,,,,,"General Purpose",,"No","No","No","OnDemand","4",,"NA",,,"eu-central-1",,"Amazon Elastic Compute Cloud",,,,"true"
"TD49FJCDCRZSPGH4","R5XV2EPZQZ","TD49FJCDCRZSPGH4.R5XV2EPZQZ.6YS6EN2CT7","Reserved","Linux/UNIX (Amazon VPC), m7g.large reserved instance applied","2026-09-03","0","Inf","Hrs","0.0266000000","USD",,"3yr","Partial Upfront","convertible","Compute Instance","AmazonEC2","EU (Frankfurt)","AWS Region","m7g.large","Yes","General purpose","2","AWS Graviton3 Processor","2.5 GHz","8 GiB","EBS only","Up to 12500 Megabit","64-bit",,,,,,,,"Dedicated","Linux","No License required",,,,,,,,"EUC1-DedicatedUsage:m7g.large","RunInstances","NA","Used","false","Up to 10000 Mbps","630 Mbps","NA",,"Yes",,,"NA",,,,,,,,,,,,,,,,"General Purpose",,"No","No","No","OnDemand","4",,"NA",,,"eu-central-1",,"Amazon Elastic Compute Cloud",,,,"true"
"TD49FJCDCRZSPGH4","R5XV2EPZQZ","TD49FJCDCRZSPGH4.R5XV2EPZQZ.2TG2D8R56U","Reserved","Upfront Fee","2026-09-03",,,"Quantity","700","USD",,"3yr","Partial Upfront","convertible","Compute Instance","AmazonEC2","EU (Frankfurt)","AWS Region","m7g.large","Yes","General purpose","2","AWS Graviton3 Processor","2.5 GHz","8 GiB","EBS only","Up to 12500 Megabit","64-bit",,,,,,,,"Dedicated","Linux","No License required",,,,,,,,"EUC1-DedicatedUsage:m7g.large","RunInstances","NA","Used","false","Up to 10000 Mbps","630 Mbps","NA",,"Yes",,,"NA",,,,,,,,,,,,,,,,"General Purpose",,"No","No","No","OnDemand","4",,"NA",,,"eu-central-1",,"Amazon Elastic Compute Cloud",,,,"true"
"TD49FJCDCRZSPGH4","VJWZNREJX2","TD49FJCDCRZSPGH4.VJWZNREJX2.6YS6EN2CT7","Reserved","USD 0.0 per Linux/UNIX (Amazon VPC), m7g.large reserved instance applied","2026-09-03","0","Inf","Hrs","0.0000000000","USD",,"1yr","All Upfront","convertible","Compute Instance","AmazonEC2","EU (Frankfurt)","AWS Region","m7g.large","Yes","General purpose","2","AWS Graviton3 Processor","2.5 GHz","8 GiB","EBS only","Up to 12500 Megabit","64-bit",,,,,,,,"Dedicated","Linux","No License required",,,,,,,,"EUC1-DedicatedUsage:m7g.large","RunInstances","NA","Used","false","Up to 10000 Mbps","630 Mbps","NA",,"Yes",,,"NA",,,,,,,,,,,,,,,,"General Purpose",,"No","No","No","OnDemand","4",,"NA",,,"eu-central-1",,"Amazon Elastic Compute Cloud",,,,"true"
"TD49FJCDCRZSPGH4","VJWZNREJX2","TD49FJCDCRZSPGH4.VJWZNREJX2.2TG2D8R56U","Reserved","Upfront Fee","2026-09-03",,,"Quantity","663","USD",,"1yr","All Upfront","convertible","Compute Instance","AmazonEC2","EU (Frankfurt)","AWS Region","m7g.large","Yes","General purpose","2","AWS Graviton3 Processor","2.5 GHz","8 GiB","EBS only","Up to 12500 Megabit","64-bit",,,,,,,,"Dedicated","Linux","No License required",,,,,,,,"EUC1-DedicatedUsage:m7g.large","RunInstances","NA","Used","false","Up to 10000 Mbps","630 Mbps","NA",,"Yes",,,"NA",,,,,,,,,,,,,,,,"General Purpose",,"No","No","No","OnDemand","4",,"NA",,,"eu-central-1",,"Amazon Elastic Compute Cloud",,,,"true"
"TD49FJCDCRZSPGH4","Z2E3P23VKM","TD49FJCDCRZSPGH4.Z2E3P23VKM.6YS6EN2CT7","Reserved","Linux/UNIX (Amazon VPC), m7g.large reserved instance applied","2026-09-03","0","Inf","Hrs","0.0570000000","USD",,"3yr","No Upfront","convertible","Compute Instance","AmazonEC2","EU (Frankfurt)","AWS Region","m7g.large","Yes","General purpose","2","AWS Graviton3 Processor","2.5 GHz","8 GiB","EBS only","Up to 12500 Megabit","64-bit",,,,,,,,"Dedicated","Linux","No License required",,,,,,,,"EUC1-DedicatedUsage:m7g.large","RunInstances","NA","Used","false","Up to 10000 Mbps","630 Mbps","NA",,"Yes",,,"NA",,,,,,,,,,,,,,,,"General Purpose",,"No","No","No","OnDemand","4",,"NA",,,"eu-central-1",,"Amazon Elastic Compute Cloud",,,,"true"
"TPAUAZV5U98BSSE8","JRTCKXETXF","TPAUAZV5U98BSSE8.JRTCKXETXF.6YS6EN2CT7","OnDemand","$0.00 per Linux m7g.large Dedicated Host Instance hour","2026-09-01","0","Inf","Hrs","0.0000000000","USD",,,,,"Compute Instance","AmazonEC2","EU (Frankfurt)","AWS Region","m7g.large","Yes","General purpose","2","AWS Graviton3 Processor","2.5 GHz","8 GiB","EBS only","Up to 12500 Megabit","64-bit",,,,,,,,"Host","Linux","No License required",,,,,,,,"EUC1-HostBoxUsage:m7g.large","RunInstances","NA","Used","false","Up to 10000 Mbps","630 Mbps","NA",,"Yes",,,"NA",,,,,,,,,,,,,,,,"General Purpose",,"No","No","No","OnDemand","4",,"NA",,,"eu-central-1",,"Amazon Elastic Compute Cloud",,,,"true"
"Y28PSYMBGDVHMKAM","JRTCKXETXF","Y28PSYMBGDVHMKAM.JRTCKXETXF.6YS6EN2CT7","OnDemand","$0.1074 per Dedicated Unused Reservation Ubuntu Pro m7g.large Instance Hour","2026-09-01","0","Inf","Hrs","0.1074000000","USD",,,,,"Compute Instance","AmazonEC2","EU (Frankfurt)","AWS Region","m7g.large","Yes","General purpose","2","AWS Graviton3 Processor","2.5 GHz","8 GiB","EBS only","Up to 12500 Megabit","64-bit",,,,,,,,"Dedicated","Ubuntu Pro","No License required",,,,,,,,"EUC1-UnusedDed:m7g.large","RunInstances:0g00","NA","UnusedCapacityReservation","false","Up to 10000 Mbps","630 Mbps","NA",,"Yes",,,"NA",,,,,,,,,,,,,,,,"General Purpose","KMHD7U6V2V2YRKNM","No","No","No","OnDemand","4",,"NA",,,"eu-central-1",,"Amazon Elastic Compute Cloud",,,,"true"
"ZPAEXGUEXWDDJDB9","JRTCKXETXF","ZPAEXGUEXWDDJDB9.JRTCKXETXF.6YS6EN2CT7","OnDemand","$0.00 per SUSE m7g.large Dedicated Host Instance hour","2026-09-01","0","Inf","Hrs","0.0000000000","USD",,,,,"Compute Instance","AmazonEC2","EU (Frankfurt)","AWS Region","m7g.large","Yes","General purpose","2","AWS Graviton3 Processor","2.5 GHz","8 GiB","EBS only","Up to 12500 Megabit","64-bit",,,,,,,,"Host","SUSE","No License required",,,,,,,,"EUC1-HostBoxUsage:m7g.large","RunInstances:000g","NA","Used","false","Up to 10000 Mbps","630 Mbps","NA",,"Yes",,,"NA",,,,,,,,,,,,,,,,"General Purpose",,"No","No","No","OnDemand","4",,"NA",,,"eu-central-1",,"Amazon Elastic Compute Cloud",,,,"true"
"ZR2HR52XRW5K965F","JRTCKXETXF","ZR2HR52XRW5K965F.JRTCKXETXF.6YS6EN2CT7","OnDemand","$0.1039 per Dedicated Unused Reservation Linux m7g.large Instance Hour","2026-09-01","0","Inf","Hrs","0.1039000000","USD",,,,,"Compute Instance","AmazonEC2","EU (Frankfurt)","AWS Region","m7g.large","Yes","General purpose","2","AWS Graviton3 Processor","2.5 GHz","8 GiB","EBS only","Up to 12500 Megabit","64-bit",,,,,,,,"Dedicated","Linux","No License required",,,,,,,,"EUC1-UnusedDed:m7g.large","RunInstances","NA","UnusedCapacityReservation","false","Up to 10000 Mbps","630 Mbps","NA",,"Yes",,,"NA",,,,,,,,,,,,,,,,"General Purpose","TD49FJCDCRZSPGH4","No","No","No","OnDemand","4",,"NA",,,"eu-central-1",,"Amazon Elastic Compute Cloud",,,,"true"
"ZTX552BW7D4RDNZY","JRTCKXETXF","ZTX552BW7D4RDNZY.JRTCKXETXF.6YS6EN2CT7","OnDemand","$0.00 per Dedicated Reservation Linux m7g.large Instance Hour","2026-09-01","0","Inf","Hrs","0.0000000000","USD",,,,,"Compute Instance","AmazonEC2","EU (Frankfurt)","AWS Region","m7g.large","Yes","General purpose","2","AWS Graviton3 Processor","2.5 GHz","8 GiB","EBS only","Up to 12500 Megabit","64-bit",,,,,,,,"Dedicated","Linux","No License required",,,,,,,,"EUC1-DedicatedRes:m7g.large","RunInstances","NA","AllocatedCapacityReservation","false","Up to 10000 Mbps","630 Mbps","NA",,"Yes",,,"NA",,,,,,,,,,,,,,,,"General Purpose","TD49FJCDCRZSPGH4","No","No","No","OnDemand","4",,"NA",,,"eu-central-1",,"Amazon Elastic Compute Cloud",,,,"true"
