findling-rss timestamp,anon,file,slab,current,peak
findling-rss 1791141375,132026368,57266176,6596720,198246400,1273942016
findling-rss 1791141377,132542464,57851904,6630360,198660096,1273942016
findling-rss 1791141379,132542464,57851904,6631448,199032832,1273942016
findling-rss 1791141381,132542464,57851904,6632808,199176192,1273942016
findling-rss 1791141383,132542464,57851904,6629848,199041024,1273942016
findling-rss 1791141385,132542464,57851904,6631072,199467008,1273942016
findling-rss 1791141387,132542464,57851904,6627536,199258112,1273942016
findling-rss 1791141389,132542464,57851904,6628080,198828032,1273942016
findling-rss 1791141391,132542464,57851904,6628664,199962624,1273942016
findling-rss 1791141393,132542464,57851904,6628352,199340032,1273942016
findling-rss 1791141395,132542464,57851904,6627856,198578176,1273942016
findling-rss 1791141397,132542464,57851904,6623520,199061504,1273942016
findling-rss 1791141399,132542464,57851904,6623992,199090176,1273942016
findling-rss 1791141402,132542464,57851904,6623792,199139328,1273942016
findling-rss 1791141404,132542464,57851904,6624880,199159808,1273942016
findling-rss 1791141406,132542464,57851904,6626240,199294976,1273942016
findling-rss 1791141408,132542464,57851904,6627328,198975488,1273942016
findling-rss 1791141410,132542464,57851904,6624608,199446528,1273942016
findling-rss 1791141412,132542464,57958400,6623248,198664192,1273942016
findling-rss 1791141414,132542464,57958400,6624608,198893568,1273942016
findling-rss 1791141416,133967872,57958400,6626536,199704576,1273942016
findling-rss 1791141418,132542464,57958400,6626104,199610368,1273942016
findling-rss 1791141420,132542464,57958400,6622432,199598080,1273942016
findling-rss 1791141422,132542464,57958400,6621616,199122944,1273942016
findling-rss 1791141424,132542464,57958400,6622264,199770112,1273942016
findling-rss 1791141426,132542464,57958400,6623248,198877184,1273942016
findling-rss 1791141428,132542464,57958400,6624304,199204864,1273942016
findling-rss 1791141430,132542464,57958400,6623048,199266304,1273942016
findling-rss 1791141432,132542464,57958400,6623248,199311360,1273942016
findling-rss 1791141434,132542464,57958400,6622432,199196672,1273942016
findling-rss 1791141436,136200192,57958400,6628008,202657792,1273942016
findling-rss 1791141438,136200192,57958400,6627704,202444800,1273942016
findling-rss 1791141440,136200192,57958400,6627840,202530816,1273942016
findling-rss 1791141442,136200192,57958400,6626480,202989568,1273942016
findling-rss 1791141444,136200192,57958400,6627840,203362304,1273942016
findling-rss 1791141446,136200192,57958400,6626072,202924032,1273942016
findling-rss 1791141448,136200192,57958400,6627432,203018240,1273942016
findling-rss 1791141450,136200192,57958400,6625800,203337728,1273942016
findling-rss 1791141452,136200192,57958400,6626208,203042816,1273942016
findling-rss 1791141454,136200192,57958400,6627808,202833920,1273942016
findling-rss 1791141456,136200192,57958400,6627704,202723328,1273942016
findling-rss 1791141458,136200192,57958400,6627296,202539008,1273942016
findling-rss 1791141460,136200192,57958400,6626752,202801152,1273942016
findling-rss 1791141462,136200192,57958400,6628112,203055104,1273942016
findling-rss 1791141464,136200192,57958400,6628656,202821632,1273942016
findling-rss 1791141466,136200192,57958400,6630016,202231808,1273942016
findling-rss 1791141468,136200192,57958400,6631376,202584064,1273942016
findling-rss 1791141470,136200192,57958400,6629472,202567680,1273942016
findling-rss 1791141472,136200192,57958400,6630832,202977280,1273942016
findling-rss 1791141474,136200192,57958400,6627840,203190272,1273942016
findling-rss 1791141476,136200192,57958400,6629296,203001856,1273942016
findling-rss 1791141478,137629696,57958400,6631872,204439552,1273942016
findling-rss 1791141480,136200192,57958400,6623384,202448896,1273942016
findling-rss 1791141482,136200192,57958400,6623112,202866688,1273942016
findling-rss 1791141484,136200192,57958400,6623520,203063296,1273942016
findling-rss 1791141486,136200192,57958400,6622976,203370496,1273942016
findling-rss 1791141488,136200192,57958400,6624336,202727424,1273942016
findling-rss 1791141490,136200192,57958400,6624336,202805248,1273942016
findling-rss 1791141492,136200192,57958400,6623792,202674176,1273942016
findling-rss 1791141494,136200192,57958400,6621888,202629120,1273942016
findling-rss 1791141496,136474624,57958400,6622704,203149312,1273942016
findling-rss 1791141498,136474624,57958400,6629680,203063296,1273942016
findling-rss 1791141500,136474624,57958400,6628656,203198464,1273942016
findling-rss 1791141502,136474624,57958400,6630016,203313152,1273942016
findling-rss 1791141504,136474624,57958400,6627120,203018240,1273942016
findling-rss 1791141506,136474624,57958400,6623928,203096064,1273942016
findling-rss 1791141508,136474624,57958400,6625288,202838016,1273942016
findling-rss 1791141510,136474624,57958400,6622840,202575872,1273942016
findling-rss 1791141512,136474624,57958400,6624200,203292672,1273942016
findling-rss 1791141514,136474624,57958400,6624880,203169792,1273942016
findling-rss 1791141516,136474624,57958400,6624336,203046912,1273942016
findling-rss 1791141518,136474624,57958400,6625016,202776576,1273942016
findling-rss 1791141520,136474624,57958400,6623792,202944512,1273942016
findling-rss 1791141522,136474624,57958400,6622704,203083776,1273942016
findling-rss 1791141524,136474624,57958400,6622432,202866688,1273942016
findling-rss 1791141526,136474624,57958400,6623792,202964992,1273942016
findling-rss 1791141528,136474624,57958400,6625152,203079680,1273942016
findling-rss 1791141530,136474624,57958400,6625152,203669504,1273942016
findling-rss 1791141532,136474624,57958400,6624064,203206656,1273942016
findling-rss 1791141534,136474624,57958400,6625424,203169792,1273942016
findling-rss 1791141536,136474624,57958400,6626104,202899456,1273942016
findling-rss 1791141538,136474624,57958400,6624744,202481664,1273942016
findling-rss 1791141540,137904128,57958400,6624384,204419072,1273942016
findling-rss 1791141542,136474624,57958400,6622432,203558912,1273942016
findling-rss 1791141544,136474624,57958400,6623792,203190272,1273942016
findling-rss 1791141546,136474624,57958400,6625152,202878976,1273942016
findling-rss 1791141548,136474624,57958400,6622296,203005952,1273942016
findling-rss 1791141550,136474624,57958400,6623080,202850304,1273942016
findling-rss 1791141552,136474624,57958400,6620800,202747904,1273942016
findling-rss 1791141554,136474624,57958400,6621680,203702272,1273942016
findling-rss 1791141556,136601600,57958400,6625120,203350016,1273942016
findling-rss 1791141558,136601600,57958400,6626480,203018240,1273942016
findling-rss 1791141560,136601600,57958400,6642376,203370496,1273942016
findling-rss 1791141562,136601600,57958400,6627704,203423744,1273942016
findling-rss 1791141564,136601600,57958400,6628896,203816960,1273942016
findling-rss 1791141566,136601600,57958400,6630016,203997184,1273942016
findling-rss 1791141568,136601600,57958400,6625120,202551296,1273942016
findling-rss 1791141570,136601600,57958400,6626480,202940416,1273942016
findling-rss 1791141572,136601600,57958400,6626208,203120640,1273942016
findling-rss 1791141574,136601600,57958400,6624304,203186176,1273942016
findling-rss 1791141576,136601600,57958400,6624168,203390976,1273942016
findling-rss 1791141578,136601600,57958400,6625792,203214848,1273942016
findling-rss 1791141580,136601600,57958400,6625904,203096064,1273942016
findling-rss 1791141582,136601600,57958400,6626344,203456512,1273942016
findling-rss 1791141584,136601600,57958400,6625800,202477568,1273942016
findling-rss 1791141586,136601600,57958400,6627160,202674176,1273942016
findling-rss 1791141588,136601600,57958400,6628520,202809344,1273942016
findling-rss 1791141590,136601600,57958400,6628520,203538432,1273942016
findling-rss 1791141592,136601600,57958400,6629064,202743808,1273942016
findling-rss 1791141594,136601600,57958400,6626616,203005952,1273942016
findling-rss 1791141596,136601600,57958400,6627976,203653120,1273942016
findling-rss 1791141598,136601600,57958400,6628128,202489856,1273942016
findling-rss 1791141600,136601600,57958400,6629832,203104256,1273942016
findling-rss 1791141602,138031104,57958400,6629264,204587008,1273942016
findling-rss 1791141604,136601600,57958400,6627584,203567104,1273942016
findling-rss 1791141606,136601600,57958400,6624624,202973184,1273942016
findling-rss 1791141608,136601600,57958400,6625984,202285056,1273942016
findling-rss 1791141610,136601600,57958400,6625304,202625024,1273942016
findling-rss 1791141612,136601600,57958400,6626664,203276288,1273942016
findling-rss 1791141614,136601600,57958400,6628024,203120640,1273942016
findling-rss 1791141616,136601600,57958400,6624760,203001856,1273942016
findling-rss 1791141618,136601600,57970688,6630864,203718656,1273942016
findling-rss 1791141620,136601600,57970688,6631304,203239424,1273942016
findling-rss 1791141622,136601600,57970688,6630592,203669504,1273942016
findling-rss 1791141624,136601600,57970688,6627120,202522624,1273942016
findling-rss 1791141626,136601600,57970688,6625744,203354112,1273942016
findling-rss 1791141628,136601600,57970688,6621528,202555392,1273942016
findling-rss 1791141630,136601600,57970688,6622888,202964992,1273942016
findling-rss 1791141632,136601600,57970688,6624248,203358208,1273942016
findling-rss 1791141634,136601600,57970688,6625608,203419648,1273942016
findling-rss 1791141636,136601600,57970688,6625608,203792384,1273942016
findling-rss 1791141638,136601600,57970688,6625608,202633216,1273942016
findling-rss 1791141640,136601600,57970688,6623024,203362304,1273942016
findling-rss 1791141642,136601600,57970688,6624384,203345920,1273942016
findling-rss 1791141644,136601600,57970688,6623160,202956800,1273942016
findling-rss 1791141646,136601600,57970688,6624520,203005952,1273942016
findling-rss 1791141648,136601600,57970688,6626120,203079680,1273942016
findling-rss 1791141650,136601600,57970688,6622752,203476992,1273942016
findling-rss 1791141652,136601600,57970688,6624592,203161600,1273942016
findling-rss 1791141654,136601600,57970688,6624112,203116544,1273942016
findling-rss 1791141656,136601600,57970688,6623840,203513856,1273942016
findling-rss 1791141658,136601600,57970688,6622072,202887168,1273942016
findling-rss 1791141660,136601600,57970688,6622752,203116544,1273942016
findling-rss 1791141662,136601600,57970688,6624112,203362304,1273942016
findling-rss 1791141664,136757248,57970688,6687856,204464128,1273942016
findling-rss 1791141666,136601600,57970688,6623840,202985472,1273942016
findling-rss 1791141668,136601600,57970688,6624792,202780672,1273942016
findling-rss 1791141670,136601600,57970688,6623296,203403264,1273942016
findling-rss 1791141672,136601600,57970688,6624656,203563008,1273942016
findling-rss 1791141675,136601600,57970688,6624112,203550720,1273942016
findling-rss 1791141677,136835072,57970688,6627480,203096064,1273942016
findling-rss 1791141679,136974336,57970688,6630440,203468800,1273942016
findling-rss 1791141681,136974336,57970688,6629864,203743232,1273942016
findling-rss 1791141683,136974336,57970688,6629216,203964416,1273942016
findling-rss 1791141685,136974336,57970688,6645112,203665408,1273942016
findling-rss 1791141687,136974336,57970688,6630920,203788288,1273942016
findling-rss 1791141689,136974336,57970688,6631800,203468800,1273942016
findling-rss 1791141691,136974336,57970688,6627992,203464704,1273942016
findling-rss 1791141693,136974336,57970688,6628808,203972608,1273942016
findling-rss 1791141695,136974336,57970688,6630408,203276288,1273942016
findling-rss 1791141697,136974336,57970688,6630712,204120064,1273942016
findling-rss 1791141699,136974336,57970688,6630976,203526144,1273942016
findling-rss 1791141701,136974336,57970688,6632072,203182080,1273942016
findling-rss 1791141703,136974336,57970688,6632072,204034048,1273942016
findling-rss 1791141705,136974336,57970688,6631384,203636736,1273942016
findling-rss 1791141707,136974336,57970688,6631664,203325440,1273942016
findling-rss 1791141709,136974336,57970688,6630168,203710464,1273942016
findling-rss 1791141711,136974336,57970688,6631528,203493376,1273942016
findling-rss 1791141713,136974336,57970688,6632888,203444224,1273942016
findling-rss 1791141715,136974336,57970688,6634248,203431936,1273942016
findling-rss 1791141717,136974336,57970688,6635608,203730944,1273942016
findling-rss 1791141719,136974336,57970688,6630984,204075008,1273942016
findling-rss 1791141721,136974336,57970688,6627720,203014144,1273942016
findling-rss 1791141723,136974336,57970688,6627720,203726848,1273942016
findling-rss 1791141725,136974336,57970688,6626392,204070912,1273942016
findling-rss 1791141727,138403840,57970688,6627800,204713984,1273942016
findling-rss 1791141729,136974336,57970688,6627752,203816960,1273942016
findling-rss 1791141731,136974336,57970688,6629112,203558912,1273942016
findling-rss 1791141733,136974336,57970688,6630336,203935744,1273942016
findling-rss 1791141735,136974336,57970688,6629928,203321344,1273942016
findling-rss 1791141737,137396224,57970688,6627208,204464128,1273942016
findling-rss 1791141739,137396224,57970688,6629688,203489280,1273942016
findling-rss 1791141741,137396224,57970688,6630304,204406784,1273942016
findling-rss 1791141743,137396224,57970688,6628392,204333056,1273942016
findling-rss 1791141745,137396224,57970688,6629248,203669504,1273942016
findling-rss 1791141747,137396224,57970688,6630872,204115968,1273942016
findling-rss 1791141749,137396224,57970688,6624760,203591680,1273942016
findling-rss 1791141751,137396224,57970688,6625168,203100160,1273942016
findling-rss 1791141753,137396224,57970688,6626528,204075008,1273942016
findling-rss 1791141755,137396224,57970688,6625984,204271616,1273942016
findling-rss 1791141757,137396224,57970688,6627208,203362304,1273942016
findling-rss 1791141759,137396224,57970688,6628568,204025856,1273942016
findling-rss 1791141761,137396224,57970688,6624760,203726848,1273942016
findling-rss 1791141763,137396224,57970688,6626120,203665408,1273942016
findling-rss 1791141765,137396224,57970688,6627480,203915264,1273942016
findling-rss 1791141767,137396224,57970688,6628840,204128256,1273942016
findling-rss 1791141769,137396224,57970688,6627344,203362304,1273942016
findling-rss 1791141771,137396224,57970688,6627072,203739136,1273942016
findling-rss 1791141773,137396224,57970688,6627616,204812288,1273942016
findling-rss 1791141775,137396224,57970688,6627344,203960320,1273942016
findling-rss 1791141777,137396224,57970688,6627072,204206080,1273942016
findling-rss 1791141779,137396224,57970688,6627752,203714560,1273942016
findling-rss 1791141781,137396224,57970688,6627888,203968512,1273942016
findling-rss 1791141783,137396224,57970688,6624896,204349440,1273942016
findling-rss 1791141785,137396224,57970688,6626256,204222464,1273942016
findling-rss 1791141787,137396224,57970688,6626528,204345344,1273942016
findling-rss 1791141789,137396224,57970688,6673584,204292096,1273942016
findling-rss 1791141791,137396224,57970688,6625848,203620352,1273942016
findling-rss 1791141793,137396224,57970688,6625168,204021760,1273942016
findling-rss 1791141795,137396224,57970688,6626528,204476416,1273942016
findling-rss 1791141797,137748480,57970688,6626664,204374016,1273942016
findling-rss 1791141799,137748480,57970688,6626800,204476416,1273942016
findling-rss 1791141801,137748480,57970688,6628160,204521472,1273942016
findling-rss 1791141803,137748480,57970688,6627616,205029376,1273942016
findling-rss 1791141805,137748480,57970688,6626120,204718080,1273942016
findling-rss 1791141807,137748480,57970688,6627480,204455936,1273942016
findling-rss 1791141809,137748480,57970688,6628264,204300288,1273942016
findling-rss 1791141811,137748480,57970688,6627208,203759616,1273942016
findling-rss 1791141813,137748480,57970688,6627888,204046336,1273942016
findling-rss 1791141815,137748480,57970688,6625440,204386304,1273942016
findling-rss 1791141817,137748480,57970688,6625848,204144640,1273942016
findling-rss 1791141819,137748480,57970688,6624624,204587008,1273942016
findling-rss 1791141821,137748480,57970688,6625984,204386304,1273942016
findling-rss 1791141823,137748480,57970688,6627344,204242944,1273942016
findling-rss 1791141825,137748480,57970688,6628704,204464128,1273942016
findling-rss 1791141827,137748480,57970688,6627472,204210176,1273942016
findling-rss 1791141829,137748480,57970688,6627888,204259328,1273942016
findling-rss 1791141831,137748480,57970688,6627208,204115968,1273942016
findling-rss 1791141833,137748480,57970688,6624760,204230656,1273942016
findling-rss 1791141835,137748480,57970688,6626120,204632064,1273942016
findling-rss 1791141837,137748480,57970688,6627480,204541952,1273942016
findling-rss 1791141839,137748480,57970688,6628704,204517376,1273942016
findling-rss 1791141841,137748480,57970688,6626936,204775424,1273942016
findling-rss 1791141843,137748480,57970688,6627208,205041664,1273942016
findling-rss 1791141845,137748480,57970688,6627072,204386304,1273942016
findling-rss 1791141847,137748480,57970688,6627480,204480512,1273942016
findling-rss 1791141849,137748480,57970688,6628840,204496896,1273942016
findling-rss 1791141851,139481088,57970688,6666712,205029376,1273942016
findling-rss 1791141853,137748480,57970688,6629520,204152832,1273942016
findling-rss 1791141855,137748480,57970688,6628160,204369920,1273942016
findling-rss 1791141857,137957376,57970688,6628160,204771328,1273942016
findling-rss 1791141859,137973760,57970688,6632072,204865536,1273942016
findling-rss 1791141861,137973760,57970688,6631528,204509184,1273942016
findling-rss 1791141863,137973760,57970688,6629112,204832768,1273942016
findling-rss 1791141865,137973760,57970688,6627616,204906496,1273942016
findling-rss 1791141867,137973760,57970688,6628128,204525568,1273942016
findling-rss 1791141869,137973760,57970688,6627344,204779520,1273942016
findling-rss 1791141871,137973760,57970688,6628432,204496896,1273942016
findling-rss 1791141873,137973760,57970688,6625168,204537856,1273942016
findling-rss 1791141875,137973760,57970688,6625848,204918784,1273942016
findling-rss 1791141877,137973760,57970688,6627208,204660736,1273942016
findling-rss 1791141879,137973760,57970688,6627752,204820480,1273942016
findling-rss 1791141881,137973760,57970688,6628568,204722176,1273942016
findling-rss 1791141883,137973760,57970688,6628024,204746752,1273942016
findling-rss 1791141885,137973760,57970688,6629384,204836864,1273942016
findling-rss 1791141887,137973760,57970688,6628536,204431360,1273942016
findling-rss 1791141889,137973760,57970688,6626800,204308480,1273942016
findling-rss 1791141891,137973760,57970688,6628024,204144640,1273942016
findling-rss 1791141893,137973760,57970688,6628704,204337152,1273942016
findling-rss 1791141895,137973760,57970688,6628296,204746752,1273942016
findling-rss 1791141897,137973760,57970688,6626528,204652544,1273942016
findling-rss 1791141899,137973760,57970688,6627208,204787712,1273942016
findling-rss 1791141901,137973760,57970688,6626256,204701696,1273942016
findling-rss 1791141903,137973760,57970688,6625304,204337152,1273942016
findling-rss 1791141905,137973760,57970688,6626528,204648448,1273942016
findling-rss 1791141907,137973760,57970688,6627072,204468224,1273942016
findling-rss 1791141909,137973760,57970688,6627336,204787712,1273942016
findling-rss 1791141911,137973760,57970688,6627888,204222464,1273942016
findling-rss 1791141913,137973760,57970688,6644600,205156352,1273942016
findling-rss 1791141915,137973760,57970688,6629520,204943360,1273942016
findling-rss 1791141917,138563584,57970688,6627616,205066240,1273942016
findling-rss 1791141919,138563584,57970688,6628432,205656064,1273942016
findling-rss 1791141921,138563584,57970688,6629112,204886016,1273942016
findling-rss 1791141923,138563584,57970688,6628024,204972032,1273942016
findling-rss 1791141925,138563584,57970688,6627616,205086720,1273942016
findling-rss 1791141927,138563584,57970688,6628976,205152256,1273942016
findling-rss 1791141929,138563584,57970688,6628232,205103104,1273942016
findling-rss 1791141931,138571776,57970688,6625304,204562432,1273942016
findling-rss 1791141933,138592256,57970688,6626760,205053952,1273942016
findling-rss 1791141935,138592256,57970688,6625296,205160448,1273942016
findling-rss 1791141937,138592256,57970688,6626392,205271040,1273942016
findling-rss 1791141939,138592256,57970688,6627752,205348864,1273942016
findling-rss 1791141941,138592256,57970688,6628296,205266944,1273942016
findling-rss 1791141943,138592256,57970688,6628160,205402112,1273942016
findling-rss 1791141945,138592256,57970688,6628568,205205504,1273942016
findling-rss 1791141948,138592256,57970688,6628704,205418496,1273942016
findling-rss 1791141950,138592256,57970688,6627616,205721600,1273942016
findling-rss 1791141952,138592256,57970688,6627752,205357056,1273942016
findling-rss 1791141954,138592256,57970688,6629112,204783616,1273942016
findling-rss 1791141956,138592256,57970688,6629792,204816384,1273942016
findling-rss 1791141958,138592256,57970688,6629792,205303808,1273942016
findling-rss 1791141960,138592256,57970688,6626936,205479936,1273942016
findling-rss 1791141962,138592256,57970688,6626936,205656064,1273942016
findling-rss 1791141964,138592256,57970688,6626392,204951552,1273942016
findling-rss 1791141966,138592256,57970688,6626392,205410304,1273942016
findling-rss 1791141968,138592256,57970688,6625576,204591104,1273942016
findling-rss 1791141970,138592256,57970688,6626256,205664256,1273942016
findling-rss 1791141972,138592256,57970688,6627616,205340672,1273942016
findling-rss 1791141974,138592256,57970688,6627040,205889536,1273942016
findling-rss 1791141976,138592256,57970688,6643512,205594624,1273942016
findling-rss 1791141978,140546048,57970688,6631664,208039936,1273942016
findling-rss 1791141980,140599296,57970688,6632312,207437824,1273942016
findling-rss 1791141982,140599296,57970688,6633672,207450112,1273942016
findling-rss 1791141984,140599296,57970688,6629352,207466496,1273942016
findling-rss 1791141986,140599296,57970688,6631216,207589376,1273942016
findling-rss 1791141988,140599296,57970688,6631120,206991360,1273942016
findling-rss 1791141990,140599296,57970688,6629080,207745024,1273942016
findling-rss 1791141992,140599296,57970688,6630440,207216640,1273942016
findling-rss 1791141994,140599296,57970688,6629760,207294464,1273942016
findling-rss 1791141996,140599296,57970688,6631360,207065088,1273942016
findling-rss 1791141998,140599296,57970688,6631664,206905344,1273942016
findling-rss 1791142000,140599296,57970688,6629896,207618048,1273942016
findling-rss 1791142002,140599296,57970688,6629896,207372288,1273942016
findling-rss 1791142004,140599296,57970688,6629896,207282176,1273942016
findling-rss 1791142006,140599296,57970688,6631256,207499264,1273942016
findling-rss 1791142008,140599296,57970688,6629896,207114240,1273942016
findling-rss 1791142010,140599296,57970688,6629352,207622144,1273942016
findling-rss 1791142012,140599296,57970688,6630712,207405056,1273942016
findling-rss 1791142014,140599296,57970688,6631656,207843328,1273942016
findling-rss 1791142016,140599296,57970688,6632752,207466496,1273942016
findling-rss 1791142018,140599296,57970688,6647696,207585280,1273942016
findling-rss 1791142020,140599296,57970688,6628200,207437824,1273942016
findling-rss 1791142022,140599296,57970688,6628128,207433728,1273942016
findling-rss 1791142024,140599296,57970688,6629488,207486976,1273942016
findling-rss 1791142026,140599296,57970688,6630440,207003648,1273942016
findling-rss 1791142028,140599296,57970688,6631800,207155200,1273942016
findling-rss 1791142030,140599296,57970688,6629384,207630336,1273942016
findling-rss 1791142032,140599296,57970688,6626800,207331328,1273942016
findling-rss 1791142034,140599296,57970688,6626392,207421440,1273942016
findling-rss 1791142036,140599296,57970688,6627992,207208448,1273942016
findling-rss 1791142038,141643776,57970688,6626256,207527936,1273942016
findling-rss 1791142040,141643776,57970688,6626936,208052224,1273942016
findling-rss 1791142042,141643776,57970688,6628296,208191488,1273942016
findling-rss 1791142044,141643776,57970688,6628976,208347136,1273942016
findling-rss 1791142046,141643776,57970688,6626664,208461824,1273942016
findling-rss 1791142048,141643776,57970688,6625848,208207872,1273942016
findling-rss 1791142050,141643776,57970688,6626392,208846848,1273942016
findling-rss 1791142052,141643776,57970688,6625576,208637952,1273942016
findling-rss 1791142054,141643776,57970688,6626936,208728064,1273942016
findling-rss 1791142056,141643776,57970688,6628296,208109568,1273942016
findling-rss 1791142058,141643776,57970688,6628808,208171008,1273942016
findling-rss 1791142060,143036416,57970688,6633960,209801216,1273942016
findling-rss 1791142062,141643776,57970688,6629520,208674816,1273942016
findling-rss 1791142064,141643776,57970688,6629248,208109568,1273942016
findling-rss 1791142066,141643776,57970688,6629248,208117760,1273942016
findling-rss 1791142068,141643776,57970688,6627072,208334848,1273942016
findling-rss 1791142070,141643776,57970688,6626088,208527360,1273942016
findling-rss 1791142072,141643776,57970688,6627208,208523264,1273942016
findling-rss 1791142074,141643776,57970688,6627480,208433152,1273942016
findling-rss 1791142076,141643776,57970688,6629080,208760832,1273942016
findling-rss 1791142078,141643776,57970688,6630200,208846848,1273942016
findling-rss 1791142080,141643776,57970688,6627344,208330752,1273942016
findling-rss 1791142082,141643776,57970688,6625304,208756736,1273942016
findling-rss 1791142084,141643776,57970688,6625304,208515072,1273942016
findling-rss 1791142086,141643776,57970688,6626664,208207872,1273942016
findling-rss 1791142088,141643776,57970688,6628024,208334848,1273942016
findling-rss 1791142090,141643776,57970688,6629248,208687104,1273942016
findling-rss 1791142092,141643776,57970688,6629384,208416768,1273942016
findling-rss 1791142094,141643776,57970688,6627616,208662528,1273942016
findling-rss 1791142096,141643776,57970688,6625304,208535552,1273942016
findling-rss 1791142098,141643776,57970688,6630168,208465920,1273942016
findling-rss 1791142100,141643776,57970688,6631800,208531456,1273942016
findling-rss 1791142102,141643776,57970688,6632480,208596992,1273942016
findling-rss 1791142104,141643776,57970688,6627616,208957440,1273942016
findling-rss 1791142106,141643776,57970688,6628024,208474112,1273942016
findling-rss 1791142108,141643776,57970688,6629384,208015360,1273942016
findling-rss 1791142110,141643776,57970688,6626528,208236544,1273942016
findling-rss 1791142112,141643776,57970688,6625576,208302080,1273942016
findling-rss 1791142114,141643776,57970688,6626256,208318464,1273942016
findling-rss 1791142116,141643776,57970688,6626256,208334848,1273942016
findling-rss 1791142118,141643776,57970688,6627344,207933440,1273942016
findling-rss 1791142120,141643776,57970688,6627752,208216064,1273942016
findling-rss 1791142122,142565376,57970688,6629840,208683008,1273942016
findling-rss 1791142124,141643776,57970688,6630192,208830464,1273942016
findling-rss 1791142126,141643776,57970688,6629896,208556032,1273942016
findling-rss 1791142128,141643776,57970688,6628296,208228352,1273942016
findling-rss 1791142130,215142400,66367488,7438808,291602432,1273942016
findling-rss 1791142132,238833664,84996096,10362192,337014784,1273942016
findling-rss 1791142134,250232832,87015424,10502424,350359552,1273942016
findling-rss 1791142136,250245120,88178688,10561440,351625216,1273942016
findling-rss 1791142138,254824448,90083328,10627896,357699584,1273942016
findling-rss 1791142140,256888832,91041792,10682912,361533440,1273942016
findling-rss 1791142142,685109248,116023296,10920928,816279552,1273942016
findling-rss 1791142144,1348857856,258273280,11579328,1608654848,1657143296
findling-rss 1791142146,1452838912,259395584,11703632,1721221120,1795514368
findling-rss 1791142148,1585790976,260190208,11852928,1863118848,1912090624
findling-rss 1791142150,1540472832,263909376,11931640,1814749184,1918939136
findling-rss 1791142152,1531912192,261492736,11790976,1834246144,1924055040
findling-rss 1791142154,1594335232,263282688,11870880,1875484672,1933049856
findling-rss 1791142156,1539256320,264294400,11904896,1820950528,1933733888
findling-rss 1791142158,1598013440,264679424,11937992,1880285184,1938124800
findling-rss 1791142160,1543282688,265347072,11980088,1825415168,1941209088
findling-rss 1791142162,1528168448,265859072,12036752,1811554304,1941209088
findling-rss 1791142164,1500672000,266874880,12144080,1785450496,1941209088
findling-rss 1791142166,1505296384,267223040,12181200,1790464000,1941209088
findling-rss 1791142168,1538826240,272945152,12320176,1817837568,1941209088
findling-rss 1791142170,1598656512,267681792,12096104,1866616832,1941209088
findling-rss 1791142172,1571688448,268062720,12130808,1838481408,1941209088
findling-rss 1791142174,1570738176,268742656,12232304,1857290240,1941209088
findling-rss 1791142176,1570766848,268779520,12252968,1857400832,1941209088
findling-rss 1791142178,1434243072,269410304,12224216,1721667584,1941209088
findling-rss 1791142180,1504227328,269160448,12380952,1791676416,1941209088
findling-rss 1791142182,1564426240,269627392,12418448,1852497920,1941209088
findling-rss 1791142184,1567064064,269942784,12445520,1855373312,1941209088
findling-rss 1791142186,1567031296,277946368,12718784,1863716864,1941209088
findling-rss 1791142188,1599569920,270295040,12428544,1888395264,1946132480
findling-rss 1791142190,1599643648,270655488,12462568,1888886784,1947856896
findling-rss 1791142192,1616027648,271024128,12493688,1905647616,1947856896
findling-rss 1791142194,1557934080,271421440,12529440,1847144448,1947856896
findling-rss 1791142196,1564884992,272535552,12624480,1845129216,1947856896
findling-rss 1791142198,1547005952,271831040,12719440,1837166592,1947856896
findling-rss 1791142200,1549524992,272703488,12765832,1840418816,1947856896
findling-rss 1791142202,1552420864,273092608,12803160,1844166656,1947856896
findling-rss 1791142205,1553399808,284114944,13111896,1856303104,1947856896
findling-rss 1791142207,1614086144,273424384,12719536,1906151424,1947856896
findling-rss 1791142209,1573027840,273846272,12755056,1865125888,1947856896
findling-rss 1791142211,1576534016,274116608,12784912,1869381632,1947856896
findling-rss 1791142213,1552781312,274493440,12878072,1845542912,1947856896
findling-rss 1791142215,1563475968,274558976,12942528,1856765952,1947856896
findling-rss 1791142217,1573715968,274776064,13008008,1867239424,1947856896
findling-rss 1791142219,1573588992,275140608,13038448,1867517952,1947856896
findling-rss 1791142221,1573179392,275468288,13076376,1867493376,1947856896
findling-rss 1791142223,1563889664,275615744,13084736,1858465792,1947856896
findling-rss 1791142225,1564667904,275767296,12988768,1858949120,1947856896
findling-rss 1791142227,1567879168,276631552,13038568,1862959104,1947856896
findling-rss 1791142229,1503453184,277106688,13042872,1799081984,1947856896
findling-rss 1791142231,1561956352,276795392,13163040,1857572864,1947856896
findling-rss 1791142233,1620652032,277139456,13198736,1917165568,1947856896
findling-rss 1791142235,1564073984,277377024,13221688,1860423680,1947856896
findling-rss 1791142237,1567744000,277626880,13252112,1863823360,1947856896
findling-rss 1791142239,1510567936,277995520,13284264,1807265792,1947856896
findling-rss 1791142241,1489305600,293732352,13773344,1802944512,1947856896
findling-rss 1791142243,1545674752,278679552,13211512,1842454528,1947856896
findling-rss 1791142245,1471270912,279158784,13231744,1767383040,1947856896
findling-rss 1791142247,1483636736,278974464,13446728,1781231616,1947856896
findling-rss 1791142249,1539174400,279420928,13499656,1837608960,1947856896
findling-rss 1791142251,1500655616,279355392,13515136,1839292416,1947856896
findling-rss 1791142253,1602314240,279781376,13550488,1901502464,1947856896
findling-rss 1791142255,1551540224,280133632,13586832,1906331648,1947856896
findling-rss 1791142257,1556054016,281219072,13617024,1856286720,1947856896
findling-rss 1791142259,1548140544,281145344,13643336,1848852480,1947856896
findling-rss 1791142261,1548242944,281399296,13553744,1849237504,1947856896
findling-rss 1791142263,1481457664,282058752,13659432,1781579776,1947856896
findling-rss 1791142265,1543299072,281890816,13684784,1844576256,1947856896
findling-rss 1791142267,1605353472,282644480,13763624,1907277824,1947856896
findling-rss 1791142269,1611120640,282599424,13749864,1913081856,1947856896
findling-rss 1791142271,1550540800,282857472,13779200,1852690432,1947856896
findling-rss 1791142273,1608060928,283160576,13807136,1911058432,1947856896
findling-rss 1791142275,1608105984,283471872,13873488,1911316480,1947856896
findling-rss 1791142277,1552355328,283664384,13912496,1845657600,1947856896
findling-rss 1791142279,1527955456,284114944,13855592,1830903808,1957310464
findling-rss 1791142281,1508048896,284119040,13926688,1865175040,1957310464
findling-rss 1791142283,1568407552,284315648,13968888,1872674816,1957310464
findling-rss 1791142285,1510961152,284680192,14059216,1814921216,1957310464
findling-rss 1791142287,1567686656,284991488,14089256,1872904192,1957310464
findling-rss 1791142289,1550127104,285384704,14124168,1844862976,1957310464
findling-rss 1791142291,1523941376,285761536,14129488,1827065856,1957310464
findling-rss 1791142293,1557757952,286486528,14183760,1854234624,1957310464
findling-rss 1791142295,1550000128,287236096,14139496,1856937984,1957310464
findling-rss 1791142297,1546829824,309977088,14970280,1877389312,1957310464
findling-rss 1791142299,1566879744,287129600,14225880,1874153472,1957310464
findling-rss 1791142301,1569169408,287555584,14261736,1876774912,1957310464
findling-rss 1791142303,1569996800,287907840,14290264,1877983232,1957310464
findling-rss 1791142305,1571753984,288227328,14330312,1880084480,1957310464
findling-rss 1791142307,1571893248,288526336,14359104,1880530944,1957310464
findling-rss 1791142309,1574047744,288915456,14421832,1883652096,1957310464
findling-rss 1791142311,1573769216,289116160,14462192,1882775552,1957310464
findling-rss 1791142313,1546653696,289755136,14568944,1856671744,1957310464
findling-rss 1791142315,1567174656,314847232,15294728,1902764032,1957310464
findling-rss 1791142317,1624510464,289792000,14567624,1935208448,1957310464
findling-rss 1791142319,1568624640,290529280,14611992,1879023616,1957310464
findling-rss 1791142321,1513930752,290492416,14632952,1880633344,1957310464
findling-rss 1791142323,1580847104,290807808,14666720,1891979264,1966497792
findling-rss 1791142325,1626038272,291237888,14697952,1938059264,1966497792
findling-rss 1791142327,1515270144,291614720,14701104,1827581952,1966497792
findling-rss 1791142329,1473503232,292147200,14775384,1803591680,1966497792
findling-rss 1791142331,1509486592,292032512,14859072,1865998336,1966497792
findling-rss 1791142333,1625804800,292421632,14881448,1939222528,1966497792
findling-rss 1791142335,1512087552,292401152,14783728,1825120256,1968480256
findling-rss 1791142337,1538973696,292892672,14878168,1840971776,1968480256
findling-rss 1791142339,1574076416,293306368,14930728,1887756288,1968480256
findling-rss 1791142341,1575366656,293728256,14966288,1889603584,1968480256
findling-rss 1791142343,1518874624,294084608,14967552,1833959424,1968480256
findling-rss 1791142345,1488384000,294699008,14876048,1802989568,1968480256
findling-rss 1791142347,1553354752,294809600,15102480,1868947456,1968480256
findling-rss 1791142349,1573036032,295223296,15139864,1888931840,1968480256
findling-rss 1791142351,1519292416,295448576,15240624,1835757568,1968480256
findling-rss 1791142353,1577304064,295632896,15148856,1894027264,1968480256
findling-rss 1791142355,1575444480,295976960,15181344,1893269504,1968480256
findling-rss 1791142357,1631477760,296321024,15212112,1948880896,1968480256
findling-rss 1791142359,1617829888,296706048,15247192,1935392768,1986936832
findling-rss 1791142361,1675657216,297033728,15241216,1993981952,1994747904
findling-rss 1791142363,1671356416,297091072,15377512,1989898240,1994747904
findling-rss 1791142365,1655435264,297476096,15410928,1957969920,1996034048
findling-rss 1791142367,1562062848,297803776,15438008,1881133056,2005938176
findling-rss 1791142369,1585823744,298434560,15528696,1893765120,2005938176
findling-rss 1791142371,1680027648,298131456,15423688,1999536128,2032787456
findling-rss 1791142373,1677844480,298504192,15456288,1997549568,2032787456
findling-rss 1791142375,1565487104,298852352,15488968,1886240768,2032787456
findling-rss 1791142377,1623109632,299184128,15516648,1943519232,2032787456
findling-rss 1791142379,1636782080,299667456,15560008,1957216256,2032787456
findling-rss 1791142381,1673736192,299659264,15715656,1995644928,2032787456
findling-rss 1791142383,1614757888,300109824,15748896,1952952320,2032787456
findling-rss 1791142385,1622798336,300449792,15751528,1945116672,2032787456
findling-rss 1791142387,1679261696,300646400,15796968,2001723392,2032787456
findling-rss 1791142389,1624231936,300822528,15701016,1947025408,2040774656
findling-rss 1791142391,1568702464,301162496,15737896,1891897344,2040774656
findling-rss 1791142393,1568911360,301473792,15767368,1945673728,2040774656
findling-rss 1791142395,1683099648,301871104,15801392,2006831104,2040774656
findling-rss 1791142397,1611235328,301957120,15899352,1935007744,2040774656
findling-rss 1791142399,1617039360,302284800,15928032,1941172224,2040774656
findling-rss 1791142401,1616805888,302538752,15960688,1941499904,2040774656
findling-rss 1791142403,1677152256,303411200,16037648,2002444288,2040774656
findling-rss 1791142405,1620361216,303587328,16081376,1945985024,2040774656
findling-rss 1791142407,1622118400,303960064,16045224,1948073984,2042949632
findling-rss 1791142409,1572909056,304214016,16027864,1899495424,2042949632
findling-rss 1791142411,1630781440,304484352,16053072,1956892672,2042949632
findling-rss 1791142413,1538990080,304541696,16118096,1865723904,2042949632
findling-rss 1791142415,1619951616,305168384,16185824,1947066368,2042949632
findling-rss 1791142417,1675857920,305074176,16212352,2002759680,2042949632
findling-rss 1791142419,1676824576,305512448,16241928,2004611072,2042949632
findling-rss 1791142421,1571328000,305889280,16248144,1898971136,2042949632
findling-rss 1791142423,1628987392,306044928,16290744,1957502976,2042949632
findling-rss 1791142425,1687425024,306167808,16199848,2016018432,2042949632
findling-rss 1791142428,1685884928,306511872,16226016,2014982144,2042949632
findling-rss 1791142430,1642881024,307118080,16294208,1972043776,2042949632
findling-rss 1791142432,1547751424,307621888,16392176,1877127168,2042949632
findling-rss 1791142434,1666736128,307593216,16415736,1996943360,2042949632
findling-rss 1791142436,1551855616,307908608,16441232,1882013696,2042949632
findling-rss 1791142438,1599631360,308310016,16530344,1916989440,2042949632
findling-rss 1791142440,1631571968,308600832,16534624,1962627072,2042949632
findling-rss 1791142442,1636470784,309227520,16590184,1968066560,2042949632
findling-rss 1791142444,1580158976,309387264,16497456,1911353344,2068742144
findling-rss 1791142446,1849475072,311054336,17161776,2182881280,2188730368
findling-rss 1791142448,2064646144,310353920,17355344,2400149504,2504302592
findling-rss 1791142450,1840791552,310071296,17168016,2174840832,2504302592
findling-rss 1791142452,2075242496,312471552,18271520,2463375360,2504302592
findling-rss 1791142454,2941747200,312479744,19260720,3284148224,3284148224
findling-rss 1791142456,2710720512,312135680,19144504,3052265472,3293257728
findling-rss 1791142458,3097018368,312500224,19286368,3438714880,3440926720
findling-rss 1791142460,2177081344,310382592,18453496,2514313216,3466211328
findling-rss 1791142462,3106594816,312582144,19305920,3443085312,3466211328
findling-rss 1791142464,3327631360,312582144,19300312,3671203840,3671273472
findling-rss 1791142466,3294109696,314548224,19575008,3637817344,3671273472
findling-rss 1791142468,2847424512,313499648,19162024,3190566912,3750301696
findling-rss 1791142470,2626224128,314859520,19092520,2955649024,3750301696
findling-rss 1791142472,3329744896,314859520,19595640,3657932800,3750301696
findling-rss 1791142474,3046977536,314851328,19479696,3391582208,3750301696
findling-rss 1791142476,3396460544,314855424,19619888,3742793728,3750301696
findling-rss 1791142478,2503782400,312741888,18790568,2844475392,3802783744
findling-rss 1791142480,3368763392,314937344,19618672,3700240384,3802783744
findling-rss 1791142482,3202170880,314916864,19385456,3545489408,3807027200
findling-rss 1791142484,3250470912,314900480,19634496,3594985472,3807027200
findling-rss 1791142486,2862862336,313511936,19086432,3205562368,3807027200
findling-rss 1791142488,3189559296,314961920,19631416,3535134720,3807027200
findling-rss 1791142490,3321360384,314961920,19636624,3667791872,3807027200
findling-rss 1791142492,3109748736,314609664,19400536,3439521792,3807027200
findling-rss 1791142494,2553315328,313200640,18966848,2894524416,3807027200
findling-rss 1791142496,3090317312,316497920,19585352,3437932544,3807027200
findling-rss 1791142498,3136892928,316149760,19462712,3484090368,3807027200
findling-rss 1791142500,3306999808,315666432,19563096,3653943296,3807027200
findling-rss 1791142502,2414678016,313561088,18734752,2755645440,3807027200
findling-rss 1791142504,2258309120,312913920,18555080,2598629376,3807027200
findling-rss 1791142506,2361798656,313024512,18756144,2703077376,3807027200
findling-rss 1791142508,2385383424,313380864,18818512,2726985728,3807027200
findling-rss 1791142510,2394480640,313769984,18854280,2736340992,3807027200
findling-rss 1791142512,2462179328,314908672,18940792,2804985856,3807027200
findling-rss 1791142514,2524532736,314785792,18957568,2867482624,3807027200
findling-rss 1791142516,2531569664,315031552,18956368,2874613760,3807027200
findling-rss 1791142518,2482069504,315301888,19123432,2825756672,3807027200
findling-rss 1791142520,2543702016,315551744,19110264,2886893568,3807027200
findling-rss 1791142522,2539036672,315985920,19142784,2884071424,3807027200
findling-rss 1791142524,2487652352,316346368,19179840,2832617472,3807027200
findling-rss 1791142526,2551234560,316694528,19202368,2896683008,3807027200
findling-rss 1791142528,2497822720,316907520,19221528,2843357184,3807027200
findling-rss 1791142530,2558058496,317313024,19252656,2903977984,3807027200
findling-rss 1791142532,2447441920,317722624,19294800,2794049536,3807027200
findling-rss 1791142534,2504433664,318128128,19386296,2851561472,3807027200
findling-rss 1791142536,2505211904,318291968,19296032,2852098048,3807027200
findling-rss 1791142538,2450313216,318652416,19337928,2797359104,3807027200
findling-rss 1791142540,2564919296,319045632,19344040,2912837632,3807027200
findling-rss 1791142542,2510422016,319205376,19373264,2858356736,3807027200
findling-rss 1791142544,2511077376,319500288,19405408,2859544576,3807027200
findling-rss 1791142546,2456125440,320278528,19450152,2805288960,3807027200
findling-rss 1791142548,2460905472,320200704,19524296,2809798656,3807027200
findling-rss 1791142550,2464940032,320593920,19556504,2813890560,3807027200
findling-rss 1791142552,2550464512,372310016,21071752,2934566912,3807027200
findling-rss 1791142554,2525089792,321916928,19505024,2876272640,3807027200
findling-rss 1791142556,2529116160,321519616,19517304,2879733760,3807027200
findling-rss 1791142558,2587189248,321470464,19536872,2938277888,3807027200
findling-rss 1791142560,2531598336,321761280,19566936,2882678784,3807027200
findling-rss 1791142562,2590097408,322101248,19668256,2941730816,3807027200
findling-rss 1791142564,2476699648,322506752,19672696,2828476416,3807027200
findling-rss 1791142566,2534916096,322719744,19711856,2886934528,3807027200
findling-rss 1791142568,2539741184,323510272,19759944,2893234176,3807027200
findling-rss 1791142570,2597683200,323633152,19659392,2950803456,3807027200
findling-rss 1791142572,2487660544,324042752,19701632,2840768512,3807027200
findling-rss 1791142574,2545516544,324370432,19733256,2899345408,3807027200
findling-rss 1791142576,2603540480,324554752,19743024,2957578240,3807027200
findling-rss 1791142578,2559266816,324849664,19773360,2913632256,3807027200
findling-rss 1791142580,2502803456,325185536,19811832,2857193472,3807027200
findling-rss 1791142582,2618089472,325521408,19844424,2972766208,3807027200
findling-rss 1791142584,2618613760,325828608,19887552,2973777920,3807027200
findling-rss 1791142586,2619330560,382394368,21547808,3032825856,3807027200
findling-rss 1791142588,3236171776,330006528,20819024,3599003648,3807027200
findling-rss 1791142590,2950119424,330588160,20344960,3305947136,3807027200
findling-rss 1791142592,3259371520,330944512,20865048,3602051072,3807027200
findling-rss 1791142594,2766114816,329302016,20279808,3140988928,3807027200
findling-rss 1791142596,2634072064,328593408,20000784,2992521216,3807027200
findling-rss 1791142598,2747559936,328593408,20001232,3106144256,3807027200
findling-rss 1791142600,2743640064,328593408,19996288,3091116032,3807027200
findling-rss 1791142602,2695700480,328593408,19998608,3054469120,3807027200
findling-rss 1791142604,2635403264,328593408,19999968,2993635328,3807027200
findling-rss 1791142606,2636529664,328593408,19998744,2995482624,3807027200
findling-rss 1791142608,2617331712,328593408,19998328,2975563776,3807027200
findling-rss 1791142610,2638229504,328593408,20001464,2996715520,3807027200
findling-rss 1791142613,3200012288,328687616,20797872,3561488384,3807027200
findling-rss 1791142615,3107295232,328491008,20830152,3462381568,3807027200
findling-rss 1791142617,3216637952,328142848,20689760,3577520128,3807027200
findling-rss 1791142619,3311017984,329908224,20857496,3656421376,3807027200
findling-rss 1791142621,3164733440,328773632,20472672,3522936832,3807027200
findling-rss 1791142623,3306262528,328773632,20854304,3668267008,3807027200
findling-rss 1791142625,2548785152,326381568,19875720,2904121344,3807027200
findling-rss 1791142627,3272818688,328859648,20857136,3634171904,3807027200
findling-rss 1791142629,3212587008,330223616,20915384,3575734272,3807027200
findling-rss 1791142631,2757283840,328478720,20097824,3115565056,3807027200
findling-rss 1791142633,2652225536,328126464,20085112,3010142208,3807027200
findling-rss 1791142635,2647490560,328126464,20084112,3005423616,3807027200
findling-rss 1791142637,2680127488,328126464,20077880,3037773824,3807027200
findling-rss 1791142639,2716418048,328126464,20080352,3075194880,3807027200
findling-rss 1791142641,2668310528,328126464,20078632,3026427904,3807027200
findling-rss 1791142643,3060330496,328933376,20861608,3419865088,3807027200
findling-rss 1791142645,3155275776,328581120,20630872,3514945536,3807027200
findling-rss 1791142647,3294466048,328921088,20891392,3656286208,3807027200
findling-rss 1791142649,2828816384,328622080,20499040,3180892160,3807027200
findling-rss 1791142651,3293487104,328978432,20926320,3655327744,3807027200
findling-rss 1791142653,3298312192,328970240,20910432,3660357632,3807027200
findling-rss 1791142655,2705920000,327974912,19985984,3055206400,3807027200
findling-rss 1791142657,3311079424,330096640,20938648,3674296320,3807027200
findling-rss 1791142659,3099561984,330092544,20638720,3512918016,3807027200
findling-rss 1791142661,3321475072,331505664,21000368,3686154240,3807027200
findling-rss 1791142663,2863288320,330100736,20428128,3224838144,3807027200
findling-rss 1791142665,2707927040,329748480,20287496,3068370944,3807027200
findling-rss 1791142667,2839912448,329748480,20287992,3199963136,3807027200
findling-rss 1791142669,2691473408,328343552,20122240,3050057728,3807027200
findling-rss 1791142671,2670354432,328343552,20118000,3028914176,3807027200
findling-rss 1791142673,2594447360,326643712,19986152,2950918144,3807027200
findling-rss 1791142675,3323052032,333471744,20951624,3690188800,3807027200
findling-rss 1791142677,2939420672,335220736,20493288,3297804288,3809476608
findling-rss 1791142679,3329937408,335568896,21009440,3698528256,3809476608
findling-rss 1791142681,2884435968,334168064,20436304,3249942528,3809476608
findling-rss 1791142683,2747285504,333811712,20297024,3111452672,3809476608
findling-rss 1791142685,2787733504,333811712,20294400,3151958016,3809476608
findling-rss 1791142687,2839654400,333811712,20296280,3203665920,3809476608
findling-rss 1791142689,2787586048,333811712,20294672,3151515648,3809476608
findling-rss 1791142691,2834022400,333811712,20292216,3197927424,3809476608
findling-rss 1791142693,2892918784,333811712,20296600,3257266176,3809476608
findling-rss 1791142695,2789466112,333811712,20298168,3153698816,3809476608
findling-rss 1791142697,2743128064,331378688,20099992,3104997376,3809476608
findling-rss 1791142699,2685906944,331378688,20103784,3047477248,3809476608
findling-rss 1791142701,2752929792,331378688,20102704,3114631168,3809476608
findling-rss 1791142703,2754297856,331378688,20104080,3115925504,3809476608
findling-rss 1791142705,2754846720,331378688,20098904,3116756992,3809476608
findling-rss 1791142707,2669973504,331378688,20100168,3031457792,3809476608
findling-rss 1791142709,2755166208,331378688,20097840,3116900352,3809476608
findling-rss 1791142711,2755588096,331378688,20098656,3117019136,3809476608
findling-rss 1791142713,2981875712,331132928,20869032,3340754944,3809476608
findling-rss 1791142715,3324530688,331132928,20881992,3688046592,3809476608
findling-rss 1791142717,3319599104,334610432,20998744,3687272448,3809476608
findling-rss 1791142719,2895142912,333205504,20428968,3259252736,3809476608
findling-rss 1791142721,2685571072,332857344,20039568,3047051264,3809476608
findling-rss 1791142723,2860576768,332857344,20305000,3224567808,3809476608
findling-rss 1791142725,2859700224,332857344,20286640,3223474176,3809476608
findling-rss 1791142727,2882232320,332857344,20285256,3245707264,3809476608
findling-rss 1791142729,2931146752,332857344,20290200,3295285248,3809476608
findling-rss 1791142731,2871296000,332857344,20288544,3235131392,3809476608
findling-rss 1791142733,2775363584,330432512,20094112,3136049152,3809476608
findling-rss 1791142735,2746621952,330432512,20088408,3107377152,3809476608
findling-rss 1791142737,2775732224,330432512,20090064,3136577536,3809476608
findling-rss 1791142739,2775506944,330432512,20087752,3136069632,3809476608
findling-rss 1791142741,2774835200,330432512,20089112,3135516672,3809476608
findling-rss 1791142743,2720350208,330432512,20104392,3080712192,3809476608
findling-rss 1791142745,2777112576,330432512,20089520,3137740800,3809476608
findling-rss 1791142747,3444604928,328921088,20840616,3806945280,3809476608
findling-rss 1791142749,3029602304,330301440,20884592,3396161536,3810004992
findling-rss 1791142751,3388035072,330301440,20900176,3751452672,3810004992
findling-rss 1791142753,3311517696,329162752,20864072,3672129536,3810004992
findling-rss 1791142755,3041128448,328478720,20508600,3410415616,3810004992
findling-rss 1791142757,3341336576,329580544,20900192,3679920128,3810004992
findling-rss 1791142759,2575863808,327180288,19945816,2932871168,3810004992
findling-rss 1791142761,3346305024,330313728,20924616,3709874176,3810004992
findling-rss 1791142763,3265277952,337313792,21124120,3635179520,3810004992
findling-rss 1791142765,2962558976,336252928,20577472,3328798720,3810004992
findling-rss 1791142767,2770976768,335204352,20419856,3136806912,3810004992
findling-rss 1791142769,2672234496,334852096,20282312,3037442048,3810004992
findling-rss 1791142771,2652286976,334852096,20279304,3017420800,3810004992
findling-rss 1791142773,2763931648,334852096,20278624,3129114624,3810004992
findling-rss 1791142775,2707382272,334852096,20279304,3072442368,3810004992
findling-rss 1791142777,2707349504,334852096,20277664,3071926272,3810004992
findling-rss 1791142779,2620792832,334852096,20280400,2985021440,3810004992
findling-rss 1791142781,2707222528,334852096,20278912,3072049152,3810004992
findling-rss 1791142783,2759323648,334852096,20279304,3124092928,3810004992
findling-rss 1791142785,2699509760,334852096,20276184,3063336960,3810004992
findling-rss 1791142787,2649276416,334852096,20156320,3012853760,3810004992
findling-rss 1791142789,2760196096,334852096,20281088,3124899840,3810004992
findling-rss 1791142791,2707648512,334852096,20281072,3072593920,3810004992
findling-rss 1791142793,2739314688,334852096,20283272,3104481280,3810004992
findling-rss 1791142795,2759188480,334852096,20281368,3124224000,3810004992
findling-rss 1791142797,2769649664,334852096,20282376,3134705664,3810004992
findling-rss 1791142799,2770149376,334852096,20280664,3135590400,3810004992
findling-rss 1791142801,2742517760,334852096,20274808,3107979264,3810004992
findling-rss 1791142803,2777034752,334852096,20276584,3142332416,3810004992
findling-rss 1791142805,2771382272,334852096,20275000,3136966656,3810004992
findling-rss 1791142807,2771324928,334852096,20276344,3136651264,3810004992
findling-rss 1791142809,2703826944,334852096,20277168,3069218816,3810004992
findling-rss 1791142811,2771124224,334852096,20277704,3136897024,3810004992
findling-rss 1791142813,2771591168,334852096,20278672,3136909312,3810004992
findling-rss 1791142815,2770796544,334852096,20275664,3136114688,3810004992
findling-rss 1791142817,2651025408,334852096,20315600,3016552448,3810004992
findling-rss 1791142819,2718928896,334852096,20279168,3084124160,3810004992
findling-rss 1791142821,3333873664,330051584,20936232,3696713728,3810004992
findling-rss 1791142823,2759159808,330051584,20618656,3116666880,3810004992
findling-rss 1791142825,3281870848,330055680,20993136,3644854272,3810004992
findling-rss 1791142827,2755526656,330125312,20580792,3115245568,3810004992
findling-rss 1791142829,3310075904,330125312,21065896,3673026560,3810004992
findling-rss 1791142831,3305619456,331292672,21117848,3669868544,3810004992
findling-rss 1791142833,2482499584,333676544,20093904,2844291072,3810004992
findling-rss 1791142835,3281780736,334176256,21124568,3648983040,3810004992
findling-rss 1791142837,3026149376,333471744,20872520,3391967232,3810004992
findling-rss 1791142839,3330875392,334168064,21148960,3697844224,3810004992
findling-rss 1791142841,2915553280,332787712,20574184,3278831616,3810004992
findling-rss 1791142843,2570911744,332070912,20080176,2931265536,3810004992
findling-rss 1791142845,2480435200,332070912,19954424,2841317376,3810004992
findling-rss 1791142848,2582437888,332070912,20078136,2943561728,3810004992
findling-rss 1791142850,2576424960,332070912,20078856,2938241024,3810004992
findling-rss 1791142852,2503180288,332070912,20077344,2864467968,3810004992
findling-rss 1791142854,2524463104,332070912,20078696,2885980160,3810004992
findling-rss 1791142856,2522836992,332070912,20082080,2884063232,3810004992
findling-rss 1791142858,2568032256,332070912,20083440,2929647616,3810004992
findling-rss 1791142860,2490220544,332070912,20080712,2851061760,3810004992
findling-rss 1791142862,2578399232,332070912,20078800,2939752448,3810004992
findling-rss 1791142864,2578829312,332070912,20079496,2940170240,3810004992
findling-rss 1791142866,2558423040,332070912,20079632,2919858176,3810004992
findling-rss 1791142868,2482540544,332070912,19957960,2843492352,3810004992
findling-rss 1791142870,2578952192,332070912,20081656,2940329984,3810004992
findling-rss 1791142872,3149709312,330067968,20895808,3510833152,3810004992
findling-rss 1791142874,2939863040,330055680,20603456,3329564672,3810004992
findling-rss 1791142876,3367235584,330072064,21089488,3730567168,3810004992
findling-rss 1791142878,2442244096,330125312,20067344,2800459776,3810004992
findling-rss 1791142880,3334348800,331911168,21215160,3699576832,3810004992
findling-rss 1791142882,3312201728,331882496,21233184,3677302784,3810004992
findling-rss 1791142884,2834227200,330833920,20661416,3195346944,3810004992
findling-rss 1791142886,2678022144,330121216,20574032,3038691328,3810004992
findling-rss 1791142888,2582781952,329768960,20435448,2942816256,3810004992
findling-rss 1791142890,2527121408,329768960,20434408,2886410240,3810004992
findling-rss 1791142892,2583838720,329768960,20433688,2943295488,3810004992
findling-rss 1791142894,2583302144,329768960,20432584,2943184896,3810004992
findling-rss 1791142896,2885337088,329854976,20842120,3250171904,3810004992
findling-rss 1791142898,3374223360,330186752,21237480,3737038848,3810004992
findling-rss 1791142900,3390029824,335097856,21393944,3758411776,3810004992
findling-rss 1791142902,2975404032,334045184,20980680,3341463552,3810004992
findling-rss 1791142904,2861514752,334045184,20693080,3225300992,3810004992
findling-rss 1791142906,2881445888,333348864,20831608,3245129728,3810004992
findling-rss 1791142908,2884071424,333348864,20829424,3248717824,3810004992
findling-rss 1791142910,2839216128,333348864,20825552,3203182592,3810004992
findling-rss 1791142912,2730074112,331608064,20654832,3092074496,3810004992
findling-rss 1791142914,2565738496,329859072,20478840,2925228032,3810004992
findling-rss 1791142916,3167883264,330276864,21249368,3533234176,3810004992
findling-rss 1791142918,3001679872,329928704,20915320,3402457088,3810004992
findling-rss 1791142920,3493629952,331010048,21354848,3857952768,3857952768
findling-rss 1791142922,2625773568,329240576,20661736,2985254912,3857952768
findling-rss 1791142924,2584522752,328884224,20558536,2944106496,3857952768
findling-rss 1791142926,2585387008,328884224,20518696,2944163840,3857952768
findling-rss 1791142928,3030142976,330338304,21069800,3390136320,3857952768
findling-rss 1791142930,3453755392,330338304,21330736,3817472000,3857952768
findling-rss 1791142932,3443736576,330330112,21353744,3807420416,3857952768
findling-rss 1791142934,2799050752,330764288,20962896,3151253504,3857952768
findling-rss 1791142936,3449913344,331120640,21371144,3814043648,3857952768
findling-rss 1791142938,3411062784,332853248,21439816,3777101824,3857952768
findling-rss 1791142940,3171528704,332513280,21154408,3534647296,3900882944
findling-rss 1791142942,2842984448,331460608,20868040,3205451776,3900882944
findling-rss 1791142944,2530119680,330055680,20571232,2889650176,3900882944
findling-rss 1791142946,2485387264,330055680,20566224,2844876800,3900882944
findling-rss 1791142948,2532171776,330055680,20564328,2892492800,3900882944
findling-rss 1791142950,2531782656,330055680,20564672,2891481088,3900882944
findling-rss 1791142952,2530672640,330055680,20563392,2890915840,3900882944
findling-rss 1791142954,2371993600,385110016,22081064,2788081664,3900882944
findling-rss 1791142956,3468660736,330084352,21253704,3831820288,3900882944
findling-rss 1791142958,3289595904,331149312,21296184,3652792320,3944779776
findling-rss 1791142960,3267895296,331001856,21168352,3631304704,3944779776
findling-rss 1791142962,2531221504,329252864,20475152,2889969664,3944779776
findling-rss 1791142964,2529882112,329252864,20472528,2888855552,3944779776
findling-rss 1791142966,2436800512,329252864,20351896,2795282432,3944779776
findling-rss 1791142968,2533089280,329252864,20476768,2891935744,3944779776
findling-rss 1791142970,3386589184,333848576,21378304,3753373696,3944779776
findling-rss 1791142972,2793541632,333516800,20876592,3154808832,3944779776
findling-rss 1791142974,3424960512,333877248,21397080,3791642624,3944779776
findling-rss 1791142976,2679435264,332124160,20683304,3041722368,3944779776
findling-rss 1791142978,2489794560,331767808,20545984,2847150080,3944779776
findling-rss 1791142980,2533437440,331767808,20540992,2894254080,3944779776
findling-rss 1791142982,2532786176,331767808,20541688,2893877248,3944779776
findling-rss 1791142984,2532995072,331767808,20538560,2894057472,3944779776
findling-rss 1791142986,2473418752,331767808,20540728,2832347136,3944779776
findling-rss 1791142988,2533339136,331767808,20541264,2894569472,3944779776
findling-rss 1791142990,2532986880,331767808,20545608,2894581760,3944779776
findling-rss 1791142992,2533777408,331767808,20544648,2894712832,3944779776
findling-rss 1791142994,2447355904,331767808,20539976,2804834304,3944779776
findling-rss 1791142996,2535923712,331767808,20543136,2897002496,3944779776
findling-rss 1791142998,2535243776,331767808,20543560,2896318464,3944779776
findling-rss 1791143000,3138633728,330452992,21317680,3501707264,3944779776
findling-rss 1791143002,3384266752,330452992,21338848,3747618816,3944779776
findling-rss 1791143004,3537911808,333754368,21449616,3905265664,3961520128
findling-rss 1791143006,2512519168,331837440,20621168,2873950208,3962527744
findling-rss 1791143008,2535653376,331837440,20622528,2896982016,3962527744
findling-rss 1791143010,2533847040,331837440,20624040,2894864384,3962527744
findling-rss 1791143012,2534117376,331837440,20624976,2895495168,3962527744
findling-rss 1791143014,2514673664,331837440,20670952,2876473344,3962527744
findling-rss 1791143016,2539872256,331837440,20622920,2901528576,3962527744
findling-rss 1791143018,2534416384,331837440,20623752,2895810560,3962527744
findling-rss 1791143020,2481451008,331837440,20620336,2842681344,3962527744
findling-rss 1791143022,2398420992,331837440,20499360,2799243264,3962527744
findling-rss 1791143024,2482016256,331837440,20622648,2843283456,3962527744
findling-rss 1791143026,2526683136,331837440,20621168,2888785920,3962527744
findling-rss 1791143028,2526838784,331837440,20622528,2887110656,3962527744
findling-rss 1791143030,2441244672,331837440,20498712,2802802688,3962527744
findling-rss 1791143032,2539483136,331837440,20621728,2901278720,3962527744
findling-rss 1791143034,3301142528,330514432,21348736,3664113664,3962527744
findling-rss 1791143036,3175555072,331681792,21156872,3528687616,3962527744
findling-rss 1791143038,3381587968,335175680,21504704,3749937152,3962527744
findling-rss 1791143040,2560700416,331886592,20638416,2921488384,3962527744
findling-rss 1791143042,2568847360,331886592,20639792,2930745344,3962527744
findling-rss 1791143044,2570203136,331886592,20641160,2931863552,3962527744
findling-rss 1791143046,2550947840,331886592,20641696,2912636928,3962527744
findling-rss 1791143048,2571583488,331886592,20642240,2933673984,3962527744
findling-rss 1791143050,2571427840,331886592,20638728,2932924416,3962527744
findling-rss 1791143052,2571739136,331886592,20639400,2933256192,3962527744
findling-rss 1791143054,2498187264,331886592,20644272,2859810816,3962527744
findling-rss 1791143056,2518462464,331886592,20644416,2880188416,3962527744
findling-rss 1791143058,2518528000,331886592,20644144,2880114688,3962527744
findling-rss 1791143060,2562400256,331886592,20648056,2924490752,3962527744
findling-rss 1791143062,2509275136,331886592,20646056,2867269632,3962527744
findling-rss 1791143064,2572828672,331886592,20641424,2934509568,3962527744
findling-rss 1791143066,2572890112,331886592,20641696,2934784000,3962527744
findling-rss 1791143068,2959814656,334413824,21105544,3323363328,3962527744
findling-rss 1791143070,3412545536,334413824,21477216,3779653632,3962527744
findling-rss 1791143072,3412250624,334442496,21497680,3778863104,3962527744
findling-rss 1791143074,2681307136,332673024,20781848,3044143104,3962527744
findling-rss 1791143076,2440495104,332324864,20522952,2802442240,3962527744
findling-rss 1791143078,2536009728,332324864,20648664,2898100224,3962527744
findling-rss 1791143080,2536693760,332324864,20648528,2898513920,3962527744
findling-rss 1791143082,2531885056,332324864,20647168,2893230080,3962527744
findling-rss 1791143084,2440495104,332324864,20525000,2802040832,3962527744
findling-rss 1791143087,2483773440,332324864,20646624,2845319168,3962527744
findling-rss 1791143089,2482253824,332324864,20647928,2844499968,3962527744
findling-rss 1791143091,2507988992,332324864,20646192,2870190080,3962527744
findling-rss 1791143093,2499751936,332324864,20646760,2864238592,3962527744
findling-rss 1791143095,2537725952,332324864,20646744,2899841024,3962527744
findling-rss 1791143097,2539454464,332324864,20644480,2901725184,3962527744
findling-rss 1791143099,2519896064,332324864,20644176,2882572288,3962527744
findling-rss 1791143101,2540470272,332324864,20643928,2902700032,3962527744
findling-rss 1791143103,3417710592,330665984,21395008,3781447680,3962527744
findling-rss 1791143105,3161165824,330661888,21417488,3524083712,3962527744
findling-rss 1791143107,3246964736,330317824,21292728,3609882624,3962527744
findling-rss 1791143109,3389296640,330747904,21405248,3752898560,3962527744
findling-rss 1791143111,2862972928,330510336,21062664,3217596416,3962527744
findling-rss 1791143113,3481731072,330506240,21451528,3845144576,3962527744
findling-rss 1791143115,3318472704,330616832,21319008,3668668416,3962527744
findling-rss 1791143117,3421089792,330616832,21327832,3785248768,3962527744
findling-rss 1791143119,3366363136,330633216,21345216,3727454208,3962527744
findling-rss 1791143121,2973003776,329576448,20946592,3334053888,3962527744
findling-rss 1791143123,3165958144,333127680,21402904,3520368640,3962527744
findling-rss 1791143125,3423649792,333127680,21415128,3789889536,3962527744
findling-rss 1791143127,3435085824,333115392,21435440,3801190400,3962527744
findling-rss 1791143129,2995261440,332070912,20993352,3358846976,3962527744
findling-rss 1791143131,2573455360,331366400,20717056,2934689792,3962527744
findling-rss 1791143133,2696142848,331366400,20719968,3058126848,3962527744
findling-rss 1791143135,2537897984,329981952,20554776,2897190912,3962527744
findling-rss 1791143137,3159977984,330760192,21239576,3518906368,3962527744
findling-rss 1791143139,3415080960,330760192,21368696,3778801664,3962527744
findling-rss 1791143141,3413475328,330768384,21377544,3777556480,3962527744
findling-rss 1791143143,2378227712,328359936,20409608,2735734784,3962527744
findling-rss 1791143145,3421433856,330829824,21385768,3785490432,3962527744
findling-rss 1791143147,3388231680,335048704,21523312,3756212224,3962527744
findling-rss 1791143149,2451836928,332943360,20694016,2814660608,3962527744
findling-rss 1791143151,2536194048,332943360,20696968,2898595840,3962527744
findling-rss 1791143153,2536873984,332943360,20696808,2899484672,3962527744
findling-rss 1791143155,2521264128,332943360,20694632,2882514944,3962527744
findling-rss 1791143157,2442215424,332943360,20617880,2805387264,3962527744
findling-rss 1791143159,2538549248,332943360,20694648,2901221376,3962527744
findling-rss 1791143161,2537828352,332943360,20693024,2900611072,3962527744
findling-rss 1791143163,2465308672,332943360,20690000,2827866112,3962527744
findling-rss 1791143165,2485682176,332943360,20689224,2847936512,3962527744
findling-rss 1791143167,2485043200,332943360,20688424,2847637504,3962527744
findling-rss 1791143169,2530344960,332943360,20689928,2893369344,3962527744
findling-rss 1791143171,2519547904,332943360,20689408,2882097152,3962527744
findling-rss 1791143173,2540425216,332943360,20689496,2903699456,3962527744
findling-rss 1791143175,2541502464,332943360,20690872,2903973888,3962527744
findling-rss 1791143177,2540163072,332943360,20689368,2902941696,3962527744
findling-rss 1791143179,2486476800,332943360,20691840,2848792576,3962527744
findling-rss 1791143181,2541084672,332943360,20694224,2904035328,3962527744
findling-rss 1791143183,3393896448,330899456,21407912,3757993984,3962527744
findling-rss 1791143185,2959757312,331411456,21196232,3376013312,3962527744
findling-rss 1791143187,3527811072,331403264,21443832,3892805632,3962527744
findling-rss 1791143189,2585427968,329510912,20616168,2944794624,3962527744
findling-rss 1791143191,2580156416,329510912,20616576,2939457536,3962527744
findling-rss 1791143193,2423177216,328503296,20450232,2780930048,3962527744
findling-rss 1791143195,3419619328,330960896,21428776,3784069120,3962527744
findling-rss 1791143197,3317067776,330964992,21435088,3673403392,3962527744
findling-rss 1791143199,2823024640,329564160,20896416,3183652864,3962527744
findling-rss 1791143201,3417210880,332066816,21476704,3782639616,3962527744
findling-rss 1791143203,3141967872,332050432,21364584,3506147328,3962527744
findling-rss 1791143205,3472392192,332046336,21496768,3838160896,3962527744
findling-rss 1791143207,2668257280,330321920,20790240,3029012480,3962527744
findling-rss 1791143209,2553888768,329957376,20649656,2913882112,3962527744
findling-rss 1791143211,2574782464,329957376,20649112,2934198272,3962527744
findling-rss 1791143213,3425267712,330911744,21336120,3789664256,3962527744
findling-rss 1791143215,3059548160,330919936,21224360,3421954048,3962527744
findling-rss 1791143217,3423621120,330919936,21361656,3788247040,3962527744
findling-rss 1791143219,3392462848,330964992,21361552,3755151360,3962527744
findling-rss 1791143221,3070414848,330977280,20997960,3409199104,3962527744
findling-rss 1791143223,3470286848,330764288,21374760,3834220544,3962527744
findling-rss 1791143225,2589515776,328650752,20540544,2948083712,3962527744
findling-rss 1791143227,3415003136,331735040,21384752,3779989504,3962527744
findling-rss 1791143229,3013185536,331718656,21285904,3373199360,3962527744
findling-rss 1791143231,3433082880,331718656,21418424,3798003712,3962527744
findling-rss 1791143233,2691985408,329981952,20704944,3052548096,3962527744
findling-rss 1791143235,3059089408,331087872,21261312,3420950528,3962527744
findling-rss 1791143237,3431063552,331087872,21394680,3795533824,3962527744
findling-rss 1791143239,3420606464,336719872,21574328,3790585856,3962527744
findling-rss 1791143241,2479828992,334598144,20743840,2843607040,3962527744
findling-rss 1791143243,2539761664,335011840,20754208,2904121344,3962527744
findling-rss 1791143245,2538037248,335011840,20747144,2902822912,3962527744
findling-rss 1791143247,2538123264,335011840,20745368,2903302144,3962527744
findling-rss 1791143249,2391740416,335011840,20740480,2755964928,3962527744
findling-rss 1791143251,2486206464,335011840,20744880,2851205120,3962527744
findling-rss 1791143253,2530902016,335011840,20743248,2896556032,3962527744
findling-rss 1791143255,2536943616,335011840,20743384,2901303296,3962527744
findling-rss 1791143257,2445332480,335011840,20619568,2809823232,3962527744
findling-rss 1791143259,2547195904,335011840,20749320,2911965184,3962527744
findling-rss 1791143261,2541547520,335011840,20748520,2906173440,3962527744
findling-rss 1791143263,2521239552,335011840,20764968,2886029312,3962527744
findling-rss 1791143265,2541682688,335011840,20749480,2906705920,3962527744
findling-rss 1791143267,2541776896,335011840,20749352,2906304512,3962527744
findling-rss 1791143269,2541232128,335011840,20749360,2906398720,3962527744
findling-rss 1791143271,2488147968,335011840,20747896,2852655104,3962527744
findling-rss 1791143273,2547367936,335011840,20749608,2912178176,3962527744
findling-rss 1791143275,2543804416,335011840,20750560,2908585984,3962527744
findling-rss 1791143277,2542989312,335011840,20747160,2908286976,3962527744
findling-rss 1791143279,2447810560,335011840,20622544,2812149760,3962527744
findling-rss 1791143281,2544226304,335011840,20747008,2909282304,3962527744
findling-rss 1791143283,2490793984,335011840,20748144,2855890944,3962527744
findling-rss 1791143285,2777280512,330883072,20891952,3133362176,3962527744
findling-rss 1791143287,3374194688,331587584,21424824,3739095040,3962527744
findling-rss 1791143289,3271159808,338980864,21647304,3642114048,3962527744
findling-rss 1791143291,2978635776,338272256,21245880,3348242432,3962527744
findling-rss 1791143293,2721882112,337203200,20958600,3089825792,3962527744
findling-rss 1791143295,2670436352,337203200,20959272,3038248960,3962527744
findling-rss 1791143297,2662817792,337203200,20954200,3023171584,3962527744
findling-rss 1791143299,2630107136,337203200,20832824,2997669888,3962527744
findling-rss 1791143301,2734100480,337203200,20999904,3102486528,3962527744
findling-rss 1791143303,2734706688,337203200,20958048,3102535680,3962527744
findling-rss 1791143305,2641555456,337203200,20953456,3014000640,3962527744
findling-rss 1791143307,2738130944,337203200,20956520,3105673216,3962527744
findling-rss 1791143309,2738221056,337203200,20957360,3105656832,3962527744
findling-rss 1791143311,2733178880,337203200,20955040,3099308032,3962527744
findling-rss 1791143314,2622840832,337203200,20830416,2990362624,3962527744
findling-rss 1791143316,2686271488,337203200,20955856,3053965312,3962527744
findling-rss 1791143318,2685792256,337203200,20955736,3053711360,3962527744
findling-rss 1791143320,2589147136,333361152,20719624,2952130560,3962527744
findling-rss 1791143322,2482360320,329576448,20508432,2841657344,3962527744
findling-rss 1791143324,3351707648,334434304,21522328,3719286784,3962527744
findling-rss 1791143326,3334094848,334491648,21537664,3701702656,3962527744
findling-rss 1791143328,2575155200,332722176,20876696,3080708096,3962527744
findling-rss 1791143330,2694975488,332722176,20834336,3058384896,3962527744
findling-rss 1791143332,2541543424,332369920,20695496,2903732224,3962527744
findling-rss 1791143334,2540908544,332369920,20690600,2903576576,3962527744
findling-rss 1791143336,2514313216,332369920,20688344,2876219392,3962527744
findling-rss 1791143338,2542145536,332369920,20691296,2904264704,3962527744
findling-rss 1791143340,2489888768,332369920,20694208,2852040704,3962527744
findling-rss 1791143342,2468769792,332369920,20686656,2830811136,3962527744
findling-rss 1791143344,2492268544,332369920,20688968,2854375424,3962527744
findling-rss 1791143346,2533056512,332369920,20687656,2895155200,3962527744
findling-rss 1791143348,3303727104,331759616,21461328,3668340736,3962527744
findling-rss 1791143350,2911891456,332120064,20865592,3267538944,3962527744
findling-rss 1791143352,3430080512,332103680,21496216,3795742720,3962527744
findling-rss 1791143354,2539618304,330010624,20664968,2899431424,3962527744
findling-rss 1791143356,2538287104,388325376,22234216,2957545472,3962527744
findling-rss 1791143358,3377651712,331620352,21375920,3742154752,3962527744
findling-rss 1791143360,3338203136,333049856,21413736,3702861824,3962527744
findling-rss 1791143362,2544697344,330936320,20597384,2905247744,3962527744
findling-rss 1791143364,2565697536,330936320,20588880,2926088192,3962527744
findling-rss 1791143366,2512461824,330936320,20590232,2873122816,3962527744
findling-rss 1791143368,2565238784,330936320,20589144,2926059520,3962527744
findling-rss 1791143370,2537074688,330936320,20585176,2894856192,3962527744
findling-rss 1791143372,2574856192,330936320,20588888,2935496704,3962527744
findling-rss 1791143374,3364868096,331694080,21379880,3729428480,3962527744
findling-rss 1791143376,3236958208,337063936,21463336,3606691840,3962527744
findling-rss 1791143378,3487969280,337063936,21550624,3858518016,3962527744
findling-rss 1791143380,2583117824,335175680,20723176,2948272128,3962527744
findling-rss 1791143382,2583928832,335175680,20723856,2949132288,3962527744
findling-rss 1791143384,2499403776,335175680,20723624,2864218112,3962527744
findling-rss 1791143386,2686447616,335175680,20722328,3052068864,3962527744
findling-rss 1791143388,2585636864,335175680,20723704,2950840320,3962527744
findling-rss 1791143390,2585276416,335175680,20725064,2949976064,3962527744
findling-rss 1791143392,2490691584,335175680,20707336,2854510592,3962527744
findling-rss 1791143394,2585890816,335175680,20722328,2951045120,3962527744
findling-rss 1791143396,2586038272,335175680,20737560,2953220096,3962527744
findling-rss 1791143398,2577666048,335175680,20720400,2941677568,3962527744
findling-rss 1791143400,2491883520,335175680,20599224,2857025536,3962527744
findling-rss 1791143402,2587230208,335175680,20720016,2952548352,3962527744
findling-rss 1791143404,2587439104,335175680,20721296,2953560064,3962527744
findling-rss 1791143406,2567778304,335175680,20721936,2932482048,3962527744
findling-rss 1791143408,2491887616,335175680,20599768,2856914944,3962527744
findling-rss 1791143410,2535415808,335175680,20719912,2900152320,3962527744
findling-rss 1791143412,2535010304,335175680,20719776,2900742144,3962527744
findling-rss 1791143414,2559012864,335175680,20717208,2924683264,3962527744
findling-rss 1791143416,2585710592,335175680,20719072,2950754304,3962527744
findling-rss 1791143418,2589229056,335175680,20717192,2954219520,3962527744
findling-rss 1791143420,2590973952,335175680,20722480,2956242944,3962527744
findling-rss 1791143422,2520961024,330014720,20459320,2879148032,3962527744
findling-rss 1791143424,3374108672,334909440,21486904,3742003200,3962527744
findling-rss 1791143426,3355021312,334938112,21505928,3723436032,3962527744
findling-rss 1791143428,2720931840,333512704,20810232,3085066240,3962527744
findling-rss 1791143430,2688888832,333160448,20793480,3052720128,3962527744
findling-rss 1791143432,2589773824,332812288,20652904,2952482816,3962527744
findling-rss 1791143434,2527551488,332812288,20653976,2889097216,3962527744
findling-rss 1791143436,2446999552,332812288,20530824,2808913920,3962527744
findling-rss 1791143438,2550751232,332812288,20649760,2913067008,3962527744
findling-rss 1791143440,2543349760,332812288,20649232,2906128384,3962527744
findling-rss 1791143442,2522894336,332812288,20649328,2885611520,3962527744
findling-rss 1791143444,2544099328,332812288,20651528,2906677248,3962527744
findling-rss 1791143446,2489827328,332812288,20651800,2852429824,3962527744
findling-rss 1791143448,2490118144,332812288,20654000,2852913152,3962527744
findling-rss 1791143450,2558611456,330784768,20499184,2915880960,3962527744
findling-rss 1791143452,3435454464,331628544,21430368,3800387584,3962527744
findling-rss 1791143454,3367858176,331841536,21460136,3733164032,3962527744
findling-rss 1791143456,2383466496,329445376,20489696,2742063104,3962527744
findling-rss 1791143458,3362189312,333082624,21490808,3728424960,3962527744
findling-rss 1791143460,3323650048,331927552,21474240,3688128512,3962527744
findling-rss 1791143462,2553044992,329809920,20667312,2955202560,3962527744
findling-rss 1791143464,3475697664,331993088,21474328,3841597440,3962527744
findling-rss 1791143466,2805694464,332673024,20883888,3176677376,3962527744
findling-rss 1791143468,3452579840,333991936,21553704,3819876352,3962527744
findling-rss 1791143470,2883514368,332607488,20998608,3247198208,3962527744
findling-rss 1791143472,2540339200,330932224,20699120,2897399808,3962527744
findling-rss 1791143474,2621534208,330932224,20697696,2982174720,3962527744
findling-rss 1791143476,2622435328,330932224,20697088,2983010304,3962527744
findling-rss 1791143478,3058966528,333467648,21404184,3424092160,3962527744
findling-rss 1791143480,3378388992,333467648,21537696,3744964608,3962527744
findling-rss 1791143482,3377041408,334524416,21592368,3745230848,3962527744
findling-rss 1791143484,2836996096,333111296,21013680,3201650688,3962527744
findling-rss 1791143486,2578378752,332763136,20872856,2941706240,3962527744
findling-rss 1791143488,2702548992,332763136,20876336,3065192448,3962527744
findling-rss 1791143490,2703740928,332763136,20872480,3066859520,3962527744
findling-rss 1791143492,2958372864,331943936,21005024,3321536512,3962527744
findling-rss 1791143494,3370221568,331943936,21390864,3735564288,3962527744
findling-rss 1791143496,3370414080,331952128,21412008,3735449600,3962527744
findling-rss 1791143498,2645372928,331997184,20638416,3006943232,3962527744
findling-rss 1791143500,3382247424,332693504,21432312,3748118528,3962527744
findling-rss 1791143502,3262279680,333869056,21484224,3627823104,3962527744
findling-rss 1791143504,3152945152,333869056,21218416,3517571072,3962527744
findling-rss 1791143506,2730639360,330936320,20743760,3092140032,3962527744
findling-rss 1791143508,3350482944,332066816,21423984,3714064384,3962527744
findling-rss 1791143510,2711461888,332083200,20817032,3062505472,3962527744
findling-rss 1791143512,3369218048,332083200,21449504,3734196224,3962527744
findling-rss 1791143514,3337773056,332107776,21449216,3701825536,3962527744
findling-rss 1791143516,2666659840,331751424,20700864,3024900096,3962527744
findling-rss 1791143518,3375755264,332107776,21470856,3740962816,3962527744
findling-rss 1791143520,3266064384,332169216,21462208,3624402944,3962527744
findling-rss 1791143522,3419512832,332169216,21467440,3785035776,3962527744
findling-rss 1791143524,3225731072,332156928,21486056,3584987136,3962527744
findling-rss 1791143526,2811797504,330747904,20932720,3173642240,3962527744
findling-rss 1791143528,3361943552,332599296,21497392,3727974400,3962527744
findling-rss 1791143530,2932367360,336416768,21362264,3294199808,3962527744
findling-rss 1791143532,3388116992,337162240,21643896,3758526464,3962527744
findling-rss 1791143534,2690179072,335065088,20915416,3055865856,3962527744
findling-rss 1791143536,2521538560,334712832,20774936,2886303744,3962527744
findling-rss 1791143538,2541035520,334712832,20776864,2905411584,3962527744
findling-rss 1791143540,2543886336,334712832,20780216,2908770304,3962527744
findling-rss 1791143542,2543587328,334712832,20779552,2909020160,3962527744
findling-rss 1791143545,2489970688,334712832,20779056,2854301696,3962527744
findling-rss 1791143547,2547216384,334712832,20778096,2912337920,3962527744
findling-rss 1791143549,2545111040,334712832,20776608,2910216192,3962527744
findling-rss 1791143551,2491129856,334712832,20778088,2855751680,3962527744
findling-rss 1791143553,2406993920,334712832,20771056,2771427328,3962527744
findling-rss 1791143555,2496069632,334712832,20774008,2860838912,3962527744
findling-rss 1791143557,2536796160,334712832,20771984,2901467136,3962527744
findling-rss 1791143559,2525454336,334712832,20772392,2889879552,3962527744
findling-rss 1791143561,2449698816,334712832,20663496,2813943808,3962527744
findling-rss 1791143563,2546913280,334712832,20773360,2911895552,3962527744
findling-rss 1791143565,2546356224,334712832,20772824,2911051776,3962527744
findling-rss 1791143567,2526527488,334712832,20770208,2891378688,3962527744
findling-rss 1791143569,2546253824,334712832,20772680,2911064064,3962527744
findling-rss 1791143571,3490873344,332128256,21497784,3856465920,3962527744
findling-rss 1791143573,3071180800,332124160,21140720,3427667968,3975258112
findling-rss 1791143575,3370577920,332681216,21536064,3736199168,3975258112
findling-rss 1791143577,2541633536,330571776,20706432,2901901312,3975258112
findling-rss 1791143579,2475560960,389169152,22428360,2894446592,3975258112
findling-rss 1791143581,3360165888,332206080,21390960,3724890112,3975258112
findling-rss 1791143583,3343941632,334688256,21483320,3711873024,3975258112
findling-rss 1791143585,2576707584,332935168,20785936,2944675840,3975258112
findling-rss 1791143587,2701111296,332935168,20788888,3064291328,3975258112
findling-rss 1791143589,2755358720,332935168,20793464,3118784512,3975258112
findling-rss 1791143591,2531991552,331874304,20634608,2892423168,3975258112
findling-rss 1791143593,2549743616,331874304,20635048,2911629312,3975258112
findling-rss 1791143595,2544635904,331874304,20632520,2905993216,3975258112
findling-rss 1791143597,2544238592,331874304,20634240,2906324992,3975258112
findling-rss 1791143599,2537029632,330866688,20612952,2896080896,3975258112
findling-rss 1791143601,3367968768,332283904,21416792,3732897792,3975258112
findling-rss 1791143603,3366100992,333692928,21474168,3733114880,3975258112
findling-rss 1791143605,2571730944,331579392,20658336,2919919616,3975258112
findling-rss 1791143607,2515820544,331587584,20643976,2877755392,3975258112
findling-rss 1791143609,2543034368,331587584,20644672,2904567808,3975258112
findling-rss 1791143611,2543767552,331587584,20645608,2904854528,3975258112
findling-rss 1791143613,2523922432,331587584,20640976,2885398528,3975258112
findling-rss 1791143615,2543632384,331587584,20643840,2904944640,3975258112
findling-rss 1791143617,3358494720,332337152,21436792,3723902976,3975258112
findling-rss 1791143619,3130376192,332341248,21450776,3490750464,3975258112
findling-rss 1791143621,3082719232,331644928,21180992,3446239232,3975258112
findling-rss 1791143623,3267248128,335921152,21549040,3636023296,3975258112
findling-rss 1791143625,3339599872,335921152,21421576,3708121088,3975258112
findling-rss 1791143627,3437690880,336265216,21579640,3807137792,3975258112
findling-rss 1791143629,3038273536,335564800,21277336,3405103104,3975258112
findling-rss 1791143631,2839478272,334860288,21002472,3205357568,3975258112
findling-rss 1791143633,2598674432,334163968,20735360,2961874944,3975258112
findling-rss 1791143635,2702315520,334163968,20855040,3067224064,3975258112
findling-rss 1791143637,2524000256,332435456,20677648,2886688768,3975258112
findling-rss 1791143639,2544771072,332435456,20679696,2907607040,3975258112
findling-rss 1791143641,2545287168,332435456,20680936,2907197440,3975258112
findling-rss 1791143643,3150475264,332488704,21473248,3506274304,3975258112
findling-rss 1791143645,3162210304,332505088,21244808,3524616192,3975258112
findling-rss 1791143647,3364372480,332484608,21497696,3730194432,3975258112
findling-rss 1791143649,2864476160,332558336,21231240,3217166336,3975258112
findling-rss 1791143651,3372539904,332558336,21491952,3738845184,3975258112
findling-rss 1791143653,3359756288,332541952,21515080,3725864960,3975258112
findling-rss 1791143655,2748932096,332619776,20627912,3102396416,3975258112
findling-rss 1791143657,3414786048,332619776,21514616,3781091328,3975258112
findling-rss 1791143659,2900885504,342069248,21277472,3264512000,3975258112
findling-rss 1791143661,3357655040,342069248,21797024,3732930560,3975258112
findling-rss 1791143663,2576531456,339968000,20968016,2946846720,3975258112
findling-rss 1791143665,2557558784,339968000,20967600,2927742976,3975258112
findling-rss 1791143667,2582491136,339968000,20964648,2952888320,3975258112
findling-rss 1791143669,2578444288,339968000,20964944,2948915200,3975258112
findling-rss 1791143671,2577928192,339968000,20965464,2947518464,3975258112
findling-rss 1791143673,2519744512,339968000,20962800,2889256960,3975258112
findling-rss 1791143675,2578890752,339968000,20965072,2949058560,3975258112
findling-rss 1791143677,2525655040,339968000,20963680,2895745024,3975258112
findling-rss 1791143679,2525646848,339968000,20961104,2895822848,3975258112
findling-rss 1791143681,2475638784,339968000,20946528,2845028352,3975258112
findling-rss 1791143683,2575183872,339968000,20965072,2945445888,3975258112
findling-rss 1791143685,2580168704,339968000,20964936,2950316032,3975258112
findling-rss 1791143687,2565111808,339968000,20964528,2933936128,3975258112
findling-rss 1791143689,2485202944,339968000,20840456,2854924288,3975258112
findling-rss 1791143691,2582511616,339968000,20963984,2952585216,3975258112
findling-rss 1791143693,2581520384,339968000,20962488,2951782400,3975258112
findling-rss 1791143695,2508341248,339968000,20961944,2878746624,3975258112
findling-rss 1791143697,2528837632,339968000,20964248,2899214336,3975258112
findling-rss 1791143699,2528579584,339968000,20965312,2898698240,3975258112
findling-rss 1791143701,2572386304,339968000,20957352,2942087168,3975258112
findling-rss 1791143703,2562535424,339968000,20955832,2933211136,3975258112
findling-rss 1791143705,2582413312,339968000,20957880,2952417280,3975258112
findling-rss 1791143707,2587516928,339968000,20959512,2957594624,3975258112
findling-rss 1791143709,2583601152,339968000,20959936,2954027008,3975258112
findling-rss 1791143711,2527354880,339968000,20959704,2897055744,3975258112
findling-rss 1791143713,2584076288,339968000,20961824,2954207232,3975258112
findling-rss 1791143715,2531057664,339968000,20956848,2901229568,3975258112
findling-rss 1791143717,2530414592,339968000,20954528,2900430848,3975258112
findling-rss 1791143719,2488057856,339968000,20953616,2857377792,3975258112
findling-rss 1791143721,2576539648,339968000,20958696,2946805760,3975258112
findling-rss 1791143723,2583642112,339968000,20960896,2953830400,3975258112
findling-rss 1791143725,2585378816,339968000,20959448,2955657216,3975258112
findling-rss 1791143727,2501914624,339968000,20959864,2871775232,3975258112
findling-rss 1791143729,2586271744,339968000,20961032,2956369920,3975258112
findling-rss 1791143731,2587410432,339968000,20960336,2957156352,3975258112
findling-rss 1791143733,2583826432,339968000,20958984,2953867264,3975258112
findling-rss 1791143735,2428080128,389079040,22320144,2848657408,3975258112
findling-rss 1791143737,3327598592,332546048,21406608,3692707840,3975258112
findling-rss 1791143739,3168464896,332513280,21407752,3531485184,3975258112
findling-rss 1791143741,3064004608,331816960,21147544,3427659776,3975258112
findling-rss 1791143743,3319730176,332595200,21423736,3685847040,3975258112
findling-rss 1791143745,2998018048,333754368,21222200,3352514560,3975258112
findling-rss 1791143747,3323711488,333754368,21477408,3690586112,3975258112
findling-rss 1791143749,3250016256,332660736,21445384,3614318592,3975258112
findling-rss 1791143751,3059040256,332656640,21232240,3502329856,3975258112
findling-rss 1791143753,3348672512,337653760,21598904,3710611456,3975258112
findling-rss 1791143755,2770583552,336257024,21049664,3137802240,3975258112
findling-rss 1791143757,2521001984,334376960,20741792,2885144576,3975258112
findling-rss 1791143759,2519314432,334376960,20740040,2883883008,3975258112
findling-rss 1791143761,2432413696,334376960,20736952,2792341504,3975258112
findling-rss 1791143763,2524188672,334376960,20739904,2888511488,3975258112
findling-rss 1791143765,2520711168,334376960,20739208,2885226496,3975258112
findling-rss 1791143767,2500546560,334376960,20738000,2865049600,3975258112
findling-rss 1791143769,2434596864,334376960,20630400,2793934848,3975258112
findling-rss 1791143771,2572263424,334376960,20754712,2936496128,3975258112
findling-rss 1791143773,2520424448,334376960,20739360,2885058560,3975258112
findling-rss 1791143775,2500542464,334376960,20737432,2864484352,3975258112
findling-rss 1791143777,2521382912,334376960,20743544,2885427200,3975258112
findling-rss 1791143779,2576695296,334376960,20744904,2941530112,3975258112
findling-rss 1791143781,2519564288,334376960,20747984,2883936256,3975258112
findling-rss 1791143783,2516508672,334376960,20747224,2880880640,3975258112
findling-rss 1791143785,2576990208,334376960,20744904,2940985344,3975258112
findling-rss 1791143788,3302445056,332718080,21470216,3668176896,3975258112
findling-rss 1791143790,2817986560,332378112,21116920,3179921408,3975258112
findling-rss 1791143792,3332325376,332726272,21490008,3697418240,3975258112
findling-rss 1791143794,3350020096,332570624,21466648,3714199552,3975258112
findling-rss 1791143796,2861105152,332439552,20863184,3218137088,3975258112
findling-rss 1791143798,3309383680,332791808,21508136,3675938816,3975258112
findling-rss 1791143800,3147370496,332840960,21493024,3512868864,3975258112
findling-rss 1791143802,3343601664,332840960,21507136,3749838848,3975258112
findling-rss 1791143804,3299045376,332840960,21525632,3664711680,3975258112
findling-rss 1791143806,3192066048,332488704,21387744,3565731840,3975258112
findling-rss 1791143808,3280183296,332918784,21511696,3645972480,3975258112
findling-rss 1791143810,2865328128,334327808,21075368,3234623488,3975258112
findling-rss 1791143812,3329671168,334323712,21585800,3697135616,3975258112
findling-rss 1791143814,2547949568,332218368,20755456,2909863936,3975258112
findling-rss 1791143816,2528952320,332218368,20753688,2890817536,3975258112
findling-rss 1791143818,2553880576,332218368,20752056,2916069376,3975258112
findling-rss 1791143820,2549563392,332218368,20772352,2911662080,3975258112
findling-rss 1791143822,2582962176,332218368,20751376,2934427648,3975258112
findling-rss 1791143824,2581790720,391020544,22363600,3001872384,3975258112
findling-rss 1791143826,3371073536,333971456,21447416,3738648576,3975258112
findling-rss 1791143828,3320279040,332812288,21441696,3686248448,3975258112
findling-rss 1791143830,2390134784,330395648,20483528,2749960192,3975258112
findling-rss 1791143832,3335127040,332869632,21437312,3700998144,3975258112
findling-rss 1791143834,3318935552,332853248,21454800,3684773888,3975258112
findling-rss 1791143836,2390142976,330452992,20487864,2750238720,3975258112
findling-rss 1791143838,3323584512,334659584,21502216,3691704320,3975258112
findling-rss 1791143840,3013754880,334675968,21387656,3376259072,3975258112
findling-rss 1791143842,3334516736,334675968,21523856,3702534144,3975258112
findling-rss 1791143844,2645331968,332898304,20816200,3008286720,3975258112
findling-rss 1791143846,2530000896,332550144,20669784,2892517376,3975258112
findling-rss 1791143848,2554986496,332550144,20672784,2917552128,3975258112
findling-rss 1791143850,2555486208,332550144,20669160,2918150144,3975258112
findling-rss 1791143852,2550071296,332550144,20667376,2912690176,3975258112
findling-rss 1791143854,2391199744,330518528,20505072,2750976000,3975258112
findling-rss 1791143856,3327856640,332988416,21467848,3693326336,3975258112
findling-rss 1791143858,3354312704,332767232,21473888,3719053312,3975258112
findling-rss 1791143860,3142172672,332062720,21228960,3506909184,3975258112
findling-rss 1791143862,3261399040,333037568,21485928,3624845312,3975258112
findling-rss 1791143864,2826342400,333037568,20884216,3179515904,3975258112
findling-rss 1791143866,3326656512,333045760,21511528,3692789760,3975258112
findling-rss 1791143868,3138031616,333754368,21531072,3504513024,3975258112
findling-rss 1791143870,3063185408,333402112,21287784,3429064704,3975258112
findling-rss 1791143872,3332648960,335200256,21592888,3701338112,3975258112
findling-rss 1791143874,2854039552,333795328,21016032,3218808832,3975258112
findling-rss 1791143876,2452365312,332402688,20592280,2814197760,3975258112
findling-rss 1791143878,2596466688,332820480,20733416,2959175680,3975258112
findling-rss 1791143880,2548199424,332820480,20732536,2911322112,3975258112
findling-rss 1791143882,2476515328,332820480,20731584,2839470080,3975258112
findling-rss 1791143884,2471772160,332820480,20732944,2843287552,3975258112
findling-rss 1791143886,3309289472,344956928,21853752,3687845888,3975258112
findling-rss 1791143888,3227222016,343588864,21712856,3602984960,3975258112
findling-rss 1791143890,3360759808,343588864,21838552,3737579520,3975258112
findling-rss 1791143892,2680598528,342040576,21126968,3053203456,3975258112
findling-rss 1791143894,2583556096,341688320,20990424,2956111872,3975258112
findling-rss 1791143896,2474876928,341688320,20985976,2846466048,3975258112
findling-rss 1791143898,2537828352,341688320,20985512,2909724672,3975258112
findling-rss 1791143900,2530332672,341688320,20986616,2901889024,3975258112
findling-rss 1791143902,2581868544,341688320,20992712,2953953280,3975258112
findling-rss 1791143904,2496577536,341688320,20868360,2867920896,3975258112
findling-rss 1791143906,2530299904,341688320,20987552,2902339584,3975258112
findling-rss 1791143908,2530742272,341688320,20988352,2902523904,3975258112
findling-rss 1791143910,2562711552,341688320,20987144,2934657024,3975258112
findling-rss 1791143912,2486956032,341688320,20862544,2858733568,3975258112
findling-rss 1791143914,2530652160,341688320,20987416,2902716416,3975258112
findling-rss 1791143916,2581622784,341688320,20984968,2953494528,3975258112
findling-rss 1791143918,2505961472,341688320,20985160,2877767680,3975258112
findling-rss 1791143920,2593734656,341688320,20985424,2966024192,3975258112
findling-rss 1791143922,2594934784,341688320,20983368,2967457792,3975258112
findling-rss 1791143924,2588848128,341688320,20984200,2959147008,3975258112
findling-rss 1791143926,2498711552,341688320,20862168,2869850112,3975258112
findling-rss 1791143928,2594172928,341688320,20984472,2966093824,3975258112
findling-rss 1791143930,2594353152,341688320,20985000,2966646784,3975258112
findling-rss 1791143932,2574622720,341688320,20984584,2947080192,3975258112
findling-rss 1791143934,2498711552,341688320,20862712,2870321152,3975258112
findling-rss 1791143936,2595123200,341688320,20982840,2967285760,3975258112
findling-rss 1791143938,2595557376,341688320,20983096,2967412736,3975258112
findling-rss 1791143940,2576449536,341688320,20982680,2948292608,3975258112
findling-rss 1791143942,2597146624,341688320,20981328,2968707072,3975258112
findling-rss 1791143944,2596962304,341688320,20982432,2968809472,3975258112
findling-rss 1791143946,2596950016,341688320,20982688,2969268224,3975258112
findling-rss 1791143948,2550300672,341688320,20984064,2922438656,3975258112
findling-rss 1791143950,2601963520,341688320,20988080,2974441472,3975258112
findling-rss 1791143952,2595135488,341688320,20985568,2967183360,3975258112
findling-rss 1791143954,2596724736,341688320,20985272,2968961024,3975258112
findling-rss 1791143956,2540568576,341688320,20986296,2912358400,3975258112
findling-rss 1791143958,2597076992,341688320,20984864,2969034752,3975258112
findling-rss 1791143960,2603507712,341688320,20985288,2975629312,3975258112
findling-rss 1791143962,2597953536,341688320,20983504,2969837568,3975258112
findling-rss 1791143964,2510577664,341688320,20984264,2882187264,3975258112
findling-rss 1791143966,2598690816,341688320,20985976,2970849280,3975258112
findling-rss 1791143968,3252793344,333524992,21437560,3618541568,3975258112
findling-rss 1791143970,3037110272,333533184,21204840,3401142272,3975258112
findling-rss 1791143972,3321774080,333524992,21454360,3688239104,3975258112
findling-rss 1791143974,2467782656,331833344,20511120,2826465280,3975258112
findling-rss 1791143976,3327901696,333586432,21452064,3694628864,3975258112
findling-rss 1791143978,3288666112,333590528,21474864,3652063232,3975258112
findling-rss 1791143980,2390745088,331182080,20521568,2751275008,3975258112
findling-rss 1791143982,3328397312,333656064,21476136,3695493120,3975258112
findling-rss 1791143984,3269533696,333635584,21496848,3634794496,3975258112
findling-rss 1791143986,2851823616,332259328,20956856,3214974976,3975258112
findling-rss 1791143988,3359178752,334897152,21527480,3726979072,3975258112
findling-rss 1791143990,3255463936,333361152,21375368,3623747584,3975258112
findling-rss 1791143992,3423367168,333496320,21507528,3790409728,3975258112
findling-rss 1791143994,2424311808,331296768,20548096,2784739328,3975258112
findling-rss 1791143996,3313451008,334491648,21534296,3681329152,3975258112
findling-rss 1791143998,3301384192,338989056,21679072,3673530368,3975258112
findling-rss 1791144000,2673733632,337616896,20997664,3039313920,3975258112
findling-rss 1791144002,2795167744,337616896,21104760,3163754496,3975258112
findling-rss 1791144004,2548711424,336211968,20804824,2914697216,3975258112
findling-rss 1791144006,2548076544,336211968,20803736,2913886208,3975258112
findling-rss 1791144008,2437902336,336211968,20805776,2801881088,3975258112
findling-rss 1791144010,2504589312,336211968,20805352,2870640640,3975258112
findling-rss 1791144012,2541617152,336211968,20805776,2907660288,3975258112
findling-rss 1791144014,2550632448,336211968,20807960,2917212160,3975258112
findling-rss 1791144016,2457927680,336211968,20793904,2823176192,3975258112
findling-rss 1791144018,2552451072,336211968,20807136,2918526976,3975258112
findling-rss 1791144021,2554306560,336211968,20822608,2920632320,3975258112
findling-rss 1791144023,2549530624,336211968,20810624,2915364864,3975258112
findling-rss 1791144025,2456498176,336211968,20685840,2821595136,3975258112
findling-rss 1791144027,2554933248,336211968,20804008,2920943616,3975258112
findling-rss 1791144029,2553585664,336211968,20805896,2919579648,3975258112
findling-rss 1791144031,2533830656,336211968,20802240,2899681280,3975258112
findling-rss 1791144033,2558074880,336211968,20802120,2924167168,3975258112
findling-rss 1791144035,2555203584,336211968,20799960,2921574400,3975258112
findling-rss 1791144037,3155251200,333647872,21504520,3534864384,3975258112
findling-rss 1791144039,3338305536,333291520,21412024,3772268544,3975258112
findling-rss 1791144041,3319246848,333869056,21550440,3685548032,3975258112
findling-rss 1791144043,2390790144,331440128,20572016,2751627264,3975258112
findling-rss 1791144045,3330838528,333914112,21550960,3698036736,3975258112
findling-rss 1791144047,3268325376,335273984,21603368,3632332800,3975258112
findling-rss 1791144049,2452639744,333185024,20667232,2815864832,3975258112
findling-rss 1791144051,2552446976,333185024,20776880,2916106240,3975258112
findling-rss 1791144053,2550419456,333185024,20774560,2913677312,3975258112
findling-rss 1791144055,2530648064,333185024,20775936,2893692928,3975258112
findling-rss 1791144057,2454761472,333185024,20657224,2817019904,3975258112
findling-rss 1791144059,2556076032,333185024,20780168,2919391232,3975258112
findling-rss 1791144061,3213807616,334962688,21459328,3576086528,3975258112
findling-rss 1791144063,2934759424,334598144,21227368,3321925632,3975258112
findling-rss 1791144065,3324665856,336232448,21533904,3693682688,3975258112
findling-rss 1791144067,2541101056,334123008,20702088,2904100864,3975258112
findling-rss 1791144069,2453725184,334123008,20575928,2817490944,3975258112
findling-rss 1791144071,2550005760,334123008,20699640,2914148352,3975258112
findling-rss 1791144073,2586296320,334123008,20700568,2950406144,3975258112
findling-rss 1791144075,2530676736,334123008,20701544,2895163392,3975258112
findling-rss 1791144077,2454781952,334123008,20603120,2818707456,3975258112
findling-rss 1791144079,2550476800,334123008,20703552,2914041856,3975258112
findling-rss 1791144081,2497359872,334123008,20702040,2861723648,3975258112
findling-rss 1791144083,2477559808,334123008,20699992,2841153536,3975258112
findling-rss 1791144085,2502205440,334123008,20703144,2865680384,3975258112
findling-rss 1791144087,3386904576,333643776,21479424,3753938944,3975258112
findling-rss 1791144089,3024646144,333824000,21377104,3390275584,3975258112
findling-rss 1791144091,3330994176,333836288,21505752,3697803264,3975258112
findling-rss 1791144093,3085144064,335085568,21535784,3448958976,3975258112
findling-rss 1791144095,3310485504,335085568,21535248,3678785536,3975258112
findling-rss 1791144097,3324198912,334614528,21545392,3692003328,3975258112
findling-rss 1791144099,2546475008,332517376,20712664,2908524544,3975258112
findling-rss 1791144101,2454003712,332517376,20585728,2816417792,3975258112
findling-rss 1791144103,2552619008,332517376,20710800,2915065856,3975258112
findling-rss 1791144105,3212537856,333996032,21522072,3579334656,3975258112
findling-rss 1791144107,3185442816,333651968,21409440,3552014336,3975258112
findling-rss 1791144109,3289186304,333979648,21545544,3656658944,3975258112
findling-rss 1791144111,2691833856,332247040,20851912,3054534656,3975258112
findling-rss 1791144113,3308519424,335249408,21576160,3676692480,3975258112
findling-rss 1791144115,3095531520,335237120,21586128,3463782400,3975258112
findling-rss 1791144117,3063312384,334532608,21320400,3429961728,3975258112
findling-rss 1791144119,3326316544,340094976,21729840,3700043776,3975258112
findling-rss 1791144121,3071668224,339836928,21732480,3436261376,3975258112
findling-rss 1791144123,3386920960,339836928,21736840,3760111616,3975258112
findling-rss 1791144125,2726572032,338317312,21033168,3095805952,3975258112
findling-rss 1791144127,2629640192,337965056,20891784,2998140928,3975258112
findling-rss 1791144129,2561916928,337965056,20892728,2924101632,3975258112
findling-rss 1791144131,2630344704,337965056,20890680,2998538240,3975258112
findling-rss 1791144133,2631233536,337965056,20890288,2999672832,3975258112
findling-rss 1791144135,2629992448,337965056,20889064,2998259712,3975258112
findling-rss 1791144137,2535002112,337965056,20768072,2903085056,3975258112
findling-rss 1791144139,2631102464,337965056,20891768,2999652352,3975258112
findling-rss 1791144141,2632003584,337965056,20892216,2999877632,3975258112
findling-rss 1791144143,2630787072,337965056,20897064,2998796288,3975258112
findling-rss 1791144145,2537115648,337965056,20771632,2904702976,3975258112
findling-rss 1791144147,2632884224,337965056,20890816,3001397248,3975258112
findling-rss 1791144149,2633203712,337965056,20890560,3001397248,3975258112
findling-rss 1791144151,2612985856,337965056,20889048,2981675008,3975258112
findling-rss 1791144153,2537115648,337965056,20767664,2904526848,3975258112
findling-rss 1791144155,2633605120,337965056,20889864,3002347520,3975258112
findling-rss 1791144157,2634461184,337965056,20892064,3003244544,3975258112
findling-rss 1791144159,2615144448,337965056,20891240,2983383040,3975258112
findling-rss 1791144161,2636156928,337965056,20888008,3003965440,3975258112
findling-rss 1791144163,2635558912,337965056,20889080,3003949056,3975258112
findling-rss 1791144165,2634432512,337965056,20889368,3002986496,3975258112
findling-rss 1791144167,2692468736,333131776,20911056,3050647552,3975258112
findling-rss 1791144169,3327131648,334196736,21579248,3694395392,3975258112
findling-rss 1791144171,3427074048,334012416,21593432,3793973248,3975258112
findling-rss 1791144173,2672193536,332455936,20907816,3035357184,3975258112
findling-rss 1791144175,3323019264,337584128,21566616,3693551616,3975258112
findling-rss 1791144177,3105345536,342945792,21727144,3475636224,3975258112
findling-rss 1791144179,3379568640,342945792,21734616,3756179456,3975258112
findling-rss 1791144181,2904227840,340369408,21149632,3275862016,3975258112
findling-rss 1791144183,2742697984,340021248,20992064,3112017920,3975258112
findling-rss 1791144185,2630475776,340021248,20867168,3000680448,3975258112
findling-rss 1791144187,2752425984,340021248,20991280,3122839552,3975258112
findling-rss 1791144189,2801741824,340021248,20995344,3172524032,3975258112
findling-rss 1791144191,2672631808,340021248,20994248,3039105024,3975258112
findling-rss 1791144193,2573357056,340021248,20995792,2943819776,3975258112
findling-rss 1791144195,2646282240,340021248,20999584,3016777728,3975258112
findling-rss 1791144197,2684153856,340021248,20999864,3054882816,3975258112
findling-rss 1791144199,2642575360,340021248,20873688,3012939776,3975258112
findling-rss 1791144201,2653855744,340021248,20996392,3024453632,3975258112
findling-rss 1791144203,2750459904,340021248,20999720,3121258496,3975258112
findling-rss 1791144205,2592378880,336179200,20763112,2958471168,3975258112
findling-rss 1791144207,2572795904,336179200,20761456,2939486208,3975258112
findling-rss 1791144209,2496888832,336179200,20642256,2862256128,3975258112
findling-rss 1791144211,2596151296,336179200,20765968,2962255872,3975258112
findling-rss 1791144213,3214389248,334168064,21485016,3580801024,3975258112
findling-rss 1791144215,2936074240,334503936,21033800,3301576704,3975258112
findling-rss 1791144217,3327623168,342593536,21748288,3703365632,3975258112
findling-rss 1791144219,2539986944,340492288,20918320,2910773248,3975258112
findling-rss 1791144221,2525003776,340492288,20911168,2881564672,3975258112
findling-rss 1791144223,2488131584,340492288,20911128,2858729472,3975258112
findling-rss 1791144225,2540240896,340492288,20910424,2911166464,3975258112
findling-rss 1791144227,2550341632,340492288,20912608,2920804352,3975258112
findling-rss 1791144229,2466521088,340492288,20912664,2836987904,3975258112
findling-rss 1791144231,2551013376,340492288,20909784,2921549824,3975258112
findling-rss 1791144233,2551787520,340492288,20909624,2922168320,3975258112
findling-rss 1791144235,2533642240,340492288,20910328,2902626304,3975258112
findling-rss 1791144237,2455257088,340492288,20785840,2825838592,3975258112
findling-rss 1791144239,2499305472,340492288,20909912,2870001664,3975258112
findling-rss 1791144241,2498863104,340492288,20925928,2869424128,3975258112
findling-rss 1791144243,2522898432,340492288,20905536,2893352960,3975258112
findling-rss 1791144245,2543669248,340492288,20907584,2914222080,3975258112
findling-rss 1791144247,2553864192,340492288,20908960,2924363776,3975258112
findling-rss 1791144249,2553233408,340492288,20910848,2923732992,3975258112
findling-rss 1791144251,2532962304,340492288,20906256,2897104896,3975258112
findling-rss 1791144253,2554195968,340492288,20909488,2925330432,3975258112
findling-rss 1791144255,2553679872,340492288,20910864,2924728320,3975258112
findling-rss 1791144257,2554093568,340492288,20911824,2925309952,3975258112
findling-rss 1791144259,2502598656,340492288,20909248,2870919168,3975258112
findling-rss 1791144261,2561282048,340492288,20910408,2931896320,3975258112
findling-rss 1791144263,2554171392,340492288,20913552,2925027328,3975258112
findling-rss 1791144265,2500993024,340492288,20913104,2871857152,3975258112
findling-rss 1791144267,2501050368,340492288,20911576,2826309632,3975258112
findling-rss 1791144270,2502008832,340492288,20910304,2872385536,3975258112
findling-rss 1791144272,2546708480,340492288,20908416,2917449728,3975258112
findling-rss 1791144274,2535813120,340492288,20907584,2906365952,3975258112
findling-rss 1791144276,2530746368,340492288,20908400,2901659648,3975258112
findling-rss 1791144278,2562695168,340492288,20909560,2933731328,3975258112
findling-rss 1791144280,2557132800,340492288,20907872,2928279552,3975258112
findling-rss 1791144282,2536861696,340492288,20909344,2907492352,3975258112
findling-rss 1791144284,2558255104,340492288,20908944,2928984064,3975258112
findling-rss 1791144286,3330420736,334274560,21511632,3697504256,3975258112
findling-rss 1791144288,3023470592,335462400,21550928,3385204736,3975258112
findling-rss 1791144290,3355336704,335462400,21565448,3724488704,3975258112
findling-rss 1791144292,3325169664,334311424,21530328,3691716608,3975258112
findling-rss 1791144294,2835763200,334303232,21416936,3172110336,3975258112
findling-rss 1791144296,3328819200,334303232,21553976,3696418816,3975258112
findling-rss 1791144298,3298828288,338620416,21667248,3699621888,3975258112
findling-rss 1791144300,3465183232,338620416,21664232,3837247488,3975258112
findling-rss 1791144302,3308949504,338636800,21685280,3680448512,3975258112
findling-rss 1791144304,2856181760,337584128,21249784,3219255296,3975258112
findling-rss 1791144306,2701668352,336867328,20976880,3068477440,3975258112
findling-rss 1791144308,2498359296,336519168,20836272,2864680960,3975258112
findling-rss 1791144310,2499629056,336519168,20834776,2866352128,3975258112
findling-rss 1791144312,2486931456,336519168,20836944,2853109760,3975258112
findling-rss 1791144314,2544189440,336519168,20837496,2910941184,3975258112
findling-rss 1791144316,2553184256,336519168,20835232,2919677952,3975258112
findling-rss 1791144318,2553634816,336519168,20833408,2919821312,3975258112
findling-rss 1791144320,2469421056,336519168,20834968,2835443712,3975258112
findling-rss 1791144322,2554040320,336519168,20833296,2920357888,3975258112
findling-rss 1791144324,2559905792,336519168,20834656,2926850048,3975258112
findling-rss 1791144326,2552172544,336519168,20836016,2918756352,3975258112
findling-rss 1791144328,2458910720,336519168,20715024,2825154560,3975258112
findling-rss 1791144330,2501296128,336519168,20836016,2867466240,3975258112
findling-rss 1791144332,2503430144,336519168,20836424,2869420032,3975258112
findling-rss 1791144334,2643783680,333418496,20903472,3002888192,3975258112
findling-rss 1791144336,3332620288,334487552,21574824,3699167232,3975258112
findling-rss 1791144338,3366690816,334278656,21583208,3734630400,3975258112
findling-rss 1791144340,2436661248,332070912,20611512,2798022656,3975258112
findling-rss 1791144342,3327619072,342294528,21805456,3703635968,3975258112
findling-rss 1791144344,3341692928,343470080,21855328,3716427776,3975258112
findling-rss 1791144346,2904915968,343109632,21195624,3279466496,3975258112
findling-rss 1791144348,2973270016,341233664,21389936,3333992448,3975258112
findling-rss 1791144350,2788855808,340529152,21112048,3160150016,3975258112
findling-rss 1791144352,2705076224,340529152,21114128,3076456448,3975258112
findling-rss 1791144354,2748719104,340529152,21111816,3120189440,3975258112
findling-rss 1791144356,2747101184,340529152,21111736,3118202880,3975258112
findling-rss 1791144358,2745561088,340529152,21113040,3116994560,3975258112
findling-rss 1791144360,2681823232,340529152,21108096,3051708416,3975258112
findling-rss 1791144362,2753486848,340529152,21111136,3124654080,3975258112
findling-rss 1791144364,2694606848,340529152,21109888,3065921536,3975258112
findling-rss 1791144366,2694832128,340529152,21111264,3066011648,3975258112
findling-rss 1791144368,2635890688,340529152,21106664,3007451136,3975258112
findling-rss 1791144370,2742890496,340529152,21110592,3114459136,3975258112
findling-rss 1791144372,2749317120,340529152,21110704,3120758784,3975258112
findling-rss 1791144374,2896158720,334139392,21083816,3258953728,3975258112
findling-rss 1791144376,3316195328,334491648,21483608,3683377152,3975258112
findling-rss 1791144378,3322847232,335867904,21544704,3692105728,3975258112
findling-rss 1791144380,2529918976,333766656,20708480,2893357056,3975258112
findling-rss 1791144382,2608304128,333766656,20717824,2972016640,3975258112
findling-rss 1791144384,2550992896,333766656,20717304,2914627584,3975258112
findling-rss 1791144386,2551324672,333766656,20717840,2914930688,3975258112
findling-rss 1791144388,2532048896,333766656,20715424,2895892480,3975258112
findling-rss 1791144390,2551873536,333766656,20716512,2915385344,3975258112
findling-rss 1791144392,3322834944,334536704,21497792,3690561536,3975258112
findling-rss 1791144394,2942119936,336986112,21452912,3310313472,3975258112
findling-rss 1791144396,3330359296,336986112,21594872,3700252672,3975258112
findling-rss 1791144398,2722529280,335241216,20900816,3078606848,3975258112
findling-rss 1791144400,2687995904,335241216,20899312,3054247936,3975258112
findling-rss 1791144402,2555994112,334196736,20743496,2920464384,3975258112
findling-rss 1791144404,2552287232,334196736,20742976,2915794944,3975258112
findling-rss 1791144406,2552000512,334196736,20742832,2916376576,3975258112
findling-rss 1791144408,2495918080,334196736,20741672,2860019712,3975258112
findling-rss 1791144410,2552745984,334196736,20741456,2917212160,3975258112
findling-rss 1791144412,3307479040,337448960,21596008,3677372416,3975258112
findling-rss 1791144414,2850324480,337448960,21006256,3260170240,3975258112
findling-rss 1791144416,3329511424,337448960,21625896,3700051968,3975258112
findling-rss 1791144418,2615857152,335695872,20915080,2981957632,3975258112
findling-rss 1791144420,2426953728,335339520,20647952,2790158336,3975258112
findling-rss 1791144422,2488594432,335339520,20769152,2854035456,3975258112
findling-rss 1791144424,2492137472,335339520,20770120,2857537536,3975258112
findling-rss 1791144426,2459389952,335339520,20772304,2824368128,3975258112
findling-rss 1791144428,2489417728,335339520,20772984,2854707200,3975258112
findling-rss 1791144430,2487808000,335339520,20773368,2852597760,3975258112
findling-rss 1791144432,2487685120,335339520,20792616,2852892672,3975258112
findling-rss 1791144434,2455080960,335339520,20770976,2820116480,3975258112
findling-rss 1791144436,2545221632,335339520,20769744,2910289920,3975258112
findling-rss 1791144438,3261661184,334692352,21541528,3628318720,3975258112
findling-rss 1791144440,2886668288,334360576,21065200,3257176064,3975258112
findling-rss 1791144442,3329609728,334704640,21563408,3697356800,3975258112
findling-rss 1791144444,3099553792,338608128,21545328,3463012352,3975258112
findling-rss 1791144446,3427168256,338608128,21665960,3799400448,3975258112
findling-rss 1791144448,3231633408,339644416,21714552,3602866176,3975258112
findling-rss 1791144450,2965164032,338927616,21416776,3334782976,3975258112
findling-rss 1791144452,2849714176,338239488,21144120,3219361792,3975258112
findling-rss 1791144454,2621063168,337887232,21001048,2988781568,3975258112
findling-rss 1791144456,2709913600,337887232,21003472,3078623232,3975258112
findling-rss 1791144458,2558013440,336506880,20838536,2924539904,3975258112
findling-rss 1791144460,2532470784,336506880,20837424,2898726912,3975258112
findling-rss 1791144462,2530181120,336506880,20838112,2896568320,3975258112
findling-rss 1791144464,2552238080,336506880,20837992,2918395904,3975258112
findling-rss 1791144466,2553659392,336506880,20837296,2920574976,3975258112
findling-rss 1791144468,2532470784,336506880,20835792,2899271680,3975258112
findling-rss 1791144470,2552696832,336506880,20837568,2919268352,3975258112
findling-rss 1791144472,2552922112,336506880,20838944,2919399424,3975258112
findling-rss 1791144474,2553180160,336506880,20838928,2920083456,3975258112
findling-rss 1791144476,2532462592,336506880,20837864,2898714624,3975258112
findling-rss 1791144478,2552590336,336506880,20837160,2918838272,3975258112
findling-rss 1791144480,3243278336,334864384,21574992,3611373568,3975258112
findling-rss 1791144482,3144245248,335216640,21350472,3511939072,3975258112
findling-rss 1791144484,3311443968,335167488,21611648,3679764480,3975258112
findling-rss 1791144486,2575380480,333090816,20780728,2938081280,3975258112
findling-rss 1791144488,2795331584,334548992,21206272,3155574784,3975258112
findling-rss 1791144490,3332784128,334905344,21600904,3700961280,3975258112
findling-rss 1791144492,3321135104,334884864,21623072,3689201664,3975258112
findling-rss 1791144494,2531127296,394141696,22470008,2953625600,3975258112
findling-rss 1791144496,3336540160,334766080,21492072,3704045568,3975258112
findling-rss 1791144498,3183427584,335818752,21534200,3543777280,3975258112
findling-rss 1791144500,3329609728,335818752,21542112,3698597888,3975258112
findling-rss 1791144502,2551922688,333709312,20711064,2915545088,3975258112
findling-rss 1791144505,2550870016,333709312,20709584,2914258944,3975258112
findling-rss 1791144507,2457112576,333709312,20588592,2820116480,3975258112
findling-rss 1791144509,2554527744,333709312,20708104,2918285312,3975258112
findling-rss 1791144511,3361660928,334643200,21505688,3729199104,3975258112
findling-rss 1791144513,2666647552,335319040,21013320,3031040000,3975258112
findling-rss 1791144515,3317022720,336027648,21561232,3685928960,3975258112
findling-rss 1791144517,3178696704,334909440,21512320,3546431488,3975258112
findling-rss 1791144519,3324186624,334909440,21531264,3692937216,3975258112
findling-rss 1791144521,3312017408,334888960,21554448,3680411648,3975258112
findling-rss 1791144523,2547802112,332795904,20719968,2910658560,3975258112
findling-rss 1791144525,3389673472,334757888,21549792,3756957696,3975258112
findling-rss 1791144527,3228348416,335982592,21583104,3593981952,3975258112
findling-rss 1791144529,2836664320,334942208,21057216,3202895872,3975258112
findling-rss 1791144531,2541613056,333889536,20770800,2905477120,3975258112
findling-rss 1791144533,2489618432,333889536,20769704,2852847616,3975258112
findling-rss 1791144535,2578550784,333889536,20770368,2942455808,3975258112
findling-rss 1791144537,2393186304,332562432,20621992,2755149824,3975258112
findling-rss 1791144539,3362291712,337235968,21633472,3732582400,3975258112
findling-rss 1791144541,3172569088,336068608,21492712,3532869632,3975258112
findling-rss 1791144543,3159085056,336064512,21343640,3526332416,3975258112
findling-rss 1791144545,2700795904,334315520,20902776,3065376768,3975258112
findling-rss 1791144547,2552901632,333963264,20762312,2916786176,3975258112
findling-rss 1791144549,2606694400,334053376,20920952,2974670848,3975258112
findling-rss 1791144551,3367833600,335110144,21590088,3765850112,3975258112
findling-rss 1791144553,3078877184,335126528,21483112,3444113408,3975258112
findling-rss 1791144555,3183681536,334770176,21472224,3551379456,3975258112
findling-rss 1791144557,3140435968,335163392,21611736,3508387840,3975258112
findling-rss 1791144559,3324477440,335163392,21609640,3699191808,3975258112
findling-rss 1791144561,3330654208,335175680,21631416,3698864128,3975258112
findling-rss 1791144563,2804187136,335003648,21365120,3163340800,3975258112
findling-rss 1791144565,3326881792,335003648,21498512,3694792704,3975258112
findling-rss 1791144567,3270438912,336723968,21634176,3640508416,3975258112
findling-rss 1791144569,2654597120,334974976,20945744,3020173312,3975258112
findling-rss 1791144571,2510864384,334622720,20683136,2875215872,3975258112
findling-rss 1791144573,2569510912,334622720,20799632,2934693888,3975258112
findling-rss 1791144575,2572595200,334622720,20798288,2936737792,3975258112
findling-rss 1791144577,2550071296,334622720,20797720,2914328576,3975258112
findling-rss 1791144579,2570326016,334622720,20800872,2934935552,3975258112
findling-rss 1791144581,2570502144,334622720,20798848,2934845440,3975258112
findling-rss 1791144583,3094757376,335060992,21573008,3462549504,3975258112
findling-rss 1791144585,3103240192,334712832,21342312,3465695232,3975258112
findling-rss 1791144587,3385126912,334852096,21681944,3753537536,3975258112
findling-rss 1791144589,2443804672,333377536,20666880,2806505472,3975258112
findling-rss 1791144591,3315400704,335523840,21773016,3684433920,3975258112
findling-rss 1791144593,3160408064,335548416,21786928,3529080832,3975258112
findling-rss 1791144595,3376128000,335548416,21796920,3744792576,3975258112
findling-rss 1791144597,3232477184,337354752,21825888,3601985536,3975258112
findling-rss 1791144599,3048378368,337350656,21463920,3417395200,3975258112
findling-rss 1791144601,3348680704,337354752,21930960,3720052736,3975258112
findling-rss 1791144603,2710429696,335601664,21212864,3077091328,3975258112
findling-rss 1791144605,2587471872,335249408,21075648,2952744960,3975258112
findling-rss 1791144607,2565468160,335249408,21074832,2931478528,3975258112
findling-rss 1791144609,2567426048,335249408,21074440,2933108736,3975258112
findling-rss 1791144611,2564136960,335249408,21071968,2929561600,3975258112
findling-rss 1791144613,2462232576,333897728,20947648,2823397376,3975258112
findling-rss 1791144615,3378741248,337760256,21937176,3750137856,3975258112
findling-rss 1791144617,3391172608,337768448,21961624,3762913280,3975258112
findling-rss 1791144619,2698379264,336711680,21398968,3060027392,3975258112
findling-rss 1791144621,3000586240,336711680,21529800,3369369600,3975258112
findling-rss 1791144623,2698207232,336011264,21064440,3064692736,3975258112
findling-rss 1791144625,2574315520,335036416,21094384,2937110528,3975258112
findling-rss 1791144627,3285725184,335720448,22041400,3655098368,3975258112
findling-rss 1791144629,3363033088,335486976,22132112,3736113152,3975258112
findling-rss 1791144631,2735439872,333979648,21452720,3100856320,3975258112
findling-rss 1791144633,3396419584,335777792,22144424,3766603776,3975258112
findling-rss 1791144635,3055308800,337543168,22078656,3420463104,3975258112
findling-rss 1791144637,3417923584,337543168,22217072,3790020608,3975258112
findling-rss 1791144639,2578046976,335437824,21384344,2944307200,3975258112
findling-rss 1791144641,2592632832,335437824,21382152,2958831616,3975258112
findling-rss 1791144643,2491396096,335437824,21381288,2857275392,3975258112
findling-rss 1791144645,2541690880,335437824,21380240,2907570176,3975258112
findling-rss 1791144647,2537930752,335437824,21377968,2903138304,3975258112
findling-rss 1791144649,2536701952,335437824,21377928,2902863872,3975258112
findling-rss 1791144651,2378665984,394465280,23017472,2804289536,3975258112
findling-rss 1791144653,3395854336,338624512,22116920,3767939072,3975258112
findling-rss 1791144655,3340980224,338403328,22140624,3713286144,3975258112
findling-rss 1791144657,3137126400,336539648,21704576,3506540544,3975258112
findling-rss 1791144659,2765762560,335691776,21414912,3132780544,3975258112
findling-rss 1791144661,2617147392,335335424,21272208,2982866944,3975258112
findling-rss 1791144663,2521886720,335335424,21148904,2887528448,3975258112
findling-rss 1791144665,2618310656,335335424,21271256,2984230912,3975258112
findling-rss 1791144667,2617618432,335335424,21271648,2983596032,3975258112
findling-rss 1791144669,2704048128,335052800,21534144,3070038016,3975258112
findling-rss 1791144671,3421130752,335757312,22074344,3790151680,3975258112
findling-rss 1791144673,3399872512,338206720,22164488,3771695104,3975258112
findling-rss 1791144675,2772336640,336826368,21487480,3140354048,3975258112
findling-rss 1791144677,2730004480,336474112,21473464,3098009600,3975258112
findling-rss 1791144679,2731159552,336474112,21476104,3098828800,3975258112
findling-rss 1791144681,2553249792,335421440,21318264,2919108608,3975258112
findling-rss 1791144683,2574643200,335421440,21314904,2940342272,3975258112
findling-rss 1791144685,2573090816,335421440,21316744,2939449344,3975258112
findling-rss 1791144687,2573045760,335421440,21315160,2939437056,3975258112
findling-rss 1791144689,2461007872,334057472,21159264,2823696384,3975258112
findling-rss 1791144691,3528466432,335822848,22098552,3898011648,3975258112
findling-rss 1791144693,3173748736,335826944,21986328,3544526848,3975258112
findling-rss 1791144695,3268390912,335478784,21981256,3637944320,3975258112
findling-rss 1791144697,3414786048,335884288,22116768,3784847360,3975258112
findling-rss 1791144699,2793496576,335863808,21760664,3146821632,3975258112
findling-rss 1791144701,3433082880,335863808,22140456,3803103232,3975258112
findling-rss 1791144703,3331772416,335933440,22123120,3701211136,3975258112
findling-rss 1791144705,2973323264,335609856,21641376,3335446528,3975258112
findling-rss 1791144707,3509084160,335953920,22157688,3879321600,3975258112
findling-rss 1791144709,2730012672,337408000,21684032,3097595904,3975258112
findling-rss 1791144711,3458560000,340566016,22278592,3833544704,3975258112
findling-rss 1791144713,3182919680,341581824,22332448,3552292864,3975258112
findling-rss 1791144715,3238207488,341585920,22057240,3613151232,3975258112
findling-rss 1791144717,2843078656,340193280,21752064,3214610432,3975258112
findling-rss 1791144719,2695553024,339832832,21611288,3066748928,3975258112
findling-rss 1791144721,2601181184,339832832,21487208,2971758592,3975258112
findling-rss 1791144724,2602663936,339832832,21485608,2973650944,3975258112
findling-rss 1791144726,2539196416,338460672,21442024,2908332032,3975258112
findling-rss 1791144728,2540335104,338460672,21441904,2909655040,3975258112
findling-rss 1791144730,2519445504,338460672,21447048,2889306112,3975258112
findling-rss 1791144732,2443677696,338460672,21322696,2812407808,3975258112
findling-rss 1791144734,2542501888,338460672,21445016,2911297536,3975258112
findling-rss 1791144736,2541686784,338460672,21444728,2911223808,3975258112
findling-rss 1791144738,2521956352,338460672,21444296,2891243520,3975258112
findling-rss 1791144740,2544631808,338460672,21445136,2913865728,3975258112
findling-rss 1791144742,2544136192,338460672,21445664,2913112064,3975258112
findling-rss 1791144744,2541985792,338460672,21447960,2911657984,3975258112
findling-rss 1791144746,2431905792,338460672,21449520,2800812032,3975258112
findling-rss 1791144748,2489143296,338460672,21447456,2858283008,3975258112
findling-rss 1791144750,3414507520,336101376,22172264,3784921088,3975258112
findling-rss 1791144752,3032883200,336084992,22194640,3393241088,3975258112
findling-rss 1791144754,3432226816,336084992,22194160,3802267648,3975258112
findling-rss 1791144756,3414040576,335986688,22060192,3784146944,3975258112
findling-rss 1791144758,2912526336,335994880,21826560,3277164544,3975258112
findling-rss 1791144760,3419598848,335994880,22086840,3790024704,3975258112
findling-rss 1791144762,2975608832,335810560,21834880,3335487488,3975258112
findling-rss 1791144764,3478417408,335810560,22096744,3848089600,3975258112
findling-rss 1791144766,3328057344,337453056,22182720,3697864704,3975258112
findling-rss 1791144768,2703847424,335683584,21491480,3070767104,3975258112
findling-rss 1791144770,2573733888,335331328,21349824,2939760640,3975258112
findling-rss 1791144772,2575106048,335331328,21351200,2940796928,3975258112
findling-rss 1791144774,2576011264,335331328,21350912,2941730816,3975258112
findling-rss 1791144776,2546966528,335331328,21349952,2913095680,3975258112
findling-rss 1791144778,2575290368,335331328,21351864,2940710912,3975258112
findling-rss 1791144780,3407171584,336789504,22161480,3744931840,3975258112
findling-rss 1791144782,3132813312,339951616,22263312,3504672768,3975258112
findling-rss 1791144784,3428159488,343117824,22355888,3805192192,3975258112
findling-rss 1791144786,3002904576,342077440,21924672,3377209344,3975258112
findling-rss 1791144788,2670022656,340680704,21622952,3041832960,3975258112
findling-rss 1791144790,2612625408,340680704,21618872,2984013824,3975258112
findling-rss 1791144792,2700251136,340680704,21621824,3072307200,3975258112
findling-rss 1791144794,2700730368,340680704,21623152,3072872448,3975258112
findling-rss 1791144796,2633871360,340680704,21622512,3005812736,3975258112
findling-rss 1791144798,2606043136,340680704,21500848,2977427456,3975258112
findling-rss 1791144800,2651115520,340680704,21625720,3023228928,3975258112
findling-rss 1791144802,2637066240,340680704,21627920,3007516672,3975258112
findling-rss 1791144804,2578493440,340680704,21502752,2949926912,3975258112
findling-rss 1791144806,2695139328,340680704,21626384,3067588608,3975258112
findling-rss 1791144808,2703839232,340680704,21627920,3076038656,3975258112
findling-rss 1791144810,2790649856,340770816,21898520,3153817600,3975258112
findling-rss 1791144812,3427090432,341127168,22296688,3802443776,3975258112
findling-rss 1791144814,3377631232,341106688,22316000,3750084608,3975258112
findling-rss 1791144816,2669830144,339374080,21605120,3040411648,3975258112
findling-rss 1791144818,2688561152,339374080,21606248,3059396608,3975258112
findling-rss 1791144820,2540994560,339017728,21467144,2910535680,3975258112
findling-rss 1791144822,2484666368,339017728,21468440,2854285312,3975258112
findling-rss 1791144824,2541199360,339017728,21482880,2911207424,3975258112
findling-rss 1791144826,2541326336,339017728,21469048,2910949376,3975258112
findling-rss 1791144828,2541252608,339017728,21464664,2910867456,3975258112
findling-rss 1791144830,2471104512,339017728,21465000,2835017728,3975258112
findling-rss 1791144832,2543370240,339017728,21467936,2913320960,3975258112
findling-rss 1791144834,2542321664,339017728,21466192,2912038912,3975258112
findling-rss 1791144836,2543149056,339017728,21467552,2912862208,3975258112
findling-rss 1791144838,2447732736,339017728,21342520,2817581056,3975258112
findling-rss 1791144840,2543353856,339017728,21464264,2913021952,3975258112
findling-rss 1791144842,2544168960,339017728,21465640,2913546240,3975258112
findling-rss 1791144844,2470502400,339017728,21465432,2840289280,3975258112
findling-rss 1791144846,2430607360,339017728,21341840,2798219264,3975258112
findling-rss 1791144848,2490077184,339017728,21466032,2859880448,3975258112
findling-rss 1791144850,2534043648,339017728,21467416,2903371776,3975258112
findling-rss 1791144852,2661986304,335216640,21512632,3028668416,3975258112
findling-rss 1791144854,3431723008,336273408,22182608,3802136576,3975258112
findling-rss 1791144856,3426115584,336277504,22205888,3796893696,3975258112
findling-rss 1791144858,2496053248,334180352,21265664,2921730048,3975258112
findling-rss 1791144860,3459538944,341385216,22342992,3835125760,3975258112
findling-rss 1791144862,2819469312,340209664,21970656,3189600256,3975258112
findling-rss 1791144864,3436453888,340209664,22332896,3810582528,3975258112
findling-rss 1791144866,2691317760,338444288,21624304,3061334016,3975258112
findling-rss 1791144868,2475511808,338100224,21475768,2842628096,3975258112
findling-rss 1791144870,2434420736,338100224,21350528,2801483776,3975258112
findling-rss 1791144872,2488553472,338100224,21474312,2857263104,3975258112
findling-rss 1791144874,2532524032,338100224,21474448,2901835776,3975258112
findling-rss 1791144876,2521985024,338100224,21470656,2890809344,3975258112
findling-rss 1791144878,2542206976,338100224,21472016,2911313920,3975258112
findling-rss 1791144880,2543259648,338100224,21473376,2912608256,3975258112
findling-rss 1791144882,2545111040,338100224,21475448,2914189312,3975258112
findling-rss 1791144884,2523041792,338100224,21473352,2892046336,3975258112
findling-rss 1791144886,2542882816,338100224,21475824,2911768576,3975258112
findling-rss 1791144888,2544275456,338100224,21474312,2913198080,3975258112
findling-rss 1791144890,2543755264,338100224,21473240,2912317440,3975258112
findling-rss 1791144892,2526068736,335024128,21417120,2887196672,3975258112
findling-rss 1791144894,3424325632,336437248,22222600,3794997248,3975258112
findling-rss 1791144896,3415961600,336408576,22244608,3786125312,3975258112
findling-rss 1791144898,2381455360,356220928,21949232,2767130624,3975258112
findling-rss 1791144900,3423334400,344055808,22326552,3801493504,3975258112
findling-rss 1791144902,3363803136,345214976,22367816,3742347264,3975258112
findling-rss 1791144904,2794692608,344158208,21941440,3169968128,3975258112
findling-rss 1791144906,2723168256,342282240,21636096,3096907776,3975258112
findling-rss 1791144908,2619351040,341946368,21499864,2992291840,3975258112
findling-rss 1791144910,2502483968,341950464,21496960,2875334656,3975258112
findling-rss 1791144912,2460397568,341950464,21371816,2831241216,3975258112
findling-rss 1791144914,2567405568,341950464,21496904,2940067840,3975258112
findling-rss 1791144916,2577055744,341950464,21496008,2949517312,3975258112
findling-rss 1791144918,2557743104,341950464,21498736,2930561024,3975258112
findling-rss 1791144920,2580008960,341950464,21495504,2952511488,3975258112
findling-rss 1791144922,2578395136,341950464,21495384,2951254016,3975258112
findling-rss 1791144924,2578083840,341950464,21495752,2951127040,3975258112
findling-rss 1791144926,2531639296,341950464,21491240,2904522752,3975258112
findling-rss 1791144928,2577969152,341950464,21494392,2950426624,3975258112
findling-rss 1791144930,2578550784,341950464,21496576,2951593984,3975258112
findling-rss 1791144932,2578812928,341950464,21497112,2951897088,3975258112
findling-rss 1791144934,2511962112,341950464,21493888,2884919296,3975258112
findling-rss 1791144936,2579906560,341950464,21493032,2952515584,3975258112
findling-rss 1791144938,2579656704,341950464,21495136,2952826880,3975258112
findling-rss 1791144940,2578837504,341950464,21493280,2951610368,3975258112
findling-rss 1791144942,2511577088,341950464,21494840,2884825088,3975258112
findling-rss 1791144944,2580164608,341950464,21497112,2952945664,3975258112
findling-rss 1791144946,2580307968,341950464,21495248,2953056256,3975258112
findling-rss 1791144948,2581680128,341950464,21497432,2954588160,3975258112
findling-rss 1791144950,2495111168,341950464,21493688,2867429376,3975258112
findling-rss 1791144952,2582065152,341950464,21495400,2954645504,3975258112
findling-rss 1791144954,2581872640,341950464,21492512,2955046912,3975258112
findling-rss 1791144956,2568413184,341950464,21492928,2939445248,3975258112
findling-rss 1791144958,2485710848,341950464,21363784,2857984000,3975258112
findling-rss 1791144960,2587004928,341950464,21490872,2959503360,3975258112
findling-rss 1791144962,3221483520,340979712,22245472,3596443648,3975258112
findling-rss 1791144964,3013472256,340611072,21891656,3384307712,3975258112
findling-rss 1791144967,3388649472,340963328,22281008,3763843072,3975258112
findling-rss 1791144969,2996985856,339927040,21847600,3369345024,3975258112
findling-rss 1791144971,2626015232,339218432,21564792,2998910976,3975258112
findling-rss 1791144973,2707570688,339218432,21565840,3078287360,3975258112
findling-rss 1791144975,2548490240,337813504,21398312,2917113856,3975258112
findling-rss 1791144977,2544889856,337813504,21400984,2913398784,3975258112
findling-rss 1791144979,2515533824,337813504,21401504,2884005888,3975258112
findling-rss 1791144981,2544746496,337813504,21402192,2912698368,3975258112
findling-rss 1791144983,2544603136,337813504,21403416,2913013760,3975258112
findling-rss 1791144985,2545229824,337813504,21402872,2914021376,3975258112
findling-rss 1791144987,2478022656,337813504,21402112,2846285824,3975258112
findling-rss 1791144989,2546401280,337813504,21400608,2914791424,3975258112
findling-rss 1791144991,2546798592,337813504,21401952,2915155968,3975258112
findling-rss 1791144993,2922590208,336506880,21899496,3280318464,3975258112
findling-rss 1791144995,3370332160,336506880,22156424,3741257728,3975258112
findling-rss 1791144997,3331497984,336437248,22173824,3701833728,3975258112
findling-rss 1791144999,2836668416,336556032,22038432,3204308992,3975258112
findling-rss 1791145001,3381411840,336556032,22176688,3752124416,3975258112
findling-rss 1791145003,2662207488,334790656,21524352,3028303872,3975258112
findling-rss 1791145005,2419400704,334127104,21241528,2783285248,3975258112
findling-rss 1791145007,2419400704,334127104,21242888,2783592448,3975258112
findling-rss 1791145009,2419400704,334127104,21242344,2784014336,3975258112
findling-rss 1791145011,2419400704,334127104,21243024,2783989760,3975258112
findling-rss 1791145013,2419400704,334127104,21242480,2783756288,3975258112
findling-rss 1791145015,2419400704,334127104,21243776,2782822400,3975258112
findling-rss 1791145017,2419400704,334127104,21245200,2783158272,3975258112
findling-rss 1791145019,2419400704,334127104,21245376,2783674368,3975258112
findling-rss 1791145021,2419400704,334127104,21241664,2782900224,3975258112
findling-rss 1791145023,2419400704,334127104,21242752,2783236096,3975258112
findling-rss 1791145025,2419400704,334127104,21240304,2783973376,3975258112
findling-rss 1791145027,2419400704,334127104,21238296,2783232000,3975258112
findling-rss 1791145029,2419400704,334127104,21239520,2783358976,3975258112
findling-rss 1791145031,2419400704,334127104,21238840,2783133696,3975258112
findling-rss 1791145033,2419400704,334127104,21239520,2783260672,3975258112
findling-rss 1791145035,2419400704,334127104,21239928,2783780864,3975258112
findling-rss 1791145037,2419400704,334127104,21240472,2783612928,3975258112
findling-rss 1791145039,2420002816,334127104,21244704,2783985664,3975258112
findling-rss 1791145041,2420002816,334127104,21242376,2784411648,3975258112
findling-rss 1791145043,2420002816,334127104,21242504,2784526336,3975258112
findling-rss 1791145045,2420002816,334127104,21237616,2783457280,3975258112
findling-rss 1791145047,2420002816,334127104,21238024,2784002048,3975258112
findling-rss 1791145049,2420002816,334127104,21239248,2784030720,3975258112
findling-rss 1791145051,2420002816,334127104,21243296,2784669696,3975258112
findling-rss 1791145053,2420002816,334127104,21243024,2784530432,3975258112
findling-rss 1791145055,2420002816,334127104,21243024,2784174080,3975258112
findling-rss 1791145057,2420002816,334127104,21241528,2784092160,3975258112
findling-rss 1791145059,2420002816,334127104,21242888,2784002048,3975258112
findling-rss 1791145061,2420002816,334127104,21242208,2784485376,3975258112
findling-rss 1791145063,2420002816,334127104,21242072,2783825920,3975258112
findling-rss 1791145065,2420002816,334127104,21242752,2784075776,3975258112
findling-rss 1791145067,2420002816,334127104,21243296,2783948800,3975258112
findling-rss 1791145069,2420002816,334127104,21243976,2784583680,3975258112
findling-rss 1791145071,2420002816,334127104,21245816,2784071680,3975258112
findling-rss 1791145073,2420002816,334127104,21243840,2783830016,3975258112
findling-rss 1791145075,2420002816,334127104,21244824,2783645696,3975258112
findling-rss 1791145077,2420002816,334127104,21289240,2784706560,3975258112
findling-rss 1791145079,2420002816,334127104,21243024,2783883264,3975258112
findling-rss 1791145081,2420002816,334127104,21244248,2784133120,3975258112
findling-rss 1791145083,2420002816,334127104,21243704,2783600640,3975258112
findling-rss 1791145085,2420002816,334127104,21241392,2784063488,3975258112
findling-rss 1791145087,2420002816,334127104,21241256,2784059392,3975258112
findling-rss 1791145089,2420002816,334127104,21242616,2784301056,3975258112
findling-rss 1791145091,2420002816,334127104,21243880,2784632832,3975258112
findling-rss 1791145093,2420002816,334127104,21243976,2784350208,3975258112
findling-rss 1791145095,2420002816,334127104,21242648,2784428032,3975258112
findling-rss 1791145097,2420002816,334127104,21240848,2784202752,3975258112
findling-rss 1791145099,2420002816,334127104,21241288,2784006144,3975258112
findling-rss 1791145101,2420002816,334127104,21235064,2784870400,3975258112
findling-rss 1791145103,2420002816,334127104,21238704,2783510528,3975258112
findling-rss 1791145105,2420002816,334127104,21238432,2783944704,3975258112
findling-rss 1791145107,2420002816,334127104,21239792,2784342016,3975258112
findling-rss 1791145109,2420002816,334127104,21241152,2784309248,3975258112
findling-rss 1791145111,2420002816,334127104,21238704,2784063488,3975258112
findling-rss 1791145113,2420002816,334127104,21237344,2783813632,3975258112
findling-rss 1791145115,2420002816,334127104,21238568,2784317440,3975258112
findling-rss 1791145117,2420002816,334127104,21238944,2784206848,3975258112
findling-rss 1791145119,2420002816,334127104,21239624,2784321536,3975258112
findling-rss 1791145121,2420002816,334127104,21239960,2784366592,3975258112
findling-rss 1791145123,2420002816,334127104,21241080,2783948800,3975258112
findling-rss 1791145125,2420002816,334127104,21241016,2784063488,3975258112
findling-rss 1791145127,2420002816,334127104,21241288,2784321536,3975258112
findling-rss 1791145129,2420002816,334127104,21240744,2784444416,3975258112
findling-rss 1791145131,2420002816,334127104,21239792,2784268288,3975258112
findling-rss 1791145133,2420002816,334127104,21241016,2783232000,3975258112
findling-rss 1791145135,2420002816,334127104,21240880,2784157696,3975258112
findling-rss 1791145137,2420002816,334127104,21239248,2784202752,3975258112
findling-rss 1791145139,2420002816,334127104,21239928,2783846400,3975258112
findling-rss 1791145141,2420002816,334127104,21240064,2783682560,3975258112
findling-rss 1791145143,2420002816,334127104,21237072,2783903744,3975258112
findling-rss 1791145145,2420002816,334127104,21238432,2784288768,3975258112
findling-rss 1791145147,2420002816,334127104,21237616,2783801344,3975258112
findling-rss 1791145149,2420002816,334127104,21238976,2784518144,3975258112
findling-rss 1791145151,2420002816,334127104,21240336,2784239616,3975258112
findling-rss 1791145153,2420002816,334127104,21238296,2784116736,3975258112
findling-rss 1791145155,2420002816,334127104,21238296,2784313344,3975258112
findling-rss 1791145157,2420002816,334127104,21239656,2784194560,3975258112
findling-rss 1791145159,2421436416,334127104,21241744,2785554432,3975258112
findling-rss 1791145161,2420002816,334127104,21239008,2784538624,3975258112
findling-rss 1791145163,2420002816,334127104,21240368,2784231424,3975258112
findling-rss 1791145165,2420002816,334127104,21236152,2784305152,3975258112
findling-rss 1791145167,2420002816,334127104,21236152,2784215040,3975258112
findling-rss 1791145169,2420002816,334127104,21237512,2783977472,3975258112
findling-rss 1791145171,2420002816,334127104,21237648,2784415744,3975258112
findling-rss 1791145173,2420002816,334127104,21235608,2783846400,3975258112
findling-rss 1791145175,2420002816,334127104,21236936,2784722944,3975258112
findling-rss 1791145177,2420002816,334127104,21236968,2784518144,3975258112
findling-rss 1791145179,2420002816,334127104,21238976,2784428032,3975258112
findling-rss 1791145181,2420002816,334127104,21236832,2784444416,3975258112
findling-rss 1791145183,2420002816,334127104,21237344,2784321536,3975258112
findling-rss 1791145185,2420002816,334127104,21236560,2784206848,3975258112
findling-rss 1791145187,2420002816,334127104,21237176,2784141312,3975258112
findling-rss 1791145189,2420002816,334127104,21238056,2784280576,3975258112
findling-rss 1791145191,2420002816,334127104,21237920,2783940608,3975258112
findling-rss 1791145193,2420002816,334127104,21235472,2784288768,3975258112
findling-rss 1791145195,2420002816,334127104,21236832,2784731136,3975258112
findling-rss 1791145197,2420002816,334127104,21236832,2784555008,3975258112
findling-rss 1791145199,2420002816,334127104,21235952,2784718848,3975258112
findling-rss 1791145201,2420002816,334127104,21235880,2784018432,3975258112
findling-rss 1791145203,2420002816,334127104,21235200,2784051200,3975258112
findling-rss 1791145205,2420002816,334127104,21236016,2783936512,3975258112
findling-rss 1791145207,2420002816,334127104,21237376,2784247808,3975258112
findling-rss 1791145209,2420002816,334127104,21238736,2784346112,3975258112
findling-rss 1791145211,2420002816,334127104,21236968,2784022528,3975258112
findling-rss 1791145213,2420002816,334127104,21235880,2784149504,3975258112
findling-rss 1791145215,2420002816,334127104,21237240,2783617024,3975258112
findling-rss 1791145217,2420002816,334127104,21238600,2784149504,3975258112
findling-rss 1791145219,2420002816,334127104,21239960,2784374784,3975258112
findling-rss 1791145221,2421436416,334127104,21242768,2785714176,3975258112
findling-rss 1791145223,2420002816,334127104,21239416,2784202752,3975258112
findling-rss 1791145225,2420002816,334127104,21243192,2784075776,3975258112
findling-rss 1791145228,2420002816,334127104,21240336,2784415744,3975258112
findling-rss 1791145230,2420002816,334127104,21242136,2784354304,3975258112
findling-rss 1791145232,2420002816,334127104,21241016,2784399360,3975258112
findling-rss 1791145234,2420002816,334127104,21236800,2783772672,3975258112
findling-rss 1791145236,2420002816,334127104,21238160,2784317440,3975258112
findling-rss 1791145238,2420002816,334127104,21238360,2783780864,3975258112
findling-rss 1791145240,2420002816,334127104,21239960,2784116736,3975258112
findling-rss 1791145242,2420002816,334127104,21255688,2783731712,3975258112
findling-rss 1791145244,2420002816,334127104,21241016,2784309248,3975258112
findling-rss 1791145246,2420002816,334127104,21241560,2784251904,3975258112
findling-rss 1791145248,2420002816,334127104,21239384,2784677888,3975258112
findling-rss 1791145250,2420002816,334127104,21239792,2784288768,3975258112
findling-rss 1791145252,2420002816,334127104,21240336,2783657984,3975258112
findling-rss 1791145254,2420002816,334127104,21239792,2784190464,3975258112
findling-rss 1791145256,2420002816,334127104,21240336,2784350208,3975258112
findling-rss 1791145258,2420002816,334127104,21241696,2784673792,3975258112
findling-rss 1791145260,2420002816,334127104,21243056,2784595968,3975258112
findling-rss 1791145262,2420002816,334127104,21241288,2783866880,3975258112
findling-rss 1791145264,2420002816,334127104,21238296,2783838208,3975258112
findling-rss 1791145266,2420002816,334127104,21237208,2783666176,3975258112
findling-rss 1791145268,2420002816,334127104,21238568,2784235520,3975258112
findling-rss 1791145270,2420002816,334127104,21239248,2783940608,3975258112
findling-rss 1791145272,2420002816,334127104,21240608,2784141312,3975258112
findling-rss 1791145274,2420002816,334127104,21241832,2784591872,3975258112
findling-rss 1791145276,2420002816,334127104,21238600,2784030720,3975258112
findling-rss 1791145278,2420002816,334127104,21237920,2784104448,3975258112
findling-rss 1791145280,2420002816,334127104,21239280,2784079872,3975258112
findling-rss 1791145282,2420002816,334127104,21235608,2784550912,3975258112
findling-rss 1791145284,2420002816,334127104,21236288,2784354304,3975258112
findling-rss 1791145286,2420002816,334127104,21236968,2783797248,3975258112
findling-rss 1791145288,2420002816,334127104,21237472,2784055296,3975258112
findling-rss 1791145290,2420002816,334127104,21237440,2784153600,3975258112
findling-rss 1791145292,2420002816,334127104,21236424,2784116736,3975258112
findling-rss 1791145294,2420002816,334127104,21236696,2783965184,3975258112
findling-rss 1791145296,2420002816,334127104,21236424,2784423936,3975258112
findling-rss 1791145298,2420002816,334127104,21237784,2784350208,3975258112
findling-rss 1791145300,2420002816,334127104,21237824,2784952320,3975258112
findling-rss 1791145302,2420002816,334127104,21233168,2784555008,3975258112
findling-rss 1791145304,2420002816,334127104,21281424,2785017856,3975258112
findling-rss 1791145306,2420002816,334127104,21235208,2783866880,3975258112
findling-rss 1791145308,2420002816,334127104,21235208,2784190464,3975258112
findling-rss 1791145310,2420002816,334127104,21235208,2784428032,3975258112
findling-rss 1791145312,2420002816,334127104,21234392,2784239616,3975258112
findling-rss 1791145314,2420002816,334127104,21233816,2784063488,3975258112
findling-rss 1791145316,2420002816,334127104,21234936,2784100352,3975258112
findling-rss 1791145318,2420002816,334127104,21236296,2784473088,3975258112
findling-rss 1791145320,2420002816,334127104,21236024,2784452608,3975258112
findling-rss 1791145322,2420002816,334127104,21235072,2784047104,3975258112
findling-rss 1791145324,2420002816,334127104,21236056,2784165888,3975258112
findling-rss 1791145326,2420002816,334127104,21251104,2783989760,3975258112
findling-rss 1791145328,2420002816,334127104,21233576,2784100352,3975258112
findling-rss 1791145330,2420002816,334127104,21234936,2784088064,3975258112
findling-rss 1791145332,2420002816,334127104,21236296,2784251904,3975258112
findling-rss 1791145334,2420002816,334127104,21235480,2784976896,3975258112
findling-rss 1791145336,2420002816,334127104,21235480,2783952896,3975258112
findling-rss 1791145338,2420002816,334127104,21236840,2784014336,3975258112
findling-rss 1791145340,2420002816,334127104,21236568,2784604160,3975258112
findling-rss 1791145342,2420002816,334127104,21237384,2783997952,3975258112
findling-rss 1791145344,2420002816,334127104,21240208,2784342016,3975258112
findling-rss 1791145346,2420002816,334127104,21239800,2784387072,3975258112
findling-rss summary samples=1978 max_anon=3537911808 peak=3975258112 events=[low=0 high=0 max=0 oom=0 oom_kill=0 oom_group_kill=0 sock_throttled=0] oom_killed=false
