findling-cpu epoch,usage_usec,box_total_jiffies,box_idle_jiffies,uptime_usec
findling-cpu 1791098179,1374241,1232321,1007589,3085730000
findling-cpu 1791098184,1477306,1234311,1009151,3090740000
findling-cpu 1791098189,1580854,1236309,1011102,3095750000
findling-cpu 1791098194,1677949,1238308,1013047,3100770000
findling-cpu 1791098199,1756183,1240306,1015016,3105780000
findling-cpu 1791098204,1852854,1242306,1016969,3110790000
findling-cpu 1791098209,1949523,1244306,1018930,3115810000
findling-cpu 1791098214,2046374,1246300,1020831,3120820000
findling-cpu 1791098219,2133341,1248296,1022635,3125830000
findling-cpu 1791098224,2230091,1250295,1024586,3130850000
findling-cpu 1791098229,2327058,1252296,1026546,3135860000
findling-cpu 1791098234,2437558,1254293,1028486,3140880000
findling-cpu 1791098239,2526160,1256293,1030450,3145890000
findling-cpu 1791098244,2612707,1258287,1032380,3150900000
findling-cpu 1791098249,2716553,1260287,1034330,3155920000
findling-cpu 1791098254,2813393,1262284,1036281,3160930000
findling-cpu 1791098259,2910159,1264281,1038242,3165940000
findling-cpu 1791098264,2995307,1266280,1040186,3170960000
findling-cpu 1791098269,3092253,1268278,1042109,3175970000
findling-cpu 1791098274,3189528,1270270,1044004,3180980000
findling-cpu 1791098279,3310498,1272267,1045934,3186000000
findling-cpu 1791098284,3389298,1274265,1047893,3191010000
findling-cpu 1791098289,3486258,1276262,1049847,3196030000
findling-cpu 1791098294,3595362,1278261,1051785,3201040000
findling-cpu 1791098299,3692877,1280260,1053743,3206050000
findling-cpu 1791098304,3776672,1282254,1055661,3211070000
findling-cpu 1791098309,3879941,1284254,1057609,3216080000
findling-cpu 1791098314,3977079,1286253,1059563,3221090000
findling-cpu 1791098319,4073989,1288254,1061526,3226110000
findling-cpu 1791098324,4159443,1290252,1063472,3231120000
findling-cpu 1791098329,4257176,1292251,1065432,3236130000
findling-cpu 1791098334,4353896,1294244,1067357,3241150000
findling-cpu 1791098339,4452529,1296243,1069317,3246160000
findling-cpu 1791098345,4536900,1298243,1071267,3251180000
findling-cpu 1791098350,4633333,1300244,1073229,3256190000
findling-cpu 1791098355,4730351,1302242,1075183,3261200000
findling-cpu 1791098360,4838541,1304242,1077133,3266220000
findling-cpu 1791098365,4917631,1306237,1079063,3271230000
findling-cpu 1791098370,5015469,1308238,1081028,3276240000
findling-cpu 1791098375,5119049,1310236,1082967,3281260000
findling-cpu 1791098380,5215619,1312236,1084930,3286270000
findling-cpu 1791098385,5312480,1314234,1086884,3291280000
findling-cpu 1791098390,5397037,1316235,1088839,3296300000
findling-cpu 1791098395,5494165,1318229,1090763,3301310000
findling-cpu 1791098400,5591871,1320229,1092725,3306320000
findling-cpu 1791098405,5694621,1322228,1094660,3311340000
findling-cpu 1791098410,5773304,1324228,1096630,3316350000
findling-cpu 1791098415,5870464,1326225,1098587,3321360000
findling-cpu 1791098420,5982790,1328224,1100530,3326380000
findling-cpu 1791098425,6084341,1330218,1102447,3331390000
findling-cpu 1791098430,6164912,1332218,1104410,3336400000
findling-cpu 1791098435,6269302,1334217,1106356,3341420000
findling-cpu 1791098440,6367978,1336218,1108309,3346430000
findling-cpu 1791098445,6467241,1338218,1110267,3351450000
findling-cpu 1791098450,6553417,1340215,1112211,3356460000
findling-cpu 1791098455,6651790,1342209,1114142,3361470000
findling-cpu 1791098460,6750412,1344209,1116096,3366490000
findling-cpu 1791098465,6855334,1346207,1118040,3371500000
findling-cpu 1791098470,6934542,1348204,1120000,3376520000
findling-cpu 1791098475,7039952,1350204,1121957,3381530000
findling-cpu 1791098480,7148777,1352201,1123897,3386540000
findling-cpu 1791098485,7246093,1354197,1125829,3391560000
findling-cpu 1791098490,7326212,1356196,1127791,3396570000
findling-cpu 1791098495,7429246,1358195,1129737,3401580000
findling-cpu 1791098500,7525750,1360194,1131693,3406600000
findling-cpu 1791098505,7623551,1362194,1133653,3411610000
findling-cpu 1791098510,7709087,1364191,1135597,3416620000
findling-cpu 1791098515,7805898,1366186,1137534,3421640000
findling-cpu 1791098520,7903865,1368183,1139444,3426650000
findling-cpu 1791098525,8008532,1370182,1141357,3431670000
findling-cpu 1791098530,8105423,1372182,1143312,3436680000
findling-cpu 1791098535,8184457,1374181,1145280,3441690000
findling-cpu 1791098540,8293129,1376178,1147220,3446710000
findling-cpu 1791098545,8393479,1378170,1149119,3451720000
findling-cpu 1791098550,8490834,1380170,1151074,3456730000
findling-cpu 1791098555,8575366,1382170,1153029,3461750000
findling-cpu 1791098560,8672466,1384168,1154983,3466760000
findling-cpu 1791098565,8769841,1386169,1156944,3471770000
findling-cpu 1791098570,8872566,1388167,1158884,3476790000
findling-cpu 1791098575,8952368,1390163,1160822,3481800000
findling-cpu 1791098580,9049808,1392164,1162777,3486820000
findling-cpu 1791098585,9154496,1394162,1164722,3491830000
findling-cpu 1791098590,9251038,1396161,1166676,3496840000
findling-cpu 1791098595,9330840,1398160,1168645,3501860000
findling-cpu 1791098600,9440881,1400158,1170584,3506870000
findling-cpu 1791098605,9537790,1402154,1172516,3511880000
findling-cpu 1791098610,9635695,1404153,1174471,3516900000
findling-cpu 1791098615,9720474,1406151,1176425,3521910000
findling-cpu 1791098620,9817567,1408149,1178379,3526930000
findling-cpu 1791098625,9915018,1410149,1180339,3531940000
findling-cpu 1791098630,10017205,1412147,1182280,3536950000
findling-cpu 1791098635,10096808,1414142,1184218,3541970000
findling-cpu 1791098640,10194040,1416141,1186175,3546980000
findling-cpu 1791098645,10297538,1418139,1188120,3552000000
findling-cpu 1791098650,10394720,1420139,1190073,3557010000
findling-cpu 1791098655,10492182,1422138,1192035,3562020000
findling-cpu 1791098660,10582804,1424141,1193982,3567040000
findling-cpu 1791098665,10684273,1426137,1195902,3572050000
findling-cpu 1791098670,10781709,1428136,1197856,3577060000
findling-cpu 1791098675,10885641,1430133,1199771,3582080000
findling-cpu 1791098680,10964378,1432133,1201733,3587090000
findling-cpu 1791098685,11061728,1434133,1203693,3592100000
findling-cpu 1791098690,12346460,1436128,1205355,3597120000
findling-cpu 1791098695,13781844,1438108,1206667,3602130000
findling-cpu 1791098700,15017303,1440091,1207993,3607140000
findling-cpu 1791098705,17213650,1442079,1209343,3612160000
findling-cpu 1791098711,18619413,1444064,1210650,3617170000
findling-cpu 1791098716,19893701,1446045,1211968,3622190000
findling-cpu 1791098721,22008241,1448026,1213318,3627200000
findling-cpu 1791098726,23548305,1450011,1214584,3632210000
findling-cpu 1791098731,25346918,1451995,1215920,3637230000
findling-cpu 1791098736,27005426,1453980,1217242,3642240000
findling-cpu 1791098741,28466950,1455963,1218555,3647260000
findling-cpu 1791098746,30662595,1457945,1219893,3652270000
findling-cpu 1791098751,31996146,1459927,1221206,3657290000
findling-cpu 1791098756,33402713,1461905,1222488,3662300000
findling-cpu 1791098761,35601613,1463897,1223825,3667320000
findling-cpu 1791098766,36979245,1465879,1225144,3672330000
findling-cpu 1791098771,38430725,1467863,1226460,3677350000
findling-cpu 1791098776,40487355,1469848,1227807,3682360000
findling-cpu 1791098781,41841258,1471830,1229115,3687380000
findling-cpu 1791098786,44034611,1473810,1230425,3692390000
findling-cpu 1791098791,45399037,1475793,1231746,3697400000
findling-cpu 1791098796,46882898,1477777,1233048,3702420000
findling-cpu 1791098801,49085519,1479765,1234393,3707430000
findling-cpu 1791098806,50503361,1481744,1235697,3712450000
findling-cpu 1791098811,51929037,1483729,1237008,3717460000
findling-cpu 1791098816,54070573,1485710,1238332,3722470000
findling-cpu 1791098821,58364682,1487706,1239681,3727490000
findling-cpu 1791098826,63661275,1489704,1241012,3732500000
findling-cpu 1791098831,66793904,1491694,1242254,3737520000
findling-cpu 1791098836,68627767,1493677,1243582,3742530000
findling-cpu 1791098841,70376200,1495662,1244911,3747550000
findling-cpu 1791098846,71727792,1497644,1246197,3752560000
findling-cpu 1791098851,73970014,1499629,1247526,3757580000
findling-cpu 1791098856,75394699,1501612,1248849,3762590000
findling-cpu 1791098861,76832497,1503593,1250152,3767600000
findling-cpu 1791098866,79019725,1505582,1251491,3772620000
findling-cpu 1791098871,80539926,1507562,1252801,3777630000
findling-cpu 1791098876,81933928,1509548,1254112,3782650000
findling-cpu 1791098881,84180227,1511535,1255444,3787660000
findling-cpu 1791098886,85560159,1513520,1256762,3792680000
findling-cpu 1791098891,87694911,1515506,1258108,3797690000
findling-cpu 1791098896,89249025,1517486,1259403,3802700000
findling-cpu 1791098901,90645361,1519471,1260717,3807720000
findling-cpu 1791098906,92863209,1521456,1262019,3812730000
findling-cpu 1791098911,94323070,1523438,1263318,3817750000
findling-cpu 1791098916,95782320,1525422,1264643,3822760000
findling-cpu 1791098921,97840561,1527409,1265980,3827770000
findling-cpu 1791098926,99450821,1529392,1267275,3832790000
findling-cpu 1791098931,100910605,1531375,1268581,3837800000
findling-cpu 1791098936,103037074,1533356,1269890,3842820000
findling-cpu 1791098941,104516371,1535341,1271191,3847830000
findling-cpu 1791098946,106761717,1537330,1272530,3852840000
findling-cpu 1791098951,108216267,1539317,1273840,3857860000
findling-cpu 1791098956,109826408,1541301,1275149,3862870000
findling-cpu 1791098961,112285996,1543289,1276501,3867880000
findling-cpu 1791098966,117357354,1545288,1277932,3872900000
findling-cpu 1791098971,123564122,1547285,1279243,3877910000
findling-cpu 1791098976,129928075,1549285,1280561,3882920000
findling-cpu 1791098981,135772598,1551285,1281932,3887940000
findling-cpu 1791098986,141204433,1553286,1283331,3892950000
findling-cpu 1791098991,147514583,1555286,1284641,3897970000
findling-cpu 1791098996,153843357,1557284,1285918,3902980000
findling-cpu 1791099001,158925331,1559285,1287368,3907990000
findling-cpu 1791099006,165188431,1561283,1288682,3913010000
findling-cpu 1791099011,171487217,1563281,1289994,3918020000
findling-cpu 1791099016,176934684,1565283,1291418,3923030000
findling-cpu 1791099021,182844912,1567278,1292752,3928050000
findling-cpu 1791099026,189199362,1569274,1294030,3933070000
findling-cpu 1791099031,195423831,1571275,1295364,3938080000
findling-cpu 1791099036,200513819,1573274,1296799,3943090000
findling-cpu 1791099041,206799130,1575273,1298108,3948110000
findling-cpu 1791099046,213221883,1577273,1299396,3953120000
findling-cpu 1791099051,218271713,1579271,1300844,3958140000
findling-cpu 1791099056,224577042,1581270,1302130,3963150000
findling-cpu 1791099062,230955027,1583268,1303433,3968160000
findling-cpu 1791099067,236247241,1585269,1304867,3973180000
findling-cpu 1791099072,242254445,1587268,1306202,3978190000
findling-cpu 1791099077,248580277,1589271,1307515,3983210000
findling-cpu 1791099082,254717620,1591271,1308857,3988220000
findling-cpu 1791099087,259863170,1593268,1310256,3993240000
findling-cpu 1791099092,266166879,1595266,1311567,3998250000
findling-cpu 1791099097,272623880,1597269,1312857,4003260000
findling-cpu 1791099102,277705387,1599267,1314305,4008280000
findling-cpu 1791099107,284061414,1601268,1315611,4013290000
findling-cpu 1791099112,290397238,1603268,1316923,4018300000
findling-cpu 1791099117,295968272,1605265,1318246,4023320000
findling-cpu 1791099122,298910567,1607249,1319497,4028330000
findling-cpu 1791099127,300899446,1609235,1320793,4033350000
findling-cpu 1791099132,302509668,1611215,1322117,4038360000
findling-cpu 1791099137,303929994,1613198,1323444,4043370000
findling-cpu 1791099142,306171512,1615185,1324760,4048390000
findling-cpu 1791099147,307656406,1617166,1326052,4053400000
findling-cpu 1791099152,309032379,1619150,1327368,4058420000
findling-cpu 1791099157,311271075,1621133,1328693,4063430000
findling-cpu 1791099162,312652219,1623112,1330007,4068440000
findling-cpu 1791099167,314422323,1625095,1331343,4073460000
findling-cpu 1791099172,316340616,1627077,1332655,4078470000
findling-cpu 1791099177,317766051,1629060,1333942,4083490000
findling-cpu 1791099182,319912838,1631047,1335278,4088500000
findling-cpu 1791099187,321584535,1633031,1336566,4093520000
findling-cpu 1791099192,324216070,1635019,1337940,4098530000
findling-cpu 1791099197,330352064,1637020,1339291,4103540000
findling-cpu 1791099202,335512752,1639021,1340706,4108560000
findling-cpu 1791099207,341809180,1641019,1341997,4113570000
findling-cpu 1791099212,348043735,1643017,1343315,4118590000
findling-cpu 1791099217,353117056,1645018,1344772,4123600000
findling-cpu 1791099222,359475469,1647016,1346068,4128610000
findling-cpu 1791099227,365883588,1649016,1347369,4133630000
findling-cpu 1791099232,371256719,1651018,1348794,4138640000
findling-cpu 1791099237,377171959,1653014,1350117,4143660000
findling-cpu 1791099242,383457598,1655014,1351428,4148670000
findling-cpu 1791099247,389806030,1657015,1352754,4153680000
findling-cpu 1791099252,394814396,1659014,1354194,4158700000
findling-cpu 1791099257,401165477,1661013,1355504,4163710000
findling-cpu 1791099262,407406773,1663012,1356779,4168730000
findling-cpu 1791099267,412479150,1665008,1358209,4173740000
findling-cpu 1791099272,418757547,1667005,1359518,4178750000
findling-cpu 1791099277,425223908,1669003,1360809,4183770000
findling-cpu 1791099282,430946737,1671003,1362192,4188780000
findling-cpu 1791099287,436654907,1673002,1363563,4193790000
findling-cpu 1791099292,442963741,1675001,1364879,4198810000
findling-cpu 1791099297,449387286,1676999,1366163,4203820000
findling-cpu 1791099302,454365400,1678997,1367610,4208830000
findling-cpu 1791099307,460701416,1680997,1368925,4213850000
findling-cpu 1791099312,467000797,1682997,1370232,4218860000
findling-cpu 1791099317,472077000,1684998,1371690,4223870000
findling-cpu 1791099322,478293676,1686994,1373001,4228890000
findling-cpu 1791099327,484746283,1688990,1374267,4233900000
findling-cpu 1791099332,489801440,1690990,1375722,4238920000
findling-cpu 1791099337,496196651,1692989,1377032,4243930000
findling-cpu 1791099342,501682241,1694987,1378439,4248940000
findling-cpu 1791099347,507651940,1696988,1379782,4253960000
findling-cpu 1791099352,513946890,1698987,1381095,4258970000
findling-cpu 1791099357,519985918,1700986,1382428,4263990000
findling-cpu 1791099362,525240283,1702984,1383835,4269000000
findling-cpu 1791099367,531533193,1704984,1385154,4274010000
findling-cpu 1791099372,537795398,1706984,1386463,4279030000
findling-cpu 1791099377,542877523,1708982,1387910,4284040000
findling-cpu 1791099382,548001689,1710980,1389348,4289060000
findling-cpu 1791099387,553096632,1712978,1390784,4294070000
findling-cpu 1791099392,558213039,1714979,1392241,4299080000
findling-cpu 1791099397,564630366,1716980,1393537,4304100000
findling-cpu 1791099402,570789426,1718978,1394876,4309110000
findling-cpu 1791099407,576006734,1720977,1396300,4314120000
findling-cpu 1791099412,582216402,1722975,1397622,4319140000
findling-cpu 1791099417,588489196,1724975,1398896,4324150000
findling-cpu 1791099423,593636921,1726974,1400316,4329170000
findling-cpu 1791099428,599954397,1728976,1401634,4334180000
findling-cpu 1791099433,606217483,1730972,1402912,4339200000
findling-cpu 1791099438,611288409,1732972,1404370,4344210000
findling-cpu 1791099443,617567975,1734973,1405674,4349220000
findling-cpu 1791099448,623924122,1736968,1406960,4354240000
findling-cpu 1791099453,629440114,1738969,1408366,4359250000
findling-cpu 1791099458,635228430,1740967,1409730,4364270000
findling-cpu 1791099463,641509946,1742969,1411041,4369280000
findling-cpu 1791099468,647701740,1744971,1412390,4374290000
findling-cpu 1791099473,652827978,1746969,1413813,4379310000
findling-cpu 1791099478,659204600,1748966,1415095,4384320000
findling-cpu 1791099483,665506808,1750966,1416398,4389340000
findling-cpu 1791099488,670563115,1752967,1417863,4394350000
findling-cpu 1791099493,676824019,1754966,1419172,4399360000
findling-cpu 1791099498,683311637,1756964,1420467,4404380000
findling-cpu 1791099503,688966328,1758963,1421845,4409390000
findling-cpu 1791099508,694747969,1760959,1423184,4414410000
findling-cpu 1791099513,701122406,1762959,1424488,4419420000
findling-cpu 1791099518,707572012,1764958,1425806,4424440000
findling-cpu 1791099523,712491542,1766958,1427251,4429450000
findling-cpu 1791099528,718785276,1768959,1428575,4434460000
findling-cpu 1791099533,725082614,1770959,1429877,4439480000
findling-cpu 1791099538,730155846,1772955,1431309,4444490000
findling-cpu 1791099543,736456362,1774955,1432616,4449500000
findling-cpu 1791099548,741550540,1776958,1434084,4454520000
findling-cpu 1791099553,746664510,1778956,1435536,4459530000
findling-cpu 1791099558,752996688,1780955,1436841,4464550000
findling-cpu 1791099563,758080310,1782954,1438291,4469560000
findling-cpu 1791099568,764342941,1784953,1439583,4474570000
findling-cpu 1791099573,770746904,1786952,1440885,4479590000
findling-cpu 1791099578,776327045,1788953,1442291,4484600000
findling-cpu 1791099583,782049301,1790952,1443651,4489620000
findling-cpu 1791099588,788341311,1792953,1444977,4494630000
findling-cpu 1791099593,794797735,1794952,1446288,4499640000
findling-cpu 1791099598,799750320,1796948,1447711,4504660000
findling-cpu 1791099603,806073286,1798948,1449015,4509670000
findling-cpu 1791099608,812547958,1800947,1450309,4514690000
findling-cpu 1791099613,817623318,1802948,1451759,4519700000
findling-cpu 1791099618,823877931,1804946,1453077,4524710000
findling-cpu 1791099623,830223402,1806946,1454347,4529730000
findling-cpu 1791099628,835890574,1808943,1455726,4534740000
findling-cpu 1791099633,841653995,1810941,1457086,4539750000
findling-cpu 1791099638,848039477,1812942,1458397,4544770000
findling-cpu 1791099643,854417639,1814941,1459713,4549780000
findling-cpu 1791099648,859385298,1816941,1461164,4554800000
findling-cpu 1791099653,865670746,1818940,1462468,4559810000
findling-cpu 1791099658,872090977,1820937,1463744,4564830000
findling-cpu 1791099663,877162752,1822936,1465194,4569840000
findling-cpu 1791099668,883451450,1824936,1466513,4574850000
findling-cpu 1791099673,889681453,1826936,1467831,4579870000
findling-cpu 1791099678,894760633,1828933,1469282,4584880000
findling-cpu 1791099683,899871337,1830934,1470723,4589890000
findling-cpu 1791099688,906254939,1832934,1472020,4594910000
findling-cpu 1791099693,911683165,1834934,1473434,4599920000
findling-cpu 1791099698,917667206,1836931,1474779,4604940000
findling-cpu 1791099703,923971101,1838930,1476088,4609950000
findling-cpu 1791099708,930245500,1840931,1477429,4614960000
findling-cpu 1791099713,935373785,1842928,1478843,4619980000
findling-cpu 1791099718,941742472,1844925,1480099,4624990000
findling-cpu 1791099723,946818582,1846926,1481546,4630000000
findling-cpu 1791099728,951914312,1848927,1483014,4635020000
findling-cpu 1791099733,958134013,1850928,1484321,4640030000
findling-cpu 1791099738,963235256,1852927,1485755,4645050000
findling-cpu 1791099743,969595411,1854923,1487029,4650060000
findling-cpu 1791099748,974689242,1856922,1488479,4655070000
findling-cpu 1791099753,979801507,1858920,1489930,4660090000
findling-cpu 1791099758,984914764,1860921,1491390,4665100000
findling-cpu 1791099763,990029617,1862921,1492842,4670110000
findling-cpu 1791099768,995125119,1864921,1494309,4675130000
findling-cpu 1791099773,1000236767,1866919,1495754,4680140000
findling-cpu 1791099778,1005352112,1868917,1497194,4685150000
findling-cpu 1791099784,1011686931,1870916,1498499,4690170000
findling-cpu 1791099789,1016744474,1872917,1499958,4695180000
findling-cpu 1791099794,1023123762,1874918,1501263,4700190000
findling-cpu 1791099799,1029531440,1876915,1502564,4705210000
findling-cpu 1791099804,1034914620,1878913,1503980,4710220000
findling-cpu 1791099809,1040895266,1880911,1505299,4715240000
findling-cpu 1791099814,1046008686,1882912,1506758,4720250000
findling-cpu 1791099819,1051120823,1884912,1508212,4725260000
findling-cpu 1791099824,1056236877,1886912,1509670,4730280000
findling-cpu 1791099829,1062576926,1888914,1510975,4735290000
findling-cpu 1791099834,1067652481,1890910,1512421,4740300000
findling-cpu 1791099839,1073965011,1892910,1513707,4745320000
findling-cpu 1791099844,1080250778,1894910,1515024,4750330000
findling-cpu 1791099849,1086030997,1896911,1516410,4755350000
findling-cpu 1791099854,1091607672,1898911,1517796,4760360000
findling-cpu 1791099859,1097871033,1900908,1519106,4765370000
findling-cpu 1791099864,1102992299,1902905,1520542,4770390000
findling-cpu 1791099869,1108089615,1904904,1521984,4775400000
findling-cpu 1791099874,1113202015,1906904,1523444,4780410000
findling-cpu 1791099879,1118546801,1908902,1524867,4785430000
findling-cpu 1791099884,1124485998,1910902,1526212,4790440000
findling-cpu 1791099889,1130864767,1912902,1527519,4795460000
findling-cpu 1791099894,1137054749,1914898,1528851,4800470000
findling-cpu 1791099899,1142340077,1916894,1530234,4805490000
findling-cpu 1791099904,1147453319,1918896,1531691,4810500000
findling-cpu 1791099909,1152549418,1920894,1533152,4815510000
findling-cpu 1791099914,1157661498,1922892,1534610,4820530000
findling-cpu 1791099919,1162772770,1924892,1536066,4825540000
findling-cpu 1791099924,1167886245,1926892,1537514,4830550000
findling-cpu 1791099929,1174170266,1928888,1538807,4835570000
findling-cpu 1791099934,1179245172,1930890,1540264,4840580000
findling-cpu 1791099939,1185574970,1932889,1541563,4845590000
findling-cpu 1791099944,1191878518,1934889,1542878,4850610000
findling-cpu 1791099949,1197237757,1936890,1544305,4855620000
findling-cpu 1791099954,1203185789,1938888,1545639,4860640000
findling-cpu 1791099959,1209516861,1940887,1546936,4865650000
findling-cpu 1791099964,1215801155,1942886,1548269,4870670000
findling-cpu 1791099969,1220916422,1944886,1549700,4875680000
findling-cpu 1791099974,1227367706,1946886,1550992,4880690000
findling-cpu 1791099979,1233753234,1948884,1552287,4885710000
findling-cpu 1791099984,1238838660,1950883,1553698,4890720000
findling-cpu 1791099989,1245144945,1952880,1554992,4895740000
findling-cpu 1791099994,1251509759,1954880,1556304,4900750000
findling-cpu 1791099999,1256768998,1956879,1557737,4905760000
findling-cpu 1791100004,1262897984,1958876,1559065,4910780000
findling-cpu 1791100009,1269287033,1960877,1560373,4915790000
findling-cpu 1791100014,1275009339,1962874,1561741,4920810000
findling-cpu 1791100019,1280751421,1964872,1563041,4925820000
findling-cpu 1791100024,1287131035,1966871,1564345,4930830000
findling-cpu 1791100029,1293515829,1968871,1565665,4935850000
findling-cpu 1791100034,1298426541,1970870,1567087,4940860000
findling-cpu 1791100039,1304726083,1972868,1568400,4945880000
findling-cpu 1791100044,1309785994,1974864,1569841,4950890000
findling-cpu 1791100049,1316021593,1976863,1571147,4955910000
findling-cpu 1791100054,1322434691,1978863,1572455,4960920000
findling-cpu 1791100059,1327806593,1980862,1573875,4965930000
findling-cpu 1791100064,1333776435,1982864,1575224,4970950000
findling-cpu 1791100069,1340098067,1984861,1576523,4975960000
findling-cpu 1791100074,1345211917,1986858,1577964,4980980000
findling-cpu 1791100079,1350324515,1988857,1579408,4985990000
findling-cpu 1791100084,1355419429,1990857,1580874,4991000000
findling-cpu 1791100089,1360532423,1992856,1582329,4996020000
findling-cpu 1791100094,1365647799,1994855,1583786,5001030000
findling-cpu 1791100099,1370761550,1996856,1585241,5006040000
findling-cpu 1791100104,1375868622,1998854,1586672,5011060000
findling-cpu 1791100109,1380982907,2000853,1588117,5016070000
findling-cpu 1791100114,1386095667,2002853,1589577,5021080000
findling-cpu 1791100119,1391207846,2004854,1591030,5026100000
findling-cpu 1791100124,1396304818,2006855,1592493,5031110000
findling-cpu 1791100129,1402665102,2008854,1593788,5036130000
findling-cpu 1791100134,1407749546,2010851,1595225,5041140000
findling-cpu 1791100139,1414063179,2012849,1596520,5046150000
findling-cpu 1791100145,1420349066,2014850,1597841,5051170000
findling-cpu 1791100150,1425791133,2016851,1599258,5056180000
findling-cpu 1791100155,1431625006,2018851,1600617,5061200000
findling-cpu 1791100160,1437945963,2020850,1601927,5066210000
findling-cpu 1791100165,1444186684,2022848,1603251,5071220000
findling-cpu 1791100170,1449319081,2024850,1604666,5076240000
findling-cpu 1791100175,1455610277,2026848,1605986,5081250000
findling-cpu 1791100180,1462005090,2028847,1607277,5086270000
findling-cpu 1791100185,1467073166,2030849,1608738,5091280000
findling-cpu 1791100190,1473308942,2032848,1610050,5096290000
findling-cpu 1791100195,1479701204,2034845,1611339,5101310000
findling-cpu 1791100200,1485407425,2036845,1612717,5106320000
findling-cpu 1791100205,1491108295,2038843,1614092,5111340000
findling-cpu 1791100210,1497433747,2040844,1615402,5116350000
findling-cpu 1791100215,1503729982,2042843,1616737,5121360000
findling-cpu 1791100220,1508826017,2044844,1618166,5126380000
findling-cpu 1791100225,1515154682,2046841,1619450,5131390000
findling-cpu 1791100230,1521624394,2048838,1620725,5136410000
findling-cpu 1791100235,1526705584,2050838,1622182,5141420000
findling-cpu 1791100240,1533007352,2052838,1623492,5146440000
findling-cpu 1791100245,1539202958,2054836,1624820,5151450000
findling-cpu 1791100250,1544270411,2056840,1626267,5156460000
findling-cpu 1791100255,1549384059,2058839,1627703,5161480000
findling-cpu 1791100260,1554497836,2060838,1629151,5166490000
findling-cpu 1791100265,1559594690,2062836,1630617,5171500000
findling-cpu 1791100270,1564708619,2064837,1632072,5176520000
findling-cpu 1791100275,1569830455,2066836,1633526,5181530000
findling-cpu 1791100280,1574941369,2068834,1634978,5186540000
findling-cpu 1791100285,1581275435,2070834,1636273,5191560000
findling-cpu 1791100290,1586551529,2072833,1637699,5196570000
findling-cpu 1791100295,1592616409,2074833,1639035,5201580000
findling-cpu 1791100300,1598936662,2076832,1640345,5206600000
findling-cpu 1791100305,1605088744,2078831,1641697,5211610000
findling-cpu 1791100310,1610287932,2080829,1643112,5216630000
findling-cpu 1791100315,1616636777,2082825,1644391,5221640000
findling-cpu 1791100320,1622873952,2084823,1645671,5226660000
findling-cpu 1791100325,1627929371,2086822,1647132,5231670000
findling-cpu 1791100330,1634223613,2088820,1648436,5236680000
findling-cpu 1791100335,1640503935,2090818,1649739,5241700000
findling-cpu 1791100340,1645577029,2092818,1651170,5246710000
findling-cpu 1791100345,1651836542,2094813,1652427,5251720000
findling-cpu 1791100350,1658076225,2096810,1653744,5256740000
findling-cpu 1791100355,1663764012,2098811,1655136,5261750000
findling-cpu 1791100360,1669395443,2100809,1656508,5266770000
findling-cpu 1791100365,1675801244,2102810,1657807,5271780000
findling-cpu 1791100370,1682087444,2104810,1659127,5276790000
findling-cpu 1791100375,1687070928,2106806,1660554,5281810000
findling-cpu 1791100380,1693315910,2108804,1661864,5286820000
findling-cpu 1791100385,1698412409,2110804,1663329,5291830000
findling-cpu 1791100390,1703525630,2112804,1664783,5296850000
findling-cpu 1791100395,1708639246,2114803,1666243,5301860000
findling-cpu 1791100400,1715039678,2116805,1667545,5306870000
findling-cpu 1791100405,1721391334,2118802,1668846,5311890000
findling-cpu 1791100410,1726427612,2120801,1670281,5316900000
findling-cpu 1791100415,1732739892,2122800,1671597,5321910000
findling-cpu 1791100420,1739017683,2124798,1672904,5326930000
findling-cpu 1791100425,1744073550,2126799,1674368,5331940000
findling-cpu 1791100430,1750408810,2128800,1675663,5336960000
findling-cpu 1791100435,1756703580,2130797,1676953,5341970000
findling-cpu 1791100440,1762368813,2132797,1678343,5346980000
findling-cpu 1791100445,1768139507,2134798,1679713,5352000000
findling-cpu 1791100450,1774517386,2136797,1681014,5357010000
findling-cpu 1791100455,1780908426,2138799,1682339,5362030000
findling-cpu 1791100460,1785874235,2140797,1683780,5367040000
findling-cpu 1791100465,1792276499,2142795,1685054,5372060000
findling-cpu 1791100470,1797349744,2144794,1686501,5377070000
findling-cpu 1791100475,1802461978,2146795,1687962,5382080000
findling-cpu 1791100480,1808800568,2148793,1689290,5387100000
findling-cpu 1791100485,1813897492,2150794,1690732,5392110000
findling-cpu 1791100490,1819011753,2152792,1692184,5397120000
findling-cpu 1791100495,1824126373,2154793,1693617,5402140000
findling-cpu 1791100500,1829191981,2156791,1695065,5407150000
findling-cpu 1791100506,1834287304,2158793,1696532,5412170000
findling-cpu 1791100511,1839400984,2160793,1697983,5417180000
findling-cpu 1791100516,1845848026,2162794,1699273,5422190000
findling-cpu 1791100521,1850961422,2164792,1700726,5427210000
findling-cpu 1791100526,1857238638,2166790,1702015,5432220000
findling-cpu 1791100531,1863647019,2168788,1703315,5437230000
findling-cpu 1791100536,1869331839,2170788,1704711,5442250000
findling-cpu 1791100541,1875048269,2172787,1706074,5447260000
findling-cpu 1791100546,1881341024,2174788,1707399,5452280000
findling-cpu 1791100551,1887599170,2176787,1708711,5457290000
findling-cpu 1791100556,1892657057,2178786,1710141,5462300000
findling-cpu 1791100561,1898996542,2180785,1711441,5467320000
findling-cpu 1791100566,1905470814,2182786,1712741,5472330000
findling-cpu 1791100571,1910545081,2184784,1714190,5477340000
findling-cpu 1791100576,1915665920,2186785,1715645,5482360000
findling-cpu 1791100581,1921915674,2188782,1716955,5487370000
findling-cpu 1791100586,1928266462,2190779,1718231,5492380000
findling-cpu 1791100591,1933721852,2192780,1719644,5497400000
findling-cpu 1791100596,1939681139,2194780,1720991,5502410000
findling-cpu 1791100601,1946013572,2196780,1722299,5507420000
findling-cpu 1791100606,1952185132,2198781,1723650,5512440000
findling-cpu 1791100611,1957325433,2200779,1725072,5517450000
findling-cpu 1791100616,1963710613,2202776,1726354,5522470000
findling-cpu 1791100621,1970128188,2204774,1727561,5527480000
findling-cpu 1791100626,1975196647,2206775,1729024,5532490000
findling-cpu 1791100631,1981545904,2208771,1730325,5537510000
findling-cpu 1791100636,1987872242,2210771,1731641,5542520000
findling-cpu 1791100641,1992935534,2212771,1733056,5547530000
findling-cpu 1791100646,1998186838,2214767,1734480,5552550000
findling-cpu 1791100651,2004341069,2216767,1735799,5557560000
findling-cpu 1791100656,2010675298,2218767,1737115,5562580000
findling-cpu 1791100661,2016738818,2220766,1738467,5567590000
findling-cpu 1791100666,2022000041,2222770,1739888,5572610000
findling-cpu 1791100671,2028338237,2224767,1741195,5577620000
findling-cpu 1791100676,2033414106,2226765,1742624,5582640000
findling-cpu 1791100681,2038526754,2228766,1744078,5587650000
findling-cpu 1791100686,2043624071,2230767,1745544,5592670000
findling-cpu 1791100691,2050059371,2232765,1746833,5597680000
findling-cpu 1791100696,2056196353,2234767,1748184,5602690000
findling-cpu 1791100701,2061481942,2236763,1749592,5607710000
findling-cpu 1791100706,2067862432,2238761,1750850,5612720000
findling-cpu 1791100711,2074163229,2240760,1752153,5617740000
findling-cpu 1791100716,2079237022,2242757,1753610,5622750000
findling-cpu 1791100721,2085502577,2244757,1754921,5627760000
findling-cpu 1791100726,2091859884,2246758,1756237,5632780000
findling-cpu 1791100731,2097099785,2248756,1757671,5637790000
findling-cpu 1791100736,2103315107,2250754,1758963,5642810000
findling-cpu 1791100741,2109704134,2252754,1760259,5647820000
findling-cpu 1791100746,2114761364,2254755,1761721,5652830000
findling-cpu 1791100751,2119876247,2256755,1763174,5657850000
findling-cpu 1791100756,2126184068,2258756,1764492,5662860000
findling-cpu 1791100761,2132054958,2260754,1765862,5667880000
findling-cpu 1791100766,2137582916,2262752,1767230,5672900000
findling-cpu 1791100771,2143834548,2264750,1768547,5677910000
findling-cpu 1791100776,2148907015,2266749,1769998,5682920000
findling-cpu 1791100781,2154020383,2268751,1771452,5687940000
findling-cpu 1791100786,2159117348,2270751,1772917,5692950000
findling-cpu 1791100791,2164229272,2272751,1774367,5697960000
findling-cpu 1791100796,2169340533,2274750,1775802,5702980000
findling-cpu 1791100801,2174452140,2276749,1777178,5707990000
findling-cpu 1791100806,2180799415,2278746,1778350,5713000000
findling-cpu 1791100811,2187186846,2280744,1779646,5718020000
findling-cpu 1791100816,2192260293,2282743,1781102,5723030000
findling-cpu 1791100821,2198593370,2284745,1782403,5728040000
findling-cpu 1791100826,2205053872,2286742,1783665,5733060000
findling-cpu 1791100831,2210696978,2288740,1785056,5738080000
findling-cpu 1791100836,2216470399,2290742,1786421,5743090000
findling-cpu 1791100841,2222839818,2292742,1787729,5748100000
findling-cpu 1791100846,2229263481,2294745,1789052,5753120000
findling-cpu 1791100851,2234231415,2296744,1790490,5758140000
findling-cpu 1791100856,2240494143,2298739,1791783,5763150000
findling-cpu 1791100862,2246728069,2300740,1793101,5768170000
findling-cpu 1791100867,2252018872,2302740,1794537,5773180000
findling-cpu 1791100872,2258101562,2304741,1795858,5778200000
findling-cpu 1791100877,2263222068,2306742,1797313,5783210000
findling-cpu 1791100882,2268319785,2308742,1798771,5788230000
findling-cpu 1791100887,2273437386,2310741,1800207,5793240000
findling-cpu 1791100892,2278550399,2312743,1801660,5798250000
findling-cpu 1791100897,2283664516,2314743,1803119,5803270000
findling-cpu 1791100902,2289478410,2316743,1804503,5808280000
findling-cpu 1791100907,2295242723,2318744,1805866,5813300000
findling-cpu 1791100912,2301660898,2320741,1807165,5818310000
findling-cpu 1791100917,2307883852,2322737,1808445,5823330000
findling-cpu 1791100922,2312997436,2324735,1809870,5828340000
findling-cpu 1791100927,2319347528,2326737,1811187,5833350000
findling-cpu 1791100932,2325605830,2328735,1812495,5838370000
findling-cpu 1791100937,2330681910,2330737,1813953,5843380000
findling-cpu 1791100942,2336859678,2332734,1815237,5848400000
findling-cpu 1791100947,2343153093,2334732,1816517,5853410000
findling-cpu 1791100952,2348738638,2336731,1817917,5858430000
findling-cpu 1791100957,2354599691,2338727,1819265,5863440000
findling-cpu 1791100962,2360976275,2340727,1820567,5868450000
findling-cpu 1791100967,2366091580,2342725,1821947,5873470000
findling-cpu 1791100972,2371204584,2344725,1823398,5878480000
findling-cpu 1791100977,2376318651,2346724,1824832,5883490000
findling-cpu 1791100982,2381413353,2348724,1826282,5888510000
findling-cpu 1791100987,2386528686,2350723,1827744,5893520000
findling-cpu 1791100992,2391583371,2352725,1829196,5898540000
findling-cpu 1791100997,2397931425,2354725,1830509,5903550000
findling-cpu 1791101002,2404295699,2356724,1831807,5908560000
findling-cpu 1791101007,2409373184,2358720,1833240,5913580000
findling-cpu 1791101012,2415674456,2360720,1834545,5918590000
findling-cpu 1791101017,2420784631,2362721,1836006,5923610000
findling-cpu 1791101022,2425880876,2364721,1837464,5928620000
findling-cpu 1791101027,2430999409,2366721,1838926,5933640000
findling-cpu 1791101032,2436112963,2368721,1840379,5938650000
findling-cpu 1791101037,2441230004,2370718,1841812,5943660000
findling-cpu 1791101042,2446298005,2372717,1843234,5948680000
findling-cpu 1791101047,2452642872,2374719,1844554,5953690000
findling-cpu 1791101052,2458438608,2376718,1845930,5958710000
findling-cpu 1791101057,2464052375,2378721,1847311,5963720000
findling-cpu 1791101062,2470484852,2380721,1848600,5968740000
findling-cpu 1791101067,2476885205,2382719,1849861,5973750000
findling-cpu 1791101072,2481854214,2384717,1851309,5978760000
findling-cpu 1791101077,2488254720,2386717,1852618,5983780000
findling-cpu 1791101082,2494467049,2388717,1853931,5988790000
findling-cpu 1791101087,2499729884,2390715,1855373,5993810000
findling-cpu 1791101092,2505864446,2392713,1856694,5998820000
findling-cpu 1791101097,2512227988,2394710,1857979,6003830000
findling-cpu 1791101102,2518348285,2396707,1859293,6008860000
findling-cpu 1791101107,2523668218,2398711,1860710,6013870000
findling-cpu 1791101112,2530203020,2400710,1861990,6018890000
findling-cpu 1791101117,2536459533,2402710,1863307,6023900000
findling-cpu 1791101122,2541515692,2404706,1864764,6028910000
findling-cpu 1791101127,2547860832,2406704,1866043,6033930000
findling-cpu 1791101132,2554187999,2408705,1867356,6038940000
findling-cpu 1791101137,2559459450,2410705,1868789,6043960000
findling-cpu 1791101142,2565612461,2412705,1870122,6048970000
findling-cpu 1791101147,2571972113,2414704,1871427,6053990000
findling-cpu 1791101152,2577921908,2416706,1872796,6059000000
findling-cpu 1791101157,2583351715,2418701,1874161,6064020000
findling-cpu 1791101162,2589816720,2420701,1875431,6069030000
findling-cpu 1791101167,2595991674,2422699,1876750,6074040000
findling-cpu 1791101172,2601067722,2424699,1878208,6079060000
findling-cpu 1791101177,2607359973,2426698,1879509,6084070000
findling-cpu 1791101182,2613694114,2428697,1880826,6089080000
findling-cpu 1791101187,2619023393,2430692,1882212,6094100000
findling-cpu 1791101192,2625153820,2432692,1883541,6099110000
findling-cpu 1791101197,2631372975,2434690,1884860,6104130000
findling-cpu 1791101202,2637587291,2436689,1886206,6109140000
findling-cpu 1791101207,2642727268,2438688,1887626,6114160000
findling-cpu 1791101213,2649201383,2440688,1888921,6119170000
findling-cpu 1791101218,2655455182,2442684,1890165,6124180000
findling-cpu 1791101223,2660527871,2444684,1891624,6129200000
findling-cpu 1791101228,2666906042,2446683,1892889,6134210000
findling-cpu 1791101233,2672019161,2448686,1894350,6139230000
findling-cpu 1791101238,2677129780,2450686,1895802,6144240000
findling-cpu 1791101243,2683433076,2452685,1897086,6149250000
findling-cpu 1791101248,2688506804,2454685,1898512,6154270000
findling-cpu 1791101253,2694866204,2456682,1899821,6159280000
findling-cpu 1791101258,2699979508,2458682,1901274,6164290000
findling-cpu 1791101263,2705036029,2460683,1902736,6169310000
findling-cpu 1791101268,2711263426,2462681,1904053,6174320000
findling-cpu 1791101273,2717601800,2464679,1905359,6179330000
findling-cpu 1791101278,2722678185,2466677,1906784,6184350000
findling-cpu 1791101283,2729060550,2468675,1908083,6189360000
findling-cpu 1791101288,2735474718,2470674,1909353,6194380000
findling-cpu 1791101293,2740711027,2472673,1910795,6199390000
findling-cpu 1791101298,2746839296,2474673,1912120,6204410000
findling-cpu 1791101303,2753110922,2476673,1913443,6209420000
findling-cpu 1791101308,2759185383,2478671,1914753,6214430000
findling-cpu 1791101313,2764520146,2480672,1916163,6219450000
findling-cpu 1791101318,2770820121,2482673,1917476,6224460000
findling-cpu 1791101323,2777069181,2484672,1918795,6229480000
findling-cpu 1791101328,2782143249,2486671,1920245,6234490000
findling-cpu 1791101333,2788555882,2488668,1921537,6239500000
findling-cpu 1791101338,2794812193,2490666,1922830,6244520000
findling-cpu 1791101343,2800609267,2492666,1924214,6249530000
findling-cpu 1791101348,2806118880,2494664,1925569,6254550000
findling-cpu 1791101353,2812451539,2496664,1926885,6259560000
findling-cpu 1791101358,2818761577,2498663,1928205,6264570000
findling-cpu 1791101363,2823748729,2500660,1929658,6269590000
findling-cpu 1791101368,2830057954,2502656,1930935,6274600000
findling-cpu 1791101373,2836446903,2504656,1932244,6279620000
findling-cpu 1791101378,2841499870,2506656,1933694,6284630000
findling-cpu 1791101383,2846616413,2508656,1935152,6289640000
findling-cpu 1791101388,2851729922,2510656,1936604,6294660000
findling-cpu 1791101393,2856843005,2512656,1938063,6299670000
findling-cpu 1791101398,2861938189,2514654,1939498,6304680000
findling-cpu 1791101403,2867053298,2516654,1940955,6309700000
findling-cpu 1791101408,2872166262,2518653,1942378,6314710000
findling-cpu 1791101413,2878690488,2520652,1943663,6319720000
findling-cpu 1791101418,2884132730,2522653,1945083,6324740000
findling-cpu 1791101423,2890134327,2524652,1946424,6329750000
findling-cpu 1791101428,2896497011,2526649,1947666,6334770000
findling-cpu 1791101433,2902629191,2528651,1949017,6339780000
findling-cpu 1791101438,2907807362,2530650,1950440,6344800000
findling-cpu 1791101443,2914173349,2532650,1951751,6349810000
findling-cpu 1791101448,2920480785,2534649,1953055,6354820000
findling-cpu 1791101453,2925554332,2536649,1954510,6359840000
findling-cpu 1791101458,2930652147,2538646,1955944,6364850000
findling-cpu 1791101463,2936904037,2540645,1957265,6369860000
findling-cpu 1791101468,2943429163,2542643,1958508,6374880000
findling-cpu 1791101473,2948514340,2544643,1959964,6379890000
findling-cpu 1791101478,2954875689,2546643,1961263,6384900000
findling-cpu 1791101483,2961266723,2548643,1962571,6389920000
findling-cpu 1791101488,2966561318,2550640,1963973,6394930000
findling-cpu 1791101493,2972676746,2552638,1965302,6399950000
findling-cpu 1791101498,2979001023,2554636,1966615,6404960000
findling-cpu 1791101503,2985038632,2556638,1967974,6409970000
findling-cpu 1791101508,2990459214,2558638,1969369,6414990000
findling-cpu 1791101513,2996730055,2560637,1970690,6420000000
findling-cpu 1791101518,3003100192,2562633,1971925,6425010000
findling-cpu 1791101523,3008182630,2564631,1973381,6430030000
findling-cpu 1791101528,3014511429,2566629,1974652,6435040000
findling-cpu 1791101533,3020775106,2568628,1975975,6440050000
findling-cpu 1791101538,3026466689,2570629,1977368,6445070000
findling-cpu 1791101543,3032187196,2572630,1978741,6450080000
findling-cpu 1791101548,3037309806,2574626,1980122,6455100000
findling-cpu 1791101553,3042862889,2576627,1981533,6460110000
findling-cpu 1791101558,3048576127,2578627,1982900,6465130000
findling-cpu 1791101563,3054982475,2580626,1984205,6470140000
findling-cpu 1791101568,3061396329,2582626,1985521,6475150000
findling-cpu 1791101574,3066411972,2584623,1986964,6480170000
findling-cpu 1791101579,3072826862,2586622,1988234,6485180000
findling-cpu 1791101584,3079023317,2588621,1989556,6490200000
findling-cpu 1791101589,3084343730,2590623,1990982,6495210000
findling-cpu 1791101594,3090425567,2592621,1992279,6500230000
findling-cpu 1791101599,3096788028,2594621,1993588,6505240000
findling-cpu 1791101604,3102595033,2596622,1994971,6510260000
findling-cpu 1791101609,3108241594,2598617,1996306,6515270000
findling-cpu 1791101614,3114497839,2600618,1997635,6520290000
findling-cpu 1791101619,3120972728,2602617,1998941,6525300000
findling-cpu 1791101624,3125894495,2604615,2000392,6530320000
findling-cpu 1791101629,3132281609,2606615,2001681,6535330000
findling-cpu 1791101634,3138529799,2608615,2003004,6540340000
findling-cpu 1791101639,3143647303,2610614,2004423,6545360000
findling-cpu 1791101644,3149859573,2612615,2005744,6550370000
findling-cpu 1791101649,3156182408,2614614,2007053,6555380000
findling-cpu 1791101654,3162158467,2616613,2008426,6560400000
findling-cpu 1791101659,3167551236,2618614,2009821,6565410000
findling-cpu 1791101664,3173779059,2620612,2011147,6570430000
findling-cpu 1791101669,3180158013,2622610,2012371,6575440000
findling-cpu 1791101674,3185205438,2624610,2013835,6580450000
findling-cpu 1791101679,3191636752,2626609,2015121,6585470000
findling-cpu 1791101684,3197925122,2628610,2016441,6590480000
findling-cpu 1791101689,3202996841,2630608,2017890,6595500000
findling-cpu 1791101694,3208092857,2632609,2019357,6600510000
findling-cpu 1791101699,3214423000,2634604,2020630,6605520000
findling-cpu 1791101704,3220854497,2636602,2021935,6610540000
findling-cpu 1791101709,3226227157,2638599,2023354,6615550000
findling-cpu 1791101714,3232129382,2640601,2024713,6620560000
findling-cpu 1791101719,3238487774,2642600,2026017,6625580000
findling-cpu 1791101724,3244605330,2644599,2027368,6630590000
findling-cpu 1791101729,3249873506,2646595,2028748,6635610000
findling-cpu 1791101734,3256294949,2648594,2030024,6640620000
findling-cpu 1791101739,3262491764,2650591,2031338,6645630000
findling-cpu 1791101744,3267564710,2652594,2032794,6650650000
findling-cpu 1791101749,3273899517,2654593,2034094,6655660000
findling-cpu 1791101754,3280233015,2656590,2035414,6660680000
findling-cpu 1791101759,3285666650,2658588,2036802,6665690000
findling-cpu 1791101764,3291629301,2660588,2038147,6670700000
findling-cpu 1791101769,3298025320,2662587,2039447,6675720000
findling-cpu 1791101774,3304149421,2664588,2040801,6680730000
findling-cpu 1791101779,3309439356,2666587,2042196,6685740000
findling-cpu 1791101784,3314574036,2668582,2043341,6690760000
findling-cpu 1791101789,3319729688,2670577,2044499,6695770000
findling-cpu 1791101794,3324825440,2672576,2045936,6700790000
findling-cpu 1791101799,3329940320,2674577,2047358,6705800000
findling-cpu 1791101804,3335052915,2676577,2048819,6710810000
findling-cpu 1791101809,3340167591,2678575,2050261,6715830000
findling-cpu 1791101814,3345263157,2680575,2051727,6720840000
findling-cpu 1791101819,3350377495,2682573,2053112,6725850000
findling-cpu 1791101824,3355558275,2684571,2054565,6730870000
findling-cpu 1791101829,3361950410,2686570,2055852,6735880000
findling-cpu 1791101834,3368393940,2688569,2057161,6740900000
findling-cpu 1791101839,3374042360,2690571,2058552,6745910000
findling-cpu 1791101844,3379751903,2692568,2059923,6750920000
findling-cpu 1791101849,3386078591,2694566,2061169,6755940000
findling-cpu 1791101854,3392408021,2696568,2062504,6760950000
findling-cpu 1791101859,3397360182,2698568,2063945,6765970000
findling-cpu 1791101864,3403733121,2700568,2065248,6770980000
findling-cpu 1791101869,3408847398,2702567,2066671,6775990000
findling-cpu 1791101874,3413944932,2704567,2068137,6781010000
findling-cpu 1791101879,3419059029,2706565,2069565,6786020000
findling-cpu 1791101884,3424173070,2708563,2071022,6791030000
findling-cpu 1791101889,3429284038,2710564,2072476,6796050000
findling-cpu 1791101894,3434337102,2712565,2073941,6801060000
findling-cpu 1791101899,3440739055,2714563,2075242,6806080000
findling-cpu 1791101904,3445874302,2716562,2076691,6811090000
findling-cpu 1791101909,3452292637,2718561,2077752,6816100000
findling-cpu 1791101914,3458554968,2720559,2079073,6821120000
findling-cpu 1791101919,3463667838,2722559,2080526,6826130000
findling-cpu 1791101924,3468782313,2724558,2081986,6831140000
findling-cpu 1791101929,3473894065,2726558,2083409,6836160000
findling-cpu 1791101935,3478989633,2728558,2084874,6841170000
findling-cpu 1791101940,3484104728,2730555,2086300,6846190000
findling-cpu 1791101945,3489180674,2732554,2087756,6851200000
findling-cpu 1791101950,3495544905,2734552,2089060,6856210000
findling-cpu 1791101955,3502020707,2736553,2090382,6861230000
findling-cpu 1791101960,3506929250,2738553,2091828,6866240000
findling-cpu 1791101965,3513118833,2740552,2093143,6871260000
findling-cpu 1791101970,3518233787,2742548,2094570,6876270000
findling-cpu 1791101975,3523329472,2744549,2096037,6881280000
findling-cpu 1791101980,3528441754,2746549,2097491,6886300000
findling-cpu 1791101985,3533556844,2748548,2098949,6891310000
findling-cpu 1791101990,3539120630,2750548,2100326,6896320000
findling-cpu 1791101995,3545008784,2752547,2101684,6901340000
findling-cpu 1791102000,3551436218,2754545,2102956,6906350000
findling-cpu 1791102005,3557442892,2756545,2104319,6911370000
findling-cpu 1791102010,3562960458,2758542,2105695,6916380000
findling-cpu 1791102015,3569292367,2760542,2107015,6921400000
findling-cpu 1791102020,3575515629,2762542,2108326,6926410000
findling-cpu 1791102025,3580589715,2764540,2109783,6931420000
findling-cpu 1791102030,3586751692,2766537,2110906,6936440000
findling-cpu 1791102035,3593103282,2768536,2112191,6941450000
findling-cpu 1791102040,3598568749,2770537,2113601,6946470000
findling-cpu 1791102045,3604434136,2772535,2114956,6951480000
findling-cpu 1791102050,3610708782,2774534,2116245,6956490000
findling-cpu 1791102055,3616989365,2776535,2117582,6961510000
findling-cpu 1791102060,3622167652,2778531,2118975,6966520000
findling-cpu 1791102065,3628546617,2780531,2120290,6971540000
findling-cpu 1791102070,3633494561,2782533,2121742,6976550000
findling-cpu 1791102075,3639917640,2784532,2123048,6981560000
findling-cpu 1791102080,3646247338,2786532,2124350,6986580000
findling-cpu 1791102085,3651309725,2788530,2125805,6991590000
findling-cpu 1791102090,3657529686,2790527,2127094,6996600000
findling-cpu 1791102095,3663836894,2792529,2128412,7001620000
findling-cpu 1791102100,3668903730,2794528,2129862,7006630000
findling-cpu 1791102105,3674020778,2796527,2131320,7011650000
findling-cpu 1791102110,3679212546,2798527,2132769,7016660000
findling-cpu 1791102115,3685420203,2800528,2134055,7021670000
findling-cpu 1791102120,3691962527,2802524,2135248,7026690000
findling-cpu 1791102125,3697742667,2804525,2136634,7031700000
findling-cpu 1791102130,3703277706,2806525,2138022,7036720000
findling-cpu 1791102135,3709653497,2808524,2139333,7041730000
findling-cpu 1791102140,3715973152,2810525,2140644,7046740000
findling-cpu 1791102145,3720986906,2812524,2142096,7051760000
findling-cpu 1791102150,3727352944,2814519,2143310,7056770000
findling-cpu 1791102155,3733614032,2816515,2144437,7061790000
findling-cpu 1791102160,3738820188,2818518,2145874,7066800000
findling-cpu 1791102165,3744962621,2820518,2147190,7071810000
findling-cpu 1791102170,3750056275,2822520,2148649,7076830000
findling-cpu 1791102175,3755168773,2824517,2150078,7081840000
findling-cpu 1791102180,3760280372,2826513,2151505,7086850000
findling-cpu 1791102185,3765394367,2828515,2152965,7091870000
findling-cpu 1791102190,3770484674,2830516,2154425,7096880000
findling-cpu 1791102195,3775599170,2832514,2155885,7101900000
findling-cpu 1791102200,3780713205,2834512,2157339,7106910000
findling-cpu 1791102205,3785825648,2836512,2158798,7111920000
findling-cpu 1791102210,3790919862,2838509,2160229,7116940000
findling-cpu 1791102215,3797435755,2840509,2161519,7121950000
findling-cpu 1791102220,3803820009,2842509,2162817,7126970000
findling-cpu 1791102225,3808895816,2844511,2164275,7131980000
findling-cpu 1791102230,3815251516,2846509,2165578,7137000000
findling-cpu 1791102235,3821610346,2848507,2166861,7142010000
findling-cpu 1791102240,3826682362,2850505,2168279,7147020000
findling-cpu 1791102245,3831795722,2852506,2169739,7152040000
findling-cpu 1791102250,3836891272,2854507,2171198,7157050000
findling-cpu 1791102255,3842012115,2856510,2172662,7162070000
findling-cpu 1791102260,3847126226,2858510,2174114,7167080000
findling-cpu 1791102265,3852957249,2860510,2175499,7172100000
findling-cpu 1791102270,3858575084,2862505,2176835,7177110000
findling-cpu 1791102275,3865023533,2864503,2177943,7182130000
findling-cpu 1791102280,3871167604,2866503,2179285,7187140000
findling-cpu 1791102285,3876418434,2868502,2180702,7192150000
findling-cpu 1791102291,3882832249,2870500,2182000,7197170000
findling-cpu 1791102296,3889055891,2872497,2183284,7202180000
findling-cpu 1791102301,3894126727,2874494,2184709,7207200000
findling-cpu 1791102306,3900477736,2876491,2186014,7212210000
findling-cpu 1791102311,3906802457,2878493,2187328,7217220000
findling-cpu 1791102316,3912385302,2880492,2188736,7222240000
findling-cpu 1791102321,3918230766,2882492,2190085,7227250000
findling-cpu 1791102326,3924531917,2884490,2191402,7232260000
findling-cpu 1791102331,3930947305,2886488,2192697,7237280000
findling-cpu 1791102336,3935955510,2888487,2194138,7242290000
findling-cpu 1791102341,3942379665,2890485,2195432,7247310000
findling-cpu 1791102346,3948685671,2892484,2196741,7252320000
findling-cpu 1791102351,3953751505,2894483,2198197,7257330000
findling-cpu 1791102356,3960069973,2896481,2199474,7262350000
findling-cpu 1791102361,3966345430,2898479,2200761,7267360000
findling-cpu 1791102366,3971951713,2900478,2202163,7272380000
findling-cpu 1791102371,3977719091,2902477,2203527,7277390000
findling-cpu 1791102376,3984006677,2904475,2204843,7282400000
findling-cpu 1791102381,3990468087,2906474,2206146,7287420000
findling-cpu 1791102386,3995414903,2908471,2207599,7292430000
findling-cpu 1791102391,4001868867,2910469,2208851,7297450000
findling-cpu 1791102396,4008152480,2912467,2209977,7302460000
findling-cpu 1791102401,4013239587,2914467,2211416,7307480000
findling-cpu 1791102406,4019425015,2916466,2212737,7312490000
findling-cpu 1791102411,4025806286,2918465,2214045,7317500000
findling-cpu 1791102416,4031256893,2920462,2215462,7322520000
findling-cpu 1791102421,4037185454,2922462,2216710,7327530000
findling-cpu 1791102426,4043524430,2924461,2218023,7332540000
findling-cpu 1791102431,4049575717,2926463,2219380,7337560000
findling-cpu 1791102436,4054945756,2928461,2220785,7342570000
findling-cpu 1791102441,4060058813,2930462,2222238,7347590000
findling-cpu 1791102446,4065932267,2932464,2223622,7352610000
findling-cpu 1791102451,4071644576,2934463,2224926,7357620000
findling-cpu 1791102456,4078035958,2936460,2226236,7362630000
findling-cpu 1791102461,4084278008,2938461,2227572,7367650000
findling-cpu 1791102466,4089402226,2940464,2229001,7372670000
findling-cpu 1791102471,4095704844,2942463,2230323,7377680000
findling-cpu 1791102476,4102043779,2944462,2231622,7382700000
findling-cpu 1791102481,4107114267,2946461,2233022,7387710000
findling-cpu 1791102486,4112209777,2948461,2234477,7392720000
findling-cpu 1791102491,4117323145,2950463,2235941,7397740000
findling-cpu 1791102496,4123667691,2952462,2237247,7402750000
findling-cpu 1791102501,4128742366,2954464,2238702,7407770000
findling-cpu 1791102506,4133839344,2956462,2240156,7412780000
findling-cpu 1791102511,4140337941,2958461,2241396,7417790000
findling-cpu 1791102516,4146857877,2960461,2242664,7422810000
findling-cpu 1791102521,4151886200,2962460,2243944,7427820000
findling-cpu 1791102526,4158180437,2964460,2245252,7432840000
findling-cpu 1791102531,4164492075,2966461,2246568,7437850000
findling-cpu 1791102536,4169815477,2968461,2247994,7442870000
findling-cpu 1791102541,4175833310,2970457,2249277,7447880000
findling-cpu 1791102546,4182081189,2972458,2250597,7452890000
findling-cpu 1791102551,4188245641,2974459,2251945,7457910000
findling-cpu 1791102556,4193376140,2976459,2253368,7462920000
findling-cpu 1791102561,4199648689,2978457,2254689,7467940000
findling-cpu 1791102566,4206052169,2980456,2255979,7472950000
findling-cpu 1791102571,4211126666,2982455,2257408,7477960000
findling-cpu 1791102576,4217485302,2984452,2258706,7482980000
findling-cpu 1791102581,4223739614,2986451,2260029,7487990000
findling-cpu 1791102586,4229213697,2988453,2261442,7493010000
findling-cpu 1791102591,4235145649,2990450,2262787,7498020000
findling-cpu 1791102596,4240260365,2992451,2264241,7503030000
findling-cpu 1791102601,4246550819,2994446,2265494,7508050000
findling-cpu 1791102606,4252193597,2996447,2266892,7513060000
findling-cpu 1791102611,4257872807,2998447,2268263,7518080000
findling-cpu 1791102616,4264144290,3000447,2269577,7523090000
findling-cpu 1791102621,4270482545,3002447,2270901,7528100000
findling-cpu 1791102626,4275678985,3004445,2272313,7533120000
findling-cpu 1791102631,4281926986,3006442,2273592,7538130000
findling-cpu 1791102636,4288204287,3008443,2274897,7543150000
findling-cpu 1791102641,4293289452,3010438,2276162,7548160000
findling-cpu 1791102647,4299600469,3012439,2277464,7553170000
findling-cpu 1791102652,4305882142,3014440,2278781,7558190000
findling-cpu 1791102657,4311499416,3016440,2280176,7563200000
findling-cpu 1791102662,4317201746,3018437,2281489,7568210000
findling-cpu 1791102667,4323520440,3020435,2282801,7573230000
findling-cpu 1791102672,4329886657,3022436,2284128,7578240000
findling-cpu 1791102677,4335055426,3024435,2285533,7583260000
findling-cpu 1791102682,4341403086,3026432,2286845,7588270000
findling-cpu 1791102687,4347666498,3028432,2288159,7593280000
findling-cpu 1791102692,4352778592,3030429,2289587,7598300000
findling-cpu 1791102697,4359030736,3032429,2290897,7603310000
findling-cpu 1791102702,4365332026,3034428,2292215,7608330000
findling-cpu 1791102707,4371296929,3036427,2293579,7613340000
findling-cpu 1791102712,4376582740,3038426,2294992,7618350000
findling-cpu 1791102717,4382882664,3040425,2296268,7623370000
findling-cpu 1791102722,4389254632,3042420,2297504,7628380000
findling-cpu 1791102727,4394320422,3044420,2298960,7633390000
findling-cpu 1791102732,4400679176,3046420,2300264,7638410000
findling-cpu 1791102737,4406939208,3048418,2301580,7643420000
findling-cpu 1791102742,4412368613,3050417,2302999,7648430000
findling-cpu 1791102747,4418179765,3052414,2304358,7653450000
findling-cpu 1791102752,4424434837,3054412,2305642,7658460000
findling-cpu 1791102757,4430893590,3056413,2306921,7663480000
findling-cpu 1791102762,4435871510,3058412,2308181,7668490000
findling-cpu 1791102767,4442162619,3060411,2309495,7673500000
findling-cpu 1791102772,4448589606,3062409,2310783,7678520000
findling-cpu 1791102777,4453673309,3064410,2312232,7683530000
findling-cpu 1791102782,4459954640,3066405,2313518,7688540000
findling-cpu 1791102787,4466280132,3068404,2314801,7693560000
findling-cpu 1791102792,4472059997,3070403,2316187,7698570000
findling-cpu 1791102797,4477666836,3072401,2317568,7703590000
findling-cpu 1791102802,4483668063,3074400,2318929,7708600000
findling-cpu 1791102807,4489073835,3076400,2320328,7713620000
findling-cpu 1791102812,4495491710,3078398,2321609,7718630000
findling-cpu 1791102817,4501892665,3080397,2322909,7723640000
findling-cpu 1791102822,4506906103,3082396,2324367,7728660000
findling-cpu 1791102827,4513195946,3084394,2325662,7733670000
findling-cpu 1791102832,4518310512,3086394,2327123,7738690000
findling-cpu 1791102837,4523423208,3088395,2328574,7743700000
findling-cpu 1791102842,4528536998,3090390,2330010,7748710000
findling-cpu 1791102847,4533631924,3092391,2331438,7753730000
findling-cpu 1791102852,4538744347,3094391,2332899,7758740000
findling-cpu 1791102857,4543858996,3096392,2334351,7763750000
findling-cpu 1791102862,4548970600,3098392,2335810,7768770000
findling-cpu 1791102867,4555374671,3100392,2337113,7773780000
findling-cpu 1791102872,4560452996,3102392,2338513,7778790000
findling-cpu 1791102877,4566772750,3104389,2339812,7783810000
findling-cpu 1791102882,4573168508,3106390,2341060,7788830000
findling-cpu 1791102887,4578247141,3108392,2342386,7793840000
findling-cpu 1791102892,4584502078,3110389,2343703,7798860000
findling-cpu 1791102897,4590759603,3112388,2345018,7803870000
findling-cpu 1791102902,4596748423,3114387,2346360,7808890000
findling-cpu 1791102907,4602108116,3116386,2347731,7813900000
findling-cpu 1791102912,4608481741,3118385,2349038,7818920000
findling-cpu 1791102917,4613557029,3120385,2350487,7823930000
findling-cpu 1791102922,4619826721,3122383,2351813,7828940000
findling-cpu 1791102927,4626179600,3124385,2353111,7833960000
findling-cpu 1791102932,4631242397,3126383,2354543,7838970000
findling-cpu 1791102937,4637513800,3128381,2355848,7843990000
findling-cpu 1791102942,4643898612,3130381,2357162,7849000000
findling-cpu 1791102947,4649636353,3132381,2358545,7854020000
findling-cpu 1791102952,4655274937,3134380,2359923,7859030000
findling-cpu 1791102957,4660386589,3136379,2361373,7864050000
findling-cpu 1791102962,4665483100,3138377,2362816,7869060000
findling-cpu 1791102967,4670601091,3140376,2364240,7874080000
findling-cpu 1791102972,4677037423,3142377,2365544,7879090000
findling-cpu 1791102977,4682161288,3144377,2366990,7884100000
findling-cpu 1791102982,4688693568,3146376,2368273,7889120000
findling-cpu 1791102987,4693779464,3148374,2369714,7894130000
findling-cpu 1791102992,4700118443,3150375,2370990,7899150000
findling-cpu 1791102997,4706478943,3152374,2372294,7904160000
findling-cpu 1791103003,4711774212,3154375,2373731,7909180000
findling-cpu 1791103008,4717831655,3156373,2374863,7914190000
findling-cpu 1791103013,4724137388,3158373,2376181,7919210000
findling-cpu 1791103018,4730342538,3160371,2377422,7924220000
findling-cpu 1791103023,4735418811,3162367,2378848,7929240000
findling-cpu 1791103028,4740534715,3164367,2380271,7934250000
findling-cpu 1791103033,4745608588,3166367,2381729,7939260000
findling-cpu 1791103038,4751971813,3168366,2383031,7944280000
findling-cpu 1791103043,4758176705,3170366,2384378,7949290000
findling-cpu 1791103048,4763435816,3172366,2385773,7954310000
findling-cpu 1791103053,4769783642,3174364,2387068,7959320000
findling-cpu 1791103058,4776062263,3176362,2388339,7964330000
findling-cpu 1791103063,4781118825,3178363,2389803,7969350000
findling-cpu 1791103068,4787429391,3180363,2391111,7974360000
findling-cpu 1791103073,4793697440,3182361,2392427,7979370000
findling-cpu 1791103078,4798771536,3184358,2393868,7984390000
findling-cpu 1791103083,4805025919,3186357,2395170,7989400000
findling-cpu 1791103088,4811427956,3188356,2396469,7994410000
findling-cpu 1791103093,4816898885,3190354,2397859,7999430000
findling-cpu 1791103098,4822956901,3192352,2399182,8004440000
findling-cpu 1791103103,4829206325,3194351,2400509,8009460000
findling-cpu 1791103108,4835471400,3196351,2401830,8014470000
findling-cpu 1791103113,4840633621,3198352,2403230,8019490000
findling-cpu 1791103118,4845747287,3200353,2404683,8024500000
findling-cpu 1791103123,4850840494,3202351,2406149,8029510000
findling-cpu 1791103128,4855932735,3204349,2407399,8034530000
findling-cpu 1791103133,4862331996,3206348,2408699,8039540000
findling-cpu 1791103138,4867446545,3208346,2410143,8044550000
findling-cpu 1791103143,4872542020,3210345,2411592,8049570000
findling-cpu 1791103148,4877615430,3212343,2413042,8054580000
findling-cpu 1791103153,4884023410,3214343,2414310,8059600000
findling-cpu 1791103158,4890424323,3216343,2415608,8064610000
findling-cpu 1791103163,4895594390,3218341,2417060,8069620000
findling-cpu 1791103168,4901771980,3220341,2418368,8074640000
findling-cpu 1791103173,4908241826,3222338,2419646,8079650000
findling-cpu 1791103178,4913299049,3224335,2421095,8084660000
findling-cpu 1791103183,4919629921,3226336,2422413,8089680000
findling-cpu 1791103188,4925811661,3228335,2423751,8094690000
findling-cpu 1791103193,4931030811,3230335,2425172,8099710000
findling-cpu 1791103198,4937355625,3232333,2426469,8104720000
findling-cpu 1791103203,4943746284,3234330,2427761,8109730000
findling-cpu 1791103208,4948818267,3236332,2429210,8114750000
findling-cpu 1791103213,4955036021,3238330,2430500,8119760000
findling-cpu 1791103218,4961311624,3240329,2431816,8124780000
findling-cpu 1791103223,4967091862,3242327,2433204,8129790000
findling-cpu 1791103228,4972807080,3244324,2434549,8134800000
findling-cpu 1791103233,4979160518,3246325,2435817,8139820000
findling-cpu 1791103238,4985553048,3248323,2437139,8144830000
findling-cpu 1791103243,4990588396,3250324,2438579,8149850000
findling-cpu 1791103248,4996899023,3252322,2439799,8154860000
findling-cpu 1791103253,5003283478,3254321,2440998,8159880000
findling-cpu 1791103258,5008352643,3256319,2442441,8164890000
findling-cpu 1791103263,5014680622,3258319,2443732,8169900000
findling-cpu 1791103268,5021012527,3260316,2445039,8174920000
findling-cpu 1791103273,5026746620,3262316,2446401,8179930000
findling-cpu 1791103278,5032520233,3264315,2447755,8184950000
findling-cpu 1791103283,5038892857,3266314,2449064,8189960000
findling-cpu 1791103288,5045281464,3268314,2450362,8194970000
findling-cpu 1791103293,5050211026,3270311,2451804,8199990000
findling-cpu 1791103298,5056453217,3272310,2453119,8205000000
findling-cpu 1791103303,5062830905,3274309,2454428,8210010000
findling-cpu 1791103308,5068060269,3276307,2455861,8215030000
findling-cpu 1791103313,5074262782,3278305,2457181,8220040000
findling-cpu 1791103318,5080582041,3280302,2458433,8225060000
findling-cpu 1791103323,5085698267,3282298,2459878,8230070000
findling-cpu 1791103328,5090813891,3284301,2461330,8235080000
findling-cpu 1791103333,5095927099,3286298,2462760,8240100000
findling-cpu 1791103338,5101023042,3288298,2464220,8245110000
findling-cpu 1791103343,5106138581,3290296,2465678,8250120000
findling-cpu 1791103348,5111253530,3292296,2467117,8255140000
findling-cpu 1791103353,5116377754,3294293,2468551,8260150000
findling-cpu 1791103359,5121474479,3296292,2469975,8265160000
findling-cpu 1791103364,5126584910,3298293,2471435,8270180000
findling-cpu 1791103369,5131700209,3300294,2472886,8275190000
findling-cpu 1791103374,5136835861,3302289,2474143,8280210000
findling-cpu 1791103379,5141932884,3304289,2475589,8285220000
findling-cpu 1791103384,5147047813,3306288,2477036,8290230000
findling-cpu 1791103389,5152162033,3308287,2478487,8295250000
findling-cpu 1791103394,5157242646,3310286,2479914,8300260000
findling-cpu 1791103399,5163597569,3312286,2481216,8305270000
findling-cpu 1791103404,5169176376,3314285,2482622,8310290000
findling-cpu 1791103409,5175022820,3316281,2483955,8315300000
findling-cpu 1791103414,5181398918,3318278,2485255,8320320000
findling-cpu 1791103419,5187551238,3320280,2486601,8325330000
findling-cpu 1791103424,5192813619,3322282,2488016,8330340000
findling-cpu 1791103429,5199053199,3324282,2489332,8335360000
findling-cpu 1791103434,5205376497,3326281,2490641,8340370000
findling-cpu 1791103439,5210434633,3328277,2492079,8345380000
findling-cpu 1791103444,5216626387,3330272,2493392,8350400000
findling-cpu 1791103449,5223087572,3332271,2494679,8355410000
findling-cpu 1791103454,5228595947,3334271,2496089,8360430000
findling-cpu 1791103459,5234416637,3336269,2497415,8365440000
findling-cpu 1791103464,5240710795,3338265,2498732,8370450000
findling-cpu 1791103469,5247067596,3340264,2500032,8375470000
findling-cpu 1791103474,5252134197,3342262,2501449,8380480000
findling-cpu 1791103479,5258469370,3344261,2502761,8385500000
findling-cpu 1791103484,5264807906,3346259,2504067,8390510000
findling-cpu 1791103489,5269879819,3348260,2505516,8395520000
findling-cpu 1791103494,5276196200,3350257,2506639,8400540000
findling-cpu 1791103499,5282721482,3352257,2507901,8405550000
findling-cpu 1791103504,5288018189,3354255,2509326,8410570000
findling-cpu 1791103509,5294139684,3356255,2510649,8415580000
findling-cpu 1791103514,5300466791,3358256,2511970,8420600000
findling-cpu 1791103519,5306377381,3360257,2513306,8425610000
findling-cpu 1791103524,5311515029,3362255,2514734,8430620000
findling-cpu 1791103529,5316639966,3364252,2516136,8435640000
findling-cpu 1791103534,5321806181,3366251,2517565,8440650000
findling-cpu 1791103539,5327074968,3368251,2518978,8445670000
findling-cpu 1791103544,5332324835,3370248,2520380,8450680000
findling-cpu 1791103549,5337435858,3372248,2521832,8455690000
findling-cpu 1791103554,5342533136,3374248,2523298,8460710000
findling-cpu 1791103559,5347647968,3376244,2524729,8465720000
findling-cpu 1791103564,5352761822,3378245,2526183,8470730000
findling-cpu 1791103569,5357876942,3380244,2527636,8475750000
findling-cpu 1791103574,5362973324,3382246,2529103,8480760000
findling-cpu 1791103579,5368049788,3384245,2530516,8485770000
findling-cpu 1791103584,5373279226,3386245,2531934,8490790000
findling-cpu 1791103589,5378544129,3388242,2533322,8495800000
findling-cpu 1791103594,5383841906,3390241,2534710,8500820000
findling-cpu 1791103599,5389066147,3392240,2536124,8505830000
findling-cpu 1791103604,5394308853,3394241,2537544,8510840000
findling-cpu 1791103609,5399384830,3396240,2538993,8515860000
findling-cpu 1791103614,5404591393,3398237,2540298,8520870000
findling-cpu 1791103619,5409985930,3400235,2541566,8525880000
findling-cpu 1791103624,5415219803,3402236,2542988,8530900000
findling-cpu 1791103629,5420419694,3404233,2544405,8535910000
findling-cpu 1791103634,5425684822,3406232,2545848,8540930000
findling-cpu 1791103639,5430731895,3408231,2547249,8545940000
findling-cpu 1791103644,5435916185,3410230,2548673,8550950000
findling-cpu 1791103649,5441133209,3412227,2550068,8555970000
findling-cpu 1791103654,5446318794,3414228,2551499,8560980000
findling-cpu 1791103659,5451706599,3416226,2552889,8566000000
findling-cpu 1791103664,5456963949,3418226,2554295,8571010000
findling-cpu 1791103669,5462012238,3420224,2555727,8576020000
findling-cpu 1791103674,5467227634,3422223,2557155,8581040000
findling-cpu 1791103679,5472486467,3424219,2558547,8586050000
findling-cpu 1791103684,5477688074,3426217,2559970,8591070000
findling-cpu 1791103689,5482945200,3428214,2561379,8596080000
findling-cpu 1791103694,5488058944,3430215,2562839,8601090000
findling-cpu 1791103699,5493169791,3432214,2564234,8606110000
findling-cpu 1791103704,5498514368,3434209,2565635,8611120000
findling-cpu 1791103709,5503723184,3436207,2567030,8616130000
findling-cpu 1791103714,5508978153,3438208,2568442,8621150000
findling-cpu 1791103719,5514152508,3440205,2569860,8626160000
findling-cpu 1791103725,5519226863,3442205,2571318,8631180000
findling-cpu 1791103730,5524467697,3444204,2572729,8636190000
findling-cpu 1791103735,5529708022,3446204,2574146,8641200000
findling-cpu 1791103740,5534839006,3448198,2575379,8646220000
findling-cpu 1791103745,5539954598,3450198,2576839,8651230000
findling-cpu 1791103750,5545123879,3452197,2578262,8656250000
findling-cpu 1791103755,5550406741,3454196,2579671,8661260000
findling-cpu 1791103760,5555491601,3456195,2581102,8666270000
findling-cpu 1791103765,5560600327,3458195,2582523,8671290000
findling-cpu 1791103770,5565798330,3460193,2583911,8676300000
findling-cpu 1791103775,5571055584,3462192,2585339,8681310000
findling-cpu 1791103780,5576230178,3464192,2586755,8686330000
findling-cpu 1791103785,5581589046,3466191,2588177,8691340000
findling-cpu 1791103790,5586528975,3468189,2589621,8696360000
findling-cpu 1791103795,5591632713,3470190,2591054,8701370000
findling-cpu 1791103800,5597051460,3472186,2592424,8706380000
findling-cpu 1791103805,5602243212,3474183,2593848,8711400000
findling-cpu 1791103810,5607374157,3476183,2595271,8716410000
findling-cpu 1791103815,5612578622,3478184,2596720,8721430000
findling-cpu 1791103820,5617642018,3480186,2598155,8726450000
findling-cpu 1791103825,5622823522,3482184,2599545,8731460000
findling-cpu 1791103830,5628068280,3484181,2600928,8736470000
findling-cpu 1791103835,5633303784,3486180,2602342,8741490000
findling-cpu 1791103840,5638640618,3488182,2603745,8746510000
findling-cpu 1791103845,5643756555,3490181,2605189,8751520000
findling-cpu 1791103850,5648874074,3492179,2606617,8756530000
findling-cpu 1791103855,5653989368,3494178,2608069,8761550000
findling-cpu 1791103860,5659099725,3496173,2609316,8766560000
findling-cpu 1791103865,5664371924,3498172,2610752,8771570000
findling-cpu 1791103870,5669482193,3500168,2612184,8776590000
findling-cpu 1791103875,5674752713,3502169,2613590,8781600000
findling-cpu 1791103880,5679878564,3504170,2615031,8786610000
findling-cpu 1791103885,5685114110,3506167,2616413,8791630000
findling-cpu 1791103890,5690426330,3508164,2617818,8796640000
findling-cpu 1791103895,5695371782,3510161,2619261,8801650000
findling-cpu 1791103900,5700750647,3512162,2620665,8806670000
findling-cpu 1791103905,5705886155,3514160,2622095,8811680000
findling-cpu 1791103910,5711153345,3516157,2623512,8816690000
findling-cpu 1791103915,5716326037,3518158,2624930,8821710000
findling-cpu 1791103920,5721379686,3520155,2626334,8826720000
findling-cpu 1791103925,5726635621,3522155,2627744,8831730000
findling-cpu 1791103930,5731843463,3524156,2629166,8836750000
findling-cpu 1791103935,5737129382,3526156,2630581,8841760000
findling-cpu 1791103940,5742363584,3528158,2631999,8846780000
findling-cpu 1791103945,5747507093,3530154,2633388,8851790000
findling-cpu 1791103950,5752593073,3532151,2634786,8856800000
findling-cpu 1791103955,5757803651,3534151,2636203,8861820000
findling-cpu 1791103960,5763073460,3536150,2637625,8866830000
findling-cpu 1791103965,5768302475,3538149,2639008,8871850000
findling-cpu 1791103970,5773554879,3540149,2640425,8876860000
findling-cpu 1791103975,5778812974,3542148,2641841,8881880000
findling-cpu 1791103980,5783888750,3544147,2643111,8886890000
findling-cpu 1791103985,5789271357,3546147,2644474,8891910000
findling-cpu 1791103990,5794489051,3548144,2645895,8896920000
findling-cpu 1791103995,5799725119,3550144,2647319,8901930000
findling-cpu 1791104000,5804803047,3552145,2648777,8906950000
findling-cpu 1791104005,5810040392,3554145,2650165,8911960000
findling-cpu 1791104010,5815278199,3556142,2651579,8916980000
findling-cpu 1791104015,5820296175,3558141,2653016,8922000000
findling-cpu 1791104020,5825454797,3560142,2654449,8927010000
findling-cpu 1791104025,5830620012,3562141,2655866,8932020000
findling-cpu 1791104030,5836002827,3564140,2657271,8937040000
findling-cpu 1791104035,5841068035,3566140,2658720,8942050000
findling-cpu 1791104040,5846172822,3568141,2660158,8947060000
findling-cpu 1791104045,5851313346,3570140,2661584,8952080000
findling-cpu 1791104050,5856380942,3572138,2663044,8957090000
findling-cpu 1791104055,5861573817,3574138,2664460,8962110000
findling-cpu 1791104060,5866693125,3576138,2665896,8967120000
findling-cpu 1791104065,5871903894,3578136,2667284,8972130000
findling-cpu 1791104070,5876985423,3580135,2668690,8977150000
findling-cpu 1791104075,5882100360,3582134,2670141,8982160000
findling-cpu 1791104081,5887197307,3584134,2671610,8987170000
findling-cpu 1791104086,5892309332,3586133,2673062,8992190000
findling-cpu 1791104091,5897423190,3588135,2674522,8997200000
findling-cpu 1791104096,5902536366,3590134,2675970,9002210000
findling-cpu 1791104101,5907632881,3592132,2677404,9007230000
findling-cpu 1791104106,5912760081,3594130,2678670,9012240000
findling-cpu 1791104111,5917874984,3596131,2680131,9017250000
findling-cpu 1791104116,5922988693,3598132,2681583,9022270000
findling-cpu 1791104121,5928081289,3600133,2683051,9027280000
findling-cpu 1791104126,5933195053,3602133,2684499,9032290000
findling-cpu 1791104131,5938308093,3604131,2685906,9037310000
findling-cpu 1791104136,5943422488,3606132,2687357,9042320000
findling-cpu 1791104141,5948518942,3608132,2688822,9047340000
findling-cpu 1791104146,5953635704,3610130,2690271,9052350000
findling-cpu 1791104151,5958804109,3612129,2691703,9057360000
findling-cpu 1791104156,5963962029,3614127,2693121,9062380000
findling-cpu 1791104161,5969247830,3616124,2694510,9067390000
findling-cpu 1791104166,5974331585,3618122,2695957,9072400000
findling-cpu 1791104171,5979502929,3620123,2697383,9077420000
findling-cpu 1791104176,5984769701,3622121,2698788,9082430000
findling-cpu 1791104181,5989999003,3624122,2700222,9087440000
findling-cpu 1791104186,5995201524,3626121,2701638,9092460000
findling-cpu 1791104191,6000409693,3628115,2702992,9097470000
findling-cpu 1791104196,6005484489,3630114,2704440,9102480000
findling-cpu 1791104201,6010665910,3632116,2705872,9107500000
findling-cpu 1791104206,6015975522,3634114,2707270,9112510000
findling-cpu 1791104211,6021205071,3636114,2708697,9117530000
findling-cpu 1791104216,6026476537,3638114,2710105,9122540000
findling-cpu 1791104221,6031665338,3640109,2711459,9127550000
findling-cpu 1791104226,6036758743,3642106,2712716,9132570000
findling-cpu 1791104231,6041915736,3644106,2714145,9137580000
findling-cpu 1791104236,6047125051,3646103,2715560,9142590000
findling-cpu 1791104241,6052369083,3648105,2716992,9147610000
findling-cpu 1791104246,6057687099,3650101,2718385,9152620000
findling-cpu 1791104251,6062848053,3652098,2719757,9157630000
findling-cpu 1791104256,6067922148,3654099,2721206,9162650000
findling-cpu 1791104261,6073024785,3656098,2722646,9167660000
findling-cpu 1791104266,6078227044,3658098,2724026,9172680000
findling-cpu 1791104271,6083450457,3660095,2725453,9177690000
findling-cpu 1791104276,6088629737,3662093,2726869,9182700000
findling-cpu 1791104281,6093823585,3664091,2728271,9187720000
findling-cpu 1791104286,6098899773,3666089,2729719,9192730000
findling-cpu 1791104291,6104192551,3668090,2731126,9197740000
findling-cpu 1791104296,6109467508,3670088,2732535,9202760000
findling-cpu 1791104301,6114677995,3672089,2733962,9207770000
findling-cpu 1791104306,6119855265,3674085,2735378,9212790000
findling-cpu 1791104311,6124937075,3676085,2736748,9217800000
findling-cpu 1791104316,6130114060,3678082,2738166,9222810000
findling-cpu 1791104321,6135202300,3680084,2739608,9227830000
findling-cpu 1791104326,6140418479,3682083,2741025,9232840000
findling-cpu 1791104331,6145670091,3684083,2742438,9237850000
findling-cpu 1791104336,6150764548,3686082,2743864,9242870000
findling-cpu 1791104341,6155817857,3688080,2745301,9247880000
findling-cpu 1791104346,6161030561,3690080,2746523,9252890000
findling-cpu 1791104351,6166145896,3692081,2747984,9257910000
findling-cpu 1791104356,6171354834,3694080,2749399,9262920000
findling-cpu 1791104361,6176617599,3696080,2750827,9267940000
findling-cpu 1791104366,6181799091,3698080,2752242,9272950000
findling-cpu 1791104371,6186872499,3700076,2753636,9277960000
findling-cpu 1791104376,6191978708,3702077,2755089,9282980000
findling-cpu 1791104381,6197083944,3704079,2756555,9287990000
findling-cpu 1791104386,6202198146,3706079,2758005,9293010000
findling-cpu 1791104391,6207311745,3708080,2759465,9298020000
findling-cpu 1791104396,6212424233,3710080,2760918,9303030000
findling-cpu 1791104401,6217519267,3712080,2762356,9308050000
findling-cpu 1791104406,6222634449,3714077,2763806,9313060000
findling-cpu 1791104411,6227825106,3716077,2765231,9318080000
findling-cpu 1791104416,6233218753,3718074,2766618,9323090000
findling-cpu 1791104421,6238457464,3720074,2768049,9328100000
findling-cpu 1791104426,6243597974,3722073,2769470,9333120000
findling-cpu 1791104431,6248849584,3724068,2770818,9338130000
findling-cpu 1791104436,6253924354,3726068,2772265,9343140000
findling-cpu 1791104441,6259114776,3728067,2773696,9348160000
findling-cpu 1791104447,6264268155,3730065,2775114,9353170000
findling-cpu 1791104452,6269486498,3732064,2776542,9358180000
findling-cpu 1791104457,6274761140,3734061,2777933,9363200000
findling-cpu 1791104462,6279836465,3736059,2779348,9368210000
findling-cpu 1791104467,6284912560,3738058,2780746,9373220000
findling-cpu 1791104472,6290163822,3740056,2782014,9378240000
findling-cpu 1791104477,6295351515,3742053,2783428,9383250000
findling-cpu 1791104482,6300574625,3744052,2784859,9388270000
findling-cpu 1791104487,6305721930,3746052,2786280,9393280000
findling-cpu 1791104492,6311098447,3748051,2787676,9398290000
findling-cpu 1791104497,6316014044,3750050,2789097,9403310000
findling-cpu 1791104502,6321388074,3752048,2790502,9408320000
findling-cpu 1791104507,6326503936,3754050,2791952,9413340000
findling-cpu 1791104512,6331575424,3756049,2793410,9418350000
findling-cpu 1791104517,6336723942,3758049,2794807,9423360000
findling-cpu 1791104522,6341970600,3760047,2796203,9428380000
findling-cpu 1791104527,6347379587,3762046,2797615,9433390000
findling-cpu 1791104532,6352294156,3764047,2799071,9438400000
findling-cpu 1791104537,6357510366,3766046,2800484,9443420000
findling-cpu 1791104542,6362646989,3768045,2801926,9448430000
findling-cpu 1791104547,6367895704,3770044,2803334,9453450000
findling-cpu 1791104552,6373275293,3772040,2804694,9458460000
findling-cpu 1791104557,6378383066,3774039,2806111,9463480000
findling-cpu 1791104562,6383588729,3776043,2807547,9468500000
findling-cpu 1791104567,6388702427,3778043,2808996,9473510000
findling-cpu 1791104572,6393815273,3780041,2810423,9478530000
findling-cpu 1791104577,6398924229,3782041,2811875,9483540000
findling-cpu 1791104582,6403985787,3784041,2813312,9488560000
findling-cpu 1791104587,6409152115,3786039,2814729,9493570000
findling-cpu 1791104592,6414394824,3788037,2815956,9498580000
findling-cpu 1791104597,6419693607,3790036,2817370,9503600000
findling-cpu 1791104602,6424864623,3792036,2818799,9508610000
findling-cpu 1791104607,6430075181,3794034,2820214,9513630000
findling-cpu 1791104612,6435148696,3796033,2821646,9518640000
findling-cpu 1791104617,6440455144,3798033,2823010,9523650000
findling-cpu 1791104622,6445561428,3800034,2824448,9528670000
findling-cpu 1791104627,6450732341,3802034,2825873,9533680000
findling-cpu 1791104632,6455925834,3804032,2827297,9538700000
findling-cpu 1791104637,6461056783,3806030,2828718,9543710000
findling-cpu 1791104642,6466116866,3808029,2830155,9548720000
findling-cpu 1791104647,6471227641,3810026,2831579,9553740000
findling-cpu 1791104652,6476504105,3812026,2833003,9558750000
findling-cpu 1791104657,6481778309,3814023,2834404,9563760000
findling-cpu 1791104662,6486939918,3816024,2835836,9568780000
findling-cpu 1791104667,6492051962,3818025,2837286,9573790000
findling-cpu 1791104672,6497139207,3820021,2838684,9578800000
findling-cpu 1791104677,6502386123,3822020,2840065,9583820000
findling-cpu 1791104682,6507555877,3824018,2841498,9588830000
findling-cpu 1791104687,6512757973,3826016,2842919,9593840000
findling-cpu 1791104692,6517927664,3828014,2844346,9598860000
findling-cpu 1791104697,6523173352,3830011,2845756,9603870000
findling-cpu 1791104702,6528232567,3832011,2847193,9608890000
findling-cpu 1791104707,6533528876,3834009,2848592,9613900000
findling-cpu 1791104712,6538709081,3836006,2849826,9618910000
findling-cpu 1791104717,6543975108,3838006,2851241,9623930000
findling-cpu 1791104722,6549126226,3840004,2852675,9628940000
findling-cpu 1791104727,6554250041,3842003,2854098,9633950000
findling-cpu 1791104732,6559326222,3844001,2855528,9638970000
findling-cpu 1791104737,6564519924,3845999,2856936,9643980000
findling-cpu 1791104742,6569672069,3847999,2858345,9648990000
findling-cpu 1791104747,6575020142,3849998,2859745,9654010000
findling-cpu 1791104752,6580125642,3851996,2861178,9659020000
findling-cpu 1791104757,6585350298,3853997,2862592,9664030000
findling-cpu 1791104762,6590406424,3855995,2864030,9669050000
findling-cpu 1791104767,6595593441,3857993,2865447,9674060000
findling-cpu 1791104772,6600823818,3859992,2866862,9679080000
findling-cpu 1791104777,6605945742,3861993,2868308,9684090000
findling-cpu 1791104782,6611041955,3863995,2869775,9689100000
findling-cpu 1791104787,6616157533,3865994,2871226,9694120000
findling-cpu 1791104792,6621282451,3867988,2872638,9699130000
findling-cpu 1791104797,6626397837,3869991,2874089,9704140000
findling-cpu 1791104802,6631493485,3871992,2875527,9709160000
findling-cpu 1791104808,6636606026,3873991,2876978,9714170000
findling-cpu 1791104813,6641718272,3875989,2878436,9719180000
findling-cpu 1791104818,6646831836,3877988,2879853,9724200000
findling-cpu 1791104823,6652038853,3879986,2881250,9729210000
findling-cpu 1791104828,6657342465,3881983,2882654,9734220000
findling-cpu 1791104833,6662411003,3883982,2884030,9739240000
findling-cpu 1791104838,6667740049,3885977,2885320,9744250000
findling-cpu 1791104843,6672883258,3887979,2886756,9749260000
findling-cpu 1791104848,6678163943,3889976,2888170,9754280000
findling-cpu 1791104853,6683390463,3891975,2889562,9759290000
findling-cpu 1791104858,6688668344,3893972,2890979,9764300000
findling-cpu 1791104863,6693652153,3895973,2892412,9769320000
findling-cpu 1791104868,6698865582,3897970,2893824,9774330000
findling-cpu 1791104873,6704030789,3899969,2895218,9779350000
findling-cpu 1791104878,6709447422,3901970,2896612,9784360000
findling-cpu 1791104883,6714554977,3903969,2898022,9789370000
findling-cpu 1791104888,6719629131,3905967,2899467,9794390000
findling-cpu 1791104893,6724744914,3907968,2900927,9799400000
findling-cpu 1791104898,6729858339,3909967,2902379,9804410000
findling-cpu 1791104903,6734955459,3911968,2903845,9809430000
findling-cpu 1791104908,6740070760,3913967,2905296,9814440000
findling-cpu 1791104913,6745193764,3915962,2906718,9819450000
findling-cpu 1791104918,6750379765,3917961,2908142,9824470000
findling-cpu 1791104923,6755651383,3919959,2909535,9829480000
findling-cpu 1791104928,6760836343,3921956,2910950,9834490000
findling-cpu 1791104933,6765910729,3923957,2912407,9839510000
findling-cpu 1791104938,6771125403,3925957,2913822,9844520000
findling-cpu 1791104943,6776222368,3927953,2915261,9849530000
findling-cpu 1791104948,6781337626,3929952,2916712,9854550000
findling-cpu 1791104953,6786449781,3931951,2918173,9859560000
findling-cpu 1791104958,6791584320,3933949,2919429,9864570000
findling-cpu 1791104963,6796680652,3935947,2920894,9869590000
findling-cpu 1791104968,6801794942,3937945,2922346,9874600000
findling-cpu 1791104973,6807040209,3939940,2923736,9879610000
findling-cpu 1791104978,6812112718,3941940,2925186,9884630000
findling-cpu 1791104983,6817521962,3943941,2926588,9889640000
findling-cpu 1791104988,6822720071,3945938,2927973,9894650000
findling-cpu 1791104993,6827989609,3947937,2929396,9899670000
findling-cpu 1791104998,6833238098,3949937,2930806,9904680000
findling-cpu 1791105003,6838402685,3951933,2932210,9909700000
findling-cpu 1791105008,6843478349,3953932,2933659,9914710000
findling-cpu 1791105013,6848668841,3955932,2935084,9919720000
findling-cpu 1791105018,6853873034,3957930,2936494,9924740000
findling-cpu 1791105023,6858968938,3959932,2937960,9929750000
findling-cpu 1791105028,6864081377,3961930,2939411,9934760000
findling-cpu 1791105033,6869205594,3963928,2940812,9939770000
findling-cpu 1791105038,6874318852,3965929,2942264,9944790000
findling-cpu 1791105043,6879416852,3967931,2943731,9949800000
findling-cpu 1791105048,6884530826,3969930,2945152,9954810000
findling-cpu 1791105053,6889644519,3971929,2946610,9959830000
findling-cpu 1791105058,6894759519,3973928,2948062,9964840000
findling-cpu 1791105063,6899856072,3975927,2949502,9969860000
findling-cpu 1791105068,6904968660,3977926,2950955,9974870000
findling-cpu 1791105073,6910082257,3979928,2952416,9979880000
findling-cpu 1791105078,6915215145,3981926,2953669,9984900000
findling-cpu 1791105083,6920309265,3983926,2955134,9989910000
findling-cpu 1791105088,6925651266,3985926,2956530,9994920000
findling-cpu 1791105093,6930921906,3987925,2957921,9999940000
findling-cpu 1791105098,6935994468,3989925,2959371,10004950000
findling-cpu 1791105103,6941222615,3991926,2960796,10009960000
findling-cpu 1791105108,6946418581,3993924,2962181,10014980000
findling-cpu 1791105113,6951623875,3995923,2963610,10019990000
findling-cpu 1791105118,6956811751,3997920,2964995,10025000000
findling-cpu 1791105123,6961908932,3999918,2966409,10030020000
findling-cpu 1791105128,6966982818,4001917,2967858,10035030000
findling-cpu 1791105133,6972330860,4003915,2969259,10040040000
findling-cpu 1791105138,6977468094,4005913,2970682,10045060000
findling-cpu 1791105143,6982635137,4007912,2972120,10050070000
findling-cpu 1791105148,6987857814,4009911,2973534,10055080000
findling-cpu 1791105153,6993025128,4011906,2974921,10060100000
findling-cpu 1791105158,6998097512,4013904,2976373,10065110000
findling-cpu 1791105163,7003317701,4015905,2977797,10070120000
findling-cpu 1791105168,7008503527,4017900,2979186,10075140000
findling-cpu 1791105173,7013941599,4019897,2980552,10080150000
findling-cpu 1791105179,7019133793,4021898,2981973,10085160000
findling-cpu 1791105184,7024214003,4023892,2983383,10090180000
findling-cpu 1791105189,7029285491,4025893,2984841,10095190000
findling-cpu 1791105194,7034480861,4027892,2986256,10100210000
findling-cpu 1791105199,7039789830,4029891,2987556,10105220000
findling-cpu 1791105204,7044904121,4031890,2988933,10110230000
findling-cpu 1791105209,7050017570,4033892,2990394,10115250000
findling-cpu 1791105214,7055131099,4035890,2991819,10120260000
findling-cpu 1791105219,7060244440,4037888,2993279,10125270000
findling-cpu 1791105224,7065341104,4039890,2994738,10130290000
findling-cpu 1791105229,7070454845,4041890,2996168,10135300000
findling-cpu 1791105234,7075668837,4043890,2997599,10140320000
findling-cpu 1791105239,7080721204,4045889,2999038,10145330000
findling-cpu 1791105244,7085916995,4047885,3000432,10150340000
findling-cpu 1791105249,7091336994,4049888,3001836,10155360000
findling-cpu 1791105254,7096549984,4051886,3003249,10160370000
findling-cpu 1791105259,7101722387,4053882,3004674,10165380000
findling-cpu 1791105264,7106884108,4055884,3006117,10170400000
findling-cpu 1791105269,7111898620,4057884,3007561,10175410000
findling-cpu 1791105274,7117053909,4059879,3008944,10180430000
findling-cpu 1791105279,7122264227,4061879,3010373,10185440000
findling-cpu 1791105284,7127499725,4063879,3011790,10190450000
findling-cpu 1791105289,7132810857,4065878,3013196,10195470000
findling-cpu 1791105294,7137919789,4067877,3014613,10200480000
findling-cpu 1791105299,7143106878,4069877,3016034,10205490000
findling-cpu 1791105304,7148202699,4071876,3017465,10210510000
findling-cpu 1791105309,7153315685,4073875,3018926,10215520000
findling-cpu 1791105314,7158429546,4075874,3020378,10220540000
findling-cpu 1791105319,7163541982,4077875,3021839,10225550000
findling-cpu 1791105324,7168653259,4079870,3023104,10230560000
findling-cpu 1791105329,7173767856,4081872,3024564,10235580000
findling-cpu 1791105334,7178963438,4083865,3025952,10240590000
findling-cpu 1791105339,7184250697,4085866,3027374,10245600000
findling-cpu 1791105344,7189445803,4087864,3028794,10250620000
findling-cpu 1791105349,7194510519,4089865,3030246,10255630000
findling-cpu 1791105354,7199625910,4091863,3031667,10260640000
findling-cpu 1791105359,7204737358,4093863,3033128,10265660000
findling-cpu 1791105364,7209833785,4095862,3034558,10270670000
findling-cpu 1791105369,7214946176,4097863,3036018,10275690000
findling-cpu 1791105374,7220061751,4099864,3037472,10280700000
findling-cpu 1791105379,7225386349,4101863,3038883,10285710000
findling-cpu 1791105384,7230438933,4103864,3040334,10290730000
findling-cpu 1791105389,7235761368,4105863,3041744,10295740000
findling-cpu 1791105394,7241127779,4107859,3043077,10300750000
findling-cpu 1791105399,7246338943,4109859,3044506,10305770000
findling-cpu 1791105404,7251529793,4111860,3045929,10310780000
findling-cpu 1791105409,7256793434,4113856,3047347,10315790000
findling-cpu 1791105414,7261868572,4115855,3048764,10320810000
findling-cpu 1791105419,7267057748,4117856,3050152,10325820000
findling-cpu 1791105424,7272204716,4119852,3051550,10330840000
findling-cpu 1791105429,7277412645,4121850,3052977,10335850000
findling-cpu 1791105434,7282529108,4123852,3054430,10340860000
findling-cpu 1791105439,7287643527,4125853,3055890,10345880000
findling-cpu 1791105444,7293028274,4127849,3057107,10350890000
findling-cpu 1791105449,7298069598,4129850,3058558,10355910000
findling-cpu 1791105454,7303292480,4131846,3059943,10360920000
findling-cpu 1791105459,7308434835,4133844,3061373,10365940000
findling-cpu 1791105464,7313712090,4135843,3062791,10370950000
findling-cpu 1791105469,7318912130,4137844,3064214,10375960000
findling-cpu 1791105474,7324261565,4139841,3065593,10380980000
findling-cpu 1791105479,7329217460,4141840,3067021,10385990000
findling-cpu 1791105484,7334453369,4143837,3068410,10391000000
findling-cpu 1791105489,7339789823,4145836,3069817,10396020000
findling-cpu 1791105494,7344865224,4147837,3071267,10401030000
findling-cpu 1791105499,7350037391,4149839,3072697,10406050000
findling-cpu 1791105504,7355135331,4151840,3074154,10411060000
findling-cpu 1791105509,7360249969,4153841,3075613,10416070000
findling-cpu 1791105514,7365371799,4155839,3077025,10421090000
findling-cpu 1791105519,7370441949,4157838,3078478,10426100000
findling-cpu 1791105524,7375539133,4159839,3079937,10431110000
findling-cpu 1791105529,7380653214,4161840,3081397,10436130000
findling-cpu 1791105534,7385767902,4163841,3082819,10441140000
findling-cpu 1791105539,7390962689,4165841,3084269,10446160000
findling-cpu 1791105545,7396061706,4167840,3085675,10451170000
findling-cpu 1791105550,7401364152,4169839,3087089,10456180000
findling-cpu 1791105555,7406590577,4171837,3088509,10461200000
findling-cpu 1791105560,7411796054,4173836,3089933,10466210000
findling-cpu 1791105565,7416974803,4175833,3091201,10471220000
findling-cpu 1791105570,7422068061,4177834,3092615,10476240000
findling-cpu 1791105575,7427373421,4179834,3093986,10481250000
findling-cpu 1791105580,7432662863,4181834,3095409,10486270000
findling-cpu 1791105585,7437911943,4183833,3096821,10491280000
findling-cpu 1791105590,7443181758,4185835,3098239,10496290000
findling-cpu 1791105595,7448247739,4187832,3099681,10501310000
findling-cpu 1791105600,7453428402,4189831,3101084,10506320000
findling-cpu 1791105605,7458657160,4191830,3102473,10511330000
findling-cpu 1791105610,7463876953,4193827,3103900,10516350000
findling-cpu 1791105615,7469221871,4195825,3105296,10521360000
findling-cpu 1791105620,7474415463,4197828,3106721,10526370000
findling-cpu 1791105625,7479467562,4199825,3108177,10531390000
findling-cpu 1791105630,7484597776,4201825,3109601,10536400000
findling-cpu 1791105635,7489721485,4203819,3111012,10541410000
findling-cpu 1791105640,7494835832,4205819,3112473,10546430000
findling-cpu 1791105645,7499933378,4207820,3113931,10551440000
findling-cpu 1791105650,7505048005,4209821,3115391,10556460000
findling-cpu 1791105655,7510162200,4211818,3116842,10561470000
findling-cpu 1791105660,7515276438,4213818,3118272,10566480000
findling-cpu 1791105665,7520412280,4215813,3119667,10571500000
findling-cpu 1791105670,7525727034,4217813,3121086,10576510000
findling-cpu 1791105675,7530994193,4219811,3122490,10581520000
findling-cpu 1791105680,7536348608,4221810,3123912,10586540000
findling-cpu 1791105685,7541292375,4223810,3125362,10591550000
findling-cpu 1791105690,7546427466,4225809,3126627,10596570000
findling-cpu 1791105695,7551746783,4227804,3128003,10601580000
findling-cpu 1791105700,7557189765,4229804,3129422,10606590000
findling-cpu 1791105705,7562095224,4231803,3130877,10611610000
findling-cpu 1791105710,7567224582,4233805,3132308,10616620000
findling-cpu 1791105715,7572392952,4235804,3133727,10621640000
findling-cpu 1791105720,7577628089,4237802,3135086,10626650000
findling-cpu 1791105725,7582778777,4239797,3136483,10631670000
findling-cpu 1791105730,7588110693,4241797,3137915,10636680000
findling-cpu 1791105735,7593070250,4243797,3139361,10641690000
findling-cpu 1791105740,7598380521,4245795,3140768,10646710000
findling-cpu 1791105745,7603675204,4247795,3142183,10651720000
findling-cpu 1791105750,7608711487,4249794,3143638,10656740000
findling-cpu 1791105755,7613914302,4251792,3144997,10661750000
findling-cpu 1791105760,7619083365,4253791,3146428,10666760000
findling-cpu 1791105765,7624346529,4255787,3147843,10671780000
findling-cpu 1791105770,7629527854,4257785,3149269,10676790000
findling-cpu 1791105775,7634828954,4259784,3150695,10681810000
findling-cpu 1791105780,7639857358,4261781,3152073,10686820000
findling-cpu 1791105785,7645188423,4263779,3153445,10691830000
findling-cpu 1791105790,7650422069,4265778,3154867,10696850000
findling-cpu 1791105795,7655689660,4267778,3156281,10701860000
findling-cpu 1791105800,7660933287,4269778,3157700,10706870000
findling-cpu 1791105805,7666058976,4271779,3159147,10711890000
findling-cpu 1791105810,7671171619,4273778,3160393,10716900000
findling-cpu 1791105815,7676372990,4275772,3161781,10721920000
findling-cpu 1791105820,7681591986,4277773,3163210,10726930000
findling-cpu 1791105825,7686957743,4279773,3164607,10731940000
findling-cpu 1791105830,7692030948,4281772,3166062,10736960000
findling-cpu 1791105835,7697144903,4283772,3167514,10741970000
findling-cpu 1791105840,7702390726,4285772,3168909,10746980000
findling-cpu 1791105845,7707648619,4287768,3170297,10752000000
findling-cpu 1791105850,7712965418,4289769,3171717,10757010000
findling-cpu 1791105855,7717982008,4291769,3173165,10762020000
findling-cpu 1791105860,7723105571,4293768,3174597,10767040000
findling-cpu 1791105865,7728279894,4295769,3176016,10772050000
findling-cpu 1791105870,7733487082,4297769,3177445,10777070000
findling-cpu 1791105875,7738803331,4299762,3178805,10782080000
findling-cpu 1791105880,7744042285,4301766,3180247,10787090000
findling-cpu 1791105885,7749063153,4303765,3181687,10792110000
findling-cpu 1791105890,7754248871,4305765,3183112,10797120000
findling-cpu 1791105895,7759446983,4307763,3184526,10802140000
findling-cpu 1791105900,7764758865,4309764,3185945,10807150000
findling-cpu 1791105906,7769853164,4311760,3187318,10812160000
findling-cpu 1791105911,7775196770,4313762,3188746,10817180000
findling-cpu 1791105916,7780113632,4315761,3190192,10822190000
findling-cpu 1791105921,7785401314,4317762,3191602,10827200000
findling-cpu 1791105926,7790492270,4319760,3193032,10832220000
findling-cpu 1791105931,7795783817,4321759,3194273,10837230000
findling-cpu 1791105936,7800999558,4323755,3195650,10842250000
findling-cpu 1791105941,7806214606,4325753,3197094,10847260000
findling-cpu 1791105946,7811292638,4327754,3198528,10852280000
findling-cpu 1791105951,7816527307,4329754,3199946,10857290000
findling-cpu 1791105956,7821639115,4331752,3201397,10862300000
findling-cpu 1791105961,7826821151,4333754,3202850,10867320000
findling-cpu 1791105966,7831899807,4335751,3204224,10872330000
findling-cpu 1791105971,7837335494,4337752,3205618,10877340000
findling-cpu 1791105976,7842651643,4339752,3207023,10882360000
findling-cpu 1791105981,7847850458,4341750,3208445,10887370000
findling-cpu 1791105986,7852947244,4343751,3209902,10892390000
findling-cpu 1791105991,7858023328,4345751,3211359,10897400000
findling-cpu 1791105996,7863318291,4347745,3212731,10902410000
findling-cpu 1791106001,7868599945,4349743,3214146,10907430000
findling-cpu 1791106006,7873773365,4351742,3215570,10912440000
findling-cpu 1791106011,7878845840,4353742,3217027,10917450000
findling-cpu 1791106016,7883989342,4355741,3218449,10922470000
findling-cpu 1791106021,7889274991,4357740,3219819,10927480000
findling-cpu 1791106026,7894545108,4359736,3221182,10932490000
findling-cpu 1791106031,7899810824,4361737,3222600,10937510000
findling-cpu 1791106036,7905037040,4363737,3224015,10942520000
findling-cpu 1791106041,7910092823,4365737,3225472,10947540000
findling-cpu 1791106046,7915286447,4367736,3226891,10952550000
findling-cpu 1791106051,7920481371,4369735,3228294,10957560000
findling-cpu 1791106056,7925676675,4371733,3229522,10962580000
findling-cpu 1791106061,7931089256,4373731,3230919,10967590000
findling-cpu 1791106066,7936463843,4375730,3232338,10972600000
findling-cpu 1791106071,7941394985,4377729,3233793,10977620000
findling-cpu 1791106076,7946651400,4379726,3235203,10982630000
findling-cpu 1791106081,7951867856,4381724,3236594,10987650000
findling-cpu 1791106086,7957073274,4383719,3237958,10992660000
findling-cpu 1791106091,7962264057,4385718,3239382,10997670000
findling-cpu 1791106096,7967525768,4387719,3240813,11002690000
findling-cpu 1791106101,7972511157,4389718,3242259,11007700000
findling-cpu 1791106106,7977824174,4391716,3243660,11012720000
findling-cpu 1791106111,7983099908,4393715,3245083,11017730000
findling-cpu 1791106116,7988284128,4395710,3246439,11022740000
findling-cpu 1791106121,7993478247,4397709,3247864,11027760000
findling-cpu 1791106126,7998539983,4399711,3249320,11032770000
findling-cpu 1791106131,8003720189,4401710,3250746,11037780000
findling-cpu 1791106136,8008865516,4403708,3252170,11042800000
findling-cpu 1791106141,8013981349,4405709,3253629,11047810000
findling-cpu 1791106146,8019077114,4407708,3255031,11052830000
findling-cpu 1791106151,8024152339,4409708,3256489,11057840000
findling-cpu 1791106156,8029330089,4411707,3257908,11062850000
findling-cpu 1791106161,8034691923,4413705,3259307,11067870000
findling-cpu 1791106166,8039970194,4415704,3260726,11072880000
findling-cpu 1791106171,8045159356,4417703,3262147,11077890000
findling-cpu 1791106176,8050476901,4419696,3263342,11082910000
findling-cpu 1791106181,8055509226,4421695,3264799,11087920000
findling-cpu 1791106186,8060683487,4423692,3266221,11092930000
findling-cpu 1791106191,8065935038,4425693,3267639,11097950000
findling-cpu 1791106196,8071135188,4427694,3269063,11102970000
findling-cpu 1791106201,8076458414,4429692,3270458,11107980000
findling-cpu 1791106206,8081772085,4431689,3271838,11112990000
findling-cpu 1791106211,8086745076,4433689,3273283,11118010000
findling-cpu 1791106216,8091982553,4435689,3274696,11123020000
findling-cpu 1791106221,8097149731,4437688,3276127,11128040000
findling-cpu 1791106226,8102319528,4439688,3277551,11133050000
findling-cpu 1791106231,8107437396,4441687,3278973,11138060000
findling-cpu 1791106236,8112792794,4443684,3280364,11143080000
findling-cpu 1791106241,8117713888,4445683,3281815,11148090000
findling-cpu 1791106246,8123056722,4447681,3283213,11153100000
findling-cpu 1791106251,8128360299,4449680,3284633,11158120000
findling-cpu 1791106256,8133535561,4451678,3286052,11163130000
findling-cpu 1791106261,8138778082,4453676,3287463,11168150000
findling-cpu 1791106266,8143833027,4455675,3288900,11173160000
findling-cpu 1791106272,8149069575,4457675,3290295,11178170000
findling-cpu 1791106277,8154191531,4459673,3291742,11183190000
findling-cpu 1791106282,8159306969,4461672,3293200,11188200000
findling-cpu 1791106287,8164363638,4463672,3294656,11193210000
findling-cpu 1791106292,8169526516,4465669,3296075,11198230000
findling-cpu 1791106297,8174786345,4467667,3297275,11203240000
findling-cpu 1791106302,8180157495,4469665,3298680,11208250000
findling-cpu 1791106307,8185383579,4471664,3300099,11213270000
findling-cpu 1791106312,8190684947,4473664,3301526,11218280000
findling-cpu 1791106317,8195645246,4475662,3302929,11223300000
findling-cpu 1791106322,8200832962,4477661,3304342,11228310000
findling-cpu 1791106327,8205931055,4479659,3305782,11233320000
findling-cpu 1791106332,8211326658,4481658,3307184,11238340000
findling-cpu 1791106337,8216360461,4483658,3308622,11243350000
findling-cpu 1791106342,8221476584,4485660,3310080,11248370000
findling-cpu 1791106347,8226737082,4487659,3311494,11253380000
findling-cpu 1791106352,8231807510,4489660,3312944,11258390000
findling-cpu 1791106357,8237018304,4491657,3314327,11263410000
findling-cpu 1791106362,8242290029,4493656,3315737,11268420000
findling-cpu 1791106367,8247489440,4495655,3317164,11273430000
findling-cpu 1791106372,8252673555,4497652,3318587,11278450000
findling-cpu 1791106377,8257795541,4499654,3320011,11283460000
findling-cpu 1791106382,8262871940,4501653,3321425,11288470000
findling-cpu 1791106387,8268044246,4503649,3322828,11293490000
findling-cpu 1791106392,8273264405,4505650,3324218,11298500000
findling-cpu 1791106397,8278478151,4507650,3325641,11303520000
findling-cpu 1791106402,8283853007,4509649,3327040,11308530000
findling-cpu 1791106407,8289039068,4511650,3328462,11313540000
findling-cpu 1791106412,8294115101,4513648,3329911,11318560000
findling-cpu 1791106417,8299286279,4515646,3331252,11323570000
findling-cpu 1791106422,8304458025,4517644,3332540,11328580000
findling-cpu 1791106427,8309658432,4519646,3333967,11333600000
findling-cpu 1791106432,8314757166,4521645,3335396,11338610000
findling-cpu 1791106437,8319873404,4523644,3336847,11343630000
findling-cpu 1791106442,8324989231,4525645,3338297,11348640000
findling-cpu 1791106447,8330043925,4527642,3339734,11353650000
findling-cpu 1791106452,8335321906,4529642,3341127,11358670000
findling-cpu 1791106457,8340734004,4531641,3342518,11363680000
findling-cpu 1791106462,8346047726,4533642,3343940,11368690000
findling-cpu 1791106467,8351026304,4535639,3345389,11373710000
findling-cpu 1791106472,8356140843,4537639,3346841,11378720000
findling-cpu 1791106477,8361262191,4539638,3348242,11383730000
findling-cpu 1791106482,8366563315,4541636,3349659,11388750000
findling-cpu 1791106487,8371623410,4543635,3351113,11393760000
findling-cpu 1791106492,8376862535,4545632,3352531,11398780000
findling-cpu 1791106497,8382116832,4547630,3353942,11403790000
findling-cpu 1791106502,8387337561,4549629,3355360,11408800000
findling-cpu 1791106507,8392563348,4551628,3356757,11413820000
findling-cpu 1791106512,8397679720,4553629,3358179,11418830000
findling-cpu 1791106517,8402985663,4555628,3359581,11423850000
findling-cpu 1791106522,8408230503,4557625,3361000,11428860000
findling-cpu 1791106527,8413444208,4559626,3362426,11433870000
findling-cpu 1791106532,8418584054,4561624,3363845,11438890000
findling-cpu 1791106537,8423769328,4563624,3365251,11443900000
findling-cpu 1791106542,8428856367,4565622,3366508,11448920000
findling-cpu 1791106547,8434004596,4567621,3367939,11453930000
findling-cpu 1791106552,8439226617,4569620,3369360,11458940000
findling-cpu 1791106557,8444296031,4571621,3370809,11463960000
findling-cpu 1791106562,8449670105,4573619,3372196,11468970000
findling-cpu 1791106567,8454926586,4575616,3373602,11473980000
findling-cpu 1791106572,8460042052,4577615,3375024,11479000000
findling-cpu 1791106577,8465163263,4579615,3376477,11484010000
findling-cpu 1791106582,8470277431,4581616,3377928,11489020000
findling-cpu 1791106587,8475464965,4583616,3379357,11494040000
findling-cpu 1791106592,8480680953,4585614,3380757,11499050000
findling-cpu 1791106597,8485764159,4587613,3382189,11504070000
findling-cpu 1791106602,8490988351,4589612,3383600,11509080000
findling-cpu 1791106607,8496188363,4591611,3385028,11514100000
findling-cpu 1791106612,8501438363,4593611,3386446,11519110000
findling-cpu 1791106617,8506808753,4595610,3387810,11524120000
findling-cpu 1791106622,8512043534,4597605,3389203,11529140000
findling-cpu 1791106627,8517098185,4599605,3390659,11534150000
findling-cpu 1791106633,8522300226,4601603,3392073,11539160000
findling-cpu 1791106638,8527540232,4603601,3393464,11544180000
findling-cpu 1791106643,8532840199,4605600,3394877,11549190000
findling-cpu 1791106648,8538062665,4607601,3396302,11554200000
findling-cpu 1791106653,8543268086,4609597,3397699,11559220000
findling-cpu 1791106658,8548339727,4611597,3399148,11564230000
findling-cpu 1791106663,8553671605,4613595,3400355,11569240000
findling-cpu 1791106668,8558842676,4615594,3401783,11574260000
findling-cpu 1791106673,8564107197,4617592,3403198,11579270000
findling-cpu 1791106678,8569319380,4619591,3404621,11584280000
findling-cpu 1791106683,8574627045,4621589,3406026,11589300000
findling-cpu 1791106688,8579541611,4623588,3407444,11594310000
findling-cpu 1791106693,8584711656,4625588,3408863,11599330000
findling-cpu 1791106698,8589941698,4627588,3410260,11604340000
findling-cpu 1791106703,8595194516,4629586,3411665,11609350000
findling-cpu 1791106708,8600443445,4631588,3413090,11614370000
findling-cpu 1791106713,8605516189,4633583,3414515,11619380000
findling-cpu 1791106718,8610639938,4635582,3415952,11624390000
findling-cpu 1791106723,8615753405,4637582,3417404,11629410000
findling-cpu 1791106728,8620851048,4639584,3418870,11634420000
findling-cpu 1791106733,8625966255,4641583,3420321,11639430000
findling-cpu 1791106738,8631081430,4643584,3421782,11644450000
findling-cpu 1791106743,8636192537,4645582,3423216,11649460000
findling-cpu 1791106748,8641289264,4647581,3424673,11654470000
findling-cpu 1791106753,8646521141,4649580,3426085,11659490000
findling-cpu 1791106758,8651768408,4651580,3427475,11664500000
findling-cpu 1791106763,8656981651,4653578,3428894,11669510000
findling-cpu 1791106768,8662118166,4655577,3430330,11674530000
findling-cpu 1791106773,8667374913,4657576,3431720,11679540000
findling-cpu 1791106778,8672450868,4659575,3433168,11684560000
findling-cpu 1791106783,8677564817,4661572,3434542,11689570000
findling-cpu 1791106788,8682941938,4663572,3435838,11694580000
findling-cpu 1791106793,8688313873,4665573,3437240,11699600000
findling-cpu 1791106798,8693345816,4667571,3438696,11704610000
findling-cpu 1791106803,8698617113,4669567,3440081,11709630000
findling-cpu 1791106808,8703834798,4671567,3441510,11714640000
findling-cpu 1791106813,8709041234,4673566,3442925,11719650000
findling-cpu 1791106818,8714304996,4675566,3444313,11724670000
findling-cpu 1791106823,8719590978,4677565,3445739,11729680000
findling-cpu 1791106828,8724497953,4679564,3447199,11734700000
findling-cpu 1791106833,8729807611,4681559,3448571,11739710000
findling-cpu 1791106838,8735034319,4683559,3449963,11744720000
findling-cpu 1791106843,8740218161,4685555,3451378,11749740000
findling-cpu 1791106848,8745377465,4687557,3452810,11754750000
findling-cpu 1791106853,8750663796,4689556,3454235,11759760000
findling-cpu 1791106858,8755587328,4691557,3455690,11764780000
findling-cpu 1791106863,8760831677,4693553,3457080,11769790000
findling-cpu 1791106868,8766031418,4695552,3458509,11774800000
findling-cpu 1791106873,8771418355,4697553,3459900,11779820000
findling-cpu 1791106878,8776709083,4699552,3461278,11784830000
findling-cpu 1791106883,8781781986,4701550,3462727,11789850000
findling-cpu 1791106888,8786939025,4703552,3464159,11794860000
findling-cpu 1791106893,8792134833,4705549,3465554,11799870000
findling-cpu 1791106898,8797374596,4707548,3466976,11804890000
findling-cpu 1791106903,8802643341,4709548,3468387,11809900000
findling-cpu 1791106908,8807711034,4711545,3469655,11814910000
findling-cpu 1791106913,8812825233,4713544,3471106,11819930000
findling-cpu 1791106918,8817940516,4715546,3472531,11824940000
findling-cpu 1791106923,8823094753,4717542,3473930,11829950000
findling-cpu 1791106928,8828454530,4719542,3475331,11834970000
findling-cpu 1791106933,8833620010,4721541,3476758,11839980000
findling-cpu 1791106938,8838875610,4723543,3478170,11844990000
findling-cpu 1791106943,8844078027,4725541,3479563,11850010000
findling-cpu 1791106948,8849174781,4727541,3481027,11855020000
findling-cpu 1791106953,8854250356,4729539,3482455,11860030000
findling-cpu 1791106958,8859425362,4731538,3483866,11865050000
findling-cpu 1791106963,8864715989,4733538,3485274,11870060000
findling-cpu 1791106968,8869812308,4735536,3486740,11875070000
findling-cpu 1791106973,8874927118,4737536,3488189,11880090000
findling-cpu 1791106978,8880039669,4739536,3489650,11885100000
findling-cpu 1791106983,8885155115,4741536,3491080,11890110000
findling-cpu 1791106988,8890210100,4743532,3492507,11895130000
findling-cpu 1791106993,8895381870,4745530,3493931,11900140000
findling-cpu 1791106998,8900816196,4747530,3495320,11905160000
findling-cpu 1791107004,8905931169,4749528,3496741,11910170000
findling-cpu 1791107009,8911027058,4751527,3498207,11915180000
findling-cpu 1791107014,8916141664,4753525,3499638,11920200000
findling-cpu 1791107019,8921253047,4755524,3501093,11925210000
findling-cpu 1791107024,8926366799,4757523,3502545,11930220000
findling-cpu 1791107029,8931572189,4759522,3503774,11935240000
findling-cpu 1791107034,8936646889,4761520,3505223,11940250000
findling-cpu 1791107039,8941875907,4763519,3506645,11945260000
findling-cpu 1791107044,8947132102,4765513,3508032,11950280000
findling-cpu 1791107049,8952319007,4767514,3509457,11955290000
findling-cpu 1791107054,8957435190,4769513,3510908,11960300000
findling-cpu 1791107059,8962551703,4771511,3512367,11965320000
findling-cpu 1791107064,8967664144,4773508,3513788,11970330000
findling-cpu 1791107069,8972758007,4775510,3515255,11975340000
findling-cpu 1791107074,8977870344,4777507,3516684,11980360000
findling-cpu 1791107079,8982995087,4779507,3518125,11985370000
findling-cpu 1791107084,8988108462,4781505,3519577,11990390000
findling-cpu 1791107089,8993164411,4783506,3521041,11995400000
findling-cpu 1791107094,8998393339,4785505,3522459,12000410000
findling-cpu 1791107099,9003651733,4787504,3523877,12005430000
findling-cpu 1791107104,9008993088,4789498,3525249,12010440000
findling-cpu 1791107109,9014056469,4791497,3526709,12015450000
findling-cpu 1791107114,9019273531,4793497,3528123,12020470000
findling-cpu 1791107119,9024451436,4795495,3529549,12025480000
findling-cpu 1791107124,9029750910,4797493,3530926,12030490000
findling-cpu 1791107129,9034908611,4799493,3532359,12035510000
findling-cpu 1791107134,9040033234,4801490,3533759,12040520000
findling-cpu 1791107139,9045095189,4803488,3535212,12045530000
findling-cpu 1791107144,9050358761,4805488,3536621,12050550000
findling-cpu 1791107149,9055695078,4807485,3537928,12055560000
findling-cpu 1791107154,9060938930,4809484,3539253,12060570000
findling-cpu 1791107159,9066014774,4811484,3540705,12065590000
findling-cpu 1791107164,9071122575,4813483,3542137,12070600000
findling-cpu 1791107169,9076227469,4815483,3543598,12075620000
findling-cpu 1791107174,9081340268,4817482,3545050,12080630000
findling-cpu 1791107179,9086549489,4819479,3546452,12085640000
findling-cpu 1791107184,9091717532,4821474,3547823,12090660000
findling-cpu 1791107189,9096991062,4823474,3549216,12095670000
findling-cpu 1791107194,9102244086,4825471,3550563,12100680000
findling-cpu 1791107199,9107374704,4827468,3551939,12105700000
findling-cpu 1791107204,9112542988,4829463,3553321,12110710000
findling-cpu 1791107209,9117775582,4831465,3554704,12115730000
findling-cpu 1791107214,9123070325,4833461,3556080,12120740000
findling-cpu 1791107219,9128486906,4835461,3557399,12125750000
findling-cpu 1791107224,9133749895,4837456,3558756,12130770000
findling-cpu 1791107229,9138878388,4839452,3560160,12135780000
findling-cpu 1791107234,9144163084,4841450,3561526,12140790000
findling-cpu 1791107239,9149449812,4843448,3562907,12145810000
findling-cpu 1791107244,9154711718,4845446,3564253,12150820000
findling-cpu 1791107249,9159934791,4847443,3565640,12155830000
findling-cpu 1791107254,9165137524,4849436,3566992,12160850000
findling-cpu 1791107259,9170256399,4851435,3568401,12165860000
findling-cpu 1791107264,9175681836,4853432,3569749,12170870000
findling-cpu 1791107269,9180915402,4855429,3571128,12175890000
findling-cpu 1791107274,9186207931,4857425,3572308,12180900000
findling-cpu 1791107279,9191484333,4859425,3573671,12185920000
findling-cpu 1791107284,9196626791,4861421,3575069,12190930000
findling-cpu 1791107289,9201789427,4863421,3576441,12195940000
findling-cpu 1791107294,9206957755,4865418,3577848,12200960000
findling-cpu 1791107299,9212130168,4867416,3579266,12205970000
findling-cpu 1791107304,9217240696,4869416,3580699,12210990000
findling-cpu 1791107309,9222354318,4871415,3582128,12216000000
findling-cpu 1791107314,9227468587,4873412,3583556,12221010000
findling-cpu 1791107319,9232591627,4875412,3584997,12226030000
findling-cpu 1791107324,9237688414,4877414,3586457,12231040000
findling-cpu 1791107329,9242802395,4879413,3587916,12236050000
findling-cpu 1791107334,9247916832,4881412,3589368,12241070000
findling-cpu 1791107339,9253029894,4883412,3590826,12246080000
findling-cpu 1791107344,9258256437,4885409,3592228,12251100000
findling-cpu 1791107349,9263289930,4887406,3593679,12256110000
findling-cpu 1791107354,9268524016,4889407,3595093,12261120000
findling-cpu 1791107359,9273639521,4891404,3596526,12266140000
findling-cpu 1791107364,9278918078,4893403,3597938,12271150000
findling-cpu 1791107370,9284132300,4895402,3599328,12276160000
findling-cpu 1791107375,9289459577,4897398,3600726,12281180000
findling-cpu 1791107380,9294412016,4899399,3602179,12286190000
findling-cpu 1791107385,9299690347,4901398,3603595,12291210000
findling-cpu 1791107390,9304805727,4903400,3605054,12296220000
findling-cpu 1791107395,9310085524,4905398,3606292,12301230000
findling-cpu 1791107400,9315174286,4907398,3607727,12306250000
findling-cpu 1791107405,9320270996,4909394,3609158,12311260000
findling-cpu 1791107410,9325383878,4911394,3610616,12316280000
findling-cpu 1791107415,9330499321,4913394,3612068,12321290000
findling-cpu 1791107420,9335610703,4915395,3613528,12326300000
findling-cpu 1791107425,9340707339,4917395,3614987,12331320000
findling-cpu 1791107430,9345962123,4919395,3616375,12336330000
findling-cpu 1791107435,9351214823,4921390,3617758,12341340000
findling-cpu 1791107440,9356298177,4923388,3619202,12346360000
findling-cpu 1791107445,9361600076,4925391,3620607,12351370000
findling-cpu 1791107450,9366815959,4927389,3622029,12356380000
findling-cpu 1791107455,9372016983,4929386,3623450,12361400000
findling-cpu 1791107460,9377228006,4931388,3624874,12366410000
findling-cpu 1791107465,9382394334,4933384,3626270,12371430000
findling-cpu 1791107470,9387466051,4935384,3627727,12376440000
findling-cpu 1791107475,9392629568,4937384,3629148,12381450000
findling-cpu 1791107480,9397809213,4939385,3630575,12386470000
findling-cpu 1791107485,9403251174,4941383,3631972,12391480000
findling-cpu 1791107490,9408428725,4943381,3633366,12396490000
findling-cpu 1791107495,9413637938,4945381,3634754,12401510000
findling-cpu 1791107500,9418710357,4947380,3636211,12406520000
findling-cpu 1791107505,9423942263,4949381,3637627,12411530000
findling-cpu 1791107510,9429180392,4951379,3639044,12416550000
findling-cpu 1791107515,9434355382,4953377,3640337,12421560000
findling-cpu 1791107520,9438866208,4955376,3641723,12426580000
findling-cpu 1791107525,9438946324,4957372,3643656,12431590000
findling-cpu 1791107530,9439043235,4959371,3645617,12436600000
findling-cpu 1791107535,9439147246,4961369,3647560,12441620000
findling-cpu 1791107540,9439244481,4963368,3649520,12446630000
findling-cpu 1791107545,9439323820,4965369,3651479,12451640000
findling-cpu 1791107550,9439422314,4967368,3653410,12456660000
findling-cpu 1791107555,9439520590,4969364,3655337,12461670000
findling-cpu 1791107560,9439625188,4971363,3657266,12466680000
findling-cpu 1791107565,9439719120,4973363,3659211,12471700000
findling-cpu 1791107570,9439814410,4975362,3661174,12476710000
findling-cpu 1791107575,9439912041,4977361,3663128,12481730000
findling-cpu 1791107580,9440009422,4979360,3665088,12486740000
findling-cpu 1791107585,9440107460,4981356,3667014,12491750000
findling-cpu 1791107590,9440186321,4983356,3668981,12496770000
findling-cpu 1791107595,9440284687,4985354,3670902,12501780000
findling-cpu 1791107600,9440389463,4987355,3672857,12506790000
findling-cpu 1791107605,9440487308,4989352,3674809,12511810000
findling-cpu 1791107610,9440567545,4991352,3676748,12516820000
findling-cpu 1791107615,9440665094,4993347,3678674,12521830000
findling-cpu 1791107620,9440762769,4995344,3680634,12526850000
findling-cpu 1791107625,9440871662,4997343,3682576,12531860000
findling-cpu 1791107630,9440951178,4999343,3684544,12536870000
findling-cpu 1791107635,9441048672,5001340,3686497,12541890000
findling-cpu 1791107640,9441160790,5003339,3688265,12546900000
findling-cpu 1791107645,9441258624,5005334,3690190,12551920000
findling-cpu 1791107650,9441337232,5007335,3692158,12556930000
findling-cpu 1791107655,9441435370,5009334,3694113,12561940000
findling-cpu 1791107660,9441532422,5011333,3696074,12566960000
findling-cpu 1791107665,9441630132,5013331,3698026,12571970000
findling-cpu 1791107670,9441709988,5015330,3699995,12576980000
findling-cpu 1791107675,9441807655,5017325,3701891,12582000000
findling-cpu 1791107680,9441911173,5019322,3703840,12587010000
findling-cpu 1791107685,9442009064,5021320,3705794,12592020000
findling-cpu 1791107690,9442087746,5023319,3707761,12597040000
findling-cpu 1791107695,9442184444,5025319,3709715,12602050000
findling-cpu 1791107700,9442281899,5027320,3711675,12607070000
findling-cpu 1791107705,9442380141,5029314,3713600,12612080000
findling-cpu 1791107710,9442460507,5031314,3715563,12617090000
findling-cpu 1791107715,9442557330,5033313,3717521,12622110000
findling-cpu 1791107720,9442654334,5035313,3719482,12627120000
findling-cpu 1791107725,9442751536,5037311,3721434,12632130000
findling-cpu 1791107730,9442845226,5039312,3723397,12637150000
findling-cpu 1791107735,9442928270,5041306,3725301,12642160000
findling-cpu 1791107741,9443024948,5043306,3727262,12647180000
findling-cpu 1791107746,9443134281,5045302,3729203,12652190000
findling-cpu 1791107751,9443233058,5047303,3731163,12657200000
findling-cpu 1791107756,9443312420,5049299,3733121,12662220000
findling-cpu 1791107761,9443426236,5051298,3734890,12667230000
findling-cpu 1791107766,9443523987,5053293,3736816,12672240000
findling-cpu 1791107771,9443620952,5055292,3738776,12677260000
findling-cpu 1791107776,9443701287,5057291,3740737,12682270000
findling-cpu 1791107781,9443798644,5059293,3742697,12687280000
findling-cpu 1791107786,9443895464,5061292,3744651,12692300000
findling-cpu 1791107791,9443993704,5063291,3746611,12697310000
findling-cpu 1791107796,9444072643,5065287,3748514,12702330000
findling-cpu 1791107801,9444176337,5067284,3750463,12707340000
findling-cpu 1791107806,9444274868,5069283,3752416,12712350000
findling-cpu 1791107811,9444371850,5071281,3754376,12717370000
findling-cpu 1791107816,9444451269,5073279,3756336,12722380000
findling-cpu 1791107821,9444549614,5075277,3758253,12727390000
findling-cpu 1791107826,9444646893,5077271,3760179,12732410000
findling-cpu 1791107831,9444744815,5079271,3762139,12737420000
findling-cpu 1791107836,9444825199,5081270,3764099,12742440000
findling-cpu 1791107841,9444922824,5083269,3766060,12747450000
findling-cpu 1791107846,9445020125,5085265,3768013,12752460000
findling-cpu 1791107851,9445118122,5087264,3769974,12757480000
findling-cpu 1791107856,9445197872,5089260,3771878,12762490000
findling-cpu 1791107861,9445294423,5091259,3773838,12767500000
findling-cpu 1791107866,9445404176,5093256,3775778,12772520000
findling-cpu 1791107871,9445501536,5095253,3777738,12777530000
findling-cpu 1791107876,9445580877,5097254,3779699,12782540000
findling-cpu summary samples=1935 mean_cores=0.974 max_cores=1.303 reason=signal
