findling-rss timestamp,anon,file,slab,current,peak
findling-rss 1788542982,61591552,2621440,726128,65425408,98615296
findling-rss 1788542987,61591552,2621440,726128,65425408,98615296
findling-rss 1788542992,61591552,2621440,725856,65425408,98615296
findling-rss 1788542997,61591552,2621440,725856,65425408,98615296
findling-rss 1788543002,61591552,2621440,725856,65425408,98615296
findling-rss 1788543007,61591552,2621440,725856,65425408,98615296
findling-rss 1788543012,61591552,2621440,725856,65425408,98615296
findling-rss 1788543017,61591552,2621440,725856,65425408,98615296
findling-rss 1788543022,61591552,2621440,725856,65425408,98615296
findling-rss 1788543027,61591552,2621440,725856,65425408,98615296
findling-rss 1788543032,61591552,2621440,725584,65425408,98615296
findling-rss 1788543037,61591552,2621440,725584,65425408,98615296
findling-rss 1788543042,61591552,2621440,725584,65425408,98615296
findling-rss 1788543047,61591552,2621440,725584,65425408,98615296
findling-rss 1788543052,61591552,2621440,725584,65425408,98615296
findling-rss 1788543057,61591552,2621440,725584,65425408,98615296
findling-rss 1788543062,61591552,2621440,725584,65425408,98615296
findling-rss 1788543067,61591552,2621440,725584,65425408,98615296
findling-rss 1788543072,61591552,2621440,725584,65425408,98615296
findling-rss 1788543077,61591552,2621440,725584,65425408,98615296
findling-rss 1788543082,61591552,2621440,725584,65425408,98615296
findling-rss 1788543087,61591552,2621440,725584,65425408,98615296
findling-rss 1788543092,61591552,2621440,725584,65425408,98615296
findling-rss 1788543097,61591552,2621440,725584,65425408,98615296
findling-rss 1788543102,61591552,2621440,725584,65425408,98615296
findling-rss 1788543107,61591552,2621440,725584,65425408,98615296
findling-rss 1788543112,61591552,2621440,725584,65425408,98615296
findling-rss 1788543117,61591552,2621440,725584,65425408,98615296
findling-rss 1788543122,61591552,2621440,725584,65425408,98615296
findling-rss 1788543127,61591552,2621440,725584,65425408,98615296
findling-rss 1788543132,61591552,2621440,725584,65425408,98615296
findling-rss 1788543137,61591552,2621440,725584,65425408,98615296
findling-rss 1788543142,61591552,2621440,725584,65425408,98615296
findling-rss 1788543147,61591552,2621440,725584,65425408,98615296
findling-rss 1788543152,61591552,2621440,725584,65425408,98615296
findling-rss 1788543157,61591552,2621440,725584,65425408,98615296
findling-rss 1788543162,61591552,2621440,725584,65425408,98615296
findling-rss 1788543167,61698048,2650112,729496,65884160,98615296
findling-rss 1788543172,61739008,2650112,729496,65605632,98615296
findling-rss 1788543177,61739008,2650112,729496,65605632,98615296
findling-rss 1788543182,61739008,2650112,729496,65867776,98615296
findling-rss 1788543187,61739008,2650112,725720,65609728,98615296
findling-rss 1788543192,61739008,2650112,725720,65605632,98615296
findling-rss 1788543197,61739008,2650112,725584,65601536,98615296
findling-rss 1788543202,61739008,2650112,725584,65601536,98615296
findling-rss 1788543207,61739008,2650112,725584,65601536,98615296
findling-rss 1788543212,61739008,2650112,725584,65601536,98615296
findling-rss 1788543217,61739008,2650112,725584,65601536,98615296
findling-rss 1788543222,61739008,2650112,725584,65601536,98615296
findling-rss 1788543227,61739008,2650112,725584,65601536,98615296
findling-rss 1788543232,61739008,2650112,725584,65601536,98615296
findling-rss 1788543237,61739008,2650112,729496,65798144,98615296
findling-rss 1788543242,61739008,2650112,725720,65601536,98615296
findling-rss 1788543247,61739008,2650112,725720,65601536,98615296
findling-rss 1788543252,61739008,2650112,725720,65601536,98615296
findling-rss 1788543257,61739008,2650112,725584,65601536,98615296
findling-rss 1788543262,61739008,2650112,725584,65601536,98615296
findling-rss 1788543267,61739008,2650112,725584,65601536,98615296
findling-rss 1788543272,61739008,2650112,725584,65601536,98615296
findling-rss 1788543277,61739008,2650112,725584,65601536,98615296
findling-rss 1788543282,61739008,2650112,725584,65601536,98615296
findling-rss 1788543287,61739008,2650112,725584,65601536,98615296
findling-rss 1788543292,61739008,2650112,725584,65601536,98615296
findling-rss 1788543297,61739008,2650112,725584,65601536,98615296
findling-rss 1788543302,61739008,2650112,725584,65601536,98615296
findling-rss 1788543307,61739008,2650112,725584,65601536,98615296
findling-rss 1788543312,61739008,2650112,725584,65601536,98615296
findling-rss 1788543317,61739008,2650112,725584,65601536,98615296
findling-rss 1788543322,61739008,2650112,725584,65601536,98615296
findling-rss 1788543327,61739008,2650112,725584,65601536,98615296
findling-rss 1788543332,61739008,2650112,725584,65601536,98615296
findling-rss 1788543337,61739008,2650112,725584,65601536,98615296
findling-rss 1788543342,61739008,2650112,725584,65601536,98615296
findling-rss 1788543347,61739008,2650112,725584,65601536,98615296
findling-rss 1788543352,61739008,2650112,725584,65601536,98615296
findling-rss 1788543357,61739008,2650112,725584,65601536,98615296
findling-rss 1788543362,61739008,2650112,725584,65601536,98615296
findling-rss 1788543367,61739008,2650112,725584,65601536,98615296
findling-rss 1788543372,61739008,2650112,725584,65601536,98615296
findling-rss 1788543377,61739008,2650112,725584,65601536,98615296
findling-rss 1788543382,61739008,2650112,725584,65601536,98615296
findling-rss 1788543387,61739008,2650112,725584,65601536,98615296
findling-rss 1788543392,61739008,2650112,725584,65601536,98615296
findling-rss 1788543397,61739008,2650112,725584,65601536,98615296
findling-rss 1788543402,61739008,2650112,725584,65601536,98615296
findling-rss 1788543407,61739008,2650112,725584,65601536,98615296
findling-rss 1788543412,61739008,2650112,725584,65601536,98615296
findling-rss 1788543417,61739008,2650112,725584,65601536,98615296
findling-rss 1788543422,61739008,2650112,725584,65601536,98615296
findling-rss 1788543427,61739008,2650112,725584,65601536,98615296
findling-rss 1788543432,61739008,2650112,725584,65601536,98615296
findling-rss 1788543437,61739008,2650112,725584,65601536,98615296
findling-rss 1788543442,61739008,2650112,725584,65601536,98615296
findling-rss 1788543447,61739008,2650112,725584,65601536,98615296
findling-rss 1788543452,61739008,2650112,725584,65601536,98615296
findling-rss 1788543457,61739008,2650112,725584,65601536,98615296
findling-rss 1788543462,61739008,2650112,725584,65601536,98615296
findling-rss 1788543467,61739008,2650112,725584,65601536,98615296
findling-rss 1788543472,61739008,2650112,725584,65601536,98615296
findling-rss 1788543477,61739008,2650112,725584,65601536,98615296
findling-rss 1788543482,61739008,2650112,725584,65601536,98615296
findling-rss 1788543487,61739008,2650112,725584,65601536,98615296
findling-rss 1788543492,61739008,2650112,725584,65601536,98615296
findling-rss 1788543497,61739008,2650112,725584,65601536,98615296
findling-rss 1788543502,61739008,2650112,725584,65601536,98615296
findling-rss 1788543507,61739008,2650112,725584,65601536,98615296
findling-rss 1788543512,61739008,2650112,725584,65601536,98615296
findling-rss 1788543517,61739008,2650112,725584,65601536,98615296
findling-rss 1788543522,61739008,2650112,725584,65601536,98615296
findling-rss 1788543527,61739008,2650112,725584,65601536,98615296
findling-rss 1788543532,61739008,2650112,725584,65601536,98615296
findling-rss 1788543537,61739008,2650112,729496,65605632,98615296
findling-rss 1788543543,61739008,2650112,725720,65863680,98615296
findling-rss 1788543548,61739008,2650112,725720,65863680,98615296
findling-rss 1788543553,61739008,2650112,725720,65605632,98615296
findling-rss 1788543558,61739008,2650112,725584,65601536,98615296
findling-rss 1788543563,61739008,2650112,725584,65601536,98615296
findling-rss 1788543568,61739008,2650112,725584,65601536,98615296
findling-rss 1788543573,61739008,2650112,725584,65601536,98615296
findling-rss 1788543578,61739008,2650112,725584,65601536,98615296
findling-rss 1788543583,61739008,2650112,725584,65601536,98615296
findling-rss 1788543588,61739008,2650112,725584,65601536,98615296
findling-rss 1788543593,61739008,2650112,725584,65601536,98615296
findling-rss 1788543598,61739008,2650112,725584,65601536,98615296
findling-rss 1788543603,61739008,2650112,725584,65601536,98615296
findling-rss 1788543608,61739008,2650112,725584,65601536,98615296
findling-rss 1788543613,61739008,2650112,725584,65601536,98615296
findling-rss 1788543618,61739008,2650112,725584,65601536,98615296
findling-rss 1788543623,61739008,2650112,725584,65601536,98615296
findling-rss 1788543628,61739008,2650112,725584,65601536,98615296
findling-rss 1788543633,61739008,2650112,725584,65601536,98615296
findling-rss 1788543638,61739008,2650112,725584,65601536,98615296
findling-rss 1788543643,61739008,2650112,725584,65601536,98615296
findling-rss 1788543648,61739008,2650112,725584,65601536,98615296
findling-rss 1788543653,61739008,2650112,725584,65601536,98615296
findling-rss 1788543658,61739008,2650112,725584,65601536,98615296
findling-rss 1788543663,61739008,2650112,725584,65601536,98615296
findling-rss 1788543668,61739008,2650112,725584,65601536,98615296
findling-rss 1788543673,61739008,2650112,725584,65601536,98615296
findling-rss 1788543678,61739008,2650112,725584,65601536,98615296
findling-rss 1788543683,61739008,2650112,725584,65601536,98615296
findling-rss 1788543688,61739008,2650112,725584,65601536,98615296
findling-rss 1788543693,61739008,2650112,725584,65601536,98615296
findling-rss 1788543698,61739008,2650112,725584,65601536,98615296
findling-rss 1788543703,61739008,2650112,725584,65601536,98615296
findling-rss 1788543708,61739008,2650112,725584,65601536,98615296
findling-rss 1788543713,61739008,2650112,725584,65601536,98615296
findling-rss 1788543718,61739008,2650112,725584,65601536,98615296
findling-rss 1788543723,61739008,2650112,725584,65601536,98615296
findling-rss 1788543728,61739008,2650112,725584,65601536,98615296
findling-rss 1788543733,61739008,2650112,725584,65601536,98615296
findling-rss 1788543738,61739008,2650112,725584,65601536,98615296
findling-rss 1788543743,61739008,2650112,725584,65601536,98615296
findling-rss 1788543748,61739008,2650112,725584,65601536,98615296
findling-rss 1788543753,61739008,2650112,725584,65601536,98615296
findling-rss 1788543758,61739008,2650112,725584,65601536,98615296
findling-rss 1788543763,61739008,2650112,725584,65601536,98615296
findling-rss 1788543768,61739008,2650112,725584,65601536,98615296
findling-rss 1788543773,61739008,2650112,725584,65601536,98615296
findling-rss 1788543778,61739008,2650112,725584,65601536,98615296
findling-rss 1788543783,61739008,2650112,725584,65601536,98615296
findling-rss 1788543788,61739008,2650112,725584,65601536,98615296
findling-rss 1788543793,61739008,2650112,725584,65601536,98615296
findling-rss 1788543798,61739008,2650112,725584,65601536,98615296
findling-rss 1788543803,61739008,2650112,725584,65601536,98615296
findling-rss 1788543808,61739008,2650112,725584,65601536,98615296
findling-rss 1788543813,61739008,2650112,725584,65601536,98615296
findling-rss 1788543818,61739008,2650112,725584,65601536,98615296
findling-rss 1788543823,61739008,2650112,725584,65601536,98615296
findling-rss 1788543828,61739008,2650112,725584,65601536,98615296
findling-rss 1788543833,61739008,2650112,725584,65601536,98615296
findling-rss 1788543838,61739008,2650112,729496,65605632,98615296
findling-rss 1788543843,61739008,2650112,725720,65867776,98615296
findling-rss 1788543848,61739008,2650112,725584,65601536,98615296
findling-rss 1788543853,61739008,2650112,725584,65601536,98615296
findling-rss 1788543858,61739008,2650112,725584,65601536,98615296
findling-rss 1788543863,61739008,2650112,725584,65601536,98615296
findling-rss 1788543868,61739008,2650112,725584,65601536,98615296
findling-rss 1788543873,61739008,2650112,725584,65601536,98615296
findling-rss 1788543878,61739008,2650112,725584,65601536,98615296
findling-rss 1788543883,61739008,2650112,725584,65601536,98615296
findling-rss 1788543888,61739008,2650112,725584,65601536,98615296
findling-rss 1788543893,61739008,2650112,725584,65601536,98615296
findling-rss 1788543898,61739008,2650112,725584,65601536,98615296
findling-rss 1788543903,61739008,2650112,725584,65601536,98615296
findling-rss 1788543908,61739008,2650112,725584,65601536,98615296
findling-rss 1788543913,61739008,2650112,725584,65601536,98615296
findling-rss 1788543918,61739008,2650112,725584,65601536,98615296
findling-rss 1788543923,61739008,2650112,725584,65601536,98615296
findling-rss 1788543928,61739008,2650112,725584,65601536,98615296
findling-rss 1788543933,61739008,2650112,725584,65601536,98615296
findling-rss 1788543938,61739008,2650112,734288,65609728,98615296
findling-rss 1788543943,61739008,2650112,734288,65609728,98615296
findling-rss 1788543948,61739008,2650112,734288,65609728,98615296
findling-rss 1788543953,61739008,2650112,734288,65609728,98615296
findling-rss 1788543958,61739008,2650112,734288,65609728,98615296
findling-rss 1788543963,61739008,2650112,734288,65609728,98615296
findling-rss 1788543968,61739008,2650112,734288,65609728,98615296
findling-rss 1788543973,61739008,2650112,734288,65609728,98615296
findling-rss 1788543978,61739008,2650112,734288,65609728,98615296
findling-rss 1788543983,61739008,2650112,734288,65609728,98615296
findling-rss timestamp,anon,file,slab,current,peak
findling-rss 1788544077,219537408,51544064,5996424,278458368,293691392
findling-rss 1788544082,222363648,52465664,6061464,282443776,293691392
findling-rss 1788544087,215715840,53026816,6211112,277106688,293691392
findling-rss 1788544092,216969216,53907456,6310320,278605824,293691392
findling-rss 1788544097,217825280,54439936,6285920,280272896,297164800
findling-rss 1788544102,213331968,55013376,6431920,276398080,297164800
findling-rss 1788544107,218877952,56008704,6498400,282886144,297164800
findling-rss 1788544112,218107904,57008128,6565928,283324416,297164800
findling-rss 1788544117,218345472,57573376,6531104,284188672,301793280
findling-rss 1788544122,216592384,58482688,6701784,283578368,301793280
findling-rss 1788544127,219648000,59580416,6809632,287674368,301793280
findling-rss 1788544132,220413952,60616704,6860224,289460224,301793280
findling-rss 1788544137,209809408,61177856,6944456,279457792,315506688
findling-rss 1788544142,217579520,62066688,7044048,288477184,315506688
findling-rss 1788544147,220004352,62951424,7106672,291561472,315506688
findling-rss 1788544152,218832896,64282624,7183616,292057088,315506688
findling-rss 1788544157,214134784,64253952,7227496,287240192,315506688
findling-rss 1788544162,217247744,65253376,7335816,291356672,315506688
findling-rss 1788544167,220049408,66285568,7403768,295337984,315506688
findling-rss 1788544172,213876736,66908160,7553288,290021376,315506688
findling-rss 1788544177,218968064,67985408,7530288,296497152,323862528
findling-rss 1788544182,219303936,69279744,7599576,297652224,323862528
findling-rss 1788544187,215314432,70012928,7697352,294776832,323862528
findling-rss 1788544192,215965696,74022912,7843896,299810816,323862528
findling-rss 1788544197,219836416,74366976,7844912,303423488,335351808
findling-rss 1788544202,222412800,73199616,7201200,304283648,335351808
findling-rss 1788544207,179347456,62750720,7101840,250437632,335351808
findling-rss 1788544212,216309760,53223424,6752816,278269952,335351808
findling-rss 1788544217,219639808,77422592,6647240,305397760,341872640
findling-rss 1788544222,223129600,79028224,6738664,310620160,341872640
findling-rss 1788544227,215515136,82948096,7013016,307052544,341872640
findling-rss 1788544232,214302720,84013056,7091056,306900992,341872640
findling-rss 1788544237,220581888,84844544,6923848,314003456,354258944
findling-rss 1788544242,144052224,86077440,6881840,239235072,354258944
findling-rss 1788544247,215515136,86626304,7155152,310964224,354258944
findling-rss 1788544252,218562560,87678976,7224040,314851328,354258944
findling-rss 1788544257,215396352,88678400,7438008,313290752,357646336
findling-rss 1788544262,212836352,89305088,7584016,311357440,357646336
findling-rss 1788544267,214511616,90284032,7650792,313856000,357646336
findling-rss 1788544272,219168768,91217920,7716168,319647744,357646336
findling-rss 1788544277,219299840,91918336,7366856,320389120,368959488
findling-rss 1788544282,216539136,93007872,7516576,318812160,368959488
findling-rss 1788544287,216178688,94109696,7627816,319598592,368959488
findling-rss 1788544292,220610560,95170560,7701440,325070848,368959488
findling-rss 1788544297,213176320,96272384,8090512,317874176,377368576
findling-rss 1788544302,222031872,96714752,8125112,329011200,377368576
findling-rss 1788544307,222887936,95723520,8168904,328462336,377368576
findling-rss 1788544312,222928896,96743424,8236760,329605120,377368576
findling-rss 1788544317,218136576,98680832,8273472,326541312,377368576
findling-rss 1788544322,216854528,99655680,8340472,326594560,377368576
findling-rss 1788544327,219983872,100237312,8406504,330014720,377368576
findling-rss 1788544332,212811776,100900864,8555272,323747840,377368576
findling-rss 1788544337,217755648,101969920,8432304,329830400,382230528
findling-rss 1788544342,221507584,102551552,8527472,334262272,382230528
findling-rss 1788544347,221966336,100704256,8517376,332972032,382230528
findling-rss 1788544352,215273472,101527552,8709000,327053312,382230528
findling-rss 1788544357,219504640,104607744,8945224,334725120,395071488
findling-rss 1788544362,221466624,106070016,9025816,338206720,395071488
findling-rss 1788544368,210186240,105992192,9152176,326696960,395071488
findling-rss 1788544373,216895488,107319296,9271640,335147008,395071488
findling-rss 1788544378,222498816,106618880,9127776,339681280,401358848
findling-rss 1788544383,223363072,108384256,9219240,342609920,401358848
findling-rss 1788544388,216412160,109912064,9380552,337293312,401358848
findling-rss 1788544393,215310336,109043712,9410080,335437824,401358848
findling-rss 1788544398,221224960,112168960,9310624,344489984,408977408
findling-rss 1788544403,199413760,113074176,9458096,323481600,408977408
findling-rss 1788544408,218050560,113242112,9563064,342577152,408977408
findling-rss 1788544413,220114944,184496128,11651200,417812480,417812480
findling-rss 1788544418,226177024,115482624,9396464,353361920,419422208
findling-rss 1788544423,215392256,116654080,9569024,343244800,419422208
findling-rss 1788544428,218652672,116359168,9639808,346198016,419422208
findling-rss 1788544433,220311552,117231616,10124720,349151232,423940096
findling-rss 1788544438,174026752,119250944,10069216,303505408,423940096
findling-rss 1788544443,220868608,119848960,10225264,352571392,423940096
findling-rss 1788544448,223158272,119316480,10287104,354541568,423940096
findling-rss 1788544453,222220288,123174912,10450336,357453824,434421760
findling-rss 1788544458,217870336,122519552,10384760,352436224,434421760
findling-rss 1788544463,223965184,124207104,10471328,360202240,434421760
findling-rss 1788544468,229416960,125329408,10542160,367144960,434421760
findling-rss 1788544473,229801984,124854272,10733912,366985216,448004096
findling-rss 1788544478,224051200,125030400,10698728,361533440,448004096
findling-rss 1788544483,229494784,126877696,10827608,368787456,448004096
findling-rss 1788544488,227856384,128065536,10900432,368517120,448004096
findling-rss 1788544493,220467200,128700416,11050824,361938944,448004096
findling-rss 1788544498,226672640,128905216,11037560,368316416,448339968
findling-rss 1788544503,226471936,130387968,11122936,369561600,448339968
findling-rss 1788544508,229990400,131649536,11199160,374759424,448339968
findling-rss 1788544513,224223232,133656576,11344712,370712576,448339968
findling-rss 1788544518,229650432,132898816,11445640,375488512,458346496
findling-rss 1788544523,230014976,133853184,11511432,377044992,458346496
findling-rss 1788544528,223059968,133443584,11390040,369463296,458346496
findling-rss 1788544533,226861056,223350784,14135328,465969152,466350080
findling-rss 1788544538,231997440,136044544,11393704,380956672,468361216
findling-rss 1788544543,231981056,136892416,11468056,381812736,468361216
findling-rss 1788544548,223449088,137826304,11651784,374550528,468361216
findling-rss 1788544553,228933632,138543104,11900968,381054976,476848128
findling-rss 1788544558,227700736,138215424,11774592,379199488,476848128
findling-rss 1788544563,208441344,139063296,11899280,360841216,476848128
findling-rss 1788544568,226643968,140095488,12036480,380526592,476848128
findling-rss 1788544573,229707776,140980224,12224712,384585728,482353152
findling-rss 1788544578,227090432,142577664,12307504,383594496,482353152
findling-rss 1788544583,225087488,141742080,12416536,380686336,482353152
findling-rss 1788544588,228581376,140152832,12323528,382832640,482353152
findling-rss 1788544593,232087552,145006592,12197904,390352896,492572672
findling-rss 1788544598,172507136,146046976,12254784,332382208,492572672
findling-rss 1788544603,225206272,146378752,12446536,385826816,492572672
findling-rss 1788544608,226394112,145293312,12260648,385568768,492572672
findling-rss 1788544613,230801408,147484672,12168552,392310784,497143808
findling-rss 1788544618,223330304,149049344,12333224,386158592,497143808
findling-rss 1788544623,225939456,149733376,12399912,389771264,497143808
findling-rss 1788544628,231190528,150671360,12505264,396271616,497143808
findling-rss 1788544633,152440832,151040000,12762072,318562304,500785152
findling-rss 1788544638,225497088,152137728,13053712,392511488,500785152
findling-rss 1788544643,229187584,153186304,13159096,397176832,500785152
findling-rss 1788544648,227962880,153997312,13230040,396812288,500785152
findling-rss 1788544653,224899072,154599424,13617848,394665984,506404864
findling-rss 1788544658,227364864,155627520,13245064,397926400,506404864
findling-rss 1788544663,232734720,156692480,13185776,404385792,506404864
findling-rss 1788544668,231591936,157679616,13230832,404279296,506404864
findling-rss 1788544673,227053568,156413952,13392160,398577664,512417792
findling-rss 1788544678,233209856,157937664,13416608,406306816,512417792
findling-rss 1788544683,231391232,159592448,13501536,406347776,512417792
findling-rss 1788544688,220913664,157630464,13559664,393687040,512417792
findling-rss 1788544693,229945344,160907264,12928936,405250048,523063296
findling-rss 1788544698,229986304,161964032,12997400,406671360,523063296
findling-rss 1788544703,230002688,163000320,13066552,407674880,523063296
findling-rss 1788544708,223625216,163708928,13216024,402382848,523063296
findling-rss 1788544713,229044224,163733504,13562056,408072192,529518592
findling-rss 1788544718,232022016,165179392,13639640,412413952,529518592
findling-rss 1788544723,203653120,166666240,13780608,385097728,529518592
findling-rss 1788544728,230907904,166981632,13912984,413511680,529518592
findling-rss 1788544733,229285888,167485440,13809872,412155904,535080960
findling-rss 1788544738,230080512,170786816,13887752,416440320,535080960
findling-rss 1788544743,222003200,171655168,14014640,409456640,535080960
findling-rss 1788544748,226009088,172818432,14086264,414560256,535080960
findling-rss 1788544753,230760448,172863488,13545216,418844672,548790272
findling-rss 1788544758,183336960,174354432,13648192,371089408,548790272
findling-rss 1788544763,227688448,175316992,13821560,418480128,548790272
findling-rss 1788544768,226930688,176439296,13892928,418775040,548790272
findling-rss 1788544773,230764544,174940160,13556752,421036032,550604800
findling-rss 1788544778,227446784,176181248,13733280,419000320,550604800
findling-rss 1788544783,227667968,177754112,13815672,420892672,550604800
findling-rss 1788544788,231149568,178696192,13917040,425394176,550604800
findling-rss 1788544793,164339712,178171904,14395576,358449152,559575040
findling-rss 1788544798,227790848,178757632,14632480,423088128,559575040
findling-rss 1788544803,231456768,180224000,14754192,428036096,559575040
findling-rss 1788544808,232640512,178388992,14349720,426999808,559575040
findling-rss 1788544813,226476032,180920320,13877096,422981632,568954880
findling-rss 1788544818,228573184,181968896,13944656,426409984,568954880
findling-rss 1788544823,231342080,183312384,14023000,430415872,568954880
findling-rss 1788544828,231735296,184631296,14099344,432017408,568954880
findling-rss 1788544833,227983360,184791040,14136688,428642304,568958976
findling-rss 1788544838,230232064,185708544,14201384,431656960,568958976
findling-rss 1788544843,231247872,186642432,14265232,433823744,568958976
findling-rss 1788544848,212635648,187686912,14419672,416129024,568958976
findling-rss 1788544853,229105664,187748352,14499768,433242112,575651840
findling-rss 1788544859,232132608,188510208,14565576,436776960,575651840
findling-rss 1788544864,232013824,190054400,14649720,438419456,575651840
findling-rss 1788544869,227045376,191344640,14813520,434700288,575651840
findling-rss 1788544874,230113280,191488000,14941968,438439936,589021184
findling-rss 1788544879,231628800,192368640,15056504,440754176,589021184
findling-rss 1788544884,220266496,193531904,15245920,430080000,589021184
findling-rss 1788544889,270958592,220934144,15522904,508850176,589021184
findling-rss 1788544894,340533248,221245440,15532456,579489792,589021184
findling-rss 1788544899,341262336,220721152,15475760,579555328,731164672
findling-rss 1788544904,356818944,220766208,15470072,595152896,731164672
findling-rss 1788544909,360771584,220758016,15488216,599109632,731164672
findling-rss 1788544914,287821824,220819456,15502176,526012416,731164672
findling-rss 1788544919,355733504,220844032,15495088,593948672,731164672
findling-rss 1788544924,355962880,220852224,15511312,594620416,731164672
findling-rss 1788544929,276983808,220872704,15419592,515051520,731164672
findling-rss 1788544934,356499456,220909568,15519680,594931712,731164672
findling-rss 1788544939,359997440,220909568,15538432,598671360,731164672
findling-rss 1788544944,356982784,220966912,15531592,595570688,731164672
findling-rss 1788544949,225701888,220528640,15643368,464056320,731164672
findling-rss 1788544954,229515264,221675520,15711760,468713472,731164672
findling-rss 1788544959,232427520,222580736,15774416,472489984,731164672
findling-rss 1788544964,224366592,223195136,14820072,464072704,731164672
findling-rss 1788544969,229187584,220659712,15436584,466903040,731164672
findling-rss 1788544974,230514688,222597120,15568272,470331392,731164672
findling-rss 1788544979,153862144,224202752,14042424,392884224,731164672
findling-rss 1788544984,225935360,225017856,14315616,466944000,731164672
findling-rss 1788544989,230440960,225316864,14819720,472186880,731164672
findling-rss 1788544994,232591360,226508800,14894056,475594752,731164672
findling-rss 1788544999,225013760,227328000,15046448,468828160,731164672
findling-rss 1788545004,229748736,228286464,15113408,475033600,731164672
findling-rss 1788545009,230027264,229367808,15624264,476770304,731164672
findling-rss 1788545014,232136704,229863424,15715768,479424512,731164672
findling-rss 1788545019,227082240,230539264,15907744,475324416,731164672
findling-rss 1788545024,232341504,231530496,15974072,481738752,731164672
findling-rss 1788545029,233791488,231034880,15411920,482009088,731164672
findling-rss 1788545034,211877888,232468480,15568792,461504512,731164672
findling-rss 1788545039,228888576,236957696,15695416,483123200,731164672
findling-rss 1788545044,231616512,237744128,15764768,486727680,731164672
findling-rss 1788545049,230277120,238448640,15100368,485482496,731164672
findling-rss 1788545054,230268928,239194112,15252936,486293504,731164672
findling-rss 1788545059,226287616,240291840,15340688,483520512,731164672
findling-rss 1788545064,227315712,241537024,15424888,485945344,731164672
findling-rss 1788545069,174399488,240046080,15807840,431742976,731164672
findling-rss 1788545074,229625856,241545216,16046472,488574976,731164672
findling-rss 1788545079,231682048,242290688,15050864,490475520,731164672
findling-rss 1788545084,233279488,243560448,15122944,493682688,731164672
findling-rss 1788545089,223825920,241823744,14095984,481202176,731164672
findling-rss 1788545094,229638144,242810880,14204272,488259584,731164672
findling-rss 1788545099,230121472,243884032,14271520,489766912,731164672
findling-rss 1788545104,233058304,244883456,14318448,493924352,731164672
findling-rss 1788545109,228458496,245030912,14493808,489480192,731164672
findling-rss 1788545114,229572608,246652928,14578576,492466176,731164672
findling-rss 1788545119,230666240,247463936,14641240,494235648,731164672
findling-rss 1788545124,222756864,248508416,14802360,487436288,731164672
findling-rss 1788545129,322535424,245424128,14420992,584298496,731164672
findling-rss 1788545134,262053888,277561344,15212456,555065344,731164672
findling-rss 1788545139,356093952,248147968,15361912,621842432,791007232
findling-rss 1788545144,356122624,248180736,15356024,621977600,791007232
findling-rss 1788545149,358100992,248188928,15373664,623931392,791007232
findling-rss 1788545154,340779008,248225792,15386456,606527488,791007232
findling-rss 1788545159,357629952,248369152,15383008,623562752,791007232
findling-rss 1788545164,355840000,248369152,15400992,621977600,791007232
findling-rss 1788545169,304320512,248410112,14753712,569282560,791007232
findling-rss 1788545174,355663872,248438784,14748416,620933120,791007232
findling-rss 1788545179,355627008,248430592,14766128,620990464,791007232
findling-rss 1788545184,276512768,248532992,14674440,541323264,791007232
findling-rss 1788545189,355622912,248508416,15873768,621969408,791007232
findling-rss 1788545194,356249600,248500224,15896336,622968832,791007232
findling-rss 1788545199,357351424,248602624,15890656,624291840,791007232
findling-rss 1788545204,340799488,248705024,15171472,606650368,791007232
findling-rss 1788545209,358187008,248713216,15190160,624398336,791007232
findling-rss 1788545214,358240256,248811520,15185880,624410624,791007232
findling-rss 1788545219,305229824,248926208,15200720,571629568,791007232
findling-rss 1788545224,356179968,248930304,15218464,622395392,791007232
findling-rss 1788545229,356749312,249016320,15214864,623300608,791007232
findling-rss 1788545234,276545536,249131008,14455112,541896704,791007232
findling-rss 1788545239,356511744,249118720,14581160,622325760,791007232
findling-rss 1788545244,356343808,249049088,15894720,623259648,791007232
findling-rss 1788545249,338853888,249049088,15913472,623247360,791007232
findling-rss 1788545254,228802560,249720832,15859688,495915008,791007232
findling-rss 1788545259,232198144,250920960,15931592,500649984,791007232
findling-rss 1788545264,228392960,252506112,16244016,498810880,791007232
findling-rss 1788545269,228810752,252866560,16198856,499449856,791007232
findling-rss 1788545274,231866368,253898752,16321992,503779328,791007232
findling-rss 1788545279,222580736,254464000,16490208,495104000,791007232
findling-rss 1788545284,231014400,255295488,16551632,504709120,791007232
findling-rss 1788545289,231383040,256069632,16520896,505802752,791007232
findling-rss 1788545294,232165376,256913408,15699520,506433536,791007232
findling-rss 1788545299,225333248,257486848,15906288,500334592,791007232
findling-rss 1788545304,232562688,258437120,15970720,508424192,791007232
findling-rss 1788545309,232960000,257900544,16395528,508346368,791007232
findling-rss 1788545314,185401344,259059712,16440448,462512128,791007232
findling-rss 1788545319,228106240,260005888,16609320,506662912,791007232
findling-rss 1788545324,229302272,261025792,15745336,507711488,791007232
findling-rss 1788545329,231477248,261484544,15986480,510464000,791007232
findling-rss 1788545334,223526912,262582272,16150448,503955456,791007232
findling-rss 1788545339,232259584,266440704,15011384,515444736,791007232
findling-rss 1788545344,233242624,267513856,15077432,517738496,791007232
findling-rss 1788545349,233607168,267010048,14594392,516849664,791007232
findling-rss 1788545354,231927808,268382208,14803008,516579328,791007232
findling-rss 1788545359,231989248,269578240,14874192,518234112,791007232
findling-rss 1788545364,233902080,271278080,14962480,521617408,791007232
findling-rss 1788545369,225230848,270745600,16370928,514068480,791007232
findling-rss 1788545374,230363136,271884288,16442200,520257536,791007232
findling-rss 1788545379,231186432,273510400,16568712,523124736,791007232
findling-rss 1788545385,231424000,274202624,15315672,522731520,791007232
findling-rss 1788545390,227319808,271949824,16353576,517341184,791007232
findling-rss 1788545395,230862848,272764928,16465896,521601024,791007232
findling-rss 1788545400,231866368,273797120,16533640,523857920,791007232
findling-rss 1788545405,211742720,274948096,16682144,504885248,791007232
findling-rss 1788545410,229457920,274698240,16534032,522575872,791007232
findling-rss 1788545415,233443328,275587072,16607320,527482880,791007232
findling-rss 1788545420,233496576,277114880,16688392,529039360,791007232
findling-rss 1788545425,226893824,277889024,16854656,523202560,791007232
findling-rss 1788545430,325357568,278536192,16007168,622051328,791007232
findling-rss 1788545435,308170752,278544384,16007432,604790784,791007232
findling-rss 1788545440,279015424,278659072,15917080,574287872,791007232
findling-rss 1788545445,307339264,278695936,16017120,604282880,791007232
findling-rss 1788545450,308154368,278691840,16035424,604901376,791007232
findling-rss 1788545455,308932608,278728704,16029960,605605888,791007232
findling-rss 1788545460,300212224,278761472,16041552,595701760,791007232
findling-rss 1788545465,307904512,278753280,16060080,604725248,791007232
findling-rss 1788545470,309039104,278777856,16054736,605990912,791007232
findling-rss 1788545475,292638720,278810624,16063416,589332480,791007232
findling-rss 1788545480,307916800,278806528,16085808,604827648,791007232
findling-rss 1788545485,308355072,277729280,16744704,604938240,815349760
findling-rss 1788545490,255229952,277757952,16756880,548220928,815349760
findling-rss 1788545495,308133888,277757952,16190416,604151808,815349760
findling-rss 1788545500,309297152,277856256,16186248,605556736,815349760
findling-rss 1788545505,274169856,277942272,16092592,568745984,815349760
findling-rss 1788545510,307781632,277938176,16218232,604164096,815349760
findling-rss 1788545515,308375552,278036480,16214584,604753920,815349760
findling-rss 1788545520,228392960,277708800,16114576,523714560,815349760
findling-rss 1788545525,307564544,278126592,16246952,604168192,815349760
findling-rss 1788545530,308928512,278233088,16242600,605425664,815349760
findling-rss 1788545535,308928512,278220800,16260336,605569024,815349760
findling-rss 1788545540,292708352,277360640,16767616,588894208,815349760
findling-rss 1788545545,309075968,277409792,16762608,605409280,815349760
findling-rss 1788545550,312496128,277417984,16780160,608919552,815349760
findling-rss 1788545555,232730624,278151168,16725816,529297408,815349760
findling-rss 1788545560,166658048,280436736,15633712,464150528,815349760
findling-rss 1788545565,228098048,280719360,15816032,526483456,815349760
findling-rss 1788545570,231874560,281563136,16982864,532144128,815349760
findling-rss 1788545575,234098688,282697728,17056432,535474176,815349760
findling-rss 1788545580,227266560,283533312,17200432,529592320,815349760
findling-rss 1788545585,228720640,284753920,17323536,532340736,815349760
findling-rss 1788545590,234332160,284553216,16281240,536612864,815349760
findling-rss 1788545595,233549824,285896704,16356560,537436160,815349760
findling-rss 1788545600,227381248,286883840,16504176,532520960,815349760
findling-rss 1788545605,229879808,287653888,16615288,535818240,815349760
findling-rss 1788545610,233172992,288415744,16547792,539795456,815349760
findling-rss 1788545615,209027072,289681408,16670016,516767744,815349760
findling-rss 1788545620,231813120,290099200,16799984,540426240,815349760
findling-rss 1788545625,230281216,291110912,16868256,539750400,815349760
findling-rss 1788545630,233668608,291065856,17239464,543600640,815349760
findling-rss 1788545635,225107968,291958784,17431056,536387584,815349760
findling-rss 1788545640,231669760,297467904,17532432,548519936,815349760
findling-rss 1788545645,230604800,298766336,17607528,548577280,815349760
findling-rss 1788545650,160387072,299323392,17279616,478425088,815349760
findling-rss 1788545655,228515840,299741184,17536736,547467264,815349760
findling-rss 1788545660,229785600,300589056,17610608,549621760,815349760
findling-rss 1788545665,230641664,302075904,17694376,551882752,815349760
findling-rss 1788545670,225198080,300564480,16452248,543846400,815349760
findling-rss 1788545675,231120896,301449216,16512216,550600704,815349760
findling-rss 1788545680,232165376,302338048,16605792,552599552,815349760
findling-rss 1788545685,233705472,303353856,15846072,554663936,815349760
findling-rss 1788545690,228892672,303955968,17651936,552660992,815349760
findling-rss 1788545695,236908544,304902144,17717104,561180672,815349760
findling-rss 1788545700,237416448,305819648,17781160,562950144,815349760
findling-rss 1788545705,222953472,306970624,17943608,549552128,815349760
findling-rss 1788545710,234549248,307593216,17957368,561922048,815349760
findling-rss 1788545715,235843584,308387840,17028432,562737152,815349760
findling-rss 1788545720,237576192,309313536,17093104,565551104,815349760
findling-rss 1788545725,229904384,309960704,17242176,558886912,815349760
findling-rss 1788545730,232030208,308678656,15752168,558272512,815349760
findling-rss 1788545735,305278976,309440512,15873448,631357440,815349760
findling-rss 1788545740,310706176,310063104,15884264,638894080,815349760
findling-rss 1788545745,311570432,310063104,15903400,639442944,815349760
findling-rss 1788545750,295661568,310157312,15916920,623628288,815349760
findling-rss 1788545755,311042048,310181888,15908992,639057920,815349760
findling-rss 1788545760,311930880,310177792,15929176,639803392,815349760
findling-rss 1788545765,283426816,310214656,15836480,611532800,815349760
findling-rss 1788545770,311259136,310243328,15936280,639385600,815349760
findling-rss 1788545775,311279616,310243328,15954808,639434752,815349760
findling-rss 1788545780,311328768,309981184,17677352,641167360,879828992
findling-rss 1788545785,308506624,310046720,17690640,638046208,879828992
findling-rss 1788545790,311197696,310050816,17705912,640847872,879828992
findling-rss 1788545795,311324672,310075392,17705648,641331200,879828992
findling-rss 1788545800,295669760,310112256,17717560,625385472,879828992
findling-rss 1788545805,311508992,310112256,17736696,641417216,879828992
findling-rss 1788545810,311607296,310136832,17729856,641736704,879828992
findling-rss 1788545815,242683904,310173696,16858040,571469824,879828992
findling-rss 1788545820,311418880,310165504,16876056,640225280,879828992
findling-rss 1788545825,310931456,310206464,16870976,640065536,879828992
findling-rss 1788545830,231374848,333410304,17467360,583032832,879828992
findling-rss 1788545835,310636544,310079488,17708832,640434176,884195328
findling-rss 1788545840,313323520,310112256,17702872,643260416,884195328
findling-rss 1788545845,311554048,310108160,17717672,641564672,884195328
findling-rss 1788545850,299536384,310145024,17731096,628150272,884195328
findling-rss 1788545855,238374912,310005760,16470256,566542336,884195328
findling-rss 1788545860,190504960,311906304,16573016,520454144,884195328
findling-rss 1788545865,233099264,424009728,19965464,667754496,884195328
findling-rss 1788545870,233492480,312881152,15904616,563638272,884195328
findling-rss 1788545875,236896256,313688064,15965584,568094720,884195328
findling-rss 1788545880,229883904,314499072,16130904,562216960,884195328
findling-rss 1788545885,231440384,552755200,23180560,808161280,884195328
findling-rss 1788545890,231378944,315301888,17873656,566091776,884195328
findling-rss 1788545895,194174976,317177856,18017000,569917440,884195328
findling-rss 1788545900,231972864,317759488,18175720,569446400,884195328
findling-rss 1788545905,232931328,409174016,19440216,662499328,884195328
findling-rss 1788545910,235720704,319557632,18067008,574709760,884195328
findling-rss 1788545916,228466688,319938560,18260408,568287232,884195328
findling-rss 1788545921,235884544,321191936,18334824,577064960,884195328
findling-rss 1788545926,236511232,415576064,20674384,673882112,884195328
findling-rss 1788545931,237387776,322478080,17822856,579186688,884195328
findling-rss 1788545936,230039552,323530752,18033992,573194240,884195328
findling-rss 1788545941,235778048,327700480,18109464,583118848,884195328
findling-rss 1788545946,237346816,355057664,18929784,610213888,884195328
findling-rss 1788545951,170418176,329449472,18023136,519294976,884195328
findling-rss 1788545956,234860544,330735616,18286128,585662464,884195328
findling-rss 1788545961,236040192,331513856,18346568,587706368,884195328
findling-rss 1788545966,236732416,352448512,18990696,608731136,884195328
findling-rss 1788545971,230932480,330108928,18112128,580718592,884195328
findling-rss 1788545976,231272448,331743232,18236320,582877184,884195328
findling-rss 1788545981,236265472,332718080,18304648,588828672,884195328
findling-rss 1788545986,237723648,398598144,20245464,657027072,884195328
findling-rss 1788545991,231739392,334184448,17704520,585277440,884195328
findling-rss 1788545996,233406464,335142912,17769616,587808768,884195328
findling-rss 1788546001,235106304,336048128,17874144,590774272,884195328
findling-rss 1788546006,218537984,337084416,18013176,575229952,884195328
findling-rss 1788546011,233897984,336764928,17824144,590184448,884195328
findling-rss 1788546016,236474368,337707008,17889712,593633280,884195328
findling-rss 1788546021,238960640,339365888,16879896,596791296,884195328
findling-rss 1788546026,232144896,339902464,17046656,590725120,884195328
findling-rss 1788546031,236036096,340602880,18723560,596910080,884195328
findling-rss 1788546036,331681792,341536768,18870736,694038528,884195328
findling-rss 1788546041,315404288,341544960,18867408,677912576,884195328
findling-rss 1788546046,264736768,341778432,18783512,625930240,884195328
findling-rss 1788546051,314658816,341803008,18883280,677511168,884195328
findling-rss 1788546056,314675200,341811200,18902104,677502976,884195328
findling-rss 1788546061,316542976,341884928,17776880,678166528,884195328
findling-rss 1788546066,299171840,341970944,17461280,660463616,884195328
findling-rss 1788546071,315060224,341975040,17480536,676638720,884195328
findling-rss 1788546076,318169088,340348928,17994256,678621184,939044864
findling-rss 1788546081,286986240,340496384,17903616,647200768,939044864
findling-rss 1788546086,314048512,340500480,18027712,674394112,939044864
findling-rss 1788546091,316915712,340598784,18023680,677564416,939044864
findling-rss 1788546096,249602048,340602880,18045304,649912320,939044864
findling-rss 1788546101,314617856,340709376,18059616,675397632,939044864
findling-rss 1788546106,315338752,340807680,18056488,676241408,939044864
findling-rss 1788546111,314417152,340815872,16384472,673681408,939044864
findling-rss 1788546116,299241472,340930560,16399664,658792448,939044864
findling-rss 1788546121,313864192,341028864,16395608,673366016,939044864
findling-rss 1788546126,318406656,341016576,16413912,677945344,939044864
findling-rss 1788546131,442695680,344363008,18240072,807243776,949858304
findling-rss 1788546136,314937344,344657920,18352056,679837696,949858304
findling-rss 1788546141,314908672,344662016,16675624,678232064,949858304
findling-rss 1788546146,315305984,344768512,16668496,678993920,949858304
findling-rss 1788546151,235782144,344621056,16590144,598843392,949858304
findling-rss 1788546156,229195776,345321472,16712424,592859136,949858304
findling-rss 1788546161,235950080,346894336,16836576,601178112,949858304
findling-rss 1788546166,238977024,346947584,16344944,603967488,949858304
findling-rss 1788546171,236249088,347934720,16414664,602591232,949858304
findling-rss 1788546176,231153664,349016064,16574256,598196224,949858304
findling-rss 1788546181,235409408,349724672,16672856,603267072,949858304
findling-rss 1788546186,237740032,349646848,18371064,607395840,949858304
findling-rss 1788546191,180117504,350834688,18413472,550600704,949858304
findling-rss 1788546196,233000960,351289344,18568368,604647424,949858304
findling-rss 1788546201,233832448,352280576,16786288,604594176,949858304
findling-rss 1788546206,238653440,352108544,18310920,610783232,949858304
findling-rss 1788546211,229822464,353341440,18492496,603279360,949858304
findling-rss 1788546216,235659264,354439168,18603976,610557952,949858304
findling-rss 1788546221,237101056,355811328,16363576,610729984,949858304
findling-rss 1788546226,235368448,355962880,18772312,611864576,949858304
findling-rss 1788546231,232091648,356610048,16359656,606564352,949858304
findling-rss 1788546236,236974080,357834752,16435520,613507072,949858304
findling-rss 1788546241,237113344,361734144,16505400,617074688,949858304
findling-rss 1788546246,170967040,361746432,16963520,551149568,949858304
findling-rss 1788546251,233848832,362991616,17265312,615428096,949858304
findling-rss 1788546256,234070016,363896832,17326248,617160704,949858304
findling-rss 1788546261,236032000,364867584,17391952,619999232,949858304
findling-rss 1788546266,228827136,362266624,16308640,609140736,949858304
findling-rss 1788546271,232882176,363388928,16376896,614170624,949858304
findling-rss 1788546276,236171264,364503040,16486272,618889216,949858304
findling-rss 1788546281,236437504,365543424,16554216,620232704,949858304
findling-rss 1788546286,232955904,654843904,25141712,915181568,949858304
findling-rss 1788546291,235036672,366850048,18521184,622186496,949858304
findling-rss 1788546296,237813760,367812608,18584544,626319360,949858304
findling-rss 1788546301,228143104,368406528,16294720,614268928,949858304
findling-rss 1788546306,236552192,656916480,24704008,920440832,949858304
findling-rss 1788546311,237510656,370053120,18690408,627888128,949858304
findling-rss 1788546316,237002752,370642944,18744528,627986432,949858304
findling-rss 1788546321,230748160,371572736,18915688,623054848,949858304
findling-rss 1788546326,235855872,655982592,24349984,918245376,949858304
findling-rss 1788546331,239247360,372764672,18287328,632188928,949858304
findling-rss 1788546336,302317568,373530624,18410104,696074240,949858304
findling-rss 1788546341,320585728,373637120,18407208,714846208,949858304
findling-rss 1788546346,320356352,373624832,18425488,714448896,949858304
findling-rss 1788546351,247246848,373678080,18438816,640917504,949858304
findling-rss 1788546356,317566976,373739520,18432984,711839744,949858304
findling-rss 1788546361,317767680,373731328,18450704,712171520,949858304
findling-rss 1788546366,320049152,373796864,18445752,714510336,949858304
findling-rss 1788546371,314597376,659251200,25202248,1001152512,1001414656
findling-rss 1788546376,318009344,372867072,18166584,710946816,1004822528
findling-rss 1788546381,321200128,372953088,18162464,714420224,1004822528
findling-rss 1788546386,302313472,373014528,18176472,687329280,1004822528
findling-rss 1788546391,317370368,373018624,18194520,710725632,1004822528
findling-rss 1788546396,317071360,373129216,18193224,710447104,1004822528
findling-rss 1788546401,290099200,373190656,18100552,683282432,1004822528
findling-rss 1788546406,318787584,373194752,18156584,712081408,1004822528
findling-rss 1788546412,318406656,373268480,18150816,711892992,1004822528
findling-rss 1788546417,318869504,373264384,18168280,712339456,1004822528
findling-rss 1788546422,315236352,373309440,18182336,708599808,1004822528
findling-rss 1788546427,318390272,373190656,18940032,712708096,1018101760
findling-rss 1788546432,321556480,373194752,18958352,715517952,1018101760
findling-rss 1788546437,284950528,373460992,18631672,673406976,1018101760
findling-rss 1788546442,317501440,373481472,18624608,711823360,1018101760
findling-rss 1788546447,320241664,373485568,18640648,714305536,1018101760
findling-rss 1788546452,229584896,373493760,18734392,623505408,1018101760
findling-rss 1788546457,234233856,375058432,18818152,629972992,1018101760
findling-rss 1788546462,238682112,674869248,27623168,943398912,1018101760
findling-rss 1788546467,235606016,376860672,19205880,633364480,1018101760
findling-rss 1788546472,232763392,377479168,18367832,630304768,1018101760
findling-rss 1788546477,235978752,378339328,18431456,634499072,1018101760
findling-rss 1788546482,240795648,680890368,27310320,951054336,1018101760
findling-rss 1788546487,169934848,380235776,19416256,570888192,1018101760
findling-rss 1788546492,235274240,380530688,19632008,636919808,1018101760
findling-rss 1788546497,233492480,381394944,19694616,636342272,1018101760
findling-rss 1788546502,230481920,677650432,26541056,936849408,1018101760
findling-rss 1788546507,228802560,381358080,18842552,630431744,1018101760
findling-rss 1788546512,233746432,382943232,18921464,637706240,1018101760
findling-rss 1788546517,234352640,384020480,19030952,639254528,1018101760
findling-rss 1788546522,234323968,691552256,27984400,956133376,1018101760
findling-rss 1788546527,231784448,385433600,19961400,639270912,1018101760
findling-rss 1788546532,234762240,386592768,20035216,643235840,1018101760
findling-rss 1788546537,235872256,387608576,20102488,645185536,1018101760
findling-rss 1788546542,183193600,698683392,27801816,911618048,1018101760
findling-rss 1788546547,233631744,391757824,19804984,647098368,1018101760
findling-rss 1788546552,237322240,392978432,19876536,651747328,1018101760
findling-rss 1788546557,238358528,394801152,20008728,654962688,1018101760
findling-rss 1788546562,233705472,395288576,20137960,650584064,1018101760
findling-rss 1788546567,230617088,395808768,20113424,648224768,1018101760
findling-rss 1788546572,235843584,397373440,19623608,654733312,1018101760
findling-rss 1788546577,161226752,398196736,19580104,580587520,1018101760
findling-rss 1788546582,230088704,398761984,19884648,650506240,1018101760
findling-rss 1788546587,236511232,399519744,19855168,657567744,1018101760
findling-rss 1788546592,237588480,400326656,19923936,659435520,1018101760
findling-rss 1788546597,227708928,401125376,20090280,650469376,1018101760
findling-rss 1788546602,233660416,398245888,19674112,653250560,1018101760
findling-rss 1788546607,234352640,399241216,19674776,654577664,1018101760
findling-rss 1788546612,235782144,399749120,19690176,657068032,1018101760
findling-rss 1788546617,230158336,400257024,19883768,651898880,1018101760
findling-rss 1788546622,233660416,388702208,19196304,643047424,1018101760
findling-rss 1788546627,236052480,383537152,19056736,640491520,1018101760
findling-rss 1788546632,286253056,366518272,18416896,673136640,1018101760
findling-rss 1788546637,313925632,361107456,18368800,695169024,1018101760
findling-rss 1788546642,314056704,361107456,18387552,695783424,1018101760
findling-rss 1788546647,315113472,361140224,18381480,696258560,1018101760
findling-rss 1788546652,298475520,355463168,18238688,674197504,1018101760
findling-rss 1788546657,316092416,355459072,18255880,691589120,1018101760
findling-rss 1788546662,314474496,355495936,18250168,690376704,1018101760
findling-rss 1788546667,262496256,355524608,18262480,638013440,1018101760
findling-rss 1788546672,314830848,355524608,18281512,690479104,1018101760
findling-rss 1788546677,314621952,349294592,18070600,684015616,1018101760
findling-rss 1788546682,234180608,348975104,17961528,602640384,1018101760
findling-rss 1788546687,313450496,349327360,18101376,682917888,1018101760
findling-rss 1788546692,313757696,349356032,18094400,682991616,1018101760
findling-rss 1788546697,314703872,349356032,18116632,684363776,1018101760
findling-rss 1788546702,313229312,349384704,18128696,682299392,1018101760
findling-rss 1788546707,313884672,349409280,18122224,683626496,1018101760
findling-rss 1788546712,314056704,349413376,18141088,683823104,1018101760
findling-rss 1788546717,298471424,349437952,18154088,667942912,1018101760
findling-rss 1788546722,313544704,349466624,18146296,683175936,1018101760
findling-rss 1788546727,314200064,349470720,18165048,684072960,1018101760
findling-rss 1788546732,261050368,343601152,17846688,619180032,1018101760
findling-rss 1788546737,313266176,343633920,17840624,676761600,1018101760
findling-rss 1788546742,315551744,343621632,17857616,679059456,1018101760
findling-rss 1788546747,305537024,343654400,17922608,669212672,1018101760
findling-rss 1788546752,207577088,343326720,17821000,570281984,1018101760
findling-rss 1788546757,234053632,344068096,17913880,597733376,1018101760
findling-rss 1788546762,238268416,345026560,17978064,603000832,1018101760
findling-rss 1788546767,238538752,345735168,18137536,604053504,1018101760
findling-rss 1788546772,227954688,346357760,18275912,594116608,1018101760
findling-rss 1788546777,231407616,347402240,18367112,598958080,1018101760
findling-rss 1788546782,236838912,348315648,18460456,605425664,1018101760
findling-rss 1788546787,189808640,343822336,18072912,553033728,1018101760
findling-rss 1788546792,232665088,344170496,18212928,596819968,1018101760
findling-rss 1788546797,233463808,345190400,18321808,598814720,1018101760
findling-rss 1788546802,238907392,356741120,18268960,615677952,1018101760
findling-rss 1788546807,228855808,335233024,17744608,583442432,1018101760
findling-rss 1788546812,235626496,330866688,17692792,585904128,1018101760
findling-rss 1788546817,231538688,325758976,17588944,576724992,1018101760
findling-rss 1788546822,183144448,326754304,17641136,529154048,1018101760
findling-rss 1788546827,230301696,321564672,17359256,570920960,1018101760
findling-rss 1788546832,233971712,312688640,16890432,565137408,1018101760
findling-rss 1788546837,235106304,313647104,16956984,567414784,1018101760
findling-rss 1788546842,229109760,305815552,16847600,553017344,1018101760
findling-rss 1788546847,231526400,301350912,16539000,550973440,1018101760
findling-rss 1788546852,234770432,302424064,16609232,555479040,1018101760
findling-rss 1788546857,158478336,299151360,16437200,475602944,1018101760
findling-rss 1788546862,232882176,294612992,16604600,545943552,1018101760
findling-rss 1788546867,235507712,290316288,16219216,543694848,1018101760
findling-rss 1788546872,236224512,291344384,16286688,545628160,1018101760
findling-rss 1788546877,227573760,283496448,16139112,529100800,1018101760
findling-rss 1788546882,230858752,313126912,17099072,556904448,1018101760
findling-rss 1788546887,236212224,279912448,16133056,533712896,1018101760
findling-rss 1788546892,236453888,276537344,16083088,530817024,1018101760
findling-rss 1788546897,231059456,277458944,16194672,526458880,1018101760
findling-rss 1788546902,232157184,264556544,15541840,514437120,1018101760
findling-rss 1788546907,233271296,265437184,15368984,515907584,1018101760
findling-rss 1788546912,215523328,261812224,15395216,494325760,1018101760
findling-rss 1788546917,233091072,262795264,15488728,512978944,1018101760
findling-rss 1788546922,232878080,254967808,15323256,504741888,1018101760
findling-rss 1788546927,235081728,251842560,15271592,503828480,1018101760
findling-rss 1788546932,286056448,244449280,15030336,547352576,1018101760
findling-rss 1788546937,242319360,244613120,15092688,503549952,1018101760
findling-rss 1788546942,338665472,244617216,15223280,600580096,1018101760
findling-rss 1788546948,339910656,244645888,15216416,601571328,1018101760
findling-rss 1788546953,313339904,240709632,14971088,571314176,1018101760
findling-rss 1788546958,338857984,240779264,14982648,596447232,1018101760
findling-rss 1788546963,339951616,240812032,14979264,597532672,1018101760
findling-rss 1788546968,343138304,240807936,14997632,601288704,1018101760
findling-rss 1788546973,324042752,232218624,14811816,573071360,1018101760
findling-rss 1788546978,339959808,232247296,14805272,588820480,1018101760
findling-rss 1788546983,339423232,232251392,14824544,588582912,1018101760
findling-rss 1788546988,270712832,232271872,14837472,519749632,1018101760
findling-rss 1788546993,339939328,232304640,14830248,589320192,1018101760
findling-rss 1788546998,339296256,232296448,14851624,588496896,1018101760
findling-rss 1788547003,207691776,231976960,14746736,456192000,1018101760
findling-rss 1788547008,339054592,232353792,14857984,588378112,1018101760
findling-rss 1788547013,341106688,232353792,14876032,590319616,1018101760
findling-rss 1788547018,341843968,232390656,14870048,591327232,1018101760
findling-rss 1788547023,324042752,227995648,14673152,568700928,1018101760
findling-rss 1788547028,338636800,227999744,14692152,583409664,1018101760
findling-rss 1788547033,341159936,228028416,14685560,585748480,1018101760
findling-rss 1788547038,297975808,228061184,14697968,542662656,1018101760
findling-rss 1788547043,339783680,228057088,14713400,584462336,1018101760
findling-rss 1788547048,339447808,228089856,14707712,584085504,1018101760
findling-rss 1788547053,207708160,227762176,14602464,451964928,1018101760
findling-rss 1788547058,234127360,228708352,14708624,479211520,1018101760
findling-rss 1788547063,251191296,225509376,14486176,492990464,1018101760
findling-rss 1788547068,183037952,226799616,14460560,425811968,1018101760
findling-rss 1788547073,233897984,227090432,14629952,477360128,1018101760
findling-rss 1788547078,236457984,228016128,14691904,480911360,1018101760
findling-rss 1788547083,235347968,224665600,14863840,476594176,1018101760
findling-rss 1788547088,230780928,225562624,15077112,473305088,1018101760
findling-rss 1788547093,234979328,227057664,15159592,478707712,1018101760
findling-rss 1788547098,238116864,227700736,15196168,482598912,1018101760
findling-rss 1788547103,157044736,204238848,13621576,376299520,1018101760
findling-rss 1788547108,236281856,204664832,13957952,456540160,1018101760
findling-rss 1788547113,236290048,205848576,14030464,458002432,1018101760
findling-rss 1788547118,236548096,207400960,14095680,459853824,1018101760
findling-rss 1788547123,227586048,203591680,13738120,446640128,1018101760
findling-rss 1788547128,235925504,204595200,13846688,456298496,1018101760
findling-rss 1788547133,237375488,205570048,13911424,458559488,1018101760
findling-rss 1788547138,236158976,206680064,13982192,458616832,1018101760
findling-rss 1788547143,231665664,199921664,14093944,447463424,1018101760
findling-rss 1788547148,235999232,200957952,14157528,452706304,1018101760
findling-rss 1788547153,237670400,202063872,14228568,455516160,1018101760
findling-rss 1788547158,218374144,199974912,13915232,434049024,1018101760
findling-rss 1788547163,232751104,189673472,13734448,437764096,1018101760
findling-rss 1788547168,234504192,190967808,13810432,440942592,1018101760
findling-rss 1788547173,236068864,185929728,13703888,437248000,1018101760
findling-rss 1788547178,229851136,186863616,13860144,432062464,1018101760
findling-rss 1788547183,234713088,184344576,13903136,434438144,1018101760
findling-rss 1788547188,235503616,185135104,13512344,435998720,1018101760
findling-rss 1788547193,189804544,186667008,13608760,391602176,1018101760
findling-rss 1788547198,231981056,184324096,13712272,431800320,1018101760
findling-rss 1788547203,233009152,175620096,13896656,424177664,1018101760
findling-rss 1788547208,233893888,176734208,14007224,426348544,1018101760
findling-rss 1788547213,229658624,177766400,14197944,423100416,1018101760
findling-rss 1788547218,233816064,178651136,14224416,428228608,1018101760
findling-rss 1788547223,238718976,174661632,13578472,428843008,1018101760
findling-rss 1788547228,158527488,176680960,13552520,350404608,1018101760
findling-rss 1788547233,328040448,174157824,13840072,518066176,1018101760
findling-rss 1788547238,312991744,171409408,13766160,500264960,1018101760
findling-rss 1788547243,282898432,171540480,13675848,469868544,1018101760
findling-rss 1788547248,311054336,168751104,13698656,495710208,1018101760
findling-rss 1788547253,310140928,166096896,13644448,492089344,1018101760
findling-rss 1788547258,311214080,166129664,13639008,493002752,1018101760
findling-rss 1788547263,295124992,177012736,13997608,488292352,1018101760
findling-rss 1788547268,311623680,177008640,14012928,504725504,1018101760
findling-rss 1788547273,310415360,177041408,14010424,503750656,1018101760
findling-rss 1788547278,257699840,177070080,14022944,450842624,1018101760
findling-rss 1788547283,314089472,177065984,14040592,507170816,1018101760
findling-rss 1788547288,310009856,177098752,14034880,502919168,1018101760
findling-rss 1788547293,311570432,177094656,14055576,504762368,1018101760
findling-rss 1788547298,308998144,177143808,14069272,501850112,1018101760
findling-rss 1788547303,310423552,177233920,14064176,503885824,1018101760
findling-rss 1788547308,309653504,177225728,14083000,502886400,1018101760
findling-rss 1788547313,295145472,177278976,14095040,488333312,1018101760
findling-rss 1788547318,310231040,177139712,14101712,503603200,1018101760
findling-rss 1788547323,310886400,177147904,14120440,504438784,1018101760
findling-rss 1788547328,261005312,177188864,14052824,454086656,1018101760
findling-rss 1788547333,310509568,177201152,14046808,503582720,1018101760
findling-rss 1788547338,311160832,177217536,14065488,504680448,1018101760
findling-rss 1788547343,230858752,176889856,13960264,423591936,1018101760
findling-rss 1788547348,232382464,177377280,14030440,425381888,1018101760
findling-rss 1788547353,237600768,178409472,13743376,431398912,1018101760
findling-rss 1788547358,239169536,179142656,14152680,434384896,1018101760
findling-rss 1788547363,232349696,179679232,14294192,427868160,1018101760
findling-rss 1788547368,233951232,181067776,14372232,431030272,1018101760
findling-rss 1788547373,234483712,181563392,14426120,432332800,1018101760
findling-rss 1788547378,218177536,181645312,13903144,415096832,1018101760
findling-rss 1788547383,234225664,182652928,14029632,432373760,1018101760
findling-rss 1788547388,233205760,183869440,14102008,432807936,1018101760
findling-rss 1788547393,232378368,184864768,14166520,432898048,1018101760
findling-rss 1788547398,235540480,185532416,13792232,436584448,1018101760
findling-rss 1788547403,236867584,186056704,13845808,438444032,1018101760
findling-rss 1788547408,236969984,187133952,13914488,439635968,1018101760
findling-rss 1788547413,179855360,188542976,13985184,383807488,1018101760
findling-rss 1788547418,230322176,188616704,14135096,434835456,1018101760
findling-rss 1788547423,237420544,189763584,14206456,443105280,1018101760
findling-rss 1788547428,234483712,190509056,14276280,440913920,1018101760
findling-rss 1788547433,227569664,191246336,14438248,434851840,1018101760
findling-rss 1788547438,230273024,191500288,14048968,437678080,1018101760
findling-rss 1788547443,234803200,193486848,14145352,444338176,1018101760
findling-rss 1788547448,168210432,194695168,14143880,378519552,1018101760
findling-rss 1788547453,231837696,195117056,14377592,443080704,1018101760
findling-rss 1788547458,231231488,195747840,14106008,442597376,1018101760
findling-rss 1788547463,232849408,196878336,14175944,445661184,1018101760
findling-rss 1788547468,217051136,197844992,14315160,430768128,1018101760
findling-rss 1788547473,233955328,198328320,14426016,448434176,1018101760
findling-rss 1788547478,237092864,198881280,14175144,451764224,1018101760
findling-rss 1788547484,236949504,200523776,14262328,453025792,1018101760
findling-rss 1788547489,232349696,201043968,14405888,448913408,1018101760
findling-rss 1788547494,236187648,201658368,14500200,454008832,1018101760
findling-rss 1788547499,236834816,202829824,14990760,455856128,1018101760
findling-rss 1788547504,226635776,203366400,15126328,446853120,1018101760
findling-rss 1788547509,234795008,204161024,15237984,455921664,1018101760
findling-rss 1788547514,236998656,205185024,15304040,459194368,1018101760
findling-rss 1788547519,235548672,205656064,14594960,457515008,1018101760
findling-rss 1788547524,231464960,207273984,14781848,454721536,1018101760
findling-rss 1788547529,282505216,207319040,14791096,506380288,1018101760
findling-rss 1788547534,361144320,207454208,14894784,585576448,1018101760
findling-rss 1788547539,361361408,207454208,14913152,586002432,1018101760
findling-rss 1788547544,364318720,207486976,14907192,588689408,1018101760
findling-rss 1788547549,361844736,207515648,14916984,586625024,1018101760
findling-rss 1788547554,361648128,207519744,14935600,586502144,1018101760
findling-rss 1788547559,362381312,207351808,15338264,587235328,1018101760
findling-rss 1788547564,346804224,207380480,15351240,571621376,1018101760
findling-rss 1788547569,361545728,207368192,15368272,586633216,1018101760
findling-rss 1788547574,363307008,207417344,15363056,588300288,1018101760
findling-rss 1788547579,346787840,207429632,15376104,571768832,1018101760
findling-rss 1788547584,362684416,207446016,15351584,587665408,1018101760
findling-rss 1788547589,362864640,207458304,15345448,587722752,1018101760
findling-rss 1788547594,310272000,207491072,15361696,535076864,1018101760
findling-rss 1788547599,362205184,207491072,15378728,587264000,1018101760
findling-rss 1788547604,361992192,207527936,15373200,587063296,1018101760
findling-rss 1788547609,263557120,251432960,16608672,530673664,1018101760
findling-rss 1788547614,362397696,206561280,15157712,586121216,1018101760
findling-rss 1788547619,361881600,206594048,15151840,585674752,1018101760
findling-rss 1788547624,362336256,206589952,15170440,586244096,1018101760
findling-rss 1788547629,346808320,206610432,15182824,570847232,1018101760
findling-rss 1788547634,362237952,206643200,15176184,586194944,1018101760
findling-rss 1788547639,364216320,206639104,15194560,588300288,1018101760
findling-rss 1788547644,311320576,206671872,15134568,535105536,1018101760
findling-rss 1788547649,233967616,206991360,15093784,457904128,1018101760
findling-rss 1788547654,236064768,207319040,14743288,459812864,1018101760
findling-rss 1788547659,225996800,208052224,14890800,450756608,1018101760
findling-rss 1788547664,230608896,209494016,14970664,456790016,1018101760
findling-rss 1788547669,233017344,210345984,15069440,459902976,1018101760
findling-rss 1788547674,234487808,211230720,14372968,461729792,1018101760
findling-rss 1788547679,231010304,212099072,14572808,459558912,1018101760
findling-rss 1788547684,231628800,213110784,14657152,460996608,1018101760
findling-rss 1788547689,236613632,214380544,14741800,467304448,1018101760
findling-rss 1788547694,220315648,214720512,14473832,451194880,1018101760
findling-rss 1788547699,232546304,215834624,14564744,464465920,1018101760
findling-rss 1788547704,236466176,216412160,14658256,469598208,1018101760
findling-rss 1788547709,235745280,217460736,14707312,469737472,1018101760
findling-rss 1788547714,232771584,218046464,15465992,467959808,1018101760
findling-rss 1788547719,237424640,219344896,15586696,473702400,1018101760
findling-rss 1788547724,238100480,220467200,15657928,475840512,1018101760
findling-rss 1788547729,215887872,218255360,15314360,451067904,1018101760
findling-rss 1788547734,233852928,221257728,14796048,471552000,1018101760
findling-rss 1788547739,238018560,222318592,14906824,476794880,1018101760
findling-rss 1788547744,235778048,223887360,14978616,476540928,1018101760
findling-rss 1788547749,230334464,224423936,15103440,471633920,1018101760
findling-rss 1788547754,233848832,225259520,14818144,475738112,1018101760
findling-rss 1788547759,235003904,226353152,14929208,477847552,1018101760
findling-rss 1788547764,194252800,227504128,15061368,438308864,1018101760
findling-rss 1788547769,231829504,227905536,15226528,476680192,1018101760
findling-rss 1788547774,236535808,227815424,14412160,480530432,1018101760
findling-rss 1788547779,238772224,229289984,14491112,484114432,1018101760
findling-rss 1788547784,232157184,230690816,14674240,478662656,1018101760
findling-rss 1788547789,236531712,231215104,14725320,483983360,1018101760
findling-rss 1788547794,237965312,232017920,14117480,486014976,1018101760
findling-rss 1788547799,177332224,232992768,14171216,425771008,1018101760
findling-rss 1788547804,234020864,233582592,14390200,483938304,1018101760
findling-rss 1788547809,238272512,234479616,14453888,488968192,1018101760
findling-rss 1788547814,240181248,235253760,15267768,492572672,1018101760
findling-rss 1788547819,233496576,235806720,14467000,485605376,1018101760
findling-rss 1788547824,237101056,236834816,14535656,490409984,1018101760
findling-rss 1788547829,315588608,232423424,14526216,564355072,1018101760
findling-rss 1788547834,316264448,228995072,14240864,561811456,1018101760
findling-rss 1788547839,316231680,228995072,14259232,561565696,1018101760
findling-rss 1788547844,313524224,225390592,14172728,555200512,1018101760
findling-rss 1788547849,316002304,236515328,15558392,570023936,1018101760
findling-rss 1788547854,316207104,236507136,15577056,570560512,1018101760
findling-rss 1788547859,300789760,236548096,15590160,555155456,1018101760
findling-rss 1788547864,316084224,236601344,15584560,570576896,1018101760
findling-rss 1788547869,317755392,236601344,15602520,572223488,1018101760
findling-rss 1788547874,241934336,236630016,15615120,492834816,1018101760
findling-rss 1788547879,318676992,236662784,15608744,573120512,1018101760
findling-rss 1788547884,316112896,236666880,15213584,569860096,1018101760
findling-rss 1788547889,316846080,236695552,15207784,570908672,1018101760
findling-rss 1788547894,313331712,236724224,15222768,567308288,1018101760
findling-rss 1788547899,316637184,236711936,15240688,570847232,1018101760
findling-rss 1788547904,315113472,236421120,15552440,569163776,1018101760
findling-rss 1788547909,300793856,236453888,15565008,554823680,1018101760
findling-rss 1788547914,316485632,236457984,15584144,570720256,1018101760
findling-rss 1788547919,316006400,236486656,15577800,569950208,1018101760
findling-rss 1788547924,300802048,236675072,15593064,555122688,1018101760
findling-rss 1788547929,316809216,236675072,15612000,571256832,1018101760
findling-rss 1788547934,315928576,236695552,15214896,569835520,1018101760
findling-rss 1788547939,288571392,236732416,15120824,542388224,1018101760
findling-rss 1788547944,315740160,236728320,15246080,569769984,1018101760
findling-rss 1788547949,237375488,255504384,15724328,509734912,1018101760
findling-rss 1788547954,165216256,238182400,15018296,418693120,1018101760
findling-rss 1788547959,236326912,238632960,14918728,491679744,1018101760
findling-rss 1788547964,236675072,239800320,15005232,493252608,1018101760
findling-rss 1788547969,236150784,240414720,15841400,494112768,1018101760
findling-rss 1788547974,230907904,241065984,15547496,489156608,1018101760
findling-rss 1788547979,237707264,242540544,15669568,497496064,1018101760
findling-rss 1788547984,235773952,243421184,15520792,496488448,1018101760
findling-rss 1788547989,239828992,243429376,15503000,500695040,1018101760
findling-rss 1788547994,233553920,244543488,15149088,494792704,1018101760
findling-rss 1788547999,237690880,245874688,15224312,500400128,1018101760
findling-rss 1788548004,237977600,246620160,15283960,501530624,1018101760
findling-rss 1788548009,228753408,247558144,15494488,493264896,1018101760
findling-rss 1788548014,237404160,248037376,15292816,502317056,1018101760
findling-rss 1788548019,239636480,249155584,15362752,505982976,1018101760
findling-rss 1788548025,240885760,250138624,15428608,507977728,1018101760
findling-rss 1788548030,232386560,395206656,19327960,649175040,1018101760
findling-rss 1788548035,236683264,251609088,14998832,504922112,1018101760
findling-rss 1788548040,238272512,252407808,15073496,507527168,1018101760
findling-rss 1788548045,217661440,253714432,15262512,488177664,1018101760
findling-rss 1788548050,237391872,402026496,18777616,659111936,1018101760
findling-rss 1788548055,238817280,255516672,14461856,510353408,1018101760
findling-rss 1788548060,241119232,256561152,14537912,513855488,1018101760
findling-rss 1788548065,232312832,257363968,14686248,506249216,1018101760
findling-rss 1788548070,235057152,409722880,18366008,664985600,1018101760
findling-rss 1788548075,239460352,259465216,14603696,515022848,1018101760
findling-rss 1788548080,193835008,260182016,14680448,470450176,1018101760
findling-rss 1788548085,235798528,261136384,14763944,513036288,1018101760
findling-rss 1788548090,239685632,261472256,15922264,518754304,1018101760
findling-rss 1788548095,241352704,262893568,14778792,520466432,1018101760
findling-rss 1788548100,232591360,263204864,14952104,512339968,1018101760
findling-rss 1788548105,236568576,264110080,15016544,517361664,1018101760
findling-rss 1788548110,237056000,264523776,14248936,517369856,1018101760
findling-rss 1788548115,162476032,265936896,14228984,444317696,1018101760
findling-rss 1788548120,234401792,266719232,14485544,517234688,1018101760
findling-rss 1788548125,315424768,263860224,14553728,595714048,1018101760
findling-rss 1788548130,364171264,263860224,14554432,644878336,1018101760
findling-rss 1788548135,364113920,264011776,14552768,644796416,1018101760
findling-rss 1788548140,284848128,324009984,16141144,626286592,1018101760
findling-rss 1788548145,367185920,267624448,14312032,651276288,1018101760
findling-rss 1788548150,364224512,267649024,14305328,648552448,1018101760
findling-rss 1788548155,304754688,267657216,14324304,623362048,1018101760
findling-rss 1788548160,363261952,267685888,14336504,646270976,1018101760
findling-rss 1788548165,364142592,267706368,14330304,648433664,1018101760
findling-rss 1788548170,365129728,267710464,14348400,649613312,1018101760
findling-rss 1788548175,349130752,267743232,14361096,633503744,1018101760
findling-rss 1788548180,364208128,267767808,14355688,648339456,1018101760
findling-rss 1788548185,365301760,267767808,14373648,649650176,1018101760
findling-rss 1788548190,284848128,267796480,14280080,568926208,1018101760
findling-rss 1788548195,363991040,266989568,15188144,648167424,1018101760
findling-rss 1788548200,365002752,266989568,15206648,649347072,1018101760
findling-rss 1788548205,312344576,267005952,15199624,596660224,1018101760
findling-rss 1788548210,310984704,267042816,15211856,595030016,1018101760
findling-rss 1788548215,364785664,267042816,15230608,649334784,1018101760
findling-rss 1788548220,364810240,267075584,15224920,649445376,1018101760
findling-rss 1788548225,349143040,267100160,15237760,633602048,1018101760
findling-rss 1788548230,364539904,267104256,14603408,648327168,1018101760
findling-rss 1788548235,364941312,267137024,14597720,648781824,1018101760
findling-rss 1788548240,323031040,267161600,14609736,600211456,1018101760
findling-rss 1788548245,312197120,267153408,14628320,595992576,1018101760
findling-rss 1788548250,239976448,267198464,14040392,523194368,1018101760
findling-rss 1788548255,223117312,268292096,14182664,506994688,1018101760
findling-rss 1788548260,237592576,269590528,14320232,522977280,1018101760
findling-rss 1788548265,239136768,270581760,14367912,525549568,1018101760
findling-rss 1788548270,238133248,271290368,15005512,526073856,1018101760
findling-rss 1788548275,234123264,271896576,15229264,522899456,1018101760
findling-rss 1788548280,238866432,272908288,15300152,529436672,1018101760
findling-rss 1788548285,239702016,274030592,15368664,530587648,1018101760
findling-rss 1788548290,218218496,274264064,15898520,510058496,1018101760
findling-rss 1788548295,233934848,274894848,15978264,526532608,1018101760
findling-rss 1788548300,236134400,275947520,16047408,530374656,1018101760
findling-rss 1788548305,236589056,277401600,16126728,531959808,1018101760
findling-rss 1788548310,232288256,277471232,15720616,527613952,1018101760
findling-rss 1788548315,237760512,278487040,15210152,533180416,1018101760
findling-rss 1788548320,238325760,279482368,15277712,534962176,1018101760
findling-rss 1788548325,181379072,280752128,15339552,479039488,1018101760
findling-rss 1788548330,234315776,280297472,15423680,531861504,1018101760
findling-rss 1788548335,236371968,281858048,15507168,535289856,1018101760
findling-rss 1788548340,237981696,282480640,15562568,537554944,1018101760
findling-rss 1788548345,232955904,284192768,15653264,534446080,1018101760
findling-rss 1788548350,236580864,284225536,16306744,538689536,1018101760
findling-rss 1788548355,239964160,285331456,16376544,543502336,1018101760
findling-rss 1788548360,240685056,286482432,16445808,545345536,1018101760
findling-rss 1788548365,235606016,287444992,15464872,539967488,1018101760
findling-rss 1788548370,238354432,286797824,13555936,540467200,1018101760
findling-rss 1788548375,239620096,288014336,13628152,543137792,1018101760
findling-rss 1788548380,232177664,288821248,13793568,536276992,1018101760
findling-rss 1788548385,234516480,289890304,13842440,539836416,1018101760
findling-rss 1788548390,233332736,293875712,13996592,542838784,1018101760
findling-rss 1788548395,237047808,291356672,13916448,543813632,1018101760
findling-rss 1788548400,233201664,292290560,14130648,541200384,1018101760
findling-rss 1788548405,236408832,293220352,14176992,545562624,1018101760
findling-rss 1788548410,239452160,301162496,14465480,554647552,1018101760
findling-rss 1788548415,197607424,295202816,14251824,508796928,1018101760
findling-rss 1788548420,233951232,295583744,14380888,545714176,1018101760
findling-rss 1788548425,238198784,292114432,14366384,546467840,1018101760
findling-rss 1788548430,268152832,270049280,13873992,554094592,1018101760
findling-rss 1788548435,317562880,270307328,13875040,603832320,1018101760
findling-rss 1788548440,317485056,270299136,13893184,603848704,1018101760
findling-rss 1788548445,266166272,265654272,13505992,545550336,1018101760
findling-rss 1788548450,316723200,265707520,13606480,598085632,1018101760
findling-rss 1788548455,317247488,265711616,13625008,598704128,1018101760
findling-rss 1788548460,319229952,265773056,13620104,600764416,1018101760
findling-rss 1788548465,302514176,265805824,13632416,584032256,1018101760
findling-rss 1788548470,317415424,265797632,13650816,598945792,1018101760
findling-rss 1788548475,317919232,265838592,13645736,599494656,1018101760
findling-rss 1788548480,302505984,265863168,13656536,583954432,1018101760
findling-rss 1788548485,318222336,265867264,13676016,599638016,1018101760
findling-rss 1788548490,318156800,265895936,13669512,599990272,1018101760
findling-rss 1788548495,247160832,261500928,13568056,523792384,1018101760
findling-rss 1788548500,317259776,261505024,13503168,594391040,1018101760
findling-rss 1788548505,318107648,261533696,13496960,595210240,1018101760
findling-rss 1788548510,238239744,261206016,13388072,514502656,1018101760
findling-rss 1788548515,316526592,261562368,13527392,593899520,1018101760
findling-rss 1788548520,318697472,261586944,13521192,596041728,1018101760
findling-rss 1788548525,317693952,261582848,13539696,595050496,1018101760
findling-rss 1788548530,302530560,261619712,13552352,579792896,1018101760
findling-rss 1788548535,317304832,261636096,13545696,594452480,1018101760
findling-rss 1788548540,317616128,261644288,13564400,595062784,1018101760
findling-rss 1788548545,266018816,261677056,13577688,543268864,1018101760
findling-rss 1788548551,238833664,257093632,13281816,511029248,1018101760
findling-rss 1788548556,232554496,257785856,13437896,505430016,1018101760
findling-rss 1788548561,238424064,258867200,13538136,512344064,1018101760
findling-rss 1788548566,236503040,259883008,13606672,511651840,1018101760
findling-rss 1788548571,175845376,261005312,13649272,452001792,1018101760
findling-rss 1788548576,232837120,261537792,13832408,510050304,1018101760
findling-rss 1788548581,239210496,262553600,13915536,517304320,1018101760
findling-rss 1788548586,241565696,263737344,13998560,521121792,1018101760
findling-rss 1788548591,231559168,259653632,13817688,506568704,1018101760
findling-rss 1788548596,236445696,260689920,13886432,512753664,1018101760
findling-rss 1788548601,236986368,257511424,13840208,510377984,1018101760
findling-rss 1788548606,236838912,254701568,13781040,506982400,1018101760
findling-rss 1788548611,234950656,250306560,13738488,500760576,1018101760
findling-rss 1788548616,237154304,247418880,13551336,499671040,1018101760
findling-rss 1788548621,236503040,244523008,13553720,496439296,1018101760
findling-rss 1788548626,231051264,241258496,13595496,487428096,1018101760
findling-rss 1788548631,235237376,234061824,13263736,484356096,1018101760
findling-rss 1788548636,237162496,235003904,13368344,487432192,1018101760
findling-rss 1788548641,239353856,228462592,13227488,482897920,1018101760
findling-rss 1788548646,232525824,230027264,13182928,477261824,1018101760
findling-rss 1788548651,236056576,223236096,13100536,474144768,1018101760
findling-rss 1788548656,236306432,224260096,13130744,475467776,1018101760
findling-rss 1788548661,218341376,224927744,13253424,458178560,1018101760
findling-rss 1788548666,235683840,193867776,12983216,444153856,1018101760
findling-rss 1788548671,236126208,194359296,13119208,445366272,1018101760
findling-rss 1788548676,239403008,195837952,13201824,450330624,1018101760
findling-rss 1788548681,236277760,196063232,13377208,447471616,1018101760
findling-rss 1788548686,239149056,197054464,13443472,451317760,1018101760
findling-rss 1788548691,242118656,198066176,13423584,455049216,1018101760
findling-rss 1788548696,186642432,198914048,13483776,400572416,1018101760
findling-rss 1788548701,234381312,199622656,13631920,449134592,1018101760
findling-rss 1788548706,240467968,200396800,13680488,456073216,1018101760
findling-rss 1788548711,235032576,194641920,13523184,445001728,1018101760
findling-rss 1788548716,231141376,195518464,13690616,442003456,1018101760
findling-rss 1788548721,239198208,193163264,13532912,448090112,1018101760
findling-rss 1788548726,241012736,191000576,13588040,447287296,1018101760
findling-rss 1788548731,269643776,182284288,13694808,467771392,1018101760
findling-rss 1788548736,320815104,176115712,13533488,512528384,1018101760
findling-rss 1788548741,320921600,176119808,13552080,512536576,1018101760
findling-rss 1788548746,293191680,176205824,13459736,484540416,1018101760
findling-rss 1788548751,321257472,176242688,13559552,513114112,1018101760
findling-rss 1788548756,320413696,176230400,13578104,512135168,1018101760
findling-rss 1788548761,322224128,176263168,13571896,514187264,1018101760
findling-rss 1788548766,316444672,176287744,13584352,508465152,1018101760
findling-rss 1788548771,321662976,176291840,13602560,513859584,1018101760
findling-rss 1788548776,321601536,176320512,13596216,513622016,1018101760
findling-rss 1788548781,305405952,176349184,13608648,497541120,1018101760
findling-rss 1788548786,321081344,176349184,13626896,513064960,1018101760
findling-rss 1788548791,320172032,172994560,13587320,508735488,1018101760
findling-rss 1788548796,252432384,173027328,13603728,440979456,1018101760
findling-rss 1788548801,324624384,173031424,13621488,513208320,1018101760
findling-rss 1788548806,325238784,173072384,13615824,514113536,1018101760
findling-rss 1788548811,324124672,173060096,13633448,512692224,1018101760
findling-rss 1788548816,317243392,173101056,13646328,506114048,1018101760
findling-rss 1788548821,321032192,173121536,13637608,509886464,1018101760
findling-rss 1788548826,322134016,173117440,13656496,510967808,1018101760
findling-rss 1788548831,305438720,173158400,13668496,494276608,1018101760
findling-rss 1788548836,320962560,173182976,13662672,509964288,1018101760
findling-rss 1788548841,320434176,173178880,13680816,509411328,1018101760
findling-rss 1788548846,359153664,167370752,13614856,542277632,1018101760
findling-rss 1788548851,241381376,165982208,13502184,422785024,1018101760
findling-rss 1788548856,236449792,166670336,13516264,418185216,1018101760
findling-rss 1788548861,239202304,167698432,13582752,422129664,1018101760
findling-rss 1788548866,242184192,168591360,13646944,426053632,1018101760
findling-rss 1788548871,230883328,169353216,13904008,415686656,1018101760
findling-rss 1788548876,234463232,170373120,13969168,420270080,1018101760
findling-rss 1788548881,240119808,160202752,13289448,415428608,1018101760
findling-rss 1788548886,240443392,161153024,13354528,416460800,1018101760
findling-rss 1788548891,235884544,161824768,13793136,413433856,1018101760
findling-rss 1788548896,235343872,162713600,13833120,413380608,1018101760
findling-rss 1788548901,241676288,163483648,13904344,420642816,1018101760
findling-rss 1788548906,215429120,164958208,14076960,396099584,1018101760
findling-rss 1788548911,236957696,161808384,13718224,414367744,1018101760
findling-rss 1788548916,238141440,162709504,13779232,416223232,1018101760
findling-rss 1788548921,237150208,161013760,13770496,413847552,1018101760
findling-rss 1788548926,234401792,161636352,13941016,411783168,1018101760
findling-rss 1788548931,234438656,158597120,13667968,408403968,1018101760
findling-rss 1788548936,237461504,160206848,13794176,413306880,1018101760
findling-rss 1788548941,194723840,160514048,13840808,370323456,1018101760
findling-rss 1788548946,235765760,157499392,13750080,408563712,1018101760
findling-rss 1788548951,239116288,162635776,13466176,417161216,1018101760
findling-rss 1788548956,240472064,163909632,13537648,419442688,1018101760
findling-rss 1788548961,232247296,164827136,13693736,412082176,1018101760
findling-rss 1788548966,239427584,165392384,13787856,420184064,1018101760
findling-rss 1788548971,240111616,165933056,13744536,421777408,1018101760
findling-rss 1788548976,240214016,167096320,13816616,422797312,1018101760
findling-rss 1788548981,233750528,165392384,13902880,414674944,1018101760
findling-rss 1788548986,238358528,164020224,13676000,418062336,1018101760
findling-rss 1788548991,238911488,170024960,13779856,424235008,1018101760
findling-rss 1788548996,234176512,170283008,14035976,420225024,1018101760
findling-rss 1788549001,237273088,168628224,14030600,421564416,1018101760
findling-rss 1788549006,236568576,169644032,14096736,422129664,1018101760
findling-rss 1788549011,235610112,172969984,13948328,424472576,1018101760
findling-rss 1788549016,234979328,173965312,14146984,424644608,1018101760
findling-rss 1788549021,236974080,171839488,13953480,424312832,1018101760
findling-rss 1788549026,237223936,173121536,14028240,426024960,1018101760
findling-rss 1788549031,338759680,173322240,13982280,528146432,1018101760
findling-rss 1788549036,270495744,170622976,13793200,455618560,1018101760
findling-rss 1788549041,320503808,170627072,13920672,507133952,1018101760
findling-rss 1788549046,320565248,170655744,13914352,507207680,1018101760
findling-rss 1788549051,322686976,167911424,13857792,506429440,1018101760
findling-rss 1788549057,319492096,167944192,13869768,502501376,1018101760
findling-rss 1788549062,320864256,164892672,13780176,501628928,1018101760
findling-rss 1788549067,321851392,164892672,13798408,502366208,1018101760
findling-rss 1788549072,305594368,164925440,13810840,486469632,1018101760
findling-rss 1788549077,320270336,164941824,13804568,501231616,1018101760
findling-rss 1788549082,321355776,164950016,13823160,502390784,1018101760
findling-rss 1788549087,323207168,175865856,14396408,515534848,1018101760
findling-rss 1788549092,306651136,175935488,14411024,498020352,1018101760
findling-rss 1788549097,321171456,175927296,14404184,513687552,1018101760
findling-rss 1788549102,320987136,175972352,14398576,513556480,1018101760
findling-rss 1788549107,174448640,176001024,14262000,366178304,1018101760
findling-rss 1788549112,327651328,175996928,14500448,520118272,1018101760
findling-rss 1788549117,342552576,176041984,14493896,535293952,1018101760
findling-rss 1788549122,346451968,176037888,14512808,538939392,1018101760
findling-rss 1788549127,263356416,176066560,14418696,455405568,1018101760
findling-rss 1788549132,342577152,176087040,14518152,535339008,1018101760
findling-rss 1788549137,343048192,176095232,14537016,535982080,1018101760
findling-rss 1788549142,342917120,175939584,14476576,535166976,1018101760
findling-rss 1788549147,335659008,173195264,14412616,524234752,1018101760
findling-rss 1788549152,342470656,173199360,14430984,532426752,1018101760
findling-rss 1788549157,235692032,173600768,14399712,425422848,1018101760
findling-rss 1788549162,237568000,174796800,14038496,427986944,1018101760
findling-rss 1788549167,243167232,175546368,14146648,434765824,1018101760
findling-rss 1788549172,220012544,178671616,14684504,415195136,1018101760
findling-rss 1788549177,238841856,179957760,14375480,434724864,1018101760
findling-rss 1788549182,239153152,180916224,14440848,436277248,1018101760
findling-rss 1788549187,239865856,208392192,15089608,464789504,1018101760
findling-rss 1788549192,237703168,181833728,14102816,435609600,1018101760
findling-rss 1788549197,239828992,182870016,14166680,438800384,1018101760
findling-rss 1788549202,242278400,184029184,14241104,442589184,1018101760
findling-rss 1788549207,220254208,182575104,14304736,418639872,1018101760
findling-rss 1788549212,235712512,185368576,14288304,437030912,1018101760
findling-rss 1788549217,240615424,186400768,14355888,443056128,1018101760
findling-rss 1788549222,239435776,187326464,14420560,442785792,1018101760
findling-rss 1788549227,235671552,187871232,14606200,440139776,1018101760
findling-rss 1788549232,239099904,185872384,14324168,441131008,1018101760
findling-rss 1788549237,239194112,186994688,14396656,442679296,1018101760
findling-rss 1788549242,219000832,188006400,14518888,422952960,1018101760
findling-rss 1788549247,236814336,183881728,14361256,436629504,1018101760
findling-rss 1788549252,240205824,187604992,14440072,443928576,1018101760
findling-rss 1788549257,242364416,188669952,14508960,447193088,1018101760
findling-rss 1788549262,237039616,189501440,14655264,442925056,1018101760
findling-rss 1788549267,235245568,190382080,14739408,442298368,1018101760
findling-rss 1788549272,234811392,195731456,15075424,447139840,1018101760
findling-rss 1788549277,212717568,197042176,14966536,426078208,1018101760
findling-rss 1788549282,237035520,197558272,15057632,451235840,1018101760
findling-rss 1788549287,238891008,197660672,14771712,453197824,1018101760
findling-rss 1788549292,240398336,198823936,14491176,455716864,1018101760
findling-rss 1788549297,234651648,199507968,14641304,450535424,1018101760
findling-rss 1788549302,241250304,200912896,14761544,458768384,1018101760
findling-rss 1788549307,238661632,201175040,14722392,456167424,1018101760
findling-rss 1788549312,187490304,202182656,13897256,404963328,1018101760
findling-rss 1788549317,237748224,202715136,14151248,456359936,1018101760
findling-rss 1788549322,238800896,203640832,14221392,458821632,1018101760
findling-rss 1788549327,238297088,204496896,13808160,458260480,1018101760
findling-rss 1788549332,316870656,204967936,14063784,537845760,1018101760
findling-rss 1788549337,365625344,201744384,13975792,583516160,1018101760
findling-rss 1788549342,367976448,202072064,13979080,586420224,1018101760
findling-rss 1788549347,315432960,202129408,13992768,532832256,1018101760
findling-rss 1788549352,365121536,202125312,14010416,583520256,1018101760
findling-rss 1788549357,365535232,202162176,14004568,583839744,1018101760
findling-rss 1788549362,305893376,202510336,14033312,524320768,1018101760
findling-rss 1788549367,364453888,200310784,13932840,580800512,1018101760
findling-rss 1788549372,365907968,200298496,13947368,582127616,1018101760
findling-rss 1788549377,243687424,200335360,13856256,449765376,1018101760
findling-rss 1788549382,365019136,206254080,14590152,587968512,1018101760
findling-rss 1788549387,365002752,206249984,14608680,588173312,1018101760
findling-rss 1788549392,367448064,206282752,14602448,590528512,1018101760
findling-rss 1788549397,349978624,206311424,14616816,573050880,1018101760
findling-rss 1788549402,365539328,206315520,14630672,588587008,1018101760
findling-rss 1788549407,366714880,206344192,14624216,590036992,1018101760
findling-rss 1788549412,349986816,206372864,14637440,572981248,1018101760
findling-rss 1788549417,365117440,206372864,14655152,588460032,1018101760
findling-rss 1788549422,366059520,206405632,14649328,589279232,1018101760
findling-rss 1788549427,296648704,206430208,14661712,519745536,1018101760
findling-rss 1788549432,365219840,206422016,14679680,588288000,1018101760
findling-rss 1788549437,364982272,205914112,14699816,587816960,1018101760
findling-rss 1788549442,233615360,205598720,14590656,455401472,1018101760
findling-rss 1788549447,364498944,205938688,14728832,587509760,1018101760
findling-rss 1788549452,239112192,206082048,14633992,461398016,1018101760
findling-rss 1788549457,240840704,206843904,14774544,463994880,1018101760
findling-rss 1788549462,241729536,208318464,14856488,466673664,1018101760
findling-rss 1788549467,235728896,208973824,14416216,460992512,1018101760
findling-rss 1788549472,240848896,210329600,14493968,467083264,1018101760
findling-rss 1788549477,241098752,211009536,14528648,468344832,1018101760
findling-rss 1788549482,230461440,211587072,14697912,458305536,1018101760
findling-rss 1788549487,236572672,212197376,14655480,465326080,1018101760
findling-rss 1788549492,240025600,213086208,14621336,469397504,1018101760
findling-rss 1788549497,236683264,214130688,14690032,467173376,1018101760
findling-rss 1788549502,236642304,214757376,14836368,467918848,1018101760
findling-rss 1788549507,238944256,215351296,14349880,470384640,1018101760
findling-rss 1788549512,240308224,216342528,14416752,472649728,1018101760
findling-rss 1788549517,219975680,217067520,14541064,453414912,1018101760
findling-rss 1788549522,240082944,218517504,14688808,475037696,1018101760
findling-rss 1788549527,239443968,219111424,14767976,474853376,1018101760
findling-rss 1788549532,241770496,219795456,14826424,478138368,1018101760
findling-rss 1788549537,234819584,220606464,14953072,472018944,1018101760
findling-rss 1788549542,239149056,221274112,15057304,477425664,1018101760
findling-rss 1788549547,240308224,222916608,15751840,480669696,1018101760
findling-rss 1788549552,197136384,224108544,15863440,438353920,1018101760
findling-rss 1788549557,233906176,224968704,15984880,476610560,1018101760
findling-rss 1788549562,238788608,232955904,16317576,488710144,1018101760
findling-rss 1788549567,238137344,225951744,15431136,481247232,1018101760
findling-rss 1788549572,235188224,226988032,15643728,479617024,1018101760
findling-rss 1788549577,236249088,227946496,15710416,481669120,1018101760
findling-rss 1788549583,237768704,344268800,18267088,602292224,1018101760
findling-rss 1788549588,183296000,228917248,14612256,428310528,1018101760
findling-rss 1788549593,234770432,229515264,14822096,480960512,1018101760
findling-rss 1788549598,241176576,230694912,14896840,488550400,1018101760
findling-rss 1788549603,242626560,231342080,15336064,491155456,1018101760
findling-rss 1788549608,232230912,231673856,14763824,480423936,1018101760
findling-rss 1788549613,238415872,232738816,14872856,487772160,1018101760
findling-rss 1788549618,240304128,233824256,14942232,490930176,1018101760
findling-rss 1788549623,164368384,234704896,14598320,415301632,1018101760
findling-rss 1788549628,318455808,231784448,14902872,567267328,1018101760
findling-rss 1788549633,318488576,231784448,14903728,566984704,1018101760
findling-rss 1788549638,317063168,232173568,14905352,566411264,1018101760
findling-rss 1788549643,248369152,232202240,14918664,497549312,1018101760
findling-rss 1788549648,316469248,228495360,14671480,561897472,1018101760
findling-rss 1788549653,317136896,228515840,14664800,562626560,1018101760
findling-rss 1788549658,288964608,228548608,14571408,533798912,1018101760
findling-rss 1788549663,315957248,228548608,14696368,561278976,1018101760
findling-rss 1788549668,316694528,228573184,14689664,561856512,1018101760
findling-rss 1788549673,320315392,228581376,14707984,565850112,1018101760
findling-rss 1788549678,301207552,234926080,15821832,554246144,1018101760
findling-rss 1788549683,317190144,234958848,15815784,570228736,1018101760
findling-rss 1788549688,319979520,234958848,15834808,573071360,1018101760
findling-rss 1788549693,267063296,234983424,15846896,519593984,1018101760
findling-rss 1788549698,316420096,235012096,15843112,569393152,1018101760
findling-rss 1788549703,317206528,235016192,15861704,569982976,1018101760
findling-rss 1788549708,288997376,235044864,15768200,541728768,1018101760
findling-rss 1788549713,352878592,236310528,15901240,607354880,1018101760
findling-rss 1788549718,316715008,235114496,15887736,569843712,1018101760
findling-rss 1788549723,317325312,235163648,15882224,570695680,1018101760
findling-rss 1788549728,301236224,234840064,15844560,553906176,1018101760
findling-rss 1788549733,316604416,234840064,15862944,569311232,1018101760
findling-rss 1788549738,318173184,234881024,15856536,571031552,1018101760
findling-rss 1788549743,238940160,234958848,15868768,491212800,1018101760
findling-rss 1788549748,316407808,234962944,15886600,569470976,1018101760
findling-rss 1788549753,241664000,235413504,15800048,494813184,1018101760
findling-rss 1788549758,242270208,236175360,15869840,496128000,1018101760
findling-rss 1788549763,231817216,236949504,15821368,486170624,1018101760
findling-rss 1788549768,239316992,238034944,15928720,494985216,1018101760
findling-rss 1788549773,240525312,238993408,15996440,497467392,1018101760
findling-rss 1788549778,241790976,236449792,15664960,495562752,1018101760
findling-rss 1788549783,234856448,240402432,15256512,492228608,1018101760
findling-rss 1788549788,236572672,241512448,15327880,495284224,1018101760
findling-rss 1788549793,240709632,242724864,15402064,500473856,1018101760
findling-rss 1788549798,220524544,243339264,15529488,481153024,1018101760
findling-rss 1788549803,235982848,243908608,15316440,496820224,1018101760
findling-rss 1788549808,239566848,244940800,15383960,501587968,1018101760
findling-rss 1788549813,237764608,245948416,15452128,500867072,1018101760
findling-rss 1788549818,233635840,246468608,15595864,497635328,1018101760
findling-rss 1788549823,239927296,246652928,16243088,504561664,1018101760
findling-rss 1788549828,238399488,248180736,16326352,504733696,1018101760
findling-rss 1788549833,230313984,245207040,15935848,493031424,1018101760
findling-rss 1788549838,237793280,246398976,16005048,502153216,1018101760
findling-rss 1788549843,236052480,250744832,16177880,504578048,1018101760
findling-rss 1788549848,239300608,253317120,16254320,510627840,1018101760
findling-rss 1788549853,234123264,254537728,16429312,506605568,1018101760
findling-rss 1788549858,234729472,255549440,16496976,508047360,1018101760
findling-rss 1788549863,239869952,255479808,15823024,513286144,1018101760
findling-rss 1788549868,196386816,252882944,14788632,465494016,1018101760
findling-rss 1788549873,238460928,254054400,14984720,509165568,1018101760
findling-rss 1788549878,240828416,254803968,15043048,512393216,1018101760
findling-rss 1788549883,241991680,257814528,15526512,516984832,1018101760
findling-rss 1788549888,235630592,258351104,14748560,510304256,1018101760
findling-rss 1788549893,236879872,259432448,14859064,512684032,1018101760
findling-rss 1788549898,238780416,260423680,14927256,515997696,1018101760
findling-rss 1788549903,173420544,261455872,14265808,450617344,1018101760
findling-rss 1788549908,236150784,261607424,14458728,513716224,1018101760
findling-rss 1788549913,235454464,262877184,14532608,514629632,1018101760
findling-rss 1788549918,238227456,263380992,14585288,517926912,1018101760
findling-rss 1788549923,236531712,263397376,15451768,517160960,1018101760
findling-rss 1788549928,319422464,260927488,15531624,598016000,1018101760
findling-rss 1788549933,317554688,260935680,15531912,596291584,1018101760
findling-rss 1788549938,317448192,256917504,15415712,591941632,1018101760
findling-rss 1788549943,266559488,256937984,15428912,540872704,1018101760
findling-rss 1788549948,317267968,256937984,15446968,591986688,1018101760
findling-rss 1788549953,316764160,256966656,14922640,590962688,1018101760
findling-rss 1788549958,237412352,256647168,14815760,510472192,1018101760
findling-rss 1788549963,316514304,257003520,14953528,590655488,1018101760
findling-rss 1788549968,317276160,264871936,15298920,599470080,1018101760
findling-rss 1788549973,320880640,264871936,15317288,603398144,1018101760
findling-rss 1788549978,301715456,264904704,15329600,583958528,1018101760
findling-rss 1788549983,317526016,264962048,15324024,599875584,1018101760
findling-rss 1788549988,317505536,264949760,15230952,599650304,1018101760
findling-rss 1788549993,289488896,265003008,15141080,571428864,1018101760
findling-rss 1788549998,316411904,265039872,15241712,598839296,1018101760
findling-rss 1788550003,317304832,265039872,15259824,599494656,1018101760
findling-rss 1788550008,318914560,265068544,15252944,601452544,1018101760
findling-rss 1788550013,313901056,265097216,15265488,596152320,1018101760
findling-rss 1788550018,316928000,265101312,15282968,599363584,1018101760
findling-rss 1788550023,320434176,264589312,15365968,602214400,1018101760
findling-rss 1788550028,301699072,264622080,15378080,583847936,1018101760
findling-rss 1788550033,317968384,264630272,15397080,600150016,1018101760
findling-rss 1788550038,316719104,264650752,15390512,598994944,1018101760
findling-rss 1788550043,284307456,264679424,15402944,566403072,1018101760
findling-rss 1788550048,317095936,264679424,15418248,599068672,1018101760
findling-rss 1788550053,239992832,264986624,14766760,521670656,1018101760
findling-rss 1788550058,241033216,278745088,15253328,535912448,1018101760
findling-rss 1788550063,235208704,267407360,15960088,520318976,1018101760
findling-rss 1788550068,238628864,268079104,16058432,524570624,1018101760
findling-rss 1788550073,237518848,269115392,16127312,524513280,1018101760
findling-rss 1788550078,220692480,269656064,16244752,508198912,1018101760
findling-rss 1788550083,236396544,269881344,14941224,522825728,1018101760
findling-rss 1788550088,239722496,271425536,15065216,527970304,1018101760
findling-rss 1788550093,241020928,272801792,15141872,530292736,1018101760
findling-rss 1788550098,237350912,273084416,15320016,527482880,1018101760
findling-rss 1788550103,238784512,273969152,16584232,530841600,1018101760
findling-rss 1788550108,241475584,275165184,16658280,535023616,1018101760
findling-rss 1788550113,174313472,276463616,16692184,468897792,1018101760
findling-rss 1788550118,239169536,276787200,15626944,533286912,1018101760
findling-rss 1788550123,241692672,277987328,15760040,537387008,1018101760
findling-rss 1788550129,239833088,278638592,15817104,536031232,1018101760
findling-rss 1788550134,233910272,279261184,15967304,531107840,1018101760
findling-rss 1788550139,239038464,280223744,16065728,537079808,1018101760
findling-rss 1788550144,240353280,280371200,14031040,536596480,1018101760
findling-rss 1788550149,241029120,283709440,14101440,540479488,1018101760
findling-rss 1788550154,236318720,284389376,14400792,536866816,1018101760
findling-rss 1788550159,240738304,285450240,14474136,542396416,1018101760
findling-rss 1788550164,237277184,286171136,14624400,540033024,1018101760
findling-rss 1788550169,222687232,287395840,14798464,526336000,1018101760
findling-rss 1788550174,235597824,288174080,14861064,540102656,1018101760
findling-rss 1788550179,242499584,288804864,14967584,547930112,1018101760
findling-rss 1788550184,240476160,288808960,14945920,546054144,1018101760
findling-rss 1788550189,236187648,289603584,15200688,542855168,1018101760
findling-rss 1788550194,236261376,290521088,15336680,544014336,1018101760
findling-rss 1788550199,240963584,355651584,17338032,615251968,1018101760
findling-rss 1788550204,196268032,290783232,14947328,503578624,1018101760
findling-rss 1788550209,236007424,291463168,15095152,544067584,1018101760
findling-rss 1788550214,238448640,292442112,15160256,547549184,1018101760
findling-rss 1788550219,241242112,293584896,15109856,551235584,1018101760
findling-rss 1788550224,237486080,293711872,15221272,548220928,1018101760
findling-rss 1788550229,240480256,294596608,15283168,552263680,1018101760
findling-rss 1788550234,304586752,285892608,15156960,607842304,1018101760
findling-rss 1788550239,320225280,286138368,15154856,623697920,1018101760
findling-rss 1788550244,320368640,286138368,15173608,623800320,1018101760
findling-rss 1788550249,295890944,288284672,15224872,601190400,1018101760
findling-rss 1788550254,319934464,288284672,15225056,625561600,1018101760
findling-rss 1788550259,321110016,288284672,15225056,626454528,1018101760
findling-rss 1788550264,347947008,288284672,15224872,653664256,1018101760
findling-rss 1788550269,320794624,283746304,15100776,621621248,1018101760
findling-rss 1788550274,320892928,281628672,15061712,619454464,1018101760
findling-rss 1788550279,278482944,281673728,15070432,577044480,1018101760
findling-rss 1788550284,322424832,281702400,15063568,621465600,1018101760
findling-rss 1788550289,320368640,281706496,15081864,619110400,1018101760
findling-rss 1788550294,291704832,281538560,14905544,588664832,1018101760
findling-rss 1788550299,318959616,281554944,15005072,617451520,1018101760
findling-rss 1788550304,320634880,281563136,15023416,619302912,1018101760
findling-rss 1788550309,319868928,281591808,15017728,618684416,1018101760
findling-rss 1788550314,319684608,281608192,15025968,618479616,1018101760
findling-rss 1788550319,321499136,281624576,15045192,620470272,1018101760
findling-rss 1788550324,320159744,281649152,15038616,618803200,1018101760
findling-rss 1788550329,304586752,281673728,15051848,603496448,1018101760
findling-rss 1788550334,319741952,281673728,15068584,618790912,1018101760
findling-rss 1788550339,320303104,281706496,15063208,619200512,1018101760
findling-rss 1788550344,292368384,276770816,14824448,586014720,1018101760
findling-rss 1788550349,320696320,276770816,14826432,614477824,1018101760
findling-rss 1788550354,241795072,276987904,14736296,535134208,1018101760
findling-rss 1788550359,186236928,278134784,14786712,480751616,1018101760
findling-rss 1788550364,236744704,278896640,14960792,532373504,1018101760
findling-rss 1788550369,240447488,279748608,15036376,537243648,1018101760
findling-rss 1788550374,241668096,280756224,15073664,539254784,1018101760
findling-rss 1788550379,236691456,281223168,15233544,534917120,1018101760
findling-rss 1788550384,238280704,282140672,15295800,537518080,1018101760
findling-rss 1788550389,237559808,272879616,14955680,526995456,1018101760
findling-rss 1788550394,173551616,274264064,14969112,464461824,1018101760
findling-rss 1788550399,238891008,274534400,15212240,530395136,1018101760
findling-rss 1788550404,240291840,270954496,15153216,528105472,1018101760
findling-rss 1788550409,242565120,262455296,14933832,521523200,1018101760
findling-rss 1788550414,234434560,263176192,15114440,514215936,1018101760
findling-rss 1788550419,240816128,259780608,15070856,517857280,1018101760
findling-rss 1788550424,241795072,256638976,15022064,515227648,1018101760
findling-rss 1788550429,165228544,249257984,14556856,430620672,1018101760
findling-rss 1788550434,237432832,249741312,14831584,503906304,1018101760
findling-rss 1788550439,238309376,246771712,14787088,501686272,1018101760
findling-rss 1788550444,238800896,247877632,14885144,503054336,1018101760
findling-rss 1788550449,231161856,227180544,14088448,474202112,1018101760
findling-rss 1788550454,238374912,228134912,14191016,482201600,1018101760
findling-rss 1788550459,241324032,229773312,14259312,487325696,1018101760
findling-rss 1788550464,243130368,230244352,14308640,489590784,1018101760
findling-rss 1788550469,238272512,226635776,14248528,480919552,1018101760
findling-rss 1788550474,240615424,227717120,14318456,484581376,1018101760
findling-rss 1788550479,242692096,224923648,14273992,483655680,1018101760
findling-rss 1788550484,231387136,225546240,14418704,472956928,1018101760
findling-rss 1788550489,238116864,218775552,14249824,472645632,1018101760
findling-rss 1788550494,239546368,216436736,14064704,471621632,1018101760
findling-rss 1788550499,240795648,217329664,14127800,473980928,1018101760
findling-rss 1788550504,235352064,204279808,13894848,455299072,1018101760
findling-rss 1788550509,237215744,201232384,13669128,453992448,1018101760
findling-rss 1788550514,239304704,202194944,13735016,456929280,1018101760
findling-rss 1788550519,219529216,203169792,13914928,438288384,1018101760
findling-rss 1788550524,236941312,203821056,14030048,456478720,1018101760
findling-rss 1788550529,320286720,191324160,13622736,527511552,1018101760
findling-rss 1788550534,317562880,191320064,13623000,524783616,1018101760
findling-rss 1788550539,317317120,188350464,13535792,521064448,1018101760
findling-rss 1788550544,257548288,188432384,13550576,457052160,1018101760
findling-rss 1788550549,317440000,185294848,13479336,518438912,1018101760
findling-rss 1788550554,317464576,185311232,13476136,518352896,1018101760
findling-rss 1788550559,289710080,185352192,13377720,490180608,1018101760
findling-rss 1788550564,369348608,185344000,13507840,570261504,1018101760
findling-rss 1788550569,369500160,185380864,13500680,570753024,1018101760
findling-rss 1788550574,372568064,185380864,13519432,573919232,1018101760
findling-rss 1788550579,353984512,185397248,13532320,555040768,1018101760
findling-rss 1788550584,370016256,181825536,13313792,567562240,1018101760
findling-rss 1788550589,369790976,181817344,13331144,567173120,1018101760
findling-rss 1788550594,318758912,181854208,13347112,515776512,1018101760
findling-rss 1788550599,372494336,181878784,13340528,569864192,1018101760
findling-rss 1788550604,369528832,181886976,13359960,566968320,1018101760
findling-rss 1788550609,345673728,181903360,13352760,543223808,1018101760
findling-rss 1788550614,368287744,181932032,13365056,565878784,1018101760
findling-rss 1788550619,369221632,181940224,13383264,566960128,1018101760
findling-rss 1788550624,369467392,181968896,13377848,567009280,1018101760
findling-rss 1788550629,354004992,181989376,13389664,551731200,1018101760
findling-rss 1788550634,370008064,181997568,13408512,567595008,1018101760
findling-rss 1788550639,435339264,169357312,13311392,620294144,1018101760
findling-rss 1788550644,318029824,169594880,13330936,502829056,1018101760
findling-rss 1788550650,369573888,169594880,13348560,554733568,1018101760
findling-rss 1788550655,240746496,169701376,13251488,425459712,1018101760
findling-rss 1788550660,241455104,167272448,13360824,423837696,1018101760
findling-rss 1788550665,238714880,168214528,13466232,422264832,1018101760
findling-rss 1788550670,241508352,165826560,13143704,422043648,1018101760
findling-rss 1788550675,162717696,167075840,13065032,344281088,1018101760
findling-rss 1788550680,236335104,167419904,13339960,418955264,1018101760
findling-rss 1788550685,240218112,168345600,13445192,423833600,1018101760
findling-rss 1788550690,242053120,165548032,13228664,422502400,1018101760
findling-rss 1788550695,235405312,166158336,13391880,416546816,1018101760
findling-rss 1788550700,238510080,167075840,13455248,420904960,1018101760
findling-rss 1788550705,241180672,167976960,13559224,424251392,1018101760
findling-rss 1788550710,241205248,154206208,13139184,410345472,1018101760
findling-rss 1788550715,237133824,155029504,13291912,407048192,1018101760
findling-rss 1788550720,236011520,155971584,13395136,406999040,1018101760
findling-rss 1788550725,241049600,157093888,13467704,413265920,1018101760
findling-rss 1788550730,220807168,157487104,13905656,393715712,1018101760
findling-rss 1788550735,239362048,158588928,14013024,413839360,1018101760
findling-rss 1788550740,242298880,159629312,14080520,417628160,1018101760
findling-rss 1788550745,238698496,160555008,14145944,415109120,1018101760
findling-rss 1788550750,233422848,161304576,13772960,410083328,1018101760
findling-rss 1788550755,237912064,162304000,13880016,416210944,1018101760
findling-rss 1788550760,241324032,163774464,13963496,420294656,1018101760
findling-rss 1788550765,183496704,164663296,14011488,363761664,1018101760
findling-rss 1788550770,236007424,164372480,13996024,416309248,1018101760
findling-rss 1788550775,238944256,165748736,14112352,420433920,1018101760
findling-rss 1788550780,238022656,161406976,14030120,415334400,1018101760
findling-rss 1788550785,235724800,162308096,14198560,414175232,1018101760
findling-rss 1788550790,236302336,168607744,13908224,420372480,1018101760
findling-rss 1788550795,241803264,169353216,14007392,427134976,1018101760
findling-rss 1788550800,173772800,170459136,14006384,359710720,1018101760
findling-rss 1788550805,235638784,168534016,14195920,419639296,1018101760
findling-rss 1788550810,240115712,171229184,13947144,427110400,1018101760
findling-rss 1788550815,239816704,172490752,14018536,428638208,1018101760
findling-rss 1788550820,226787328,173547520,14158184,416182272,1018101760
findling-rss 1788550825,238272512,171368448,14158120,425648128,1018101760
findling-rss 1788550830,240033792,175521792,14238112,431591424,1018101760
findling-rss 1788550835,304214016,175456256,14345680,495947776,1018101760
findling-rss 1788550840,319492096,175587328,14343688,511561728,1018101760
findling-rss 1788550845,321990656,175575040,14362104,514179072,1018101760
findling-rss 1788550850,295510016,175611904,14374648,487526400,1018101760
findling-rss 1788550855,320126976,175656960,14368392,512417792,1018101760
findling-rss 1788550860,319287296,175656960,14384072,511680512,1018101760
findling-rss 1788550865,292003840,175677440,14293032,483950592,1018101760
findling-rss 1788550870,320073728,175714304,14393392,512249856,1018101760
findling-rss 1788550875,319819776,175714304,14411352,512065536,1018101760
findling-rss 1788550880,274669568,175542272,14660928,485978112,1018101760
findling-rss 1788550885,318754816,175575040,14673448,510885888,1018101760
findling-rss 1788550890,319819776,175570944,14691320,511959040,1018101760
findling-rss 1788550895,320876544,175599616,14599232,512974848,1018101760
findling-rss 1788550900,304226304,175632384,14615528,496656384,1018101760
findling-rss 1788550905,318984192,175632384,14632968,511373312,1018101760
findling-rss 1788550910,319082496,175656960,14626920,511680512,1018101760
findling-rss 1788550915,248664064,175697920,14640160,440619008,1018101760
findling-rss 1788550920,322318336,175689728,14657512,514854912,1018101760
findling-rss 1788550925,320139264,175714304,14651280,512335872,1018101760
findling-rss 1788550930,296189952,175718400,14669168,497381376,1018101760
findling-rss 1788550935,319098880,175583232,14688360,511393792,1018101760
findling-rss 1788550940,323469312,175603712,14680528,515899392,1018101760
findling-rss 1788550945,319733760,175603712,14698760,512069632,1018101760
findling-rss 1788550950,304222208,175644672,14712232,496533504,1018101760
findling-rss 1788550955,319586304,175673344,14703200,512212992,1018101760
findling-rss 1788550960,319959040,175673344,14580896,512512000,1018101760
findling-rss 1788550965,292003840,175706112,14486712,484032512,1018101760
findling-rss 1788550970,318996480,175747072,14587592,511229952,1018101760
findling-rss 1788550975,319647744,175742976,14605688,512331776,1018101760
findling-rss 1788550980,320225280,175788032,14600064,512774144,1018101760
findling-rss 1788550985,304226304,174706688,14422128,495370240,1018101760
findling-rss 1788550990,319930368,174706688,14439824,511201280,1018101760
findling-rss 1788550995,319434752,174735360,14434520,510734336,1018101760
findling-rss 1788551000,271192064,174768128,14446608,461328384,1018101760
findling-rss 1788551005,319893504,174772224,14464752,511291392,1018101760
findling-rss 1788551010,320610304,174800896,14458952,511524864,1018101760
findling-rss 1788551015,239931392,174481408,14350312,430297088,1018101760
findling-rss 1788551020,322633728,174829568,14489504,513974272,1018101760
findling-rss 1788551025,319045632,174866432,14483160,510484480,1018101760
findling-rss 1788551030,319598592,174870528,14502296,511074304,1018101760
findling-rss 1788551035,304222208,174891008,14513576,495570944,1018101760
findling-rss 1788551040,319504384,174878720,14666248,511250432,1018101760
findling-rss 1788551045,319164416,174878720,14684888,510713856,1018101760
findling-rss 1788551050,292003840,175603712,14593808,484114432,1018101760
findling-rss 1788551055,318693376,175620096,14689376,511111168,1018101760
findling-rss 1788551060,320868352,175616000,14708472,513519616,1018101760
findling-rss 1788551065,320212992,175648768,14701744,512540672,1018101760
findling-rss 1788551070,197648384,175681536,14629656,389738496,1018101760
findling-rss 1788551075,343150592,175681536,14802168,535683072,1018101760
findling-rss 1788551080,343924736,175706112,14796752,536576000,1018101760
findling-rss 1788551085,344170496,175706112,14483016,536547328,1018101760
findling-rss 1788551090,328941568,175734784,14495584,521265152,1018101760
findling-rss 1788551095,344477696,175616000,14740152,537006080,1018101760
findling-rss 1788551100,344309760,175616000,14758408,536825856,1018101760
findling-rss 1788551105,275890176,175656960,14771896,468111360,1018101760
findling-rss 1788551110,344387584,175714304,14765480,537206784,1018101760
findling-rss 1788551115,346112000,175714304,14760688,538755072,1018101760
findling-rss 1788551120,346931200,175771648,14755648,539779072,1018101760
findling-rss 1788551125,328974336,175820800,14768232,521457664,1018101760
findling-rss 1788551130,343605248,175816704,14786488,536510464,1018101760
findling-rss 1788551135,344494080,175865856,14781112,537473024,1018101760
findling-rss 1788551140,320258048,175910912,14794400,504315904,1018101760
findling-rss 1788551145,345378816,175923200,14813216,538402816,1018101760
findling-rss 1788551150,344817664,175804416,14748376,537722880,1018101760
findling-rss 1788551155,260096000,175857664,14652464,451153920,1018101760
findling-rss 1788551160,343654400,175853568,14779344,536535040,1018101760
findling-rss 1788551165,344166400,175915008,14773648,536981504,1018101760
findling-rss 1788551170,345169920,175915008,14792768,538120192,1018101760
findling-rss 1788551175,341905408,175980544,14805800,534818816,1018101760
findling-rss 1788551180,344723456,176058368,14735376,537587712,1018101760
findling-rss 1788551185,344592384,176050176,14753496,537509888,1018101760
findling-rss 1788551190,328957952,176082944,14765336,522006528,1018101760
findling-rss 1788551195,344236032,176140288,14763008,537444352,1018101760
findling-rss 1788551200,344879104,176132096,14781200,537706496,1018101760
findling-rss 1788551205,291254272,176017408,14780192,476147712,1018101760
findling-rss 1788551210,344629248,176058368,14774096,537620480,1018101760
findling-rss 1788551215,347570176,176046080,14582152,540151808,1018101760
findling-rss 1788551220,319901696,176078848,14575672,521621504,1018101760
findling-rss 1788551225,343904256,176107520,14588120,536731648,1018101760
findling-rss 1788551231,343949312,176099328,14605656,536977408,1018101760
findling-rss 1788551236,346312704,176140288,14600512,539181056,1018101760
findling-rss 1788551241,340770816,176173056,14612936,533147648,1018101760
findling-rss 1788551246,343965696,176160768,14630680,537026560,1018101760
findling-rss 1788551251,345071616,176185344,14624496,538030080,1018101760
findling-rss 1788551256,328986624,176066560,14764544,521797632,1018101760
findling-rss 1788551261,344584192,176062464,14782440,537444352,1018101760
findling-rss 1788551266,345251840,176082944,14775600,538202112,1018101760
findling-rss 1788551271,292483072,176115712,14788952,485146624,1018101760
findling-rss 1788551276,344055808,176111616,14807304,537071616,1018101760
findling-rss 1788551281,347439104,176140288,14778720,540631040,1018101760
findling-rss 1788551286,212627456,175824896,14670552,404766720,1018101760
findling-rss 1788551291,343961600,176173056,14809496,537280512,1018101760
findling-rss 1788551296,344375296,176209920,14803104,537698304,1018101760
findling-rss 1788551301,347394048,176197632,14821656,540372992,1018101760
findling-rss 1788551306,329023488,176238592,14833768,522092544,1018101760
findling-rss 1788551311,344940544,176099328,14683504,537948160,1018101760
findling-rss 1788551316,344137728,176107520,14261216,536866816,1018101760
findling-rss 1788551321,264720384,176119808,14166992,456900608,1018101760
findling-rss 1788551326,343760896,176144384,14266896,536064000,1018101760
findling-rss 1788551331,344199168,176156672,14286128,536817664,1018101760
findling-rss 1788551336,212664320,175828992,14180880,404418560,1018101760
findling-rss 1788551341,344358912,176218112,14292464,537169920,1018101760
findling-rss 1788551346,345145344,176209920,14310224,537620480,1018101760
findling-rss 1788551351,344367104,176254976,14308536,537276416,1018101760
findling-rss 1788551356,329035776,176279552,14316968,521777152,1018101760
findling-rss 1788551361,344961024,176279552,14335064,537583616,1018101760
findling-rss 1788551366,346451968,176111616,14771824,539680768,1018101760
findling-rss 1788551371,275570688,176140288,14785384,468475904,1018101760
findling-rss 1788551376,344399872,176152576,14803640,537571328,1018101760
findling-rss 1788551381,344702976,177557504,14797816,539119616,1018101760
findling-rss 1788551386,274685952,177557504,14691360,468779008,1018101760
findling-rss 1788551391,356823040,177557504,14797136,551411712,1018101760
findling-rss 1788551396,358649856,177557504,14797136,553140224,1018101760
findling-rss 1788551401,221274112,176218112,14667704,405291008,1018101760
findling-rss 1788551406,344412160,176222208,14791440,537616384,1018101760
findling-rss 1788551411,344633344,176238592,14780568,537595904,1018101760
findling-rss 1788551416,345038848,176242688,14798896,538329088,1018101760
findling-rss 1788551421,341712896,176275456,14811344,534970368,1018101760
findling-rss 1788551426,345088000,176300032,14805120,538505216,1018101760
findling-rss 1788551431,346034176,176291840,14823264,539299840,1018101760
findling-rss 1788551436,329089024,176156672,14795752,522047488,1018101760
findling-rss 1788551441,343638016,176181248,14789768,536563712,1018101760
findling-rss 1788551446,345108480,176189440,14767312,538181632,1018101760
findling-rss 1788551451,264802304,176205824,14673200,457326592,1018101760
findling-rss 1788551456,343658496,176238592,14773016,536854528,1018101760
findling-rss 1788551461,343740416,176242688,14790880,537104384,1018101760
findling-rss 1788551466,346238976,176267264,14785088,539602944,1018101760
findling-rss 1788551471,344035328,176304128,14798240,537251840,1018101760
findling-rss 1788551476,344551424,176300032,14814336,537915392,1018101760
findling-rss 1788551481,344014848,176320512,14808808,537047040,1018101760
findling-rss 1788551486,329101312,176185344,14782432,522354688,1018101760
findling-rss 1788551491,346669056,176193536,14800912,539774976,1018101760
findling-rss 1788551496,345026560,176222208,14797776,538161152,1018101760
findling-rss 1788551501,302997504,176259072,14812464,495882240,1018101760
findling-rss 1788551506,344576000,176267264,14831576,537894912,1018101760
findling-rss 1788551511,344588288,176291840,14707392,537645056,1018101760
findling-rss 1788551516,264843264,176320512,14613528,457404416,1018101760
findling-rss 1788551521,343924736,176324608,14738032,537178112,1018101760
findling-rss 1788551526,346210304,176345088,14731600,539631616,1018101760
findling-rss 1788551531,272941056,176353280,14750192,513253376,1018101760
findling-rss 1788551536,343756800,176381952,14762872,536911872,1018101760
findling-rss 1788551541,344928256,176246784,14792944,537858048,1018101760
findling-rss 1788551546,348106752,176242688,14327832,540823552,1018101760
findling-rss 1788551551,293367808,176271360,14339328,486006784,1018101760
findling-rss 1788551556,344379392,176300032,14330936,537354240,1018101760
findling-rss 1788551561,344293376,176304128,14348896,537239552,1018101760
findling-rss 1788551566,254730240,176324608,14255440,445870080,1018101760
findling-rss 1788551571,343973888,176357376,14355416,536879104,1018101760
findling-rss 1788551576,345509888,176361472,14373488,538374144,1018101760
findling-rss 1788551581,344317952,176390144,14367304,537288704,1018101760
findling-rss 1788551586,343638016,176418816,14380144,536735744,1018101760
findling-rss 1788551591,346652672,176410624,14398080,539697152,1018101760
findling-rss 1788551596,344240128,176267264,14793232,537534464,1018101760
findling-rss 1788551601,329175040,176312320,14805864,522358784,1018101760
findling-rss 1788551606,344813568,176308224,14824208,538042368,1018101760
findling-rss 1788551611,345780224,176332800,14797032,539037696,1018101760
findling-rss 1788551616,264876032,176361472,14700856,457789440,1018101760
findling-rss 1788551621,345108480,176361472,14827512,538288128,1018101760
findling-rss 1788551626,344412160,176394240,14821984,537911296,1018101760
findling-rss 1788551631,212803584,176066560,14713096,405327872,1018101760
findling-rss 1788551636,344080384,176418816,14852536,537591808,1018101760
findling-rss 1788551641,345174016,176447488,14846488,538484736,1018101760
findling-rss 1788551646,346374144,176443392,14864608,540049408,1018101760
findling-rss 1788551651,293261312,176021504,14805632,486944768,1018101760
findling-rss 1788551656,343838720,176058368,14796728,536641536,1018101760
findling-rss 1788551661,344875008,176058368,14815248,537989120,1018101760
findling-rss 1788551666,264884224,176074752,14722800,457306112,1018101760
findling-rss 1788551671,343986176,176111616,14823856,536977408,1018101760
findling-rss 1788551676,345870336,176119808,14704192,538800128,1018101760
findling-rss 1788551681,344895488,176144384,14697488,538046464,1018101760
findling-rss 1788551686,343179264,176205824,14711336,534880256,1018101760
findling-rss 1788551691,344133632,176205824,14730112,537305088,1018101760
findling-rss 1788551696,346595328,176250880,14723808,539729920,1018101760
findling-rss 1788551701,329162752,176099328,14793040,518946816,1018101760
findling-rss 1788551706,344690688,176103424,14679960,537526272,1018101760
findling-rss 1788551711,346058752,176123904,14674184,539086848,1018101760
findling-rss 1788551716,264884224,176164864,14578344,457564160,1018101760
findling-rss 1788551721,343707648,176156672,14705888,536801280,1018101760
findling-rss 1788551726,343957504,176185344,14698888,536805376,1018101760
findling-rss 1788551731,212811776,175874048,14590336,404860928,1018101760
findling-rss 1788551736,344776704,176230400,14730024,537677824,1018101760
findling-rss 1788551741,343965696,176246784,14723232,537165824,1018101760
findling-rss 1788551746,345456640,176263168,14742184,538660864,1018101760
findling-rss 1788551751,341725184,176287744,14754792,534212608,1018101760
findling-rss 1788551756,345116672,176156672,14797208,538152960,1018101760
findling-rss 1788551761,344961024,176148480,14816032,537972736,1018101760
findling-rss 1788551766,320475136,176189440,14827760,513601536,1018101760
findling-rss 1788551771,344186880,176214016,14728296,537083904,1018101760
findling-rss 1788551776,345014272,176214016,14746840,537849856,1018101760
findling-rss 1788551781,260538368,176242688,14653320,450371584,1018101760
findling-rss 1788551786,344612864,176271360,14753568,537497600,1018101760
findling-rss 1788551791,345088000,176267264,14772232,538271744,1018101760
findling-rss 1788551796,348053504,176300032,14768712,541130752,1018101760
findling-rss 1788551801,341262336,176328704,14780600,534118400,1018101760
findling-rss 1788551806,345067520,176328704,14799624,538492928,1018101760
findling-rss 1788551811,344952832,176185344,14804536,538189824,1018101760
findling-rss 1788551816,329179136,176218112,14817328,522534912,1018101760
findling-rss 1788551821,345399296,176226304,14835688,538615808,1018101760
findling-rss 1788551826,344375296,176242688,14830056,537686016,1018101760
findling-rss 1788551831,264900608,176275456,14735736,457699328,1018101760
findling-rss 1788551836,345006080,176279552,14801136,538222592,1018101760
findling-rss 1788551841,344657920,176308224,14790928,537710592,1018101760
findling-rss 1788551846,348078080,176308224,14813160,541335552,1018101760
findling-rss 1788551852,329187328,176332800,14825096,522407936,1018101760
findling-rss 1788551857,295165952,176353280,14918248,488570880,1018101760
findling-rss 1788551862,344510464,176365568,14936856,538173440,1018101760
findling-rss 1788551867,345137152,176226304,14910248,538558464,1018101760
findling-rss 1788551872,328933376,176250880,14884928,522162176,1018101760
findling-rss 1788551877,344920064,176250880,14902912,538177536,1018101760
findling-rss 1788551882,344903680,176279552,14897112,538230784,1018101760
findling-rss 1788551887,264658944,176308224,14803472,457699328,1018101760
findling-rss 1788551892,344379392,176304128,14927344,537858048,1018101760
findling-rss 1788551897,344281088,176361472,14922624,537714688,1018101760
findling-rss 1788551902,212590592,176050176,14814184,405073920,1018101760
findling-rss 1788551907,343580672,176398336,14953128,536956928,1018101760
findling-rss 1788551912,344813568,176435200,14948072,538374144,1018101760
findling-rss 1788551917,344293376,176435200,14966328,537849856,1018101760
findling-rss 1788551922,334868480,176267264,14931680,526864384,1018101760
findling-rss 1788551927,344313856,176304128,14925488,537804800,1018101760
findling-rss 1788551932,347033600,176295936,14919832,540233728,1018101760
findling-rss 1788551937,293519360,176324608,14931832,486699008,1018101760
findling-rss 1788551942,344375296,176353280,14925536,537722880,1018101760
findling-rss 1788551947,345141248,176353280,14944424,538652672,1018101760
findling-rss 1788551952,256389120,173977600,14787672,445763584,1018101760
findling-rss 1788551957,344195072,173998080,14883808,535027712,1018101760
findling-rss 1788551962,345260032,173993984,14901136,536469504,1018101760
findling-rss 1788551967,344301568,174055424,14901496,535617536,1018101760
findling-rss 1788551972,328970240,176070656,14918608,521953280,1018101760
findling-rss 1788551977,346746880,176078848,14937216,539914240,1018101760
findling-rss 1788551982,344735744,176099328,14793448,537747456,1018101760
findling-rss 1788551987,264699904,176132096,14699784,457117696,1018101760
findling-rss 1788551992,343969792,176123904,14824152,537202688,1018101760
findling-rss 1788551997,344633344,176152576,14817928,537628672,1018101760
findling-rss 1788552002,212627456,175833088,14711048,404959232,1018101760
findling-rss 1788552007,344612864,176185344,14849000,537542656,1018101760
findling-rss 1788552012,344616960,176218112,14842880,537915392,1018101760
findling-rss 1788552017,346775552,176218112,14861520,540016640,1018101760
findling-rss 1788552022,328974336,176234496,14872976,522395648,1018101760
findling-rss 1788552027,344543232,176095232,14922976,537464832,1018101760
findling-rss 1788552032,344068096,176099328,14941184,537309184,1018101760
findling-rss 1788552037,293785600,176140288,14955352,486608896,1018101760
findling-rss 1788552042,347037696,176177152,14947536,540200960,1018101760
findling-rss 1788552047,346365952,176181248,14838160,539537408,1018101760
findling-rss 1788552052,346103808,176226304,14832496,539475968,1018101760
findling-rss 1788552057,353574912,177283072,14879760,547708928,1018101760
findling-rss 1788552062,357281792,177283072,14879920,551690240,1018101760
findling-rss 1788552067,356667392,177283072,14879760,551010304,1018101760
findling-rss 1788552072,329027584,176267264,14864496,522174464,1018101760
findling-rss 1788552077,344395776,176287744,14856192,537604096,1018101760
findling-rss 1788552082,344453120,176295936,14874376,537899008,1018101760
findling-rss 1788552087,284643328,176328704,14888448,473047040,1018101760
findling-rss 1788552092,344043520,176222208,14931456,537235456,1018101760
findling-rss 1788552097,344358912,176214016,14950240,537653248,1018101760
findling-rss 1788552102,344449024,176250880,14947872,537792512,1018101760
findling-rss 1788552107,344068096,176304128,14959928,537407488,1018101760
findling-rss 1788552112,344178688,176308224,14825584,537604096,1018101760
findling-rss 1788552117,344662016,176361472,14819392,537694208,1018101760
findling-rss 1788552122,329052160,176406528,14833064,522387456,1018101760
findling-rss 1788552127,343879680,176402432,14851072,537354240,1018101760
findling-rss 1788552132,347697152,176484352,14846296,541061120,1018101760
findling-rss 1788552137,250761216,176562176,14751960,442777600,1018101760
findling-rss 1788552142,343949312,176553984,14878304,537571328,1018101760
findling-rss 1788552147,345464832,176136192,14756392,538480640,1018101760
findling-rss 1788552152,344043520,176136192,14772208,537260032,1018101760
findling-rss 1788552157,329060352,176193536,14786104,522244096,1018101760
findling-rss 1788552162,343830528,176234496,14780480,537092096,1018101760
findling-rss 1788552167,344551424,176234496,14797808,537927680,1018101760
findling-rss 1788552172,294023168,176267264,14811184,487211008,1018101760
findling-rss 1788552177,343887872,176291840,14728608,536969216,1018101760
findling-rss 1788552182,346771456,176300032,14747856,540028928,1018101760
findling-rss 1788552187,212717568,175972352,14650496,405032960,1018101760
findling-rss 1788552192,344145920,176353280,14753832,537473024,1018101760
findling-rss 1788552197,344784896,176349184,14771976,538079232,1018101760
findling-rss 1788552202,344449024,176205824,14758680,537706496,1018101760
findling-rss 1788552207,329084928,176226304,14690584,522055680,1018101760
findling-rss 1788552212,344317952,176230400,14709088,537350144,1018101760
findling-rss 1788552217,344567808,176271360,14702808,537862144,1018101760
findling-rss 1788552222,302989312,176295936,14715240,496001024,1018101760
findling-rss 1788552227,349278208,176295936,14732928,542416896,1018101760
findling-rss 1788552232,344752128,176324608,14727560,537894912,1018101760
findling-rss 1788552237,246554624,176353280,14631112,438063104,1018101760
findling-rss 1788552242,343670784,176349184,14757544,536981504,1018101760
findling-rss 1788552247,345649152,176386048,14753192,538853376,1018101760
findling-rss 1788552252,346923008,173760512,14698096,537358336,1018101760
findling-rss 1788552257,342110208,176205824,14776200,535146496,1018101760
findling-rss 1788552262,344055808,176234496,14770176,537190400,1018101760
findling-rss 1788552267,347959296,176238592,14788112,541085696,1018101760
findling-rss 1788552272,293990400,176267264,14715512,486842368,1018101760
findling-rss 1788552277,344854528,176295936,14710008,538095616,1018101760
findling-rss 1788552282,344862720,176295936,14727608,537980928,1018101760
findling-rss 1788552287,264859648,176328704,14634464,457641984,1018101760
findling-rss 1788552292,344514560,176353280,14734512,537948160,1018101760
findling-rss 1788552297,345305088,176353280,14752560,538361856,1018101760
findling-rss 1788552302,347611136,176377856,14745992,540868608,1018101760
findling-rss 1788552307,353538048,177795072,14804104,548155392,1018101760
findling-rss 1788552312,355508224,177795072,14803496,550211584,1018101760
findling-rss 1788552317,356376576,177795072,14803128,551120896,1018101760
findling-rss 1788552322,343576576,176246784,14761936,536621056,1018101760
findling-rss 1788552327,343851008,176250880,14780392,537239552,1018101760
findling-rss 1788552332,344723456,176283648,14774296,537960448,1018101760
findling-rss 1788552337,329179136,176336896,14701576,522416128,1018101760
findling-rss 1788552342,345202688,176345088,14720488,538447872,1018101760
findling-rss 1788552347,345268224,180916224,14838400,543207424,1018101760
findling-rss 1788552352,338944000,180916224,14838672,536936448,1018101760
findling-rss 1788552357,356368384,180916224,14838512,554278912,1018101760
findling-rss 1788552362,356593664,180916224,14838512,554491904,1018101760
findling-rss 1788552367,352571392,180916224,14837944,550404096,1018101760
findling-rss 1788552372,304390144,180916224,14837744,502083584,1018101760
findling-rss 1788552377,306233344,180916224,14569552,503627776,1018101760
findling-rss 1788552382,357806080,180916224,14569568,555655168,1018101760
findling-rss 1788552387,359133184,180916224,14569552,556490752,1018101760
findling-rss 1788552392,289902592,180916224,14570408,487079936,1018101760
findling-rss 1788552397,343965696,176398336,14525472,537161728,1018101760
findling-rss 1788552402,345235456,176443392,14523968,538488832,1018101760
findling-rss 1788552407,212836352,176115712,14424192,404942848,1018101760
findling-rss 1788552412,343560192,176463872,14554136,536715264,1018101760
findling-rss 1788552417,348180480,176488448,14547952,541376512,1018101760
findling-rss 1788552422,345128960,176492544,14566816,538574848,1018101760
findling-rss 1788552427,329207808,176353280,14790376,522608640,1018101760
findling-rss 1788552432,344743936,176381952,14784304,537939968,1018101760
findling-rss 1788552437,344924160,176381952,14802536,538214400,1018101760
findling-rss 1788552442,264912896,176406528,14536480,457535488,1018101760
findling-rss 1788552447,344604672,176443392,14636432,538005504,1018101760
findling-rss 1788552452,344371200,176447488,14654912,537776128,1018101760
findling-rss 1788552457,343695360,176508928,14651632,537165824,1018101760
findling-rss 1788552462,329175040,176529408,14664088,522436608,1018101760
findling-rss 1788552467,345174016,176545792,14683112,538718208,1018101760
findling-rss 1788552472,344850432,176574464,14676696,538202112,1018101760
findling-rss 1788552477,293433344,176418816,14780016,486563840,1018101760
findling-rss 1788552483,344629248,176410624,14798712,537931776,1018101760
findling-rss 1788552488,344322048,176443392,14792616,537698304,1018101760
findling-rss 1788552493,264912896,176480256,14699088,458002432,1018101760
findling-rss 1788552498,344403968,176476160,14820000,537731072,1018101760
findling-rss 1788552503,344682496,176500736,14816776,538124288,1018101760
findling-rss 1788552508,212840448,176181248,14494576,405102592,1018101760
findling-rss 1788552513,343855104,176529408,14634040,537079808,1018101760
findling-rss 1788552518,348405760,176570368,14629120,541958144,1018101760
findling-rss 1788552523,344694784,176566272,14646176,537923584,1018101760
findling-rss 1788552528,329179136,176590848,14659312,522567680,1018101760
findling-rss 1788552533,345001984,176246784,14450712,537890816,1018101760
findling-rss 1788552538,344756224,176254976,14469576,537477120,1018101760
findling-rss 1788552543,276496384,176279552,14481824,469233664,1018101760
findling-rss 1788552548,344301568,176312320,14475528,537169920,1018101760
findling-rss 1788552553,344719360,173649920,14422944,534654976,1018101760
findling-rss 1788552558,212848640,173334528,14314664,402194432,1018101760
findling-rss 1788552563,355405824,175783936,14489552,547856384,1018101760
findling-rss 1788552568,355467264,175783936,14488488,547889152,1018101760
findling-rss 1788552573,276811776,175783936,14384304,468860928,1018101760
findling-rss 1788552578,356679680,175783936,14488760,548888576,1018101760
findling-rss 1788552583,304873472,175783936,14488104,496934912,1018101760
findling-rss 1788552588,256442368,173744128,14340424,444092416,1018101760
findling-rss 1788552593,344801280,173809664,14439960,535257088,1018101760
findling-rss 1788552598,344817664,173821952,14459048,535298048,1018101760
findling-rss 1788552603,344690688,173858816,14454216,535171072,1018101760
findling-rss 1788552608,329248768,176435200,14789832,522493952,1018101760
findling-rss 1788552613,347357184,176422912,14807864,540643328,1018101760
findling-rss 1788552618,345026560,176463872,14801760,538304512,1018101760
findling-rss 1788552623,303099904,176529408,14815024,496295936,1018101760
findling-rss 1788552628,345223168,176537600,14834408,538497024,1018101760
findling-rss 1788552633,344596480,176566272,14653888,537923584,1018101760
findling-rss 1788552638,264929280,176635904,14558720,457965568,1018101760
findling-rss 1788552643,344285184,176635904,14684176,537706496,1018101760
findling-rss 1788552648,345669632,176717824,14680944,539181056,1018101760
findling-rss 1788552653,212865024,176418816,14573672,405614592,1018101760
findling-rss 1788552658,344363008,176775168,14711576,537882624,1018101760
findling-rss 1788552663,344150016,176590848,14647008,537440256,1018101760
findling-rss 1788552668,344641536,176590848,14665376,538255360,1018101760
findling-rss 1788552673,343801856,176656384,14679088,537202688,1018101760
findling-rss 1788552678,344662016,176685056,14672496,538038272,1018101760
findling-rss 1788552683,344887296,176689152,14691064,538234880,1018101760
findling-rss 1788552688,329220096,178802688,14761776,524763136,1018101760
findling-rss 1788552693,354504704,178802688,14760168,550178816,1018101760
findling-rss 1788552698,355037184,178802688,14762968,550658048,1018101760
findling-rss 1788552703,353460224,178802688,14762600,548950016,1018101760
findling-rss 1788552708,356700160,178802688,14762832,552566784,1018101760
findling-rss 1788552713,305348608,178802688,14760528,501125120,1018101760
findling-rss 1788552718,342515712,176754688,14719528,535941120,1018101760
findling-rss 1788552723,344555520,176791552,14713384,538415104,1018101760
findling-rss 1788552728,348123136,176783360,14731984,541863936,1018101760
findling-rss 1788552733,329216000,176816128,14744728,522752000,1018101760
findling-rss 1788552738,343941120,176398336,14755600,537145344,1018101760
findling-rss 1788552743,344068096,176398336,14774320,537526272,1018101760
findling-rss 1788552748,313360384,176427008,14867824,506703872,1018101760
findling-rss 1788552753,264663040,176451584,14769504,457637888,1018101760
findling-rss 1788552758,344125440,176443392,14896368,537710592,1018101760
findling-rss 1788552763,347430912,176467968,14890184,541110272,1018101760
findling-rss 1788552768,213639168,176156672,14799232,406380544,1018101760
findling-rss 1788552773,355069952,180006912,15000344,551636992,1018101760
findling-rss 1788552778,355778560,180006912,14996048,552898560,1018101760
findling-rss 1788552783,276180992,180006912,14890664,473006080,1018101760
findling-rss 1788552788,348270592,180006912,14994664,545447936,1018101760
findling-rss 1788552793,357924864,180006912,14994864,554799104,1018101760
findling-rss 1788552798,305045504,180006912,14995064,493400064,1018101760
findling-rss 1788552803,358653952,180006912,14653736,555376640,1018101760
findling-rss 1788552808,306487296,180006912,14653920,503234560,1018101760
findling-rss 1788552813,277041152,176570368,14680584,470192128,1018101760
findling-rss 1788552818,345264128,176566272,14697688,538484736,1018101760
findling-rss 1788552823,345538560,176599040,14692000,538939392,1018101760
findling-rss 1788552828,225845248,240893952,16515936,472473600,1018101760
findling-rss 1788552833,346157056,176467968,14921256,539693056,1018101760
findling-rss 1788552838,345792512,176492544,14756656,539385856,1018101760
findling-rss 1788552843,345153536,176488448,14774528,538615808,1018101760
findling-rss 1788552848,344899584,176513024,14787752,538312704,1018101760
findling-rss 1788552853,345698304,176599040,14785048,539357184,1018101760
findling-rss 1788552858,345440256,176603136,14800296,539062272,1018101760
findling-rss 1788552863,330072064,176635904,14812336,523542528,1018101760
findling-rss 1788552868,345739264,176660480,14772304,539013120,1018101760
findling-rss 1788552873,346386432,176668672,14791168,539967488,1018101760
findling-rss 1788552878,362876928,174395392,14379048,551723008,1018101760
findling-rss 1788552883,346030080,177201152,14670512,539877376,1018101760
findling-rss 1788552888,346910720,177201152,14689264,541122560,1018101760
findling-rss 1788552893,350007296,177229824,14682784,544149504,1018101760
findling-rss 1788552898,331239424,177258496,14695216,525516800,1018101760
findling-rss 1788552903,347693056,177262592,14713832,541966336,1018101760
findling-rss 1788552908,346501120,177283072,14707920,540426240,1018101760
findling-rss 1788552913,331235328,177311744,14586008,525447168,1018101760
findling-rss 1788552918,345944064,177319936,14604736,540119040,1018101760
findling-rss 1788552923,348725248,177344512,14598888,542846976,1018101760
findling-rss 1788552928,278241280,177377280,14611616,472113152,1018101760
findling-rss 1788552933,346898432,177373184,14630056,541085696,1018101760
findling-rss 1788552938,346517504,177254400,14675944,540758016,1018101760
findling-rss 1788552943,214888448,176947200,14568200,408248320,1018101760
findling-rss 1788552948,346910720,177299456,14605664,540618752,1018101760
findling-rss 1788552953,346251264,177328128,14599720,540270592,1018101760
findling-rss 1788552958,214904832,177008640,14491016,407842816,1018101760
findling-rss 1788552963,346345472,177364992,14630408,540332032,1018101760
findling-rss 1788552968,347045888,177381376,14623800,541016064,1018101760
findling-rss 1788552973,346599424,177393664,14642232,540803072,1018101760
findling-rss 1788552978,331284480,177414144,14655752,525508608,1018101760
findling-rss 1788552983,346796032,177446912,14649424,541077504,1018101760
findling-rss 1788552988,346329088,177451008,14667592,540721152,1018101760
findling-rss 1788552993,305893376,176607232,14699400,498544640,1018101760
findling-rss 1788552998,346726400,176623616,14695136,540377088,1018101760
findling-rss 1788553003,346202112,176623616,14713616,539623424,1018101760
findling-rss 1788553008,249544704,176652288,14619728,441073664,1018101760
findling-rss 1788553013,345587712,176734208,14624936,539295744,1018101760
findling-rss 1788553018,346480640,176742400,14642624,539910144,1018101760
findling-rss 1788553023,347443200,176762880,14636824,541028352,1018101760
findling-rss 1788553028,331313152,176799744,14649112,524750848,1018101760
findling-rss 1788553033,346398720,176791552,14667648,539873280,1018101760
findling-rss 1788553038,346779648,176828416,14662184,540635136,1018101760
findling-rss 1788553043,331304960,176685056,14693776,524726272,1018101760
findling-rss 1788553048,347500544,176685056,14713368,540942336,1018101760
findling-rss 1788553053,347185152,176721920,14707000,540606464,1018101760
findling-rss 1788553058,267042816,176734208,14610632,460177408,1018101760
findling-rss 1788553063,346480640,176738304,14734392,540254208,1018101760
findling-rss 1788553068,346435584,176771072,14728272,540119040,1018101760
findling-rss 1788553073,214970368,176447488,14621824,407740416,1018101760
findling-rss 1788553078,346062848,176799744,14724264,539746304,1018101760
findling-rss 1788553083,347992064,176832512,14718304,541843456,1018101760
findling-rss 1788553088,347492352,176832512,14736536,541163520,1018101760
findling-rss 1788553093,331329536,176885760,14749776,525111296,1018101760
findling-rss 1788553099,346705920,176676864,14414504,539975680,1018101760
findling-rss 1788553104,346673152,176668672,14432648,540053504,1018101760
findling-rss 1788553109,276426752,176717824,14445816,469606400,1018101760
findling-rss 1788553114,346206208,176771072,14440672,539725824,1018101760
findling-rss 1788553119,346992640,176766976,14458000,540200960,1018101760
findling-rss 1788553124,215003136,176476160,14354440,407621632,1018101760
findling-rss 1788553129,346693632,176877568,14466336,540041216,1018101760
findling-rss 1788553134,346923008,176877568,14483928,540295168,1018101760
findling-rss 1788553139,330407936,176898048,14477528,523874304,1018101760
findling-rss 1788553144,331370496,176963584,14490784,525037568,1018101760
findling-rss 1788553149,347389952,176959488,14509312,540958720,1018101760
findling-rss 1788553154,347045888,176898048,14706608,540934144,1018101760
findling-rss 1788553159,278765568,176922624,14715760,472473600,1018101760
findling-rss 1788553164,346693632,176922624,14375800,540348416,1018101760
findling-rss 1788553169,350986240,176979968,14370496,544235520,1018101760
findling-rss 1788553174,215027712,176660480,14271368,407654400,1018101760
findling-rss 1788553179,345522176,177070080,14403360,539021312,1018101760
findling-rss 1788553184,346533888,177123328,14398120,540205056,1018101760
findling-rss 1788553189,347992064,177131520,14416304,541929472,1018101760
findling-rss 1788553194,331382784,177156096,14428512,525066240,1018101760
findling-rss 1788553199,346533888,177213440,14422928,540311552,1018101760
findling-rss 1788553204,346890240,177221632,14441808,540692480,1018101760
findling-rss 1788553209,267100160,176865280,14515944,460140544,1018101760
findling-rss 1788553214,346939392,176893952,14615240,540479488,1018101760
findling-rss 1788553219,350101504,176898048,14634352,543657984,1018101760
findling-rss 1788553224,350740480,176918528,14627288,544444416,1018101760
findling-rss 1788553229,331395072,176951296,14639832,525094912,1018101760
findling-rss 1788553234,346222592,176947200,14658016,539934720,1018101760
findling-rss 1788553239,347021312,176979968,14652624,541007872,1018101760
findling-rss 1788553244,297066496,177012736,14665136,490627072,1018101760
findling-rss 1788553249,347697152,177008640,14683176,541548544,1018101760
findling-rss 1788553254,348774400,177033216,14677264,542535680,1018101760
findling-rss 1788553259,242044928,240594944,16481832,493133824,1018101760
findling-rss 1788553264,346144768,176717824,14448840,539648000,1018101760
findling-rss 1788553269,346009600,176742400,14443224,539467776,1018101760
findling-rss 1788553274,346886144,176746496,14461432,540459008,1018101760
findling-rss 1788553279,344842240,176783360,14474136,537804800,1018101760
findling-rss 1788553284,346013696,176807936,14467200,539230208,1018101760
findling-rss 1788553289,348794880,176803840,14486024,542253056,1018101760
findling-rss 1788553294,331386880,176836608,14498976,524750848,1018101760
findling-rss 1788553299,346398720,176861184,14494960,539754496,1018101760
findling-rss 1788553304,346914816,176861184,14513464,540266496,1018101760
findling-rss 1788553309,305283072,176885760,14525240,498581504,1018101760
findling-rss 1788553314,349900800,176758784,14712864,543510528,1018101760
findling-rss 1788553319,347521024,176766976,14730936,541163520,1018101760
findling-rss 1788553324,215040000,176435200,14626120,407814144,1018101760
findling-rss 1788553329,346546176,176812032,14659528,540061696,1018101760
findling-rss 1788553334,348815360,176816128,14677760,542715904,1018101760
findling-rss 1788553339,346406912,176848896,14671008,540123136,1018101760
findling-rss 1788553344,331407360,176873472,14683616,525074432,1018101760
findling-rss 1788553349,347066368,176877568,14702712,540790784,1018101760
findling-rss 1788553354,348610560,176898048,14695776,542441472,1018101760
findling-rss 1788553359,279572480,177537024,14705472,473890816,1018101760
findling-rss 1788553364,346570752,177524736,14723688,540917760,1018101760
findling-rss 1788553369,350441472,177389568,14713216,544755712,1018101760
findling-rss 1788553374,323223552,177389568,14732920,534806528,1018101760
findling-rss 1788553379,343089152,177418240,14744264,537231360,1018101760
findling-rss 1788553384,347619328,177451008,14738192,541958144,1018101760
findling-rss 1788553389,347521024,177455104,14678896,541700096,1018101760
findling-rss 1788553394,331440128,177479680,14691368,525656064,1018101760
findling-rss 1788553399,346230784,177889280,14695584,540790784,1018101760
findling-rss 1788553404,357216256,177889280,14695200,551886848,1018101760
findling-rss 1788553409,277569536,177590272,14700120,471302144,1018101760
findling-rss 1788553414,348524544,177582080,14717296,542969856,1018101760
findling-rss 1788553419,346619904,177618944,14711040,541151232,1018101760
findling-rss 1788553424,215089152,177872896,14488448,409124864,1018101760
findling-rss 1788553429,346800128,177491968,14735960,541216768,1018101760
findling-rss 1788553434,346730496,177520640,14732368,541270016,1018101760
findling-rss 1788553439,346849280,177516544,14750448,541147136,1018101760
findling-rss 1788553444,331485184,177541120,14763176,525889536,1018101760
findling-rss 1788553449,346783744,177569792,14756944,541077504,1018101760
findling-rss 1788553454,347635712,177688576,14695784,542179328,1018101760
findling-rss 1788553459,294879232,177717248,14701224,489181184,1018101760
findling-rss 1788553464,347475968,177745920,14698640,542130176,1018101760
findling-rss 1788553469,346791936,177737728,14716376,541384704,1018101760
findling-rss 1788553474,267202560,177823744,14630304,461602816,1018101760
findling-rss 1788553479,346259456,177680384,14732176,540971008,1018101760
findling-rss 1788553484,346832896,177676288,14750064,541532160,1018101760
findling-rss 1788553489,234496000,177709056,14267144,416280576,1018101760
findling-rss 1788553494,346574848,177741824,14368592,540762112,1018101760
findling-rss 1788553499,346800128,177733632,14385784,541057024,1018101760
findling-rss 1788553504,346947584,177770496,14380072,541470720,1018101760
findling-rss 1788553509,331513856,177795072,14392960,525758464,1018101760
findling-rss 1788553514,347934720,177799168,14410216,542306304,1018101760
findling-rss 1788553519,347000832,177823744,14404032,541089792,1018101760
findling-rss 1788553524,276529152,177852416,14417704,470609920,1018101760
findling-rss 1788553529,346505216,177852416,14435080,541077504,1018101760
findling-rss 1788553534,347406336,177541120,14491176,541515776,1018101760
findling-rss 1788553539,347029504,177549312,14510024,541257728,1018101760
findling-rss 1788553544,346226688,177594368,14522040,540397568,1018101760
findling-rss 1788553549,346583040,177643520,14516528,540835840,1018101760
findling-rss 1788553554,349716480,177635328,14532056,543866880,1018101760
findling-rss 1788553559,311160832,177700864,14609496,505331712,1018101760
findling-rss 1788553564,331673600,184692736,14819456,533319680,1018101760
findling-rss 1788553569,356835328,184692736,14819472,558559232,1018101760
findling-rss 1788553574,357519360,184692736,14819840,559284224,1018101760
findling-rss 1788553579,342519808,184692736,14819272,544296960,1018101760
findling-rss 1788553584,305016832,184692736,14819840,506499072,1018101760
findling-rss 1788553589,305078272,184692736,14818664,506671104,1018101760
findling-rss 1788553594,343961600,184692736,14822008,545775616,1018101760
findling-rss 1788553599,361152512,184692736,14566144,562331648,1018101760
findling-rss 1788553604,360284160,184692736,14563440,561774592,1018101760
findling-rss 1788553609,359825408,184692736,14563504,561131520,1018101760
findling-rss 1788553614,362856448,184692736,14563704,564576256,1018101760
findling-rss 1788553619,282124288,184692736,14564072,536588288,1018101760
findling-rss 1788553624,361119744,184692736,14563688,562634752,1018101760
findling-rss 1788553629,309551104,184692736,14564616,510947328,1018101760
findling-rss 1788553634,289832960,184692736,14564160,486952960,1018101760
findling-rss 1788553639,296448000,177790976,14573000,490930176,1018101760
findling-rss 1788553644,295976960,177790976,14591736,490430464,1018101760
findling-rss 1788553649,291282944,177840128,14585680,494465024,1018101760
findling-rss 1788553654,295882752,177889280,14596368,490262528,1018101760
findling-rss 1788553659,297340928,177897472,14614864,491982848,1018101760
findling-rss 1788553664,297127936,177766400,14676200,491896832,1018101760
findling-rss 1788553669,281477120,177819648,14688640,475795456,1018101760
findling-rss 1788553674,296730624,177811456,14707152,491053056,1018101760
findling-rss 1788553679,296534016,177922048,14702552,491282432,1018101760
findling-rss 1788553684,269246464,177967104,14606936,463421440,1018101760
findling-rss 1788553689,296460288,177967104,14734048,491376640,1018101760
findling-rss 1788553694,297062400,177999872,14711624,491794432,1018101760
findling-rss 1788553699,217182208,178008064,14710584,457265152,1018101760
findling-rss 1788553704,295649280,178065408,14742816,490569728,1018101760
findling-rss 1788553709,296857600,178106368,14737176,491765760,1018101760
findling-rss 1788553714,299552768,178102272,14755384,494510080,1018101760
findling-rss 1788553719,281468928,177917952,14851128,476307456,1018101760
findling-rss 1788553725,296652800,177950720,14845536,491581440,1018101760
findling-rss 1788553730,298885120,177946624,14598848,493617152,1018101760
findling-rss 1788553735,228458496,177983488,14505248,463544320,1018101760
findling-rss 1788553740,296181760,178012160,14604528,490840064,1018101760
findling-rss 1788553745,296939520,178016256,14623416,491745280,1018101760
findling-rss 1788553750,224858112,178040832,14529800,411115520,1018101760
findling-rss 1788553755,296280064,178135040,14633800,491134976,1018101760
findling-rss 1788553760,299102208,178118656,14647672,493944832,1018101760
findling-rss 1788553765,297680896,178159616,14641936,492351488,1018101760
findling-rss 1788553770,281473024,177741824,14419904,475676672,1018101760
findling-rss 1788553775,297668608,177745920,14385280,491950080,1018101760
findling-rss 1788553780,297005056,177766400,14379624,491245568,1018101760
findling-rss 1788553785,227954688,177795072,14391488,421711872,1018101760
findling-rss 1788553790,297422848,177790976,14409792,491569152,1018101760
findling-rss 1788553795,297799680,177831936,14403512,492044288,1018101760
findling-rss 1788553800,217198592,177504256,14298808,410726400,1018101760
findling-rss 1788553805,296472576,177848320,14433744,491020288,1018101760
findling-rss 1788553810,296853504,177881088,14427880,491229184,1018101760
findling-rss 1788553815,297000960,177889280,14446992,491364352,1018101760
findling-rss 1788553820,286507008,177922048,14456144,480002048,1018101760
findling-rss 1788553825,297156608,177758208,14656328,491499520,1018101760
findling-rss 1788553830,297480192,177770496,14674584,491778048,1018101760
findling-rss 1788553835,281489408,177786880,14417712,475652096,1018101760
findling-rss 1788553840,296538112,177815552,14412008,490762240,1018101760
findling-rss 1788553845,297545728,177827840,14430008,491790336,1018101760
findling-rss 1788553850,244084736,177848320,14443344,438370304,1018101760
findling-rss 1788553855,296546304,177881088,14436552,490950656,1018101760
findling-rss 1788553860,299384832,177889280,14455144,493973504,1018101760
findling-rss 1788553865,298430464,177909760,14448712,492908544,1018101760
findling-rss 1788553870,295759872,177934336,14461552,489402368,1018101760
findling-rss 1788553875,296632320,177938432,14479896,490819584,1018101760
findling-rss 1788553880,297140224,177803264,14661352,491651072,1018101760
findling-rss 1788553885,281554944,177836032,14673216,475852800,1018101760
findling-rss 1788553890,296927232,177827840,14691384,491675648,1018101760
findling-rss 1788553895,296747008,177856512,14688176,491515904,1018101760
findling-rss 1788553900,248250368,177909760,14342048,440758272,1018101760
findling-rss 1788553905,297201664,177909760,14467416,491798528,1018101760
findling-rss 1788553910,296964096,177950720,14461024,491319296,1018101760
findling-rss 1788553915,299851776,177950720,14479528,494432256,1018101760
findling-rss 1788553920,281538560,177983488,14492184,475885568,1018101760
findling-rss 1788553925,297431040,178012160,14485840,492126208,1018101760
findling-rss 1788553930,297549824,178012160,14504232,492220416,1018101760
findling-rss 1788553935,279072768,177868800,14488120,467410944,1018101760
findling-rss 1788553940,296665088,177905664,14482224,491229184,1018101760
findling-rss 1788553945,299814912,177909760,14501024,494231552,1018101760
findling-rss 1788553950,252440576,177946624,14406456,446173184,1018101760
findling-rss 1788553955,296591360,177958912,14505552,491225088,1018101760
findling-rss 1788553960,298459136,177967104,14522296,493211648,1018101760
findling-rss 1788553965,301015040,178008064,14516448,495779840,1018101760
findling-rss 1788553970,294350848,178024448,14528656,488898560,1018101760
findling-rss 1788553975,297033728,178036736,14547248,491495424,1018101760
findling-rss 1788553980,297615360,178102272,14543424,492503040,1018101760
findling-rss 1788553985,272912384,177852416,14526592,467124224,1018101760
findling-rss 1788553990,297115648,177844224,14544576,491614208,1018101760
findling-rss 1788553995,297291776,177889280,14538344,491749376,1018101760
findling-rss 1788554000,219488256,177913856,14550728,412991488,1018101760
findling-rss 1788554005,297263104,177917952,14569392,491544576,1018101760
findling-rss 1788554010,296579072,177942528,14562936,491360256,1018101760
findling-rss 1788554015,217329664,177618944,14454408,411086848,1018101760
findling-rss 1788554020,332505088,178589696,14620816,527990784,1018101760
findling-rss 1788554025,298582016,178601984,14614224,493830144,1018101760
findling-rss 1788554030,301166592,178601984,14632344,496685056,1018101760
findling-rss 1788554035,282677248,178638848,14644608,477966336,1018101760
findling-rss 1788554040,300806144,178495488,14706576,496209920,1018101760
findling-rss 1788554045,297869312,178495488,14724152,493129728,1018101760
findling-rss 1788554050,273981440,178528256,14716624,469409792,1018101760
findling-rss 1788554055,297779200,178626560,14714624,492949504,1018101760
findling-rss 1788554060,298897408,178634752,14729576,494329856,1018101760
findling-rss 1788554065,270450688,178667520,14636320,465666048,1018101760
findling-rss 1788554070,298385408,178696192,14736296,494026752,1018101760
findling-rss 1788554075,297664512,178700288,14754912,492904448,1018101760
findling-rss 1788554080,299360256,178745344,14748584,495149056,1018101760
findling-rss 1788554085,282664960,178802688,14761464,478150656,1018101760
findling-rss 1788554090,298573824,178802688,14780304,494051328,1018101760
findling-rss 1788554095,302264320,178688000,14713592,497655808,1018101760
findling-rss 1788554100,247074816,178728960,14725496,442433536,1018101760
findling-rss 1788554105,301662208,178724864,14743824,496971776,1018101760
findling-rss 1788554110,298061824,178761728,14738904,493715456,1018101760
findling-rss 1788554115,218394624,178462720,14444600,412753920,1018101760
findling-rss 1788554120,297586688,178823168,14584808,493088768,1018101760
findling-rss 1788554125,298397696,178872320,14578888,493813760,1018101760
findling-rss 1788554130,298582016,178868224,14597144,494096384,1018101760
findling-rss 1788554135,282677248,178900992,14608800,477982720,1018101760
findling-rss 1788554140,297684992,178995200,14601816,493461504,1018101760
findling-rss 1788554145,299786240,178995200,14623392,495452160,1018101760
findling-rss 1788554150,232534016,178880512,14721568,425807872,1018101760
findling-rss 1788554155,298852352,178921472,14715224,494477312,1018101760
findling-rss 1788554160,298348544,178917376,14733208,494071808,1018101760
findling-rss 1788554165,243380224,178962432,14727584,468856832,1018101760
findling-rss 1788554170,298672128,179015680,14741208,494366720,1018101760
findling-rss 1788554175,300658688,179027968,14759640,496308224,1018101760
findling-rss 1788554180,299171840,179036160,14753144,494923776,1018101760
findling-rss 1788554185,282714112,179068928,14766232,478416896,1018101760
findling-rss 1788554190,298852352,179073024,14783512,494600192,1018101760
findling-rss 1788554195,299429888,179109888,14781552,495538176,1018101760
findling-rss 1788554200,270524416,244183040,16607008,533192704,1018101760
findling-rss 1788554205,297644032,178966528,14750104,493371392,1018101760
findling-rss 1788554210,298717184,178995200,14744104,494731264,1018101760
findling-rss 1788554215,299446272,178999296,14707416,495411200,1018101760
findling-rss 1788554220,297226240,179032064,14719008,493187072,1018101760
findling-rss 1788554225,298057728,179052544,14713256,493858816,1018101760
findling-rss 1788554230,299905024,179056640,14731352,495808512,1018101760
findling-rss 1788554235,282775552,179081216,14743944,478593024,1018101760
findling-rss 1788554240,298172416,179118080,14738704,494137344,1018101760
findling-rss 1788554245,299683840,179118080,14755944,495648768,1018101760
findling-rss 1788554250,246386688,179146752,14769344,442003456,1018101760
findling-rss 1788554255,298381312,177967104,14522768,493019136,1018101760
findling-rss 1788554260,298749952,177963008,14540912,493514752,1018101760
findling-rss 1788554265,300900352,178003968,14535584,495476736,1018101760
findling-rss 1788554270,282787840,178024448,14547016,477442048,1018101760
findling-rss 1788554275,337035264,179204096,14597040,532967424,1018101760
findling-rss 1788554280,297816064,178057216,14559680,492519424,1018101760
findling-rss 1788554285,270577664,178085888,14466632,465076224,1018101760
findling-rss 1788554290,297705472,178085888,14590360,492515328,1018101760
findling-rss 1788554295,298422272,178110464,14584544,492888064,1018101760
findling-rss 1788554300,299622400,178110464,14602256,494444544,1018101760
findling-rss 1788554305,290742272,178143232,14615184,484589568,1018101760
findling-rss 1788554310,298283008,177983488,14725304,493260800,1018101760
findling-rss 1788554315,298635264,177979392,14744464,493408256,1018101760
findling-rss 1788554320,282828800,178016256,14525616,477368320,1018101760
findling-rss 1788554325,298467328,178040832,14518504,493060096,1018101760
findling-rss 1788554330,301211648,178044928,14538160,495718400,1018101760
findling-rss 1788554335,245411840,182255616,14647752,444452864,1018101760
findling-rss 1788554340,349519872,182255616,14646032,548573184,1018101760
findling-rss 1788554345,302243840,182255616,14645664,501391360,1018101760
findling-rss 1788554350,344670208,182255616,14645464,543539200,1018101760
findling-rss 1788554356,361504768,182452224,14649576,560865280,1018101760
findling-rss 1788554361,362192896,182452224,14645944,561491968,1018101760
findling-rss 1788554366,346804224,182452224,14645648,546009088,1018101760
findling-rss 1788554371,362496000,182452224,14645648,561565696,1018101760
findling-rss 1788554376,362524672,182452224,14645648,561950720,1018101760
findling-rss 1788554381,282869760,178286592,14548192,477696000,1018101760
findling-rss 1788554386,297705472,178311168,14546200,492699648,1018101760
findling-rss 1788554391,298549248,178319360,14563728,493682688,1018101760
findling-rss 1788554396,282882048,178352128,14577448,477851648,1018101760
findling-rss 1788554401,297586688,178376704,14570448,492601344,1018101760
findling-rss 1788554406,297820160,178380800,14587976,492576768,1018101760
findling-rss 1788554411,270655488,178221056,14643480,465465344,1018101760
findling-rss 1788554416,297476096,178278400,14596808,492519424,1018101760
findling-rss 1788554421,298471424,178270208,14614840,493551616,1018101760
findling-rss 1788554426,298283008,178327552,14609688,493355008,1018101760
findling-rss 1788554431,282906624,178343936,14620968,477773824,1018101760
findling-rss 1788554436,298328064,178348032,14639992,493600768,1018101760
findling-rss 1788554441,297836544,178368512,14633696,493027328,1018101760
findling-rss 1788554446,177131520,178401280,14498520,371179520,1018101760
findling-rss 1788554451,330731520,178413568,14739240,526102528,1018101760
findling-rss 1788554456,345993216,178434048,14733512,541454336,1018101760
findling-rss 1788554461,345772032,178425856,14751112,541077504,1018101760
findling-rss 1788554466,266424320,178290688,14725072,461094912,1018101760
findling-rss 1788554471,346058752,178315264,14824920,541437952,1018101760
findling-rss 1788554476,346181632,178315264,14843128,541642752,1018101760
findling-rss 1788554481,214368256,177995776,14606104,408817664,1018101760
findling-rss 1788554486,348413952,178425856,14722816,543522816,1018101760
findling-rss 1788554491,345501696,178421760,14741296,540528640,1018101760
findling-rss 1788554496,346542080,178454528,14738024,541982720,1018101760
findling-rss 1788554501,330752000,178487296,14749864,525938688,1018101760
findling-rss 1788554506,345505792,178483200,14768416,540729344,1018101760
findling-rss 1788554511,346566656,178507776,14762144,541876224,1018101760
findling-rss 1788554516,322064384,178368512,14825640,517242880,1018101760
findling-rss 1788554521,346013696,178380800,14844208,541519872,1018101760
findling-rss 1788554526,346218496,178409472,14838816,541589504,1018101760
findling-rss 1788554531,266481664,178434048,14741712,461340672,1018101760
findling-rss 1788554536,345645056,178425856,14868096,541200384,1018101760
findling-rss 1788554541,347127808,178466816,14862272,542441472,1018101760
findling-rss 1788554546,221470720,178503680,14534088,408903680,1018101760
findling-rss 1788554551,346165248,178499584,14660272,541405184,1018101760
findling-rss 1788554556,346226688,178532352,14651760,541380608,1018101760
findling-rss 1788554561,346058752,178524160,14670176,541413376,1018101760
findling-rss 1788554566,344997888,178556928,14681880,540352512,1018101760
findling-rss 1788554571,346271744,178458624,14828776,541863936,1018101760
findling-rss 1788554576,345874432,178446336,14847192,541425664,1018101760
findling-rss 1788554581,330776576,178479104,14700152,526016512,1018101760
findling-rss 1788554586,346054656,178507776,14694240,541622272,1018101760
findling-rss 1788554591,346890240,178520064,14712920,542097408,1018101760
findling-rss 1788554596,304672768,178540544,14725680,499982336,1018101760
findling-rss 1788554601,346386432,178569216,14720600,541925376,1018101760
findling-rss 1788554606,346214400,178561024,14738768,541896704,1018101760
findling-rss 1788554611,266493952,178606080,14645912,461594624,1018101760
findling-rss 1788554616,345915392,178638848,14745728,541216768,1018101760
findling-rss 1788554621,348422144,178642944,14765248,544215040,1018101760
findling-rss 1788554626,346943488,178532352,14837384,542224384,1018101760
findling-rss 1788554631,341999616,178577408,14850152,537485312,1018101760
findling-rss 1788554636,346472448,178573312,14868384,541970432,1018101760
findling-rss 1788554641,346292224,178606080,14863160,542134272,1018101760
findling-rss 1788554646,330797056,178659328,14673048,526278656,1018101760
findling-rss 1788554651,345542656,178655232,14691760,540913664,1018101760
findling-rss 1788554656,345780224,176041984,14407088,538427392,1018101760
findling-rss 1788554661,295579648,176070656,14415808,487944192,1018101760
findling-rss 1788554666,345751552,176070656,14434088,538583040,1018101760
findling-rss 1788554671,346992640,176144384,14428728,539840512,1018101760
findling-rss 1788554676,245190656,243900416,16283616,499879936,1018101760
findling-rss 1788554681,345665536,178429952,14857312,541044736,1018101760
findling-rss 1788554686,346214400,178462720,14791000,541384704,1018101760
findling-rss 1788554691,348098560,178462720,14809640,543383552,1018101760
findling-rss 1788554696,330833920,178495488,14821136,526180352,1018101760
findling-rss 1788554701,345292800,178520064,14814528,540794880,1018101760
findling-rss 1788554706,346308608,178520064,14833032,541933568,1018101760
findling-rss 1788554711,294969344,178544640,14846208,490590208,1018101760
findling-rss 1788554716,345202688,178573312,14839824,540909568,1018101760
findling-rss 1788554721,346775552,178577408,14857776,542380032,1018101760
findling-rss 1788554726,266559488,178601984,14763872,461713408,1018101760
findling-rss 1788554731,345845760,178475008,14845032,541265920,1018101760
findling-rss 1788554736,346120192,178470912,14862632,541818880,1018101760
findling-rss 1788554741,350097408,178499584,14856448,545689600,1018101760
findling-rss 1788554746,330870784,178536448,14868608,526381056,1018101760
findling-rss 1788554751,345948160,178544640,14817560,541417472,1018101760
findling-rss 1788554756,346214400,178569216,14812440,541708288,1018101760
findling-rss 1788554761,330874880,178597888,14824192,526196736,1018101760
findling-rss 1788554766,346083328,178589696,14842040,541720576,1018101760
findling-rss 1788554771,346968064,178634752,14835944,542597120,1018101760
findling-rss 1788554776,276168704,178659328,14848848,471556096,1018101760
findling-rss 1788554781,346763264,178659328,14866448,542240768,1018101760
findling-rss 1788554786,346820608,178515968,14847936,542224384,1018101760
findling-rss 1788554791,349011968,178520064,14866552,544333824,1018101760
findling-rss 1788554796,344047616,178544640,14882352,539430912,1018101760
findling-rss 1788554801,345747456,178581504,14876120,541241344,1018101760
findling-rss 1788554806,346574848,178577408,14893832,542199808,1018101760
findling-rss 1788554811,330883072,178589696,14906104,526532608,1018101760
findling-rss 1788554816,346783744,178630656,14842192,542556160,1018101760
findling-rss 1788554821,346603520,178634752,14859064,541970432,1018101760
findling-rss 1788554826,295739392,178663424,14872120,491335680,1018101760
findling-rss 1788554831,346185728,178692096,14865328,541913088,1018101760
findling-rss 1788554836,349556736,178692096,14884312,545103872,1018101760
findling-rss 1788554841,348717056,178577408,14855832,544423936,1018101760
findling-rss 1788554846,330915840,178614272,14868896,526528512,1018101760
findling-rss 1788554851,347365376,178618368,14820912,542670848,1018101760
findling-rss 1788554856,346583040,178647040,14811904,542294016,1018101760
findling-rss 1788554861,330952704,178679808,14825160,526553088,1018101760
findling-rss 1788554866,345681920,178675712,14842568,541540352,1018101760
findling-rss 1788554871,345669632,178704384,14836880,541511680,1018101760
findling-rss 1788554876,276094976,178733056,14849376,471478272,1018101760
findling-rss 1788554881,349315072,178733056,14829640,545050624,1018101760
findling-rss 1788554886,346001408,178757632,14823368,541433856,1018101760
findling-rss 1788554891,214601728,178442240,14733600,409567232,1018101760
findling-rss 1788554896,345788416,178384896,14749064,541200384,1018101760
findling-rss 1788554901,345935872,178421760,14742784,541192192,1018101760
findling-rss 1788554906,347320320,178421760,14760656,542674944,1018101760
findling-rss 1788554911,339628032,178585600,14778664,534016000,1018101760
findling-rss 1788554916,346619904,178622464,14772816,542179328,1018101760
findling-rss 1788554921,349650944,178614272,14791096,545300480,1018101760
findling-rss 1788554926,340750336,180383744,14832304,537948160,1018101760
findling-rss 1788554931,355790848,180383744,14831920,553111552,1018101760
findling-rss 1788554936,357695488,180383744,14832120,555061248,1018101760
findling-rss 1788554941,343224320,180383744,14829480,540594176,1018101760
findling-rss 1788554946,345866240,178634752,14800616,541425664,1018101760
findling-rss 1788554951,349478912,178688000,14799224,545153024,1018101760
findling-rss 1788554956,322297856,178737152,14815000,518057984,1018101760
findling-rss 1788554961,346427392,178737152,14727736,542048256,1018101760
findling-rss 1788554966,347316224,178573312,14722648,542765056,1018101760
findling-rss 1788554971,214638592,178233344,14611272,409165824,1018101760
findling-rss 1788554977,346402816,179204096,14777136,542474240,1018101760
findling-rss 1788554982,347484160,179224576,14770976,543629312,1018101760
findling-rss 1788554987,347787264,179240960,14789520,544079872,1018101760
findling-rss 1788554992,332001280,179269632,14802088,528031744,1018101760
findling-rss 1788554997,349929472,179302400,14795496,546205696,1018101760
findling-rss 1788555002,350674944,179302400,14813840,546684928,1018101760
findling-rss 1788555007,296427520,179351552,14827848,492326912,1018101760
findling-rss 1788555012,347942912,179400704,14820800,544202752,1018101760
findling-rss 1788555017,349224960,179400704,14839368,545787904,1018101760
findling-rss 1788555022,227209216,179257344,14805240,417906688,1018101760
findling-rss 1788555027,347324416,179310592,14906400,543723520,1018101760
findling-rss 1788555032,348491776,179314688,14866824,544571392,1018101760
findling-rss 1788555037,347877376,179355648,14861360,544313344,1018101760
findling-rss 1788555042,332042240,179388416,14874128,528314368,1018101760
findling-rss 1788555047,350253056,179380224,14891864,546885632,1018101760
findling-rss 1788555052,347983872,179417088,14885248,544423936,1018101760
findling-rss 1788555057,296427520,179490816,14900920,492756992,1018101760
findling-rss 1788555062,349564928,179474432,14917440,545873920,1018101760
findling-rss 1788555067,351105024,179511296,14911680,547672064,1018101760
findling-rss 1788555072,215678976,179191808,14822272,411287552,1018101760
findling-rss 1788555077,346812416,178573312,14781528,542351360,1018101760
findling-rss 1788555082,347369472,178651136,14776392,543059968,1018101760
findling-rss 1788555087,347394048,178651136,14794896,543084544,1018101760
findling-rss 1788555092,332058624,178688000,14807800,527818752,1018101760
findling-rss 1788555097,347516928,178724864,14804296,543178752,1018101760
findling-rss 1788555102,347697152,178728960,14823528,543158272,1018101760
findling-rss 1788555107,305991680,178786304,14771016,501538816,1018101760
findling-rss 1788555112,347455488,178810880,14765056,543186944,1018101760
findling-rss 1788555117,349413376,178823168,14783264,545239040,1018101760
findling-rss 1788555122,267792384,178851840,14692896,483094528,1018101760
findling-rss 1788555127,343613440,178700288,14906344,539009024,1018101760
findling-rss 1788555132,347299840,178712576,14925568,542945280,1018101760
findling-rss 1788555137,347783168,178737152,14918472,543465472,1018101760
findling-rss 1788555142,332120064,178769920,14696136,527577088,1018101760
findling-rss 1788555147,351326208,178769920,14712064,546983936,1018101760
findling-rss 1788555152,347693056,178798592,14705064,543592448,1018101760
findling-rss 1788555157,267816960,178814976,14609392,463044608,1018101760
findling-rss 1788555162,347508736,178823168,14736000,543289344,1018101760
findling-rss 1788555167,347406336,178851840,14730472,543215616,1018101760
findling-rss 1788555172,350781440,178851840,14748568,546541568,1018101760
findling-rss 1788555177,346173440,178876416,14760296,541904896,1018101760
findling-rss 1788555182,347836416,178745344,14908064,543596544,1018101760
findling-rss 1788555187,350298112,178737152,14927248,546172928,1018101760
findling-rss 1788555192,332152832,178782208,14938864,527806464,1018101760
findling-rss 1788555197,346886144,178806784,14933040,542814208,1018101760
findling-rss 1788555202,347959296,178806784,14950776,543850496,1018101760
findling-rss 1788555207,278323200,178839552,14792208,473862144,1018101760
findling-rss 1788555212,347660288,178872320,14786024,543334400,1018101760
findling-rss 1788555217,330608640,178847744,14803408,526323712,1018101760
findling-rss 1788555222,215797760,178548736,14699600,410615808,1018101760
findling-rss 1788555227,347262976,178929664,14811544,543031296,1018101760
findling-rss 1788555232,347447296,178921472,14829416,543485952,1018101760
findling-rss 1788555237,313044992,178790400,14941624,508600320,1018101760
findling-rss 1788555242,346566656,178794496,14959664,542195712,1018101760
findling-rss 1788555247,330821632,178831360,14972592,526585856,1018101760
findling-rss 1788555252,345575424,178855936,14965976,541396992,1018101760
findling-rss 1788555257,346664960,178860032,14987512,542867456,1018101760
findling-rss 1788555262,295002112,178896896,14997176,494157824,1018101760
findling-rss 1788555267,346230784,178929664,14878544,542285824,1018101760
findling-rss 1788555272,346021888,178921472,14896144,541810688,1018101760
findling-rss 1788555277,266534912,178958336,14803136,462123008,1018101760
findling-rss 1788555282,346845184,178982912,14902792,542990336,1018101760
findling-rss 1788555287,345952256,178987008,14921112,541732864,1018101760
findling-rss 1788555292,346304512,178798592,14981296,542228480,1018101760
findling-rss 1788555297,345468928,178827264,14993608,541364224,1018101760
findling-rss 1788555302,345882624,178827264,14984696,541900800,1018101760
findling-rss 1788555307,346943488,178855936,14979664,542982144,1018101760
findling-rss 1788555312,330862592,178905088,14992520,526753792,1018101760
findling-rss 1788555317,346316800,178900992,15009984,542351360,1018101760
findling-rss 1788555322,345722880,178950144,15005128,541954048,1018101760
findling-rss 1788555327,266571776,178982912,14911328,462262272,1018101760
findling-rss 1788555332,346476544,178974720,14939048,542621696,1018101760
findling-rss 1788555337,346726400,179011584,14932544,542883840,1018101760
findling-rss 1788555342,347021312,179011584,14951568,543100928,1018101760
findling-rss 1788555347,338698240,178872320,15005088,533458944,1018101760
findling-rss 1788555352,346763264,180293632,15038056,543981568,1018101760
findling-rss 1788555357,360509440,180293632,15038280,557940736,1018101760
findling-rss 1788555362,342777856,180293632,15036808,540164096,1018101760
findling-rss 1788555367,358522880,180293632,15022856,556040192,1018101760
findling-rss 1788555372,348282880,178896896,15002672,544346112,1018101760
findling-rss 1788555377,330870784,178929664,15016008,526798848,1018101760
findling-rss 1788555382,346308608,178958336,15010440,542687232,1018101760
findling-rss 1788555387,348160000,178954240,15028696,544305152,1018101760
findling-rss 1788555392,295129088,180744192,15091280,493137920,1018101760
findling-rss 1788555397,355422208,180744192,15091472,553422848,1018101760
findling-rss 1788555402,356700160,180744192,15092224,554663936,1018101760
findling-rss 1788555407,342761472,180744192,15091656,540823552,1018101760
findling-rss 1788555412,358014976,180744192,15091856,555991040,1018101760
findling-rss 1788555417,346714112,179027968,15040168,543076352,1018101760
findling-rss 1788555422,291999744,179118080,15056872,485363712,1018101760
findling-rss 1788555427,349298688,179122176,15075536,545513472,1018101760
findling-rss 1788555432,346099712,178745344,14675672,541741056,1018101760
findling-rss 1788555437,214548480,178421760,14567032,408965120,1018101760
findling-rss 1788555442,346628096,180178944,14745840,543514624,1018101760
findling-rss 1788555447,356012032,180178944,14742768,553197568,1018101760
findling-rss 1788555452,278511616,180178944,14635472,474918912,1018101760
findling-rss 1788555457,357859328,180178944,14738856,554917888,1018101760
findling-rss 1788555462,348450816,178806784,14699688,543993856,1018101760
findling-rss 1788555467,347320320,178814976,14653088,542973952,1018101760
findling-rss 1788555472,345174016,178839552,14665544,540557312,1018101760
findling-rss 1788555477,345468928,178864128,14658048,541151232,1018101760
findling-rss 1788555482,346816512,178868224,14677296,542466048,1018101760
findling-rss 1788555487,330928128,179240960,14698616,526774272,1018101760
findling-rss 1788555492,356196352,179240960,14699000,552271872,1018101760
findling-rss 1788555497,347488256,178929664,14684384,543031296,1018101760
findling-rss 1788555502,330969088,178774016,14837776,526524416,1018101760
findling-rss 1788555507,347381760,178774016,14858584,543072256,1018101760
findling-rss 1788555512,346337280,178802688,14853080,542208000,1018101760
findling-rss 1788555517,266665984,178864128,14760648,461950976,1018101760
findling-rss 1788555522,345796608,178864128,14884656,541708288,1018101760
findling-rss 1788555527,346316800,178892800,14878976,542244864,1018101760
findling-rss 1788555532,214605824,178573312,14529984,409165824,1018101760
findling-rss 1788555537,345628672,178925568,14669152,541237248,1018101760
findling-rss 1788555542,345980928,178954240,14662312,541650944,1018101760
findling-rss 1788555547,345612288,178954240,14681720,541478912,1018101760
findling-rss 1788555552,345231360,179003392,14694304,540966912,1018101760
findling-rss 1788555557,346517504,178843648,14842296,542478336,1018101760
findling-rss 1788555562,346685440,178847744,14857504,542605312,1018101760
findling-rss 1788555567,331001856,178933760,14869088,526753792,1018101760
findling-rss 1788555572,345464832,178978816,14863880,541622272,1018101760
findling-rss 1788555577,346566656,178982912,14881512,542502912,1018101760
findling-rss 1788555582,331014144,179056640,14896024,527011840,1018101760
findling-rss 1788555587,345776128,179073024,14889480,541937664,1018101760
findling-rss 1788555592,346869760,179077120,14844864,542937088,1018101760
findling-rss 1788555597,266723328,179130368,14751560,462409728,1018101760
findling-rss 1788555602,345743360,179212288,14852808,542064640,1018101760
findling-rss 1788555607,346345472,179204096,14869912,542629888,1018101760
findling-rss 1788555612,346595328,179081216,14854080,542867456,1018101760
findling-rss 1788555618,331034624,179122176,14867232,526913536,1018101760
findling-rss 1788555623,348557312,179118080,14789232,544419840,1018101760
findling-rss 1788555628,346148864,179167232,14783560,542167040,1018101760
findling-rss 1788555633,304930816,179216384,14796576,500903936,1018101760
findling-rss 1788555638,347045888,179220480,14815440,543080448,1018101760
findling-rss 1788555643,349548544,179240960,14808512,545640448,1018101760
findling-rss 1788555648,266743808,179265536,14712200,462393344,1018101760
findling-rss 1788555653,346058752,179277824,14839264,542150656,1018101760
findling-rss 1788555658,345849856,179310592,14833552,542224384,1018101760
findling-rss 1788555663,214683648,178978816,14733528,409899008,1018101760
findling-rss 1788555668,345530368,179163136,14878144,541630464,1018101760
findling-rss 1788555673,346857472,179200000,14871504,542994432,1018101760
findling-rss 1788555678,347582464,179195904,14890032,544030720,1018101760
findling-rss 1788555683,331079680,179224576,14902416,527163392,1018101760
findling-rss 1788555688,346443776,179249152,14701032,542453760,1018101760
findling-rss 1788555693,346263552,179245056,14719608,542617600,1018101760
findling-rss 1788555698,266776576,179269632,14628272,462639104,1018101760
findling-rss 1788555703,346292224,179298304,14728360,542244864,1018101760
findling-rss 1788555708,349511680,179302400,14747048,545873920,1018101760
findling-rss 1788555713,247496704,179335168,14653632,441270272,1018101760
findling-rss 1788555718,345993216,179208192,14829472,542179328,1018101760
findling-rss 1788555723,346603520,179204096,14847432,542629888,1018101760
findling-rss 1788555728,349130752,179240960,14841720,545476608,1018101760
findling-rss 1788555733,331120640,179265536,14853472,527331328,1018101760
findling-rss 1788555738,346656768,179253248,14871552,542904320,1018101760
findling-rss 1788555743,350162944,179290112,14865952,546324480,1018101760
findling-rss 1788555748,304975872,179322880,14878064,501039104,1018101760
findling-rss 1788555753,345919488,179314688,14897320,542240768,1018101760
findling-rss 1788555758,350347264,179347456,14890680,546729984,1018101760
findling-rss 1788555763,247939072,179384320,14794056,442494976,1018101760
findling-rss 1788555768,346431488,179372032,14917976,542769152,1018101760
findling-rss 1788555773,346533888,179945472,14889512,543444992,1018101760
findling-rss 1788555778,357097472,179945472,14888832,554307584,1018101760
findling-rss 1788555783,342548480,179236864,14813208,538611712,1018101760
findling-rss 1788555788,346005504,179273728,14808336,542240768,1018101760
findling-rss 1788555793,348368896,179269632,14826480,544628736,1018101760
findling-rss 1788555798,295526400,179298304,14838656,491630592,1018101760
findling-rss 1788555803,345927680,179322880,14832336,542425088,1018101760
findling-rss 1788555808,347209728,179322880,14850688,543657984,1018101760
findling-rss 1788555813,266846208,179359744,14756864,462811136,1018101760
findling-rss 1788555818,346738688,179384320,14857296,543121408,1018101760
findling-rss 1788555823,347025408,179384320,14875504,543649792,1018101760
findling-rss 1788555828,347385856,179412992,14868664,543834112,1018101760
findling-rss 1788555833,340283392,179286016,14874680,535293952,1018101760
findling-rss 1788555838,350810112,179286016,14893680,547352576,1018101760
findling-rss 1788555843,346562560,179326976,14887536,542760960,1018101760
findling-rss 1788555848,331137024,179367936,14766040,527347712,1018101760
findling-rss 1788555853,345993216,179367936,14784408,542089216,1018101760
findling-rss 1788555858,346845184,176689152,14704240,540561408,1018101760
findling-rss 1788555863,295079936,176713728,14713320,488235008,1018101760
findling-rss 1788555868,346497024,176717824,14731416,540168192,1018101760
findling-rss 1788555873,346554368,176742400,14725192,539893760,1018101760
findling-rss 1788555878,266850304,176771072,14631960,459677696,1018101760
findling-rss 1788555883,346091520,176771072,14756488,539852800,1018101760
findling-rss 1788555888,347811840,179068928,14759856,543764480,1018101760
findling-rss 1788555893,214777856,178749440,14652120,410030080,1018101760
findling-rss 1788555898,346763264,179101696,14790904,542822400,1018101760
findling-rss 1788555903,346636288,179130368,14784424,542810112,1018101760
findling-rss 1788555908,346185728,179130368,14802928,542244864,1018101760
findling-rss 1788555913,331137024,179212288,14823104,527290368,1018101760
findling-rss 1788555918,347332608,179240960,14816496,543539200,1018101760
findling-rss 1788555923,346726400,179240960,14736760,542715904,1018101760
findling-rss 1788555928,295550976,179269632,14748480,491347968,1018101760
findling-rss 1788555933,346202112,179298304,14742280,542580736,1018101760
findling-rss 1788555938,346480640,179294208,14760264,542662656,1018101760
findling-rss 1788555943,246296576,179113984,14583448,439316480,1018101760
findling-rss 1788555948,345473024,179146752,14683832,541351936,1018101760
findling-rss 1788555953,346525696,179142656,14701384,542334976,1018101760
findling-rss 1788555958,346677248,179175424,14695992,542720000,1018101760
findling-rss 1788555963,344281088,179208192,14707880,540057600,1018101760
findling-rss 1788555968,346304512,179191808,14726048,542502912,1018101760
findling-rss 1788555973,346578944,179228672,14720200,542699520,1018101760
findling-rss 1788555978,331137024,179269632,14733376,527220736,1018101760
findling-rss 1788555983,347365376,179273728,14751264,543653888,1018101760
findling-rss 1788555988,346705920,179322880,14745664,543023104,1018101760
findling-rss 1788555993,271667200,245473280,16722224,533155840,1018101760
findling-rss 1788555998,346251264,179183616,14907672,542429184,1018101760
findling-rss 1788556003,348438528,179220480,14902616,544669696,1018101760
findling-rss 1788556008,214790144,178864128,14319744,411136000,1018101760
findling-rss 1788556013,345714688,179261440,14438888,541638656,1018101760
findling-rss 1788556018,347787264,179310592,14433536,543649792,1018101760
findling-rss 1788556023,349839360,179310592,14451608,545955840,1018101760
findling-rss 1788556028,331169792,179363840,14464464,527253504,1018101760
findling-rss 1788556033,346308608,179417088,14459472,542040064,1018101760
findling-rss 1788556038,347013120,179412992,14477432,543027200,1018101760
findling-rss 1788556043,322449408,179474432,14490784,518565888,1018101760
findling-rss 1788556048,345743360,179384320,14898384,542240768,1018101760
findling-rss 1788556053,348397568,179404800,14916136,544747520,1018101760
findling-rss 1788556058,266899456,179429376,14820216,462741504,1018101760
findling-rss 1788556063,266911744,179462144,14919152,463114240,1018101760
findling-rss 1788556068,346247168,179462144,15051208,542797824,1018101760
findling-rss 1788556073,350240768,179531776,15002680,546902016,1018101760
findling-rss 1788556078,346284032,179531776,15021096,542724096,1018101760
findling-rss 1788556083,330924032,179556352,15033552,527446016,1018101760
findling-rss 1788556088,346398720,179589120,15027320,542875648,1018101760
findling-rss 1788556093,346017792,179593216,15045552,542519296,1018101760
findling-rss 1788556098,330948608,179617792,15058256,527794176,1018101760
findling-rss 1788556103,346288128,179462144,14985760,542617600,1018101760
findling-rss 1788556108,345792512,179458048,15004400,542375936,1018101760
findling-rss 1788556113,266792960,180195328,14913000,463613952,1018101760
findling-rss 1788556118,357019648,180195328,15017568,554397696,1018101760
findling-rss 1788556123,345726976,179478528,15016608,542560256,1018101760
findling-rss 1788556128,346914816,179531776,15011144,543584256,1018101760
findling-rss 1788556133,344059904,179556352,15024256,540565504,1018101760
findling-rss 1788556138,345460736,179544064,15042176,542367744,1018101760
findling-rss 1788556143,346226688,179580928,15035896,542953472,1018101760
findling-rss 1788556148,330985472,179605504,15048432,527515648,1018101760
findling-rss 1788556153,346202112,179609600,15066808,542801920,1018101760
findling-rss 1788556158,348590080,179638272,15064312,545525760,1018101760
findling-rss 1788556163,266702848,245833728,16921456,531296256,1018101760
findling-rss 1788556168,346603520,179499008,14938944,543019008,1018101760
findling-rss 1788556173,346476544,179531776,14932696,542896128,1018101760
findling-rss 1788556178,214630400,179204096,14824056,410284032,1018101760
findling-rss 1788556183,345866240,179556352,14964472,542543872,1018101760
findling-rss 1788556188,345939968,179580928,14957104,542343168,1018101760
findling-rss 1788556193,346488832,179589120,14976064,543137792,1018101760
findling-rss 1788556198,345276416,179617792,14988224,542044160,1018101760
findling-rss 1788556203,347488256,179634176,14981296,544137216,1018101760
findling-rss 1788556208,345772032,179646464,15000264,542285824,1018101760
findling-rss 1788556213,331030528,179675136,15014016,527790080,1018101760
findling-rss 1788556218,346947584,179544064,15024936,543670272,1018101760
findling-rss 1788556223,348000256,179535872,15042264,544780288,1018101760
findling-rss 1788556228,276615168,179568640,15055056,472977408,1018101760
findling-rss 1788556233,346652672,179597312,15044768,543465472,1018101760
findling-rss 1788556238,347230208,179597312,15062888,543932416,1018101760
findling-rss 1788556243,221728768,179617792,14969680,410939392,1018101760
findling-rss 1788556249,346136576,179662848,15068880,542941184,1018101760
findling-rss 1788556254,345935872,179650560,15088136,542826496,1018101760
findling-rss 1788556259,349007872,179683328,15081792,545951744,1018101760
findling-rss 1788556264,331055104,179716096,14980632,527806464,1018101760
findling-rss 1788556269,346738688,179712000,14998904,543813632,1018101760
findling-rss 1788556274,347910144,179539968,15028352,544587776,1018101760
findling-rss 1788556279,322342912,179593216,15040784,518889472,1018101760
findling-rss 1788556284,346632192,179593216,15059448,543313920,1018101760
findling-rss 1788556289,348602368,179621888,15053400,545452032,1018101760
findling-rss 1788556294,252567552,179650560,14959488,447250432,1018101760
findling-rss 1788556299,346333184,179650560,14926936,542789632,1018101760
findling-rss 1788556304,346857472,179683328,14920072,543567872,1018101760
findling-rss 1788556309,346857472,179679232,14938848,543625216,1018101760
findling-rss 1788556314,331059200,179703808,14950896,527654912,1018101760
findling-rss 1788556319,346144768,179728384,14944392,543150080,1018101760
findling-rss 1788556324,346202112,179728384,14963056,543285248,1018101760
findling-rss 1788556329,268890112,179597312,14617048,464453632,1018101760
findling-rss 1788556334,346619904,176816128,14528744,540000256,1018101760
findling-rss 1788556339,346157056,176820224,14547560,539590656,1018101760
findling-rss 1788556344,349999104,176988160,14544640,543621120,1018101760
findling-rss 1788556349,345538560,177020928,14558160,539099136,1018101760
findling-rss 1788556354,349175808,177025024,14576096,543092736,1018101760
findling-rss 1788556359,349921280,178786304,14615800,545181696,1018101760
findling-rss 1788556364,353792000,178786304,14615816,548937728,1018101760
findling-rss 1788556369,358928384,178786304,14614576,554332160,1018101760
findling-rss 1788556374,358621184,178786304,14614576,554127360,1018101760
findling-rss 1788556379,346357760,177045504,14586024,540065792,1018101760
findling-rss 1788556384,347328512,177094656,14581808,541110272,1018101760
findling-rss 1788556389,346308608,177094656,14599792,540327936,1018101760
findling-rss 1788556394,331124736,177115136,14611840,524787712,1018101760
findling-rss 1788556399,349577216,179576832,15036816,546365440,1018101760
findling-rss 1788556404,347062272,179576832,15055048,543956992,1018101760
findling-rss 1788556409,305061888,179609600,15067880,501559296,1018101760
findling-rss 1788556414,346722304,179638272,15061136,543563776,1018101760
findling-rss 1788556419,347045888,179638272,15079888,543723520,1018101760
findling-rss 1788556424,214798336,179310592,14975320,410681344,1018101760
findling-rss 1788556429,345305088,179691520,15003736,542130176,1018101760
findling-rss 1788556434,346542080,179703808,15021600,543522816,1018101760
findling-rss 1788556439,347643904,179744768,15016024,544538624,1018101760
findling-rss 1788556444,331169792,179785728,15027752,528130048,1018101760
findling-rss 1788556449,346349568,179781632,15045488,543358976,1018101760
findling-rss 1788556454,348672000,179642368,15042208,545705984,1018101760
findling-rss 1788556459,268566528,179679232,15057520,465129472,1018101760
findling-rss 1788556464,345612288,179666944,14944448,542199808,1018101760
findling-rss 1788556469,346869760,179699712,14938304,543813632,1018101760
findling-rss 1788556474,224796672,179736576,14842328,412631040,1018101760
findling-rss 1788556479,346460160,179732480,14969984,543150080,1018101760
findling-rss 1788556484,349024256,179773440,14963456,545988608,1018101760
findling-rss 1788556489,346378240,179765248,14981872,543379456,1018101760
findling-rss 1788556494,331206656,179793920,14993760,528084992,1018101760
findling-rss 1788556499,347123712,179822592,14987776,543965184,1018101760
findling-rss 1788556504,346533888,179822592,15005920,543457280,1018101760
findling-rss 1788556509,297095168,179671040,15065944,493608960,1018101760
findling-rss 1788556514,346218496,179691520,15060128,542863360,1018101760
findling-rss 1788556519,346710016,179707904,15078560,543825920,1018101760
findling-rss 1788556524,268476416,179744768,15009424,464842752,1018101760
findling-rss 1788556529,346947584,179773440,15013816,543830016,1018101760
findling-rss 1788556534,346845184,179777536,15031640,543608832,1018101760
findling-rss 1788556539,410447872,174571520,14743008,601980928,1018101760
findling-rss 1788556544,344260608,174829568,14762136,535875584,1018101760
findling-rss 1788556549,348393472,174813184,14779720,540258304,1018101760
findling-rss 1788556554,347828224,174862336,14775160,539475968,1018101760
findling-rss 1788556559,323555328,180109312,14926216,520749056,1018101760
findling-rss 1788556564,347164672,180097024,14943888,544333824,1018101760
findling-rss 1788556569,347942912,180137984,14938696,545095680,1018101760
findling-rss 1788556574,267964416,180158464,14841752,464842752,1018101760
findling-rss 1788556579,347373568,180166656,14969944,544763904,1018101760
findling-rss 1788556584,347525120,180195328,14963400,544739328,1018101760
findling-rss 1788556589,327446528,180187136,14869248,542507008,1018101760
findling-rss 1788556594,346976256,180224000,14881632,543961088,1018101760
findling-rss 1788556599,347582464,180252672,14878520,544702464,1018101760
findling-rss 1788556604,348528640,180248576,14897296,546050048,1018101760
findling-rss 1788556609,332255232,180277248,14908704,529620992,1018101760
findling-rss 1788556614,347951104,179433472,14819680,544432128,1018101760
findling-rss 1788556619,349974528,180498432,14866744,547237888,1018101760
findling-rss 1788556624,343130112,180498432,14867016,540614656,1018101760
findling-rss 1788556629,359829504,180498432,14864912,557367296,1018101760
findling-rss 1788556634,348938240,179482624,14833568,545079296,1018101760
findling-rss 1788556639,267993088,179494912,14737528,463876096,1018101760
findling-rss 1788556644,346836992,179499008,14864144,543326208,1018101760
findling-rss 1788556649,350453760,179527680,14857960,546918400,1018101760
findling-rss 1788556654,215920640,179208192,14746720,411578368,1018101760
findling-rss 1788556659,347795456,179556352,14885664,544493568,1018101760
findling-rss 1788556664,347705344,179585024,14879704,544460800,1018101760
findling-rss 1788556669,215932928,179265536,14779952,411709440,1018101760
findling-rss 1788556674,346611712,179625984,14911000,543059968,1018101760
findling-rss 1788556679,347582464,179466240,14881424,544067584,1018101760
findling-rss 1788556684,349257728,179466240,14899768,546021376,1018101760
findling-rss 1788556689,332333056,179503104,14912696,528805888,1018101760
findling-rss 1788556694,349835264,179519488,14906152,546295808,1018101760
findling-rss 1788556699,348622848,179519488,14924408,545136640,1018101760
findling-rss 1788556704,279228416,179556352,14937512,475738112,1018101760
findling-rss 1788556709,349802496,179576832,14930360,546320384,1018101760
findling-rss 1788556714,347828224,179585024,14949088,544538624,1018101760
findling-rss 1788556719,350908416,179609600,14942768,547487744,1018101760
findling-rss 1788556724,355287040,183119872,15057776,555384832,1018101760
findling-rss 1788556729,357285888,183119872,15057504,557498368,1018101760
findling-rss 1788556734,359510016,183119872,15057232,559591424,1018101760
findling-rss 1788556739,360235008,183119872,15056280,560451584,1018101760
findling-rss 1788556744,360517632,183119872,15057232,560857088,1018101760
findling-rss 1788556749,279539712,183119872,14952664,479412224,1018101760
findling-rss 1788556754,352215040,183119872,14719728,552148992,1018101760
findling-rss 1788556759,361566208,183144448,14723256,561651712,1018101760
findling-rss 1788556764,268058624,179683328,14637088,464171008,1018101760
findling-rss 1788556769,347688960,179539968,14938400,544514048,1018101760
findling-rss 1788556774,349573120,179548160,14956720,546230272,1018101760
findling-rss 1788556779,349265920,179556352,14950472,545775616,1018101760
findling-rss 1788556784,345157632,179601408,14963104,542035968,1018101760
findling-rss 1788556789,348442624,179601408,14803752,544878592,1018101760
findling-rss 1788556794,347582464,179625984,14797432,544395264,1018101760
findling-rss 1788556799,332378112,179658752,14810264,528957440,1018101760
findling-rss 1788556804,347373568,179658752,14827960,544051200,1018101760
findling-rss 1788556809,350187520,179707904,14822448,546697216,1018101760
findling-rss 1788556814,268107776,179744768,14729008,464351232,1018101760
findling-rss 1788556819,347574272,179744768,14853448,544305152,1018101760
findling-rss 1788556824,348033024,179609600,14784760,544555008,1018101760
findling-rss 1788556829,216043520,179286016,14680056,411942912,1018101760
findling-rss 1788556834,347541504,179642368,14815016,544251904,1018101760
findling-rss 1788556839,347607040,179662848,14808856,544202752,1018101760
findling-rss 1788556844,347836416,179666944,14827200,544206848,1018101760
findling-rss 1788556849,332419072,179695616,14839856,528941056,1018101760
findling-rss 1788556854,348106752,179724288,14834216,544878592,1018101760
findling-rss 1788556859,350269440,179720192,14755952,547033088,1018101760
findling-rss 1788556864,297971712,179752960,14769080,494096384,1018101760
findling-rss 1788556869,347430912,179785728,14762264,544268288,1018101760
findling-rss 1788556874,347766784,179785728,14779952,544473088,1018101760
findling-rss 1788556879,348205056,179650560,14947136,545083392,1018101760
findling-rss 1788556885,344821760,179724288,14966408,541331456,1018101760
findling-rss 1788556890,348020736,179720192,14820184,544780288,1018101760
findling-rss 1788556895,348278784,179748864,14813136,544702464,1018101760
findling-rss 1788556900,332455936,179781632,14828272,529162240,1018101760
findling-rss 1788556905,347705344,179777536,14845992,544718848,1018101760
findling-rss 1788556910,312336384,179814400,14917456,509140992,1018101760
findling-rss 1788556915,346439680,179798016,14935512,543571968,1018101760
findling-rss 1788556920,331051008,179834880,14815960,527896576,1018101760
findling-rss 1788556925,349151232,179859456,14809912,546000896,1018101760
findling-rss 1788556930,346030080,179859456,14828144,542724096,1018101760
findling-rss 1788556935,295190528,179728384,15054992,492060672,1018101760
findling-rss 1788556940,329904128,180375552,15075328,527593472,1018101760
findling-rss 1788556945,347992064,180367360,15090896,545411072,1018101760
findling-rss 1788556950,215896064,180047872,14988832,412536832,1018101760
findling-rss 1788556955,347078656,180432896,14944032,544714752,1018101760
findling-rss 1788556960,348229632,180441088,14962624,545767424,1018101760
findling-rss 1788556965,347467776,180482048,14956752,544821248,1018101760
findling-rss 1788556970,332271616,180523008,14969808,529776640,1018101760
findling-rss 1788556975,347529216,180514816,14987912,545181696,1018101760
findling-rss 1788556980,347807744,180551680,14982200,545562624,1018101760
findling-rss 1788556985,296595456,180424704,15067384,493842432,1018101760
findling-rss 1788556990,347676672,180416512,15084784,545361920,1018101760
findling-rss 1788556995,347320320,180461568,15078640,544878592,1018101760
findling-rss 1788557000,252928000,180518912,14983768,448983040,1018101760
findling-rss 1788557005,329494528,180531200,15110856,527261696,1018101760
findling-rss 1788557010,347602944,180543488,15104696,545296384,1018101760
findling-rss 1788557015,215973888,180232192,15013744,413011968,1018101760
findling-rss 1788557020,347967488,180609024,14909536,545792000,1018101760
findling-rss 1788557025,347668480,180654080,14904096,545558528,1018101760
findling-rss 1788557030,348934144,180662272,14922688,546680832,1018101760
findling-rss 1788557035,332353536,180699136,14936408,529993728,1018101760
findling-rss 1788557040,347869184,180592640,15075016,545562624,1018101760
findling-rss 1788557045,349134848,180596736,15093024,547155968,1018101760
findling-rss 1788557050,296398848,180658176,14926840,494583808,1018101760
findling-rss 1788557055,347840512,180699136,14920744,545841152,1018101760
findling-rss 1788557060,350588928,180690944,14942800,548405248,1018101760
findling-rss 1788557065,216064000,180387840,14843656,412983296,1018101760
findling-rss 1788557070,346902528,180781056,14946552,544878592,1018101760
findling-rss 1788557075,347897856,184287232,15060928,549289984,1018101760
findling-rss 1788557080,358633472,184287232,15060768,560173056,1018101760
findling-rss 1788557085,358924288,184287232,15060200,560496640,1018101760
findling-rss 1788557090,360316928,184287232,15060384,561876992,1018101760
findling-rss 1788557095,359239680,184287232,15060384,560730112,1018101760
findling-rss 1788557100,306810880,184287232,15060400,508137472,1018101760
findling-rss 1788557105,351690752,184287232,15060384,553340928,1018101760
findling-rss 1788557110,281600000,184287232,14956200,482643968,1018101760
findling-rss 1788557115,348450816,180838400,14960432,546209792,1018101760
findling-rss 1788557120,347455488,180830208,14978688,545374208,1018101760
findling-rss 1788557125,348925952,180871168,14972952,546758656,1018101760
findling-rss 1788557130,332451840,179814400,14849880,529289216,1018101760
findling-rss 1788557135,410214400,176627712,14500344,603357184,1018101760
findling-rss 1788557140,351117312,177094656,14500888,545062912,1018101760
findling-rss 1788557145,268177408,177127424,14409320,461672448,1018101760
findling-rss 1788557150,347422720,177127424,14532344,541073408,1018101760
findling-rss 1788557155,348098560,177152000,14525704,542031872,1018101760
findling-rss 1788557160,216109056,176828416,14417632,408948736,1018101760
findling-rss 1788557165,346873856,177184768,14556256,540577792,1018101760
findling-rss 1788557170,347914240,177221632,14551064,541855744,1018101760
findling-rss 1788557175,347897856,177209344,14568456,541835264,1018101760
findling-rss 1788557180,345407488,177242112,14581640,539381760,1018101760
findling-rss 1788557185,347267072,179769344,14818680,543944704,1018101760
findling-rss 1788557190,347394048,179765248,14837456,544161792,1018101760
findling-rss 1788557195,332484608,179798016,14852712,529145856,1018101760
findling-rss 1788557200,348188672,179834880,14737936,545157120,1018101760
findling-rss 1788557205,347676672,179826688,14755536,544231424,1018101760
findling-rss 1788557210,296935424,179863552,14767888,493776896,1018101760
findling-rss 1788557215,347836416,179888128,14762280,544587776,1018101760
findling-rss 1788557220,347705344,179884032,14780808,544657408,1018101760
findling-rss 1788557225,216150016,179568640,14670568,412114944,1018101760
findling-rss 1788557230,347148288,179949568,14786328,544079872,1018101760
findling-rss 1788557235,347394048,179945472,14805536,544157696,1018101760
findling-rss 1788557240,347713536,179798016,14780192,544497664,1018101760
findling-rss 1788557245,339329024,179818496,14792264,534712320,1018101760
findling-rss 1788557250,347611136,179826688,14810584,544501760,1018101760
findling-rss 1788557255,348168192,179847168,14800560,545255424,1018101760
findling-rss 1788557260,332521472,179871744,14814080,529383424,1018101760
findling-rss 1788557265,348069888,179888128,14832576,545288192,1018101760
findling-rss 1788557270,351518720,179912704,14674920,548179968,1018101760
findling-rss 1788557275,268259328,179957760,14582272,464461824,1018101760
findling-rss 1788557280,347934720,179961856,14706848,544854016,1018101760
findling-rss 1788557285,348389376,179998720,14700048,545427456,1018101760
findling-rss 1788557290,216199168,179978240,14623192,412336128,1018101760
findling-rss 1788557295,347668480,179855360,14847168,544772096,1018101760
findling-rss 1788557300,348041216,179879936,14840984,544743424,1018101760
findling-rss 1788557305,348434432,179888128,14657568,545210368,1018101760
findling-rss 1788557310,343318528,179904512,14670456,540020736,1018101760
findling-rss 1788557315,348172288,179945472,14663408,545165312,1018101760
findling-rss 1788557320,348606464,179933184,14681576,545570816,1018101760
findling-rss 1788557325,332595200,179961856,14695320,529567744,1018101760
findling-rss 1788557330,347688960,180002816,14688656,544464896,1018101760
findling-rss 1788557335,350572544,179990528,14706416,547270656,1018101760
findling-rss 1788557340,268300288,180019200,14613232,464928768,1018101760
findling-rss 1788557345,347930624,179896320,14374088,544256000,1018101760
findling-rss 1788557350,348602368,179912704,14393696,545128448,1018101760
findling-rss 1788557355,348700672,179937280,14387672,545390592,1018101760
findling-rss 1788557360,346705920,179965952,14403224,543215616,1018101760
findling-rss 1788557365,348332032,179974144,14418064,544989184,1018101760
findling-rss 1788557370,348770304,180006912,14411424,545325056,1018101760
findling-rss 1788557375,315772928,181194752,14456960,513417216,1018101760
findling-rss 1788557380,347848704,180019200,14441936,544477184,1018101760
findling-rss 1788557385,348594176,180051968,14435680,545443840,1018101760
findling-rss 1788557390,262479872,180084736,14342424,457633792,1018101760
findling-rss 1788557395,347660288,180080640,14467000,544612352,1018101760
findling-rss 1788557400,347373568,179953664,14695400,544157696,1018101760
findling-rss 1788557405,350044160,179949568,14714016,546902016,1018101760
findling-rss 1788557410,332619776,179982336,14684720,529620992,1018101760
findling-rss 1788557415,347983872,180019200,14679032,544886784,1018101760
findling-rss 1788557420,348135424,180006912,14696384,545042432,1018101760
findling-rss 1788557425,323903488,180060160,14710096,520880128,1018101760
findling-rss 1788557430,347877376,180092928,14703752,544890880,1018101760
findling-rss 1788557435,348352512,180097024,14721824,545062912,1018101760
findling-rss 1788557440,262205440,180125696,14628184,457629696,1018101760
findling-rss 1788557445,347848704,180183040,14729128,545153024,1018101760
findling-rss 1788557450,348192768,183652352,14844104,548798464,1018101760
findling-rss 1788557455,358592512,183652352,14844104,559263744,1018101760
findling-rss 1788557460,359632896,183652352,14842584,560279552,1018101760
findling-rss 1788557465,360300544,183652352,14842064,561029120,1018101760
findling-rss 1788557470,280195072,183652352,14735992,480268288,1018101760
findling-rss 1788557475,307757056,183652352,14842448,508366848,1018101760
findling-rss 1788557480,351223808,183652352,14842064,552062976,1018101760
findling-rss 1788557485,309563392,183652352,14842080,510402560,1018101760
findling-rss 1788557490,349151232,180002816,14692832,545976320,1018101760
findling-rss 1788557495,347545600,180002816,14711088,544649216,1018101760
findling-rss 1788557500,252989440,180047872,14620312,448253952,1018101760
findling-rss 1788557505,348155904,180080640,14721104,545189888,1018101760
findling-rss 1788557510,348053504,180084736,14739448,544911360,1018101760
findling-rss 1788557515,348893184,180129792,14733824,545722368,1018101760
findling-rss 1788557520,332615680,180183040,14745816,529494016,1018101760
findling-rss 1788557525,347852800,180174848,14660704,545042432,1018101760
findling-rss 1788557530,348061696,180215808,14655104,545271808,1018101760
findling-rss 1788557535,332623872,180273152,14668480,529707008,1018101760
findling-rss 1788557541,347377664,180273152,14686304,544571392,1018101760
findling-rss 1788557546,348213248,180113408,14667784,545161216,1018101760
findling-rss 1788557551,295194624,180162560,14681952,492183552,1018101760
findling-rss 1788557556,348147712,180158464,14696640,545165312,1018101760
findling-rss 1788557561,348577792,180187136,14690976,545619968,1018101760
findling-rss 1788557566,216260608,179896320,14583480,412516352,1018101760
findling-rss 1788557571,347316224,180244480,14718672,544268288,1018101760
findling-rss 1788557576,348766208,180289536,14717072,545656832,1018101760
findling-rss 1788557581,350191616,180277248,14734288,547426304,1018101760
findling-rss 1788557586,332611584,184160256,14853496,533643264,1018101760
findling-rss 1788557591,358400000,184160256,14853608,559648768,1018101760
findling-rss 1788557596,359292928,184160256,14853608,560484352,1018101760
findling-rss 1788557601,351596544,184160256,14852248,551628800,1018101760
findling-rss 1788557606,359981056,184160256,14851992,561246208,1018101760
findling-rss 1788557611,307281920,184160256,14851992,508616704,1018101760
findling-rss 1788557616,351985664,184160256,14852360,553140224,1018101760
findling-rss 1788557621,361066496,184160256,14848768,562470912,1018101760
findling-rss 1788557626,283721728,184160256,14744968,484388864,1018101760
findling-rss 1788557631,347938816,180363264,14742864,545394688,1018101760
findling-rss 1788557636,348069888,180363264,14760984,545329152,1018101760
findling-rss 1788557641,348377088,180084736,14481672,545009664,1018101760
findling-rss 1788557646,345473024,180113408,14493968,542072832,1018101760
findling-rss 1788557651,347914240,180121600,14512560,544448512,1018101760
findling-rss 1788557656,348069888,180146176,14506528,544763904,1018101760
findling-rss 1788557661,332640256,180211712,14522880,529436672,1018101760
findling-rss 1788557666,347901952,180219904,14538352,544952320,1018101760
findling-rss 1788557671,348983296,180244480,14531784,546025472,1018101760
findling-rss 1788557676,279007232,180273152,14541224,475705344,1018101760
findling-rss 1788557681,348356608,180277248,14562288,545542144,1018101760
findling-rss 1788557686,348127232,180297728,14556104,545460224,1018101760
findling-rss 1788557691,216276992,191254528,14803960,423198720,1018101760
findling-rss 1788557696,347107328,180113408,14609448,543977472,1018101760
findling-rss 1788557701,348995584,180137984,14602720,545902592,1018101760
findling-rss 1788557706,347955200,180137984,14621360,544739328,1018101760
findling-rss 1788557711,332652544,180174848,14634536,529510400,1018101760
findling-rss 1788557716,348061696,180199424,14628240,544935936,1018101760
findling-rss 1788557721,347942912,180195328,14646104,544899072,1018101760
findling-rss 1788557726,332640256,180224000,14658656,529547264,1018101760
findling-rss 1788557731,347738112,180252672,14651656,544960512,1018101760
findling-rss 1788557736,348905472,180252672,14670272,546242560,1018101760
findling-rss 1788557741,274432000,180289536,14683672,467566592,1018101760
findling-rss 1788557746,347705344,180150272,14719976,544612352,1018101760
findling-rss 1788557751,348295168,180142080,14737824,545075200,1018101760
findling-rss 1788557756,348639232,180178944,14594264,545632256,1018101760
findling-rss 1788557761,347877376,180207616,14606832,545075200,1018101760
findling-rss 1788557766,347533312,180203520,14624952,544505856,1018101760
findling-rss 1788557771,348221440,180228096,14617976,545251328,1018101760
findling-rss 1788557776,332673024,180264960,14630584,529649664,1018101760
findling-rss 1788557781,347787264,180273152,14649632,544600064,1018101760
findling-rss 1788557786,347340800,180289536,14642720,544489472,1018101760
findling-rss 1788557791,170242048,180326400,14462304,366469120,1018101760
findling-rss 1788557796,266919936,180326400,14643608,463822848,1018101760
findling-rss 1788557801,348901376,180117504,14606216,545624064,1018101760
findling-rss 1788557806,347230208,180129792,14624464,544169984,1018101760
findling-rss 1788557811,346157056,180150272,14618080,543191040,1018101760
findling-rss 1788557816,343650304,180203520,14631064,540495872,1018101760
findling-rss 1788557821,347238400,180203520,14649416,543948800,1018101760
findling-rss 1788557826,347955200,180244480,14643680,545091584,1018101760
findling-rss 1788557831,319057920,180277248,14657424,510545920,1018101760
findling-rss 1788557836,347025408,180281344,14674568,544083968,1018101760
findling-rss 1788557841,347787264,180301824,14668272,544841728,1018101760
findling-rss 1788557846,266952704,180334592,14574744,463417344,1018101760
findling-rss 1788557851,346660864,180334592,14699184,543637504,1018101760
findling-rss 1788557856,346152960,180183040,14805312,543330304,1018101760
findling-rss 1788557861,347430912,180191232,14823000,544727040,1018101760
findling-rss 1788557866,345632768,180215808,14493832,542474240,1018101760
findling-rss 1788557871,346292224,180240384,14487304,543031296,1018101760
findling-rss 1788557876,347041792,180240384,14506080,543797248,1018101760
findling-rss 1788557881,331280384,180281344,14518984,527962112,1018101760
findling-rss 1788557886,346472448,180293632,14512056,543248384,1018101760
findling-rss 1788557891,346329088,180301824,14531040,543485952,1018101760
findling-rss 1788557896,331280384,180400128,14547168,528297984,1018101760
findling-rss 1788557901,347557888,180432896,14540800,544559104,1018101760
findling-rss 1788557906,347013120,180424704,14558536,543977472,1018101760
findling-rss 1788557911,261197824,180244480,14724392,456683520,1018101760
findling-rss 1788557916,349495296,180273152,14824008,546893824,1018101760
findling-rss 1788557921,346783744,180277248,14842912,544116736,1018101760
findling-rss 1788557926,347176960,180310016,14837320,544632832,1018101760
findling-rss 1788557931,331292672,180326400,14637424,528183296,1018101760
findling-rss 1788557936,347217920,180330496,14655448,544333824,1018101760
findling-rss 1788557941,348561408,180359168,14650512,545849344,1018101760
findling-rss 1788557946,331317248,180383744,14661104,528654336,1018101760
findling-rss 1788557951,346583040,180383744,14680112,543809536,1018101760
findling-rss 1788557956,347242496,180420608,14673856,544391168,1018101760
findling-rss 1788557961,267026432,247709696,16580408,533118976,1018101760
findling-rss 1788557966,346468352,180305920,14731960,543731712,1018101760
findling-rss 1788557971,347308032,180355072,14726424,544600064,1018101760
findling-rss 1788557976,214966272,180035584,14617080,411357184,1018101760
findling-rss 1788557981,346329088,180396032,14756904,543600640,1018101760
findling-rss 1788557986,346767360,180416512,14750744,543809536,1018101760
findling-rss 1788557991,346996736,180416512,14768704,544378880,1018101760
findling-rss 1788557996,331325440,180449280,14781288,528785408,1018101760
findling-rss 1788558001,346169344,180486144,14775840,543326208,1018101760
findling-rss 1788558006,347430912,180486144,14794056,544563200,1018101760
findling-rss 1788558011,313950208,180527104,14807368,502566912,1018101760
findling-rss 1788558016,347209728,180400128,14824504,544440320,1018101760
findling-rss 1788558021,349118464,180400128,14842848,546390016,1018101760
findling-rss 1788558026,267067392,180432896,14748936,464048128,1018101760
findling-rss 1788558031,346529792,180498432,14631984,543674368,1018101760
findling-rss 1788558036,348889088,180498432,14648744,546054144,1018101760
findling-rss 1788558041,347119616,180539392,14643008,544350208,1018101760
findling-rss 1788558046,346361856,180576256,14655552,543608832,1018101760
findling-rss 1788558051,349458432,180584448,14674408,546750464,1018101760
findling-rss 1788558056,346963968,180654080,14668800,544399360,1018101760
findling-rss 1788558061,331395072,180707328,14683560,529043456,1018101760
findling-rss 1788558066,346591232,180707328,14700592,543944704,1018101760
findling-rss 1788558071,346783744,180416512,14722152,543883264,1018101760
findling-rss 1788558076,293961728,180469760,14734928,491245568,1018101760
findling-rss 1788558081,346849280,180465664,14753240,544260096,1018101760
findling-rss 1788558086,347000832,180514816,14747456,544190464,1018101760
findling-rss 1788558091,215035904,180191232,14640192,411590656,1018101760
findling-rss 1788558096,347668480,180551680,14781440,545222656,1018101760
findling-rss 1788558101,346521600,180576256,14775280,543940608,1018101760
findling-rss 1788558106,347049984,180580352,14793096,544649216,1018101760
findling-rss 1788558111,344068096,180596736,14805720,541679616,1018101760
findling-rss 1788558116,349130752,180641792,14799456,546729984,1018101760
findling-rss 1788558121,347123712,180629504,14818920,544944128,1018101760
findling-rss 1788558126,322748416,180502528,14855736,520007680,1018101760
findling-rss 1788558131,347111424,180527104,14851000,544731136,1018101760
findling-rss 1788558136,347066368,180527104,14739728,544530432,1018101760
findling-rss 1788558141,247840768,180555776,14646496,443641856,1018101760
findling-rss 1788558146,346243072,180580352,14745864,543535104,1018101760
findling-rss 1788558151,347475968,180584448,14765000,544698368,1018101760
findling-rss 1788558156,348078080,180621312,14755648,545304576,1018101760
findling-rss 1788558162,331448320,180641792,14768672,528822272,1018101760
findling-rss 1788558167,349667328,180649984,14786872,547254272,1018101760
findling-rss 1788558172,346701824,180670464,14779632,544129024,1018101760
findling-rss 1788558177,295542784,248074240,16790000,563052544,1018101760
findling-rss 1788558182,347045888,180547584,14858984,544534528,1018101760
findling-rss 1788558187,346517504,180568064,14851624,544034816,1018101760
findling-rss 1788558192,215097344,180244480,14744632,411901952,1018101760
findling-rss 1788558197,346284032,180600832,14882424,543666176,1018101760
findling-rss 1788558202,346349568,180617216,14693680,543805440,1018101760
findling-rss 1788558207,348033024,180625408,14712656,545685504,1018101760
findling-rss 1788558212,336805888,180649984,14725224,533131264,1018101760
findling-rss 1788558217,346509312,180686848,14718584,544018432,1018101760
findling-rss 1788558222,347078656,180682752,14736864,544718848,1018101760
findling-rss 1788558227,331501568,180711424,14749816,529158144,1018101760
findling-rss 1788558232,349822976,180572160,14815048,547434496,1018101760
findling-rss 1788558237,347496448,180568064,14833376,545112064,1018101760
findling-rss 1788558242,267214848,180596736,14739240,464277504,1018101760
findling-rss 1788558247,350171136,180629504,14838968,547684352,1018101760
findling-rss 1788558252,346939392,180625408,14857896,544559104,1018101760
findling-rss 1788558257,347922432,180649984,14851560,545755136,1018101760
findling-rss 1788558262,345841664,180715520,14868288,543510528,1018101760
findling-rss 1788558267,347009024,180723712,14721552,544636928,1018101760
findling-rss 1788558272,347033600,180752384,14715232,544485376,1018101760
findling-rss 1788558277,331517952,180797440,14728088,529248256,1018101760
findling-rss 1788558282,347451392,180801536,14745800,545103872,1018101760
findling-rss 1788558287,346845184,180670464,14848808,544505856,1018101760
findling-rss 1788558292,295022592,180711424,14862184,492679168,1018101760
findling-rss 1788558297,346578944,180707328,14632448,544034816,1018101760
findling-rss 1788558302,347316224,180731904,14625768,544518144,1018101760
findling-rss 1788558307,215175168,180412416,14521424,411791360,1018101760
findling-rss 1788558312,346673152,180764672,14657104,544227328,1018101760
findling-rss 1788558317,347869184,180789248,14650248,545480704,1018101760
findling-rss 1788558322,347467776,180793344,14669384,545112064,1018101760
findling-rss 1788558327,334999552,180822016,14681272,531324928,1018101760
findling-rss 1788558332,346656768,180850688,14675720,544256000,1018101760
findling-rss 1788558337,346849280,180846592,14693704,544718848,1018101760
findling-rss 1788558342,322834432,180699136,14872472,520462336,1018101760
findling-rss 1788558347,347242496,180789248,14874736,545116160,1018101760
findling-rss 1788558352,347262976,180781056,14892744,545280000,1018101760
findling-rss 1788558357,268226560,178446336,14744344,463069184,1018101760
findling-rss 1788558362,347357184,178475008,14821024,542515200,1018101760
findling-rss 1788558367,347836416,178475008,14839008,543440896,1018101760
findling-rss 1788558372,348815360,178503680,14833480,544210944,1018101760
findling-rss 1788558377,332525568,178528256,14845024,527929344,1018101760
findling-rss 1788558382,348217344,178536448,14864280,543600640,1018101760
findling-rss 1788558387,350523392,178561024,14858048,546017280,1018101760
findling-rss 1788558392,268242944,248795136,16768800,535465984,1018101760
findling-rss 1788558397,347262976,181129216,14830320,545423360,1018101760
findling-rss 1788558402,347807744,181149696,14824928,545914880,1018101760
findling-rss 1788558407,216178688,180842496,14716464,413388800,1018101760
findling-rss 1788558412,347762688,181198848,14855656,546099200,1018101760
findling-rss 1788558417,348446720,181248000,14850504,546533376,1018101760
findling-rss 1788558422,349065216,181252096,14869008,547028992,1018101760
findling-rss 1788558427,332558336,181276672,14736488,530812928,1018101760
findling-rss 1788558432,348176384,181309440,14731184,546459648,1018101760
findling-rss 1788558437,350216192,181313536,14748896,548290560,1018101760
findling-rss 1788558442,323866624,181358592,14761768,522162176,1018101760
findling-rss 1788558447,347217920,181239808,14894680,545464320,1018101760
findling-rss 1788558452,347734016,181239808,14913456,545861632,1018101760
findling-rss 1788558457,264593408,181272576,14696536,461295616,1018101760
findling-rss 1788558462,347906048,181342208,14798312,546324480,1018101760
findling-rss 1788558467,348925952,181346304,14816792,547348480,1018101760
findling-rss 1788558472,348119040,181383168,14810672,546443264,1018101760
findling-rss 1788558477,332566528,181481472,14824640,530862080,1018101760
findling-rss 1788558482,347488256,181489664,14843232,545742848,1018101760
findling-rss 1788558487,348721152,181518336,14837256,547368960,1018101760
findling-rss 1788558492,332611584,181559296,14849928,531095552,1018101760
findling-rss 1788558497,348811264,181551104,14867920,547389440,1018101760
findling-rss 1788558502,348233728,181399552,14901304,546439168,1018101760
findling-rss 1788558507,266866688,181436416,14804560,463892480,1018101760
findling-rss 1788558512,348000256,181432320,14931944,546385920,1018101760
findling-rss 1788558517,348540928,181465088,14925080,547037184,1018101760
findling-rss 1788558522,348606464,181469184,14752312,547069952,1018101760
findling-rss 1788558527,347242496,181493760,14764656,545492992,1018101760
findling-rss 1788558532,348581888,181518336,14758200,547217408,1018101760
findling-rss 1788558537,349720576,181526528,14777448,548356096,1018101760
findling-rss 1788558542,306536448,181547008,14788592,504668160,1018101760
findling-rss 1788558547,350650368,181583872,14783128,549220352,1018101760
findling-rss 1788558552,348946432,181579776,14800616,547561472,1018101760
findling-rss 1788558557,222691328,181452800,14688072,413921280,1018101760
findling-rss 1788558562,208359424,181493760,14728384,406167552,1018101760
findling-rss 1788558567,347410432,181493760,14882288,546152448,1018101760
findling-rss 1788558572,347090944,181534720,14876352,545574912,1018101760
findling-rss 1788558577,348045312,181534720,14893904,546840576,1018101760
findling-rss 1788558582,331317248,181563392,14907400,529928192,1018101760
findling-rss 1788558587,347164672,181600256,14878000,545669120,1018101760
findling-rss 1788558592,348033024,181592064,14895712,546906112,1018101760
findling-rss 1788558597,322658304,181620736,14908872,521039872,1018101760
findling-rss 1788558602,346513408,181653504,14902368,545058816,1018101760
findling-rss 1788558607,346824704,181653504,14921368,545521664,1018101760
findling-rss 1788558612,267063296,181497856,14897200,465231872,1018101760
findling-rss 1788558617,347295744,181538816,14997744,545972224,1018101760
findling-rss 1788558622,347144192,181530624,14746024,545497088,1018101760
findling-rss 1788558627,346923008,181563392,14740176,545599488,1018101760
findling-rss 1788558632,345899008,181587968,14752360,544120832,1018101760
findling-rss 1788558637,345800704,181596160,14770840,544321536,1018101760
findling-rss 1788558642,350191616,181620736,14764384,548855808,1018101760
findling-rss 1788558647,331395072,181649408,14778016,529915904,1018101760
findling-rss 1788558652,347525120,181641216,14795320,546148352,1018101760
findling-rss 1788558657,346808320,181678080,14789400,545280000,1018101760
findling-rss 1788558662,277520384,249348096,16810800,545247232,1018101760
findling-rss 1788558667,346914816,181547008,15006288,545509376,1018101760
findling-rss 1788558672,346193920,181567488,15000400,544894976,1018101760
findling-rss 1788558677,215060480,181248000,14893656,412884992,1018101760
findling-rss 1788558682,345899008,181596160,15030744,544862208,1018101760
findling-rss 1788558687,346759168,181628928,14858040,545255424,1018101760
findling-rss 1788558692,349437952,181628928,14877064,548081664,1018101760
findling-rss 1788558697,331403264,181649408,14891304,530034688,1018101760
findling-rss 1788558702,346427392,181702656,14886040,544940032,1018101760
findling-rss 1788558707,347787264,181714944,14904744,546676736,1018101760
findling-rss 1788558712,314793984,181751808,14917808,512757760,1018101760
findling-rss 1788558717,346349568,181616640,14997112,544829440,1018101760
findling-rss 1788558722,346542080,181612544,15015664,545087488,1018101760
findling-rss 1788558727,215097344,181288960,14910416,412749824,1018101760
findling-rss 1788558732,346472448,181665792,15021776,545411072,1018101760
findling-rss 1788558737,346095616,181669888,15040392,544681984,1018101760
findling-rss 1788558742,347955200,181698560,15034320,547020800,1018101760
findling-rss 1788558747,331468800,181723136,14887600,529969152,1018101760
findling-rss 1788558752,346873856,181727232,14903008,545890304,1018101760
findling-rss 1788558757,346435584,181747712,14896304,545353728,1018101760
findling-rss 1788558762,310513664,183181312,14948464,505507840,1018101760
findling-rss 1788558767,356663296,183181312,14947152,556843008,1018101760
findling-rss 1788558772,361914368,183181312,14946768,562044928,1018101760
findling-rss 1788558777,343375872,183181312,14947536,543666176,1018101760
findling-rss 1788558782,346873856,181784576,14927192,545894400,1018101760
findling-rss 1788558787,346697728,181649408,14998216,545570816,1018101760
findling-rss 1788558792,297394176,181735424,15016024,496222208,1018101760
findling-rss 1788558797,347021312,181735424,15033936,546000896,1018101760
findling-rss 1788558802,346959872,181747712,15028056,545857536,1018101760
findling-rss 1788558807,267218944,181792768,14934208,465862656,1018101760
findling-rss 1788558813,346673152,181788672,14739696,545067008,1018101760
findling-rss 1788558818,349159424,181821440,14733848,547725312,1018101760
findling-rss 1788558823,348459008,181821440,14752488,547262464,1018101760
findling-rss 1788558828,331550720,181854208,14765848,530190336,1018101760
findling-rss 1788558833,346263552,181878784,14757872,545099776,1018101760
findling-rss 1788558838,347676672,181878784,14777216,546697216,1018101760
findling-rss 1788558843,267239424,180797440,14646384,464449536,1018101760
findling-rss 1788558848,347557888,180822016,14746792,545464320,1018101760
findling-rss 1788558853,347115520,180817920,14764664,545054720,1018101760
findling-rss 1788558858,347426816,180854784,14758680,545349632,1018101760
findling-rss 1788558863,331554816,180912128,14775288,529420288,1018101760
findling-rss 1788558868,347123712,180912128,14790792,545034240,1018101760
findling-rss 1788558873,350527488,181997568,14813232,549576704,1018101760
findling-rss 1788558878,342364160,181997568,14812800,541294592,1018101760
findling-rss 1788558883,360087552,181997568,14812688,559222784,1018101760
findling-rss 1788558888,349650944,180957184,14801768,547635200,1018101760
findling-rss 1788558893,331542528,180994048,14816312,529580032,1018101760
findling-rss 1788558898,346357760,181030912,14809736,544505856,1018101760
findling-rss 1788558903,350040064,181030912,14828312,548282368,1018101760
findling-rss 1788558908,215207936,180482048,14561920,412020736,1018101760
findling-rss 1788558913,345923584,180871168,14673368,543342592,1018101760
findling-rss 1788558918,349392896,180879360,14692752,546926592,1018101760
findling-rss 1788558923,348844032,180924416,14686584,546320384,1018101760
findling-rss 1788558928,331571200,180969472,14698672,529313792,1018101760
findling-rss 1788558933,347078656,180969472,14717832,544751616,1018101760
findling-rss 1788558938,347242496,181010432,14711304,545075200,1018101760
findling-rss 1788558943,278605824,181039104,14723824,476110848,1018101760
findling-rss 1788558948,346599424,181043200,14741832,544366592,1018101760
findling-rss 1788558953,347095040,181108736,14737944,544976896,1018101760
findling-rss 1788558958,262029312,248909824,16657280,528371712,1018101760
findling-rss 1788558963,347435008,180924416,14873288,545222656,1018101760
findling-rss 1788558968,345985024,180977664,14867776,543936512,1018101760
findling-rss 1788558973,348377088,180973568,14768744,546422784,1018101760
findling-rss 1788558978,345845760,181051392,14782792,543969280,1018101760
findling-rss 1788558983,346832896,181088256,14776672,544813056,1018101760
findling-rss 1788558988,347410432,181088256,14795312,545599488,1018101760
findling-rss 1788558993,331620352,181112832,14807336,529690624,1018101760
findling-rss 1788558998,347623424,181182464,14805480,545873920,1018101760
findling-rss 1788559003,347336704,181174272,14823240,545673216,1018101760
findling-rss 1788559008,295391232,181219328,14837544,493613056,1018101760
findling-rss 1788559013,346980352,180940800,14585360,544690176,1018101760
findling-rss 1788559018,347230208,180940800,14604000,544669696,1018101760
findling-rss 1788559023,348602368,180973568,14598000,546086912,1018101760
findling-rss 1788559028,345825280,180994048,14609552,543440896,1018101760
findling-rss 1788559033,346898432,181006336,14628392,544661504,1018101760
findling-rss 1788559038,348041216,181026816,14622616,545837056,1018101760
findling-rss 1788559043,331694080,181059584,14634776,529571840,1018101760
findling-rss 1788559048,347471872,181055488,14652896,545308672,1018101760
findling-rss 1788559053,347893760,181075968,14646192,545689600,1018101760
findling-rss 1788559058,260886528,181112832,14547960,457003008,1018101760
findling-rss 1788559063,347353088,181104640,14674576,545284096,1018101760
findling-rss 1788559068,346521600,180977664,14863984,544337920,1018101760
findling-rss 1788559073,347320320,180985856,14881896,545472512,1018101760
findling-rss 1788559078,331689984,181014528,14731296,529358848,1018101760
findling-rss 1788559083,346927104,181043200,14724800,544538624,1018101760
findling-rss 1788559088,346968064,181039104,14743440,544772096,1018101760
findling-rss 1788559093,331685888,181071872,14755752,529534976,1018101760
findling-rss 1788559098,347459584,181096448,14749280,545443840,1018101760
findling-rss 1788559103,347148288,181104640,14768144,544935936,1018101760
findling-rss 1788559108,294256640,181129216,14780280,492216320,1018101760
findling-rss 1788559113,347197440,181153792,14774008,545005568,1018101760
findling-rss 1788559118,347279360,181153792,14792624,545488896,1018101760
findling-rss 1788559123,228274176,181018624,14779408,412725248,1018101760
findling-rss 1788559128,346324992,181047296,14879560,544239616,1018101760
findling-rss 1788559133,347172864,181043200,14897544,545165312,1018101760
findling-rss 1788559138,347738112,181071872,14892112,545984512,1018101760
findling-rss 1788559143,345833472,181100544,14676320,543752192,1018101760
findling-rss 1788559148,349855744,181108736,14695816,547844096,1018101760
findling-rss 1788559153,348086272,181137408,14689472,546222080,1018101760
findling-rss 1788559158,331706368,181161984,14700976,529743872,1018101760
findling-rss 1788559163,347389952,181190656,14724096,545394688,1018101760
findling-rss 1788559168,347664384,181227520,14714088,545964032,1018101760
findling-rss 1788559173,297254912,249188352,16743936,564666368,1018101760
findling-rss 1788559178,348098560,181084160,14880840,546287616,1018101760
findling-rss 1788559183,347332608,181116928,14874880,545259520,1018101760
findling-rss 1788559188,267415552,181145600,14778704,465113088,1018101760
findling-rss 1788559193,346271744,181137408,14905000,544325632,1018101760
findling-rss 1788559198,346943488,181190656,14899936,545284096,1018101760
findling-rss 1788559203,215343104,180883456,14793240,412577792,1018101760
findling-rss 1788559208,346312704,181231616,14737856,544178176,1018101760
findling-rss 1788559213,347406336,181272576,14731488,545513472,1018101760
findling-rss 1788559218,348733440,181264384,14750400,546836480,1018101760
findling-rss 1788559223,331710464,181297152,14762464,529891328,1018101760
findling-rss 1788559228,346730496,181161984,14876792,544997376,1018101760
findling-rss 1788559233,348274688,181161984,14895136,546447360,1018101760
findling-rss 1788559238,294281216,181194752,14609800,492261376,1018101760
findling-rss 1788559243,347873280,181223424,14600776,545751040,1018101760
findling-rss 1788559248,347095040,181215232,14619008,544976896,1018101760
findling-rss 1788559253,347316224,181239808,14612464,545497088,1018101760
findling-rss 1788559258,345935872,181268480,14624712,544026624,1018101760
findling-rss 1788559263,346996736,181272576,14643376,545136640,1018101760
findling-rss 1788559268,347525120,181362688,14643152,545689600,1018101760
findling-rss 1788559273,331710464,181379072,14655360,529747968,1018101760
findling-rss 1788559278,347262976,181383168,14673976,545468416,1018101760
findling-rss 1788559283,347611136,181198848,14886048,545878016,1018101760
findling-rss 1788559288,297586688,181227520,14898344,495644672,1018101760
findling-rss 1788559293,350609408,181235712,14917528,549113856,1018101760
findling-rss 1788559298,347140096,181264384,14913464,545431552,1018101760
findling-rss 1788559303,215363584,180940800,14588072,412413952,1018101760
findling-rss 1788559308,347197440,181297152,14723712,545124352,1018101760
findling-rss 1788559313,346963968,181317632,14717552,545132544,1018101760
findling-rss 1788559318,347414528,181325824,14735912,545665024,1018101760
findling-rss 1788559323,331739136,181346304,14747944,529854464,1018101760
findling-rss 1788559328,349495296,181366784,14742168,547459072,1018101760
findling-rss 1788559333,346591232,181370880,14759832,545112064,1018101760
findling-rss 1788559338,305598464,181051392,14896936,502816768,1018101760
findling-rss 1788559343,347467776,181104640,14891736,545808384,1018101760
findling-rss 1788559348,346877952,181104640,14910088,545067008,1018101760
findling-rss 1788559353,215367680,180781056,14805496,412729344,1018101760
findling-rss 1788559358,208252928,181161984,14873248,405827584,1018101760
findling-rss 1788559363,346435584,181161984,15034920,544518144,1018101760
findling-rss 1788559368,346419200,181215232,14984072,544759808,1018101760
findling-rss 1788559373,346722304,181211136,14998736,545026048,1018101760
findling-rss 1788559378,344285184,181260288,15012000,542806016,1018101760
findling-rss 1788559383,350093312,181305344,15006760,548589568,1018101760
findling-rss 1788559388,350695424,181301248,15024472,548896768,1018101760
findling-rss 1788559393,326959104,185393152,15111696,527732736,1018101760
findling-rss 1788559398,359018496,185393152,15110488,561639424,1018101760
findling-rss 1788559403,361041920,185393152,15042760,563695616,1018101760
findling-rss 1788559408,344903680,185393152,15042192,547360768,1018101760
findling-rss 1788559413,307822592,185393152,15042760,510312448,1018101760
findling-rss 1788559418,307167232,185393152,15042376,509739008,1018101760
findling-rss 1788559423,346345472,185393152,15039368,548851712,1018101760
findling-rss 1788559428,363593728,185393152,15039184,566120448,1018101760
findling-rss 1788559433,366006272,185393152,14849168,568233984,1018101760
findling-rss 1788559439,347701248,181182464,14840872,545865728,1018101760
findling-rss 1788559444,348708864,181235712,14839320,546992128,1018101760
findling-rss 1788559449,348856320,181227520,14856944,546918400,1018101760
findling-rss 1788559454,333025280,181297152,14869976,531324928,1018101760
findling-rss 1788559459,348635136,181342208,14864736,547004416,1018101760
findling-rss 1788559464,348934144,181362688,14887312,547090432,1018101760
findling-rss 1788559469,249270272,181424128,14790792,445513728,1018101760
findling-rss 1788559474,348463104,181489664,14891256,546877440,1018101760
findling-rss 1788559479,348823552,181481472,14909672,547160064,1018101760
findling-rss 1788559484,352309248,181518336,14904344,550596608,1018101760
findling-rss 1788559489,333062144,181313536,14930840,531443712,1018101760
findling-rss 1788559494,348692480,181309440,14948688,547004416,1018101760
findling-rss 1788559499,349577216,181334016,14942392,548171776,1018101760
findling-rss 1788559504,279629824,181366784,14955928,477872128,1018101760
findling-rss 1788559509,331055104,181350400,14972432,529510400,1018101760
findling-rss 1788559514,351911936,181403648,14966960,550137856,1018101760
findling-rss 1788559519,216723456,181084160,14858544,414302208,1018101760
findling-rss 1788559524,348221440,181428224,14888872,546615296,1018101760
findling-rss 1788559529,351084544,181465088,14883296,549785600,1018101760
findling-rss 1788559534,348557312,181460992,14901688,547045376,1018101760
findling-rss 1788559539,335413248,181489664,14914640,532840448,1018101760
findling-rss 1788559544,351084544,181354496,15007272,549294080,1018101760
findling-rss 1788559549,350302208,181350400,15025912,548921344,1018101760
findling-rss 1788559554,324403200,181383168,14860504,522817536,1018101760
findling-rss 1788559559,348577792,181420032,14854224,546852864,1018101760
findling-rss 1788559564,349089792,181415936,14872688,547508224,1018101760
findling-rss 1788559569,268812288,181444608,14778752,466677760,1018101760
findling-rss 1788559574,348397568,181473280,14879176,546750464,1018101760
findling-rss 1788559579,351899648,181481472,14897432,550195200,1018101760
findling-rss 1788559584,349540352,181506048,14891840,547889152,1018101760
findling-rss 1788559589,357691392,182206464,14928296,556843008,1018101760
findling-rss 1788559594,359514112,182206464,14928296,558645248,1018101760
findling-rss 1788559599,410664960,178962432,14670792,606646272,1018101760
findling-rss 1788559604,334254080,181813248,14860864,532824064,1018101760
findling-rss 1788559609,349941760,181809152,14880776,549060608,1018101760
findling-rss 1788559614,349143040,181854208,14874672,548167680,1018101760
findling-rss 1788559619,308146176,181874688,14887408,506937344,1018101760
findling-rss 1788559624,351854592,181886976,14905680,550883328,1018101760
findling-rss 1788559629,349847552,181903360,14827592,548483072,1018101760
findling-rss 1788559634,217907200,181583872,14720464,415789056,1018101760
findling-rss 1788559639,349446144,181940224,14858504,548528128,1018101760
findling-rss 1788559644,349843456,181964800,14852000,548655104,1018101760
findling-rss 1788559649,349454336,181972992,14870888,548569088,1018101760
findling-rss 1788559654,334274560,181993472,14879752,533204992,1018101760
findling-rss 1788559659,349605888,181846016,14862760,548540416,1018101760
findling-rss 1788559664,350281728,181854208,14860792,549052416,1018101760
findling-rss 1788559669,312033280,181878784,14873520,507043840,1018101760
findling-rss 1788559674,349564928,181907456,14867264,548397056,1018101760
findling-rss 1788559679,350236672,181903360,14885272,549146624,1018101760
findling-rss 1788559684,270016512,181940224,14791608,468520960,1018101760
findling-rss 1788559689,349114368,181989376,14892280,548265984,1018101760
findling-rss 1788559694,349360128,181993472,14910648,548319232,1018101760
findling-rss 1788559699,349868032,182026240,14904416,549044224,1018101760
findling-rss 1788559704,348606464,182050816,14917144,546926592,1018101760
findling-rss 1788559709,349577216,182063104,14936640,548536320,1018101760
findling-rss 1788559714,350187520,181915648,14867216,548986880,1018101760
findling-rss 1788559719,334311424,181944320,14878720,533168128,1018101760
findling-rss 1788559724,352215040,181948416,14898760,551071744,1018101760
findling-rss 1788559729,349462528,181972992,14848152,548401152,1018101760
findling-rss 1788559734,270032896,182005760,14752360,468537344,1018101760
findling-rss 1788559739,348758016,182009856,14879400,547819520,1018101760
findling-rss 1788559744,349831168,182038528,14873216,548974592,1018101760
findling-rss 1788559749,353693696,182038528,14890952,552849408,1018101760
findling-rss 1788559754,346447872,182063104,14904448,544944128,1018101760
findling-rss 1788559759,349421568,182157312,14895832,548831232,1018101760
findling-rss 1788559764,350818304,182165504,14918976,550055936,1018101760
findling-rss 1788559769,334348288,182026240,14897240,533528576,1018101760
findling-rss 1788559774,349855744,182046720,14890632,548925440,1018101760
findling-rss 1788559779,350101504,182063104,14909312,549244928,1018101760
findling-rss 1788559784,270077952,182091776,14815560,468717568,1018101760
findling-rss 1788559789,348807168,182108160,14914816,547966976,1018101760
findling-rss 1788559794,349777920,182104064,14596472,548818944,1018101760
findling-rss 1788559799,218009600,181788672,14491720,415940608,1018101760
findling-rss 1788559804,349806592,182173696,14603168,548814848,1018101760
findling-rss 1788559809,350666752,182165504,14621040,549609472,1018101760
findling-rss 1788559814,350134272,182198272,14615488,549044224,1018101760
findling-rss 1788559819,334393344,182050816,14883936,533426176,1018101760
findling-rss 1788559824,349872128,182054912,14654088,548618240,1018101760
findling-rss 1788559829,350490624,182087680,14648264,549502976,1018101760
findling-rss 1788559834,297410560,182132736,14661280,495681536,1018101760
findling-rss 1788559839,349843456,182136832,14679016,548929536,1018101760
findling-rss 1788559844,349630464,182181888,14674184,548675584,1018101760
findling-rss 1788559849,249647104,182198272,14579664,446595072,1018101760
findling-rss 1788559854,350355456,182198272,14704256,549281792,1018101760
findling-rss 1788559859,350441472,182239232,14698368,549429248,1018101760
findling-rss 1788559864,349822976,182231040,14716648,548917248,1018101760
findling-rss 1788559869,347344896,182280192,14729616,546652160,1018101760
findling-rss 1788559874,349581312,182157312,14888952,548700160,1018101760
findling-rss 1788559879,350081024,182161408,14907688,549113856,1018101760
findling-rss 1788559884,325705728,182210560,14919952,524898304,1018101760
findling-rss 1788559889,349155328,182235136,14873960,548560896,1018101760
findling-rss 1788559894,349540352,182243328,14892760,548843520,1018101760
findling-rss 1788559899,257540096,182304768,14802480,454602752,1018101760
findling-rss 1788559904,349429760,182333440,14903136,548683776,1018101760
findling-rss 1788559909,353488896,182337536,14922024,553046016,1018101760
findling-rss 1788559914,353288192,182403072,14915760,552730624,1018101760
findling-rss 1788559919,334393344,182456320,14674160,533659648,1018101760
findling-rss 1788559924,349294592,182460416,14691688,548569088,1018101760
findling-rss 1788559929,349794304,182284288,14899128,549142528,1018101760
findling-rss 1788559934,328916992,182308864,14911448,525115392,1018101760
findling-rss 1788559939,351879168,182321152,14930560,551460864,1018101760
findling-rss 1788559944,349773824,182374400,14924888,548999168,1018101760
findling-rss 1788559949,270110720,182398976,14831048,469049344,1018101760
findling-rss 1788559954,349151232,182411264,14667616,548429824,1018101760
findling-rss 1788559959,350052352,182431744,14661840,549396480,1018101760
findling-rss 1788559964,218042368,182112256,14553312,416276480,1018101760
findling-rss 1788559969,349302784,182464512,14693432,548569088,1018101760
findling-rss 1788559974,350044160,182489088,14686184,549396480,1018101760
findling-rss 1788559979,349585408,182489088,14703760,548675584,1018101760
findling-rss 1788559984,346832896,182362112,14538288,545812480,1018101760
findling-rss 1788559989,351084544,182390784,14531560,550215680,1018101760
findling-rss 1788559994,349528064,182374400,14549616,548577280,1018101760
findling-rss 1788559999,334422016,182427648,14562808,533614592,1018101760
findling-rss 1788560004,349921280,182448128,14556696,548909056,1018101760
findling-rss 1788560009,351227904,182444032,14575088,550473728,1018101760
findling-rss 1788560014,280469504,182476800,14587176,479154176,1018101760
findling-rss 1788560019,349630464,182509568,14581128,549060608,1018101760
findling-rss 1788560024,352645120,182509568,14599496,551706624,1018101760
findling-rss 1788560029,349581312,182534144,14593312,548978688,1018101760
findling-rss 1788560034,334422016,181465088,14773304,532762624,1018101760
findling-rss 1788560039,349351936,181448704,14788808,547495936,1018101760
findling-rss 1788560044,349683712,181489664,14782976,547975168,1018101760
findling-rss 1788560049,334438400,181522432,14794888,532844544,1018101760
findling-rss 1788560054,350351360,181518336,14813344,548818944,1018101760
findling-rss 1788560059,349335552,181542912,14807800,547942400,1018101760
findling-rss 1788560064,280752128,182673408,14853360,480145408,1018101760
findling-rss 1788560069,359272448,182673408,14847904,558809088,1018101760
findling-rss 1788560074,359727104,182673408,14848104,559468544,1018101760
findling-rss 1788560079,334479360,181645312,14839344,532938752,1018101760
findling-rss 1788560085,350179328,181673984,14833640,548814848,1018101760
findling-rss 1788560090,353820672,181678080,14851624,552747008,1018101760
findling-rss 1788560095,270176256,181702656,14757848,468439040,1018101760
findling-rss 1788560100,349208576,181534720,14818568,547463168,1018101760
findling-rss 1788560105,350212096,181538816,14837664,548474880,1018101760
findling-rss 1788560110,349741056,181567488,14830936,548274176,1018101760
findling-rss 1788560115,334467072,181596160,14844320,532893696,1018101760
findling-rss 1788560120,349302784,181596160,14860136,547999744,1018101760
findling-rss 1788560125,350375936,181624832,14856208,548974592,1018101760
findling-rss 1788560130,297066496,181669888,14869016,495841280,1018101760
findling-rss 1788560135,348983296,181661696,14802016,547799040,1018101760
findling-rss 1788560140,349913088,181690368,14795672,548700160,1018101760
findling-rss 1788560145,248840192,181710848,14700088,445853696,1018101760
findling-rss 1788560150,350228480,181714944,14826360,549060608,1018101760
findling-rss 1788560155,349089792,181506048,14866672,547680256,1018101760
findling-rss 1788560160,352583680,181510144,14884768,551198720,1018101760
findling-rss 1788560165,347623424,181559296,14897464,546009088,1018101760
findling-rss 1788560170,353439744,181604352,14892632,552181760,1018101760
findling-rss 1788560175,350445568,181592064,14910568,548925440,1018101760
findling-rss 1788560180,298934272,181628928,14923136,497459200,1018101760
findling-rss 1788560185,350949376,181661696,14917064,549605376,1018101760
findling-rss 1788560190,349466624,181653504,14934848,548401152,1018101760
findling-rss 1788560195,314515456,181682176,15003728,513249280,1018101760
findling-rss 1788560200,268824576,181710848,14910736,467226624,1018101760
findling-rss 1788560205,349114368,181719040,15037776,548200448,1018101760
findling-rss 1788560210,348864512,181575680,14938784,547680256,1018101760
findling-rss 1788560215,216760320,181243904,14830416,414412800,1018101760
findling-rss 1788560220,348909568,181600256,14969968,547442688,1018101760
findling-rss 1788560225,349577216,181628928,14963240,548028416,1018101760
findling-rss 1788560230,350654464,181620736,14981384,549646336,1018101760
findling-rss 1788560235,333131776,181649408,14993696,531730432,1018101760
findling-rss 1788560240,348966912,181776384,14993504,548106240,1018101760
findling-rss 1788560245,347926528,181768192,15009120,546762752,1018101760
findling-rss 1788560250,307056640,181796864,15021136,505798656,1018101760
findling-rss 1788560255,348999680,181829632,15014752,547856384,1018101760
findling-rss 1788560260,349188096,181821440,15033552,548261888,1018101760
findling-rss 1788560265,258011136,181661696,14825992,454885376,1018101760
findling-rss 1788560270,331444224,182317056,14952032,530874368,1018101760
findling-rss 1788560275,348893184,182296576,14970464,548286464,1018101760
findling-rss 1788560280,220483584,182341632,14869048,469078016,1018101760
findling-rss 1788560285,349429760,182370304,14976872,548933632,1018101760
findling-rss 1788560290,349978624,182374400,14994584,549740544,1018101760
findling-rss 1788560295,351670272,182403072,14989416,551383040,1018101760
findling-rss 1788560300,334327808,182427648,15000968,533762048,1018101760
findling-rss 1788560305,332587008,182444032,15020240,531992576,1018101760
findling-rss 1788560310,349749248,182464512,15014232,549429248,1018101760
findling-rss 1788560315,298156032,182263808,15022032,497381376,1018101760
findling-rss 1788560320,349073408,182251520,14981224,548343808,1018101760
findling-rss 1788560325,350363648,182272000,14974904,549560320,1018101760
findling-rss 1788560330,258785280,182312960,14881872,456642560,1018101760
findling-rss 1788560335,349216768,182308864,15006080,548790272,1018101760
findling-rss 1788560340,353054720,182353920,15000824,552656896,1018101760
findling-rss 1788560345,353828864,182358016,15018264,553168896,1018101760
findling-rss 1788560350,334434304,182403072,15031800,534216704,1018101760
findling-rss 1788560355,349392896,182452224,15026152,549117952,1018101760
findling-rss 1788560360,351653888,182448128,15044136,551391232,1018101760
findling-rss 1788560365,334462976,182509568,15061112,534085632,1018101760
findling-rss 1788560370,349417472,181755904,14871800,548376576,1018101760
findling-rss 1788560375,351309824,181768192,14889552,550129664,1018101760
findling-rss 1788560380,270196736,181813248,14796384,468647936,1018101760
findling-rss 1788560385,348925952,181854208,14896832,547770368,1018101760
findling-rss 1788560390,349540352,181854208,14914928,548356096,1018101760
findling-rss 1788560395,350777344,181919744,14909232,549953536,1018101760
findling-rss 1788560400,334499840,181960704,14923040,533397504,1018101760
findling-rss 1788560405,350461952,181960704,14918416,549494784,1018101760
findling-rss 1788560410,349642752,181989376,14912456,548458496,1018101760
findling-rss 1788560415,281030656,182050816,14926392,479854592,1018101760
findling-rss 1788560420,349847552,182050816,14944808,548909056,1018101760
findling-rss 1788560425,350175232,181915648,15035496,549048320,1018101760
findling-rss 1788560430,244981760,181944320,14941200,443371520,1018101760
findling-rss 1788560435,350027776,181952512,14847936,549007360,1018101760
findling-rss 1788560440,349925376,181972992,14840848,549134336,1018101760
findling-rss 1788560445,350134272,181977088,14859280,549351424,1018101760
findling-rss 1788560450,325832704,182001664,14872712,521216000,1018101760
findling-rss 1788560455,349249536,182026240,14865368,548167680,1018101760
findling-rss 1788560460,350199808,182030336,14884192,549154816,1018101760
findling-rss 1788560465,270245888,182054912,14790192,468893696,1018101760
findling-rss 1788560470,349343744,182079488,14890192,548175872,1018101760
findling-rss 1788560475,349900800,182095872,14908760,549249024,1018101760
findling-rss 1788560480,349904896,181948416,15037880,549134336,1018101760
findling-rss 1788560485,349507584,181989376,15051304,548487168,1018101760
findling-rss 1788560490,349437952,181989376,15070464,548757504,1018101760
findling-rss 1788560495,349605888,182013952,15063216,549068800,1018101760
findling-rss 1788560500,334553088,182042624,14950208,533848064,1018101760
findling-rss 1788560505,353038336,182034432,14968464,552431616,1018101760
findling-rss 1788560510,351830016,182075392,14963160,551243776,1018101760
findling-rss 1788560515,265814016,182099968,14868592,463478784,1018101760
findling-rss 1788560520,349638656,182095872,14993464,548941824,1018101760
findling-rss 1788560525,350339072,182136832,14987048,549601280,1018101760
findling-rss 1788560530,350044160,182124544,15005216,549474304,1018101760
findling-rss 1788560535,347127808,181985280,14822528,545886208,1018101760
findling-rss 1788560540,350183424,182022144,14817768,549253120,1018101760
findling-rss 1788560545,350552064,182009856,14832568,549523456,1018101760
findling-rss 1788560550,334610432,182050816,14845472,533807104,1018101760
findling-rss 1788560555,349900800,182071296,14838768,549031936,1018101760
findling-rss 1788560560,350314496,182075392,14857000,549629952,1018101760
findling-rss 1788560565,280965120,182116352,14869496,479891456,1018101760
findling-rss 1788560570,349913088,182140928,14862840,548892672,1018101760
findling-rss 1788560575,350593024,182145024,14881856,549675008,1018101760
findling-rss 1788560580,218243072,181821440,14772576,416522240,1018101760
findling-rss 1788560585,349343744,182022144,15048024,548708352,1018101760
findling-rss 1788560590,353812480,182034432,15066184,553046016,1018101760
findling-rss 1788560595,353488896,182087680,15060280,552943616,1018101760
findling-rss 1788560600,334655488,182120448,14894088,533598208,1018101760
findling-rss 1788560605,349863936,182116352,14911144,549036032,1018101760
findling-rss 1788560610,349560832,182140928,14904712,548917248,1018101760
findling-rss 1788560615,281636864,182177792,14918088,480628736,1018101760
findling-rss 1788560620,350285824,182181888,14936232,549511168,1018101760
findling-rss 1788560625,349601792,182202368,14929616,548909056,1018101760
findling-rss 1788560630,218288128,181878784,14821408,416456704,1018101760
findling-rss 1788560635,349421568,182235136,14961256,548761600,1018101760
findling-rss 1788560640,350195712,182079488,15053176,549707776,1018101760
findling-rss 1788560645,350785536,182083584,15071496,550313984,1018101760
findling-rss 1788560650,334680064,182112256,15082504,533864448,1018101760
findling-rss 1788560655,350396416,182190080,15083136,549941248,1018101760
findling-rss 1788560660,349904896,182198272,15048240,549224448,1018101760
findling-rss 1788560665,270385152,182226944,14958424,469626880,1018101760
findling-rss 1788560670,350801920,182255616,15054784,550191104,1018101760
findling-rss 1788560675,350969856,182247424,15072384,550445056,1018101760
findling-rss 1788560680,352120832,182280192,15066152,551616512,1018101760
findling-rss 1788560685,334680064,182317056,15079504,534126592,1018101760
findling-rss 1788560690,349458432,182304768,15097360,549097472,1018101760
findling-rss 1788560695,352960512,182157312,14973536,552288256,1018101760
findling-rss 1788560700,270401536,182190080,14877744,469114880,1018101760
findling-rss 1788560705,349564928,182198272,15005192,548786176,1018101760
findling-rss 1788560710,349888512,182218752,14998624,549142528,1018101760
findling-rss 1788560715,218329088,181895168,14889712,416854016,1018101760
findling-rss 1788560720,349745152,182247424,15029200,549208064,1018101760
findling-rss 1788560726,349954048,182276096,14928200,549167104,1018101760
findling-rss 1788560731,350150656,182276096,14946184,549322752,1018101760
findling-rss 1788560736,346435584,182337536,14959376,545456128,1018101760
findling-rss 1788560741,349675520,182358016,14953328,549064704,1018101760
findling-rss 1788560746,349863936,182358016,14971176,549593088,1018101760
findling-rss 1788560751,334696448,182222848,15085568,534241280,1018101760
findling-rss 1788560756,350449664,182243328,15079248,550035456,1018101760
findling-rss 1788560761,349822976,182247424,14914240,549171200,1018101760
findling-rss 1788560766,297267200,182280192,14927048,496549888,1018101760
findling-rss 1788560771,350785536,182312960,14920736,550313984,1018101760
findling-rss 1788560776,350142464,182300672,14939040,549781504,1018101760
findling-rss 1788560781,218329088,181981184,14834288,416980992,1018101760
findling-rss 1788560786,349204480,182366208,14945368,548573184,1018101760
findling-rss 1788560791,349351936,182353920,14963520,548995072,1018101760
findling-rss 1788560796,353497088,182390784,14960608,552988672,1018101760
findling-rss 1788560801,334696448,182243328,15076384,534097920,1018101760
findling-rss 1788560806,349241344,182251520,15092624,548622336,1018101760
findling-rss 1788560811,349859840,182272000,15086440,549220352,1018101760
findling-rss 1788560816,334721024,182304768,15098800,534364160,1018101760
findling-rss 1788560821,349220864,182300672,15116648,548597760,1018101760
findling-rss 1788560826,351363072,182337536,14907104,550752256,1018101760
findling-rss 1788560831,270409728,182362112,14813488,469438464,1018101760
findling-rss 1788560836,350162944,182366208,14938448,549810176,1018101760
findling-rss 1788560841,350961664,182403072,14931992,550633472,1018101760
findling-rss 1788560846,353832960,182403072,14949952,553455616,1018101760
findling-rss 1788560851,347934720,182435840,14962608,547495936,1018101760
findling-rss 1788560856,350228480,182300672,14884232,549773312,1018101760
findling-rss 1788560861,349917184,182296576,14902872,549486592,1018101760
findling-rss 1788560866,297275392,182333440,14915496,496791552,1018101760
findling-rss 1788560871,353067008,182358016,14908984,552411136,1018101760
findling-rss 1788560876,350593024,182358016,14927464,550264832,1018101760
findling-rss 1788560881,218341376,182030336,14822488,416804864,1018101760
findling-rss 1788560886,349491200,182407168,14934256,548765696,1018101760
findling-rss 1788560891,349970432,182403072,14946072,549478400,1018101760
findling-rss 1788560896,350613504,182439936,14939840,550191104,1018101760
findling-rss 1788560901,334692352,182464512,14952968,534237184,1018101760
findling-rss 1788560906,350306304,182472704,14971152,550072320,1018101760
findling-rss 1788560911,351006720,182329344,15079912,550670336,1018101760
findling-rss 1788560916,330555392,182353920,15091592,525463552,1018101760
findling-rss 1788560921,349605888,182358016,14972456,549089280,1018101760
findling-rss 1788560926,350310400,182390784,14966112,549908480,1018101760
findling-rss 1788560931,374767616,179314688,14787232,622972928,1018101760
findling-rss 1788560936,349732864,180232192,14937704,547262464,1018101760
findling-rss 1788560941,360009728,180232192,14937504,557350912,1018101760
findling-rss 1788560946,267595776,179552256,14806624,462946304,1018101760
findling-rss 1788560951,350535680,179556352,14931176,547106816,1018101760
findling-rss 1788560956,349741056,179580928,14811200,546304000,1018101760
findling-rss 1788560961,218349568,179261440,14702784,414031872,1018101760
findling-rss 1788560966,349786112,179658752,14845752,546500608,1018101760
findling-rss 1788560971,314482688,182095872,15151592,513630208,1018101760
findling-rss 1788560976,349016064,182099968,15170032,548458496,1018101760
findling-rss 1788560981,349097984,182132736,15163416,548454400,1018101760
findling-rss 1788560986,333258752,182153216,14870736,532160512,1018101760
findling-rss 1788560991,348954624,182161408,14890552,548155392,1018101760
findling-rss 1788560996,351784960,182181888,14883576,551231488,1018101760
findling-rss 1788561001,269008896,182222848,14789752,467628032,1018101760
findling-rss 1788561006,348389376,182218752,14914328,547622912,1018101760
findling-rss 1788561011,348315648,182247424,14907872,547803136,1018101760
findling-rss 1788561016,261029888,182243328,14830680,482471936,1018101760
findling-rss 1788561021,348172288,182272000,14938648,547553280,1018101760
findling-rss 1788561026,348827648,182140928,15154816,548007936,1018101760
findling-rss 1788561031,349163520,182128640,15172960,548700160,1018101760
findling-rss 1788561036,324628480,182161408,15186064,523988992,1018101760
findling-rss 1788561041,349151232,182185984,15179704,548712448,1018101760
findling-rss 1788561046,348884992,182194176,15197776,548630528,1018101760
findling-rss 1788561051,269045760,182243328,14867352,468209664,1018101760
findling-rss 1788561056,348557312,182284288,14840664,547627008,1018101760
findling-rss 1788561061,351784960,182280192,14857856,551280640,1018101760
findling-rss 1788561066,351047680,182308864,14852168,550408192,1018101760
findling-rss 1788561071,333357056,182345728,14864168,532418560,1018101760
findling-rss 1788561076,348770304,182341632,14882560,548122624,1018101760
findling-rss 1788561081,348659712,182198272,15161256,548270080,1018101760
findling-rss 1788561086,307245056,182231040,15173552,506503168,1018101760
findling-rss 1788561091,349274112,182235136,15021696,548413440,1018101760
findling-rss 1788561096,348315648,182259712,15014904,547958784,1018101760
findling-rss 1788561101,269070336,182288384,14924608,467902464,1018101760
findling-rss 1788561106,348172288,182284288,15048664,547762176,1018101760
findling-rss 1788561111,349298688,182317056,15043496,548560896,1018101760
findling-rss 1788561116,245678080,182345728,14946528,443625472,1018101760
findling-rss 1788561121,348082176,182341632,15073392,547876864,1018101760
findling-rss 1788561126,351580160,182435840,15072944,551309312,1018101760
findling-rss 1788561131,348106752,182419456,15090480,547749888,1018101760
findling-rss 1788561136,333361152,182280192,15190368,532955136,1018101760
findling-rss 1788561141,348368896,182308864,15185024,548184064,1018101760
findling-rss 1788561146,350699520,182300672,15202488,550572032,1018101760
findling-rss 1788561151,324673536,182341632,15215528,524476416,1018101760
findling-rss 1788561156,349110272,182362112,15178184,548962304,1018101760
findling-rss 1788561161,349802496,182370304,15193296,549539840,1018101760
findling-rss 1788561166,260182016,182390784,15100088,458227712,1018101760
findling-rss 1788561171,347688960,182419456,15200104,547299328,1018101760
findling-rss 1788561176,349425664,182423552,15218248,549355520,1018101760
findling-rss 1788561181,348905472,182452224,15212360,548859904,1018101760
findling-rss 1788561186,333389824,182308864,15173944,533037056,1018101760
findling-rss 1788561191,349282304,182312960,15191904,548933632,1018101760
findling-rss 1788561196,349114368,182333440,15185720,548843520,1018101760
findling-rss 1788561201,297496576,182370304,15198528,497209344,1018101760
findling-rss 1788561206,349659136,182374400,15217264,549232640,1018101760
findling-rss 1788561211,349511680,182419456,15211296,549462016,1018101760
findling-rss 1788561216,269111296,182435840,15115576,467288064,1018101760
findling-rss 1788561221,348991488,182439936,15199768,548560896,1018101760
findling-rss 1788561226,348991488,182468608,15193424,548511744,1018101760
findling-rss 1788561231,352747520,182464512,15211160,552579072,1018101760
findling-rss 1788561236,333410304,182505472,15224312,533315584,1018101760
findling-rss 1788561241,348413952,182345728,15177720,548155392,1018101760
findling-rss 1788561246,349642752,182362112,15197264,549064704,1018101760
findling-rss 1788561251,312664064,182386688,15154928,506847232,1018101760
findling-rss 1788561256,348602368,182423552,15148808,548175872,1018101760
findling-rss 1788561261,348516352,182427648,15166744,548347904,1018101760
findling-rss 1788561266,269144064,182460416,15077400,468287488,1018101760
findling-rss 1788561271,348241920,182509568,15174792,548294656,1018101760
findling-rss 1788561276,349437952,182513664,15192752,549011456,1018101760
findling-rss 1788561281,350183424,182550528,15186880,550170624,1018101760
findling-rss 1788561286,333471744,182595584,15132248,533401600,1018101760
findling-rss 1788561291,349171712,182583296,15149760,549036032,1018101760
findling-rss 1788561296,349052928,182472704,15186744,548769792,1018101760
findling-rss 1788561301,299126784,182534144,15200384,498749440,1018101760
findling-rss 1788561306,349429760,182521856,15218080,549273600,1018101760
findling-rss 1788561311,349122560,182554624,15211464,549122048,1018101760
findling-rss 1788561316,217128960,182243328,15101184,416129024,1018101760
findling-rss 1788561321,348418048,182595584,15241168,548253696,1018101760
findling-rss 1788561326,349532160,182648832,15235904,549613568,1018101760
findling-rss 1788561331,348811264,182648832,15253344,548847616,1018101760
findling-rss 1788561336,333508608,182681600,15266136,533487616,1018101760
findling-rss 1788561341,348794880,182706176,15259568,549048320,1018101760
findling-rss 1788561346,349016064,182706176,15159424,549294080,1018101760
findling-rss 1788561351,324804608,182566912,15211584,524750848,1018101760
findling-rss 1788561356,349462528,182591488,15205040,549539840,1018101760
findling-rss 1788561361,349552640,182595584,15223928,549425152,1018101760
findling-rss 1788561367,269230080,182624256,15129608,468877312,1018101760
findling-rss 1788561372,348139520,182644736,15230448,548106240,1018101760
findling-rss 1788561377,348692480,182648832,15247496,548696064,1018101760
findling-rss 1788561382,349380608,182677504,15161808,549359616,1018101760
findling-rss 1788561387,346615808,182706176,15173968,546435072,1018101760
findling-rss 1788561392,349302784,182710272,15192200,549154816,1018101760
findling-rss 1788561397,349536256,182747136,15189040,549642240,1018101760
findling-rss 1788561402,324837376,182595584,15199280,524935168,1018101760
findling-rss 1788561407,348393472,182595584,15217064,548204544,1018101760
findling-rss 1788561412,351506432,182632448,15159680,551632896,1018101760
findling-rss 1788561417,271130624,182661120,15176904,470425600,1018101760
findling-rss 1788561422,349396992,182657024,15190384,549478400,1018101760
findling-rss 1788561427,348725248,182681600,15184296,548712448,1018101760
findling-rss 1788561432,217198592,182362112,15079432,416407552,1018101760
findling-rss 1788561437,348475392,182710272,15214936,548708352,1018101760
findling-rss 1788561442,348704768,182743040,15209024,548777984,1018101760
findling-rss 1788561447,348938240,182747136,15028816,549015552,1018101760
findling-rss 1788561452,333565952,188395520,15198200,539291648,1018101760
findling-rss 1788561457,358825984,188395520,15191072,564498432,1018101760
findling-rss 1788561462,360079360,188395520,15191320,566079488,1018101760
findling-rss 1788561467,354504704,188395520,15191704,558772224,1018101760
findling-rss 1788561472,361246720,188395520,15191136,567103488,1018101760
findling-rss 1788561477,308162560,188395520,15190752,513871872,1018101760
findling-rss 1788561482,352321536,188395520,15189560,558157824,1018101760
findling-rss 1788561487,362610688,188395520,15130904,568549376,1018101760
findling-rss 1788561492,364720128,188395520,15130768,570564608,1018101760
findling-rss 1788561497,363098112,188395520,15130968,568750080,1018101760
findling-rss 1788561502,310558720,188395520,15130968,516194304,1018101760
findling-rss 1788561507,254005248,188395520,15026968,458170368,1018101760
findling-rss 1788561512,364888064,188395520,15131424,570560512,1018101760
findling-rss 1788561517,350597120,182374400,14820624,550047744,1018101760
findling-rss 1788561522,349523968,182370304,14834888,549031936,1018101760
findling-rss 1788561527,334458880,182394880,14848160,532963328,1018101760
findling-rss 1788561532,349880320,182423552,14841544,549249024,1018101760
findling-rss 1788561537,349536256,182427648,14860544,548712448,1018101760
findling-rss 1788561542,333627392,182456320,14872048,528711680,1018101760
findling-rss 1788561547,348880896,182484992,14865704,548503552,1018101760
findling-rss 1788561552,349065216,182489088,14884568,548831232,1018101760
findling-rss 1788561557,268627968,182513664,14790840,466337792,1018101760
findling-rss 1788561562,349532160,182542336,14891248,549281792,1018101760
findling-rss 1788561567,348868608,182554624,14912480,548544512,1018101760
findling-rss 1788561572,349003776,182427648,15044408,548605952,1018101760
findling-rss 1788561577,333594624,182468608,15057176,533082112,1018101760
findling-rss 1788561582,349114368,182468608,14821080,548761600,1018101760
findling-rss 1788561587,353021952,182521856,14815296,552521728,1018101760
findling-rss 1788561592,291835904,182542336,14828088,496201728,1018101760
findling-rss 1788561597,349270016,182538240,14845096,548982784,1018101760
findling-rss 1788561602,351641600,182575104,14839232,551272448,1018101760
findling-rss 1788561607,217243648,182247424,14730728,415768576,1018101760
findling-rss 1788561612,348729344,182599680,14870192,548343808,1018101760
findling-rss 1788561617,348770304,182624256,14864008,548388864,1018101760
findling-rss 1788561622,350220288,182636544,14883096,549613568,1018101760
findling-rss 1788561627,333627392,182497280,15068144,533159936,1018101760
findling-rss 1788561632,348409856,182525952,15062344,548265984,1018101760
findling-rss 1788561637,348983296,182513664,15080336,548704256,1018101760
findling-rss 1788561642,297672704,182542336,15092856,497364992,1018101760
findling-rss 1788561647,348196864,182591488,14848080,547844096,1018101760
findling-rss 1788561652,351141888,182603776,14866856,550723584,1018101760
findling-rss 1788561657,217251840,182276096,14762064,415850496,1018101760
findling-rss 1788561662,348155904,182657024,14873560,547758080,1018101760
findling-rss 1788561667,349310976,182652928,14891136,548978688,1018101760
findling-rss 1788561672,349380608,182685696,14885560,549056512,1018101760
findling-rss 1788561677,333639680,182550528,15057320,533274624,1018101760
findling-rss 1788561682,348893184,182550528,14875696,548495360,1018101760
findling-rss 1788561687,349229056,182587392,14870392,549027840,1018101760
findling-rss 1788561692,257351680,186462208,14880336,458387456,1018101760
findling-rss 1788561697,358789120,186462208,14990472,562319360,1018101760
findling-rss 1788561702,359682048,186462208,14987424,563363840,1018101760
findling-rss 1788561707,301088768,186462208,14987512,500228096,1018101760
findling-rss 1788561712,360996864,186462208,14986672,564539392,1018101760
findling-rss 1788561717,361283584,186462208,14986856,565088256,1018101760
findling-rss 1788561722,346927104,186462208,14987056,550498304,1018101760
findling-rss 1788561727,363008000,186462208,14987040,566501376,1018101760
findling-rss 1788561732,363794432,186462208,14987040,567640064,1018101760
findling-rss 1788561737,333635584,182628352,14901320,533340160,1018101760
findling-rss 1788561742,349356032,182681600,14899456,548798464,1018101760
findling-rss 1788561747,349007872,182677504,14915544,548728832,1018101760
findling-rss 1788561752,269336576,182714368,14821744,468680704,1018101760
findling-rss 1788561757,348508160,182738944,14922152,548093952,1018101760
findling-rss 1788561762,349532160,182743040,14939432,549535744,1018101760
findling-rss 1788561767,348766208,182784000,14933968,548782080,1018101760
findling-rss 1788561772,337321984,182587392,15024616,536403968,1018101760
findling-rss 1788561777,349417472,182583296,15043440,549412864,1018101760
findling-rss 1788561782,350658560,182607872,15035920,550408192,1018101760
findling-rss 1788561787,333619200,182640640,15048864,533327872,1018101760
findling-rss 1788561792,349036544,182640640,15067464,548831232,1018101760
findling-rss 1788561797,348905472,182673408,15061256,548777984,1018101760
findling-rss 1788561802,256110592,182743040,14966200,453918720,1018101760
findling-rss 1788561807,348958720,182751232,14873744,548626432,1018101760
findling-rss 1788561812,351686656,182775808,14867288,551444480,1018101760
findling-rss 1788561817,349847552,182775808,14885792,549642240,1018101760
findling-rss 1788561822,333635584,182829056,14898504,533471232,1018101760
findling-rss 1788561827,348921856,182718464,15038832,548802560,1018101760
findling-rss 1788561832,350089216,182722560,15057568,549785600,1018101760
findling-rss 1788561837,333639680,182763520,14858680,533422080,1018101760
findling-rss 1788561842,265478144,182792192,14955104,465338368,1018101760
findling-rss 1788561847,348405760,182792192,14973384,548233216,1018101760
findling-rss 1788561852,349233152,182849536,14967280,549314560,1018101760
findling-rss 1788561857,261373952,182886400,14873864,458506240,1018101760
findling-rss 1788561862,348078080,182886400,14998304,548061184,1018101760
findling-rss 1788561867,348631040,182902784,14996464,548601856,1018101760
findling-rss 1788561872,348094464,182906880,14801856,548196352,1018101760
findling-rss 1788561877,333377536,182939648,14814424,532971520,1018101760
findling-rss 1788561882,348971008,182800384,15146104,549203968,1018101760
findling-rss 1788561887,335314944,183422976,15191056,536182784,1018101760
findling-rss 1788561892,300388352,183431168,15203328,501108736,1018101760
findling-rss 1788561897,349290496,183472128,15197008,549904384,1018101760
findling-rss 1788561902,349904896,183463936,15155640,550535168,1018101760
findling-rss 1788561907,265064448,183488512,15061096,463110144,1018101760
findling-rss 1788561912,353214464,183525376,15162384,553893888,1018101760
findling-rss 1788561917,349691904,183521280,15179592,550678528,1018101760
findling-rss 1788561922,351145984,183545856,15172872,551809024,1018101760
findling-rss 1788561927,334598144,183578624,15185552,535494656,1018101760
findling-rss 1788561932,349818880,183590912,15205296,550789120,1018101760
findling-rss 1788561937,350932992,183447552,15176224,551759872,1018101760
findling-rss 1788561942,297177088,183480320,15189648,497995776,1018101760
findling-rss 1788561947,349388800,183480320,15207040,550289408,1018101760
findling-rss 1788561952,350171136,183508992,15200840,551256064,1018101760
findling-rss 1788561957,218243072,183181312,15092040,417968128,1018101760
findling-rss 1788561962,347496448,187043840,15327440,552218624,1018101760
findling-rss 1788561967,359284736,187043840,15289480,563531776,1018101760
findling-rss 1788561972,360488960,187043840,15288936,564998144,1018101760
findling-rss 1788561977,361566208,187043840,15288168,565993472,1018101760
findling-rss 1788561982,362758144,187043840,15288936,567267328,1018101760
findling-rss 1788561987,281526272,187043840,15184368,485359616,1018101760
findling-rss 1788561992,354430976,187043840,15286248,559050752,1018101760
findling-rss 1788561998,363868160,187043840,15288168,568438784,1018101760
findling-rss 1788562003,266326016,183582720,15067616,465264640,1018101760
findling-rss 1788562008,349278208,183582720,15191536,550080512,1018101760
findling-rss 1788562013,349851648,183607296,15185712,550682624,1018101760
findling-rss 1788562018,218284032,183287808,15076912,418402304,1018101760
findling-rss 1788562023,331517952,183611392,15215504,532402176,1018101760
findling-rss 1788562028,350142464,183500800,15183896,551215104,1018101760
findling-rss 1788562033,351301632,183496704,15201768,552386560,1018101760
findling-rss 1788562038,334692352,183529472,15214472,535572480,1018101760
findling-rss 1788562043,349585408,183549952,15208152,550703104,1018101760
findling-rss 1788562048,349650944,183549952,15226656,550625280,1018101760
findling-rss 1788562053,308572160,183582720,15238880,509411328,1018101760
findling-rss 1788562058,350162944,183607296,15229648,551075840,1018101760
findling-rss 1788562063,350900224,183611392,15248512,551968768,1018101760
findling-rss 1788562068,218316800,183287808,15143672,418406400,1018101760
findling-rss 1788562073,349466624,183672832,15255256,550506496,1018101760
findling-rss 1788562078,349536256,183664640,15272176,550842368,1018101760
findling-rss 1788562083,350302208,185487360,15212168,553172992,1018101760
findling-rss 1788562088,345530368,185487360,15208768,548347904,1018101760
findling-rss 1788562093,361619456,185487360,15208064,564383744,1018101760
findling-rss 1788562098,362758144,185487360,15208064,565665792,1018101760
findling-rss 1788562103,309358592,185487360,15208064,512032768,1018101760
findling-rss 1788562108,311607296,185487360,15208064,514306048,1018101760
findling-rss 1788562113,353468416,185487360,15096128,556216320,1018101760
findling-rss 1788562118,347308032,182751232,15062952,546979840,1018101760
findling-rss 1788562123,350318592,182747136,15081320,550387712,1018101760
findling-rss 1788562128,350089216,182792192,15076648,550350848,1018101760
findling-rss 1788562133,334704640,182833152,15088080,534630400,1018101760
findling-rss 1788562138,350101504,182845440,15106672,550383616,1018101760
findling-rss 1788562143,350396416,182865920,15100920,550690816,1018101760
findling-rss 1788562148,299257856,182890496,15113552,499134464,1018101760
findling-rss 1788562153,350052352,182902784,15131240,550457344,1018101760
findling-rss 1788562158,351141888,182927360,15125056,551403520,1018101760
findling-rss 1788562163,270446592,251768832,16907968,541081600,1018101760
findling-rss 1788562168,349868032,182841344,15047296,549834752,1018101760
findling-rss 1788562173,352997376,182865920,15037472,553144320,1018101760
findling-rss 1788562178,285315072,182857728,15055728,524947456,1018101760
findling-rss 1788562183,349429760,182894592,15066888,549437440,1018101760
findling-rss 1788562188,349655040,182915072,15061248,549810176,1018101760
findling-rss 1788562193,350113792,182919168,15079208,550105088,1018101760
findling-rss 1788562198,334757888,182947840,15077872,534749184,1018101760
findling-rss 1788562203,349925376,183009280,15076752,550395904,1018101760
findling-rss 1788562208,350543872,183013376,15094824,550989824,1018101760
findling-rss 1788562213,299642880,183033856,15107368,499593216,1018101760
findling-rss 1788562218,350425088,182870016,14895976,550428672,1018101760
findling-rss 1788562223,352473088,182874112,14921872,552321024,1018101760
findling-rss 1788562228,248774656,182898688,14827600,446119936,1018101760
findling-rss 1788562233,349769728,182923264,14927232,549605376,1018101760
findling-rss 1788562238,350486528,182927360,14945944,550658048,1018101760
findling-rss 1788562243,350019584,182956032,14939872,549781504,1018101760
findling-rss 1788562248,334807040,182984704,14952464,534896640,1018101760
findling-rss 1788562253,350388224,182984704,14970600,550526976,1018101760
findling-rss 1788562258,349937664,183013376,14964600,549982208,1018101760
findling-rss 1788562263,334802944,183042048,14976328,534908928,1018101760
findling-rss 1788562268,350101504,183042048,14994744,550305792,1018101760
findling-rss 1788562273,351604736,182898688,15041784,551882752,1018101760
findling-rss 1788562278,270536704,182939648,14945336,470118400,1018101760
findling-rss 1788562283,349376512,182943744,14850560,549310464,1018101760
findling-rss 1788562288,353456128,182984704,14843648,553422848,1018101760
findling-rss 1788562293,350691328,182984704,14863056,550436864,1018101760
findling-rss 1788562298,347516928,183017472,14877768,547004416,1018101760
findling-rss 1788562303,350457856,183042048,14872080,550563840,1018101760
findling-rss 1788562308,352100352,183050240,14890424,551940096,1018101760
findling-rss 1788562313,291233792,183078912,14903984,486506496,1018101760
findling-rss 1788562318,349544448,183103488,14897056,549568512,1018101760
findling-rss 1788562323,350490624,183115776,14914848,550916096,1018101760
findling-rss 1788562328,218497024,182620160,14951984,417787904,1018101760
findling-rss 1788562333,349126656,183025664,15063448,549412864,1018101760
findling-rss 1788562338,352481280,183025664,15082856,553000960,1018101760
findling-rss 1788562343,350212096,183066624,15076464,550637568,1018101760
findling-rss 1788562348,334872576,183099392,14929672,534794240,1018101760
findling-rss 1788562353,349454336,183095296,14948248,549441536,1018101760
findling-rss 1788562358,350027776,183160832,14940200,550514688,1018101760
findling-rss 1788562363,334880768,183218176,14953304,535310336,1018101760
findling-rss 1788562368,350777344,183222272,14971624,550948864,1018101760
findling-rss 1788562373,349462528,183246848,14965280,549552128,1018101760
findling-rss 1788562378,270569472,252268544,16922256,541634560,1018101760
findling-rss 1788562383,353120256,183033856,15062024,553365504,1018101760
findling-rss 1788562388,350314496,183078912,15055832,550842368,1018101760
findling-rss 1788562393,354312192,183078912,15073432,554635264,1018101760
findling-rss 1788562398,350023680,183111680,15086880,550404096,1018101760
findling-rss 1788562403,349483008,183140352,15080424,549847040,1018101760
findling-rss 1788562408,350314496,183136256,15098680,550678528,1018101760
findling-rss 1788562413,334868480,183169024,14888232,535064576,1018101760
findling-rss 1788562418,350818304,183197696,14882520,551153664,1018101760
findling-rss 1788562423,350511104,183197696,14900616,550924288,1018101760
findling-rss 1788562428,298143744,183218176,14912816,498225152,1018101760
findling-rss 1788562433,351387648,183083008,15057608,551452672,1018101760
findling-rss 1788562438,349687808,183074816,15076072,549724160,1018101760
findling-rss 1788562443,218501120,182755328,14518968,417423360,1018101760
findling-rss 1788562448,349499392,183136256,14597792,549388288,1018101760
findling-rss 1788562453,350597120,183144448,14616384,550416384,1018101760
findling-rss 1788562458,350277632,183160832,14609976,550010880,1018101760
findling-rss 1788562463,334852096,183189504,14622768,534544384,1018101760
findling-rss 1788562468,349982720,183205888,14645072,549892096,1018101760
findling-rss 1788562473,350990336,183242752,14635200,551251968,1018101760
findling-rss 1788562478,326160384,183275520,14648152,526413824,1018101760
findling-rss 1788562483,350330880,183271424,14665208,550330368,1018101760
findling-rss 1788562488,350699520,183029760,14757472,550862848,1018101760
findling-rss 1788562493,270577664,183062528,14663560,470253568,1018101760
findling-rss 1788562498,349634560,183066624,14787472,549642240,1018101760
findling-rss 1788562503,350478336,183091200,14781928,550301696,1018101760
findling-rss 1788562508,284925952,183095296,14800136,524423168,1018101760
findling-rss 1788562513,349581312,183119872,14812184,549408768,1018101760
findling-rss 1788562518,349786112,183148544,14806000,549871616,1018101760
findling-rss 1788562523,351670272,183156736,14825496,551915520,1018101760
findling-rss 1788562528,334868480,183173120,14837480,535134208,1018101760
findling-rss 1788562533,350654464,183209984,14831112,550809600,1018101760
findling-rss 1788562538,352051200,183205888,14849456,552259584,1018101760
findling-rss 1788562543,272809984,183013376,14790976,471973888,1018101760
findling-rss 1788562548,349491200,183050240,14785248,549502976,1018101760
findling-rss 1788562553,353513472,183046144,14803136,553439232,1018101760
findling-rss 1788562558,350838784,183074816,14797544,550899712,1018101760
findling-rss 1788562563,350265344,183111680,14810336,550375424,1018101760
findling-rss 1788562568,349933568,183099392,14827848,550002688,1018101760
findling-rss 1788562573,350257152,183136256,14821840,550612992,1018101760
findling-rss 1788562578,334872576,183156736,14833912,534949888,1018101760
findling-rss 1788562583,353972224,183160832,14852416,554172416,1018101760
findling-rss 1788562588,349323264,183189504,14846320,549425152,1018101760
findling-rss 1788562593,281350144,253145088,16934720,553373696,1018101760
findling-rss 1788562598,349573120,183070720,14913776,549941248,1018101760
findling-rss 1788562603,349294592,183107584,14907792,549658624,1018101760
findling-rss 1788562608,249659392,183136256,14684656,447561728,1018101760
findling-rss 1788562613,350126080,183136256,14811512,550326272,1018101760
findling-rss 1788562618,351481856,183164928,14805328,551591936,1018101760
findling-rss 1788562623,350023680,183164928,14824288,550236160,1018101760
findling-rss 1788562628,349483008,183193600,14836336,549482496,1018101760
findling-rss 1788562633,352821248,183230464,14830896,553160704,1018101760
findling-rss 1788562638,350167040,183226368,14848224,550567936,1018101760
findling-rss 1788562644,334852096,183250944,14858376,534908928,1018101760
findling-rss 1788562649,353529856,183463936,14906520,554049536,1018101760
findling-rss 1788562654,360275968,183463936,14906520,560881664,1018101760
findling-rss 1788562659,293113856,183140352,14909480,496111616,1018101760
findling-rss 1788562664,350408704,183144448,14928120,550793216,1018101760
findling-rss 1788562669,350908416,183177216,14921776,551251968,1018101760
findling-rss 1788562674,218533888,182890496,14759560,417632256,1018101760
findling-rss 1788562679,349712384,183238656,14898776,549736448,1018101760
findling-rss 1788562684,314556416,183275520,14969504,514678784,1018101760
findling-rss 1788562689,348905472,183275520,14987576,549429248,1018101760
findling-rss 1788562694,350347264,183304192,14980192,550993920,1018101760
findling-rss 1788562699,333455360,183324672,14993192,533966848,1018101760
findling-rss 1788562704,349667328,183332864,15009216,550232064,1018101760
findling-rss 1788562709,352129024,183193600,14982704,552333312,1018101760
findling-rss 1788562714,280207360,183226368,14996760,480256000,1018101760
findling-rss 1788562719,348897280,183226368,15014272,549507072,1018101760
findling-rss 1788562724,349609984,183246848,15007320,550113280,1018101760
findling-rss 1788562729,236933120,183279616,14912048,431185920,1018101760
findling-rss 1788562734,348057600,183283712,14951792,548466688,1018101760
findling-rss 1788562739,350351360,183304192,14945456,550936576,1018101760
findling-rss 1788562744,349270016,183320576,14963888,549785600,1018101760
findling-rss 1788562749,335077376,183336960,14975848,534552576,1018101760
findling-rss 1788562754,347930624,183386112,14970200,548261888,1018101760
findling-rss 1788562759,349286400,183377920,14989544,550035456,1018101760
findling-rss 1788562764,333508608,183156736,14987264,533811200,1018101760
findling-rss 1788562769,349069312,183185408,14985400,549257216,1018101760
findling-rss 1788562774,349704192,183185408,14999992,549928960,1018101760
findling-rss 1788562779,269221888,183218176,14906240,469184512,1018101760
findling-rss 1788562784,348094464,183246848,15005784,548216832,1018101760
findling-rss 1788562789,349024256,183246848,15023904,549343232,1018101760
findling-rss 1788562794,349122560,183287808,15018800,549384192,1018101760
findling-rss 1788562799,345051136,183328768,15031000,545566720,1018101760
findling-rss 1788562804,348897280,183320576,15049216,549314560,1018101760
findling-rss 1788562809,349106176,183357440,15043344,549613568,1018101760
findling-rss 1788562814,324804608,252665856,17114504,596725760,1018101760
findling-rss 1788562819,348848128,183234560,14902104,549187584,1018101760
findling-rss 1788562824,349200384,183263232,14896440,549339136,1018101760
findling-rss 1788562829,296087552,183308288,14906144,495398912,1018101760
findling-rss 1788562834,348987392,183316480,14926936,549289984,1018101760
findling-rss 1788562839,349671424,183382016,14922304,550092800,1018101760
findling-rss 1788562844,217153536,183062528,14813368,416661504,1018101760
findling-rss 1788562849,349974528,183422976,14953168,550707200,1018101760
findling-rss 1788562854,349315072,183443456,14946624,549974016,1018101760
findling-rss 1788562859,348758016,183439360,14965128,549367808,1018101760
findling-rss 1788562864,333545472,183504896,14978568,533987328,1018101760
findling-rss 1788562869,349003776,183357440,14998472,549650432,1018101760
findling-rss 1788562874,349573120,183357440,15016184,550109184,1018101760
findling-rss 1788562879,324837376,183390208,14590304,524824576,1018101760
findling-rss 1788562884,348360704,183418880,14584344,548597760,1018101760
findling-rss 1788562889,349196288,183418880,14602208,549392384,1018101760
findling-rss 1788562894,269271040,183443456,14507896,468914176,1018101760
findling-rss 1788562899,348270592,184893440,14649584,550064128,1018101760
findling-rss 1788562904,359256064,184893440,14649584,561332224,1018101760
findling-rss 1788562909,292638720,184893440,14649800,494149632,1018101760
findling-rss 1788562914,361152512,184893440,14649016,562847744,1018101760
findling-rss 1788562919,349245440,183484416,14629832,549609472,1018101760
findling-rss 1788562924,269783040,183517184,14624672,524722176,1018101760
findling-rss 1788562929,349429760,183545856,14636832,549543936,1018101760
findling-rss 1788562934,348942336,183537664,14654704,549134336,1018101760
findling-rss 1788562939,350380032,183402496,15006360,550793216,1018101760
findling-rss 1788562944,333611008,183435264,15006848,534216704,1018101760
findling-rss 1788562949,332873728,184053760,15051104,534077440,1018101760
findling-rss 1788562954,351629312,184082432,15042880,553078784,1018101760
findling-rss 1788562959,270426112,184107008,14949040,471433216,1018101760
findling-rss 1788562964,349622272,184107008,15072688,551014400,1018101760
findling-rss 1788562969,350220288,184139776,15067384,551645184,1018101760
findling-rss 1788562974,324632576,184139776,15086272,526065664,1018101760
findling-rss 1788562979,349417472,184164352,15097800,550891520,1018101760
findling-rss 1788562984,349913088,184193024,15091592,551268352,1018101760
findling-rss 1788562989,353021952,184193024,15109960,554209280,1018101760
findling-rss 1788562994,334737408,184049664,15053216,535896064,1018101760
findling-rss 1788562999,350244864,184078336,15047160,551563264,1018101760
findling-rss 1788563004,350167040,184070144,15065696,551579648,1018101760
findling-rss 1788563009,326057984,184107008,15008344,527462400,1018101760
findling-rss 1788563014,349233152,184127488,15001576,550596608,1018101760
findling-rss 1788563019,350502912,184135680,15019944,551940096,1018101760
findling-rss 1788563024,279818240,184164352,15033368,481042432,1018101760
findling-rss 1788563029,350519296,184188928,15026056,551899136,1018101760
findling-rss 1788563034,353288192,184193024,15045056,554610688,1018101760
findling-rss 1788563039,350539776,184225792,15038328,551919616,1018101760
findling-rss 1788563044,349044736,184037376,15038632,550047744,1018101760
findling-rss 1788563049,349347840,184037376,15057368,550838272,1018101760
findling-rss 1788563054,350601216,184078336,15050976,551936000,1018101760
findling-rss 1788563059,334761984,184102912,15062792,536047616,1018101760
findling-rss 1788563064,353669120,184107008,15081656,554962944,1018101760
findling-rss 1788563069,354537472,184152064,15079864,556126208,1018101760
findling-rss 1788563074,270483456,184180736,14897728,471494656,1018101760
findling-rss 1788563079,350093312,184184832,15022144,551280640,1018101760
findling-rss 1788563084,351944704,184213504,15016320,553132032,1018101760
findling-rss 1788563089,266956800,184213504,14941464,487661568,1018101760
findling-rss 1788563094,349409280,184242176,15047800,551002112,1018101760
findling-rss 1788563099,350924800,184102912,15042648,552153088,1018101760
findling-rss 1788563104,351031296,184098816,14982128,552165376,1018101760
findling-rss 1788563109,334782464,184127488,14994312,536072192,1018101760
findling-rss 1788563114,351182848,184160256,14987808,552325120,1018101760
findling-rss 1788563119,350130176,184164352,15006240,551239680,1018101760
findling-rss 1788563124,299057152,184225792,15023952,500428800,1018101760
findling-rss 1788563129,349966336,184254464,15017888,551256064,1018101760
findling-rss 1788563134,350482432,184262656,15037016,552005632,1018101760
findling-rss 1788563139,270516224,184283136,14942456,471633920,1018101760
findling-rss 1788563144,350339072,184336384,15042792,551993344,1018101760
findling-rss 1788563149,353992704,184320000,15060600,555536384,1018101760
findling-rss 1788563154,349843456,184188928,15053632,551424000,1018101760
findling-rss 1788563159,334811136,184209408,15065840,536141824,1018101760
findling-rss 1788563164,350105600,184217600,15084568,551591936,1018101760
findling-rss 1788563169,350171136,184242176,14983936,551591936,1018101760
findling-rss 1788563174,300650496,184270848,14996584,501968896,1018101760
findling-rss 1788563179,350867456,184270848,15015144,552480768,1018101760
findling-rss 1788563184,350285824,189890560,15161784,557555712,1018101760
findling-rss 1788563189,281378816,189890560,15058040,488038400,1018101760
findling-rss 1788563194,361484288,189890560,15162240,568713216,1018101760
findling-rss 1788563199,362762240,189890560,15164368,570052608,1018101760
findling-rss 1788563204,346734592,189890560,15164248,554082304,1018101760
findling-rss 1788563209,362692608,189890560,15164616,569823232,1018101760
findling-rss 1788563214,363196416,189890560,15163848,570576896,1018101760
findling-rss 1788563219,349184000,189890560,15164888,556175360,1018101760
findling-rss 1788563224,364556288,189890560,15164048,571678720,1018101760
findling-rss 1788563229,312193024,189890560,15161928,519081984,1018101760
findling-rss 1788563234,354820096,189890560,14965216,561840128,1018101760
findling-rss 1788563239,365940736,189890560,14963904,573046784,1018101760
findling-rss 1788563244,223707136,189890560,14870352,464957440,1018101760
findling-rss 1788563249,349495296,184352768,14986328,550993920,1018101760
findling-rss 1788563254,350564352,184360960,15002120,552128512,1018101760
findling-rss 1788563259,351215616,184406016,14996744,552742912,1018101760
findling-rss 1788563264,334860288,184274944,15059952,536223744,1018101760
findling-rss 1788563269,350138368,184274944,14999984,551780352,1018101760
findling-rss 1788563274,351350784,184299520,14993952,552906752,1018101760
findling-rss 1788563279,279797760,184328192,15004936,480735232,1018101760
findling-rss 1788563284,351027200,184344576,15025160,552321024,1018101760
findling-rss 1788563290,350212096,184369152,15018704,551944192,1018101760
findling-rss 1788563295,350449664,184373248,15037568,552009728,1018101760
findling-rss 1788563300,347652096,178479104,14844088,542887936,1018101760
findling-rss 1788563305,350388224,178511872,14838224,545628160,1018101760
findling-rss 1788563310,353230848,178511872,14856728,548675584,1018101760
findling-rss 1788563315,334843904,178540544,14869432,530317312,1018101760
findling-rss 1788563320,350453760,183529472,15061232,550957056,1018101760
findling-rss 1788563325,350765056,183533568,15079712,551604224,1018101760
findling-rss 1788563330,281477120,183570432,15092976,481939456,1018101760
findling-rss 1788563335,349908992,183603200,15026816,550670336,1018101760
findling-rss 1788563340,352587776,183599104,15045360,553426944,1018101760
findling-rss 1788563345,246951936,183648256,14952736,445796352,1018101760
findling-rss 1788563350,349995008,183709696,15053360,551088128,1018101760
findling-rss 1788563355,350515200,183705600,15071616,551464960,1018101760
findling-rss 1788563360,350797824,183746560,15066808,551743488,1018101760
findling-rss 1788563365,334868480,183767040,15078360,535711744,1018101760
findling-rss 1788563370,351207424,183775232,15101000,552337408,1018101760
findling-rss 1788563375,349814784,183623680,15066880,550752256,1018101760
findling-rss 1788563380,300457984,183652352,15078784,501084160,1018101760
findling-rss 1788563385,350453760,183660544,15097224,551129088,1018101760
findling-rss 1788563390,349954048,183681024,15091448,550920192,1018101760
findling-rss 1788563395,279621632,183717888,15103920,480215040,1018101760
findling-rss 1788563400,350035968,183717888,14881168,551006208,1018101760
findling-rss 1788563405,350277632,183746560,14875464,551170048,1018101760
findling-rss 1788563410,218533888,183422976,14766440,418308096,1018101760
findling-rss 1788563415,349896704,183779328,14905880,550842368,1018101760
findling-rss 1788563420,350040064,183803904,14899176,551034880,1018101760
findling-rss 1788563425,351236096,183808000,14918424,552116224,1018101760
findling-rss 1788563430,334921728,183664640,14974944,535650304,1018101760
findling-rss 1788563435,350093312,183693312,14968920,550780928,1018101760
findling-rss 1788563440,350625792,183689216,14987696,551530496,1018101760
findling-rss 1788563445,299773952,183721984,14999328,500314112,1018101760
findling-rss 1788563450,351248384,183754752,14992984,552329216,1018101760
findling-rss 1788563455,353603584,183754752,15012376,554643456,1018101760
findling-rss 1788563460,262770688,183787520,14917296,461938688,1018101760
findling-rss 1788563465,350064640,183808000,15017360,551170048,1018101760
findling-rss 1788563470,350625792,186945536,15123816,555098112,1018101760
findling-rss 1788563475,362311680,186945536,15121096,566624256,1018101760
findling-rss 1788563480,361201664,186945536,15121480,565514240,1018101760
findling-rss 1788563485,362319872,186945536,15121096,566743040,1018101760
findling-rss 1788563490,282570752,186945536,15016912,486322176,1018101760
findling-rss 1788563495,362852352,186945536,15120912,567070720,1018101760
findling-rss 1788563500,363360256,186945536,15121368,567853056,1018101760
findling-rss 1788563505,270659584,183853056,14837976,471244800,1018101760
findling-rss 1788563510,350593024,183857152,14962368,551735296,1018101760
findling-rss 1788563515,350564352,183713792,15078800,551329792,1018101760
findling-rss 1788563520,354627584,183709696,15096944,555610112,1018101760
findling-rss 1788563525,349466624,183742464,15109896,550432768,1018101760
findling-rss 1788563530,350695424,183783424,15103344,551862272,1018101760
findling-rss 1788563535,351858688,183771136,15121760,553136128,1018101760
findling-rss 1788563540,334958592,183795712,15032480,535871488,1018101760
findling-rss 1788563545,350445568,183832576,15026248,551591936,1018101760
findling-rss 1788563550,350429184,183832576,15044320,551534592,1018101760
findling-rss 1788563555,334983168,183853056,15053592,536076288,1018101760
findling-rss 1788563560,291168256,183906304,15121616,492154880,1018101760
findling-rss 1788563565,348807168,183902208,15142120,550100992,1018101760
findling-rss 1788563570,349405184,183644160,14828264,550330368,1018101760
findling-rss 1788563575,269271040,183676928,14734944,469241856,1018101760
findling-rss 1788563580,349265920,183672832,14859064,550182912,1018101760
findling-rss 1788563585,348999680,183697408,14852472,549412864,1018101760
findling-rss 1788563590,348516352,183697408,14870728,549224448,1018101760
findling-rss 1788563595,349253632,183726080,14883680,549785600,1018101760
findling-rss 1788563600,349036544,183758848,14877336,549904384,1018101760
findling-rss 1788563605,349032448,183771136,14895632,549572608,1018101760
findling-rss 1788563610,333602816,183808000,14908696,534392832,1018101760
findling-rss 1788563615,348868608,183832576,14902216,549736448,1018101760
findling-rss 1788563620,352063488,183836672,14920832,553086976,1018101760
findling-rss 1788563625,269320192,183685120,15071360,469782528,1018101760
findling-rss 1788563630,348344320,183717888,15172128,549408768,1018101760
findling-rss 1788563635,350957568,183713792,14925616,551825408,1018101760
findling-rss 1788563640,323489792,183738368,14919432,533102592,1018101760
findling-rss 1788563645,347865088,183779328,14931240,548454400,1018101760
findling-rss 1788563650,349118464,183771136,14949824,549957632,1018101760
findling-rss 1788563655,352944128,183799808,14943480,554074112,1018101760
findling-rss 1788563660,333602816,183824384,14956728,534417408,1018101760
findling-rss 1788563665,349331456,183832576,14974008,550129664,1018101760
findling-rss 1788563670,348618752,183873536,14972592,549650432,1018101760
findling-rss 1788563675,278700032,255057920,16799608,550891520,1018101760
findling-rss 1788563680,349679616,184352768,15058112,551276544,1018101760
findling-rss 1788563685,349794304,184381440,15053216,551411712,1018101760
findling-rss 1788563690,226070528,184414208,14956496,419393536,1018101760
findling-rss 1788563695,349839360,184414208,15083856,551383040,1018101760
findling-rss 1788563700,350097408,184434688,14963400,551780352,1018101760
findling-rss 1788563705,353624064,184442880,14981456,555085824,1018101760
findling-rss 1788563710,334778368,184471552,14994016,536203264,1018101760
findling-rss 1788563715,352976896,184504320,14987904,554733568,1018101760
findling-rss 1788563720,351469568,184496128,15006136,552947712,1018101760
findling-rss 1788563725,298745856,184524800,15019224,500408320,1018101760
findling-rss 1788563730,349982720,184385536,14971728,551448576,1018101760
findling-rss 1788563735,350314496,184389632,14989144,551907328,1018101760
findling-rss 1788563740,353824768,184414208,14983232,555405312,1018101760
findling-rss 1788563745,350081024,184446976,14995504,551194624,1018101760
findling-rss 1788563750,350683136,184446976,15013872,552300544,1018101760
findling-rss 1788563755,350502912,184492032,15008792,552345600,1018101760
findling-rss 1788563760,326090752,184516608,15020200,527646720,1018101760
findling-rss 1788563765,350400512,184524800,15016424,552058880,1018101760
findling-rss 1788563770,353710080,184561664,15010216,555634688,1018101760
findling-rss 1788563775,252145664,184586240,14914176,450912256,1018101760
findling-rss 1788563780,349646848,184586240,15041536,551362560,1018101760
findling-rss 1788563785,350699520,184459264,15049232,552095744,1018101760
findling-rss 1788563790,317005824,184463360,15067528,525684736,1018101760
findling-rss 1788563795,349208576,184496128,14954304,550559744,1018101760
findling-rss 1788563800,351096832,184524800,14951328,552955904,1018101760
findling-rss 1788563805,350085120,184532992,14968992,552005632,1018101760
findling-rss 1788563810,334827520,184557568,14982376,536453120,1018101760
findling-rss 1788563815,349569024,184614912,14976272,551051264,1018101760
findling-rss 1788563820,351055872,184619008,14994120,552853504,1018101760
findling-rss 1788563825,326127616,184651776,15007296,527650816,1018101760
findling-rss 1788563830,350760960,184680448,15001224,552624128,1018101760
findling-rss 1788563835,349683712,184692736,15020200,551518208,1018101760
findling-rss 1788563840,281468928,184582144,15078680,483143680,1018101760
findling-rss 1788563845,350547968,184614912,15069144,552108032,1018101760
findling-rss 1788563850,351109120,184631296,15087696,553144320,1018101760
findling-rss 1788563855,218517504,184307712,14983240,419618816,1018101760
findling-rss 1788563860,349646848,184713216,14833656,551120896,1018101760
findling-rss 1788563865,350236672,184700928,14851688,552140800,1018101760
findling-rss 1788563870,353824768,184741888,14845704,555442176,1018101760
findling-rss 1788563875,334868480,184770560,14858544,536817664,1018101760
findling-rss 1788563880,349589504,184774656,14876496,551432192,1018101760
findling-rss 1788563885,351444992,184795136,14870184,553185280,1018101760
findling-rss 1788563890,281260032,184676352,15064080,482902016,1018101760
findling-rss 1788563895,350314496,184688640,15059000,552394752,1018101760
findling-rss 1788563900,350154752,184705024,15051640,551849984,1018101760
findling-rss 1788563905,283377664,184705024,15069760,529080320,1018101760
findling-rss 1788563910,349728768,184737792,15082168,551673856,1018101760
findling-rss 1788563915,350121984,184762368,15075872,552185856,1018101760
findling-rss 1788563920,349827072,184758272,15094240,551575552,1018101760
findling-rss 1788563925,339427328,184795136,14919488,540160000,1018101760
findling-rss 1788563931,350306304,184815616,14914032,551964672,1018101760
findling-rss 1788563936,351129600,184815616,14929712,552927232,1018101760
findling-rss 1788563941,334958592,184852480,14944760,536842240,1018101760
findling-rss 1788563946,350912512,184713216,15067256,553046016,1018101760
findling-rss 1788563951,350760960,184717312,15084968,552755200,1018101760
findling-rss 1788563956,270655488,184737792,14991352,472301568,1018101760
findling-rss 1788563961,349888512,184770560,15090520,551755776,1018101760
findling-rss 1788563966,349708288,184766464,15108080,551710720,1018101760
findling-rss 1788563971,350375936,184803328,15105536,552378368,1018101760
findling-rss 1788563976,349519872,184823808,15114152,551624704,1018101760
findling-rss 1788563981,350539776,184819712,15132136,552747008,1018101760
findling-rss 1788563986,350633984,184856576,15125904,552968192,1018101760
findling-rss 1788563991,334934016,184885248,15139080,537149440,1018101760
findling-rss 1788563996,350978048,184881152,15156840,553283584,1018101760
findling-rss 1788564001,335302656,185065472,14939448,537477120,1018101760
findling-rss 1788564006,218607616,183574528,14803024,418963456,1018101760
findling-rss 1788564011,350191616,183930880,14937712,551403520,1018101760
findling-rss 1788564016,350998528,183967744,14932000,552255488,1018101760
findling-rss 1788564021,352051200,183955456,14949896,553172992,1018101760
findling-rss 1788564026,334962688,183984128,14962736,536182784,1018101760
findling-rss 1788564031,350466048,184016896,14810992,551374848,1018101760
findling-rss 1788564036,350355456,184020992,14829288,551333888,1018101760
findling-rss 1788564041,326258688,184037376,14841680,527142912,1018101760
findling-rss 1788564046,349712384,184070144,14835336,550789120,1018101760
findling-rss 1788564051,350482432,184074240,14853840,551677952,1018101760
findling-rss 1788564056,270684160,183922688,14982832,471379968,1018101760
findling-rss 1788564061,350703616,183967744,15082240,551899136,1018101760
findling-rss 1788564066,350756864,183967744,14976792,551870464,1018101760
findling-rss 1788564071,353759232,184000512,14969744,555130880,1018101760
findling-rss 1788564076,334987264,184041472,14983440,536342528,1018101760
findling-rss 1788564081,350482432,184037376,15000520,551755776,1018101760
findling-rss 1788564086,350687232,184070144,14994944,551972864,1018101760
findling-rss 1788564091,334970880,184098816,15007264,536219648,1018101760
findling-rss 1788564096,352854016,184094720,15025784,554323968,1018101760
findling-rss 1788564101,353562624,184115200,15022680,555114496,1018101760
findling-rss 1788564106,270979072,254930944,17084912,544821248,1018101760
findling-rss 1788564111,350437376,183980032,15095624,551772160,1018101760
findling-rss 1788564116,350420992,184012800,15088896,551596032,1018101760
findling-rss 1788564121,263323648,184045568,14995256,463114240,1018101760
findling-rss 1788564126,349761536,184041472,15119672,551215104,1018101760
findling-rss 1788564131,350355456,184078336,14859272,551452672,1018101760
findling-rss 1788564136,354320384,184078336,14877616,555565056,1018101760
findling-rss 1788564141,334974976,184176640,14894888,536043520,1018101760
findling-rss 1788564146,350240768,184201216,14888296,551538688,1018101760
findling-rss 1788564151,350404608,184193024,14907232,551727104,1018101760
findling-rss 1788564156,281518080,184225792,14916904,482648064,1018101760
findling-rss 1788564161,350490624,184078336,14961784,551604224,1018101760
findling-rss 1788564166,349933568,184078336,14979496,551149568,1018101760
findling-rss 1788564171,258969600,184102912,14885880,458559488,1018101760
findling-rss 1788564176,349974528,184135680,14986648,551301120,1018101760
findling-rss 1788564181,351010816,184143872,15004064,552476672,1018101760
findling-rss 1788564186,350744576,184156160,14998720,552284160,1018101760
findling-rss 1788564191,334979072,184184832,15010496,536313856,1018101760
findling-rss 1788564196,350728192,184201216,15028904,552370176,1018101760
findling-rss 1788564201,332886016,184238080,15023264,534249472,1018101760
findling-rss 1788564206,335007744,184274944,15035592,536395776,1018101760
findling-rss 1788564211,353185792,184262656,15054016,554692608,1018101760
findling-rss 1788564216,350842880,184029184,15050112,551772160,1018101760
findling-rss 1788564221,281186304,184057856,15063520,482127872,1018101760
findling-rss 1788564226,353640448,184066048,15080984,554958848,1018101760
findling-rss 1788564231,350519296,184098816,15075296,551682048,1018101760
findling-rss 1788564236,218656768,183787520,14966832,419196928,1018101760
findling-rss 1788564241,349782016,184143872,15106160,551088128,1018101760
findling-rss 1788564246,350756864,184180736,14933656,552013824,1018101760
findling-rss 1788564251,350752768,184172544,14951776,552038400,1018101760
findling-rss 1788564256,335015936,184233984,14965376,536330240,1018101760
findling-rss 1788564261,353316864,184270848,14959392,554606592,1018101760
findling-rss 1788564266,351055872,184262656,14977920,552558592,1018101760
findling-rss 1788564271,304242688,184127488,15050664,502517760,1018101760
findling-rss 1788564276,349913088,184184832,15041872,551198720,1018101760
findling-rss 1788564281,350846976,184172544,15059864,552308736,1018101760
findling-rss 1788564286,354062336,184213504,15053632,555470848,1018101760
findling-rss 1788564291,346247168,184246272,15067216,547409920,1018101760
findling-rss 1788564296,350629888,184246272,15085176,552181760,1018101760
findling-rss 1788564301,350855168,184295424,15079008,552636416,1018101760
findling-rss 1788564306,326377472,184328192,15091568,527847424,1018101760
findling-rss 1788564311,334815232,184336384,15109944,536403968,1018101760
findling-rss 1788564316,351150080,184356864,15103712,552878080,1018101760
findling-rss 1788564321,218710016,206409728,15681760,442343424,1018101760
findling-rss 1788564326,350072832,184221696,15116488,551628800,1018101760
findling-rss 1788564331,315703296,184254464,15185904,517087232,1018101760
findling-rss 1788564336,348622848,184250368,15088056,550236160,1018101760
findling-rss 1788564341,349339648,184279040,15081960,550735872,1018101760
findling-rss 1788564346,346398720,184307712,15093960,547823616,1018101760
findling-rss 1788564351,348983296,184307712,15112920,550543360,1018101760
findling-rss 1788564356,349483008,184336384,15106392,551157760,1018101760
findling-rss 1788564361,333668352,184369152,15118984,535355392,1018101760
findling-rss 1788564366,349020160,184356864,15137288,550682624,1018101760
findling-rss 1788564371,349958144,184393728,15130376,551780352,1018101760
findling-rss 1788564376,217288704,195567616,15387336,429424640,1018101760
findling-rss 1788564381,349245440,184115200,14781920,550383616,1018101760
findling-rss 1788564386,348540928,184135680,14775736,549695488,1018101760
findling-rss 1788564391,349941760,184143872,14793808,551108608,1018101760
findling-rss 1788564396,333672448,184168448,14808816,534757376,1018101760
findling-rss 1788564401,349327360,184184832,14802272,550531072,1018101760
findling-rss 1788564406,348626944,184197120,14821904,549781504,1018101760
findling-rss 1788564411,307568640,184221696,14833840,508682240,1018101760
findling-rss 1788564416,349437952,184246272,14827248,550748160,1018101760
findling-rss 1788564421,349286400,184250368,14845072,550559744,1018101760
findling-rss 1788564426,252346368,184274944,14751840,451895296,1018101760
findling-rss 1788564431,348209152,184135680,14924152,549298176,1018101760
findling-rss 1788564436,349298688,184135680,14941320,550596608,1018101760
findling-rss 1788564441,348827648,184160256,14935000,550043648,1018101760
findling-rss 1788564446,333672448,184188928,14809968,534675456,1018101760
findling-rss 1788564451,348418048,184184832,14827048,549597184,1018101760
findling-rss 1788564456,348925952,184221696,14821584,550141952,1018101760
findling-rss 1788564461,333697024,184254464,14835192,534900736,1018101760
findling-rss 1788564466,348991488,184238080,14852112,550240256,1018101760
findling-rss 1788564471,349138944,184279040,14846312,550436864,1018101760
findling-rss 1788564476,280412160,185364480,14889312,482553856,1018101760
findling-rss 1788564481,359518208,185364480,14887912,561893376,1018101760
findling-rss 1788564486,358559744,185364480,14887912,561057792,1018101760
findling-rss 1788564491,300646400,184315904,14878080,500948992,1018101760
findling-rss 1788564496,348962816,184184832,14925328,550113280,1018101760
findling-rss 1788564501,348917760,184180736,14943696,550342656,1018101760
findling-rss 1788564506,244310016,184209408,14728064,442552320,1018101760
findling-rss 1788564511,348553216,184238080,14827680,549810176,1018101760
findling-rss 1788564516,349065216,184238080,14846952,550227968,1018101760
findling-rss 1788564521,350302208,184279040,14840312,551673856,1018101760
findling-rss 1788564526,330821632,185516032,14887280,532701184,1018101760
findling-rss 1788564531,349331456,184328192,14871472,550555648,1018101760
findling-rss 1788564536,348270592,184369152,14866160,549564416,1018101760
findling-rss 1788564541,396726272,184786944,14879352,598720512,1018101760
findling-rss 1788564546,351223808,184999936,14904224,553385984,1018101760
findling-rss 1788564551,350916608,184864768,14956096,553029632,1018101760
findling-rss 1788564556,281587712,184893440,14969136,483512320,1018101760
findling-rss 1788564561,351178752,184893440,14987552,553218048,1018101760
findling-rss 1788564566,350384128,184913920,14980600,552194048,1018101760
findling-rss 1788564571,218505216,184647680,14684096,419483648,1018101760
findling-rss 1788564577,350003200,184999936,14818112,551878656,1018101760
findling-rss 1788564582,350691328,185094144,14817144,552738816,1018101760
findling-rss 1788564587,351580160,185090048,14835016,553672704,1018101760
findling-rss 1788564592,334884864,185114624,14846904,536940544,1018101760
findling-rss 1788564597,350384128,185139200,14841712,552456192,1018101760
findling-rss 1788564602,350736384,185147392,14860128,553164800,1018101760
findling-rss 1788564607,297455616,184348672,14813304,498696192,1018101760
findling-rss 1788564612,350777344,184381440,14806848,552161280,1018101760
findling-rss 1788564617,350466048,184385536,14825080,551952384,1018101760
findling-rss 1788564622,218529792,184053760,14719992,418922496,1018101760
findling-rss 1788564627,349622272,184434688,14830808,550989824,1018101760
findling-rss 1788564632,350838784,184434688,14849312,552497152,1018101760
findling-rss 1788564637,350441472,184463360,14843376,551677952,1018101760
findling-rss 1788564642,334913536,184496128,14856304,536600576,1018101760
findling-rss 1788564647,350916608,184500224,14873472,552669184,1018101760
findling-rss 1788564652,351809536,184520704,14867944,553164800,1018101760
findling-rss 1788564657,274681856,257077248,17031240,548933632,1018101760
findling-rss 1788564662,360128512,185810944,15007968,563163136,1018101760
findling-rss 1788564667,360226816,185810944,15007200,563286016,1018101760
findling-rss 1788564672,346423296,185810944,14926616,549232640,1018101760
findling-rss 1788564677,353005568,184401920,14906456,554283008,1018101760
findling-rss 1788564682,352677888,184438784,14901408,554160128,1018101760
findling-rss 1788564687,270630912,184463360,14808288,471576576,1018101760
findling-rss 1788564692,349937664,184467456,14932704,551489536,1018101760
findling-rss 1788564697,350842880,184500224,14926944,552591360,1018101760
findling-rss 1788564702,218566656,184172544,14728904,419090432,1018101760
findling-rss 1788564707,350388224,184537088,14859200,551862272,1018101760
findling-rss 1788564712,350564352,184569856,14853992,551981056,1018101760
findling-rss 1788564717,352153600,184569856,14871840,553938944,1018101760
findling-rss 1788564722,334954496,184606720,14884768,536719360,1018101760
findling-rss 1788564727,350773248,184459264,14975264,552337408,1018101760
findling-rss 1788564732,352124928,184459264,14993728,553484288,1018101760
findling-rss 1788564737,336039936,185573376,14958528,538681344,1018101760
findling-rss 1788564742,360050688,185573376,14956792,562810880,1018101760
findling-rss 1788564747,360931328,185573376,14956408,563830784,1018101760
findling-rss 1788564752,334991360,184541184,14945176,536604672,1018101760
findling-rss 1788564757,350535680,184549376,14959560,552312832,1018101760
findling-rss 1788564762,351145984,184578048,14953872,552751104,1018101760
findling-rss 1788564767,272265216,184623104,14962184,473370624,1018101760
findling-rss 1788564772,350453760,184619008,14984864,552337408,1018101760
findling-rss 1788564777,350212096,184655872,14979264,552112128,1018101760
findling-rss 1788564782,353845248,184659968,14998248,555692032,1018101760
findling-rss 1788564787,342450176,184700928,15010632,543182848,1018101760
findling-rss 1788564792,350666752,184561664,14980832,552267776,1018101760
findling-rss 1788564797,353763328,184565760,14831760,555290624,1018101760
findling-rss 1788564802,334995456,184582144,14843632,536494080,1018101760
findling-rss 1788564807,350523392,184623104,14837488,552218624,1018101760
findling-rss 1788564812,350015488,184623104,14856896,551821312,1018101760
findling-rss 1788564817,282275840,184651776,14869528,483696640,1018101760
findling-rss 1788564822,350228480,184676352,14862760,552153088,1018101760
findling-rss 1788564827,351158272,184680448,14880560,553074688,1018101760
findling-rss 1788564832,322265088,184705024,14874376,527175680,1018101760
findling-rss 1788564837,349618176,184725504,14887648,551366656,1018101760
findling-rss 1788564842,353165312,184733696,14905584,554901504,1018101760
findling-rss 1788564847,352169984,184598528,14985448,554045440,1018101760
findling-rss 1788564852,326291456,184619008,14997720,527851520,1018101760
findling-rss 1788564857,350322688,184623104,15016112,552296448,1018101760
findling-rss 1788564862,349855744,184655872,14913792,551587840,1018101760
findling-rss 1788564867,270721024,184692736,14817704,471924736,1018101760
findling-rss 1788564872,350568448,184688640,14948504,552443904,1018101760
findling-rss 1788564877,350302208,184721408,14938856,551976960,1018101760
findling-rss 1788564882,350531584,184709120,14956232,552611840,1018101760
findling-rss 1788564887,347811840,184737792,14968280,549572608,1018101760
findling-rss 1788564892,351285248,184770560,14962840,553172992,1018101760
findling-rss 1788564897,350187520,184770560,14981864,552108032,1018101760
findling-rss 1788564902,335007744,184627200,15007872,536748032,1018101760
findling-rss 1788564907,350744576,184651776,15001984,552570880,1018101760
findling-rss 1788564912,350584832,184659968,15019920,552546304,1018101760
findling-rss 1788564917,270721024,184684544,14926304,472129536,1018101760
findling-rss 1788564922,350576640,184721408,15026912,552321024,1018101760
findling-rss 1788564927,349786112,184709120,14903264,551534592,1018101760
findling-rss 1788564932,353636352,184741888,14897416,555560960,1018101760
findling-rss 1788564937,347475968,184770560,14909576,549097472,1018101760
findling-rss 1788564942,349880320,184770560,14927696,551768064,1018101760
findling-rss 1788564947,350666752,184803328,14922144,552529920,1018101760
findling-rss 1788564952,335032320,184446976,14950888,536506368,1018101760
findling-rss 1788564957,350117888,184451072,14970072,551620608,1018101760
findling-rss 1788564962,350801920,184475648,14962664,552448000,1018101760
findling-rss 1788564967,270729216,184508416,14869840,471908352,1018101760
findling-rss 1788564972,350306304,184500224,14995256,551804928,1018101760
findling-rss 1788564977,349642752,184528896,14988232,551084032,1018101760
findling-rss 1788564982,218660864,184209408,14883368,419475456,1018101760
findling-rss 1788564987,349720576,184557568,14964232,551575552,1018101760
findling-rss 1788564992,349995008,184594432,14958904,551669760,1018101760
findling-rss 1788564997,218664960,184291328,14853760,419364864,1018101760
findling-rss 1788565002,349212672,184639488,14992928,550989824,1018101760
findling-rss 1788565007,350076928,184500224,14998200,551870464,1018101760
findling-rss 1788565012,350965760,184504320,15016160,552747008,1018101760
findling-rss 1788565017,335069184,184528896,14609344,536473600,1018101760
findling-rss 1788565022,350658560,184557568,14603912,552042496,1018101760
findling-rss 1788565027,353198080,184553472,14622192,554684416,1018101760
findling-rss 1788565032,282324992,184586240,14633616,483540992,1018101760
findling-rss 1788565037,351420416,184619008,14628344,552808448,1018101760
findling-rss 1788565042,350101504,184619008,14647256,551542784,1018101760
findling-rss 1788565047,324378624,184643584,14640392,525979648,1018101760
findling-rss 1788565052,349626368,184672256,14652664,551084032,1018101760
findling-rss 1788565057,350736384,184668160,14668144,552484864,1018101760
findling-rss 1788565062,352276480,184541184,15000352,554106880,1018101760
findling-rss 1788565067,335106048,184651776,15017768,536772608,1018101760
findling-rss 1788565072,350838784,184647680,15036024,552632320,1018101760
findling-rss 1788565077,350584832,184680448,15030064,552660992,1018101760
findling-rss 1788565082,270811136,184705024,14851896,472150016,1018101760
findling-rss 1788565087,350392320,184709120,14976192,552235008,1018101760
findling-rss 1788565092,350347264,184750080,14969968,552415232,1018101760
findling-rss 1788565097,351989760,184741888,14988224,553988096,1018101760
findling-rss 1788565102,349741056,184770560,15000496,551673856,1018101760
findling-rss 1788565107,350298112,184807424,14994448,552116224,1018101760
findling-rss 1788565112,350887936,184811520,15013152,552624128,1018101760
findling-rss 1788565117,335122432,184635392,15014896,537063424,1018101760
findling-rss 1788565122,350343168,184659968,15008192,552333312,1018101760
findling-rss 1788565127,350724096,184664064,15026896,552820736,1018101760
findling-rss 1788565132,299241472,184705024,15039432,500936704,1018101760
findling-rss 1788565137,263733248,184729600,15110392,465481728,1018101760
findling-rss 1788565142,348884992,184729600,15127920,550948864,1018101760
findling-rss 1788565147,351264768,184758272,14933776,552996864,1018101760
findling-rss 1788565152,217358336,184430592,14825136,418050048,1018101760
findling-rss 1788565157,349741056,184778752,14964256,551559168,1018101760
findling-rss 1788565162,348950528,184823808,14958864,551059456,1018101760
findling-rss 1788565167,348741632,184815616,14977008,550760448,1018101760
findling-rss 1788565172,345931776,184700928,15113136,547659776,1018101760
findling-rss 1788565177,353071104,184729600,15103272,554983424,1018101760
findling-rss 1788565182,349306880,184725504,15088760,551284736,1018101760
findling-rss 1788565187,298295296,185454592,15120816,500871168,1018101760
findling-rss 1788565192,359014400,185454592,15120344,561790976,1018101760
findling-rss 1788565197,363241472,185454592,15120344,566149120,1018101760
findling-rss 1788565203,285233152,184799232,15115408,482942976,1018101760
findling-rss 1788565208,348590080,184840192,15108384,550608896,1018101760
findling-rss 1788565213,351461376,184848384,14720704,553353216,1018101760
findling-rss 1788565218,349818880,184893440,14715464,551813120,1018101760
findling-rss 1788565223,346558464,184938496,14728480,548368384,1018101760
findling-rss 1788565228,349335552,184930304,14745968,551120896,1018101760
findling-rss 1788565233,350875648,184807424,15097136,553140224,1018101760
findling-rss 1788565238,325058560,184840192,15109296,526921728,1018101760
findling-rss 1788565243,349851648,184848384,15128384,551903232,1018101760
findling-rss 1788565248,351674368,184897536,15099776,553594880,1018101760
findling-rss 1788565253,269488128,184926208,15003600,471252992,1018101760
findling-rss 1788565258,348712960,184918016,15130464,550895616,1018101760
findling-rss 1788565263,351412224,184954880,15124120,553775104,1018101760
findling-rss 1788565268,217419776,184614912,15037104,418852864,1018101760
findling-rss 1788565273,347959296,184967168,15154992,550072320,1018101760
findling-rss 1788565278,334999552,186204160,15119144,538624000,1018101760
findling-rss 1788565283,349970432,185020416,15103280,552378368,1018101760
findling-rss 1788565288,300732416,184819712,15118504,501252096,1018101760
findling-rss 1788565293,348958720,184848384,15112272,550907904,1018101760
findling-rss 1788565298,348598272,184844288,15133448,550739968,1018101760
findling-rss 1788565303,269496320,184877056,15039376,471191552,1018101760
findling-rss 1788565308,348553216,184905728,14861024,550367232,1018101760
findling-rss 1788565313,349593600,184905728,14879392,551706624,1018101760
findling-rss 1788565318,349310976,184930304,14873072,551325696,1018101760
findling-rss 1788565323,346775552,184971264,14885048,548577280,1018101760
findling-rss 1788565328,348741632,184963072,14902784,550821888,1018101760
findling-rss 1788565333,349220864,184995840,14896440,551366656,1018101760
findling-rss 1788565338,333819904,184688640,14886784,535552000,1018101760
findling-rss 1788565343,348508160,184684544,14905568,550412288,1018101760
findling-rss 1788565348,349396992,184713216,14898816,551129088,1018101760
findling-rss 1788565353,269529088,184733696,14802864,470794240,1018101760
findling-rss 1788565358,348712960,176066560,14527784,541483008,1018101760
findling-rss 1788565363,349523968,91979776,12087040,455688192,1018101760
findling-rss 1788565368,349536256,91983872,12104864,455491584,1018101760
findling-rss 1788565373,333840384,92020736,12117968,439836672,1018101760
findling-rss 1788565378,351985664,92049408,12111472,458276864,1018101760
findling-rss 1788565383,352931840,92053504,12130360,459276288,1018101760
findling-rss 1788565388,299122688,92078080,12143536,404664320,1018101760
findling-rss 1788565393,349384704,163291136,14006224,528723968,1018101760
findling-rss 1788565398,349069312,163282944,13931256,528146432,1018101760
findling-rss 1788565403,349310976,163315712,13925024,528736256,1018101760
findling-rss 1788565408,333844480,163344384,13937704,513249280,1018101760
findling-rss 1788565413,349810688,163344384,13956096,529457152,1018101760
findling-rss 1788565418,350003200,163373056,13950024,529522688,1018101760
findling-rss 1788565423,298221568,163401728,13963312,477724672,1018101760
findling-rss 1788565428,349130752,163389440,13980736,528740352,1018101760
findling-rss 1788565433,351326208,163422208,13974272,530980864,1018101760
findling-rss 1788565438,217509888,163106816,13870160,396144640,1018101760
findling-rss 1788565443,349110272,163463168,14005528,528748544,1018101760
findling-rss 1788565448,348942336,163332096,14011832,528510976,1018101760
findling-rss 1788565453,350306304,163328000,14030608,529805312,1018101760
findling-rss 1788565458,345358336,163377152,14042808,524541952,1018101760
findling-rss 1788565463,349769728,163405824,13479312,528891904,1018101760
findling-rss 1788565468,349782016,163401728,13498200,528859136,1018101760
findling-rss 1788565473,333926400,163430400,13514048,512831488,1018101760
findling-rss 1788565478,349880320,163459072,13503904,528965632,1018101760
findling-rss 1788565483,350863360,163450880,13522432,530104320,1018101760
findling-rss 1788565488,296488960,163491840,13535560,475701248,1018101760
findling-rss 1788565493,348409856,163508224,13527976,527458304,1018101760
findling-rss 1788565498,351186944,163520512,13546976,530132992,1018101760
findling-rss 1788565503,232980480,163389440,13929848,406659072,1018101760
findling-rss 1788565508,348909568,163422208,14029688,528670720,1018101760
findling-rss 1788565513,349847552,163422208,14047920,529453056,1018101760
findling-rss 1788565518,353132544,163500032,14046936,532934656,1018101760
findling-rss 1788565523,307838976,163532800,14059640,487374848,1018101760
findling-rss 1788565528,349040640,163528704,13582720,528154624,1018101760
findling-rss 1788565533,349753344,163553280,13575992,529162240,1018101760
findling-rss 1788565538,269647872,163581952,13482488,448401408,1018101760
findling-rss 1788565543,349745152,163581952,13607200,528850944,1018101760
findling-rss 1788565548,349372416,163610624,13600584,528519168,1018101760
findling-rss 1788565553,352088064,163610624,13619336,531394560,1018101760
findling-rss 1788565558,333959168,163467264,14043688,513560576,1018101760
findling-rss 1788565563,348930048,163500032,14037952,528654336,1018101760
findling-rss 1788565568,352227328,163500032,14057544,531824640,1018101760
findling-rss 1788565573,333975552,163524608,14069072,513740800,1018101760
findling-rss 1788565578,351653888,163553280,14062864,531607552,1018101760
findling-rss 1788565583,349564928,163569664,14081024,529387520,1018101760
findling-rss 1788565588,269692928,163586048,13987296,448946176,1018101760
findling-rss 1788565593,352366592,163631104,14087856,532258816,1018101760
findling-rss 1788565598,348717056,163627008,14109208,528760832,1018101760
findling-rss 1788565603,351010816,163672064,14103064,530935808,1018101760
findling-rss 1788565608,333996032,163528704,14032824,513654784,1018101760
findling-rss 1788565613,349396992,163532800,14051760,529018880,1018101760
findling-rss 1788565618,349728768,163565568,14046088,529453056,1018101760
findling-rss 1788565623,271872000,163594240,14058384,450785280,1018101760
findling-rss 1788565628,352034816,163590144,14076760,531886080,1018101760
findling-rss 1788565633,349757440,163622912,14070232,529555456,1018101760
findling-rss 1788565638,217640960,163303424,13980376,396587008,1018101760
findling-rss 1788565643,349437952,163659776,14101936,529203200,1018101760
findling-rss 1788565648,349843456,163696640,14093112,529735680,1018101760
findling-rss 1788565653,350142464,163692544,14114344,530223104,1018101760
findling-rss 1788565658,334028800,163745792,14111192,514097152,1018101760
findling-rss 1788565663,349110272,163618816,14037272,528867328,1018101760
findling-rss 1788565668,349564928,163631104,14055184,529477632,1018101760
findling-rss 1788565673,269725696,163659776,13962088,449175552,1018101760
findling-rss 1788565678,349380608,163700736,14062288,529051648,1018101760
findling-rss 1788565683,349679616,163700736,14080792,529608704,1018101760
findling-rss 1788565688,353071104,163749888,13945624,532930560,1018101760
findling-rss 1788565693,334028800,163790848,13958392,513675264,1018101760
findling-rss 1788565698,349044736,163794944,13976600,528842752,1018101760
findling-rss 1788565703,350027776,163831808,13970384,529989632,1018101760
findling-rss 1788565708,325296128,163868672,13983296,505176064,1018101760
findling-rss 1788565713,350093312,163872768,14001840,530010112,1018101760
findling-rss 1788565718,349999104,163729408,14042576,529620992,1018101760
findling-rss 1788565723,269746176,163758080,13948936,449073152,1018101760
findling-rss 1788565728,349700096,163762176,14073736,529629184,1018101760
findling-rss 1788565733,348692480,163770368,14067376,528834560,1018101760
findling-rss 1788565738,217673728,163459072,13958528,396640256,1018101760
findling-rss 1788565743,348618752,163807232,14097720,528506880,1018101760
findling-rss 1788565748,349929472,163848192,14091488,530149376,1018101760
findling-rss 1788565753,349130752,163844096,14085664,529182720,1018101760
findling-rss 1788565758,341295104,163864576,14097304,520105984,1018101760
findling-rss 1788565763,350269440,163901440,14092544,530456576,1018101760
findling-rss 1788565768,349892608,163901440,14111072,530112512,1018101760
findling-rss 1788565773,325328896,163753984,14068464,505282560,1018101760
findling-rss 1788565778,349540352,163790848,14058184,529686528,1018101760
findling-rss 1788565783,350785536,163786752,14076688,530522112,1018101760
findling-rss 1788565788,274968576,163815424,13933280,451461120,1018101760
findling-rss 1788565794,349315072,163848192,13927120,529338368,1018101760
findling-rss 1788565799,349782016,163848192,13945504,530014208,1018101760
findling-rss 1788565804,350265344,163872768,13939552,530202624,1018101760
findling-rss 1788565809,348049408,163893248,13951920,526811136,1018101760
findling-rss 1788565814,349261824,163905536,13969696,529240064,1018101760
findling-rss 1788565819,350502912,163930112,13963760,530587648,1018101760
findling-rss 1788565824,334049280,163790848,14051704,514011136,1018101760
findling-rss 1788565829,349237248,163778560,14068488,529178624,1018101760
findling-rss 1788565834,349765632,163807232,14062664,529977344,1018101760
findling-rss 1788565839,271609856,163840000,14073344,450850816,1018101760
findling-rss 1788565844,349450240,163835904,14094032,529596416,1018101760
findling-rss 1788565849,349753344,163868672,14088072,529879040,1018101760
findling-rss 1788565854,217673728,163545088,13899280,396804096,1018101760
findling-rss 1788565859,348782592,163901440,14038608,528785408,1018101760
findling-rss 1788565864,350019584,163926016,14032240,529997824,1018101760
findling-rss 1788565869,352849920,163930112,14051424,533127168,1018101760
findling-rss 1788565874,334024704,163966976,14063016,514097152,1018101760
findling-rss 1788565879,350457856,163815424,14056256,530591744,1018101760
findling-rss 1788565884,350318592,163815424,14036720,530165760,1018101760
findling-rss 1788565889,269754368,163840000,13942448,449236992,1018101760
findling-rss 1788565894,348680192,163876864,14042944,528891904,1018101760
findling-rss 1788565899,349483008,163876864,14064656,529489920,1018101760
findling-rss 1788565904,349732864,163901440,14057024,529846272,1018101760
findling-rss 1788565909,348483584,163930112,14069976,528822272,1018101760
findling-rss 1788565914,352829440,163934208,14088344,533012480,1018101760
findling-rss 1788565919,315510784,163962880,14183272,495669248,1018101760
findling-rss 1788565924,349995008,163966976,14201888,530235392,1018101760
findling-rss 1788565929,333819904,163991552,14213504,514211840,1018101760
findling-rss 1788565934,348819456,163848192,14163192,529149952,1018101760
findling-rss 1788565939,348905472,163840000,14181880,529285120,1018101760
findling-rss 1788565944,333828096,163876864,14194080,513974272,1018101760
findling-rss 1788565949,349913088,163901440,14159792,530100224,1018101760
findling-rss 1788565954,349396992,163897344,14177072,529420288,1018101760
findling-rss 1788565959,269770752,163946496,14126008,449626112,1018101760
findling-rss 1788565964,349413376,163958784,14181768,529506304,1018101760
findling-rss 1788565969,349380608,163958784,14199656,529633280,1018101760
findling-rss 1788565974,217477120,163643392,14097440,396881920,1018101760
findling-rss 1788565979,348770304,164020224,14207424,529252352,1018101760
findling-rss 1788565984,348577792,164020224,14225928,529199104,1018101760
findling-rss 1788565989,352137216,163885056,14167296,532418560,1018101760
findling-rss 1788565994,298250240,163913728,14180200,478375936,1018101760
findling-rss 1788565999,349192192,163909632,14198256,529244160,1018101760
findling-rss 1788566004,349188096,163938304,14191776,529666048,1018101760
findling-rss 1788566009,253247488,164237312,14109376,433197056,1018101760
findling-rss 1788566014,349839360,164589568,14176656,530681856,1018101760
findling-rss 1788566019,350310400,164614144,14170976,531304448,1018101760
findling-rss 1788566024,352542720,164622336,14189680,533663744,1018101760
findling-rss 1788566029,335036416,164651008,14201864,516001792,1018101760
findling-rss 1788566034,350048256,164679680,14195520,531222528,1018101760
findling-rss 1788566039,350625792,164683776,14214792,531415040,1018101760
findling-rss 1788566044,289611776,164536320,14134480,474509312,1018101760
findling-rss 1788566049,350683136,164581376,14127616,531570688,1018101760
findling-rss 1788566054,350638080,164569088,14145736,531243008,1018101760
findling-rss 1788566059,350429184,164593664,14139056,531435520,1018101760
findling-rss 1788566064,349564928,164626432,14151728,530509824,1018101760
findling-rss 1788566069,350371840,164626432,14169944,531554304,1018101760
findling-rss 1788566074,350879744,164655104,14167784,531836928,1018101760
findling-rss 1788566079,335011840,164679680,14045920,515842048,1018101760
findling-rss 1788566084,350834688,164683776,14063720,531861504,1018101760
findling-rss 1788566089,350400512,164712448,14058440,531447808,1018101760
findling-rss 1788566094,326381568,164581376,14202568,507158528,1018101760
findling-rss 1788566099,350621696,164564992,14220080,531632128,1018101760
findling-rss 1788566104,353976320,164601856,14214688,534810624,1018101760
findling-rss 1788566109,218705920,164278272,14052808,398753792,1018101760
findling-rss 1788566114,349958144,164626432,14192024,531111936,1018101760
findling-rss 1788566119,350687232,164659200,14185248,531685376,1018101760
findling-rss 1788566124,350732288,164667392,14203976,531927040,1018101760
findling-rss 1788566129,347701248,164691968,14216408,528498688,1018101760
findling-rss 1788566134,349216768,164708352,14209752,530178048,1018101760
findling-rss 1788566139,350412800,164716544,14228480,531742720,1018101760
findling-rss 1788566144,335093760,164745216,14113680,516014080,1018101760
findling-rss 1788566149,350437376,164601856,14206496,531193856,1018101760
findling-rss 1788566154,354103296,164605952,14224704,535261184,1018101760
findling-rss 1788566159,249188352,164634624,14130816,428490752,1018101760
findling-rss 1788566164,350244864,164675584,14231336,531308544,1018101760
findling-rss 1788566169,350949376,164671488,14250136,531931136,1018101760
findling-rss 1788566174,352165888,164700160,14166432,533176320,1018101760
findling-rss 1788566179,335122432,164732928,14178840,515956736,1018101760
findling-rss 1788566184,332804096,164700160,14196632,513982464,1018101760
findling-rss 1788566189,350486528,164761600,14191272,531378176,1018101760
findling-rss 1788566194,335130624,164786176,14203880,507441152,1018101760
findling-rss 1788566199,350617600,164790272,14225552,531992576,1018101760
findling-rss 1788566204,350158848,164659200,14212696,531247104,1018101760
findling-rss 1788566209,270839808,164679680,14116296,451465216,1018101760
findling-rss 1788566214,354279424,164679680,14243224,535556096,1018101760
findling-rss 1788566219,351764480,164716544,14236768,532824064,1018101760
findling-rss 1788566224,351158272,164716544,14255792,532295680,1018101760
findling-rss 1788566229,347545600,164737024,14268000,528154624,1018101760
findling-rss 1788566234,349929472,164765696,14262040,531210240,1018101760
findling-rss 1788566239,353206272,164773888,14201536,534425600,1018101760
findling-rss 1788566244,309030912,164790272,14214288,490151936,1018101760
findling-rss 1788566249,353554432,164823040,14207784,534659072,1018101760
findling-rss 1788566254,349655040,164823040,14222944,530591744,1018101760
findling-rss 1788566259,270872576,164687872,14126160,451485696,1018101760
findling-rss 1788566264,350015488,164708352,14226320,531030016,1018101760
findling-rss 1788566269,350474240,164708352,14224048,531329024,1018101760
findling-rss 1788566274,352239616,164737024,14217976,533581824,1018101760
findling-rss 1788566279,335179776,164769792,14230792,516136960,1018101760
findling-rss 1788566284,350892032,164757504,14249072,531963904,1018101760
findling-rss 1788566289,351510528,164790272,14242864,532418560,1018101760
findling-rss 1788566294,344940544,165146624,14270728,526426112,1018101760
findling-rss 1788566299,350818304,164835328,14255744,531972096,1018101760
findling-rss 1788566304,350875648,164823040,14274368,532201472,1018101760
findling-rss 1788566309,281362432,164851712,14286864,461864960,1018101760
findling-rss 1788566314,350392320,164716544,14217696,531206144,1018101760
findling-rss 1788566319,350248960,164708352,14236112,531435520,1018101760
findling-rss 1788566324,245706752,164745216,14141904,420589568,1018101760
findling-rss 1788566329,350773248,164769792,14241536,531824640,1018101760
findling-rss 1788566334,350302208,164769792,14241832,531644416,1018101760
findling-rss 1788566339,351809536,164798464,14236032,532774912,1018101760
findling-rss 1788566344,348897280,164827136,14249120,529027072,1018101760
findling-rss 1788566349,350490624,164831232,14267624,531537920,1018101760
findling-rss 1788566354,350691328,164851712,14260376,531939328,1018101760
findling-rss 1788566359,335224832,164888576,14273824,516411392,1018101760
findling-rss 1788566364,349634560,164888576,14291920,530853888,1018101760
findling-rss 1788566369,354078720,164737024,14222224,535183360,1018101760
findling-rss 1788566374,299732992,164769792,14238632,480698368,1018101760
findling-rss 1788566379,350248960,164769792,14253032,531222528,1018101760
findling-rss 1788566384,350765056,164794368,14246160,532107264,1018101760
findling-rss 1788566389,218902528,164470784,14150416,399212544,1018101760
findling-rss 1788566394,350654464,164823040,14276712,531914752,1018101760
findling-rss 1788566399,351322112,164855808,14116504,532389888,1018101760
findling-rss 1788566404,351399936,164843520,14135328,532529152,1018101760
findling-rss 1788566409,343924736,164884480,14148752,524087296,1018101760
findling-rss 1788566414,351739904,169500672,14267616,537645056,1018101760
findling-rss 1788566419,360947712,169500672,14266848,546865152,1018101760
findling-rss 1788566425,347189248,169500672,14264176,532996096,1018101760
findling-rss 1788566430,363249664,169500672,14264408,548909056,1018101760
findling-rss 1788566435,365846528,169500672,14264024,551510016,1018101760
findling-rss 1788566440,309346304,169500672,14260928,495181824,1018101760
findling-rss 1788566445,354021376,169500672,14264408,539680768,1018101760
findling-rss 1788566450,364351488,169500672,14264408,550277120,1018101760
findling-rss 1788566455,364855296,169500672,14264224,550809600,1018101760
findling-rss 1788566460,365211648,169500672,14264024,551288832,1018101760
findling-rss 1788566465,270991360,164933632,14035800,451710976,1018101760
findling-rss 1788566470,350240768,164794368,14226864,531361792,1018101760
findling-rss 1788566475,350920704,164790272,14245616,532180992,1018101760
findling-rss 1788566480,353628160,164827136,14239384,534765568,1018101760
findling-rss 1788566485,335294464,164855808,14251520,516415488,1018101760
findling-rss 1788566490,351178752,164851712,14270864,532348928,1018101760
findling-rss 1788566495,351035392,164884480,14265040,532426752,1018101760
findling-rss 1788566500,270995456,164913152,14173432,451915776,1018101760
findling-rss 1788566505,350453760,164909056,14297488,531955712,1018101760
findling-rss 1788566510,350519296,164933632,14291552,531927040,1018101760
findling-rss 1788566515,218927104,164614144,14182888,399200256,1018101760
findling-rss 1788566520,349851648,164962304,14322104,531329024,1018101760
findling-rss 1788566525,350887936,164827136,14233312,531832832,1018101760
findling-rss 1788566530,351064064,164827136,14189488,532426752,1018101760
findling-rss 1788566535,335302656,164855808,14201424,516710400,1018101760
findling-rss 1788566540,351105024,164884480,14195192,532467712,1018101760
findling-rss 1788566545,350941184,164876288,14213472,532230144,1018101760
findling-rss 1788566550,289394688,164904960,14225848,472154112,1018101760
findling-rss 1788566555,412876800,164728832,14210496,593866752,1018101760
findling-rss 1788566560,350580736,164941824,14235192,531726336,1018101760
findling-rss 1788566565,353939456,164974592,14229096,535339008,1018101760
findling-rss 1788566570,335286272,165007360,14241576,516694016,1018101760
findling-rss 1788566575,350539776,165011456,14260192,532094976,1018101760
findling-rss 1788566580,350478336,164868096,14236216,531832832,1018101760
findling-rss 1788566585,299450368,164896768,14249664,480546816,1018101760
findling-rss 1788566590,350699520,164896768,14267152,532226048,1018101760
findling-rss 1788566595,351776768,164921344,14229808,533200896,1018101760
findling-rss 1788566600,271011840,164966400,14135936,452059136,1018101760
findling-rss 1788566605,350670848,164954112,14260176,532230144,1018101760
findling-rss 1788566610,350425088,164982784,14254352,532062208,1018101760
findling-rss 1788566615,336347136,164986880,14272968,535183360,1018101760
findling-rss 1788566620,349761536,165023744,14284856,531034112,1018101760
findling-rss 1788566625,350175232,165044224,14279104,531558400,1018101760
findling-rss 1788566630,352182272,165040128,14297176,533880832,1018101760
findling-rss 1788566635,335314944,164904960,14259584,516481024,1018101760
findling-rss 1788566640,350642176,164929536,14252856,532111360,1018101760
findling-rss 1788566645,351531008,164933632,14272400,532836352,1018101760
findling-rss 1788566650,326606848,164966400,14285760,507809792,1018101760
findling-rss 1788566655,350703616,164999168,14277808,532185088,1018101760
findling-rss 1788566660,351784960,164986880,14265576,533372928,1018101760
findling-rss 1788566665,271028224,165015552,14172616,452227072,1018101760
findling-rss 1788566670,350830592,165040128,14271440,532008960,1018101760
findling-rss 1788566675,354656256,165056512,14294936,536330240,1018101760
findling-rss 1788566680,351059968,165085184,14285224,532647936,1018101760
findling-rss 1788566685,350191616,164941824,14246056,531537920,1018101760
findling-rss 1788566690,350871552,164941824,14255128,532049920,1018101760
findling-rss 1788566695,352198656,164958208,14248856,533688320,1018101760
findling-rss 1788566700,335314944,164999168,14261240,516579328,1018101760
findling-rss 1788566705,351129600,164995072,14279176,532574208,1018101760
findling-rss 1788566710,350777344,165027840,14273016,532418560,1018101760
findling-rss 1788566715,326643712,165056512,14285920,508125184,1018101760
findling-rss 1788566720,350105600,165056512,14304312,531976192,1018101760
findling-rss 1788566725,351395840,165089280,14298104,532713472,1018101760
findling-rss 1788566730,218968064,164761600,14191272,399376384,1018101760
findling-rss 1788566735,350957568,165117952,14329424,532533248,1018101760
findling-rss 1788566740,315686912,164978688,14326736,497020928,1018101760
findling-rss 1788566745,349048832,164970496,14344360,530509824,1018101760
findling-rss 1788566750,351043584,165007360,14338760,532656128,1018101760
findling-rss 1788566755,348512256,165036032,14351848,529928192,1018101760
findling-rss 1788566760,349290496,165036032,14369696,531013632,1018101760
findling-rss 1788566765,351457280,165052416,14363288,532987904,1018101760
findling-rss 1788566770,333910016,165093376,14376848,515338240,1018101760
findling-rss 1788566775,349663232,165097472,14394264,531226624,1018101760
findling-rss 1788566780,349298688,165117952,14388240,530878464,1018101760
findling-rss 1788566785,269623296,165142528,14265208,450609152,1018101760
findling-rss 1788566790,348561408,165498880,14402040,530333696,1018101760
findling-rss 1788566795,359284736,165498880,14402040,541118464,1018101760
findling-rss 1788566800,217571328,165015552,14239768,450727936,1018101760
findling-rss 1788566805,348643328,165044224,14346832,530366464,1018101760
findling-rss 1788566810,349683712,165044224,14365448,531476480,1018101760
findling-rss 1788566815,350310400,165064704,14358520,531689472,1018101760
findling-rss 1788566820,333942784,165097472,14372512,515514368,1018101760
findling-rss 1788566825,349372416,165097472,14389176,531005440,1018101760
findling-rss 1788566830,349233152,165126144,14383472,531013632,1018101760
findling-rss 1788566835,278110208,165150720,14394000,459112448,1018101760
findling-rss 1788566840,349863936,165154816,14414088,531312640,1018101760
findling-rss 1788566845,349577216,165179392,14408104,531316736,1018101760
findling-rss 1788566850,217591808,164835328,14320960,403312640,1018101760
findling-rss 1788566855,348635136,165044224,14356304,530259968,1018101760
findling-rss 1788566860,349835264,165068800,14348784,531595264,1018101760
findling-rss 1788566865,350887936,165072896,14367264,532529152,1018101760
findling-rss 1788566870,333955072,165101568,14379712,515756032,1018101760
findling-rss 1788566875,349323264,165130240,14373624,531001344,1018101760
findling-rss 1788566880,349597696,165126144,14391992,531496960,1018101760
findling-rss 1788566885,325267456,165163008,14402096,506966016,1018101760
findling-rss 1788566890,350191616,165183488,14395936,532013056,1018101760
findling-rss 1788566895,352411648,165187584,14413624,534167552,1018101760
findling-rss 1788566900,253341696,164859904,14335072,434290688,1018101760
findling-rss 1788566905,350523392,165085184,14368008,532172800,1018101760
findling-rss 1788566910,350498816,165064704,14384344,532217856,1018101760
findling-rss 1788566915,353169408,165097472,14379040,534962176,1018101760
findling-rss 1788566920,335093760,165117952,14390864,516616192,1018101760
findling-rss 1788566925,350494720,165122048,14408552,532332544,1018101760
findling-rss 1788566930,351047680,165167104,14403760,532848640,1018101760
findling-rss 1788566935,280686592,165187584,14416712,461918208,1018101760
findling-rss 1788566940,350801920,165183488,14434472,532754432,1018101760
findling-rss 1788566945,353427456,166977536,14477784,537088000,1018101760
findling-rss 1788566950,361484288,166977536,14476288,545173504,1018101760
findling-rss 1788566955,362401792,166977536,14476288,545832960,1018101760
findling-rss 1788566960,362676224,166977536,14476288,546385920,1018101760
findling-rss 1788566965,243081216,166977536,14380136,466927616,1018101760
findling-rss 1788566970,350126080,165257216,14442216,531894272,1018101760
findling-rss 1788566975,352436224,165257216,14465288,534528000,1018101760
findling-rss 1788566980,352985088,165109760,14265736,534261760,1018101760
findling-rss 1788566985,326438912,165142528,14278024,507879424,1018101760
findling-rss 1788566990,350584832,165855232,14316136,532975616,1018101760
findling-rss 1788566995,360505344,165855232,14316136,543039488,1018101760
findling-rss 1788567000,299409408,165171200,14291520,480899072,1018101760
findling-rss 1788567005,350646272,165167104,14309968,532344832,1018101760
findling-rss 1788567010,350699520,165195776,14303080,532443136,1018101760
findling-rss 1788567015,270868480,165220352,14209328,452255744,1018101760
findling-rss 1788567020,350425088,165228544,14334008,532238336,1018101760
findling-rss 1788567025,350425088,165253120,14328080,532279296,1018101760
findling-rss 1788567030,218796032,164933632,14219392,399396864,1018101760
findling-rss 1788567036,350982144,165281792,14358880,532946944,1018101760
findling-rss 1788567041,353718272,165150720,14374784,535400448,1018101760
findling-rss 1788567046,353230848,165142528,14392792,535093248,1018101760
findling-rss 1788567051,335163392,165167104,14405496,517013504,1018101760
findling-rss 1788567056,353402880,165199872,14398768,535277568,1018101760
findling-rss 1788567061,350101504,165187584,14417072,531759104,1018101760
findling-rss 1788567066,309080064,165228544,14430104,490618880,1018101760
findling-rss 1788567071,350834688,165261312,14423992,532578304,1018101760
findling-rss 1788567076,350154752,165265408,14442472,532340736,1018101760
findling-rss 1788567081,218828800,164933632,14337112,399568896,1018101760
findling-rss 1788567086,349872128,165314560,14448472,531853312,1018101760
findling-rss 1788567091,350982144,165322752,14466792,532979712,1018101760
findling-rss 1788567096,350228480,165175296,14376904,531984384,1018101760
findling-rss 1788567101,335212544,165195776,14394976,516804608,1018101760
findling-rss 1788567106,351354880,165208064,14412504,533258240,1018101760
findling-rss 1788567111,351367168,165249024,14313432,533049344,1018101760
findling-rss 1788567116,326553600,165281792,14325888,508305408,1018101760
findling-rss 1788567121,350408704,165273600,14343984,532254720,1018101760
findling-rss 1788567126,351817728,165306368,14338160,533467136,1018101760
findling-rss 1788567131,270938112,165330944,14243888,452476928,1018101760
findling-rss 1788567136,350633984,165330944,14368144,532529152,1018101760
findling-rss 1788567141,350756864,165363712,14361848,532525056,1018101760
findling-rss 1788567146,350085120,165355520,14381168,531976192,1018101760
findling-rss 1788567151,349847552,165212160,14404496,530448384,1018101760
findling-rss 1788567156,350752768,165244928,14394736,532783104,1018101760
findling-rss 1788567161,350863360,165244928,14414328,532496384,1018101760
findling-rss 1788567166,335257600,165277696,14426104,517140480,1018101760
findling-rss 1788567171,351571968,165298176,14419784,533381120,1018101760
findling-rss 1788567176,350486528,165302272,14437992,532578304,1018101760
findling-rss 1788567181,270966784,165330944,14344672,452399104,1018101760
findling-rss 1788567186,351330304,165363712,14445392,533204992,1018101760
findling-rss 1788567191,351010816,165363712,14462584,532996096,1018101760
findling-rss 1788567196,350502912,165388288,14456128,532688896,1018101760
findling-rss 1788567201,335265792,165249024,14387088,517021696,1018101760
findling-rss 1788567206,350187520,165244928,14405232,532008960,1018101760
findling-rss 1788567211,353796096,165273600,14398752,535678976,1018101760
findling-rss 1788567216,302235648,165310464,14411624,482922496,1018101760
findling-rss 1788567221,350396416,165306368,14430048,532307968,1018101760
findling-rss 1788567226,349847552,165330944,14423864,531738624,1018101760
findling-rss 1788567231,261681152,165359616,14327168,442118144,1018101760
findling-rss 1788567236,350453760,165367808,14453848,532475904,1018101760
findling-rss 1788567241,354410496,165388288,14448184,536449024,1018101760
findling-rss 1788567246,351039488,165388288,14466440,533102592,1018101760
findling-rss 1788567251,348205056,165421056,14479120,530243584,1018101760
findling-rss 1788567256,351674368,165281792,14391992,533610496,1018101760
findling-rss 1788567261,350556160,165285888,14410048,532398080,1018101760
findling-rss 1788567266,335298560,165318656,14423928,517308416,1018101760
findling-rss 1788567271,350191616,165343232,14417336,531931136,1018101760
findling-rss 1788567276,353767424,165339136,14438712,535494656,1018101760
findling-rss 1788567281,270991360,166772736,14380392,454057984,1018101760
findling-rss 1788567286,360333312,166772736,14485808,543973376,1018101760
findling-rss 1788567291,361283584,166772736,14485104,544813056,1018101760
findling-rss 1788567296,338481152,166772736,14485120,521740288,1018101760
findling-rss 1788567301,350826496,165408768,14442544,533053440,1018101760
findling-rss 1788567306,350568448,165408768,14461296,532758528,1018101760
findling-rss 1788567311,280535040,165441536,14473928,462454784,1018101760
findling-rss 1788567316,349523968,165462016,14466416,531750912,1018101760
findling-rss 1788567321,350371840,165462016,14485368,532430848,1018101760
findling-rss 1788567326,325222400,165322752,14396680,507105280,1018101760
findling-rss 1788567331,350396416,165359616,14409720,532107264,1018101760
findling-rss 1788567336,350728192,165363712,14427944,532746240,1018101760
findling-rss 1788567341,353189888,165388288,14422808,535023616,1018101760
findling-rss 1788567346,326598656,165416960,14434264,508407808,1018101760
findling-rss 1788567351,350638080,165412864,14452568,532836352,1018101760
findling-rss 1788567356,350330880,165433344,14446272,532078592,1018101760
findling-rss 1788567361,271011840,165470208,14350184,452800512,1018101760
findling-rss 1788567366,350965760,165470208,14476768,533221376,1018101760
findling-rss 1788567371,351322112,165494784,14470704,533475328,1018101760
findling-rss 1788567376,325058560,165502976,14489024,507179008,1018101760
findling-rss 1788567381,349130752,165363712,14420792,530944000,1018101760
findling-rss 1788567386,351088640,165396480,14414192,533172224,1018101760
findling-rss 1788567391,350588928,165396480,14432656,532713472,1018101760
findling-rss 1788567396,326606848,165425152,14445240,508674048,1018101760
findling-rss 1788567401,352776192,165457920,14442744,534822912,1018101760
findling-rss 1788567406,351031296,165457920,14460568,532934656,1018101760
findling-rss 1788567411,218943488,165130240,14355480,400060416,1018101760
findling-rss 1788567416,349601792,165498880,14466432,531431424,1018101760
findling-rss 1788567421,351625216,165511168,14485496,533778432,1018101760
findling-rss 1788567426,352665600,165539840,14479040,534999040,1018101760
findling-rss 1788567431,335319040,165392384,14411080,517320704,1018101760
findling-rss 1788567436,350392320,165400576,14428336,532615168,1018101760
findling-rss 1788567441,351223808,165429248,14422944,533389312,1018101760
findling-rss 1788567446,298139648,165457920,14435848,479846400,1018101760
findling-rss 1788567451,350961664,165453824,14454176,532856832,1018101760
findling-rss 1788567456,351473664,165486592,14447808,533544960,1018101760
findling-rss 1788567461,218980352,165158912,14339896,400195584,1018101760
findling-rss 1788567466,350797824,165515264,14475080,532832256,1018101760
findling-rss 1788567471,351375360,165539840,14469080,533409792,1018101760
findling-rss 1788567476,351395840,165543936,14486904,533741568,1018101760
findling-rss 1788567481,349937664,165568512,14499472,531038208,1018101760
findling-rss 1788567486,351055872,165429248,14411432,533295104,1018101760
findling-rss 1788567491,354316288,165421056,14429960,536453120,1018101760
findling-rss 1788567496,335368192,165445632,14442008,517373952,1018101760
findling-rss 1788567501,350429184,165482496,14435792,532480000,1018101760
findling-rss 1788567506,350822400,165478400,14454416,533106688,1018101760
findling-rss 1788567511,282513408,165507072,14467072,464400384,1018101760
findling-rss 1788567516,350654464,165543936,14460232,532688896,1018101760
findling-rss 1788567521,350949376,165543936,14478392,533241856,1018101760
findling-rss 1788567526,350617600,165568512,14472416,532979712,1018101760
findling-rss 1788567531,350662656,165597184,14485344,532668416,1018101760
findling-rss 1788567536,333197312,165568512,14502072,515289088,1018101760
findling-rss 1788567541,353636352,165457920,14416504,535912448,1018101760
findling-rss 1788567546,326692864,165482496,14428704,508637184,1018101760
findling-rss 1788567551,350978048,165486592,14447440,533045248,1018101760
findling-rss 1788567556,315789312,165511168,14516904,497807360,1018101760
findling-rss 1788567561,349757440,165502976,14534640,532103168,1018101760
findling-rss 1788567566,269684736,165543936,14441472,451633152,1018101760
findling-rss 1788567571,348467200,165556224,14540752,530722816,1018101760
findling-rss 1788567576,349442048,165564416,14563256,531722240,1018101760
findling-rss 1788567581,349302784,165605376,14554016,531750912,1018101760
findling-rss 1788567586,333983744,165625856,14565720,516300800,1018101760
findling-rss 1788567591,349151232,165625856,14584976,531582976,1018101760
findling-rss 1788567596,349450240,165478400,14495512,531496960,1018101760
findling-rss 1788567601,299802624,165527552,14508272,481837056,1018101760
findling-rss 1788567606,351903744,165531648,14526536,534241280,1018101760
findling-rss 1788567611,352788480,165556224,14521008,534962176,1018101760
findling-rss 1788567616,217649152,165232640,14411552,398745600,1018101760
findling-rss 1788567621,348790784,165580800,14551040,531025920,1018101760
findling-rss 1788567626,349663232,165617664,14545192,532176896,1018101760
findling-rss 1788567631,350216192,165613568,14563560,532656128,1018101760
findling-rss 1788567636,334032896,165646336,14575872,516415488,1018101760
findling-rss 1788567641,352866304,165683200,14569624,534564864,1018101760
findling-rss 1788567646,351485952,165666816,14587136,533843968,1018101760
findling-rss 1788567651,269746176,165527552,14413624,451592192,1018101760
findling-rss 1788567656,349564928,165560320,14513056,531701760,1018101760
findling-rss 1788567661,350294016,165548032,14531744,532242432,1018101760
findling-rss 1788567666,350511104,165588992,14525736,532750336,1018101760
findling-rss 1788567671,346284032,165613568,14537440,528609280,1018101760
findling-rss 1788567676,349536256,165621760,14556208,531738624,1018101760
findling-rss 1788567681,349569024,165638144,14549064,532000768,1018101760
findling-rss 1788567687,334032896,165670912,14562128,516493312,1018101760
findling-rss 1788567692,349663232,165670912,14580248,532135936,1018101760
findling-rss 1788567697,349827072,165707776,14541720,532275200,1018101760
findling-rss 1788567702,274980864,238571520,16720152,532381696,1018101760
findling-rss 1788567707,349601792,165556224,14525560,531738624,1018101760
findling-rss 1788567712,349491200,165584896,14519600,531845120,1018101760
findling-rss 1788567717,217673728,165265408,14410664,398942208,1018101760
findling-rss 1788567722,348971008,165621760,14550624,531226624,1018101760
findling-rss 1788567727,350068736,165642240,14544328,532279296,1018101760
findling-rss 1788567732,349290496,167755776,14621984,533991424,1018101760
findling-rss 1788567737,359055360,167755776,14619848,543375360,1018101760
findling-rss 1788567742,360824832,167755776,14619832,545611776,1018101760
findling-rss 1788567747,361533440,167755776,14619832,546144256,1018101760
findling-rss 1788567752,360587264,167755776,14620216,545042432,1018101760
findling-rss 1788567757,351510528,165691392,14555544,533934080,1018101760
findling-rss 1788567762,349892608,165699584,14573504,532525056,1018101760
findling-rss 1788567767,334041088,165752832,14586120,516489216,1018101760
findling-rss 1788567772,349339648,165785600,14580160,531836928,1018101760
findling-rss 1788567777,349831168,165789696,14597848,532533248,1018101760
findling-rss 1788567782,298217472,167034880,14567624,481902592,1018101760
findling-rss 1788567787,359559168,167034880,14565952,543313920,1018101760
findling-rss 1788567792,360894464,167034880,14566608,544886784,1018101760
findling-rss 1788567797,345993216,167034880,14565952,529670144,1018101760
findling-rss 1788567802,350355456,165675008,14523368,532566016,1018101760
findling-rss 1788567807,350785536,165683200,14543136,533200896,1018101760
findling-rss 1788567812,269803520,165707776,14448728,451764224,1018101760
findling-rss 1788567817,349351936,165732352,14548496,531795968,1018101760
findling-rss 1788567822,352956416,165736448,14567112,535363584,1018101760
findling-rss 1788567827,350195712,165765120,14560232,532897792,1018101760
findling-rss 1788567832,348438528,165789696,14572952,530964480,1018101760
findling-rss 1788567837,349478912,165801984,14591888,531988480,1018101760
findling-rss 1788567842,350236672,165826560,14585840,532893696,1018101760
findling-rss 1788567847,334110720,165691392,14516960,516263936,1018101760
findling-rss 1788567852,348639232,165691392,14534264,531075072,1018101760
findling-rss 1788567857,350412800,165715968,14527520,532664320,1018101760
findling-rss 1788567862,334131200,165752832,14540832,516505600,1018101760
findling-rss 1788567867,352694272,165761024,14558248,535216128,1018101760
findling-rss 1788567872,351760384,165777408,14552360,534216704,1018101760
findling-rss 1788567877,259665920,165801984,14471096,440635392,1018101760
findling-rss 1788567882,348938240,165810176,14583288,531677184,1018101760
findling-rss 1788567887,349700096,165838848,14577512,532324352,1018101760
findling-rss 1788567892,230215680,165842944,14500056,452452352,1018101760
findling-rss 1788567897,348409856,166207488,14618152,531300352,1018101760
findling-rss 1788567902,361070592,166207488,14617880,544071680,1018101760
findling-rss 1788567907,352677888,165728256,14520720,535089152,1018101760
findling-rss 1788567912,334159872,165761024,14158392,516263936,1018101760
findling-rss 1788567917,350158848,165769216,14176848,532312064,1018101760
findling-rss 1788567922,350150656,165793792,14171048,532357120,1018101760
findling-rss 1788567927,281554944,165822464,14183432,463585280,1018101760
findling-rss 1788567932,349204480,165822464,14201712,531443712,1018101760
findling-rss 1788567937,349609984,165847040,14195800,532017152,1018101760
findling-rss 1788567942,217817088,165523456,14087024,398868480,1018101760
findling-rss 1788567947,348893184,165871616,14225464,531120128,1018101760
findling-rss 1788567952,349728768,165904384,14220120,532029440,1018101760
findling-rss 1788567957,351186944,165900288,14235440,533319680,1018101760
findling-rss 1788567962,334188544,165769216,14543416,516378624,1018101760
findling-rss 1788567967,349769728,165806080,14536776,532144128,1018101760
findling-rss 1788567972,349409280,165801984,14554664,532074496,1018101760
findling-rss 1788567977,334184448,165822464,14566968,516644864,1018101760
findling-rss 1788567982,349175808,165851136,14540912,531681280,1018101760
findling-rss 1788567987,352878592,165855232,14559528,535691264,1018101760
findling-rss 1788567992,279146496,165879808,14572048,460988416,1018101760
findling-rss 1788567997,348827648,165916672,14568688,531435520,1018101760
findling-rss 1788568002,349736960,165912576,14586944,532402176,1018101760
findling-rss 1788568007,350457856,165941248,14580600,532852736,1018101760
findling-rss 1788568012,346476544,165806080,14531936,528711680,1018101760
findling-rss 1788568017,349405184,165801984,14550248,531886080,1018101760
findling-rss 1788568022,350359552,165834752,14543784,533118976,1018101760
findling-rss 1788568027,325537792,165859328,14555904,508108800,1018101760
findling-rss 1788568032,349749248,165863424,14575112,532422656,1018101760
findling-rss 1788568037,349798400,165888000,14568248,532467712,1018101760
findling-rss 1788568042,269959168,165920768,14474312,452395008,1018101760
findling-rss 1788568047,349585408,165920768,14598752,532201472,1018101760
findling-rss 1788568052,352264192,165953536,14593176,535048192,1018101760
findling-rss 1788568057,349925376,165957632,14604352,532615168,1018101760
findling-rss 1788568062,334278656,165986304,14616920,517054464,1018101760
findling-rss 1788568067,349716480,165842944,14532040,532213760,1018101760
findling-rss 1788568072,350199808,165842944,14550408,532897792,1018101760
findling-rss 1788568077,283635712,165867520,14563336,464023552,1018101760
findling-rss 1788568082,349769728,165900288,14556768,532295680,1018101760
findling-rss 1788568087,349736960,165900288,14575000,532267008,1018101760
findling-rss 1788568092,254947328,165928960,14481224,435912704,1018101760
findling-rss 1788568097,349343744,165957632,14580976,531931136,1018101760
findling-rss 1788568102,350433280,165945344,14598872,533172224,1018101760
findling-rss 1788568107,349753344,165978112,14593384,532647936,1018101760
findling-rss 1788568112,347238400,166010880,14605840,530108416,1018101760
findling-rss 1788568117,349622272,166002688,14624504,532713472,1018101760
findling-rss 1788568122,349143040,165867520,14536752,531632128,1018101760
findling-rss 1788568127,334286848,165904384,14549272,516603904,1018101760
findling-rss 1788568132,349241344,165900288,14567272,531877888,1018101760
findling-rss 1788568137,334307328,165908480,14560808,516845568,1018101760
findling-rss 1788568142,300216320,165965824,14574560,482754560,1018101760
findling-rss 1788568147,349794304,165953536,14591872,532672512,1018101760
findling-rss 1788568152,351784960,165994496,14582792,534511616,1018101760
findling-rss 1788568157,231043072,166027264,14490344,406925312,1018101760
findling-rss 1788568162,349786112,166027264,14616792,532721664,1018101760
findling-rss 1788568167,349892608,166051840,14611136,532799488,1018101760
findling-rss 1788568172,350720000,166047744,14629120,533581824,1018101760
findling-rss 1788568177,334290944,165912576,14540000,516714496,1018101760
findling-rss 1788568182,349933568,165937152,14529496,532717568,1018101760
findling-rss 1788568187,350117888,165937152,14548000,532779008,1018101760
findling-rss 1788568192,325586944,165961728,14560064,508313600,1018101760
findling-rss 1788568197,349478912,165986304,14553944,531935232,1018101760
findling-rss 1788568202,349974528,165990400,14572208,532930560,1018101760
findling-rss 1788568207,270004224,166023168,14479496,452235264,1018101760
findling-rss 1788568212,349126656,166047744,14578976,531963904,1018101760
findling-rss 1788568217,350892032,166043648,14597368,533417984,1018101760
findling-rss 1788568222,351092736,166076416,14591136,534040576,1018101760
findling-rss 1788568227,334319616,165941248,14545624,516833280,1018101760
findling-rss 1788568232,350355456,165933056,14564200,532926464,1018101760
findling-rss 1788568237,349790208,165965824,14557336,532307968,1018101760
findling-rss 1788568242,308178944,165990400,14569856,490770432,1018101760
findling-rss 1788568247,350457856,165990400,14588408,533082112,1018101760
findling-rss 1788568252,349548544,166014976,14264256,531808256,1018101760
findling-rss 1788568257,270012416,166060032,14170952,452161536,1018101760
findling-rss 1788568262,349343744,166043648,14294944,531824640,1018101760
findling-rss 1788568267,349618176,166072320,14289432,531963904,1018101760
findling-rss 1788568272,217939968,165752832,14180048,399560704,1018101760
findling-rss 1788568277,349265920,166105088,14319192,532037632,1018101760
findling-rss 1788568282,349814784,165969920,14549576,532578304,1018101760
findling-rss 1788568287,349630464,165961728,14521128,532250624,1018101760
findling-rss 1788568292,345305088,165994496,14533536,527642624,1018101760
findling-rss 1788568297,349941760,166031360,14530512,532742144,1018101760
findling-rss 1788568302,352907264,166014976,14548840,535728128,1018101760
findling-rss 1788568307,334303232,166051840,14561496,517013504,1018101760
findling-rss 1788568312,349794304,166088704,14555376,532529152,1018101760
findling-rss 1788568317,351232000,166080512,14573904,533766144,1018101760
findling-rss 1788568322,270020608,166105088,14479360,452448256,1018101760
findling-rss 1788568328,349155328,166141952,14580648,532000768,1018101760
findling-rss 1788568333,350101504,166133760,14598136,532807680,1018101760
findling-rss 1788568338,351096832,165998592,14558152,533737472,1018101760
findling-rss 1788568343,346640384,166023168,14570088,529141760,1018101760
findling-rss 1788568348,349962240,166027264,14588544,532615168,1018101760
findling-rss 1788568353,350334976,166060032,14582968,533094400,1018101760
findling-rss 1788568358,334323712,166076416,14592944,516837376,1018101760
findling-rss 1788568363,350076928,166084608,14610968,533012480,1018101760
findling-rss 1788568368,315400192,166113280,14707264,498323456,1018101760
findling-rss 1788568373,352870400,166109184,14725360,535961600,1018101760
findling-rss 1788568378,250728448,166117376,14630640,432275456,1018101760
findling-rss 1788568383,349814784,166170624,14731448,532856832,1018101760
findling-rss 1788568388,349315072,166174720,14750040,532426752,1018101760
findling-rss 1788568393,350863360,166039552,14661728,533860352,1018101760
findling-rss 1788568398,334086144,166060032,14673912,516812800,1018101760
findling-rss 1788568403,353116160,166060032,14691056,535752704,1018101760
findling-rss 1788568408,349757440,166092800,14685280,532615168,1018101760
findling-rss 1788568413,296660992,166125568,14697976,479608832,1018101760
findling-rss 1788568418,349347840,166113280,14716528,532152320,1018101760
findling-rss 1788568423,349274112,166154240,14710912,532320256,1018101760
findling-rss 1788568428,256831488,166187008,14614440,438362112,1018101760
findling-rss 1788568433,348770304,166182912,14741304,531881984,1018101760
findling-rss 1788568438,349511680,166207488,14735504,532459520,1018101760
findling-rss 1788568443,349310976,166203392,14753104,532615168,1018101760
findling-rss 1788568448,334467072,166064128,14685800,516759552,1018101760
findling-rss 1788568453,349413376,166096896,14679432,532140032,1018101760
findling-rss 1788568458,350216192,166100992,14696848,533262336,1018101760
findling-rss 1788568463,334139392,166121472,14709464,517009408,1018101760
findling-rss 1788568468,349523968,166158336,14703160,532480000,1018101760
findling-rss 1788568473,350134272,166150144,14721216,533327872,1018101760
findling-rss 1788568478,296132608,166182912,14738936,471846912,1018101760
findling-rss 1788568483,349638656,166219776,14620400,532623360,1018101760
findling-rss 1788568488,349937664,166211584,14638000,532656128,1018101760
findling-rss 1788568493,217763840,165888000,14533024,399724544,1018101760
findling-rss 1788568498,348405760,166096896,14670088,531202048,1018101760
findling-rss 1788568503,348950528,166096896,14688456,531857408,1018101760
findling-rss 1788568508,350191616,166121472,14681864,533364736,1018101760
findling-rss 1788568513,334123008,166158336,14394696,516902912,1018101760
findling-rss 1788568518,349548544,166158336,14413448,532385792,1018101760
findling-rss 1788568523,350384128,166203392,14407056,533274624,1018101760
findling-rss 1788568528,297152512,166223872,14420256,479559680,1018101760
findling-rss 1788568533,349409280,166219776,14437000,532402176,1018101760
findling-rss 1788568538,349163520,166256640,14432328,531894272,1018101760
findling-rss 1788568543,217776128,165928960,14327104,399712256,1018101760
findling-rss 1788568548,348577792,166281216,14462448,531259392,1018101760
findling-rss 1788568553,349614080,166141952,14674544,532570112,1018101760
findling-rss 1788568558,350928896,166141952,14692656,534110208,1018101760
findling-rss 1788568563,334163968,166174720,14705704,517120000,1018101760
findling-rss 1788568568,352600064,166195200,14699520,535658496,1018101760
findling-rss 1788568573,349966336,166199296,14718408,533151744,1018101760
findling-rss 1788568578,308076544,166236160,14560720,490876928,1018101760
findling-rss 1788568583,349356032,175718400,14813848,542044160,1018101760
findling-rss 1788568588,359358464,175718400,14813576,552161280,1018101760
findling-rss 1788568593,293326848,175718400,14813456,485888000,1018101760
findling-rss 1788568598,360673280,175718400,14816784,553390080,1018101760
findling-rss 1788568603,361566208,175718400,14816400,554348544,1018101760
findling-rss 1788568608,293302272,175718400,14817056,485654528,1018101760
findling-rss 1788568613,354631680,175718400,14782216,546516992,1018101760
findling-rss 1788568618,363016192,175718400,14782216,555544576,1018101760
findling-rss 1788568623,348573696,175718400,14782488,541323264,1018101760
findling-rss 1788568628,364298240,175718400,14778520,556810240,1018101760
findling-rss 1788568633,311599104,175718400,14779776,503984128,1018101760
findling-rss 1788568638,354672640,175718400,14779664,547344384,1018101760
findling-rss 1788568643,365817856,175718400,14512768,558223360,1018101760
findling-rss 1788568648,370634752,175718400,14512384,563261440,1018101760
findling-rss 1788568653,366739456,175718400,14512000,559247360,1018101760
findling-rss 1788568658,313806848,175718400,14509696,505950208,1018101760
findling-rss 1788568663,278351872,175718400,14403488,470343680,1018101760
findling-rss 1788568668,366620672,175718400,14509576,558891008,1018101760
findling-rss 1788568673,369086464,175718400,14509560,561430528,1018101760
findling-rss 1788568678,354512896,175718400,14509376,546840576,1018101760
findling-rss 1788568683,369487872,175718400,14509560,561852416,1018101760
findling-rss 1788568688,339607552,166268928,14450200,522481664,1018101760
findling-rss 1788568693,261349376,166342656,14467072,444116992,1018101760
findling-rss 1788568698,302063616,166363136,14459872,484724736,1018101760
findling-rss 1788568703,302821376,166371328,14478712,485687296,1018101760
findling-rss 1788568708,304287744,166227968,14679920,487010304,1018101760
findling-rss 1788568713,302231552,166252544,14692784,483737600,1018101760
findling-rss 1788568718,302907392,166252544,14711288,485900288,1018101760
findling-rss 1788568723,302882816,166277120,14704584,486031360,1018101760
findling-rss 1788568728,287485952,166313984,14716648,470253568,1018101760
findling-rss 1788568733,302759936,166305792,14735656,485621760,1018101760
findling-rss 1788568738,304820224,166342656,14729080,487878656,1018101760
findling-rss 1788568743,275267584,166367232,14635240,458084352,1018101760
findling-rss 1788568748,302661632,166363136,14760248,485552128,1018101760
findling-rss 1788568753,303349760,166400000,14754376,486461440,1018101760
findling-rss 1788568758,302944256,166400000,14772496,486277120,1018101760
findling-rss 1788568763,299294720,166252544,14702192,481718272,1018101760
findling-rss 1788568768,303996928,166281216,14695728,487178240,1018101760
findling-rss 1788568773,306311168,166285312,14714848,489185280,1018101760
findling-rss 1788568778,261386240,166301696,14729880,444583936,1018101760
findling-rss 1788568783,302821376,166330368,14720216,486113280,1018101760
findling-rss 1788568788,303398912,166342656,14739056,486502400,1018101760
findling-rss 1788568793,275304448,166375424,14644984,458153984,1018101760
findling-rss 1788568798,302137344,166391808,14745056,485326848,1018101760
findling-rss 1788568803,302723072,166387712,14763424,485879808,1018101760
findling-rss 1788568808,302764032,166420480,14757080,485949440,1018101760
findling-rss 1788568813,287559680,166281216,14687424,470704128,1018101760
findling-rss 1788568818,303403008,166273024,14705936,486375424,1018101760
findling-rss 1788568823,302444544,166297600,14699368,485482496,1018101760
findling-rss 1788568828,253485056,166334464,14711952,436563968,1018101760
findling-rss 1788568833,303538176,166338560,14729960,486875136,1018101760
findling-rss 1788568838,302555136,166354944,14723688,485642240,1018101760
findling-rss 1788568843,275320832,166395904,14627984,458301440,1018101760
findling-rss 1788568848,302792704,166400000,14754432,485978112,1018101760
findling-rss 1788568853,304128000,166424576,14748864,487325696,1018101760
findling-rss 1788568858,305733632,166420480,14767664,488947712,1018101760
findling-rss 1788568863,287555584,166445056,14779328,470519808,1018101760
findling-rss 1788568868,303153152,166322176,14691192,486125568,1018101760
findling-rss 1788568873,303362048,166313984,14708928,486547456,1018101760
findling-rss 1788568878,243920896,166354944,14721584,421597184,1018101760
findling-rss 1788568883,302231552,166383616,14714768,485457920,1018101760
findling-rss 1788568888,302882816,166383616,14734176,486281216,1018101760
findling-rss 1788568893,253534208,166424576,14640352,434995200,1018101760
findling-rss 1788568898,302866432,166449152,14744320,485900288,1018101760
findling-rss 1788568903,303132672,166449152,14763072,486141952,1018101760
findling-rss 1788568908,304283648,166473728,14755824,487325696,1018101760
findling-rss 1788568913,287608832,166502400,14769976,470827008,1018101760
findling-rss 1788568918,303013888,166506496,14787776,486555648,1018101760
findling-rss 1788568923,303071232,166354944,14699728,486293504,1018101760
findling-rss 1788568928,251854848,166395904,14712152,435015680,1018101760
findling-rss 1788568933,303349760,166395904,14730504,486424576,1018101760
findling-rss 1788568938,305209344,166416384,14720728,488423424,1018101760
findling-rss 1788568943,223326208,166096896,14616064,405716992,1018101760
findling-rss 1788568948,303104000,166457344,14755096,486199296,1018101760
findling-rss 1788568953,302927872,166469632,14748960,485953536,1018101760
findling-rss 1788568958,302694400,166473728,14764616,485990400,1018101760
findling-rss 1788568963,300400640,166498304,14777048,483803136,1018101760
findling-rss 1788568968,302538752,166535168,14770568,485957632,1018101760
findling-rss 1788568974,303005696,166531072,14789320,486203392,1018101760
findling-rss 1788568979,287625216,166395904,14720104,470728704,1018101760
findling-rss 1788568984,303013888,166432768,14713712,486404096,1018101760
findling-rss 1788568989,337129472,166400000,14731392,520585216,1018101760
findling-rss 1788568994,250118144,166445056,14745464,425132032,1018101760
findling-rss 1788568999,305008640,166469632,14736736,488185856,1018101760
findling-rss 1788569004,302604288,166481920,14755552,485867520,1018101760
findling-rss 1788569009,223326208,166158336,14651096,406089728,1018101760
findling-rss 1788569014,302317568,166539264,14762184,485523456,1018101760
findling-rss 1788569019,306147328,166539264,14780168,489512960,1018101760
findling-rss 1788569024,303534080,166572032,14774728,487124992,1018101760
findling-rss 1788569029,287633408,166428672,14706984,470740992,1018101760
findling-rss 1788569034,302755840,166436864,14725576,486268928,1018101760
findling-rss 1788569039,304082944,166457344,14718624,487432192,1018101760
findling-rss 1788569044,278949888,166502400,14731184,461283328,1018101760
findling-rss 1788569049,303702016,166490112,14750056,487067648,1018101760
findling-rss 1788569054,303206400,166522880,14743736,486596608,1018101760
findling-rss 1788569059,266100736,166539264,14649600,447254528,1018101760
findling-rss 1788569064,306388992,166551552,14774536,489754624,1018101760
findling-rss 1788569069,303136768,166576128,14768848,486682624,1018101760
findling-rss 1788569074,302649344,166576128,14786152,486060032,1018101760
findling-rss 1788569079,302415872,166604800,14802248,485826560,1018101760
findling-rss 1788569084,303054848,166465536,14710680,486289408,1018101760
findling-rss 1788569089,303427584,166469632,14729136,486752256,1018101760
findling-rss 1788569094,287666176,166498304,14740544,471126016,1018101760
findling-rss 1788569099,302637056,166522880,14734680,486039552,1018101760
findling-rss 1788569104,303751168,166526976,14753344,487190528,1018101760
findling-rss 1788569109,250212352,166555648,14766248,433655808,1018101760
findling-rss 1788569114,302743552,166588416,14759312,486055936,1018101760
findling-rss 1788569119,302829568,166584320,14777816,486428672,1018101760
findling-rss 1788569124,303120384,166612992,14771592,486703104,1018101760
findling-rss 1788569129,302362624,166629376,14784232,485867520,1018101760
findling-rss 1788569134,303001600,166641664,14802912,486707200,1018101760
findling-rss 1788569139,306294784,166494208,14716728,489750528,1018101760
findling-rss 1788569144,287674368,166539264,14729632,470929408,1018101760
findling-rss 1788569149,303419392,166526976,14747256,486666240,1018101760
findling-rss 1788569154,303759360,166559744,14741272,487149568,1018101760
findling-rss 1788569159,243269632,166596608,14754288,422375424,1018101760
findling-rss 1788569164,303190016,166588416,14772480,486502400,1018101760
findling-rss 1788569169,303308800,166617088,14766000,486772736,1018101760
findling-rss 1788569174,223371264,166293504,14657360,405757952,1018101760
findling-rss 1788569179,302477312,166641664,14795848,485904384,1018101760
findling-rss 1788569184,302981120,166666240,14789984,486690816,1018101760
findling-rss 1788569189,303239168,166678528,14808640,486772736,1018101760
findling-rss 1788569194,287666176,166539264,14740544,470900736,1018101760
findling-rss 1788569199,303108096,166559744,14736192,486526976,1018101760
findling-rss 1788569204,303104000,166563840,14755056,486637568,1018101760
findling-rss 1788569209,275439616,166592512,14661008,458366976,1018101760
findling-rss 1788569214,303116288,166621184,14761528,486514688,1018101760
findling-rss 1788569219,304889856,166621184,14779376,488218624,1018101760
findling-rss 1788569224,223371264,166309888,14675192,406069248,1018101760
findling-rss 1788569229,302493696,166694912,14785984,485842944,1018101760
findling-rss 1788569234,305242112,166694912,14804736,489025536,1018101760
findling-rss 1788569239,317976576,166723584,14900688,501678080,1018101760
findling-rss 1788569244,351129600,166715392,14919488,535064576,1018101760
findling-rss 1788569249,334147584,166572032,14849048,517767168,1018101760
findling-rss 1788569254,349827072,166600704,14839904,533250048,1018101760
findling-rss 1788569259,350527488,166604800,14842096,533860352,1018101760
findling-rss 1788569264,283947008,166637568,14855384,465088512,1018101760
findling-rss 1788569269,349290496,166662144,14462952,532455424,1018101760
findling-rss 1788569274,349863936,166658048,14481072,533299200,1018101760
findling-rss 1788569279,217817088,166334464,14376752,400076800,1018101760
findling-rss 1788569284,349413376,166711296,14486936,532721664,1018101760
findling-rss 1788569289,336887808,167878656,14538744,521392128,1018101760
findling-rss 1788569294,349626368,166748160,14500360,533282816,1018101760
findling-rss 1788569299,334204928,166600704,14832472,517804032,1018101760
findling-rss 1788569304,350281728,166600704,14747304,533835776,1018101760
findling-rss 1788569309,350130176,166633472,14741840,533741568,1018101760
findling-rss 1788569314,269922304,166658048,14647592,453046272,1018101760
findling-rss 1788569319,349626368,166662144,14772432,533282816,1018101760
findling-rss 1788569324,349884416,166694912,14767384,533282816,1018101760
findling-rss 1788569329,350806016,166682624,14784216,534528000,1018101760
findling-rss 1788569334,348950528,166715392,14797168,532688896,1018101760
findling-rss 1788569339,350453760,166744064,14790640,534102016,1018101760
findling-rss 1788569344,349442048,166744064,14809600,533008384,1018101760
findling-rss 1788569349,334200832,166776832,14821576,517832704,1018101760
findling-rss 1788569354,349650944,166629376,14836192,533467136,1018101760
findling-rss 1788569359,352886784,166621184,14853544,536576000,1018101760
findling-rss 1788569364,297566208,166658048,14869312,480858112,1018101760
findling-rss 1788569369,350113792,166686720,14625816,533639168,1018101760
findling-rss 1788569374,350568448,166682624,14643392,533934080,1018101760
findling-rss 1788569379,252432384,166707200,14553304,434278400,1018101760
findling-rss 1788569384,349011968,166739968,14649656,532418560,1018101760
findling-rss 1788569389,348786688,166735872,14667760,532398080,1018101760
findling-rss 1788569394,353144832,166772736,14661640,536698880,1018101760
findling-rss 1788569399,347197440,166797312,14674248,530640896,1018101760
findling-rss 1788569404,349458432,166801408,14692464,533188608,1018101760
findling-rss 1788569409,353484800,166645760,14842528,537202688,1018101760
findling-rss 1788569414,308137984,166678528,14855496,487804928,1018101760
findling-rss 1788569419,349028352,166682624,14873688,532721664,1018101760
findling-rss 1788569424,349548544,166703104,14867888,533004288,1018101760
findling-rss 1788569429,237924352,166739968,14599208,413749248,1018101760
findling-rss 1788569434,349171712,166735872,14725936,532795392,1018101760
findling-rss 1788569439,349315072,166772736,14720632,532754432,1018101760
findling-rss 1788569444,351174656,166768640,14738888,534913024,1018101760
findling-rss 1788569449,348086272,166793216,14751184,531525632,1018101760
findling-rss 1788569454,349704192,166821888,14744704,533307392,1018101760
findling-rss 1788569459,351268864,166809600,14762624,535113728,1018101760
findling-rss 1788569464,341192704,166694912,14778296,523567104,1018101760
findling-rss 1788569469,349642752,166719488,14772496,533168128,1018101760
findling-rss 1788569474,349896704,166719488,14791136,533782528,1018101760
findling-rss 1788569479,334286848,166744064,14803592,518057984,1018101760
findling-rss 1788569484,349089792,166772736,14795936,532783104,1018101760
findling-rss 1788569489,352423936,166776832,14814936,536031232,1018101760
findling-rss 1788569494,270000128,166805504,14683528,453287936,1018101760
findling-rss 1788569499,348860416,166830080,14786760,532373504,1018101760
findling-rss 1788569504,349503488,166834176,14804624,533299200,1018101760
findling-rss 1788569509,217935872,166506496,14699880,400928768,1018101760
findling-rss 1788569514,349421568,166715392,14854448,533381120,1018101760
findling-rss 1788569519,350023680,166711296,14872936,533811200,1018101760
findling-rss 1788569524,350400512,166744064,14867360,534224896,1018101760
findling-rss 1788569529,349028352,166776832,14879904,532639744,1018101760
findling-rss 1788569534,349618176,166776832,14898544,533561344,1018101760
findling-rss 1788569539,350617600,166813696,14892424,534470656,1018101760
findling-rss 1788569544,334336000,166834176,14904904,517988352,1018101760
findling-rss 1788569549,352104448,166817792,14922552,536031232,1018101760
findling-rss 1788569554,349585408,166858752,14916320,533426176,1018101760
findling-rss 1788569559,272310272,166887424,14926120,455520256,1018101760
findling-rss 1788569564,350035968,170721280,15052208,538050560,1018101760
findling-rss 1788569569,359878656,170721280,15049080,548057088,1018101760
findling-rss 1788569574,291774464,170721280,15049168,479350784,1018101760
findling-rss 1788569579,361676800,170721280,14987768,549527552,1018101760
findling-rss 1788569584,362205184,170721280,14987768,550281216,1018101760
findling-rss 1788569589,293797888,170721280,14988152,481685504,1018101760
findling-rss 1788569594,309882880,170721280,14987784,497569792,1018101760
findling-rss 1788569599,357466112,170721280,14987384,545538048,1018101760
findling-rss 1788569605,349024256,170721280,14984960,536928256,1018101760
findling-rss 1788569610,350633984,166780928,14858680,534573056,1018101760
findling-rss 1788569615,351350784,166772736,14594960,534872064,1018101760
findling-rss 1788569620,280080384,166809600,14608336,463261696,1018101760
findling-rss 1788569625,349290496,166834176,14602248,532914176,1018101760
findling-rss 1788569630,352251904,166830080,14619280,535891968,1018101760
findling-rss 1788569635,284012544,166850560,14612600,507154432,1018101760
findling-rss 1788569640,349433856,166891520,14626432,533024768,1018101760
findling-rss 1788569645,332832768,168062976,14675840,517689344,1018101760
findling-rss 1788569650,349511680,166916096,14637824,533180416,1018101760
findling-rss 1788569655,334385152,166944768,14651024,518074368,1018101760
findling-rss 1788569660,348913664,166944768,14669144,532660224,1018101760
findling-rss 1788569665,353304576,166813696,14862888,537202688,1018101760
findling-rss 1788569670,270118912,166846464,14769296,453517312,1018101760
findling-rss 1788569675,348749824,166850560,14894096,532656128,1018101760
findling-rss 1788569680,348995584,166875136,14891304,532881408,1018101760
findling-rss 1788569685,218046464,166555648,14780920,400920576,1018101760
findling-rss 1788569690,349347840,166912000,14918392,533061632,1018101760
findling-rss 1788569695,350351360,166928384,14912256,534536192,1018101760
findling-rss 1788569700,351191040,166940672,14930576,535248896,1018101760
findling-rss 1788569705,334426112,166965248,14942712,518455296,1018101760
findling-rss 1788569710,350257152,166989824,14936168,534323200,1018101760
findling-rss 1788569715,350277632,166993920,14954416,534265856,1018101760
findling-rss 1788569720,308330496,166858752,14885496,492191744,1018101760
findling-rss 1788569725,349454336,166879232,14878400,533307392,1018101760
findling-rss 1788569730,353918976,166879232,14896888,538054656,1018101760
findling-rss 1788569735,262782976,166916096,14803472,445071360,1018101760
findling-rss 1788569740,349220864,166948864,14903584,533053440,1018101760
findling-rss 1788569745,350781440,166940672,14921608,534695936,1018101760
findling-rss 1788569750,351240192,166977536,14915360,535265280,1018101760
findling-rss 1788569755,334471168,166998016,14928880,518291456,1018101760
findling-rss 1788569760,350044160,166998016,14946840,534114304,1018101760
findling-rss 1788569765,349782016,167026688,14940496,533856256,1018101760
findling-rss 1788569770,259223552,201555968,15883416,473825280,1018101760
findling-rss 1788569775,349765632,166891520,14890632,533585920,1018101760
findling-rss 1788569780,352157696,166916096,14884016,536031232,1018101760
findling-rss 1788569785,350224384,166924288,14901704,534171648,1018101760
findling-rss 1788569790,343330816,166948864,14914656,526077952,1018101760
findling-rss 1788569795,352776192,166973440,14908360,536801280,1018101760
findling-rss 1788569800,350105600,166973440,14929936,533962752,1018101760
findling-rss 1788569805,309620736,166998016,14941576,492478464,1018101760
findling-rss 1788569810,350146560,167030784,14935504,534069248,1018101760
findling-rss 1788569815,349372416,167038976,14954616,533499904,1018101760
findling-rss 1788569820,270176256,167063552,14860480,453947392,1018101760
findling-rss 1788569825,349245440,166916096,14877880,533250048,1018101760
findling-rss 1788569830,349913088,166920192,14896088,534118400,1018101760
findling-rss 1788569835,349790208,166948864,14890672,533901312,1018101760
findling-rss 1788569840,346071040,166977536,14902312,529338368,1018101760
findling-rss 1788569845,349585408,166981632,14921200,533680128,1018101760
findling-rss 1788569850,353767424,167010304,14920848,537939968,1018101760
findling-rss 1788569855,308355072,167038976,14931136,492285952,1018101760
findling-rss 1788569860,350380032,167043072,14949072,534679552,1018101760
findling-rss 1788569865,349921280,167063552,14942776,534016000,1018101760
findling-rss 1788569870,285511680,167092224,14955408,465747968,1018101760
findling-rss 1788569875,350191616,167092224,14972264,534237184,1018101760
findling-rss 1788569880,350650368,166944768,14862440,534573056,1018101760
findling-rss 1788569885,238813184,166977536,14765720,413245440,1018101760
findling-rss 1788569890,349609984,166973440,14893104,533790720,1018101760
findling-rss 1788569895,351121408,167006208,14887008,535212032,1018101760
findling-rss 1788569900,349732864,167006208,14905400,533950464,1018101760
findling-rss 1788569905,346828800,167038976,14917960,530829312,1018101760
findling-rss 1788569910,349511680,167059456,14911104,533368832,1018101760
findling-rss 1788569915,350150656,167059456,14929856,534056960,1018101760
findling-rss 1788569920,334475264,167092224,14939968,518463488,1018101760
findling-rss 1788569925,350023680,167129088,14936320,534011904,1018101760
findling-rss 1788569930,353062912,167112704,14954088,537522176,1018101760
findling-rss 1788569935,308371456,166977536,14910168,492445696,1018101760
findling-rss 1788569940,350355456,167014400,14904320,534360064,1018101760
findling-rss 1788569945,352972800,167010304,14922552,537010176,1018101760
findling-rss 1788569950,264581120,167030784,14828440,446070784,1018101760
findling-rss 1788569955,352931840,167067648,14928408,536023040,1018101760
findling-rss 1788569960,350068736,167071744,14947296,534130688,1018101760
findling-rss 1788569965,350380032,167088128,14940328,534556672,1018101760
findling-rss 1788569970,334495744,167133184,14953072,518873088,1018101760
findling-rss 1788569975,349810688,167124992,14971872,533921792,1018101760
findling-rss 1788569980,350834688,167174144,14969440,535117824,1018101760
findling-rss 1788569985,297074688,241364992,17180568,557670400,1018101760
findling-rss 1788569990,350371840,167018496,14913776,534417408,1018101760
findling-rss 1788569995,350535680,167043072,14906776,534618112,1018101760
findling-rss 1788570000,250122240,167075840,14811120,432418816,1018101760
findling-rss 1788570005,350351360,167075840,14937688,534466560,1018101760
findling-rss 1788570010,351350784,167116800,14931816,535429120,1018101760
findling-rss 1788570015,354664448,167108608,14950368,539123712,1018101760
findling-rss 1788570020,335544320,167129088,14962712,519864320,1018101760
findling-rss 1788570025,351592448,167161856,14956728,536010752,1018101760
findling-rss 1788570030,351035392,167161856,14975368,535429120,1018101760
findling-rss 1788570035,309452800,167186432,14986776,493588480,1018101760
findling-rss 1788570040,350674944,167051264,14899688,534892544,1018101760
findling-rss 1788570045,350904320,167047168,14916952,534900736,1018101760
findling-rss 1788570050,319184896,167079936,15011856,503541760,1018101760
findling-rss 1788570055,218910720,166756352,14903192,402268160,1018101760
findling-rss 1788570060,350371840,167108608,15043584,534564864,1018101760
findling-rss 1788570065,351145984,167137280,15036968,535633920,1018101760
findling-rss 1788570070,350646272,167133184,15054840,534978560,1018101760
findling-rss 1788570075,346472448,167174144,15067152,529698816,1018101760
findling-rss 1788570080,354336768,167202816,15061216,538812416,1018101760
findling-rss 1788570085,413642752,166977536,15095496,598257664,1018101760
findling-rss 1788570090,272187392,167223296,15008064,456499200,1018101760
findling-rss 1788570095,351404032,167088128,15030688,535420928,1018101760
findling-rss 1788570100,353894400,167088128,15052264,538255360,1018101760
findling-rss 1788570105,269365248,167124992,15045720,493391872,1018101760
findling-rss 1788570110,351526912,167149568,15058368,535937024,1018101760
findling-rss 1788570115,354254848,167141376,15076880,538689536,1018101760
findling-rss 1788570120,351936512,167178240,14975152,536485888,1018101760
findling-rss 1788570125,336494592,167202816,14987808,520970240,1018101760
findling-rss 1788570130,351633408,167206912,15006336,536227840,1018101760
findling-rss 1788570135,355500032,167231488,15000288,539963392,1018101760
findling-rss 1788570140,274227200,167260160,15012800,457940992,1018101760
findling-rss 1788570145,351838208,167264256,15031856,536154112,1018101760
findling-rss 1788570150,351887360,167124992,15039032,536371200,1018101760
findling-rss 1788570155,352354304,167116800,15057696,536809472,1018101760
findling-rss 1788570160,348606464,167157760,15066192,532840448,1018101760
findling-rss 1788570165,353968128,167182336,15060664,538497024,1018101760
findling-rss 1788570170,354570240,167186432,15079664,539213824,1018101760
findling-rss 1788570175,336551936,167206912,15091368,521125888,1018101760
findling-rss 1788570180,351551488,167243776,15085184,536223744,1018101760
findling-rss 1788570185,351830016,167239680,15104032,536408064,1018101760
findling-rss 1788570190,310448128,167268352,15115736,494723072,1018101760
findling-rss 1788570195,352272384,167301120,15110072,536920064,1018101760
findling-rss 1788570200,352948224,167297024,15128872,537296896,1018101760
findling-rss 1788570205,255524864,167157760,14953368,438427648,1018101760
findling-rss 1788570210,351322112,167174144,15053280,535744512,1018101760
findling-rss 1788570215,354426880,167182336,15014592,538882048,1018101760
findling-rss 1788570220,352169984,167211008,15008904,536649728,1018101760
findling-rss 1788570225,336609280,167239680,15021512,520974336,1018101760
findling-rss 1788570230,351432704,167235584,15039592,535793664,1018101760
findling-rss 1788570235,352399360,167272448,15032704,536772608,1018101760
findling-rss 1788570240,272302080,167301120,14939584,456417280,1018101760
findling-rss 1788570245,352006144,167297024,15064296,536690688,1018101760
findling-rss 1788570250,352362496,167325696,15057656,537088000,1018101760
findling-rss 1788570256,220241920,167256064,14979120,404295680,1018101760
findling-rss 1788570261,351178752,167198720,15064800,535592960,1018101760
findling-rss 1788570266,355397632,167223296,15057824,540004352,1018101760
findling-rss 1788570271,353067008,167219200,15076984,537677824,1018101760
findling-rss 1788570276,336637952,167251968,15088688,521211904,1018101760
findling-rss 1788570281,352006144,167284736,15090472,536731648,1018101760
findling-rss 1788570286,352497664,167280640,15105088,536838144,1018101760
findling-rss 1788570291,282554368,167309312,15117584,466710528,1018101760
findling-rss 1788570296,351567872,167342080,15111536,536154112,1018101760
findling-rss 1788570301,351674368,167333888,15129432,536469504,1018101760
findling-rss 1788570306,305192960,167374848,15124328,513507328,1018101760
findling-rss 1788570311,352522240,167235584,15055184,536940544,1018101760
findling-rss 1788570316,352124928,167231488,15073376,536764416,1018101760
findling-rss 1788570321,352436224,167260160,15067872,537124864,1018101760
findling-rss 1788570326,336646144,167288832,15080576,520904704,1018101760
findling-rss 1788570331,351846400,167292928,15098920,536473600,1018101760
findling-rss 1788570336,352415744,167321600,15092576,536973312,1018101760
findling-rss 1788570341,305963008,167350272,15104896,488185856,1018101760
findling-rss 1788570346,351936512,167350272,15122856,536449024,1018101760
findling-rss 1788570351,352223232,167387136,15117416,536739840,1018101760
findling-rss 1788570356,220311552,167055360,15008120,404094976,1018101760
findling-rss 1788570361,351322112,167415808,15148736,536006656,1018101760
findling-rss 1788570366,352792576,167256064,15058800,537432064,1018101760
findling-rss 1788570371,352378880,167256064,15077960,537051136,1018101760
findling-rss 1788570376,349503488,167288832,15090368,534122496,1018101760
findling-rss 1788570381,352325632,167313408,15080048,536690688,1018101760
findling-rss 1788570386,352432128,167313408,15101872,537251840,1018101760
findling-rss 1788570391,336670720,167337984,15114368,521199616,1018101760
findling-rss 1788570396,352722944,167370752,15108232,537313280,1018101760
findling-rss 1788570401,352829440,167374848,15129560,537309184,1018101760
findling-rss 1788570406,272416768,167403520,15036104,456646656,1018101760
findling-rss 1788570411,351641600,167432192,15135512,536391680,1018101760
findling-rss 1788570416,352227328,167424000,15153768,536932352,1018101760
findling-rss 1788570421,352944128,167297024,15067232,537575424,1018101760
findling-rss 1788570426,351674368,167329792,15079072,536104960,1018101760
findling-rss 1788570431,351784960,167321600,15097128,536616960,1018101760
findling-rss 1788570436,352604160,167358464,15091280,537333760,1018101760
findling-rss 1788570441,336740352,167374848,15103192,521388032,1018101760
findling-rss 1788570446,352129024,167378944,15121720,536940544,1018101760
findling-rss 1788570451,352313344,167411712,15116304,537239552,1018101760
findling-rss 1788570456,272453632,167440384,15017344,456769536,1018101760
findling-rss 1788570461,352083968,167440384,15144392,536674304,1018101760
findling-rss 1788570466,352309248,167464960,15137688,537255936,1018101760
findling-rss 1788570471,353959936,167464960,15153616,538718208,1018101760
findling-rss 1788570476,340017152,167313408,15087464,523595776,1018101760
findling-rss 1788570481,352501760,167342080,15081392,537149440,1018101760
findling-rss 1788570486,353308672,167350272,15100120,537956352,1018101760
findling-rss 1788570491,336756736,167370752,15111944,521244672,1018101760
findling-rss 1788570496,352550912,167399424,15105080,537247744,1018101760
findling-rss 1788570501,354869248,167395328,15123400,539553792,1018101760
findling-rss 1788570506,274378752,167428096,15136008,458317824,1018101760
findling-rss 1788570511,352079872,167452672,15129760,536756224,1018101760
findling-rss 1788570516,351973376,167456768,15148536,536743936,1018101760
findling-rss 1788570521,230535168,167485440,15054512,411938816,1018101760
findling-rss 1788570526,350994432,167333888,15072072,535396352,1018101760
findling-rss 1788570531,354390016,167333888,15091168,538816512,1018101760
findling-rss 1788570536,355254272,167378944,15084776,540135424,1018101760
findling-rss 1788570541,336777216,167407616,14960600,521113600,1018101760
findling-rss 1788570546,352382976,167407616,14977520,537153536,1018101760
findling-rss 1788570551,352813056,167432192,14972240,537427968,1018101760
findling-rss 1788570556,272478208,167460864,14886728,456425472,1018101760
findling-rss 1788570561,352673792,167452672,15003360,537341952,1018101760
findling-rss 1788570566,351698944,167489536,14996696,536403968,1018101760
findling-rss 1788570571,220405760,167165952,14890456,404008960,1018101760
findling-rss 1788570576,355463168,167514112,15026864,540286976,1018101760
findling-rss 1788570581,352190464,167374848,15080656,536866816,1018101760
findling-rss 1788570586,352563200,167383040,15094928,537460736,1018101760
findling-rss 1788570591,336756736,167403520,15106976,521383936,1018101760
findling-rss 1788570596,351936512,167436288,15101040,536776704,1018101760
findling-rss 1788570601,355491840,167444480,15119520,540286976,1018101760
findling-rss 1788570606,302411776,167469056,15131920,486948864,1018101760
findling-rss 1788570611,351920128,167489536,15125296,536715264,1018101760
findling-rss 1788570616,351588352,167489536,15144064,536539136,1018101760
findling-rss 1788570621,272486400,167522304,15050112,455684096,1018101760
findling-rss 1788570626,352481280,167550976,15149976,537337856,1018101760
findling-rss 1788570631,352468992,167550976,15168616,537239552,1018101760
findling-rss 1788570636,355897344,167411712,15080032,540532736,1018101760
findling-rss 1788570641,336789504,167440384,15092208,521347072,1018101760
findling-rss 1788570646,352538624,167448576,15111056,537067520,1018101760
findling-rss 1788570651,354127872,167473152,15104984,538914816,1018101760
findling-rss 1788570656,303767552,167501824,15117144,487522304,1018101760
findling-rss 1788570661,352473088,167501824,15135648,537309184,1018101760
findling-rss 1788570666,354181120,167526400,15128968,539107328,1018101760
findling-rss 1788570671,272494592,167555072,15035576,456798208,1018101760
findling-rss 1788570676,352559104,167559168,15160536,537346048,1018101760
findling-rss 1788570681,351838208,167587840,15153648,536649728,1018101760
findling-rss 1788570686,354844672,167587840,15172400,539893760,1018101760
findling-rss 1788570691,351059968,167452672,15103456,535547904,1018101760
findling-rss 1788570696,351485952,167477248,15096888,536055808,1018101760
findling-rss 1788570701,353030144,167485440,15118416,537997312,1018101760
findling-rss 1788570706,336822272,167514112,15130664,521691136,1018101760
findling-rss 1788570711,354811904,167538688,15123984,539807744,1018101760
findling-rss 1788570716,352194560,167542784,15140048,536911872,1018101760
findling-rss 1788570721,301613056,167559168,15155576,486068224,1018101760
findling-rss 1788570726,351997952,167596032,15148192,537083904,1018101760
findling-rss 1788570731,351727616,167591936,15166832,536834048,1018101760
findling-rss 1788570736,272498688,167624704,15073304,457039872,1018101760
findling-rss 1788570741,351842304,167481344,15090568,536391680,1018101760
findling-rss 1788570746,352870400,167489536,15106448,537817088,1018101760
findling-rss 1788570751,355098624,167505920,15103072,539705344,1018101760
findling-rss 1788570756,336801792,167538688,15114776,521363456,1018101760
findling-rss 1788570761,352100352,167542784,15134232,536891392,1018101760
findling-rss 1788570766,352350208,167567360,15127528,537223168,1018101760
findling-rss 1788570771,299372544,167596032,15140952,484110336,1018101760
findling-rss 1788570776,352325632,167604224,15158664,537419776,1018101760
findling-rss 1788570781,352190464,167628800,15152504,537313280,1018101760
findling-rss 1788570786,220434432,167309312,15062512,404389888,1018101760
findling-rss 1788570791,351547392,167657472,15182736,536571904,1018101760
findling-rss 1788570796,352141312,167518208,15095864,536989696,1018101760
findling-rss 1788570801,354017280,167514112,15114120,538894336,1018101760
findling-rss 1788570806,319414272,167538688,15126056,504184832,1018101760
findling-rss 1788570811,353374208,167571456,15120096,538341376,1018101760
findling-rss 1788570816,351584256,167567360,15138640,536453120,1018101760
findling-rss 1788570821,317628416,167596032,15207520,502718464,1018101760
findling-rss 1788570826,271081472,167628800,15111592,455774208,1018101760
findling-rss 1788570831,350273536,167624704,15224552,535502848,1018101760
findling-rss 1788570836,353587200,167657472,15217912,538746880,1018101760
findling-rss 1788570841,353591296,167653376,15235920,538517504,1018101760
findling-rss 1788570846,335400960,167686144,15248480,520331264,1018101760
findling-rss 1788570851,351268864,167550976,15174840,536285184,1018101760
findling-rss 1788570856,351072256,167550976,15192800,536084480,1018101760
findling-rss 1788570861,282308608,167583744,15205344,467017728,1018101760
findling-rss 1788570866,351166464,167604224,15199824,536002560,1018101760
findling-rss 1788570871,350834688,167608320,15217920,535834624,1018101760
findling-rss 1788570876,219054080,167284736,15112720,403038208,1018101760
findling-rss 1788570881,350117888,167665664,15228032,535166976,1018101760
findling-rss 1788570886,351449088,167665664,15242264,536657920,1018101760
findling-rss 1788570892,351469568,167690240,15235920,536752128,1018101760
findling-rss 1788570897,335421440,167714816,14984712,520208384,1018101760
findling-rss 1788570902,350973952,167718912,15003056,535724032,1018101760
findling-rss 1788570907,351272960,167571456,15180280,536137728,1018101760
findling-rss 1788570912,278290432,167604224,15192480,461393920,1018101760
findling-rss 1788570917,350969856,167604224,15210080,536031232,1018101760
findling-rss 1788570922,350777344,167636992,15204120,535969792,1018101760
findling-rss 1788570927,280940544,169033728,15156272,466997248,1018101760
findling-rss 1788570932,361775104,169033728,15260840,548335616,1018101760
findling-rss 1788570937,362278912,169033728,15260456,548872192,1018101760
findling-rss 1788570942,258117632,167665664,15109312,441491456,1018101760
findling-rss 1788570947,351318016,167677952,15236736,536285184,1018101760
findling-rss 1788570952,350711808,167698432,15229784,535756800,1018101760
findling-rss 1788570957,354504704,167694336,15248312,539594752,1018101760
findling-rss 1788570962,350109696,167735296,15261032,535228416,1018101760
findling-rss 1788570967,351531008,167755776,14721528,536064000,1018101760
findling-rss 1788570972,351014912,167759872,14740280,535674880,1018101760
findling-rss 1788570977,335433728,167600128,15201960,520417280,1018101760
findling-rss 1788570982,350986240,167641088,15195384,535822336,1018101760
findling-rss 1788570987,351174656,167632896,15213440,536158208,1018101760
findling-rss 1788570992,282132480,167653376,15225736,466845696,1018101760
findling-rss 1788570997,351170560,167698432,15220160,536309760,1018101760
findling-rss 1788571002,351076352,167690240,15231384,536195072,1018101760
findling-rss 1788571007,325840896,167718912,15225584,510636032,1018101760
findling-rss 1788571012,351387648,167751680,15238400,536252416,1018101760
findling-rss 1788571017,350830592,167747584,15255592,535760896,1018101760
findling-rss 1788571022,350654464,167776256,15250312,535949312,1018101760
findling-rss 1788571027,335470592,242573312,17482008,597684224,1018101760
findling-rss 1788571032,351457280,167645184,15208856,536289280,1018101760
findling-rss 1788571037,353189888,167669760,15170664,538345472,1018101760
findling-rss 1788571042,271175680,167694336,15074240,455917568,1018101760
findling-rss 1788571047,350208000,167702528,15198096,535056384,1018101760
findling-rss 1788571052,352034816,167727104,15192816,536924160,1018101760
findling-rss 1788571057,354066432,167727104,15210776,538886144,1018101760
findling-rss 1788571062,349601792,167747584,15223008,534446080,1018101760
findling-rss 1788571067,350896128,167788544,15210320,536023040,1018101760
findling-rss 1788571072,334381056,168951808,15261496,520876032,1018101760
findling-rss 1788571077,300376064,167813120,15241024,485552128,1018101760
findling-rss 1788571082,350605312,167665664,15190576,535556096,1018101760
findling-rss 1788571087,352481280,167661568,15208584,537489408,1018101760
findling-rss 1788571092,219152384,167342080,15104104,403091456,1018101760
findling-rss 1788571097,350797824,167727104,15215576,535891968,1018101760
findling-rss 1788571102,351195136,167718912,15127104,536289280,1018101760
findling-rss 1788571107,351232000,167755776,15121104,536223744,1018101760
findling-rss 1788571112,349802496,167780352,15133736,534724608,1018101760
findling-rss 1788571117,352014336,167784448,15151904,537276416,1018101760
findling-rss 1788571122,352661504,167813120,15145696,537874432,1018101760
findling-rss 1788571127,335544320,167833600,15158832,520830976,1018101760
findling-rss 1788571132,350601216,167833600,15176408,535552000,1018101760
findling-rss 1788571137,351047680,167706624,15180048,536260608,1018101760
findling-rss 1788571142,271265792,167735296,15086544,456028160,1018101760
findling-rss 1788571147,351129600,167727104,15211168,536363008,1018101760
findling-rss 1788571152,350711808,167755776,15204576,535826432,1018101760
findling-rss 1788571157,219193344,167436288,15096680,403496960,1018101760
findling-rss 1788571162,351330304,167796736,15235368,536256512,1018101760
findling-rss 1788571167,351940608,167817216,15229256,537235456,1018101760
findling-rss 1788571172,353759232,167817216,15243008,539148288,1018101760
findling-rss 1788571177,335560704,167841792,15255032,520708096,1018101760
findling-rss 1788571182,349872128,167866368,15253192,535220224,1018101760
findling-rss 1788571187,350629888,167874560,15268416,536002560,1018101760
findling-rss 1788571192,248152064,167731200,15112760,431435776,1018101760
findling-rss 1788571197,350306304,167772160,15218144,535359488,1018101760
findling-rss 1788571202,351453184,167768064,15236264,536612864,1018101760
findling-rss 1788571207,350412800,167804928,15229352,535617536,1018101760
findling-rss 1788571212,335577088,167825408,15219088,520556544,1018101760
findling-rss 1788571217,351174656,167821312,15237272,536363008,1018101760
findling-rss 1788571222,351129600,167862272,15232112,536088576,1018101760
findling-rss 1788571227,299352064,167886848,15244384,484536320,1018101760
findling-rss 1788571232,350687232,167886848,15263096,535752704,1018101760
findling-rss 1788571237,351674368,167911424,15256480,536793088,1018101760
findling-rss 1788571242,219250688,181121024,15569752,417021952,1018101760
findling-rss 1788571247,350887936,167776256,15228440,536059904,1018101760
findling-rss 1788571252,350801920,167800832,15222216,535977984,1018101760
findling-rss 1788571257,352047104,167800832,15240584,537231360,1018101760
findling-rss 1788571262,335642624,167845888,15253016,520953856,1018101760
findling-rss 1788571267,350900224,167874560,15246536,536190976,1018101760
findling-rss 1788571272,350642176,167870464,15265064,535973888,1018101760
findling-rss 1788571277,331468800,167907328,15278808,512188416,1018101760
findling-rss 1788571282,352202752,167940096,15271168,537714688,1018101760
findling-rss 1788571287,350679040,167936000,15289880,536051712,1018101760
findling-rss 1788571292,245706752,167956480,15196152,423493632,1018101760
findling-rss 1788571297,349843456,167825408,15214136,534953984,1018101760
findling-rss 1788571302,351277056,167829504,15235304,536596480,1018101760
findling-rss 1788571307,352100352,167854080,15228592,537468928,1018101760
findling-rss 1788571312,335663104,167878656,15241168,521003008,1018101760
findling-rss 1788571317,355688448,167882752,15259648,541102080,1018101760
findling-rss 1788571322,351924224,167907328,15253712,537337856,1018101760
findling-rss 1788571327,299986944,167940096,15266592,485167104,1018101760
findling-rss 1788571332,350654464,167936000,15283992,535998464,1018101760
findling-rss 1788571337,350724096,167960576,15278872,536113152,1018101760
findling-rss 1788571342,271372288,167993344,15183872,456409088,1018101760
findling-rss 1788571347,350851072,167989248,15308336,536367104,1018101760
findling-rss 1788571352,351408128,167854080,15221552,536477696,1018101760
findling-rss 1788571357,219303936,167526400,15109976,403390464,1018101760
findling-rss 1788571362,350556160,167870464,15249352,535805952,1018101760
findling-rss 1788571367,354930688,167911424,15243224,540450816,1018101760
findling-rss 1788571372,351756288,167907328,15261080,536952832,1018101760
findling-rss 1788571377,335671296,167940096,15274144,520822784,1018101760
findling-rss 1788571382,350552064,167964672,15267688,536018944,1018101760
findling-rss 1788571387,354889728,167964672,15285784,540200960,1018101760
findling-rss 1788571392,280719360,167989248,15298576,465895424,1018101760
findling-rss 1788571397,351334400,168022016,15292280,536801280,1018101760
findling-rss 1788571402,350928896,168013824,15310056,536698880,1018101760
findling-rss 1788571407,351498240,167895040,15222536,536670208,1018101760
findling-rss 1788571412,350474240,167915520,15234176,535945216,1018101760
findling-rss 1788571417,351420416,167911424,15253000,536690688,1018101760
findling-rss 1788571422,350883840,167948288,15247152,536195072,1018101760
findling-rss 1788571427,335683584,167976960,15259064,521109504,1018101760
findling-rss 1788571432,350703616,167964672,15277456,536301568,1018101760
findling-rss 1788571437,354885632,168001536,15271496,540286976,1018101760
findling-rss 1788571442,282333184,168026112,15284152,467505152,1018101760
findling-rss 1788571447,351248384,168030208,15302160,536784896,1018101760
findling-rss 1788571452,350773248,168062976,15295816,536461312,1018101760
findling-rss 1788571457,219308032,189521920,15858872,425803776,1018101760
findling-rss 1788571462,350437376,167915520,15234056,535875584,1018101760
findling-rss 1788571467,350695424,167936000,15226560,536051712,1018101760
findling-rss 1788571472,351121408,167940096,15245312,536612864,1018101760
findling-rss 1788571477,335691776,167968768,15257760,520978432,1018101760
findling-rss 1788571482,351096832,167997440,15255448,536342528,1018101760
findling-rss 1788571487,351551488,167997440,15270424,537169920,1018101760
findling-rss 1788571492,335695872,168034304,15282808,521207808,1018101760
findling-rss 1788571497,350945280,168050688,15276280,536473600,1018101760
findling-rss 1788571502,351174656,168058880,15294720,536666112,1018101760
findling-rss 1788571507,271392768,168087552,15201352,456544256,1018101760
findling-rss 1788571512,350519296,167936000,15230096,535793664,1018101760
findling-rss 1788571517,350597120,167936000,15248352,536064000,1018101760
findling-rss 1788571522,352813056,167968768,15241736,538189824,1018101760
findling-rss 1788571528,348188672,167989248,15213360,533299200,1018101760
findling-rss 1788571533,351596544,167993344,15231072,536850432,1018101760
findling-rss 1788571538,352174080,168030208,15225992,537681920,1018101760
findling-rss 1788571543,335691776,168050688,15236976,521027584,1018101760
findling-rss 1788571548,350728192,168050688,15256704,536227840,1018101760
findling-rss 1788571553,351387648,168087552,15250720,536604672,1018101760
findling-rss 1788571558,309563392,168108032,15262816,494866432,1018101760
findling-rss 1788571563,350470144,169848832,15330392,537636864,1018101760
findling-rss 1788571568,361648128,169848832,15330120,548982784,1018101760
findling-rss 1788571573,347553792,169848832,15329552,535019520,1018101760
findling-rss 1788571578,362094592,169848832,15329752,549199872,1018101760
findling-rss 1788571583,364793856,169848832,15325416,552128512,1018101760
findling-rss 1788571588,309608448,167993344,15253960,495038464,1018101760
findling-rss 1788571593,350621696,168013824,15246600,535879680,1018101760
findling-rss 1788571598,350724096,168017920,15269080,536371200,1018101760
findling-rss 1788571603,271417344,168050688,15174760,456695808,1018101760
findling-rss 1788571608,351256576,168075264,15275192,536760320,1018101760
findling-rss 1788571613,350396416,168058880,15292840,535789568,1018101760
findling-rss 1788571618,352493568,168103936,15286808,538173440,1018101760
findling-rss 1788571623,200118272,168128512,15224352,385036288,1018101760
findling-rss 1788571628,341270528,168124416,15418936,525881344,1018101760
findling-rss 1788571633,350932992,168157184,15413184,536428544,1018101760
findling-rss 1788571638,351379456,168161280,15432368,537161728,1018101760
findling-rss 1788571643,326782976,168022016,15363432,512147456,1018101760
findling-rss 1788571648,350875648,168046592,15353768,536416256,1018101760
findling-rss 1788571653,351297536,168042496,15372680,536686592,1018101760
findling-rss 1788571658,229875712,168075264,15278768,406351872,1018101760
findling-rss 1788571663,351080448,168095744,15379064,536457216,1018101760
findling-rss 1788571668,351223808,168103936,15396616,536678400,1018101760
findling-rss 1788571673,354504704,168128512,15391064,540004352,1018101760
findling-rss 1788571678,335495168,168161280,15382840,521113600,1018101760
findling-rss 1788571683,350236672,168165376,15397904,536092672,1018101760
findling-rss 1788571688,351375360,168194048,15394976,537206784,1018101760
findling-rss 1788571693,309407744,168058880,15349912,494891008,1018101760
findling-rss 1788571698,350806016,168050688,15368376,536248320,1018101760
findling-rss 1788571703,352174080,168079360,15361600,537874432,1018101760
findling-rss 1788571708,258011136,168108032,15268664,442056704,1018101760
findling-rss 1788571713,350580736,168116224,15393192,536244224,1018101760
findling-rss 1788571718,350908416,168144896,15387232,536719360,1018101760
findling-rss 1788571723,353959936,168136704,15405376,539783168,1018101760
findling-rss 1788571728,346902528,168165376,15417968,532348928,1018101760
findling-rss 1788571733,350392320,168194048,15411352,536174592,1018101760
findling-rss 1788571738,351715328,168210432,15430416,537530368,1018101760
findling-rss 1788571743,335523840,168230912,15442648,521404416,1018101760
findling-rss 1788571748,350818304,168083456,15353592,536203264,1018101760
findling-rss 1788571753,350736384,168091648,15372856,536330240,1018101760
findling-rss 1788571758,262619136,168116224,15278616,446697472,1018101760
findling-rss 1788571763,350916608,168148992,15378224,536678400,1018101760
findling-rss 1788571768,350916608,168144896,15396392,536645632,1018101760
findling-rss 1788571773,351531008,168177664,15391088,537399296,1018101760
findling-rss 1788571778,335519744,168206336,15403496,521342976,1018101760
findling-rss 1788571783,350990336,168206336,15425528,536973312,1018101760
findling-rss 1788571788,350916608,168226816,15415048,536879104,1018101760
findling-rss 1788571793,299474944,168259584,15428744,485097472,1018101760
findling-rss 1788571798,350089216,168259584,15446544,536080384,1018101760
findling-rss 1788571803,351498240,168120320,15357624,537358336,1018101760
findling-rss 1788571808,219168768,167792640,15248872,403808256,1018101760
findling-rss 1788571813,350167040,168144896,15387944,535760896,1018101760
findling-rss 1788571818,351469568,168177664,15381856,537231360,1018101760
findling-rss 1788571823,351576064,168181760,15400328,537300992,1018101760
findling-rss 1788571828,335515648,168194048,15412568,521396224,1018101760
findling-rss 1788571833,351010816,168239104,15407216,536948736,1018101760
findling-rss 1788571838,354566144,168230912,15424816,540368896,1018101760
findling-rss 1788571843,298942464,168259584,15437264,484528128,1018101760
findling-rss 1788571848,351395840,168292352,15431536,537100288,1018101760
findling-rss 1788571853,351125504,168292352,15450448,536743936,1018101760
findling-rss 1788571858,219205632,167804928,15262664,403726336,1018101760
findling-rss 1788571863,351420416,168185856,15373840,537251840,1018101760
findling-rss 1788571868,351232000,168185856,15391736,536780800,1018101760
findling-rss 1788571873,351494144,168218624,15385368,537255936,1018101760
findling-rss 1788571878,335585280,168247296,15398184,521302016,1018101760
findling-rss 1788571883,353439744,168239104,15415896,539443200,1018101760
findling-rss 1788571888,352378880,168267776,15410120,538267648,1018101760
findling-rss 1788571893,298827776,168304640,15422680,484151296,1018101760
findling-rss 1788571898,351145984,168304640,15444240,536911872,1018101760
findling-rss 1788571903,350900224,168325120,15438216,536805376,1018101760
findling-rss 1788571908,253874176,195637248,16173232,465096704,1018101760
findling-rss 1788571913,351227904,168181760,15386696,536883200,1018101760
findling-rss 1788571918,351379456,168218624,15380960,537227264,1018101760
findling-rss 1788571923,350621696,168210432,15398856,536453120,1018101760
findling-rss 1788571928,335622144,168243200,15411696,521322496,1018101760
findling-rss 1788571933,350834688,168267776,15405600,536494080,1018101760
findling-rss 1788571938,351764480,168271872,15423040,537661440,1018101760
findling-rss 1788571943,299626496,168304640,15436528,485289984,1018101760
findling-rss 1788571948,351072256,168329216,15430656,537116672,1018101760
findling-rss 1788571953,351588352,168333312,15448672,537546752,1018101760
findling-rss 1788571958,350556160,168353792,15440480,536743936,1018101760
findling-rss 1788571963,348811264,168222720,15370016,534343680,1018101760
findling-rss 1788571968,350728192,168226816,15389424,536289280,1018101760
findling-rss 1788571973,351334400,168259584,15382400,537034752,1018101760
findling-rss 1788571978,335646720,168280064,15394880,521465856,1018101760
findling-rss 1788571983,351277056,168284160,15413744,537108480,1018101760
findling-rss 1788571988,351764480,168312832,15407128,537366528,1018101760
findling-rss 1788571993,326934528,168337408,15419720,507953152,1018101760
findling-rss 1788571998,350662656,168345600,15437472,536694784,1018101760
findling-rss 1788572003,350703616,168370176,15431856,536657920,1018101760
findling-rss 1788572008,271380480,168407040,15335656,456880128,1018101760
findling-rss 1788572013,350670848,168394752,15462568,536403968,1018101760
findling-rss 1788572018,351215616,168247296,15374008,537001984,1018101760
findling-rss 1788572023,219316224,167923712,15264960,404058112,1018101760
findling-rss 1788572028,350003200,168280064,15404536,535785472,1018101760
findling-rss 1788572033,351731712,168308736,15398192,537501696,1018101760
findling-rss 1788572038,351567872,168308736,15416968,537440256,1018101760
findling-rss 1788572043,335691776,168333312,15428880,521506816,1018101760
findling-rss 1788572048,350916608,168366080,15423056,536850432,1018101760
findling-rss 1788572053,351338496,168361984,15440768,537210880,1018101760
findling-rss 1788572058,298913792,168386560,15453576,484536320,1018101760
findling-rss 1788572063,350748672,168423424,15447648,536772608,1018101760
findling-rss 1788572068,350416896,168419328,15465496,536178688,1018101760
findling-rss 1788572073,351412224,168280064,15377832,537395200,1018101760
findling-rss 1788572078,348819456,168308736,15390672,534585344,1018101760
findling-rss 1788572083,351997952,168308736,15412944,537829376,1018101760
findling-rss 1788572088,352821248,168333312,15403352,538431488,1018101760
findling-rss 1788572093,335740928,168370176,15415216,521498624,1018101760
findling-rss 1788572098,350900224,168366080,15433608,536940544,1018101760
findling-rss 1788572103,350597120,168386560,15427176,536748032,1018101760
findling-rss 1788572108,282652672,168419328,15437792,468381696,1018101760
findling-rss 1788572113,351129600,168427520,15458600,537165824,1018101760
findling-rss 1788572118,350994432,168448000,15452264,536883200,1018101760
findling-rss 1788572123,219381760,187371520,15943184,423362560,1018101760
findling-rss 1788572128,350904320,168308736,15290976,536641536,1018101760
findling-rss 1788572133,353828864,168345600,15286424,539529216,1018101760
findling-rss 1788572138,351653888,168345600,15303904,537477120,1018101760
findling-rss 1788572143,344006656,168366080,15342512,528818176,1018101760
findling-rss 1788572149,352280576,168402944,15336488,538234880,1018101760
findling-rss 1788572154,352026624,168398848,15354632,538050560,1018101760
findling-rss 1788572159,336719872,168423424,15366496,522706944,1018101760
findling-rss 1788572164,351944704,168464384,15361080,538030080,1018101760
findling-rss 1788572169,352116736,168460288,15379744,538132480,1018101760
findling-rss 1788572174,301002752,168484864,15393192,486830080,1018101760
findling-rss 1788572179,351760384,168349696,15419736,537800704,1018101760
findling-rss 1788572184,352190464,168349696,15437064,538124288,1018101760
findling-rss 1788572189,225157120,168382464,15344568,405413888,1018101760
findling-rss 1788572194,351678464,168398848,15443352,537677824,1018101760
findling-rss 1788572199,351363072,168398848,15464912,537427968,1018101760
findling-rss 1788572204,351498240,168431616,15459472,537673728,1018101760
findling-rss 1788572209,349265920,168460288,15438176,535359488,1018101760
findling-rss 1788572214,352190464,168456192,15454712,538439680,1018101760
findling-rss 1788572219,351854592,168484864,15449136,537939968,1018101760
findling-rss 1788572224,336781312,168525824,15461976,522727424,1018101760
findling-rss 1788572229,352354304,168534016,15480024,538685440,1018101760
findling-rss 1788572234,353652736,168386560,15426216,539435008,1018101760
findling-rss 1788572239,283750400,168427520,15439344,469692416,1018101760
findling-rss 1788572244,351526912,168415232,15456584,537505792,1018101760
findling-rss 1788572249,354242560,168443904,15450808,540168192,1018101760
findling-rss 1788572254,220438528,168095744,15363184,409714688,1018101760
findling-rss 1788572259,350900224,168468480,15478944,537063424,1018101760
findling-rss 1788572264,352219136,168505344,15473120,538386432,1018101760
findling-rss 1788572269,354816000,168501248,15491896,540839936,1018101760
findling-rss 1788572274,301211648,168534016,15473896,487550976,1018101760
findling-rss 1788572279,351936512,168558592,15467872,537960448,1018101760
findling-rss 1788572284,352530432,168566784,15486216,538828800,1018101760
findling-rss 1788572289,352927744,168427520,15428040,539107328,1018101760
findling-rss 1788572294,350851072,168448000,15440000,536973312,1018101760
findling-rss 1788572299,351526912,168452096,15458728,537649152,1018101760
findling-rss 1788572304,354574336,168476672,15451888,540618752,1018101760
findling-rss 1788572309,336842752,168509440,15464248,523059200,1018101760
findling-rss 1788572314,352878592,168509440,15483864,538914816,1018101760
findling-rss 1788572319,352530432,168534016,15476480,538857472,1018101760
findling-rss 1788572324,300683264,168574976,15489264,486760448,1018101760
findling-rss 1788572329,351961088,168558592,15507032,538165248,1018101760
findling-rss 1788572334,351846400,168595456,15501976,538165248,1018101760
findling-rss 1788572339,235597824,194535424,16196584,442462208,1018101760
findling-rss 1788572344,352579584,168452096,15451456,538578944,1018101760
findling-rss 1788572349,354414592,168484864,15444704,540573696,1018101760
findling-rss 1788572354,353697792,168484864,15463728,539758592,1018101760
findling-rss 1788572359,349806592,168521728,15476384,535707648,1018101760
findling-rss 1788572364,352858112,168542208,15469568,539144192,1018101760
findling-rss 1788572369,351854592,168542208,15488592,538054656,1018101760
findling-rss 1788572374,336879616,168566784,15499688,523137024,1018101760
findling-rss 1788572379,352251904,168599552,15494704,538603520,1018101760
findling-rss 1788572384,352059392,168603648,15516688,538509312,1018101760
findling-rss 1788572389,282054656,168632320,15526064,468008960,1018101760
findling-rss 1788572394,253833216,168488960,15401296,439529472,1018101760
findling-rss 1788572399,350892032,168484864,15530528,536915968,1018101760
findling-rss 1788572404,351252480,168517632,15501536,537411584,1018101760
findling-rss 1788572409,354615296,168529920,15520312,540553216,1018101760
findling-rss 1788572414,350031872,168546304,15532656,536383488,1018101760
findling-rss 1788572419,350629888,168574976,15526720,536961024,1018101760
findling-rss 1788572424,351490048,168574976,15544680,537817088,1018101760
findling-rss 1788572429,335552512,168603648,15556992,521846784,1018101760
findling-rss 1788572434,350797824,168628224,15551176,536924160,1018101760
findling-rss 1788572439,351178752,168628224,15569160,537374720,1018101760
findling-rss 1788572444,309436416,168648704,15581384,495640576,1018101760
findling-rss 1788572449,355164160,168521728,15517448,541085696,1018101760
findling-rss 1788572454,351223808,168521728,15536024,537202688,1018101760
findling-rss 1788572459,260878336,168550400,15441728,445460480,1018101760
findling-rss 1788572464,350613504,168579072,15541496,536633344,1018101760
findling-rss 1788572469,354820096,168583168,15560208,540995584,1018101760
findling-rss 1788572474,352706560,168611840,15554040,539025408,1018101760
findling-rss 1788572479,335593472,168636416,15566272,521871360,1018101760
findling-rss 1788572484,351539200,168636416,15586024,537907200,1018101760
findling-rss 1788572489,352264192,168669184,15578592,538722304,1018101760
findling-rss 1788572494,281796608,168697856,15591632,467750912,1018101760
findling-rss 1788572499,350355456,168693760,15612376,536580096,1018101760
findling-rss 1788572504,351232000,168546304,15482464,537399296,1018101760
findling-rss 1788572509,352354304,168546304,15500832,538574848,1018101760
findling-rss 1788572514,360497152,169271296,15513368,547430400,1018101760
findling-rss 1788572519,361263104,169271296,15513416,548278272,1018101760
findling-rss 1788572524,351891456,168574976,15513128,537944064,1018101760
findling-rss 1788572529,350248960,168607744,15525904,536498176,1018101760
findling-rss 1788572534,351358976,168644608,15520168,537710592,1018101760
findling-rss 1788572539,351768576,168632320,15538472,538185728,1018101760
findling-rss 1788572544,335601664,168665088,15551128,521977856,1018101760
findling-rss 1788572549,351039488,168697856,15544376,537513984,1018101760
findling-rss 1788572554,352505856,168693760,15562768,538869760,1018101760
findling-rss 1788572559,298188800,168730624,15573480,484741120,1018101760
findling-rss 1788572564,350752768,168587264,15525592,537182208,1018101760
findling-rss 1788572569,351809536,168579072,15543352,538091520,1018101760
findling-rss 1788572574,253865984,168583168,15448224,439865344,1018101760
findling-rss 1788572579,350728192,168673280,15553920,537296896,1018101760
findling-rss 1788572584,350687232,168669184,15571536,537423872,1018101760
findling-rss 1788572589,352518144,168697856,15565968,538714112,1018101760
findling-rss 1788572594,350396416,168726528,15578016,536866816,1018101760
findling-rss 1788572599,351457280,168734720,15596608,538021888,1018101760
findling-rss 1788572604,351404032,168759296,15590424,537927680,1018101760
findling-rss 1788572609,300052480,168787968,15603192,486461440,1018101760
findling-rss 1788572614,351420416,168779776,15620480,538103808,1018101760
findling-rss 1788572619,350941184,168640512,15533584,537251840,1018101760
findling-rss 1788572624,247607296,168673280,15439920,432152576,1018101760
findling-rss 1788572629,350973952,168677376,15564488,537591808,1018101760
findling-rss 1788572634,351457280,168710144,15558512,537890816,1018101760
findling-rss 1788572639,351330304,168697856,15576272,537915392,1018101760
findling-rss 1788572644,335654912,168726528,15589520,522182656,1018101760
findling-rss 1788572649,351592448,168755200,15582768,538243072,1018101760
findling-rss 1788572654,351408128,168759296,15601520,537976832,1018101760
findling-rss 1788572659,301178880,168792064,15614376,486879232,1018101760
findling-rss 1788572664,354095104,168812544,15606840,540536832,1018101760
findling-rss 1788572669,351485952,168816640,15625952,537882624,1018101760
findling-rss 1788572674,250081280,168660992,15450544,434651136,1018101760
findling-rss 1788572679,352874496,168697856,15550632,538673152,1018101760
findling-rss 1788572684,350449664,168693760,15573184,536862720,1018101760
findling-rss 1788572689,351666176,168714240,15562864,538054656,1018101760
findling-rss 1788572694,335699968,168747008,15575408,522072064,1018101760
findling-rss 1788572699,351395840,168751104,15592960,537862144,1018101760
findling-rss 1788572704,351297536,168787968,15587880,537776128,1018101760
findling-rss 1788572709,310296576,168808448,15600384,496164864,1018101760
findling-rss 1788572714,351064064,168816640,15619224,537833472,1018101760
findling-rss 1788572719,350466048,170250240,15651504,538316800,1018101760
findling-rss 1788572724,306118656,170250240,15651208,492724224,1018101760
findling-rss 1788572729,362938368,170250240,15650552,550727680,1018101760
findling-rss 1788572734,364032000,170250240,15650168,552079360,1018101760
findling-rss 1788572739,281931776,244625408,17841664,546316288,1018101760
findling-rss 1788572744,351072256,168718336,15560784,537579520,1018101760
findling-rss 1788572749,351244288,168742912,15554872,537595904,1018101760
findling-rss 1788572755,219385856,168419328,15445936,404770816,1018101760
findling-rss 1788572760,350576640,168771584,15584672,536952832,1018101760
findling-rss 1788572765,353890304,168792064,15578584,540430336,1018101760
findling-rss 1788572770,351215616,168804352,15597896,537894912,1018101760
findling-rss 1788572775,335769600,168833024,15609832,522293248,1018101760
findling-rss 1788572780,350777344,168861696,15603912,537231360,1018101760
findling-rss 1788572785,351096832,168861696,15622512,537780224,1018101760
findling-rss 1788572790,300216320,168886272,15634328,486952960,1018101760
findling-rss 1788572795,351621120,168751104,15547800,537804800,1018101760
findling-rss 1788572800,351461376,168751104,15564848,537653248,1018101760
findling-rss 1788572805,271486976,168779776,15469080,456732672,1018101760
findling-rss 1788572810,350699520,168804352,15568200,537325568,1018101760
findling-rss 1788572815,351322112,168800256,15586432,538091520,1018101760
findling-rss 1788572820,352821248,168833024,15580336,539484160,1018101760
findling-rss 1788572825,335785984,168857600,15592472,522264576,1018101760
findling-rss 1788572830,350740480,168865792,15611248,537464832,1018101760
findling-rss 1788572835,334548992,170037248,15584984,522002432,1018101760
findling-rss 1788572840,309698560,168923136,15567200,496111616,1018101760
findling-rss 1788572845,350797824,168923136,15584168,537346048,1018101760
findling-rss 1788572850,351588352,168775680,15552920,538222592,1018101760
findling-rss 1788572855,219459584,168427520,15466400,405520384,1018101760
findling-rss 1788572860,350384128,168804352,15581960,536911872,1018101760
findling-rss 1788572865,353505280,168837120,15574800,539877376,1018101760
findling-rss 1788572870,351191040,168833024,15593712,538013696,1018101760
findling-rss 1788572875,335831040,168865792,15606640,522379264,1018101760
findling-rss 1788572880,351612928,168894464,15599912,537993216,1018101760
findling-rss 1788572885,352333824,168898560,15617872,538963968,1018101760
findling-rss 1788572890,271548416,168919040,15524840,457814016,1018101760
findling-rss 1788572895,351186944,168939520,15624032,537976832,1018101760
findling-rss 1788572900,351510528,168955904,15643392,538157056,1018101760
findling-rss 1788572905,351293440,168812544,15556112,537849856,1018101760
findling-rss 1788572910,350937088,179032064,15855256,546791424,1018101760
findling-rss 1788572915,363708416,179032064,15854056,560750592,1018101760
findling-rss 1788572920,364576768,179032064,15853784,561762304,1018101760
findling-rss 1788572925,362340352,179032064,15852832,559419392,1018101760
findling-rss 1788572930,363655168,179032064,15853784,560721920,1018101760
findling-rss 1788572935,363192320,179032064,15853784,560095232,1018101760
findling-rss 1788572940,365789184,179032064,15853016,562974720,1018101760
findling-rss 1788572945,365613056,179032064,15850576,562716672,1018101760
findling-rss 1788572950,258109440,179032064,15850792,448221184,1018101760
findling-rss 1788572955,313708544,179032064,15850464,510386176,1018101760
findling-rss 1788572960,356958208,179032064,15850128,553918464,1018101760
findling-rss 1788572965,352350208,179032064,15849944,549232640,1018101760
findling-rss 1788572970,367075328,179032064,15850512,564338688,1018101760
findling-rss 1788572975,368283648,179032064,15850128,565342208,1018101760
findling-rss 1788572980,352743424,179032064,15849120,549904384,1018101760
findling-rss 1788572985,369606656,179032064,15854424,566652928,1018101760
findling-rss 1788572990,371421184,179032064,15850400,568270848,1018101760
findling-rss 1788572995,368480256,179032064,15729616,565407744,1018101760
findling-rss 1788573000,316780544,179032064,15730000,513654784,1018101760
findling-rss 1788573005,317165568,179032064,15729232,514125824,1018101760
findling-rss 1788573010,372056064,179032064,15729888,568832000,1018101760
findling-rss 1788573015,373100544,179032064,15729232,569950208,1018101760
findling-rss 1788573020,303968256,168906752,15565248,490409984,1018101760
findling-rss 1788573025,301924352,168939520,15577088,488370176,1018101760
findling-rss 1788573030,306876416,168935424,15595392,493580288,1018101760
findling-rss 1788573035,304189440,168968192,15589568,490917888,1018101760
findling-rss 1788573040,288751616,168988672,15602024,475361280,1018101760
findling-rss 1788573045,303386624,168988672,15620392,489779200,1018101760
findling-rss 1788573050,304611328,169029632,15615200,491077632,1018101760
findling-rss 1788573055,235864064,169050112,15624800,422518784,1018101760
findling-rss 1788573060,304656384,169054208,15645408,491474944,1018101760
findling-rss 1788573065,304758784,168902656,15561920,491470848,1018101760
findling-rss 1788573070,224485376,168583168,15453976,409972736,1018101760
findling-rss 1788573075,303706112,168931328,15591928,490225664,1018101760
findling-rss 1788573080,303681536,168960000,15585744,490307584,1018101760
findling-rss 1788573085,303345664,168960000,15604376,489775104,1018101760
findling-rss 1788573090,298909696,168992768,15643056,484450304,1018101760
findling-rss 1788573095,304893952,169025536,15636688,491712512,1018101760
findling-rss 1788573100,305192960,169021440,15658016,492195840,1018101760
findling-rss 1788573105,289779712,169046016,15669952,476684288,1018101760
findling-rss 1788573110,304971776,169082880,15664624,491806720,1018101760
findling-rss 1788573115,305041408,169070592,15681752,491667456,1018101760
findling-rss 1788573120,253968384,168943616,15614168,443736064,1018101760
findling-rss 1788573125,304922624,168968192,15607448,491499520,1018101760
findling-rss 1788573130,305696768,168972288,15626584,492613632,1018101760
findling-rss 1788573135,270360576,169005056,15533192,454971392,1018101760
findling-rss 1788573140,304635904,169029632,15633368,491286528,1018101760
findling-rss 1788573145,305844224,169029632,15651288,492396544,1018101760
findling-rss 1788573150,305872896,169054208,15644424,492879872,1018101760
findling-rss 1788573155,281088000,169078784,15661328,467951616,1018101760
findling-rss 1788573160,308727808,169078784,15677168,495538176,1018101760
findling-rss 1788573165,305287168,169107456,15669624,492109824,1018101760
findling-rss 1788573170,234770432,168972288,15602224,421224448,1018101760
findling-rss 1788573175,305053696,168976384,15620480,491569152,1018101760
findling-rss 1788573180,305139712,169000960,15613120,492023808,1018101760
findling-rss 1788573185,225521664,168677376,15509048,411222016,1018101760
findling-rss 1788573190,305561600,169033728,15644048,492347392,1018101760
findling-rss 1788573195,308539392,169058304,15637960,495394816,1018101760
findling-rss 1788573200,307326976,169058304,15655944,494223360,1018101760
findling-rss 1788573205,297291776,169086976,15668240,483147776,1018101760
findling-rss 1788573210,305897472,169111552,15662824,492613632,1018101760
findling-rss 1788573215,305750016,169111552,15680944,492576768,1018101760
findling-rss 1788573220,289841152,169148416,15455408,476594176,1018101760
findling-rss 1788573225,306380800,169013248,15606192,493027328,1018101760
findling-rss 1788573230,305229824,169013248,15624968,492093440,1018101760
findling-rss 1788573235,225542144,168681472,15518680,411226112,1018101760
findling-rss 1788573240,305004544,169066496,15629608,491601920,1018101760
findling-rss 1788573245,305221632,169058304,15648136,492060672,1018101760
findling-rss 1788573250,306638848,169095168,15642152,493559808,1018101760
findling-rss 1788573255,289845248,169115648,15654520,476372992,1018101760
findling-rss 1788573260,306073600,169119744,15672608,492875776,1018101760
findling-rss 1788573265,306475008,169144320,15666656,493273088,1018101760
findling-rss 1788573270,253259776,169181184,15679128,440033280,1018101760
findling-rss 1788573275,305004544,169164800,15696576,492146688,1018101760
findling-rss 1788573280,305143808,169037824,15608352,491954176,1018101760
findling-rss 1788573285,277643264,169054208,15518400,464195584,1018101760
findling-rss 1788573290,305213440,169058304,15639584,492150784,1018101760
findling-rss 1788573295,317927424,169091072,15709672,504803328,1018101760
findling-rss 1788573300,352874496,169086976,15727096,539840512,1018101760
findling-rss 1788573305,259354624,169119744,15633840,444616704,1018101760
findling-rss 1788573310,350388224,169148416,15733816,537370624,1018101760
findling-rss 1788573315,351109120,169152512,15752048,538259456,1018101760
findling-rss 1788573320,352518144,169172992,15746136,539729920,1018101760
findling-rss 1788573325,335667200,169201664,15758456,522846208,1018101760
findling-rss 1788573330,354988032,169205760,15776664,541888512,1018101760
findling-rss 1788573335,351182848,169058304,15690000,538095616,1018101760
findling-rss 1788573340,299610112,169086976,15702088,486379520,1018101760
findling-rss 1788573345,353906688,169091072,15720344,540979200,1018101760
findling-rss 1788573350,352047104,169115648,15715272,538894336,1018101760
findling-rss 1788573355,229916672,169160704,15618280,407629824,1018101760
findling-rss 1788573360,351666176,169160704,15745912,538513408,1018101760
findling-rss 1788573365,351182848,169193472,15739568,538300416,1018101760
findling-rss 1788573370,351662080,169189376,15757032,538738688,1018101760
findling-rss 1788573375,349851648,169209856,15770008,537079808,1018101760
findling-rss 1788573380,353865728,169242624,15763776,540995584,1018101760
findling-rss 1788573385,352821248,169246720,15782144,540131328,1018101760
findling-rss 1788573390,335695872,169103360,15711448,522657792,1018101760
findling-rss 1788573396,351109120,169136128,15705152,537939968,1018101760
findling-rss 1788573401,353443840,169123840,15726960,540512256,1018101760
findling-rss 1788573406,271421440,169160704,15634016,458203136,1018101760
findling-rss 1788573411,350449664,169185280,15733184,537432064,1018101760
findling-rss 1788573416,351219712,169189376,15751664,538214400,1018101760
findling-rss 1788573421,351125504,169213952,15564664,538025984,1018101760
findling-rss 1788573426,350236672,169246720,15578136,537337856,1018101760
findling-rss 1788573431,351604736,169254912,15595800,538669056,1018101760
findling-rss 1788573436,351387648,169275392,15590160,538550272,1018101760
findling-rss 1788573441,327020544,245452800,17862560,585383936,1018101760
findling-rss 1788573446,350830592,169136128,15718088,537853952,1018101760
findling-rss 1788573451,351637504,169172992,15712352,538898432,1018101760
findling-rss 1788573456,219361280,168841216,15603872,405385216,1018101760
findling-rss 1788573461,351166464,169193472,15740920,538234880,1018101760
findling-rss 1788573466,350842880,169226240,15734280,537776128,1018101760
findling-rss 1788573471,350445568,169218048,15752560,537681920,1018101760
findling-rss 1788573476,335753216,169254912,15765352,522747904,1018101760
findling-rss 1788573481,351518720,169283584,15758600,538673152,1018101760
findling-rss 1788573486,351596544,169283584,15777256,538644480,1018101760
findling-rss 1788573491,327049216,169312256,15789416,514224128,1018101760
findling-rss 1788573496,350793728,169168896,15702552,537780224,1018101760
findling-rss 1788573501,351244288,169156608,15720720,538345472,1018101760
findling-rss 1788573506,282030080,169205760,15733888,468852736,1018101760
findling-rss 1788573511,351653888,169230336,15726712,538542080,1018101760
findling-rss 1788573516,351522816,169234432,15745464,538816512,1018101760
findling-rss 1788573521,219398144,168902656,15640376,405901312,1018101760
findling-rss 1788573526,350318592,169283584,15751600,537513984,1018101760
findling-rss 1788573531,351522816,169291776,15769736,538636288,1018101760
findling-rss 1788573536,351698944,169320448,15763848,538640384,1018101760
findling-rss 1788573541,335777792,169340928,15776192,522989568,1018101760
findling-rss 1788573546,351047680,169345024,15794536,538324992,1018101760
findling-rss 1788573551,351191040,169201664,15707392,538402816,1018101760
findling-rss 1788573556,299790336,169230336,15719912,487182336,1018101760
findling-rss 1788573561,354971648,169234432,15738576,542052352,1018101760
findling-rss 1788573566,351313920,169267200,15732232,538439680,1018101760
findling-rss 1788573571,220958720,169287680,15635632,405721088,1018101760
findling-rss 1788573576,351006720,169283584,15762168,538017792,1018101760
findling-rss 1788573581,353812480,169328640,15760944,540827648,1018101760
findling-rss 1788573586,354770944,169328640,15763600,542244864,1018101760
findling-rss 1788573591,335826944,169357312,15772144,523124736,1018101760
findling-rss 1788573596,351903744,169385984,15765928,539062272,1018101760
findling-rss 1788573601,351313920,169381888,15784168,538628096,1018101760
findling-rss 1788573606,283070464,169259008,15734904,469946368,1018101760
findling-rss 1788573611,351203328,169279488,15728136,538406912,1018101760
findling-rss 1788573616,352419840,169271296,15746280,539459584,1018101760
findling-rss 1788573621,247181312,169304064,15652344,432582656,1018101760
findling-rss 1788573626,350580736,169340928,15752184,537788416,1018101760
findling-rss 1788573631,352161792,169336832,15770936,539508736,1018101760
findling-rss 1788573636,351158272,169365504,15764616,538566656,1018101760
findling-rss 1788573641,341463040,169398272,15777568,527687680,1018101760
findling-rss 1788573646,351408128,169390080,15795576,538869760,1018101760
findling-rss 1788573651,351453184,169426944,15789184,538804224,1018101760
findling-rss 1788573656,309731328,169279488,15719808,496791552,1018101760
findling-rss 1788573661,350740480,169275392,15737136,537673728,1018101760
findling-rss 1788573666,353128448,169308160,15731992,540282880,1018101760
findling-rss 1788573671,219488256,168984576,15626584,405684224,1018101760
findling-rss 1788573676,350986240,169336832,15762536,538202112,1018101760
findling-rss 1788573681,351080448,169369600,15757080,538411008,1018101760
findling-rss 1788573686,352092160,169365504,15774496,539435008,1018101760
findling-rss 1788573691,335843328,169385984,15786344,523182080,1018101760
findling-rss 1788573696,351100928,169435136,15780384,538591232,1018101760
findling-rss 1788573701,354492416,169435136,15801960,541884416,1018101760
findling-rss 1788573706,271577088,169463808,15708072,458653696,1018101760
findling-rss 1788573711,350142464,169336832,15728552,537292800,1018101760
findling-rss 1788573716,353591296,169336832,15715104,540975104,1018101760
findling-rss 1788573721,353492992,169361408,15709032,540790784,1018101760
findling-rss 1788573726,335892480,169390080,15721216,523071488,1018101760
findling-rss 1788573731,351297536,169390080,15740240,538742784,1018101760
findling-rss 1788573736,351518720,169422848,15734144,538787840,1018101760
findling-rss 1788573741,335908864,169443328,15745536,523104256,1018101760
findling-rss 1788573746,350420992,169443328,15714240,537833472,1018101760
findling-rss 1788573751,350810112,169472000,15706184,538345472,1018101760
findling-rss 1788573756,299941888,169500672,15718568,487051264,1018101760
findling-rss 1788573761,351391744,169504768,15736960,538746880,1018101760
findling-rss 1788573766,355631104,169353216,15708944,542666752,1018101760
findling-rss 1788573771,219553792,169033728,15601656,405725184,1018101760
findling-rss 1788573776,351248384,169390080,15739240,538533888,1018101760
findling-rss 1788573781,351346688,169406464,15733016,538628096,1018101760
findling-rss 1788573786,352051200,169418752,15751856,539402240,1018101760
findling-rss 1788573791,348188672,169435136,15763840,535425024,1018101760
findling-rss 1788573796,352198656,169480192,15758280,539635712,1018101760
findling-rss 1788573801,351821824,169472000,15739080,539295744,1018101760
findling-rss 1788573806,327225344,169492480,15752352,514379776,1018101760
findling-rss 1788573811,351383552,169529344,15746232,538849280,1018101760
findling-rss 1788573816,352317440,169521152,15764104,539590656,1018101760
findling-rss 1788573821,271650816,169377792,15644696,458555392,1018101760
findling-rss 1788573826,350932992,169406464,15744448,538365952,1018101760
findling-rss 1788573831,351219712,169414656,15616968,538284032,1018101760
findling-rss 1788573836,350961664,169435136,15610808,538005504,1018101760
findling-rss 1788573841,349745152,169467904,15622920,536956928,1018101760
findling-rss 1788573846,350584832,169459712,15641360,537759744,1018101760
findling-rss 1788573851,351248384,169500672,15635624,538755072,1018101760
findling-rss 1788573856,345567232,169525248,15648368,531361792,1018101760
findling-rss 1788573861,351494144,169529344,15666152,539025408,1018101760
findling-rss 1788573866,351084544,169549824,15659872,538460160,1018101760
findling-rss 1788573871,335945728,169406464,15738536,523390976,1018101760
findling-rss 1788573876,351494144,169410560,15756744,538828800,1018101760
findling-rss 1788573881,351047680,169443328,15750536,538656768,1018101760
findling-rss 1788573886,271654912,169476096,15660648,458584064,1018101760
findling-rss 1788573891,350863360,169472000,15781352,538324992,1018101760
findling-rss 1788573896,352432128,169496576,15774744,539574272,1018101760
findling-rss 1788573901,219582464,169177088,15667728,405942272,1018101760
findling-rss 1788573906,351014912,169537536,15805696,538562560,1018101760
findling-rss 1788573911,352051200,169570304,15799920,539566080,1018101760
findling-rss 1788573916,350978048,169558016,15818088,538669056,1018101760
findling-rss 1788573921,335945728,169590784,15831016,523571200,1018101760
findling-rss 1788573926,351305728,169435136,15742536,538742784,1018101760
findling-rss 1788573931,334733312,169406464,15760424,522006528,1018101760
findling-rss 1788573936,335949824,169459712,15772816,523304960,1018101760
findling-rss 1788573941,351064064,169496576,15766816,538234880,1018101760
findling-rss 1788573946,351719424,169492480,15785592,539373568,1018101760
findling-rss 1788573951,281661440,169521152,15798224,468828160,1018101760
findling-rss 1788573956,351805440,169545728,15792496,539148288,1018101760
findling-rss 1788573961,353263616,169545728,15802704,540774400,1018101760
findling-rss 1788573966,353730560,169582592,15796608,541384704,1018101760
findling-rss 1788573971,335953920,169603072,15809336,523464704,1018101760
findling-rss 1788573976,351535104,169603072,15827136,539271168,1018101760
findling-rss 1788573981,353267712,169463808,15747656,540614656,1018101760
findling-rss 1788573986,301625344,169496576,15760400,488755200,1018101760
findling-rss 1788573991,351555584,169496576,15778160,538853376,1018101760
findling-rss 1788573996,351350784,169525248,15772880,538525696,1018101760
findling-rss 1788574001,271667200,169558016,15679120,458694656,1018101760
findling-rss 1788574006,351498240,169558016,15805576,538968064,1018101760
findling-rss 1788574011,351268864,169582592,15800024,538775552,1018101760
findling-rss 1788574016,351854592,169590784,15818096,539435008,1018101760
findling-rss 1788574021,350969856,169607168,15830192,538640384,1018101760
findling-rss 1788574026,354177024,169648128,15825112,541863936,1018101760
findling-rss 1788574031,351375360,169639936,15842464,538992640,1018101760
findling-rss 1788574037,335974400,169508864,15737656,523333632,1018101760
findling-rss 1788574042,351956992,169529344,15730160,539332608,1018101760
findling-rss 1788574047,352530432,169525248,15748688,539992064,1018101760
findling-rss 1788574052,271671296,169562112,15654864,458829824,1018101760
findling-rss 1788574057,351096832,169590784,15759752,538591232,1018101760
findling-rss 1788574062,352612352,169594880,15771680,539852800,1018101760
findling-rss 1788574067,316903424,169611264,15870216,504705024,1018101760
findling-rss 1788574072,334798848,170803200,15922928,523378688,1018101760
findling-rss 1788574077,335679488,169639936,15901992,523272192,1018101760
findling-rss 1788574082,351125504,169672704,15894968,538845184,1018101760
findling-rss 1788574087,351940608,169672704,15913336,539754496,1018101760
findling-rss 1788574092,300011520,169537536,15881896,487358464,1018101760
findling-rss 1788574097,351088640,169558016,15874008,538611712,1018101760
findling-rss 1788574102,350629888,169558016,15621992,537886720,1018101760
findling-rss 1788574107,271446016,169594880,15529032,458256384,1018101760
findling-rss 1788574112,350912512,169623552,15628576,538214400,1018101760
findling-rss 1788574117,352555008,169619456,15647624,540102656,1018101760
findling-rss 1788574122,351760384,169652224,15640600,539443200,1018101760
findling-rss 1788574127,335777792,169684992,15653688,523169792,1018101760
findling-rss 1788574132,355676160,169680896,15671080,543051776,1018101760
findling-rss 1788574137,350273536,169701376,15665376,537825280,1018101760
findling-rss 1788574142,274870272,169562112,15893584,461316096,1018101760
findling-rss 1788574147,352002048,169566208,15911568,539566080,1018101760
findling-rss 1788574152,352124928,169594880,15906064,539910144,1018101760
findling-rss 1788574157,328830976,169590784,15924568,528736256,1018101760
findling-rss 1788574162,351735808,169627648,15937064,539275264,1018101760
findling-rss 1788574167,351703040,169648128,15930544,539471872,1018101760
findling-rss 1788574172,355856384,169648128,15949024,543633408,1018101760
findling-rss 1788574177,336945152,169684992,15961568,524652544,1018101760
findling-rss 1788574182,351719424,169705472,15954344,539590656,1018101760
findling-rss 1788574187,352034816,169705472,15974456,539635712,1018101760
findling-rss 1788574192,280772608,169730048,15986680,464707584,1018101760
findling-rss 1788574197,352325632,169598976,15899224,540131328,1018101760
findling-rss 1788574202,354418688,169607168,15917544,542134272,1018101760
findling-rss 1788574207,352030720,169635840,15911760,539848704,1018101760
findling-rss 1788574212,351596544,169660416,15924352,539332608,1018101760
findling-rss 1788574217,352477184,169664512,15942408,540332032,1018101760
findling-rss 1788574222,353136640,169693184,15936064,540987392,1018101760
findling-rss 1788574227,336969728,169713664,15948288,524726272,1018101760
findling-rss 1788574232,351870976,169709568,15966392,539906048,1018101760
findling-rss 1788574237,351789056,169742336,15960704,539602944,1018101760
findling-rss 1788574242,272695296,169787392,15867224,460206080,1018101760
findling-rss 1788574247,351817728,169787392,15991592,539754496,1018101760
findling-rss 1788574252,352825344,169644032,15903344,540778496,1018101760
findling-rss 1788574257,220626944,169320448,15795656,407400448,1018101760
findling-rss 1788574262,352215040,169676800,15933968,540135424,1018101760
findling-rss 1788574267,352456704,169701376,15890072,540041216,1018101760
findling-rss 1788574272,353030144,169697280,15909032,540831744,1018101760
findling-rss 1788574277,339288064,169725952,15921464,526012416,1018101760
findling-rss 1788574282,352698368,169758720,15915232,540749824,1018101760
findling-rss 1788574287,352075776,169758720,15934120,540151808,1018101760
findling-rss 1788574292,331374592,169791488,15945824,516050944,1018101760
findling-rss 1788574297,352268288,169820160,15939704,540315648,1018101760
findling-rss 1788574302,353337344,169820160,15961376,541220864,1018101760
findling-rss 1788574307,272748544,169664512,15822568,460042240,1018101760
findling-rss 1788574312,351989760,169705472,15923176,539897856,1018101760
findling-rss 1788574317,353574912,169701376,15940592,541429760,1018101760
findling-rss 1788574322,351756288,169730048,15935040,539574272,1018101760
findling-rss 1788574327,337039360,169758720,15947656,524759040,1018101760
findling-rss 1788574332,354988032,169762816,15966520,542765056,1018101760
findling-rss 1788574337,352538624,169783296,15960560,540585984,1018101760
findling-rss 1788574342,320462848,169820160,15961656,507740160,1018101760
findling-rss 1788574347,351617024,169811968,15979392,539549696,1018101760
findling-rss 1788574352,352911360,169852928,15973384,541052928,1018101760
findling-rss 1788574357,220700672,184786944,16341336,422289408,1018101760
findling-rss 1788574362,351948800,169709568,15931328,539611136,1018101760
findling-rss 1788574367,352444416,169738240,15925080,540180480,1018101760
findling-rss 1788574372,352579584,169734144,15795880,540332032,1018101760
findling-rss 1788574377,351916032,169771008,15808560,539545600,1018101760
findling-rss 1788574382,352731136,169795584,15801968,540553216,1018101760
findling-rss 1788574387,356646912,169795584,15819904,544444416,1018101760
findling-rss 1788574392,310984704,169828352,15832880,498831360,1018101760
findling-rss 1788574397,351887360,169857024,15826032,539717632,1018101760
findling-rss 1788574402,355475456,169848832,15845032,543420416,1018101760
findling-rss 1788574407,352776192,169881600,15838968,540426240,1018101760
findling-rss 1788574412,351571968,169730048,15917696,539389952,1018101760
findling-rss 1788574417,353153024,170438656,15955464,541687808,1018101760
findling-rss 1788574422,366026752,170438656,15955440,554614784,1018101760
findling-rss 1788574427,337133568,169771008,15930488,525221888,1018101760
findling-rss 1788574432,355753984,169771008,15949264,543416320,1018101760
findling-rss 1788574437,352014336,169791488,15942992,539910144,1018101760
findling-rss 1788574442,300847104,169828352,15955552,488779776,1018101760
findling-rss 1788574447,352071680,169824256,15974608,540237824,1018101760
findling-rss 1788574452,352546816,169857024,15968352,540680192,1018101760
findling-rss 1788574457,267476992,169877504,15871024,453689344,1018101760
findling-rss 1788574462,352100352,169885696,15998360,540225536,1018101760
findling-rss 1788574467,352788480,169914368,15991832,540827648,1018101760
findling-rss 1788574472,353230848,169910272,16010544,541593600,1018101760
findling-rss 1788574477,345513984,169783296,15926920,532078592,1018101760
findling-rss 1788574482,352509952,169803776,15921008,540200960,1018101760
findling-rss 1788574487,352980992,169807872,15943920,540708864,1018101760
findling-rss 1788574492,310812672,169848832,15956696,498683904,1018101760
findling-rss 1788574497,352366592,169865216,15950144,540291072,1018101760
findling-rss 1788574502,352522240,169873408,15968560,540631040,1018101760
findling-rss 1788574507,276602880,169897984,15980696,462585856,1018101760
findling-rss 1788574512,352276480,169926656,15726952,540131328,1018101760
findling-rss 1788574517,354201600,169926656,15745024,542056448,1018101760
findling-rss 1788574522,352944128,169963520,15740288,540954624,1018101760
findling-rss 1788574527,337174528,169811968,15929408,525266944,1018101760
findling-rss 1788574532,352133120,169816064,15948456,540315648,1018101760
findling-rss 1788574537,352608256,169852928,15943016,540635136,1018101760
findling-rss 1788574542,327782400,169869312,15953208,507629568,1018101760
findling-rss 1788574547,352890880,169877504,15973160,540737536,1018101760
findling-rss 1788574552,354754560,169906176,15966840,542744576,1018101760
findling-rss 1788574557,261218304,169934848,15870528,447737856,1018101760
findling-rss 1788574562,352059392,169926656,15997280,540127232,1018101760
findling-rss 1788574567,352575488,169967616,15990776,540913664,1018101760
findling-rss 1788574572,353177600,169967616,16009936,541437952,1018101760
findling-rss 1788574577,352010240,170000384,16021952,540131328,1018101760
findling-rss 1788574582,355131392,169848832,15934080,542994432,1018101760
findling-rss 1788574587,352514048,169852928,15951112,540557312,1018101760
findling-rss 1788574592,337186816,169877504,15964088,525201408,1018101760
findling-rss 1788574597,352448512,174456832,16084440,544944128,1018101760
findling-rss 1788574602,362315776,174456832,16085408,555139072,1018101760
findling-rss 1788574607,349073408,174456832,16085224,541806592,1018101760
findling-rss 1788574612,368021504,174456832,16085112,560779264,1018101760
findling-rss 1788574617,364531712,174456832,16085112,557289472,1018101760
findling-rss 1788574622,349421568,174456832,16081472,542048256,1018101760
findling-rss 1788574627,369016832,174456832,16082832,561565696,1018101760
findling-rss 1788574632,367185920,174456832,16082288,559910912,1018101760
findling-rss 1788574637,366858240,174456832,16082288,559611904,1018101760
findling-rss 1788574642,368496640,174456832,16081904,561188864,1018101760
findling-rss 1788574647,367165440,174456832,16081904,560054272,1018101760
findling-rss 1788574652,352108544,169971712,15837240,540061696,1018101760
findling-rss 1788574658,355504128,169975808,15854520,543387648,1018101760
findling-rss 1788574663,352428032,169996288,15846328,540487680,1018101760
findling-rss 1788574668,337199104,170024960,15858240,525352960,1018101760
findling-rss 1788574673,352604160,170037248,15876488,540864512,1018101760
findling-rss 1788574678,352362496,170049536,15870016,540528640,1018101760
findling-rss 1788574683,281096192,169910272,15788128,464449536,1018101760
findling-rss 1788574688,352206848,169906176,15805912,540143616,1018101760
findling-rss 1788574693,352366592,169930752,15799072,540049408,1018101760
findling-rss 1788574698,220844032,169615360,15695088,407998464,1018101760
findling-rss 1788574703,352342016,169959424,15831048,540340224,1018101760
findling-rss 1788574708,352808960,170000384,15824384,540983296,1018101760
findling-rss 1788574713,352190464,169996288,15843024,540459008,1018101760
findling-rss 1788574718,337215488,170024960,15854056,525451264,1018101760
findling-rss 1788574723,352940032,170053632,15849040,541081600,1018101760
findling-rss 1788574728,352100352,170053632,15867640,540459008,1018101760
findling-rss 1788574733,302014464,170082304,15880496,489979904,1018101760
findling-rss 1788574738,352210944,169947136,15946584,540336128,1018101760
findling-rss 1788574743,353341440,169947136,15963736,541626368,1018101760
findling-rss 1788574748,354607104,169971712,15957416,542699520,1018101760
findling-rss 1788574753,337223680,170004480,15969960,525336576,1018101760
findling-rss 1788574758,353181696,170004480,15987536,541417472,1018101760
findling-rss 1788574763,356913152,170033152,15981984,545116160,1018101760
findling-rss 1788574768,328486912,170049536,15994352,516489216,1018101760
findling-rss 1788574773,352813056,170057728,16013056,541052928,1018101760
findling-rss 1788574778,352616448,170090496,16006576,541057024,1018101760
findling-rss 1788574783,272928768,170110976,15678544,460390400,1018101760
findling-rss 1788574788,352280576,170119168,15807504,540262400,1018101760
findling-rss 1788574793,352559104,169975808,15949336,540635136,1018101760
findling-rss 1788574798,353120256,169984000,15967656,541241344,1018101760
findling-rss 1788574803,351649792,170012672,15980088,539734016,1018101760
findling-rss 1788574808,352886784,170033152,15973656,540807168,1018101760
findling-rss 1788574813,356814848,170029056,15992048,545198080,1018101760
findling-rss 1788574818,337240064,170065920,16003728,525668352,1018101760
findling-rss 1788574823,352960512,170098688,15998224,541159424,1018101760
findling-rss 1788574828,352452608,170094592,16016888,540790784,1018101760
findling-rss 1788574833,272945152,170110976,15922368,460615680,1018101760
findling-rss 1788574838,355708928,170151936,16023496,543911936,1018101760
findling-rss 1788574843,355147776,170139648,16040464,543399936,1018101760
findling-rss 1788574848,353091584,170012672,15850096,541315072,1018101760
findling-rss 1788574853,349450240,170033152,15862256,537042944,1018101760
findling-rss 1788574858,354373632,170041344,15881664,542277632,1018101760
findling-rss 1788574863,352460800,170065920,15875480,540819456,1018101760
findling-rss 1788574868,337264640,170098688,15886712,525565952,1018101760
findling-rss 1788574873,352600064,170098688,15904968,540925952,1018101760
findling-rss 1788574878,355766272,170119168,15899528,543952896,1018101760
findling-rss 1788574883,267558912,170156032,15803216,454201344,1018101760
findling-rss 1788574888,352243712,170151936,15929944,540635136,1018101760
findling-rss 1788574893,318205952,170188800,16000008,506425344,1018101760
findling-rss 1788574898,351035392,170176512,16015360,539308032,1018101760
findling-rss 1788574903,353198080,170037248,16036504,541388800,1018101760
findling-rss 1788574908,350433280,170061824,16048416,538734592,1018101760
findling-rss 1788574913,354230272,170057728,16066944,542539776,1018101760
findling-rss 1788574918,351322112,170098688,16061480,539344896,1018101760
findling-rss 1788574923,335822848,170127360,16073272,524083200,1018101760
findling-rss 1788574928,351739904,170123264,16092168,540127232,1018101760
findling-rss 1788574933,351891456,170151936,16085168,540385280,1018101760
findling-rss 1788574938,300109824,170180608,16098616,488308736,1018101760
findling-rss 1788574943,350986240,170176512,16116512,539357184,1018101760
findling-rss 1788574948,351006720,170209280,16110552,539480064,1018101760
findling-rss 1788574953,219484160,191270912,16656704,428535808,1018101760
findling-rss 1788574958,350916608,170074112,16060224,539246592,1018101760
findling-rss 1788574963,351666176,170106880,16050568,540102656,1018101760
findling-rss 1788574968,351395840,170086400,16069008,539738112,1018101760
findling-rss 1788574973,351891456,170127360,16081256,540377088,1018101760
findling-rss 1788574978,351227904,170156032,16075184,539660288,1018101760
findling-rss 1788574983,350855168,170151936,16093168,539238400,1018101760
findling-rss 1788574988,335867904,170184704,16105616,524431360,1018101760
findling-rss 1788574993,350957568,170213376,16104544,539172864,1018101760
findling-rss 1788574998,352079872,170217472,16123088,540598272,1018101760
findling-rss 1788575003,335843328,170237952,16135384,524337152,1018101760
findling-rss 1788575008,351113216,170094592,16046176,539361280,1018101760
findling-rss 1788575013,350998528,170102784,16066928,539496448,1018101760
findling-rss 1788575018,271581184,170127360,15972928,459350016,1018101760
findling-rss 1788575023,350351360,170160128,16072992,538902528,1018101760
findling-rss 1788575028,351051776,170156032,16091568,539410432,1018101760
findling-rss 1788575033,351215616,170192896,16085560,539267072,1018101760
findling-rss 1788575038,350478336,170217472,16098424,538841088,1018101760
findling-rss 1788575043,351674368,170213376,16115752,540131328,1018101760
findling-rss 1788575048,351535104,170246144,16109408,540209152,1018101760
findling-rss 1788575053,335880192,170270720,16123040,524386304,1018101760
findling-rss 1788575058,351494144,170278912,16141200,540205056,1018101760
findling-rss 1788575063,352120832,170123264,16051824,540217344,1018101760
findling-rss 1788575068,298459136,170147840,16064600,486694912,1018101760
findling-rss 1788575073,351334400,170156032,16082312,539635712,1018101760
findling-rss 1788575078,351174656,170180608,16076264,539594752,1018101760
findling-rss 1788575083,258551808,170205184,15980656,444018688,1018101760
findling-rss 1788575088,351391744,170205184,16110864,539893760,1018101760
findling-rss 1788575093,351969280,170242048,16101216,540246016,1018101760
findling-rss 1788575098,219533312,169914368,15992328,407093248,1018101760
findling-rss 1788575103,343154688,170270720,16132424,530329600,1018101760
findling-rss 1788575108,352210944,170299392,16125808,540778496,1018101760
findling-rss 1788575113,355008512,170295296,16143680,543739904,1018101760
findling-rss 1788575118,282177536,170160128,16076008,470282240,1018101760
findling-rss 1788575123,351088640,170184704,16069104,539299840,1018101760
findling-rss 1788575128,352964608,170188800,16087352,541212672,1018101760
findling-rss 1788575133,351330304,170217472,16080872,539971584,1018101760
findling-rss 1788575138,350343168,170258432,16093208,538562560,1018101760
findling-rss 1788575143,351150080,170250240,16111576,539643904,1018101760
findling-rss 1788575148,355553280,170278912,16106184,544051200,1018101760
findling-rss 1788575153,335945728,170315776,16117640,524230656,1018101760
findling-rss 1788575158,351580160,170307584,16135512,540200960,1018101760
findling-rss 1788575163,350461952,170340352,16130072,538796032,1018101760
findling-rss 1788575168,311267328,170196992,16060144,498028544,1018101760
findling-rss 1788575173,351182848,170192896,16078936,539734016,1018101760
findling-rss 1788575178,354738176,170225664,16073232,543244288,1018101760
findling-rss 1788575183,275156992,170254336,16085136,461303808,1018101760
findling-rss 1788575188,351391744,170250240,16103328,540004352,1018101760
findling-rss 1788575193,351490048,170278912,16096896,540151808,1018101760
findling-rss 1788575198,225968128,170287104,16023304,477040640,1018101760
findling-rss 1788575203,359841792,171696128,16150000,549908480,1018101760
findling-rss 1788575208,362782720,171696128,16147680,552574976,1018101760
findling-rss 1788575213,283561984,171696128,16042976,473145344,1018101760
findling-rss 1788575218,351199232,170315776,16129120,539758592,1018101760
findling-rss 1788575223,351518720,170340352,16126264,539856896,1018101760
findling-rss 1788575228,253120512,170381312,16032576,440094720,1018101760
findling-rss 1788575233,351158272,170377216,16044800,539934720,1018101760
findling-rss 1788575238,351260672,170237952,16068072,539873280,1018101760
findling-rss 1788575243,351735808,170237952,16087080,540217344,1018101760
findling-rss 1788575248,349007872,170266624,16099120,537640960,1018101760
findling-rss 1788575253,355074048,170307584,16093504,543674368,1018101760
findling-rss 1788575258,354758656,170295296,16110880,543457280,1018101760
findling-rss 1788575263,327290880,170323968,16097256,515600384,1018101760
findling-rss 1788575268,351608832,170352640,16091520,540180480,1018101760
findling-rss 1788575273,350998528,170360832,16110344,539750400,1018101760
findling-rss 1788575278,280510464,170373120,16122416,468615168,1018101760
findling-rss 1788575283,351940608,170418176,16117000,540377088,1018101760
findling-rss 1788575288,351207424,170414080,16135120,540139520,1018101760
findling-rss 1788575294,352428032,170287104,16069872,540852224,1018101760
findling-rss 1788575299,336003072,170295296,16080792,524406784,1018101760
findling-rss 1788575304,350998528,170303488,16100880,539492352,1018101760
findling-rss 1788575309,351371264,170336256,16093672,540139520,1018101760
findling-rss 1788575314,336027648,170373120,16107168,524537856,1018101760
findling-rss 1788575319,351215616,170364928,16124424,539639808,1018101760
findling-rss 1788575324,352149504,170389504,16118336,540798976,1018101760
findling-rss 1788575329,271740928,170422272,16025216,460021760,1018101760
findling-rss 1788575334,350969856,170426368,16150152,539742208,1018101760
findling-rss 1788575339,351768576,170455040,16143448,540504064,1018101760
findling-rss 1788575344,219676672,176754688,16252256,412659712,1018101760
findling-rss 1788575349,352051200,170307584,16094016,540610560,1018101760
findling-rss 1788575354,351551488,170340352,16087216,539947008,1018101760
findling-rss 1788575359,352399360,170332160,16091296,540815360,1018101760
findling-rss 1788575364,341573632,170360832,16103088,529223680,1018101760
findling-rss 1788575369,351084544,170389504,16096880,539619328,1018101760
findling-rss 1788575374,351596544,170393600,16115072,540508160,1018101760
findling-rss 1788575379,336060416,170418176,16127568,524726272,1018101760
findling-rss 1788575384,352186368,170455040,16121544,540631040,1018101760
findling-rss 1788575389,352497664,170459136,16143936,541089792,1018101760
findling-rss 1788575394,271781888,170483712,16046408,460152832,1018101760
findling-rss 1788575399,334061568,171507712,16109952,523849728,1018101760
findling-rss 1788575404,352714752,170348544,16096440,541237248,1018101760
findling-rss 1788575409,351547392,170369024,16090800,539897856,1018101760
findling-rss 1788575414,336072704,170397696,16103432,524632064,1018101760
findling-rss 1788575419,351707136,170401792,15952768,540241920,1018101760
findling-rss 1788575424,352169984,170426368,15946672,540774400,1018101760
findling-rss 1788575429,301830144,170459136,15958920,490115072,1018101760
findling-rss 1788575434,351875072,170459136,15976680,540540928,1018101760
findling-rss 1788575439,351600640,170483712,15971264,540127232,1018101760
findling-rss 1788575444,271785984,170520576,15875472,459894784,1018101760
findling-rss 1788575449,351154176,170516480,16002312,539910144,1018101760
findling-rss 1788575454,353955840,170364928,16081728,542687232,1018101760
findling-rss 1788575459,351903744,170369024,16100480,540246016,1018101760
findling-rss 1788575464,348692480,170405888,16118488,536993792,1018101760
findling-rss 1788575469,351576064,170426368,16111400,540188672,1018101760
findling-rss 1788575474,351481856,170422272,16129656,540459008,1018101760
findling-rss 1788575479,336064512,170471424,16142584,524804096,1018101760
findling-rss 1788575484,351588352,170500096,16136080,540172288,1018101760
findling-rss 1788575489,351813632,170500096,16155040,540520448,1018101760
findling-rss 1788575494,282562560,170516480,16166680,471072768,1018101760
findling-rss 1788575499,351277056,170557440,16163928,540041216,1018101760
findling-rss 1788575504,352026624,170565632,16182136,540946432,1018101760
findling-rss 1788575509,219725824,170418176,15998880,460365824,1018101760
findling-rss 1788575514,350588928,172892160,16174576,541827072,1018101760
findling-rss 1788575519,361816064,172892160,16031064,552857600,1018101760
findling-rss 1788575524,362643456,172892160,16031448,553979904,1018101760
findling-rss 1788575529,362774528,172892160,16031720,553951232,1018101760
findling-rss 1788575534,363032576,172892160,16028624,554123264,1018101760
findling-rss 1788575539,242446336,172892160,16029096,433156096,1018101760
findling-rss 1788575544,351199232,170459136,15981600,539983872,1018101760
findling-rss 1788575549,351563776,170487808,15975832,540262400,1018101760
findling-rss 1788575554,219725824,170164224,15871568,407347200,1018101760
findling-rss 1788575559,351842304,170516480,16034832,540172288,1018101760
findling-rss 1788575564,352440320,170549248,16026432,541229056,1018101760
findling-rss 1788575569,354086912,170553344,16044800,543051776,1018101760
findling-rss 1788575574,337096704,170573824,16058096,525701120,1018101760
findling-rss 1788575579,352305152,170610688,16051432,541097984,1018101760
findling-rss 1788575584,352993280,170610688,16069232,542097408,1018101760
findling-rss 1788575589,301264896,170455040,16142016,489676800,1018101760
findling-rss 1788575594,352550912,170491904,16135536,541200384,1018101760
findling-rss 1788575599,353161216,170496000,16154040,542003200,1018101760
findling-rss 1788575604,220762112,170164224,16049088,408764416,1018101760
findling-rss 1788575609,352608256,170553344,16160352,541433856,1018101760
findling-rss 1788575614,352587776,170549248,16178384,541716480,1018101760
findling-rss 1788575619,352432128,170577920,16172176,541077504,1018101760
findling-rss 1788575624,337133568,170602496,16184632,525914112,1018101760
findling-rss 1788575629,353071104,170598400,16202656,542060544,1018101760
findling-rss 1788575634,352485376,170631168,16196248,541716480,1018101760
findling-rss 1788575639,328437760,215126016,17491056,591478784,1018101760
findling-rss 1788575644,353058816,170483712,16144312,542019584,1018101760
findling-rss 1788575649,356065280,170516480,16138736,544784384,1018101760
findling-rss 1788575654,237854720,170541056,15978432,421613568,1018101760
findling-rss 1788575659,351719424,170536960,16102776,540741632,1018101760
findling-rss 1788575664,352555008,170569728,16096912,541339648,1018101760
findling-rss 1788575669,220790784,170250240,15990688,408870912,1018101760
findling-rss 1788575674,350314496,170602496,16128504,539168768,1018101760
findling-rss 1788575679,352329728,170635264,16121616,541483008,1018101760
findling-rss 1788575684,352628736,170627072,16139104,541478912,1018101760
findling-rss 1788575689,337170432,170655744,16156240,526192640,1018101760
findling-rss 1788575694,352428032,170520576,16129752,541216768,1018101760
findling-rss 1788575699,353349632,170520576,16148504,542121984,1018101760
findling-rss 1788575704,320684032,170549248,16218840,509775872,1018101760
findling-rss 1788575709,219504640,170221568,16112600,407805952,1018101760
findling-rss 1788575714,351408128,170586112,16250000,540073984,1018101760
findling-rss 1788575719,351801344,170602496,15949048,540553216,1018101760
findling-rss 1788575724,353165312,170602496,15968592,541913088,1018101760
findling-rss 1788575729,335872000,170635264,15981296,524668928,1018101760
findling-rss 1788575734,352325632,170659840,15974408,541147136,1018101760
findling-rss 1788575739,352256000,170655744,15992936,541155328,1018101760
findling-rss 1788575744,314691584,170696704,16005184,498352128,1018101760
findling-rss 1788575749,351006720,170545152,16210808,539774976,1018101760
findling-rss 1788575754,351604736,170545152,16228656,540524544,1018101760
findling-rss 1788575759,254164992,170225664,16124176,442224640,1018101760
findling-rss 1788575764,350629888,170606592,16235104,539447296,1018101760
findling-rss 1788575769,354566144,170606592,16253360,543576064,1018101760
findling-rss 1788575774,351469568,170631168,16247176,540459008,1018101760
findling-rss 1788575779,335917056,170663936,16259536,524951552,1018101760
findling-rss 1788575784,350965760,170655744,16278272,540004352,1018101760
findling-rss 1788575789,351510528,170700800,16272104,540594176,1018101760
findling-rss 1788575794,298508288,170721280,16285192,487669760,1018101760
findling-rss 1788575799,351141888,170721280,16305640,540573696,1018101760
findling-rss 1788575804,351600640,170594304,16217640,540635136,1018101760
findling-rss 1788575809,219574272,170266624,16108752,407400448,1018101760
findling-rss 1788575814,351027200,170614784,16248376,539852800,1018101760
findling-rss 1788575819,351338496,170639360,16242576,540319744,1018101760
findling-rss 1788575824,352727040,170643456,16260104,541986816,1018101760
findling-rss 1788575829,335937536,170672128,16272016,525000704,1018101760
findling-rss 1788575834,351670272,170704896,16266712,540729344,1018101760
findling-rss 1788575839,351576064,170713088,16285712,540958720,1018101760
findling-rss 1788575844,335941632,170737664,16297376,525172736,1018101760
findling-rss 1788575849,350404608,170758144,16291080,539340800,1018101760
findling-rss 1788575854,351465472,170762240,16309288,540684288,1018101760
findling-rss 1788575859,271663104,170614784,16131792,460251136,1018101760
findling-rss 1788575864,350748672,170639360,16231384,539787264,1018101760
findling-rss 1788575869,351961088,170643456,16249576,541224960,1018101760
findling-rss 1788575874,227233792,170688512,16155568,407781376,1018101760
findling-rss 1788575879,350437376,170704896,16255232,539561984,1018101760
findling-rss 1788575884,334987264,171872256,16305704,525279232,1018101760
findling-rss 1788575889,352112640,170737664,16267912,541474816,1018101760
findling-rss 1788575895,335974400,170762240,16280096,525127680,1018101760
findling-rss 1788575900,351092736,170762240,16298736,540356608,1018101760
findling-rss 1788575905,351186944,170786816,16292552,540385280,1018101760
findling-rss 1788575910,327278592,170647552,16226352,516005888,1018101760
findling-rss 1788575915,352198656,170655744,16241960,541499392,1018101760
findling-rss 1788575920,355155968,170684416,16236544,544108544,1018101760
findling-rss 1788575925,219631616,170369024,16131368,407691264,1018101760
findling-rss 1788575930,350638080,170725376,16271872,539762688,1018101760
findling-rss 1788575935,351195136,170749952,16265072,540200960,1018101760
findling-rss 1788575940,351367168,170749952,16283152,540659712,1018101760
findling-rss 1788575945,335998976,170778624,16241064,525291520,1018101760
findling-rss 1788575950,351395840,170807296,16207352,540491776,1018101760
findling-rss 1788575955,354344960,170803200,16224952,543510528,1018101760
findling-rss 1788575960,300441600,170835968,16237968,489472000,1018101760
findling-rss 1788575965,351399936,170704896,16232064,540303360,1018101760
findling-rss 1788575970,350593024,170696704,16250184,539889664,1018101760
findling-rss 1788575975,353779712,170729472,16244088,542875648,1018101760
findling-rss 1788575980,348590080,170749952,16256000,537571328,1018101760
findling-rss 1788575985,351395840,170754048,16091472,540344320,1018101760
findling-rss 1788575990,352768000,170778624,16089472,541847552,1018101760
findling-rss 1788575995,336023552,170803200,16097288,525025280,1018101760
findling-rss 1788576000,352006144,170811392,16116856,541089792,1018101760
findling-rss 1788576005,352645120,171536384,16129440,542609408,1018101760
findling-rss 1788576010,346869760,171536384,16129304,536903680,1018101760
findling-rss 1788576015,350187520,170831872,16129088,539463680,1018101760
findling-rss 1788576020,351027200,170872832,16122992,539987968,1018101760
findling-rss 1788576025,271769600,248524800,18321976,540602368,1018101760
findling-rss 1788576030,352006144,170745856,16255160,541061120,1018101760
findling-rss 1788576035,353341440,170774528,16249088,542531584,1018101760
findling-rss 1788576040,354611200,170770432,16267344,543555584,1018101760
findling-rss 1788576045,350171136,170795008,16279168,539430912,1018101760
findling-rss 1788576050,351526912,170831872,16236456,540524544,1018101760
findling-rss 1788576055,351989760,170835968,16254528,541372416,1018101760
findling-rss 1788576060,336076800,170856448,16266576,525352960,1018101760
findling-rss 1788576065,351866880,170881024,16260440,541290496,1018101760
findling-rss 1788576070,350842880,170881024,16279032,540262400,1018101760
findling-rss 1788576075,336080896,170917888,16292008,525455360,1018101760
findling-rss 1788576080,351412224,170770432,16241456,540598272,1018101760
findling-rss 1788576085,352288768,170774528,16260320,541491200,1018101760
findling-rss 1788576090,271814656,170795008,16166072,460763136,1018101760
findling-rss 1788576095,350711808,170827776,16266592,540008448,1018101760
findling-rss 1788576100,353136640,170819584,16286880,542420992,1018101760
findling-rss 1788576105,354729984,170856448,16281032,544055296,1018101760
findling-rss 1788576110,347365376,170881024,16293368,536608768,1018101760
findling-rss 1788576115,353583104,170885120,16273072,543027200,1018101760
findling-rss 1788576120,352006144,170921984,16267392,541536256,1018101760
findling-rss 1788576125,336117760,170942464,16278560,525533184,1018101760
findling-rss 1788576130,351997952,170942464,16297312,541478912,1018101760
findling-rss 1788576135,351375360,170795008,16248072,540540928,1018101760
findling-rss 1788576140,282963968,170827776,16259344,472137728,1018101760
findling-rss 1788576145,351997952,170827776,16241624,541196288,1018101760
findling-rss 1788576150,351907840,170860544,16079936,541097984,1018101760
findling-rss 1788576155,252547072,170893312,15994920,439418880,1018101760
findling-rss 1788576160,351424512,170885120,16107096,540540928,1018101760
findling-rss 1788576165,351903744,170921984,16102360,541085696,1018101760
findling-rss 1788576170,353128448,170917888,16120320,542322688,1018101760
findling-rss 1788576175,336183296,170942464,16131888,525541376,1018101760
findling-rss 1788576180,354164736,170971136,16126072,543338496,1018101760
findling-rss 1788576185,351342592,170971136,16144416,540606464,1018101760
findling-rss 1788576190,336179200,170827776,16268656,525422592,1018101760
findling-rss 1788576195,351813632,170852352,16262200,541159424,1018101760
findling-rss 1788576200,353390592,170848256,16280688,542707712,1018101760
findling-rss 1788576205,281772032,170893312,16294176,470679552,1018101760
findling-rss 1788576210,350978048,170917888,16287248,540479488,1018101760
findling-rss 1788576215,351399936,170909696,16036816,540618752,1018101760
findling-rss 1788576220,249917440,170942464,15943288,437018624,1018101760
findling-rss 1788576225,350830592,170971136,16043696,539959296,1018101760
findling-rss 1788576230,351281152,170962944,16061992,540581888,1018101760
findling-rss 1788576235,355274752,170995712,16055088,544649216,1018101760
findling-rss 1788576240,336207872,170856448,16255560,525639680,1018101760
findling-rss 1788576245,351752192,170852352,16273936,541220864,1018101760
findling-rss 1788576250,351899648,170876928,16215240,541118464,1018101760
findling-rss 1788576255,336195584,170905600,16228080,525307904,1018101760
findling-rss 1788576260,350920704,170909696,16246808,540213248,1018101760
findling-rss 1788576265,352157696,170934272,16240240,541360128,1018101760
findling-rss 1788576270,301080576,170967040,16252864,490233856,1018101760
findling-rss 1788576275,351993856,170967040,16270744,541216768,1018101760
findling-rss 1788576280,351936512,170999808,16203208,541319168,1018101760
findling-rss 1788576285,254889984,171028480,16109456,442912768,1018101760
findling-rss 1788576290,353935360,171020288,16238240,543502336,1018101760
findling-rss 1788576295,352096256,170893312,16261864,541364224,1018101760
findling-rss 1788576300,351436800,170889216,16280208,540798976,1018101760
findling-rss 1788576305,336203776,170913792,16291776,525627392,1018101760
findling-rss 1788576310,351715328,170946560,16173832,540917760,1018101760
findling-rss 1788576315,353284096,170946560,16191656,542568448,1018101760
findling-rss 1788576320,327503872,170975232,16204104,516685824,1018101760
findling-rss 1788576325,351465472,171003904,16197744,540897280,1018101760
findling-rss 1788576330,351256576,170995712,16215640,540819456,1018101760
findling-rss 1788576335,271917056,171024384,16122384,460636160,1018101760
findling-rss 1788576340,351485952,171065344,16223512,540659712,1018101760
findling-rss 1788576345,351485952,171061248,16240456,541097984,1018101760
findling-rss 1788576350,352043008,170934272,16235296,541192192,1018101760
findling-rss 1788576355,344756224,170958848,16248136,532709376,1018101760
findling-rss 1788576360,354828288,170967040,16266320,544174080,1018101760
findling-rss 1788576365,352153600,170991616,16260136,541802496,1018101760
findling-rss 1788576370,282316800,171024384,16273152,471113728,1018101760
findling-rss 1788576375,352096256,171012096,16289808,541376512,1018101760
findling-rss 1788576380,352030720,171048960,16284344,541491200,1018101760
findling-rss 1788576385,271917056,171081728,16190952,461029376,1018101760
findling-rss 1788576390,351514624,171081728,16315528,541048832,1018101760
findling-rss 1788576395,353996800,171114496,16309336,543424512,1018101760
findling-rss 1788576400,352669696,171110400,16330824,542490624,1018101760
findling-rss 1788576405,336199680,170975232,16292664,525672448,1018101760
findling-rss 1788576410,351068160,171008000,16286352,540549120,1018101760
findling-rss 1788576415,352075776,171020288,16304648,541499392,1018101760
findling-rss 1788576420,271921152,171040768,16210784,461144064,1018101760
findling-rss 1788576425,351588352,171061248,16310944,541102080,1018101760
findling-rss 1788576430,352301056,171069440,16329400,541929472,1018101760
findling-rss 1788576435,353816576,171094016,16323216,543404032,1018101760
findling-rss 1788576440,350818304,171122688,16335264,540192768,1018101760
findling-rss 1788576445,351825920,171126784,16353696,541597696,1018101760
findling-rss 1788576450,351334400,171151360,16347808,541016064,1018101760
findling-rss 1788576455,336224256,170999808,16278720,525475840,1018101760
findling-rss 1788576460,351862784,171008000,16293944,541188096,1018101760
findling-rss 1788576465,353472512,171028480,16288032,543113216,1018101760
findling-rss 1788576470,271929344,171065344,16192104,460853248,1018101760
findling-rss 1788576475,351461376,171061248,16318920,541065216,1018101760
findling-rss 1788576480,316923904,171081728,16284400,506281984,1018101760
findling-rss 1788576485,351592448,171094016,16302944,541319168,1018101760
findling-rss 1788576490,353034240,171118592,16296376,542752768,1018101760
findling-rss 1788576495,350687232,171151360,16309768,540299264,1018101760
findling-rss 1788576500,351444992,171147264,16327200,541175808,1018101760
findling-rss 1788576505,351305728,171175936,16321712,540889088,1018101760
findling-rss 1788576510,335998976,171044864,16381120,525557760,1018101760
findling-rss 1788576515,351498240,171044864,16282120,540815360,1018101760
findling-rss 1788576520,352890880,171069440,16275776,542617600,1018101760
findling-rss 1788576526,282116096,171094016,16287936,470532096,1018101760
findling-rss 1788576531,354578432,171098112,16306600,543965184,1018101760
findling-rss 1788576536,351850496,171126784,16300256,541499392,1018101760
findling-rss 1788576541,219652096,170799104,16191752,408309760,1018101760
findling-rss 1788576546,352141312,171147264,15898640,541405184,1018101760
findling-rss 1788576551,351629312,171171840,15892504,540561408,1018101760
findling-rss 1788576556,351383552,171184128,15911864,540745728,1018101760
findling-rss 1788576561,335990784,171200512,15923416,525352960,1018101760
findling-rss 1788576566,351993856,171073536,16212184,541216768,1018101760
findling-rss 1788576571,351244288,171069440,16231120,540680192,1018101760
findling-rss 1788576576,336039936,171098112,16242616,525438976,1018101760
findling-rss 1788576581,353964032,171130880,16237160,543334400,1018101760
findling-rss 1788576586,351596544,171114496,16254944,540979200,1018101760
findling-rss 1788576591,271753216,171147264,16165216,461041664,1018101760
findling-rss 1788576596,350674944,171188224,16261232,540266496,1018101760
findling-rss 1788576601,353316864,171180032,16280032,542961664,1018101760
findling-rss 1788576606,354713600,171204608,16273464,544067584,1018101760
findling-rss 1788576611,336064512,171245568,16286480,525684736,1018101760
findling-rss 1788576616,351289344,171237376,16304240,541159424,1018101760
findling-rss 1788576621,353615872,171094016,16058344,542855168,1018101760
findling-rss 1788576626,301727744,171122688,16070000,490741760,1018101760
findling-rss 1788576631,351223808,171130880,16089072,540614656,1018101760
findling-rss 1788576636,351391744,171147264,16081896,540741632,1018101760
findling-rss 1788576641,259182592,171175936,15997424,446996480,1018101760
findling-rss 1788576646,350744576,171171840,16113760,540147712,1018101760
findling-rss 1788576651,350846976,171204608,16107008,540024832,1018101760
findling-rss 1788576656,219697152,170889216,16007880,408297472,1018101760
findling-rss 1788576661,350674944,171237376,16137784,540004352,1018101760
findling-rss 1788576666,352264192,171266048,16131192,541798400,1018101760
findling-rss 1788576671,351444992,171270144,16150192,541274112,1018101760
findling-rss 1788576676,336068608,171114496,16410520,525864960,1018101760
findling-rss 1788576681,351232000,171143168,16404448,540987392,1018101760
findling-rss 1788576686,352169984,171159552,16421720,542019584,1018101760
findling-rss 1788576691,318652416,171184128,16432928,508325888,1018101760
findling-rss 1788576696,351051776,171200512,16426976,540831744,1018101760
findling-rss 1788576701,351309824,171204608,16448664,541110272,1018101760
findling-rss 1788576706,282439680,171233280,16460776,471928832,1018101760
findling-rss 1788576711,351113216,171257856,16454072,541016064,1018101760
findling-rss 1788576716,351506432,171266048,16473232,541380608,1018101760
findling-rss 1788576721,271798272,177250304,16537728,488284160,1018101760
findling-rss 1788576726,361615360,177250304,16629216,557690880,1018101760
findling-rss 1788576731,361078784,177250304,16629216,557228032,1018101760
findling-rss 1788576736,348643328,177250304,16629232,544579584,1018101760
findling-rss 1788576741,364703744,177250304,16628848,560779264,1018101760
findling-rss 1788576746,365207552,177250304,16629032,561209344,1018101760
findling-rss 1788576751,349712384,177250304,16629600,545775616,1018101760
findling-rss 1788576756,364941312,177250304,16629216,561184768,1018101760
findling-rss 1788576761,368349184,177250304,16626528,564453376,1018101760
findling-rss 1788576766,367620096,177250304,16481928,563593216,1018101760
findling-rss 1788576771,367554560,177250304,16479160,563527680,1018101760
findling-rss 1788576776,286117888,177250304,16374592,480395264,1018101760
findling-rss 1788576781,357539840,177250304,16478592,553136128,1018101760
findling-rss 1788576786,351748096,171311104,16392952,541855744,1018101760
findling-rss 1788576791,234708992,171188224,16308856,420143104,1018101760
findling-rss 1788576796,351424512,171216896,16404864,541155328,1018101760
findling-rss 1788576801,354263040,171208704,16423392,544043008,1018101760
findling-rss 1788576806,351522816,171245568,16417544,541233152,1018101760
findling-rss 1788576811,336125952,171270144,16430000,525934592,1018101760
findling-rss 1788576816,352092160,171274240,16448208,542171136,1018101760
findling-rss 1788576821,351346688,171298816,16442048,541302784,1018101760
findling-rss 1788576826,283230208,171331584,16455448,473092096,1018101760
findling-rss 1788576831,351854592,171331584,16473368,541900800,1018101760
findling-rss 1788576836,352456704,171360256,16463272,542339072,1018101760
findling-rss 1788576841,219787264,174215168,16473224,411062272,1018101760
findling-rss 1788576846,349499392,171208704,16418888,539213824,1018101760
findling-rss 1788576851,351981568,171261952,16413720,541683712,1018101760
findling-rss 1788576856,352530432,171257856,16432384,542535680,1018101760
findling-rss 1788576861,336162816,171282432,16443704,526123008,1018101760
findling-rss 1788576866,351641600,171315200,16437928,541589504,1018101760
findling-rss 1788576871,352419840,171319296,16456408,542416896,1018101760
findling-rss 1788576876,282542080,171347968,16469584,472420352,1018101760
findling-rss 1788576881,350932992,171380736,16464608,540930048,1018101760
findling-rss 1788576886,413585408,171167744,16501768,603676672,1018101760
findling-rss 1788576891,352739328,171413504,16501616,543100928,1018101760
findling-rss 1788576896,349880320,171266048,16433160,539680768,1018101760
findling-rss 1788576901,353771520,171274240,16451504,543854592,1018101760
findling-rss 1788576906,352792576,171302912,16445136,542957568,1018101760
findling-rss 1788576911,337248256,171335680,16458224,527187968,1018101760
findling-rss 1788576916,355868672,171331584,16476048,545914880,1018101760
findling-rss 1788576921,353669120,171356160,16241872,543494144,1018101760
findling-rss 1788576926,272949248,171388928,16146672,462376960,1018101760
findling-rss 1788576931,352759808,171388928,16272424,542543872,1018101760
findling-rss 1788576936,354791424,171425792,16266576,544407552,1018101760
findling-rss 1788576941,352755712,171409408,16284656,542699520,1018101760
findling-rss 1788576946,351969280,171438080,16297200,541765632,1018101760
findling-rss 1788576951,355622912,171298816,16437640,545443840,1018101760
findling-rss 1788576956,353517568,171302912,16296064,543424512,1018101760
findling-rss 1788576961,337268736,171331584,16309024,520826880,1018101760
findling-rss 1788576966,353112064,171372544,16303288,543051776,1018101760
findling-rss 1788576971,352669696,171364352,16321176,542638080,1018101760
findling-rss 1788576976,260792320,171388928,16226728,449228800,1018101760
findling-rss 1788576981,353439744,171421696,16327128,543252480,1018101760
findling-rss 1788576986,354885632,171417600,16345320,544976896,1018101760
findling-rss 1788576991,353517568,171450368,16339272,543686656,1018101760
findling-rss 1788576996,337289216,171474944,16351840,527106048,1018101760
findling-rss 1788577001,353411072,171470848,16373080,543252480,1018101760
findling-rss 1788577006,352817152,171343872,16444744,542883840,1018101760
findling-rss 1788577011,299851776,171364352,16456656,489672704,1018101760
findling-rss 1788577016,352903168,171352064,16432408,542879744,1018101760
findling-rss 1788577021,353013760,171393024,16425584,543236096,1018101760
findling-rss 1788577026,220917760,171069440,16318456,409870336,1018101760
findling-rss 1788577031,353288192,171429888,16457032,543481856,1018101760
findling-rss 1788577036,352481280,171454464,16451488,542318592,1018101760
findling-rss 1788577041,352882688,171446272,16468520,542998528,1018101760
findling-rss 1788577046,337268736,171479040,16480928,527273984,1018101760
findling-rss 1788577051,352735232,171499520,16471992,542789632,1018101760
findling-rss 1788577056,351838208,171495424,16489456,542179328,1018101760
findling-rss 1788577061,272998400,171372544,16358144,462659584,1018101760
findling-rss 1788577066,352219136,171397120,16458032,542126080,1018101760
findling-rss 1788577071,353071104,171409408,16477008,543289344,1018101760
findling-rss 1788577076,355733504,171425792,16470056,546009088,1018101760
findling-rss 1788577081,351928320,171462656,16429608,541773824,1018101760
findling-rss 1788577086,353476608,171466752,16447544,543715328,1018101760
findling-rss 1788577091,352776192,171491328,16441496,543178752,1018101760
findling-rss 1788577096,337297408,171507712,16453296,527204352,1018101760
findling-rss 1788577101,352800768,171515904,16472160,542969856,1018101760
findling-rss 1788577106,353316864,171552768,16465952,543698944,1018101760
findling-rss 1788577111,284626944,249806848,18790784,555577344,1018101760
findling-rss 1788577116,352661504,171413504,16456040,542646272,1018101760
findling-rss 1788577121,355983360,171425792,16450064,546066432,1018101760
findling-rss 1788577126,220983296,171110400,16343160,410177536,1018101760
findling-rss 1788577131,352280576,171462656,16480928,542302208,1018101760
findling-rss 1788577137,352108544,171507712,16474720,542420992,1018101760
findling-rss 1788577142,355131392,171507712,16493088,545316864,1018101760
findling-rss 1788577147,337350656,171540480,16505400,527392768,1018101760
findling-rss 1788577152,352292864,171560960,16498968,542617600,1018101760
findling-rss 1788577157,353705984,171569152,16518200,544124928,1018101760
findling-rss 1788577162,288854016,171597824,16527544,475066368,1018101760
findling-rss 1788577167,352980992,171454464,16456368,542887936,1018101760
findling-rss 1788577172,352399360,174960640,16571720,546189312,1018101760
findling-rss 1788577177,362512384,174960640,16569680,556400640,1018101760
findling-rss 1788577182,362213376,174960640,16569680,555978752,1018101760
findling-rss 1788577187,367058944,174960640,16570064,560701440,1018101760
findling-rss 1788577192,369410048,174960640,16573592,563212288,1018101760
findling-rss 1788577197,366616576,174960640,16546016,560267264,1018101760
findling-rss 1788577202,367513600,174960640,16546384,561254400,1018101760
findling-rss 1788577207,283979776,174960640,16439376,476311552,1018101760
findling-rss 1788577212,352399360,171499520,16446752,542515200,1018101760
findling-rss 1788577217,351731712,171495424,16464328,541646848,1018101760
findling-rss 1788577222,354803712,171536384,16459520,544829440,1018101760
findling-rss 1788577227,351731712,171556864,16444072,541749248,1018101760
findling-rss 1788577232,352051200,171552768,16463264,542334976,1018101760
findling-rss 1788577237,353755136,171585536,16456080,544145408,1018101760
findling-rss 1788577242,337420288,171614208,16468664,527863808,1018101760
findling-rss 1788577247,352473088,171614208,16486744,542593024,1018101760
findling-rss 1788577252,352833536,171646976,16480920,542855168,1018101760
findling-rss 1788577257,284729344,171495424,16461408,474767360,1018101760
findling-rss 1788577262,353095680,171499520,16318992,543006720,1018101760
findling-rss 1788577267,353681408,171524096,16311744,543547392,1018101760
findling-rss 1788577272,221085696,171204608,16205656,410099712,1018101760
findling-rss 1788577277,351940608,171552768,16342944,541941760,1018101760
findling-rss 1788577282,352698368,171585536,16336872,542584832,1018101760
findling-rss 1788577287,355389440,171585536,16355720,545628160,1018101760
findling-rss 1788577292,347217920,175812608,16464312,541736960,1018101760
findling-rss 1788577297,363880448,175812608,16463928,558551040,1018101760
findling-rss 1788577302,311250944,175812608,16467272,505602048,1018101760
findling-rss 1788577307,354992128,175812608,16466704,549605376,1018101760
findling-rss 1788577312,365895680,175812608,16466904,560300032,1018101760
findling-rss 1788577317,286810112,175812608,16362568,480808960,1018101760
findling-rss 1788577322,366878720,175812608,16466368,561467392,1018101760
findling-rss 1788577327,314257408,175812608,16466752,508612608,1018101760
findling-rss 1788577332,278462464,175812608,16359880,472449024,1018101760
findling-rss 1788577337,352980992,171626496,16369216,543014912,1018101760
findling-rss 1788577342,353091584,171663360,16366128,543350784,1018101760
findling-rss 1788577347,221118464,171339776,16257872,410267648,1018101760
findling-rss 1788577352,352526336,171692032,16397336,542740480,1018101760
findling-rss 1788577357,353116160,171552768,16328688,542887936,1018101760
findling-rss 1788577362,357318656,171552768,16344912,547160064,1018101760
findling-rss 1788577367,337514496,171577344,16356712,527523840,1018101760
findling-rss 1788577372,352833536,171606016,16350504,542789632,1018101760
findling-rss 1788577377,352354304,171597824,16368376,542744576,1018101760
findling-rss 1788577382,284491776,171638784,16382000,474415104,1018101760
findling-rss 1788577387,352260096,171659264,16375232,542453760,1018101760
findling-rss 1788577392,355934208,171667456,16166144,546021376,1018101760
findling-rss 1788577397,317861888,171696128,16235408,507850752,1018101760
findling-rss 1788577402,334577664,172859392,16287640,525570048,1018101760
findling-rss 1788577407,349306880,171724800,16266480,539389952,1018101760
findling-rss 1788577412,351301632,171569152,16546192,541466624,1018101760
findling-rss 1788577417,354091008,171577344,16564096,544161792,1018101760
findling-rss 1788577422,309989376,171606016,16576272,500051968,1018101760
findling-rss 1788577427,351862784,171642880,16573592,542224384,1018101760
findling-rss 1788577432,354832384,171638784,16592120,545132544,1018101760
findling-rss 1788577437,325730304,171675648,16586544,516235264,1018101760
findling-rss 1788577442,350658560,171696128,16597976,541036544,1018101760
findling-rss 1788577447,351297536,171692032,16615944,541863936,1018101760
findling-rss 1788577452,351518720,171732992,16611000,542134272,1018101760
findling-rss 1788577457,336130048,171757568,16594232,526311424,1018101760
findling-rss 1788577462,351784960,171753472,16612824,542416896,1018101760
findling-rss 1788577467,351244288,171610112,16553984,541294592,1018101760
findling-rss 1788577472,318746624,171642880,16567184,508833792,1018101760
findling-rss 1788577477,352165888,171642880,16584760,542539776,1018101760
findling-rss 1788577482,351600640,171671552,16578640,542224384,1018101760
findling-rss 1788577487,219774976,171347968,16470568,409030656,1018101760
findling-rss 1788577492,350404608,171700224,16613968,540762112,1018101760
findling-rss 1788577497,353529856,171720704,16603192,543866880,1018101760
findling-rss 1788577502,352788480,171728896,16621648,543100928,1018101760
findling-rss 1788577507,336117760,171749376,16635056,526598144,1018101760
findling-rss 1788577512,351293440,171786240,16628568,541847552,1018101760
findling-rss 1788577517,352776192,171782144,16646784,543371264,1018101760
findling-rss 1788577522,336146432,171646976,16576656,526319616,1018101760
findling-rss 1788577527,351076352,171667456,16571360,541446144,1018101760
findling-rss 1788577532,353533952,171671552,16588496,543965184,1018101760
findling-rss 1788577537,271851520,171700224,16494840,461811712,1018101760
findling-rss 1788577542,351510528,171732992,16594952,541773824,1018101760
findling-rss 1788577547,351502336,171728896,16613208,542212096,1018101760
findling-rss 1788577552,219779072,171405312,16388552,409149440,1018101760
findling-rss 1788577557,350195712,171773952,16499960,540672000,1018101760
findling-rss 1788577562,351907840,180215808,16750680,550924288,1018101760
findling-rss 1788577567,361299968,180215808,16750680,560467968,1018101760
findling-rss 1788577572,362733568,180215808,16747392,561917952,1018101760
findling-rss 1788577577,364904448,180215808,16747392,564060160,1018101760
findling-rss 1788577582,363196416,180215808,16747576,562454528,1018101760
findling-rss 1788577587,310038528,180215808,16745288,509059072,1018101760
findling-rss 1788577592,355831808,180215808,16745136,554754048,1018101760
findling-rss 1788577597,286232576,180215808,16640952,484900864,1018101760
findling-rss 1788577602,367300608,180215808,16747728,566386688,1018101760
findling-rss 1788577607,366419968,180215808,16748232,565415936,1018101760
findling-rss 1788577612,298319872,180215808,16748432,497315840,1018101760
findling-rss 1788577617,367370240,180215808,16747976,566484992,1018101760
findling-rss 1788577622,371720192,180215808,16748344,570953728,1018101760
findling-rss 1788577627,326516736,180215808,16747976,525529088,1018101760
findling-rss 1788577632,315916288,180215808,16747960,514928640,1018101760
findling-rss 1788577637,316055552,180215808,16748344,515162112,1018101760
findling-rss 1788577642,354390016,180215808,16747592,553570304,1018101760
findling-rss 1788577647,371097600,180215808,16747960,570499072,1018101760
findling-rss 1788577652,372195328,180215808,16747960,571359232,1018101760
findling-rss 1788577657,300093440,171855872,16535904,490532864,1018101760
findling-rss 1788577662,351670272,171724800,16562736,541896704,1018101760
findling-rss 1788577667,352210944,171737088,16582760,542679040,1018101760
findling-rss 1788577672,352833536,171765760,16575504,543285248,1018101760
findling-rss 1788577677,350380032,171786240,16588080,540909568,1018101760
findling-rss 1788577682,351285248,171782144,16605816,541962240,1018101760
findling-rss 1788577687,351174656,171806720,16599768,541704192,1018101760
findling-rss 1788577692,336236544,171835392,16611744,527020032,1018101760
findling-rss 1788577697,351645696,171835392,16630680,542117888,1018101760
findling-rss 1788577702,351399936,171872256,16624264,542298112,1018101760
findling-rss 1788577707,300118016,171900928,16637504,490708992,1018101760
findling-rss 1788577712,351870976,171896832,16655680,542756864,1018101760
findling-rss 1788577717,352137216,171765760,16567160,542851072,1018101760
findling-rss 1788577722,219881472,171433984,15946912,408854528,1018101760
findling-rss 1788577727,352022528,171786240,16085112,542003200,1018101760
findling-rss 1788577732,352260096,171823104,16078808,542461952,1018101760
findling-rss 1788577737,353390592,171814912,16097680,543485952,1018101760
findling-rss 1788577742,336240640,171839488,16109976,526393344,1018101760
findling-rss 1788577747,352604160,171868160,16103248,542728192,1018101760
findling-rss 1788577753,351256576,171872256,16122112,541429760,1018101760
findling-rss 1788577758,336265216,171896832,16134704,526344192,1018101760
findling-rss 1788577763,351670272,171929600,16128472,542187520,1018101760
findling-rss 1788577768,353931264,171933696,16146680,544174080,1018101760
findling-rss 1788577773,283369472,171794432,16589088,473714688,1018101760
findling-rss 1788577778,351367168,171827200,16582856,542101504,1018101760
findling-rss 1788577783,352403456,171814912,16601320,543043584,1018101760
findling-rss 1788577788,219918336,171503616,16482064,410046464,1018101760
findling-rss 1788577793,350781440,171884544,16601352,541237248,1018101760
findling-rss 1788577798,352759808,171884544,16616712,543338496,1018101760
findling-rss 1788577803,352587776,171917312,16609840,543367168,1018101760
findling-rss 1788577808,336314368,171941888,16622392,526962688,1018101760
findling-rss 1788577813,351875072,171941888,16640376,542568448,1018101760
findling-rss 1788577818,351985664,171982848,16634032,542744576,1018101760
findling-rss 1788577823,256421888,198750208,17350152,471625728,1018101760
findling-rss 1788577828,351408128,171835392,16565488,542064640,1018101760
findling-rss 1788577833,354291712,171864064,16558824,545058816,1018101760
findling-rss 1788577838,334483456,171864064,16574416,542306304,1018101760
findling-rss 1788577843,348782592,171892736,16590600,539373568,1018101760
findling-rss 1788577848,351035392,171925504,16583664,541622272,1018101760
findling-rss 1788577853,351854592,171913216,16602152,542662656,1018101760
findling-rss 1788577858,336338944,171958272,16614440,526995456,1018101760
findling-rss 1788577863,351358976,171982848,16607936,542162944,1018101760
findling-rss 1788577868,351993856,171974656,16626968,542953472,1018101760
findling-rss 1788577873,272703488,172015616,16619192,462266368,1018101760
findling-rss 1788577878,354398208,171864064,16579696,544866304,1018101760
findling-rss 1788577883,353091584,171876352,16598648,543621120,1018101760
findling-rss 1788577888,352120832,171900928,16591968,542838784,1018101760
findling-rss 1788577893,351375360,171929600,16604128,541822976,1018101760
findling-rss 1788577898,354504704,171929600,16622088,545058816,1018101760
findling-rss 1788577903,351997952,171962368,16619880,542789632,1018101760
findling-rss 1788577908,336363520,171982848,16631224,527093760,1018101760
findling-rss 1788577913,352485376,171986944,16650544,543240192,1018101760
findling-rss 1788577918,352153600,172007424,16643680,543006720,1018101760
findling-rss 1788577923,272093184,172036096,16403816,462233600,1018101760
findling-rss 1788577928,351264768,172036096,16527600,541929472,1018101760
findling-rss 1788577933,352321536,171892736,16465176,542806016,1018101760
findling-rss 1788577938,220024832,171573248,16357640,409505792,1018101760
findling-rss 1788577943,351342592,171925504,16495432,542085120,1018101760
findling-rss 1788577948,338092032,173129728,16521848,529850368,1018101760
findling-rss 1788577953,351825920,171954176,16507320,542318592,1018101760
findling-rss 1788577958,336396288,171986944,16520000,526876672,1018101760
findling-rss 1788577963,351670272,172015616,16511896,542339072,1018101760
findling-rss 1788577968,353402880,172007424,16481000,544174080,1018101760
findling-rss 1788577973,302047232,172040192,16499144,492613632,1018101760
findling-rss 1788577978,352100352,172064768,16492872,542769152,1018101760
findling-rss 1788577983,351260672,172060672,16509952,541995008,1018101760
findling-rss 1788577988,272117760,171929600,16506264,462614528,1018101760
findling-rss 1788577993,352059392,171962368,16606472,542826496,1018101760
findling-rss 1788577998,352219136,171954176,16624536,542715904,1018101760
findling-rss 1788578003,355418112,171978752,16617752,546332672,1018101760
findling-rss 1788578008,336412672,172011520,16629840,527122432,1018101760
findling-rss 1788578013,352223232,172015616,16648912,542945280,1018101760
findling-rss 1788578018,352387072,172044288,16642568,543227904,1018101760
findling-rss 1788578023,311050240,172077056,16681352,501714944,1018101760
findling-rss 1788578028,352096256,172068864,16699704,542953472,1018101760
findling-rss 1788578033,354439168,172101632,16693312,545423360,1018101760
findling-rss 1788578038,273104896,172126208,16597432,463863808,1018101760
findling-rss 1788578043,352350208,172126208,16724152,543436800,1018101760
findling-rss 1788578048,353550336,171991040,16638608,544149504,1018101760
findling-rss 1788578053,353181696,171995136,16657360,544112640,1018101760
findling-rss 1788578058,337416192,172019712,16669816,528326656,1018101760
findling-rss 1788578063,353259520,172052480,16661792,544178176,1018101760
findling-rss 1788578068,352600064,172044288,16680208,543444992,1018101760
findling-rss 1788578073,328712192,172077056,16692208,519487488,1018101760
findling-rss 1788578078,352595968,172101632,16686408,543768576,1018101760
findling-rss 1788578083,353054720,172105728,16705160,544272384,1018101760
findling-rss 1788578088,265142272,172138496,16610976,453591040,1018101760
findling-rss 1788578093,352579584,172163072,16667776,543358976,1018101760
findling-rss 1788578098,353333248,172163072,16682776,544354304,1018101760
findling-rss 1788578103,353243136,172032000,16595064,544124928,1018101760
findling-rss 1788578108,337436672,172048384,16608064,528224256,1018101760
findling-rss 1788578113,353009664,172060672,16626792,543858688,1018101760
findling-rss 1788578118,353193984,172081152,16620200,544288768,1018101760
findling-rss 1788578123,337453056,172109824,16632064,528285696,1018101760
findling-rss 1788578128,353083392,172109824,16650888,544198656,1018101760
findling-rss 1788578133,353165312,172142592,16644768,544186368,1018101760
findling-rss 1788578138,260456448,172154880,16550160,449167360,1018101760
findling-rss 1788578143,352645120,172167168,16675320,543760384,1018101760
findling-rss 1788578148,352804864,172199936,16669768,543924224,1018101760
findling-rss 1788578153,356728832,172191744,16687528,547524608,1018101760
findling-rss 1788578158,337469440,172068864,16620016,528211968,1018101760
findling-rss 1788578163,353013760,172101632,16613240,544038912,1018101760
findling-rss 1788578168,356638720,172081152,16631024,547700736,1018101760
findling-rss 1788578173,293728256,172118016,16643768,479744000,1018101760
findling-rss 1788578178,353067008,172150784,16636904,543748096,1018101760
findling-rss 1788578183,353128448,172150784,16655952,544108544,1018101760
findling-rss 1788578188,353255424,172187648,16649160,544264192,1018101760
findling-rss 1788578193,338964480,172224512,16662016,528949248,1018101760
findling-rss 1788578198,352370688,172212224,16679824,543457280,1018101760
findling-rss 1788578203,353636352,172253184,16677048,544874496,1018101760
findling-rss 1788578208,337514496,172113920,16608544,528183296,1018101760
findling-rss 1788578213,352731136,172109824,16626392,543543296,1018101760
findling-rss 1788578218,353034240,172134400,16620864,544006144,1018101760
findling-rss 1788578223,273219584,172171264,16526656,461250560,1018101760
findling-rss 1788578228,356208640,172175360,16651232,547078144,1018101760
findling-rss 1788578233,352628736,172195840,16645728,543494144,1018101760
findling-rss 1788578238,352681984,172195840,16664504,543793152,1018101760
findling-rss 1788578243,337530880,172228608,16676752,528637952,1018101760
findling-rss 1788578248,355479552,172253184,16670048,546578432,1018101760
findling-rss 1788578253,354226176,172257280,16685976,545435648,1018101760
findling-rss 1788578258,320913408,172285952,16754600,512270336,1018101760
findling-rss 1788578263,271896576,172154880,16581216,462401536,1018101760
findling-rss 1788578268,351535104,172150784,16705344,542654464,1018101760
findling-rss 1788578273,351723520,172175360,16698640,542736384,1018101760
findling-rss 1788578278,219824128,171851776,16590384,410071040,1018101760
findling-rss 1788578283,350756864,172195840,16729080,541630464,1018101760
findling-rss 1788578288,355495936,172236800,16722824,546660352,1018101760
findling-rss 1788578293,351485952,172224512,16741376,542650368,1018101760
findling-rss 1788578298,336199680,172257280,16753736,527298560,1018101760
findling-rss 1788578303,352071680,172294144,16747800,543481856,1018101760
findling-rss 1788578308,351559680,172285952,16766080,542937088,1018101760
findling-rss 1788578313,327512064,172318720,16778896,518754304,1018101760
findling-rss 1788578318,352235520,172171264,16692048,543293440,1018101760
findling-rss 1788578323,352329728,172179456,16710120,543444992,1018101760
findling-rss 1788578328,271941632,172208128,16616392,462512128,1018101760
findling-rss 1788578333,351424512,172236800,16716456,542470144,1018101760
findling-rss 1788578338,352542720,172232704,16734600,543772672,1018101760
findling-rss 1788578343,354250752,172269568,16728096,545230848,1018101760
findling-rss 1788578348,336240640,172290048,16740416,527347712,1018101760
findling-rss 1788578353,351547392,172294144,16759032,542724096,1018101760
findling-rss 1788578358,351584256,172318720,16752712,543027200,1018101760
findling-rss 1788578363,336248832,172343296,16765688,527499264,1018101760
findling-rss 1788578368,335921152,172363776,16810184,527257600,1018101760
findling-rss 1788578374,356761600,172216320,16722224,547651584,1018101760
findling-rss 1788578379,273100800,172244992,16626432,463638528,1018101760
findling-rss 1788578384,352514048,172249088,16754448,543600640,1018101760
findling-rss 1788578389,352677888,172277760,16751224,543842304,1018101760
findling-rss 1788578394,353333248,172277760,16770248,544342016,1018101760
findling-rss 1788578399,352333824,172310528,16778496,543633408,1018101760
findling-rss 1788578404,353435648,172343296,16772400,544833536,1018101760
findling-rss 1788578409,353443840,172343296,16790744,544542720,1018101760
findling-rss 1788578414,328699904,172363776,16803248,519811072,1018101760
findling-rss 1788578419,352239616,172404736,16800280,543395840,1018101760
findling-rss 1788578424,354095104,172408832,16817104,545673216,1018101760
findling-rss 1788578429,273137664,172269568,16644456,463691776,1018101760
findling-rss 1788578434,352223232,172294144,16744752,543432704,1018101760
findling-rss 1788578439,352657408,172290048,16762464,543719424,1018101760
findling-rss 1788578444,335306752,172318720,16755984,544165888,1018101760
findling-rss 1788578449,352329728,172359680,16768704,543645696,1018101760
findling-rss 1788578454,352468992,172343296,16786960,543797248,1018101760
findling-rss 1788578459,352636928,172376064,16781368,544059392,1018101760
findling-rss 1788578464,337448960,172408832,16793480,528662528,1018101760
findling-rss 1788578469,353021952,172417024,16812528,544280576,1018101760
findling-rss 1788578474,353579008,172441600,16805800,544702464,1018101760
findling-rss 1788578479,281329664,172773376,16827648,471273472,1018101760
findling-rss 1788578484,352428032,176521216,16873336,548208640,1018101760
findling-rss 1788578489,363245568,176521216,16870136,558743552,1018101760
findling-rss 1788578494,311918592,176521216,16866776,507482112,1018101760
findling-rss 1788578499,365785088,176521216,16867144,561115136,1018101760
findling-rss 1788578504,364826624,176521216,16869584,560418816,1018101760
findling-rss 1788578509,290557952,176521216,16869600,483315712,1018101760
findling-rss 1788578514,355659776,176521216,16869400,551219200,1018101760
findling-rss 1788578519,369254400,176521216,16787400,564686848,1018101760
findling-rss 1788578524,351850496,176521216,16786832,547270656,1018101760
findling-rss 1788578529,369360896,176521216,16787016,564985856,1018101760
findling-rss 1788578534,353308672,172347392,16671208,544497664,1018101760
findling-rss 1788578539,273195008,172380160,16577952,463863808,1018101760
findling-rss 1788578544,352071680,172371968,16702280,543436800,1018101760
findling-rss 1788578549,354185216,172396544,16695576,545452032,1018101760
findling-rss 1788578554,221126656,172077056,16596912,411566080,1018101760
findling-rss 1788578559,350314496,172429312,16724184,541630464,1018101760
findling-rss 1788578564,352485376,172457984,16717728,543649792,1018101760
findling-rss 1788578569,353677312,172462080,16736344,545288192,1018101760
findling-rss 1788578574,337494016,172494848,16748480,528949248,1018101760
findling-rss 1788578579,352964608,172322816,16662704,544235520,1018101760
findling-rss 1788578584,354488320,172322816,16681320,545701888,1018101760
findling-rss 1788578589,264482816,172355584,16587408,454160384,1018101760
findling-rss 1788578594,353292288,172388352,16687928,544309248,1018101760
findling-rss 1788578599,352198656,172380160,16705664,543584256,1018101760
findling-rss 1788578604,353112064,172408832,16700112,544325632,1018101760
findling-rss 1788578609,337543168,172441600,16711160,528662528,1018101760
findling-rss 1788578614,352067584,172441600,16730000,543498240,1018101760
findling-rss 1788578619,352464896,172470272,16724160,543887360,1018101760
findling-rss 1788578624,308981760,172503040,16737128,495874048,1018101760
findling-rss 1788578629,352276480,172498944,16754840,543821824,1018101760
findling-rss 1788578634,353067008,172355584,16668360,544313344,1018101760
findling-rss 1788578639,250667008,172380160,16574400,440057856,1018101760
findling-rss 1788578644,352899072,172384256,16698000,543862784,1018101760
findling-rss 1788578649,352231424,172412928,16692160,543408128,1018101760
findling-rss 1788578654,353599488,172408832,16710936,545021952,1018101760
findling-rss 1788578659,337575936,172433408,16723280,528662528,1018101760
findling-rss 1788578664,353026048,172470272,16716616,544575488,1018101760
findling-rss 1788578669,352436224,172462080,16520528,543408128,1018101760
findling-rss 1788578674,302317568,172498944,16533928,493178880,1018101760
findling-rss 1788578679,356380672,172523520,16527248,547479552,1018101760
findling-rss 1788578684,353083392,172527616,16545616,544477184,1018101760
findling-rss 1788578689,221220864,172036096,16368408,411602944,1018101760
findling-rss 1788578694,353075200,172417024,16479024,544219136,1018101760
findling-rss 1788578699,352731136,172421120,16494656,543825920,1018101760
findling-rss 1788578704,354476032,172453888,16343064,545497088,1018101760
findling-rss 1788578709,337588224,172486656,16354840,528281600,1018101760
findling-rss 1788578714,354844672,172482560,16373640,546021376,1018101760
findling-rss 1788578719,352555008,172511232,16367024,543563776,1018101760
findling-rss 1788578724,283787264,172535808,16380744,474599424,1018101760
findling-rss 1788578729,353292288,172544000,16397912,544190464,1018101760
findling-rss 1788578734,353509376,172572672,16392816,544440320,1018101760
findling-rss 1788578739,221224960,172249088,16303568,411365376,1018101760
findling-rss 1788578744,353148928,172437504,16346064,544174080,1018101760
findling-rss 1788578749,353456128,172453888,16341352,544239616,1018101760
findling-rss 1788578754,352989184,172457984,16359536,543821824,1018101760
findling-rss 1788578759,337612800,172490752,16372104,528420864,1018101760
findling-rss 1788578764,352407552,172515328,16365128,543338496,1018101760
findling-rss 1788578769,352866304,172511232,16383768,543694848,1018101760
findling-rss 1788578774,292548608,172535808,16396536,488648704,1018101760
findling-rss 1788578779,353226752,172572672,16390624,544419840,1018101760
findling-rss 1788578784,353554432,172580864,16408176,544555008,1018101760
findling-rss 1788578789,221233152,172249088,16304808,411594752,1018101760
findling-rss 1788578794,352280576,172470272,16336184,543137792,1018101760
findling-rss 1788578799,353222656,172462080,16352384,543944704,1018101760
findling-rss 1788578804,352935936,172490752,16350040,544030720,1018101760
findling-rss 1788578809,337600512,172515328,16361720,528683008,1018101760
findling-rss 1788578814,353333248,172523520,16380448,544567296,1018101760
findling-rss 1788578819,352763904,172548096,16374520,543838208,1018101760
findling-rss 1788578824,300179456,172572672,16386784,489422848,1018101760
findling-rss 1788578829,353447936,172580864,16405024,544661504,1018101760
findling-rss 1788578834,353243136,172609536,16395320,544366592,1018101760
findling-rss 1788578839,221241344,172281856,16286864,411271168,1018101760
findling-rss 1788578844,352428032,172630016,16426216,543772672,1018101760
findling-rss 1788578849,353533952,172507136,16342352,544272384,1018101760
findling-rss 1788578854,352763904,172503040,16360744,544034816,1018101760
findling-rss 1788578859,337641472,172531712,16370376,528887808,1018101760
findling-rss 1788578864,352714752,172560384,16364168,543948800,1018101760
findling-rss 1788578869,354205696,172556288,16381880,545472512,1018101760
findling-rss 1788578874,292352000,172593152,16394616,487129088,1018101760
findling-rss 1788578879,354885632,172621824,16388736,546152448,1018101760
findling-rss 1788578884,353234944,172621824,16407488,544501760,1018101760
findling-rss 1788578889,354623488,172646400,16401032,545648640,1018101760
findling-rss 1788578894,350392320,172675072,16412424,541442048,1018101760
findling-rss 1788578899,352436224,172670976,16431064,543485952,1018101760
findling-rss 1788578904,353533952,172548096,16344792,544747520,1018101760
findling-rss 1788578909,337604608,172564480,16357392,528523264,1018101760
findling-rss 1788578914,355897344,172564480,16375352,547110912,1018101760
findling-rss 1788578919,352976896,172597248,16368736,543887360,1018101760
findling-rss 1788578924,273338368,172621824,16289152,464121856,1018101760
findling-rss 1788578929,352575488,172621824,16397472,543821824,1018101760
findling-rss 1788578934,355127296,172646400,16390752,546344960,1018101760
findling-rss 1788578939,221270016,172326912,16285392,411811840,1018101760
findling-rss 1788578944,352473088,172679168,16422320,543694848,1018101760
findling-rss 1788578949,356241408,172711936,16415680,547753984,1018101760
findling-rss 1788578954,355602432,172707840,16434320,546856960,1018101760
findling-rss 1788578959,337645568,172572672,16372664,528850944,1018101760
findling-rss 1788578964,352997376,172605440,16366456,543883264,1018101760
findling-rss 1788578969,353259520,172605440,16385392,544665600,1018101760
findling-rss 1788578974,328962048,172634112,16397232,520048640,1018101760
findling-rss 1788578979,352985088,172662784,16391592,544190464,1018101760
findling-rss 1788578984,353505280,172666880,16409824,544882688,1018101760
findling-rss 1788578989,356208640,172695552,16403280,547536896,1018101760
findling-rss 1788578994,413941760,172515328,16404288,604987392,1018101760
findling-rss 1788578999,354156544,172732416,16425856,545472512,1018101760
findling-rss 1788579004,353357824,172761088,16420552,544657408,1018101760
findling-rss 1788579010,337694720,172621824,16359184,528646144,1018101760
findling-rss 1788579015,352616448,172609536,16378008,543989760,1018101760
findling-rss 1788579020,356229120,172646400,16371368,547553280,1018101760
findling-rss 1788579025,285061120,172675072,16384408,475963392,1018101760
findling-rss 1788579030,352608256,172670976,16402848,543576064,1018101760
findling-rss 1788579035,353107968,176570368,16503136,548433920,1018101760
findling-rss 1788579040,363167744,176570368,16501688,558657536,1018101760
findling-rss 1788579045,364707840,176570368,16502072,559874048,1018101760
findling-rss 1788579050,364990464,176570368,16501688,560332800,1018101760
findling-rss 1788579055,295907328,176570368,16502544,490725376,1018101760
findling-rss 1788579060,365117440,176570368,16501688,560144384,1018101760
findling-rss 1788579065,365973504,176570368,16501704,561270784,1018101760
findling-rss 1788579070,352088064,176570368,16501960,547332096,1018101760
findling-rss 1788579075,367595520,176570368,16502344,562753536,1018101760
findling-rss 1788579080,353243136,172711936,16415416,544690176,1018101760
findling-rss 1788579085,337719296,172752896,16428544,522276864,1018101760
findling-rss 1788579090,353234944,172777472,16422568,544522240,1018101760
findling-rss 1788579095,355565568,172781568,16441456,547020800,1018101760
findling-rss 1788579100,221360128,172462080,16335120,412483584,1018101760
findling-rss 1788579105,352145408,172670976,16366968,543399936,1018101760
findling-rss 1788579110,352944128,172666880,16385336,544370688,1018101760
findling-rss 1788579115,318033920,172699648,16453584,509526016,1018101760
findling-rss 1788579120,352133120,172703744,16471904,543195136,1018101760
findling-rss 1788579125,345870336,172732416,16484312,536190976,1018101760
findling-rss 1788579130,351830016,172765184,16478648,543203328,1018101760
findling-rss 1788579135,351379456,172756992,16497064,542810112,1018101760
findling-rss 1788579140,336277504,172785664,16509696,527613952,1018101760
findling-rss 1788579145,351928320,172814336,16503040,543408128,1018101760
findling-rss 1788579150,351248384,172814336,16520816,542646272,1018101760
findling-rss 1788579155,271998976,172843008,16425528,462864384,1018101760
findling-rss 1788579160,351744000,172675072,16442928,543039488,1018101760
findling-rss 1788579165,351748096,172683264,16461024,543072256,1018101760
findling-rss 1788579170,351191040,172716032,16455064,542732288,1018101760
findling-rss 1788579175,346963968,172740608,16468152,536780800,1018101760
findling-rss 1788579180,352063488,172748800,16486632,543248384,1018101760
findling-rss 1788579185,353988608,172773376,16479768,545411072,1018101760
findling-rss 1788579190,310198272,172802048,16483128,501268480,1018101760
findling-rss 1788579195,352006144,172806144,16502104,543199232,1018101760
findling-rss 1788579200,351645696,172826624,16495424,543055872,1018101760
findling-rss 1788579205,272035840,172855296,16399112,463290368,1018101760
findling-rss 1788579210,351600640,172863488,16526448,542916608,1018101760
findling-rss 1788579215,352325632,172716032,16447680,543875072,1018101760
findling-rss 1788579220,219967488,172388352,16339400,410140672,1018101760
findling-rss 1788579225,351649792,172744704,16478528,543059968,1018101760
findling-rss 1788579230,352948224,176648192,16580696,548126720,1018101760
findling-rss 1788579235,361492480,176648192,16580696,556863488,1018101760
findling-rss 1788579240,363728896,176648192,16580128,559181824,1018101760
findling-rss 1788579245,363495424,176648192,16578520,558833664,1018101760
findling-rss 1788579250,365359104,176648192,16578248,560738304,1018101760
findling-rss 1788579255,310140928,176648192,16577680,505303040,1018101760
findling-rss 1788579260,355176448,176648192,16577496,550752256,1018101760
findling-rss 1788579265,339038208,176648192,16577680,534462464,1018101760
findling-rss 1788579270,365096960,176648192,16577864,560250880,1018101760
findling-rss 1788579275,355426304,172785664,16489040,547024896,1018101760
findling-rss 1788579280,352870400,172818432,16485976,544325632,1018101760
findling-rss 1788579285,336338944,172851200,16498792,527736832,1018101760
findling-rss 1788579290,351326208,172847104,16520416,543096832,1018101760
findling-rss 1788579295,351715328,172867584,16509960,543191040,1018101760
findling-rss 1788579300,310235136,172912640,16524312,501895168,1018101760
findling-rss 1788579305,354816000,172908544,16541728,546484224,1018101760
findling-rss 1788579310,352927744,172777472,16453688,544247808,1018101760
findling-rss 1788579315,336433152,173948928,16504976,528891904,1018101760
findling-rss 1788579320,350932992,172797952,16485192,542412800,1018101760
findling-rss 1788579325,351465472,172830720,16479368,543039488,1018101760
findling-rss 1788579330,355373056,172826624,16493440,546910208,1018101760
findling-rss 1788579335,336367616,172855296,16509784,527925248,1018101760
findling-rss 1788579340,351715328,172883968,16502512,542990336,1018101760
findling-rss 1788579345,351834112,172883968,16521288,543502336,1018101760
findling-rss 1788579350,280453120,172916736,16534416,470765568,1018101760
findling-rss 1788579355,352288768,172941312,16527256,543653888,1018101760
findling-rss 1788579360,352219136,172941312,16545880,543850496,1018101760
findling-rss 1788579365,351547392,172797952,16460056,542683136,1018101760
findling-rss 1788579370,349241344,172830720,16472080,540672000,1018101760
findling-rss 1788579375,350961664,172830720,16491376,542433280,1018101760
findling-rss 1788579380,351440896,172859392,16484624,542953472,1018101760
findling-rss 1788579385,336412672,172896256,16496760,527900672,1018101760
findling-rss 1788579390,351399936,172892160,16515400,543129600,1018101760
findling-rss 1788579395,350937088,172916736,16509352,542494720,1018101760
findling-rss 1788579400,272113664,172945408,16417880,463212544,1018101760
findling-rss 1788579405,352649216,172945408,16543112,544407552,1018101760
findling-rss 1788579410,353972224,172994560,16536744,545460224,1018101760
findling-rss 1788579415,352157696,172978176,16554280,543805440,1018101760
findling-rss 1788579420,351248384,172859392,16486328,542781440,1018101760
findling-rss 1788579425,352096256,172892160,16484608,543797248,1018101760
findling-rss 1788579430,352968704,172892160,16503224,544309248,1018101760
findling-rss 1788579435,336437248,172920832,16516336,527818752,1018101760
findling-rss 1788579440,352366592,172945408,16509880,544100352,1018101760
findling-rss 1788579445,352206848,172953600,16525496,543989760,1018101760
findling-rss 1788579450,266985472,172990464,16559456,458375168,1018101760
findling-rss 1788579455,354074624,173010944,16553160,545894400,1018101760
findling-rss 1788579460,357326848,173002752,16568072,548827136,1018101760
findling-rss 1788579465,353091584,173035520,16562112,544669696,1018101760
findling-rss 1788579470,351899648,172896256,16499440,543256576,1018101760
findling-rss 1788579475,353394688,172892160,16517072,545001472,1018101760
findling-rss 1788579480,356462592,172924928,16512152,548175872,1018101760
findling-rss 1788579485,337534976,172961792,16524536,529272832,1018101760
findling-rss 1788579490,352120832,172953600,16542024,543887360,1018101760
findling-rss 1788579495,357044224,172986368,16536064,548745216,1018101760
findling-rss 1788579500,283983872,173010944,16549264,475521024,1018101760
findling-rss 1788579505,353583104,173015040,16567136,545239040,1018101760
findling-rss 1788579510,352669696,173043712,16560880,544505856,1018101760
findling-rss 1788579515,221167616,172691456,16473440,411992064,1018101760
findling-rss 1788579520,352268288,173068288,16591344,544014336,1018101760
findling-rss 1788579525,353722368,172937216,16505032,545255424,1018101760
findling-rss 1788579530,353320960,172933120,16522568,545042432,1018101760
findling-rss 1788579535,292175872,172965888,16535648,487251968,1018101760
findling-rss 1788579540,352673792,172994560,16529152,544288768,1018101760
findling-rss 1788579545,352083968,172990464,16546888,543793152,1018101760
findling-rss 1788579550,335708160,173019136,16541064,544763904,1018101760
findling-rss 1788579555,351322112,173039616,16554336,543174656,1018101760
findling-rss 1788579560,353153024,173051904,16572112,544923648,1018101760
findling-rss 1788579565,352825344,173072384,16566200,544718848,1018101760
findling-rss 1788579570,337559552,173105152,16578104,529367040,1018101760
findling-rss 1788579575,353095680,173101056,16596592,544862208,1018101760
findling-rss 1788579580,355962880,172965888,16509064,547811328,1018101760
findling-rss 1788579585,269099008,174395392,16453344,460554240,1018101760
findling-rss 1788579590,363266048,174395392,16566112,556445696,1018101760
findling-rss 1788579595,363712512,174395392,16551880,556724224,1018101760
findling-rss 1788579600,296169472,174395392,16551808,489148416,1018101760
findling-rss 1788579605,352231424,172998656,16531512,543989760,1018101760
findling-rss 1788579610,352063488,173027328,16526488,543772672,1018101760
findling-rss 1788579615,221229056,172707840,16417688,411967488,1018101760
findling-rss 1788579620,352067584,173064192,16557696,543858688,1018101760
findling-rss 1788579625,353079296,173088768,16551352,544899072,1018101760
findling-rss 1788579630,353497088,173088768,16569472,545402880,1018101760
findling-rss 1788579635,348516352,173121536,16582440,539500544,1018101760
findling-rss 1788579640,355684352,173150208,16575512,547405824,1018101760
findling-rss 1788579645,353267712,173142016,16593656,545374208,1018101760
findling-rss 1788579651,301957120,173010944,16534488,493637632,1018101760
findling-rss 1788579656,355962880,173039616,16527944,547643392,1018101760
findling-rss 1788579661,353042432,173043712,16546168,544915456,1018101760
findling-rss 1788579666,353611776,173072384,16539424,545505280,1018101760
findling-rss 1788579671,352628736,173101056,16552512,544292864,1018101760
findling-rss 1788579676,353169408,173096960,16570360,544874496,1018101760
findling-rss 1788579681,353533952,173133824,16564648,545243136,1018101760
findling-rss 1788579686,337604608,173162496,16577736,529498112,1018101760
findling-rss 1788579691,352628736,173150208,16595928,544636928,1018101760
findling-rss 1788579696,353107968,173178880,16589696,545218560,1018101760
findling-rss 1788579701,282697728,174227456,16635224,475381760,1018101760
findling-rss 1788579706,353075200,173043712,16540704,544718848,1018101760
findling-rss 1788579711,353202176,173072384,16535056,545095680,1018101760
findling-rss 1788579716,353517568,173076480,16552728,545579008,1018101760
findling-rss 1788579721,352657408,173105152,16565544,544124928,1018101760
findling-rss 1788579726,353968128,173133824,16559744,545558528,1018101760
findling-rss 1788579731,352899072,173129728,16578136,544772096,1018101760
findling-rss 1788579736,337592320,173154304,16590048,529489920,1018101760
findling-rss 1788579741,352444416,173191168,16584064,544468992,1018101760
findling-rss 1788579746,353976320,173195264,16602408,546136064,1018101760
findling-rss 1788579751,300183552,173207552,16614360,492302336,1018101760
findling-rss 1788579756,353726464,173072384,16526976,545513472,1018101760
findling-rss 1788579761,352088064,173060096,16542568,543752192,1018101760
findling-rss 1788579766,272928768,173092864,16449040,462589952,1018101760
findling-rss 1788579771,352514048,173125632,16548584,544137216,1018101760
findling-rss 1788579776,353423360,173125632,16567408,545325056,1018101760
findling-rss 1788579781,353619968,173154304,16561400,545574912,1018101760
findling-rss 1788579786,337637376,173174784,16573384,529633280,1018101760
findling-rss 1788579791,352464896,173174784,16592024,544555008,1018101760
findling-rss 1788579796,353497088,173207552,16585656,545443840,1018101760
findling-rss 1788579801,328949760,173244416,16597856,513368064,1018101760
findling-rss 1788579806,353374208,173244416,16616336,545591296,1018101760
findling-rss 1788579811,354357248,173088768,16529136,546029568,1018101760
findling-rss 1788579816,273362944,173113344,16435432,464646144,1018101760
findling-rss 1788579821,353087488,173125632,16560000,544931840,1018101760
findling-rss 1788579826,353337344,173150208,16553184,545308672,1018101760
findling-rss 1788579831,221290496,172826624,16445312,412295168,1018101760
findling-rss 1788579836,352534528,173182976,16585112,544366592,1018101760
findling-rss 1788579841,352944128,173199360,16578456,544837632,1018101760
findling-rss 1788579846,353280000,173203456,16596936,545488896,1018101760
findling-rss 1788579851,350212096,173228032,16608616,542195712,1018101760
findling-rss 1788579856,353140736,173264896,16602752,545173504,1018101760
findling-rss 1788579861,352702464,173264896,16621640,544899072,1018101760
findling-rss 1788579866,337715200,173129728,16553152,529494016,1018101760
findling-rss 1788579871,355344384,173154304,16546840,547336192,1018101760
findling-rss 1788579876,353398784,173854720,16583656,546201600,1018101760
findling-rss 1788579881,348524544,173854720,16583928,540913664,1018101760
findling-rss 1788579886,355733504,173187072,16559544,547815424,1018101760
findling-rss 1788579891,353288192,173191168,16578544,544968704,1018101760
findling-rss 1788579896,284000256,173211648,16590568,475873280,1018101760
findling-rss 1788579901,353411072,173240320,16584272,545345536,1018101760
findling-rss 1788579906,353726464,173248512,16602344,545751040,1018101760
findling-rss 1788579911,354463744,173281280,16596632,546521088,1018101760
findling-rss 1788579916,337743872,173309952,16609336,529920000,1018101760
findling-rss 1788579921,352174080,173293568,16626600,544198656,1018101760
findling-rss 1788579926,353124352,173158400,16542960,544985088,1018101760
findling-rss 1788579931,329031680,173182976,16555392,520912896,1018101760
findling-rss 1788579936,353591296,173191168,16574504,545529856,1018101760
findling-rss 1788579941,352579584,173219840,16568160,544514048,1018101760
findling-rss 1788579946,311152640,174977024,16636248,504926208,1018101760
findling-rss 1788579951,364089344,174977024,16633936,557809664,1018101760
findling-rss 1788579956,366600192,174977024,16631480,560513024,1018101760
findling-rss 1788579961,340979712,174977024,16631112,534757376,1018101760
findling-rss 1788579966,276533248,173256704,16658576,465551360,1018101760
findling-rss 1788579971,351260672,176078848,16753296,546410496,1018101760
findling-rss 1788579976,362754048,176078848,16753296,558002176,1018101760
findling-rss 1788579981,339570688,176078848,16752456,534372352,1018101760
findling-rss 1788579986,367521792,176078848,16753024,562651136,1018101760
findling-rss 1788579991,364908544,176078848,16752640,560054272,1018101760
findling-rss 1788579996,348585984,176078848,16753296,543657984,1018101760
findling-rss 1788580001,364802048,176078848,16756008,559714304,1018101760
findling-rss 1788580006,352362496,173314048,16674736,544686080,1018101760
findling-rss 1788580011,273969152,173338624,16686280,465317888,1018101760
findling-rss 1788580016,351625216,173330432,16704904,543625216,1018101760
findling-rss 1788580021,352784384,173367296,16698672,545107968,1018101760
findling-rss 1788580026,353779712,173359104,16716816,545738752,1018101760
findling-rss 1788580031,350679040,173215744,16646216,542494720,1018101760
findling-rss 1788580036,351137792,173248512,16639600,543236096,1018101760
findling-rss 1788580041,352718848,173248512,16658488,544890880,1018101760
findling-rss 1788580046,336388096,173281280,16670400,528326656,1018101760
findling-rss 1788580051,352571392,173309952,16664392,544870400,1018101760
findling-rss 1788580056,351678464,173305856,16667976,543662080,1018101760
findling-rss 1788580061,272125952,173338624,16571872,463794176,1018101760
findling-rss 1788580066,351776768,173367296,16672800,543789056,1018101760
findling-rss 1788580071,352145408,173367296,16690512,544555008,1018101760
findling-rss 1788580076,352894976,173408256,16685456,545198080,1018101760
findling-rss 1788580081,336408576,173264896,16628784,528416768,1018101760
findling-rss 1788580086,351649792,173256704,16646928,543862784,1018101760
findling-rss 1788580091,351518720,173293568,16641352,543916032,1018101760
findling-rss 1788580096,336400384,173326336,16653368,528384000,1018101760
findling-rss 1788580101,351760384,173322240,16671880,543989760,1018101760
findling-rss 1788580106,351891456,173346816,16666624,544178176,1018101760
findling-rss 1788580111,283213824,173363200,16676248,475144192,1018101760
findling-rss 1788580116,351305728,173371392,16696536,543485952,1018101760
findling-rss 1788580121,352157696,173404160,16689880,544153600,1018101760
findling-rss 1788580126,352837632,173412352,16708608,545169408,1018101760
findling-rss 1788580131,350691328,173436928,16721448,542777344,1018101760
findling-rss 1788580136,353038336,173301760,16633848,545259520,1018101760
findling-rss 1788580141,352194560,173301760,16652264,544174080,1018101760
findling-rss 1788580146,336437248,173330432,16665104,528625664,1018101760
findling-rss 1788580151,351236096,173359104,16659168,543473664,1018101760
findling-rss 1788580156,352153600,173359104,16677648,544428032,1018101760
findling-rss 1788580161,220065792,173031424,16572016,411222016,1018101760
findling-rss 1788580166,350945280,173412352,16683352,543145984,1018101760
findling-rss 1788580171,351363072,173412352,16700880,543629312,1018101760
findling-rss 1788580176,351641600,173441024,16695512,543797248,1018101760
findling-rss 1788580181,336449536,173477888,16707512,528850944,1018101760
findling-rss 1788580186,351473664,173473792,16725296,543834112,1018101760
findling-rss 1788580191,355016704,173326336,16642696,547115008,1018101760
findling-rss 1788580196,327749632,173350912,16648200,519946240,1018101760
findling-rss 1788580201,351461376,173346816,16666456,543858688,1018101760
findling-rss 1788580206,353435648,173383680,16660200,545779712,1018101760
findling-rss 1788580211,263049216,173412352,16566312,453320704,1018101760
findling-rss 1788580216,351391744,173424640,16690408,543633408,1018101760
findling-rss 1788580221,354717696,173445120,16683728,547074048,1018101760
findling-rss 1788580226,352751616,173445120,16703136,545079296,1018101760
findling-rss 1788580231,350834688,173477888,16714416,543215616,1018101760
findling-rss 1788580236,351674368,173510656,16708368,543805440,1018101760
findling-rss 1788580241,351645696,173510656,16727640,544264192,1018101760
findling-rss 1788580246,336465920,173379584,16661120,528687104,1018101760
findling-rss 1788580251,351420416,173408256,16654928,543645696,1018101760
findling-rss 1788580256,355409920,173412352,16659712,547790848,1018101760
findling-rss 1788580261,301260800,173436928,16671712,493236224,1018101760
findling-rss 1788580267,354758656,173469696,16665392,547135488,1018101760
findling-rss 1788580272,352018432,173461504,16683016,544448512,1018101760
findling-rss 1788580277,267218944,173490176,16590328,457240576,1018101760
findling-rss 1788580282,351629312,173527040,16690528,543924224,1018101760
findling-rss 1788580287,352280576,173527040,16708128,544747520,1018101760
findling-rss 1788580292,351412224,173551616,16701920,544014336,1018101760
findling-rss 1788580297,336543744,173412352,16646840,528523264,1018101760
findling-rss 1788580302,352718848,173420544,16668760,545165312,1018101760
findling-rss 1788580307,351862784,173441024,16662464,544276480,1018101760
findling-rss 1788580312,336556032,173473792,16674824,528662528,1018101760
findling-rss 1788580317,351731712,173465600,16693576,544153600,1018101760
findling-rss 1788580322,354078720,173502464,16683720,546398208,1018101760
findling-rss 1788580327,227786752,173527040,16587568,411635712,1018101760
findling-rss 1788580332,351604736,173531136,16715176,544079872,1018101760
findling-rss 1788580337,351244288,173555712,16708720,543678464,1018101760
findling-rss 1788580342,354492416,173555712,16727088,546951168,1018101760
findling-rss 1788580347,336535552,173580288,16739432,529010688,1018101760
findling-rss 1788580352,355450880,173432832,16655216,547708928,1018101760
findling-rss 1788580357,355151872,173432832,16673584,547610624,1018101760
findling-rss 1788580362,299139072,173469696,16683504,491442176,1018101760
findling-rss 1788580367,351846400,173490176,16676416,544083968,1018101760
findling-rss 1788580372,351842304,173486080,16694992,544157696,1018101760
findling-rss 1788580377,355663872,173522944,16689416,548257792,1018101760
findling-rss 1788580382,351232000,173551616,16701456,543711232,1018101760
findling-rss 1788580387,354775040,173539328,16719488,547008512,1018101760
findling-rss 1788580392,353157120,173572096,16693528,545730560,1018101760
findling-rss 1788580397,336580608,173604864,16706568,529162240,1018101760
findling-rss 1788580402,351375360,173604864,16725424,543903744,1018101760
findling-rss 1788580407,352616448,173453312,16657648,544821248,1018101760
findling-rss 1788580412,282972160,173486080,16674872,474996736,1018101760
findling-rss 1788580417,352210944,173490176,16693016,544423936,1018101760
findling-rss 1788580422,354648064,173518848,16686536,546996224,1018101760
findling-rss 1788580427,220250112,173191168,16557560,411648000,1018101760
findling-rss 1788580432,351543296,173547520,16696544,543969280,1018101760
findling-rss 1788580437,354099200,173572096,16691088,546455552,1018101760
findling-rss 1788580442,352530432,173568000,16708688,544948224,1018101760
findling-rss 1788580447,336625664,173600768,16721568,529072128,1018101760
findling-rss 1788580452,352710656,173629440,16715224,545062912,1018101760
findling-rss 1788580457,352174080,173621248,16732960,544538624,1018101760
findling-rss 1788580462,283922432,173477888,16685168,475942912,1018101760
findling-rss 1788580467,351518720,173518848,16679352,543916032,1018101760
findling-rss 1788580472,351666176,173510656,16696680,544030720,1018101760
findling-rss 1788580477,272347136,173547520,16604120,464392192,1018101760
findling-rss 1788580482,351879168,173580288,16699984,544272384,1018101760
findling-rss 1788580487,354971648,173572096,16721656,547356672,1018101760
findling-rss 1788580492,353439744,173604864,16719336,545890304,1018101760
findling-rss 1788580497,344481792,173629440,16727760,535560192,1018101760
findling-rss 1788580502,352194560,173629440,16746360,544612352,1018101760
findling-rss 1788580507,352161792,173662208,16741080,544591872,1018101760
findling-rss 1788580512,310554624,173527040,16671504,502566912,1018101760
findling-rss 1788580517,352284672,173527040,16690400,544624640,1018101760
findling-rss 1788580522,352976896,173551616,16661720,545374208,1018101760
findling-rss 1788580527,220299264,173232128,16555248,411852800,1018101760
findling-rss 1788580532,351547392,173580288,16693176,543940608,1018101760
findling-rss 1788580537,352641024,173617152,16686536,545042432,1018101760
findling-rss 1788580542,352231424,173613056,16705200,544866304,1018101760
findling-rss 1788580547,336670720,173645824,16717608,528949248,1018101760
findling-rss 1788580552,352550912,173670400,16711016,545292288,1018101760
findling-rss 1788580557,352313344,173666304,16729928,544763904,1018101760
findling-rss 1788580562,336670720,173699072,16742744,529412096,1018101760
findling-rss 1788580567,351842304,173555712,16676800,544219136,1018101760
findling-rss 1788580572,352903168,173563904,16694968,545349632,1018101760
findling-rss 1788580577,220307456,173236224,16590264,411901952,1018101760
findling-rss 1788580582,350973952,173613056,16701376,543145984,1018101760
findling-rss 1788580587,352088064,173621248,16720896,544538624,1018101760
findling-rss 1788580592,352342016,173645824,16713128,544862208,1018101760
findling-rss 1788580597,336695296,173666304,16725312,528990208,1018101760
findling-rss 1788580602,351866880,173674496,16747112,544231424,1018101760
findling-rss 1788580607,352997376,173699072,16740680,545767424,1018101760
findling-rss 1788580612,336699392,173731840,16753744,529158144,1018101760
findling-rss 1788580617,351330304,173727744,16771616,543928320,1018101760
findling-rss 1788580622,353087488,173592576,16684720,545673216,1018101760
findling-rss 1788580627,272420864,173629440,16590896,464539648,1018101760
findling-rss 1788580632,351444992,173621248,16714992,543981568,1018101760
findling-rss 1788580637,351465472,173649920,16709696,543969280,1018101760
findling-rss 1788580642,326754304,173649920,16727520,519319552,1018101760
findling-rss 1788580647,351133696,173678592,16739976,543588352,1018101760
findling-rss 1788580652,352686080,173707264,16734152,545263616,1018101760
findling-rss 1788580657,352268288,173711360,16751840,544874496,1018101760
findling-rss 1788580662,336740352,173740032,16761600,529469440,1018101760
findling-rss 1788580667,352808960,173768704,16756304,545398784,1018101760
findling-rss 1788580672,351215616,173768704,16773496,543801344,1018101760
findling-rss 1788580677,299331584,173641728,16706232,491593728,1018101760
findling-rss 1788580682,352387072,173666304,16695504,545013760,1018101760
findling-rss 1788580687,351723520,173658112,16717064,544169984,1018101760
findling-rss 1788580692,335347712,173694976,16710560,545017856,1018101760
findling-rss 1788580697,349835264,177569792,16829224,546603008,1018101760
findling-rss 1788580702,364343296,177569792,16826264,560943104,1018101760
findling-rss 1788580707,364478464,177569792,16826648,561008640,1018101760
findling-rss 1788580712,364584960,177569792,16825600,560828416,1018101760
findling-rss 1788580717,365105152,177569792,16825200,561643520,1018101760
findling-rss 1788580722,310923264,177569792,16816240,507342848,1018101760
findling-rss 1788580727,355504128,177569792,16817008,552083456,1018101760
findling-rss 1788580732,365785088,177569792,16817008,562221056,1018101760
findling-rss 1788580737,286822400,177569792,16712440,482680832,1018101760
findling-rss 1788580742,351383552,173731840,16731024,544141312,1018101760
findling-rss 1788580747,352137216,173772800,16729112,544612352,1018101760
findling-rss 1788580752,220385280,173805568,16632664,412295168,1018101760
findling-rss 1788580757,351875072,173801472,16760184,544804864,1018101760
findling-rss 1788580762,352776192,173834240,16753024,545222656,1018101760
findling-rss 1788580767,352833536,173834240,16771664,545783808,1018101760
findling-rss 1788580772,336756736,173703168,16712048,529309696,1018101760
findling-rss 1788580777,352063488,173719552,16705528,544362496,1018101760
findling-rss 1788580782,353865728,173719552,16724552,546541568,1018101760
findling-rss 1788580787,328036352,173760512,16737616,520630272,1018101760
findling-rss 1788580792,351797248,173785088,16729960,544346112,1018101760
findling-rss 1788580797,354140160,173785088,16735056,546664448,1018101760
findling-rss 1788580802,272461824,173809664,16641168,464625664,1018101760
findling-rss 1788580807,272482304,173846528,16728608,465022976,1018101760
findling-rss 1788580812,352018432,173834240,16860912,544722944,1018101760
findling-rss 1788580817,352043008,173867008,16854728,544944128,1018101760
findling-rss 1788580822,354516992,173871104,16873432,547168256,1018101760
findling-rss 1788580827,350593024,173727744,16817712,543162368,1018101760
findling-rss 1788580832,352100352,173756416,16811232,544583680,1018101760
findling-rss 1788580837,352415744,173756416,16829216,544878592,1018101760
findling-rss 1788580842,336490496,173785088,16841784,529371136,1018101760
findling-rss 1788580847,352280576,173821952,16835552,544858112,1018101760
findling-rss 1788580852,356282368,173826048,16854824,549257216,1018101760
findling-rss 1788580857,272220160,173838336,16753024,464564224,1018101760
findling-rss 1788580862,352190464,173875200,16852976,544862208,1018101760
findling-rss 1788580867,351961088,173879296,16869152,544591872,1018101760
findling-rss 1788580872,325292032,173899776,16865160,518180864,1018101760
findling-rss 1788580877,351600640,173768704,16805672,544468992,1018101760
findling-rss 1788580882,351490048,173764608,16822592,544243712,1018101760
findling-rss 1788580887,352239616,174837760,16849008,545918976,1018101760
findling-rss 1788580892,361783296,174837760,16849440,555380736,1018101760
findling-rss 1788580897,363982848,174837760,16847832,557666304,1018101760
findling-rss 1788580903,220188672,173486080,16724632,412127232,1018101760
findling-rss 1788580908,351625216,173834240,16855616,544374784,1018101760
findling-rss 1788580913,351907840,173862912,16848208,544858112,1018101760
findling-rss 1788580918,352591872,173862912,16845840,545538048,1018101760
findling-rss 1788580923,336547840,173891584,16858952,529477632,1018101760
findling-rss 1788580928,352374784,173928448,16852560,545042432,1018101760
findling-rss 1788580933,352354304,173928448,16871336,545325056,1018101760
findling-rss 1788580938,299175936,173961216,16883944,492290048,1018101760
findling-rss 1788580943,351866880,173789184,16816224,544440320,1018101760
findling-rss 1788580948,351518720,173789184,16834008,544178176,1018101760
findling-rss 1788580953,259997696,173838336,16740792,451166208,1018101760
findling-rss 1788580958,351387648,173854720,16840160,544223232,1018101760
findling-rss 1788580963,352116736,173854720,16856248,545013760,1018101760
findling-rss 1788580968,352137216,173879296,16849136,545230848,1018101760
findling-rss 1788580973,336556032,173912064,16861632,529522688,1018101760
findling-rss 1788580978,352055296,173907968,16880072,544743424,1018101760
findling-rss 1788580983,351707136,173936640,16874384,544817152,1018101760
findling-rss 1788580988,336580608,173973504,16886904,529358848,1018101760
findling-rss 1788580993,351961088,173977600,16904744,545193984,1018101760
findling-rss 1788580998,352579584,173817856,16815992,545218560,1018101760
findling-rss 1788581003,220221440,173494272,16711128,412102656,1018101760
findling-rss 1788581008,352276480,173854720,16846376,545071104,1018101760
findling-rss 1788581013,352751616,173875200,16840600,545710080,1018101760
findling-rss 1788581018,351891456,173879296,16858928,544714752,1018101760
findling-rss 1788581023,336584704,173903872,16870976,529600512,1018101760
findling-rss 1788581028,353013760,173932544,16865560,545734656,1018101760
findling-rss 1788581033,353538048,173936640,16883384,546697216,1018101760
findling-rss 1788581038,274206720,173957120,16895560,466632704,1018101760
findling-rss 1788581043,351490048,173989888,16889448,544727040,1018101760
findling-rss 1788581048,352243712,173989888,16908000,545144832,1018101760
findling-rss 1788581053,352387072,173862912,16821440,545460224,1018101760
findling-rss 1788581058,336621568,173891584,16835232,529412096,1018101760
findling-rss 1788581063,352169984,173891584,16852264,544878592,1018101760
findling-rss 1788581068,352092160,173920256,16845416,544985088,1018101760
findling-rss 1788581073,300998656,173940736,16858848,493502464,1018101760
findling-rss 1788581078,351399936,173940736,16869576,544337920,1018101760
findling-rss 1788581083,352555008,173977600,16863728,545456128,1018101760
findling-rss 1788581088,272338944,173993984,16769232,465088512,1018101760
findling-rss 1788581093,351961088,174002176,16897920,544776192,1018101760
findling-rss 1788581098,352370688,174034944,16891464,545300480,1018101760
findling-rss 1788581103,220270592,173703168,16788840,412422144,1018101760
findling-rss 1788581108,351358976,173895680,16844968,544055296,1018101760
findling-rss 1788581113,351498240,173916160,16837880,544403456,1018101760
findling-rss 1788581118,354267136,173920256,16854848,547160064,1018101760
findling-rss 1788581123,336670720,173953024,16869672,529604608,1018101760
findling-rss 1788581128,352169984,174329856,16855608,545546240,1018101760
findling-rss 1788581133,362139648,174329856,16854952,555335680,1018101760
findling-rss 1788581138,272367616,174010368,16752112,464928768,1018101760
findling-rss 1788581143,352178176,174006272,16876320,545161216,1018101760
findling-rss 1788581148,352362496,174034944,16870000,545390592,1018101760
findling-rss 1788581153,220315648,173711360,16771224,412483584,1018101760
findling-rss 1788581158,351301632,174067712,16901144,544505856,1018101760
findling-rss 1788581163,353980416,173928448,16831192,546811904,1018101760
findling-rss 1788581168,353107968,173920256,16849720,545955840,1018101760
findling-rss 1788581173,336699392,173953024,16861224,529571840,1018101760
findling-rss 1788581178,352862208,173985792,16855648,545644544,1018101760
findling-rss 1788581183,353177600,173981696,16871600,546287616,1018101760
findling-rss 1788581188,283783168,174014464,16886784,476528640,1018101760
findling-rss 1788581193,350973952,174039040,16855464,543887360,1018101760
findling-rss 1788581198,352268288,174043136,16873792,545132544,1018101760
findling-rss 1788581203,262148096,174075904,16782816,453570560,1018101760
findling-rss 1788581208,352800768,174120960,16882360,546127872,1018101760
findling-rss 1788581213,351412224,174112768,16901752,544817152,1018101760
findling-rss 1788581218,351457280,173981696,16839312,544485376,1018101760
findling-rss 1788581223,336732160,174010368,16851808,529715200,1018101760
findling-rss 1788581228,352219136,174002176,16870408,545329152,1018101760
findling-rss 1788581233,352419840,174030848,16864064,545705984,1018101760
findling-rss 1788581238,299319296,174075904,16877824,492552192,1018101760
findling-rss 1788581243,352141312,174067712,16896040,545124352,1018101760
findling-rss 1788581248,352362496,174096384,16889536,545288192,1018101760
findling-rss 1788581253,220385280,173768704,16780648,412508160,1018101760
findling-rss 1788581258,351318016,174120960,16919592,544665600,1018101760
findling-rss 1788581263,351854592,174141440,16910856,545198080,1018101760
findling-rss 1788581268,353345536,174141440,16928816,546496512,1018101760
findling-rss 1788581273,336777216,174014464,16859784,529727488,1018101760
findling-rss 1788581278,351576064,174039040,16854528,544595968,1018101760
findling-rss 1788581283,352747520,174051328,16872056,545558528,1018101760
findling-rss 1788581288,272486400,174067712,16749384,464986112,1018101760
findling-rss 1788581293,351956992,174100480,16849384,544952320,1018101760
findling-rss 1788581298,352604160,174096384,16868408,545943552,1018101760
findling-rss 1788581303,351223808,174129152,16862584,544231424,1018101760
findling-rss 1788581308,351080448,174153728,16874064,544366592,1018101760
findling-rss 1788581313,351936512,174157824,16892296,545103872,1018101760
findling-rss 1788581318,351694848,174182400,16885888,544894976,1018101760
findling-rss 1788581323,336785408,174039040,16846464,529862656,1018101760
findling-rss 1788581328,351670272,174034944,16864672,544759808,1018101760
findling-rss 1788581333,352210944,174075904,16859232,545124352,1018101760
findling-rss 1788581338,294494208,174100480,16871456,492490752,1018101760
findling-rss 1788581343,352419840,174104576,16890192,545370112,1018101760
findling-rss 1788581348,355254272,174133248,16883440,548675584,1018101760
findling-rss 1788581353,353628160,174125056,16872640,546787328,1018101760
findling-rss 1788581358,351440896,174157824,16885472,544796672,1018101760
findling-rss 1788581363,351227904,174178304,16883504,544272384,1018101760
findling-rss 1788581368,353722368,174190592,16899520,547016704,1018101760
findling-rss 1788581373,336797696,174215168,16915224,529870848,1018101760
findling-rss 1788581378,352157696,174067712,16855944,545054720,1018101760
findling-rss 1788581383,353759232,174071808,16874288,546680832,1018101760
findling-rss 1788581388,301965312,174108672,16857208,494415872,1018101760
findling-rss 1788581393,351256576,174129152,16855528,544555008,1018101760
findling-rss 1788581398,352903168,174137344,16874168,546201600,1018101760
findling-rss 1788581403,272084992,174161920,16776528,463183872,1018101760
findling-rss 1788581408,351518720,174194688,16876208,544538624,1018101760
findling-rss 1788581413,352231424,174190592,16894736,545468416,1018101760
findling-rss 1788581418,353546240,174219264,16887624,546648064,1018101760
findling-rss 1788581423,347926528,174247936,16900960,540205056,1018101760
findling-rss 1788581428,351932416,174252032,16918920,545193984,1018101760
findling-rss 1788581433,354668544,174112768,16861688,548028416,1018101760
findling-rss 1788581438,328138752,174141440,16874256,521191424,1018101760
findling-rss 1788581443,351944704,174137344,16890944,545136640,1018101760
findling-rss 1788581448,352493568,174170112,16885352,545828864,1018101760
findling-rss 1788581453,250236928,174198784,16791848,441208832,1018101760
findling-rss 1788581458,352739328,174198784,16916304,545931264,1018101760
findling-rss 1788581463,352661504,174223360,16910376,545804288,1018101760
findling-rss 1788581468,353976320,174227456,16928968,547147776,1018101760
findling-rss 1788581473,336822272,174247936,16940656,530022400,1018101760
findling-rss 1788581478,352043008,174272512,16934472,545415168,1018101760
findling-rss 1788581483,352317440,174284800,16953176,545681408,1018101760
findling-rss 1788581488,299409408,174125056,16884720,492478464,1018101760
findling-rss 1788581493,352464896,174149632,16877944,545624064,1018101760
findling-rss 1788581498,353812480,174145536,16867896,547160064,1018101760
findling-rss 1788581503,353017856,174182400,16864328,546283520,1018101760
findling-rss 1788581508,348250112,174215168,16876736,541376512,1018101760
findling-rss 1788581513,352489472,174211072,16895536,545751040,1018101760
findling-rss 1788581518,353054720,174243840,16888784,546553856,1018101760
findling-rss 1788581523,336846848,174264320,16901512,525148160,1018101760
findling-rss 1788581528,351883264,174268416,16920152,544989184,1018101760
findling-rss 1788581533,355966976,174297088,16913128,549122048,1018101760
findling-rss 1788581539,272564224,174145536,16767024,465379328,1018101760
findling-rss 1788581544,355024896,174141440,16862544,548380672,1018101760
findling-rss 1788581549,352165888,174170112,16856200,545202176,1018101760
findling-rss 1788581554,220491776,173826048,16765456,425631744,1018101760
findling-rss 1788581559,350834688,174190592,16887320,543842304,1018101760
findling-rss 1788581564,352616448,174235648,16877808,545792000,1018101760
findling-rss 1788581569,352342016,174235648,16896832,545513472,1018101760
findling-rss 1788581574,336859136,174264320,16908808,530305024,1018101760
findling-rss 1788581579,355745792,174284800,16902832,549203968,1018101760
findling-rss 1788581584,351969280,174292992,16921560,545406976,1018101760
findling-rss 1788581589,310763520,174317568,16934536,497270784,1018101760
findling-rss 1788581594,249434112,174178304,16977392,442347520,1018101760
findling-rss 1788581599,354664448,174182400,16995920,548130816,1018101760
findling-rss 1788581604,352804864,174206976,16961064,546172928,1018101760
findling-rss 1788581609,220258304,173883392,16852264,412442624,1018101760
findling-rss 1788581614,351473664,174235648,16991136,544825344,1018101760
findling-rss 1788581619,352460800,174268416,16985496,545882112,1018101760
findling-rss 1788581624,352075776,174264320,17004024,545759232,1018101760
findling-rss 1788581629,336650240,174292992,17016184,529850368,1018101760
findling-rss 1788581634,352841728,174329856,17009816,546582528,1018101760
findling-rss 1788581639,354091008,174325760,17028568,547524608,1018101760
findling-rss 1788581644,283848704,174354432,17041496,477421568,1018101760
findling-rss 1788581649,351916032,174211072,16982304,545177600,1018101760
findling-rss 1788581654,352100352,174211072,17000264,545304576,1018101760
findling-rss 1788581659,220303360,173887488,16897280,413069312,1018101760
findling-rss 1788581664,351985664,174276608,17007120,545316864,1018101760
findling-rss 1788581669,354476032,175304704,17022160,548962304,1018101760
findling-rss 1788581674,362745856,175304704,17021224,557322240,1018101760
findling-rss 1788581679,361541632,175304704,17017928,555266048,1018101760
findling-rss 1788581684,352288768,174309376,16988976,545968128,1018101760
findling-rss 1788581689,351936512,174301184,17006848,545652736,1018101760
findling-rss 1788581694,336666624,174329856,17023008,529879040,1018101760
findling-rss 1788581699,351989760,174354432,17016352,545554432,1018101760
findling-rss 1788581704,353349632,174358528,17031440,546951168,1018101760
findling-rss 1788581709,272388096,174391296,16937528,465420288,1018101760
findling-rss 1788581714,351911936,174256128,16987456,545447936,1018101760
findling-rss 1788581719,351686656,174256128,17005984,545353728,1018101760
findling-rss 1788581724,351944704,174268416,16999736,545288192,1018101760
findling-rss 1788581729,343449600,174309376,17011600,535666688,1018101760
findling-rss 1788581734,351727616,174313472,17031144,545091584,1018101760
findling-rss 1788581739,352038912,174333952,17023920,545787904,1018101760
findling-rss 1788581744,327970816,174379008,17036568,521424896,1018101760
findling-rss 1788581749,352292864,174374912,17055192,545796096,1018101760
findling-rss 1788581754,356593664,174403584,17049008,550117376,1018101760
findling-rss 1788581759,266772480,174436352,16953352,458752000,1018101760
findling-rss 1788581764,352026624,174432256,17079264,545640448,1018101760
findling-rss 1788581769,352145408,174292992,16992120,545316864,1018101760
findling-rss 1788581774,351744000,174297088,17010600,545079296,1018101760
findling-rss 1788581779,339365888,174329856,17023368,531570688,1018101760
findling-rss 1788581784,356016128,174342144,17016488,549564416,1018101760
findling-rss 1788581789,352202752,174346240,17035648,545873920,1018101760
findling-rss 1788581794,336728064,174383104,17018144,530292736,1018101760
findling-rss 1788581799,351281152,174403584,17012688,544706560,1018101760
findling-rss 1788581804,352145408,174407680,17033200,545988608,1018101760
findling-rss 1788581809,272412672,174448640,16944064,465809408,1018101760
findling-rss 1788581814,353157120,174481408,17043632,547016704,1018101760
findling-rss 1788581819,352272384,174481408,17061616,545869824,1018101760
findling-rss 1788581824,352751616,174346240,16999680,546213888,1018101760
findling-rss 1788581829,343592960,174370816,17012024,536121344,1018101760
findling-rss 1788581834,355430400,174370816,17030096,549244928,1018101760
findling-rss 1788581839,354504704,174395392,17023800,548102144,1018101760
findling-rss 1788581844,299302912,174428160,17036816,492969984,1018101760
findling-rss 1788581849,414515200,174219264,17045936,608075776,1018101760
findling-rss 1788581854,353083392,174456832,17045848,546873344,1018101760
findling-rss 1788581859,221483008,174133248,16937320,414248960,1018101760
findling-rss 1788581864,352067584,174477312,17073480,545906688,1018101760
findling-rss 1788581869,353570816,174514176,17067320,547377152,1018101760
findling-rss 1788581874,355266560,174514176,17085984,549138432,1018101760
findling-rss 1788581879,337833984,174374912,17050472,531509248,1018101760
findling-rss 1788581884,354242560,174415872,17015928,547921920,1018101760
findling-rss 1788581889,355999744,174411776,17033552,549679104,1018101760
findling-rss 1788581894,284758016,174432256,17046344,478134272,1018101760
findling-rss 1788581899,353660928,174473216,17040520,547377152,1018101760
findling-rss 1788581904,355651584,174473216,17058368,549429248,1018101760
findling-rss 1788581909,353333248,174501888,17052568,546881536,1018101760
findling-rss 1788581914,351997952,174518272,17064224,545726464,1018101760
findling-rss 1788581919,356401152,174526464,17083120,550350848,1018101760
findling-rss 1788581924,336834560,175734784,17108448,531836928,1018101760
findling-rss 1788581929,311750656,174407680,17036216,505405440,1018101760
findling-rss 1788581934,353116160,174407680,17054968,546869248,1018101760
findling-rss 1788581939,352907264,174436352,17049016,546766848,1018101760
findling-rss 1788581944,241295360,174469120,16955216,428019712,1018101760
findling-rss 1788581949,353099776,174473216,17050856,546844672,1018101760
findling-rss 1788581954,353161216,174497792,17043632,546955264,1018101760
findling-rss 1788581959,353619968,174501888,17063040,547504128,1018101760
findling-rss 1788581964,337907712,174530560,17075472,531677184,1018101760
findling-rss 1788581969,356556800,174559232,17068336,550576128,1018101760
findling-rss 1788581974,353026048,174551040,17087248,546902016,1018101760
findling-rss 1788581979,285003776,174583808,17099744,478654464,1018101760
findling-rss 1788581984,353431552,174448640,17042920,546992128,1018101760
findling-rss 1788581989,352915456,174444544,17060608,546594816,1018101760
findling-rss 1788581994,353816576,174477312,17054968,547508224,1018101760
findling-rss 1788581999,346898432,174497792,17070976,539521024,1018101760
findling-rss 1788582004,352989184,174501888,17086472,546734080,1018101760
findling-rss 1788582009,353927168,174530560,17049984,547405824,1018101760
findling-rss 1788582014,302743552,174563328,17063632,496558080,1018101760
findling-rss 1788582019,352862208,174551040,17080760,546705408,1018101760
findling-rss 1788582024,353292288,174587904,17075752,547074048,1018101760
findling-rss 1788582029,221573120,174264320,16966432,414273536,1018101760
findling-rss 1788582034,352833536,174616576,17106304,546799616,1018101760
findling-rss 1788582039,353267712,174469120,17046336,546947072,1018101760
findling-rss 1788582044,352825344,174465024,17064592,546545664,1018101760
findling-rss 1788582049,337936384,174489600,17077704,531693568,1018101760
findling-rss 1788582054,353128448,174526464,17070952,546861056,1018101760
findling-rss 1788582059,353542144,174526464,17089792,547545088,1018101760
findling-rss 1788582064,337977344,174559232,17101728,531742720,1018101760
findling-rss 1788582069,353091584,174575616,17095952,546992128,1018101760
findling-rss 1788582074,353390592,174579712,17077936,547164160,1018101760
findling-rss 1788582079,283533312,174612480,17091360,476856320,1018101760
findling-rss 1788582084,353280000,174637056,17085088,547115008,1018101760
findling-rss 1788582089,352890880,174637056,17103320,546918400,1018101760
findling-rss 1788582094,353890304,174485504,17051160,547590144,1018101760
findling-rss 1788582099,340664320,174514176,17063976,533250048,1018101760
findling-rss 1788582104,353218560,174518272,17084760,546902016,1018101760
findling-rss 1788582109,353296384,174538752,16990896,546865152,1018101760
findling-rss 1788582114,337956864,174571520,17004640,531603456,1018101760
findling-rss 1788582119,356564992,174567424,17022304,550522880,1018101760
findling-rss 1788582124,355020800,174608384,17016632,548782080,1018101760
findling-rss 1788582129,273682432,174624768,16919832,467132416,1018101760
findling-rss 1788582134,353099776,174624768,17046808,546906112,1018101760
findling-rss 1788582139,353894400,174661632,17041344,547856384,1018101760
findling-rss 1788582144,329818112,174657536,17058560,523816960,1018101760
findling-rss 1788582149,352894976,174514176,17026424,546746368,1018101760
findling-rss 1788582154,355069952,174538752,17019832,548782080,1018101760
findling-rss 1788582160,353697792,174546944,17038040,547344384,1018101760
findling-rss 1788582165,329285632,174575616,17048168,522964992,1018101760
findling-rss 1788582170,352919552,174600192,17041600,546566144,1018101760
findling-rss 1788582175,353628160,174600192,17031048,547164160,1018101760
findling-rss 1788582180,273694720,174632960,16938360,466968576,1018101760
findling-rss 1788582185,352907264,174657536,17037792,546471936,1018101760
findling-rss 1788582190,353538048,174653440,17056048,547508224,1018101760
findling-rss 1788582195,354205696,174686208,17049544,548298752,1018101760
findling-rss 1788582200,338006016,174555136,17010616,531607552,1018101760
findling-rss 1788582205,354443264,174555136,17000016,547909632,1018101760
findling-rss 1788582210,353304576,174579712,16993536,547041280,1018101760
findling-rss 1788582215,285405184,174608384,17012800,478806016,1018101760
findling-rss 1788582220,353230848,174608384,17024136,546975744,1018101760
findling-rss 1788582225,354271232,174632960,17017656,548020224,1018101760
findling-rss 1788582230,221646848,174313472,16911776,414679040,1018101760
findling-rss 1788582235,352968704,174665728,17048384,547069952,1018101760
findling-rss 1788582240,353239040,174694400,17043152,547086336,1018101760
findling-rss 1788582245,353013760,174694400,17061656,546938880,1018101760
findling-rss 1788582250,349892608,174723072,17073680,543387648,1018101760
findling-rss 1788582255,353927168,174579712,17014056,547622912,1018101760
findling-rss 1788582260,352804864,174579712,17033096,546463744,1018101760
findling-rss 1788582265,338083840,174604288,17045280,531918848,1018101760
findling-rss 1788582270,353431552,174628864,17039368,547287040,1018101760
findling-rss 1788582275,353902592,174641152,17057512,547909632,1018101760
findling-rss 1788582280,283025408,174657536,17075480,476344320,1018101760
findling-rss 1788582285,354050048,174698496,17069384,548225024,1018101760
findling-rss 1788582290,353951744,174690304,17087552,548134912,1018101760
findling-rss 1788582295,353959936,174731264,17081408,547680256,1018101760
findling-rss 1788582300,352952320,174764032,17066120,547037184,1018101760
findling-rss 1788582305,353705984,174755840,17083312,547627008,1018101760
findling-rss 1788582310,352477184,174624768,17025584,546455552,1018101760
findling-rss 1788582315,338157568,174657536,17037376,532152320,1018101760
findling-rss 1788582320,352833536,174645248,17055680,546746368,1018101760
findling-rss 1788582325,356892672,174690304,17049632,550797312,1018101760
findling-rss 1788582330,303075328,174706688,17024856,496762880,1018101760
findling-rss 1788582335,353325056,174723072,17043744,547045376,1018101760
findling-rss 1788582340,353738752,174743552,17036888,547835904,1018101760
findling-rss 1788582345,390381568,174526464,17048504,584355840,1018101760
findling-rss 1788582350,352980992,174776320,17067528,547098624,1018101760
findling-rss 1788582355,353923072,174809088,17060912,548040704,1018101760
findling-rss 1788582360,353427456,174796800,17079464,547438592,1018101760
findling-rss 1788582365,338186240,174657536,17049272,531939328,1018101760
findling-rss 1788582370,354201600,174682112,17042384,548237312,1018101760
findling-rss 1788582375,353701888,174686208,17024256,547520512,1018101760
findling-rss 1788582380,322220032,174714880,17093832,516231168,1018101760
findling-rss 1788582385,337829888,175751168,17141688,532783104,1018101760
findling-rss 1788582390,363483136,175751168,17142256,558632960,1018101760
findling-rss 1788582395,363573248,175751168,17140400,558735360,1018101760
findling-rss 1788582400,336781312,174755840,17129880,530833408,1018101760
findling-rss 1788582405,352178176,174784512,17123016,546463744,1018101760
findling-rss 1788582410,352219136,174780416,17141544,546508800,1018101760
findling-rss 1788582415,282050560,174804992,17153928,475602944,1018101760
findling-rss 1788582420,352059392,174841856,17148128,546037760,1018101760
findling-rss 1788582425,352346112,174837760,17163832,546742272,1018101760
findling-rss 1788582430,354312192,174702592,17113112,548270080,1018101760
findling-rss 1788582435,350449664,174727168,17125320,543563776,1018101760
findling-rss 1788582440,351719424,174727168,17114624,545841152,1018101760
findling-rss 1788582445,352321536,174755840,17108808,546529280,1018101760
findling-rss 1788582450,336846848,174788608,17121192,530608128,1018101760
findling-rss 1788582455,353095680,174784512,17139040,547303424,1018101760
findling-rss 1788582460,354390016,174813184,17130752,548417536,1018101760
findling-rss 1788582465,302678016,174841856,17142296,496766976,1018101760
findling-rss 1788582470,354226176,174837760,17161128,548204544,1018101760
findling-rss 1788582475,352690176,174870528,17155824,546856960,1018101760
findling-rss 1788582480,272547840,177549312,17147080,469192704,1018101760
findling-rss 1788582485,352186368,174739456,17132056,546082816,1018101760
findling-rss 1788582490,353898496,174772224,17125848,547954688,1018101760
findling-rss 1788582495,356564992,174768128,17143448,550748160,1018101760
findling-rss 1788582500,336826368,174792704,17156712,530935808,1018101760
findling-rss 1788582505,351784960,174825472,17122064,545767424,1018101760
findling-rss 1788582510,351981568,175869952,17170080,547430400,1018101760
findling-rss 1788582515,347643904,175869952,17169824,542810112,1018101760
findling-rss 1788582520,363937792,175869952,17168312,559276032,1018101760
findling-rss 1788582525,352264192,174858240,17134864,546168832,1018101760
findling-rss 1788582530,282226688,174891008,17148648,475918336,1018101760
findling-rss 1788582535,352235520,174886912,17165912,546430976,1018101760
findling-rss 1788582540,352555008,174923776,17160176,547028992,1018101760
findling-rss 1788582545,220475392,174596096,17069048,413978624,1018101760
findling-rss 1788582550,351645696,174776320,17137712,545730560,1018101760
findling-rss 1788582555,334856192,175972352,17162680,529821696,1018101760
findling-rss 1788582560,351916032,174796800,17149104,546283520,1018101760
findling-rss 1788582565,328155136,174833664,17162192,522354688,1018101760
findling-rss 1788582570,352251904,174862336,17127176,546324480,1018101760
findling-rss 1788582575,352227328,174858240,17144976,546324480,1018101760
findling-rss 1788582580,272568320,174891008,17051584,466251776,1018101760
findling-rss 1788582585,352927744,174915584,17151384,546975744,1018101760
findling-rss 1788582590,352387072,174911488,17169912,546471936,1018101760
findling-rss 1788582595,355659776,174944256,17163544,549928960,1018101760
findling-rss 1788582600,336883712,174788608,17126584,530870272,1018101760
findling-rss 1788582605,352059392,174792704,17142672,545914880,1018101760
findling-rss 1788582610,353619968,174825472,17136032,547917824,1018101760
findling-rss 1788582615,288268288,174858240,17146264,478453760,1018101760
findling-rss 1788582620,355041280,174858240,17166424,549076992,1018101760
findling-rss 1788582625,352718848,174874624,17160016,546922496,1018101760
findling-rss 1788582630,220532736,174559232,17041464,413937664,1018101760
findling-rss 1788582635,350986240,174899200,17161912,545230848,1018101760
findling-rss 1788582640,355278848,174936064,17155928,549330944,1018101760
findling-rss 1788582645,356651008,174936064,17174008,550965248,1018101760
findling-rss 1788582650,336891904,174960640,17186600,531132416,1018101760
findling-rss 1788582655,351936512,174813184,17130440,545984512,1018101760
findling-rss 1788582660,353042432,174809088,17117352,546983936,1018101760
findling-rss 1788582665,274853888,174841856,17130384,468062208,1018101760
findling-rss 1788582670,351567872,174874624,17124320,545722368,1018101760
findling-rss 1788582675,351850496,174870528,17141400,546004992,1018101760
findling-rss 1788582680,354267136,174899200,17136120,548642816,1018101760
findling-rss 1788582685,350978048,174923776,17148592,545038336,1018101760
findling-rss 1788582690,353361920,174936064,17167392,547774464,1018101760
findling-rss 1788582695,352727040,174960640,17154040,546766848,1018101760
findling-rss 1788582700,325496832,174981120,17168704,513753088,1018101760
findling-rss 1788582705,352612352,174985216,17186576,546787328,1018101760
findling-rss 1788582710,353972224,174845952,17135744,548028416,1018101760
findling-rss 1788582715,272666624,174870528,17041704,466407424,1018101760
findling-rss 1788582720,352104448,174870528,17167072,546095104,1018101760
findling-rss 1788582725,351846400,174915584,17136712,546189312,1018101760
findling-rss 1788582730,220606464,174587904,17036936,413814784,1018101760
findling-rss 1788582735,351690752,174944256,17167152,545845248,1018101760
findling-rss 1788582740,354451456,174968832,17161192,548540416,1018101760
findling-rss 1788582745,351973376,174972928,17179944,546439168,1018101760
findling-rss 1788582750,336990208,175001600,17192048,531197952,1018101760
findling-rss 1788582755,352268288,175034368,17186304,546680832,1018101760
findling-rss 1788582760,353816576,175030272,17194136,548249600,1018101760
findling-rss 1788582765,272703488,174895104,17055584,466636800,1018101760
findling-rss 1788582770,352456704,174927872,17156352,546516992,1018101760
findling-rss 1788582775,352116736,174919680,17175040,546242560,1018101760
findling-rss 1788582780,354467840,174952448,17167360,548691968,1018101760
findling-rss 1788582785,337010688,174977024,17180448,531447808,1018101760
findling-rss 1788582790,352342016,174981120,17170008,546406400,1018101760
findling-rss 1788582795,352272384,175001600,17163304,546447360,1018101760
findling-rss 1788582800,301391872,175034368,17176336,495308800,1018101760
findling-rss 1788582806,352264192,175030272,17194624,546648064,1018101760
findling-rss 1788582811,356093952,175071232,17188440,550285312,1018101760
findling-rss 1788582816,272736256,174931968,17041400,466644992,1018101760
findling-rss 1788582821,352284672,174940160,17166080,546447360,1018101760
findling-rss 1788582826,352378880,174972928,17116440,546717696,1018101760
findling-rss 1788582831,354738176,174968832,17135736,549232640,1018101760
findling-rss 1788582836,351526912,174997504,17147672,545812480,1018101760
findling-rss 1788582841,352100352,175022080,17141352,546217984,1018101760
findling-rss 1788582846,352899072,175022080,17159720,547049472,1018101760
findling-rss 1788582851,337068032,175058944,17172256,531443712,1018101760
findling-rss 1788582856,354721792,175079424,17165872,549355520,1018101760
findling-rss 1788582861,352944128,175083520,17184168,547360768,1018101760
findling-rss 1788582866,272769024,175108096,17090648,466735104,1018101760
findling-rss 1788582871,353136640,174972928,17154152,547278848,1018101760
findling-rss 1788582876,353112064,174968832,17172680,547418112,1018101760
findling-rss 1788582881,351825920,174997504,17166312,546254848,1018101760
findling-rss 1788582886,337674240,175022080,17178128,531181568,1018101760
findling-rss 1788582891,352391168,175026176,17153536,546672640,1018101760
findling-rss 1788582896,352559104,175054848,17151424,547139584,1018101760
findling-rss 1788582901,310964224,175095808,17164208,505159680,1018101760
findling-rss 1788582906,352808960,175083520,17178600,547209216,1018101760
findling-rss 1788582911,356159488,175112192,17171968,550653952,1018101760
findling-rss 1788582916,220708864,174776320,17072776,414162944,1018101760
findling-rss 1788582921,351940608,175140864,17202992,546574336,1018101760
findling-rss 1788582926,352018432,175017984,17160048,546299904,1018101760
findling-rss 1788582931,353853440,175001600,17178064,548265984,1018101760
findling-rss 1788582936,310964224,175030272,17189384,505286656,1018101760
findling-rss 1788582941,352821248,175063040,17183488,547119104,1018101760
findling-rss 1788582946,354037760,175067136,17201952,548601856,1018101760
findling-rss 1788582951,352784384,175099904,17195992,547348480,1018101760
findling-rss 1788582956,337084416,175120384,17207624,531496960,1018101760
findling-rss 1788582961,355467264,175124480,17226272,550178816,1018101760
findling-rss 1788582966,352075776,175153152,17220720,546693120,1018101760
findling-rss 1788582971,301473792,175181824,17233488,495939584,1018101760
findling-rss 1788582976,352464896,175177728,17251160,547008512,1018101760
findling-rss 1788582981,353062912,175050752,17164232,547434496,1018101760
findling-rss 1788582986,220712960,174718976,17042664,414175232,1018101760
findling-rss 1788582991,351625216,175067136,17180208,546156544,1018101760
findling-rss 1788582996,352198656,175104000,17174448,546578432,1018101760
findling-rss 1788583001,351674368,175099904,17195552,546099200,1018101760
findling-rss 1788583006,347160576,175124480,17207624,540635136,1018101760
findling-rss 1788583011,352821248,175161344,17201776,547102720,1018101760
findling-rss 1788583016,352960512,175161344,17220664,547708928,1018101760
findling-rss 1788583021,328364032,175185920,17232848,522727424,1018101760
findling-rss 1788583026,351866880,175214592,17225736,546635776,1018101760
findling-rss 1788583031,352763904,175210496,17244896,547205120,1018101760
findling-rss 1788583036,220712960,174727168,17067568,414842880,1018101760
findling-rss 1788583041,351674368,175104000,17183328,545988608,1018101760
findling-rss 1788583046,351797248,175108096,17201192,546189312,1018101760
findling-rss 1788583051,352481280,175136768,17194968,546971648,1018101760
findling-rss 1788583056,337080320,175161344,17208056,531406848,1018101760
findling-rss 1788583061,352653312,175161344,17222624,546947072,1018101760
findling-rss 1788583066,353587200,175198208,17217232,548372480,1018101760
findling-rss 1788583071,284098560,175222784,17227352,478617600,1018101760
findling-rss 1788583076,352030720,175222784,17248576,546729984,1018101760
findling-rss 1788583081,352923648,175247360,17241192,547753984,1018101760
findling-rss 1788583086,220717056,174755840,17055528,414187520,1018101760
findling-rss 1788583091,352141312,175108096,17190552,546414592,1018101760
findling-rss 1788583096,352780288,175140864,17170872,547328000,1018101760
findling-rss 1788583101,352043008,175136768,17188744,546242560,1018101760
findling-rss 1788583106,337072128,175165440,17202104,531324928,1018101760
findling-rss 1788583111,353546240,175202304,17195280,548098048,1018101760
findling-rss 1788583116,352460800,175194112,17214040,547065856,1018101760
findling-rss 1788583121,301395968,175222784,17226624,496054272,1018101760
findling-rss 1788583126,352129024,175259648,17220208,546844672,1018101760
findling-rss 1788583131,353411072,175251456,17238200,547860480,1018101760
findling-rss 1788583136,220717056,174927872,17133880,414556160,1018101760
findling-rss 1788583141,350826496,175128576,17176608,545411072,1018101760
findling-rss 1788583146,353353728,175128576,17195096,548003840,1018101760
findling-rss 1788583151,352432128,175153152,17188096,546992128,1018101760
findling-rss 1788583156,310972416,175181824,17200256,505376768,1018101760
findling-rss 1788583161,351723520,175185920,17175616,546353152,1018101760
findling-rss 1788583166,352473088,175214592,17169680,547237888,1018101760
findling-rss 1788583171,162791424,174891008,16901296,355725312,1018101760
findling-rss 1788583176,272551936,175247360,17196168,466792448,1018101760
findling-rss 1788583181,352006144,175271936,17296192,546713600,1018101760
findling-rss 1788583186,354058240,175271936,17313768,549027840,1018101760
findling-rss 1788583191,351748096,175300608,17308352,546488320,1018101760
findling-rss 1788583196,336871424,175165440,17290344,531668992,1018101760
findling-rss 1788583201,352555008,175165440,17309344,546914304,1018101760
findling-rss 1788583206,354086912,175198208,17299880,548761600,1018101760
findling-rss 1788583211,272584704,175222784,17205608,466796544,1018101760
findling-rss 1788583216,352104448,175230976,17330176,546680832,1018101760
findling-rss 1788583221,352481280,175247360,17324384,547401728,1018101760
findling-rss 1788583226,352157696,175251456,17342320,546959360,1018101760
findling-rss 1788583231,351412224,175280128,17311040,545927168,1018101760
findling-rss 1788583236,353701888,175300608,17305880,548405248,1018101760
findling-rss 1788583241,352313344,175304704,17324200,547217408,1018101760
findling-rss 1788583246,336908288,175337472,17336880,531730432,1018101760
findling-rss 1788583251,352010240,175194112,17291952,546668544,1018101760
findling-rss 1788583256,352317440,175194112,17310072,547119104,1018101760
findling-rss 1788583261,283922432,175222784,17276496,478388224,1018101760
findling-rss 1788583266,352677888,175255552,17270088,547258368,1018101760
findling-rss 1788583271,352358400,175251456,17288072,547291136,1018101760
findling-rss 1788583276,286666752,175284224,17281976,521027584,1018101760
findling-rss 1788583281,351830016,175312896,17294792,546586624,1018101760
findling-rss 1788583286,354320384,175300608,17312592,549330944,1018101760
findling-rss 1788583291,353792000,175337472,17306072,548687872,1018101760
findling-rss 1788583296,336928768,175370240,17320088,531709952,1018101760
findling-rss 1788583301,352096256,175362048,17339992,547098624,1018101760
findling-rss 1788583306,352038912,175226880,17299280,546709504,1018101760
findling-rss 1788583311,272642048,175247360,17205800,467091456,1018101760
findling-rss 1788583316,351645696,175243264,17330152,546463744,1018101760
findling-rss 1788583321,352063488,175280128,17325072,546807808,1018101760
findling-rss 1788583326,220569600,174956544,17173872,414552064,1018101760
findling-rss 1788583331,351940608,175304704,17312072,546611200,1018101760
findling-rss 1788583336,352694272,175341568,17305952,547614720,1018101760
findling-rss 1788583341,352473088,175337472,17324480,547024896,1018101760
findling-rss 1788583346,336928768,175366144,17336664,531910656,1018101760
findling-rss 1788583351,352276480,175398912,17330432,547381248,1018101760
findling-rss 1788583356,352382976,175394816,17349072,547147776,1018101760
findling-rss 1788583361,287375360,175263744,17290432,478834688,1018101760
findling-rss 1788583366,352309248,175292416,17284136,547237888,1018101760
findling-rss 1788583371,352432128,175296512,17302504,546918400,1018101760
findling-rss 1788583376,261427200,175316992,17208888,454574080,1018101760
findling-rss 1788583381,351342592,175353856,17309224,546017280,1018101760
findling-rss 1788583386,352661504,175357952,17327472,547454976,1018101760
findling-rss 1788583391,352600064,177106944,17368536,549273600,1018101760
findling-rss 1788583396,362749952,177106944,17367968,559476736,1018101760
findling-rss 1788583401,367534080,177106944,17368536,564064256,1018101760
findling-rss 1788583406,364494848,177106944,17367584,561213440,1018101760
findling-rss 1788583411,352124928,175378432,17339776,547061760,1018101760
findling-rss 1788583416,354770944,175423488,17335608,549572608,1018101760
findling-rss 1788583421,352583680,175415296,17350272,547319808,1018101760
findling-rss 1788583426,336969728,175448064,17365080,531865600,1018101760
findling-rss 1788583431,353259520,175308800,17305736,547917824,1018101760
findling-rss 1788583436,352403456,175308800,17324624,547389440,1018101760
findling-rss 1788583441,284119040,175341568,17337344,478752768,1018101760
findling-rss 1788583447,352374784,175353856,17329736,547270656,1018101760
findling-rss 1788583452,352444416,175366144,17348696,547553280,1018101760
findling-rss 1788583457,220635136,175038464,17215296,414576640,1018101760
findling-rss 1788583462,351891456,175415296,17322992,546754560,1018101760
findling-rss 1788583467,355004416,175423488,17345928,549896192,1018101760
findling-rss 1788583472,353329152,175448064,17338632,548392960,1018101760
findling-rss 1788583477,337018880,175472640,17351408,531779584,1018101760
findling-rss 1788583482,352272384,175489024,17369816,547332096,1018101760
findling-rss 1788583487,352837632,175357952,17311160,547676160,1018101760
findling-rss 1788583492,281559040,175382528,17321960,475803648,1018101760
findling-rss 1788583497,352358400,175382528,17302888,546988032,1018101760
findling-rss 1788583502,352329728,175407104,17292656,547168256,1018101760
findling-rss 1788583507,220676096,175079424,17194208,414593024,1018101760
findling-rss 1788583512,351739904,175431680,17323432,546701312,1018101760
findling-rss 1788583517,355033088,175464448,17317632,550154240,1018101760
findling-rss 1788583522,353931264,175472640,17336088,549072896,1018101760
findling-rss 1788583527,337035264,175489024,17348072,532049920,1018101760
findling-rss 1788583532,355139584,175525888,17342240,550404096,1018101760
findling-rss 1788583537,353484800,175517696,17360656,548458496,1018101760
findling-rss 1788583542,272777216,175378432,17229120,467218432,1018101760
findling-rss 1788583547,352382976,175407104,17329120,547172352,1018101760
findling-rss 1788583552,356298752,175411200,17347464,551313408,1018101760
findling-rss 1788583557,352874496,175435776,17340624,547737600,1018101760
findling-rss 1788583562,337084416,175464448,17310728,532111360,1018101760
findling-rss 1788583567,353189888,175456256,17328712,548179968,1018101760
findling-rss 1788583572,352518144,175493120,17322592,547471360,1018101760
findling-rss 1788583577,337080320,175525888,17335088,532135936,1018101760
findling-rss 1788583582,353050624,175517696,17353704,548311040,1018101760
findling-rss 1788583587,352276480,175550464,17347320,547196928,1018101760
findling-rss 1788583592,272801792,175415296,17216592,467337216,1018101760
findling-rss 1788583597,355147776,175415296,17327352,550068224,1018101760
findling-rss 1788583602,352354304,175448064,17323536,547467264,1018101760
findling-rss 1788583607,220741632,175128576,17214648,414642176,1018101760
findling-rss 1788583612,352235520,175484928,17354632,546983936,1018101760
findling-rss 1788583617,354238464,175509504,17347768,549482496,1018101760
findling-rss 1788583622,352534528,175505408,17365752,547676160,1018101760
findling-rss 1788583627,337137664,175546368,17377952,532148224,1018101760
findling-rss 1788583632,352788480,175562752,17372128,547934208,1018101760
findling-rss 1788583637,354828288,175562752,17390864,550129664,1018101760
findling-rss 1788583642,280084480,175591424,17403496,473358336,1018101760
findling-rss 1788583647,355827712,175464448,17330368,550993920,1018101760
findling-rss 1788583652,352735232,175456256,17348128,547758080,1018101760
findling-rss 1788583657,351985664,175493120,17346800,547020800,1018101760
findling-rss 1788583662,351768576,175521792,17356176,546914304,1018101760
findling-rss 1788583667,352845824,175509504,17374960,547954688,1018101760
findling-rss 1788583672,352354304,175546368,17369112,547270656,1018101760
findling-rss 1788583677,337158144,175566848,17381184,532185088,1018101760
findling-rss 1788583682,352227328,175575040,17399120,547426304,1018101760
findling-rss 1788583687,353198080,175607808,17393432,548134912,1018101760
findling-rss 1788583692,284553216,175636480,17363576,479686656,1018101760
findling-rss 1788583697,352305152,175632384,17380856,547442688,1018101760
findling-rss 1788583702,352628736,175489024,17337112,547627008,1018101760
findling-rss 1788583707,220790784,175157248,17227704,414818304,1018101760
findling-rss 1788583712,352468992,175517696,17367936,547639296,1018101760
findling-rss 1788583717,354906112,175529984,17360688,549871616,1018101760
findling-rss 1788583722,354349056,175538176,17336568,549146624,1018101760
findling-rss 1788583727,337154048,175566848,17348768,532234240,1018101760
findling-rss 1788583732,352268288,175595520,17344016,547454976,1018101760
findling-rss 1788583737,354238464,175587328,17360368,549584896,1018101760
findling-rss 1788583742,340533248,175411200,17393080,533299200,1018101760
findling-rss 1788583747,353615872,175656960,17393808,548339712,1018101760
findling-rss 1788583752,353947648,175656960,17412152,549437440,1018101760
findling-rss 1788583757,353927168,175497216,17366016,548954112,1018101760
findling-rss 1788583762,352886784,175521792,17378880,547807232,1018101760
findling-rss 1788583767,353382400,175517696,17397000,548368384,1018101760
findling-rss 1788583772,353730560,175554560,17391288,549068800,1018101760
findling-rss 1788583777,338161664,175587328,17352544,533233664,1018101760
findling-rss 1788583782,354746368,175587328,17371640,549896192,1018101760
findling-rss 1788583787,354390016,175616000,17365136,549535744,1018101760
findling-rss 1788583792,273866752,175636480,17271520,468738048,1018101760
findling-rss 1788583797,352800768,175636480,17399104,548270080,1018101760
findling-rss 1788583802,355737600,175673344,17389048,550903808,1018101760
findling-rss 1788583807,357593088,175669248,17407984,552599552,1018101760
findling-rss 1788583812,352493568,175529984,17388216,547577856,1018101760
findling-rss 1788583817,353566720,175558656,17382008,548401152,1018101760
findling-rss 1788583822,358064128,175554560,17400536,553197568,1018101760
findling-rss 1788583827,338194432,175587328,17412944,533450752,1018101760
findling-rss 1788583832,353099776,175616000,17407416,548433920,1018101760
findling-rss 1788583837,356470784,175620096,17424968,551763968,1018101760
findling-rss 1788583842,284749824,175644672,17409608,479854592,1018101760
findling-rss 1788583847,353890304,175681536,17402512,549122048,1018101760
findling-rss 1788583852,353550336,175677440,17421024,548835328,1018101760
findling-rss 1788583857,353353728,175697920,17415248,548356096,1018101760
findling-rss 1788583862,352710656,175562752,17374960,547856384,1018101760
findling-rss 1788583867,356454400,175566848,17393736,551534592,1018101760
findling-rss 1788583872,353882112,175595520,17337032,549056512,1018101760
findling-rss 1788583877,329486336,175611904,17346864,524464128,1018101760
findling-rss 1788583882,356769792,175624192,17366224,551976960,1018101760
findling-rss 1788583887,353816576,175648768,17359520,549203968,1018101760
findling-rss 1788583892,273924096,175677440,17263616,468557824,1018101760
findling-rss 1788583897,354156544,175673344,17389552,549367808,1018101760
findling-rss 1788583902,353431552,175697920,17387368,548835328,1018101760
findling-rss 1788583907,354148352,175714304,17405640,549564416,1018101760
findling-rss 1788583912,349392896,175738880,17417480,544747520,1018101760
findling-rss 1788583917,353587200,175591424,17382856,548515840,1018101760
findling-rss 1788583922,353542144,175603712,17401056,548720640,1018101760
findling-rss 1788583927,338243584,175624192,17413040,533356544,1018101760
findling-rss 1788583932,353714176,175644672,17407720,548892672,1018101760
findling-rss 1788583937,354500608,175656960,17392456,549728256,1018101760
findling-rss 1788583942,276180992,175681536,17401720,470802432,1018101760
findling-rss 1788583947,353918976,175710208,17395904,549289984,1018101760
findling-rss 1788583952,353443840,175710208,17415200,548888576,1018101760
findling-rss 1788583957,354611200,175742976,17408288,550187008,1018101760
findling-rss 1788583962,213114880,175771648,17348128,407724032,1018101760
findling-rss 1788583967,351641600,175771648,17512184,547086336,1018101760
findling-rss 1788583972,351760384,175636480,17460536,546787328,1018101760
findling-rss 1788583977,354381824,175636480,17478816,549879808,1018101760
findling-rss 1788583982,336920576,175661056,17491560,532090880,1018101760
findling-rss 1788583987,352280576,175681536,17484592,547721216,1018101760
findling-rss 1788583992,353607680,175689728,17503568,549040128,1018101760
findling-rss 1788583997,280539136,175722496,17516312,473169920,1018101760
findling-rss 1788584002,352350208,175751168,17509920,547909632,1018101760
findling-rss 1788584007,352382976,175751168,17528656,548077568,1018101760
findling-rss 1788584012,353099776,175767552,17522000,548569088,1018101760
findling-rss 1788584017,336973824,175804416,17534520,532647936,1018101760
findling-rss 1788584022,352059392,175812608,17553768,547655680,1018101760
findling-rss 1788584027,352174080,175665152,17464552,547397632,1018101760
findling-rss 1788584032,302592000,175697920,17476936,497950720,1018101760
findling-rss 1788584037,352165888,175706112,17452448,547655680,1018101760
findling-rss 1788584042,352071680,175738880,17446200,547434496,1018101760
findling-rss 1788584047,220626944,175398912,17346496,415309824,1018101760
findling-rss 1788584053,352722944,175751168,17476800,547987456,1018101760
findling-rss 1788584058,355483648,175779840,17470208,550944768,1018101760
findling-rss 1788584063,355352576,175788032,17488888,550940672,1018101760
findling-rss 1788584068,336986112,175808512,17501096,532512768,1018101760
findling-rss 1788584073,352641024,175845376,17495432,548028416,1018101760
findling-rss 1788584078,352509952,175837184,17513824,548245504,1018101760
findling-rss 1788584083,256253952,175697920,17381600,450056192,1018101760
findling-rss 1788584088,351608832,175734784,17481936,547024896,1018101760
findling-rss 1788584093,352858112,175738880,17500464,548057088,1018101760
findling-rss 1788584098,352645120,175767552,17483920,548028416,1018101760
findling-rss 1788584103,337014784,175796224,17492304,532381696,1018101760
findling-rss 1788584108,352251904,175792128,17510176,547627008,1018101760
findling-rss 1788584113,356261888,175820800,17504760,551952384,1018101760
findling-rss 1788584118,272715776,175857664,17416672,467951616,1018101760
findling-rss 1788584123,352399360,175849472,17540832,547696640,1018101760
findling-rss 1788584128,353009664,175886336,17535152,548573184,1018101760
findling-rss 1788584133,220643328,175562752,17444136,415113216,1018101760
findling-rss 1788584138,354611200,175747072,17500376,550039552,1018101760
findling-rss 1788584143,355061760,175788032,17493232,550498304,1018101760
findling-rss 1788584148,352026624,175775744,17511448,547590144,1018101760
findling-rss 1788584153,346796032,177569792,17555024,543997952,1018101760
findling-rss 1788584158,363282432,177569792,17554032,560644096,1018101760
findling-rss 1788584163,365662208,177569792,17500272,562917376,1018101760
findling-rss 1788584168,348958720,177569792,17499888,546234368,1018101760
findling-rss 1788584173,352718848,175800320,17470528,548052992,1018101760
findling-rss 1788584178,353325056,175849472,17468776,548945920,1018101760
findling-rss 1788584183,310927360,175882240,17480928,506265600,1018101760
findling-rss 1788584188,352305152,175878144,17499552,547622912,1018101760
findling-rss 1788584193,354586624,175902720,17492728,550113280,1018101760
findling-rss 1788584198,260472832,175939584,17396896,454475776,1018101760
findling-rss 1788584203,351891456,175939584,17527240,547598336,1018101760
findling-rss 1788584208,353316864,175796224,17489440,548478976,1018101760
findling-rss 1788584213,355831808,175800320,17507808,551407616,1018101760
findling-rss 1788584218,342564864,175837184,17520056,537051136,1018101760
findling-rss 1788584223,352423936,175853568,17513352,548032512,1018101760
findling-rss 1788584228,355872768,175853568,17489800,551481344,1018101760
findling-rss 1788584233,283119616,175882240,17501256,478265344,1018101760
findling-rss 1788584238,353259520,175906816,17495664,548720640,1018101760
findling-rss 1788584243,352374784,175906816,17513712,548069376,1018101760
findling-rss 1788584248,258367488,175935488,17420256,452415488,1018101760
findling-rss 1788584253,352399360,175972352,17517520,547987456,1018101760
findling-rss 1788584258,352854016,175968256,17536048,548614144,1018101760
findling-rss 1788584263,351924224,175816704,17491552,547459072,1018101760
findling-rss 1788584268,348278784,175845376,17503848,542461952,1018101760
findling-rss 1788584273,352153600,175845376,17521512,547676160,1018101760
findling-rss 1788584278,354684928,175869952,17515128,550412288,1018101760
findling-rss 1788584283,302575616,175902720,17527888,497446912,1018101760
findling-rss 1788584288,354910208,175898624,17546312,550277120,1018101760
findling-rss 1788584293,355581952,175931392,17497728,551018496,1018101760
findling-rss 1788584298,354836480,175927296,17515328,550273024,1018101760
findling-rss 1788584303,352083968,175951872,17528344,547655680,1018101760
findling-rss 1788584308,353198080,175984640,17522384,548700160,1018101760
findling-rss 1788584313,353824768,175980544,17540736,549429248,1018101760
findling-rss 1788584318,337137664,175833088,17515448,532398080,1018101760
findling-rss 1788584323,352124928,175861760,17507832,547823616,1018101760
findling-rss 1788584328,356315136,175861760,17483760,552054784,1018101760
findling-rss 1788584333,301895680,175890432,17496144,497000448,1018101760
findling-rss 1788584338,352608256,175919104,17488960,548134912,1018101760
findling-rss 1788584343,352759808,175923200,17507808,548433920,1018101760
findling-rss 1788584348,240046080,175951872,17414168,429854720,1018101760
findling-rss 1788584353,351580160,175972352,17514464,547020800,1018101760
findling-rss 1788584358,352874496,175976448,17532808,548675584,1018101760
findling-rss 1788584363,353136640,176009216,17527392,549036032,1018101760
findling-rss 1788584368,361373696,177057792,17574408,558157824,1018101760
findling-rss 1788584373,363442176,177057792,17574608,560230400,1018101760
findling-rss 1788584378,363634688,177057792,17574408,560394240,1018101760
findling-rss 1788584383,337182720,176922624,17549272,533676032,1018101760
findling-rss 1788584388,362819584,176922624,17534920,559538176,1018101760
findling-rss 1788584393,363204608,176922624,17533984,560115712,1018101760
findling-rss 1788584398,337174528,175894528,17504752,532865024,1018101760
findling-rss 1788584403,352612352,175906816,17518640,548261888,1018101760
findling-rss 1788584408,353853440,175939584,17513312,549568512,1018101760
findling-rss 1788584413,284155904,175968256,17526352,479510528,1018101760
findling-rss 1788584418,354562048,175955968,17543912,550285312,1018101760
findling-rss 1788584423,352481280,175992832,17496488,548257792,1018101760
findling-rss 1788584428,220831744,175661056,17397208,415604736,1018101760
findling-rss 1788584433,351232000,176017408,17527712,547049472,1018101760
findling-rss 1788584438,355500032,176050176,17521480,551129088,1018101760
findling-rss 1788584443,353492992,176050176,17539288,549388288,1018101760
findling-rss 1788584448,337211392,175910912,17466896,532725760,1018101760
findling-rss 1788584453,352378880,175935488,17461552,548052992,1018101760
findling-rss 1788584458,352677888,175935488,17476120,548442112,1018101760
findling-rss 1788584463,272928768,175976448,17386280,468078592,1018101760
findling-rss 1788584468,351350784,175992832,17485624,547016704,1018101760
findling-rss 1788584473,355127296,176001024,17504080,550866944,1018101760
findling-rss 1788584478,353411072,176025600,17498008,548986880,1018101760
findling-rss 1788584483,348188672,176058368,17510984,542511104,1018101760
findling-rss 1788584488,352976896,176046080,17527952,548720640,1018101760
findling-rss 1788584493,356384768,176082944,17522352,552292352,1018101760
findling-rss 1788584498,304984064,175939584,17508624,498495488,1018101760
findling-rss 1788584503,352542720,175939584,17532272,547958784,1018101760
findling-rss 1788584508,354144256,175968256,17525792,549937152,1018101760
findling-rss 1788584513,262033408,176001024,17432264,455991296,1018101760
findling-rss 1788584518,352202752,175996928,17557520,548003840,1018101760
findling-rss 1788584523,355065856,176033792,17551400,550752256,1018101760
findling-rss 1788584528,352964608,176025600,17569568,548859904,1018101760
findling-rss 1788584533,349790208,176054272,17581456,545644544,1018101760
findling-rss 1788584538,352260096,176087040,17574704,548151296,1018101760
findling-rss 1788584543,354578432,176087040,17591288,550486016,1018101760
findling-rss 1788584548,337215488,176111616,17606976,533024768,1018101760
findling-rss 1788584553,352862208,175980544,17490208,548229120,1018101760
findling-rss 1788584558,353742848,175984640,17508824,549421056,1018101760
findling-rss 1788584563,299819008,176017408,17518744,495542272,1018101760
findling-rss 1788584568,351965184,176041984,17511904,547713024,1018101760
findling-rss 1788584573,352165888,176037888,17530496,547889152,1018101760
findling-rss 1788584578,270958592,176066560,17436432,465289216,1018101760
findling-rss 1788584583,352124928,176099328,17536816,547848192,1018101760
findling-rss 1788584588,352354304,176099328,17555048,547893248,1018101760
findling-rss 1788584593,353939456,176128000,17548320,549969920,1018101760
findling-rss 1788584598,337260544,176160768,17561128,533221376,1018101760
findling-rss 1788584603,351932416,176156672,17579752,547803136,1018101760
findling-rss 1788584608,352624640,176021504,17518968,548098048,1018101760
findling-rss 1788584613,283332608,176037888,17532576,478547968,1018101760
findling-rss 1788584618,352505856,176050176,17550720,548483072,1018101760
findling-rss 1788584623,352858112,176070656,17548400,548352000,1018101760
findling-rss 1788584628,220893184,175751168,17439984,415748096,1018101760
findling-rss 1788584633,351752192,176099328,17579880,547622912,1018101760
findling-rss 1788584638,352587776,176132096,17573760,548376576,1018101760
findling-rss 1788584643,352919552,176128000,17592488,548814848,1018101760
findling-rss 1788584648,337244160,176160768,17604064,532979712,1018101760
findling-rss 1788584653,352538624,176181248,17597624,548421632,1018101760
findling-rss 1788584658,353710080,176193536,17616176,549933056,1018101760
findling-rss 1788584663,311140352,176054272,17490008,506585088,1018101760
findling-rss 1788584668,352112640,176082944,17484256,547901440,1018101760
findling-rss 1788584673,353292288,176091136,17502344,548999168,1018101760
findling-rss 1788584678,271814656,176111616,17408848,465973248,1018101760
findling-rss 1788584683,353005568,176140288,17508616,548880384,1018101760
findling-rss 1788584688,352559104,176144384,17527464,548356096,1018101760
findling-rss 1788584694,353320960,176173056,17521256,549351424,1018101760
findling-rss 1788584699,337248256,176193536,17537352,533340160,1018101760
findling-rss 1788584704,352915456,176201728,17555376,548831232,1018101760
findling-rss 1788584709,337514496,176205824,17544320,533192704,1018101760
findling-rss 1788584714,272986112,180166656,17565520,472469504,1018101760
findling-rss 1788584719,352215040,176087040,17554816,548073472,1018101760
findling-rss 1788584724,353329152,176119808,17545080,549109760,1018101760
findling-rss 1788584729,220913664,175792128,17445752,415727616,1018101760
findling-rss 1788584734,351911936,176152576,17579936,547770368,1018101760
findling-rss 1788584739,351854592,176164864,17573688,547852288,1018101760
findling-rss 1788584744,353280000,176173056,17591080,549163008,1018101760
findling-rss 1788584749,400158720,175992832,17623040,596099072,1018101760
findling-rss 1788584754,352821248,176226304,17624408,548671488,1018101760
findling-rss 1788584759,354209792,176238592,17643112,550346752,1018101760
findling-rss 1788584764,273977344,176267264,17548680,469622784,1018101760
findling-rss 1788584769,353472512,176123904,17510424,549371904,1018101760
findling-rss 1788584774,353734656,176119808,17528016,549552128,1018101760
findling-rss 1788584779,319172608,176144384,17597712,514727936,1018101760
findling-rss 1788584784,352698368,176156672,17616416,548536320,1018101760
findling-rss 1788584789,337035264,176168960,17628416,532897792,1018101760
findling-rss 1788584794,353914880,176214016,17623048,550006784,1018101760
findling-rss 1788584799,352530432,176209920,17641256,548708352,1018101760
findling-rss 1788584804,323538944,176234496,17656200,515436544,1018101760
findling-rss 1788584809,353058816,176263168,17650568,549089280,1018101760
findling-rss 1788584814,353271808,176263168,17668584,549175296,1018101760
findling-rss 1788584819,272769024,176295936,17574944,468574208,1018101760
findling-rss 1788584824,352092160,176132096,17650816,547975168,1018101760
findling-rss 1788584829,352837632,176132096,17668912,548761600,1018101760
findling-rss 1788584834,352514048,176164864,17662928,548630528,1018101760
findling-rss 1788584839,339816448,176201728,17675080,534851584,1018101760
findling-rss 1788584844,352190464,176197632,17693336,548294656,1018101760
findling-rss 1788584849,352571392,176230400,17687744,548368384,1018101760
findling-rss 1788584854,302571520,176254976,17700032,498110464,1018101760
findling-rss 1788584859,352612352,176254976,17718728,548675584,1018101760
findling-rss 1788584864,351555584,176279552,17709288,547577856,1018101760
findling-rss 1788584869,220729344,175960064,17604424,416104448,1018101760
findling-rss 1788584874,352768000,176316416,17740584,549019648,1018101760
findling-rss 1788584879,353304576,176156672,17652224,549437440,1018101760
findling-rss 1788584884,351817728,176164864,17670816,547753984,1018101760
findling-rss 1788584889,337108992,176189440,17683272,533131264,1018101760
findling-rss 1788584894,352468992,176222208,17676656,548573184,1018101760
findling-rss 1788584899,354275328,176222208,17695656,550387712,1018101760
findling-rss 1788584904,281620480,176246784,17708456,477200384,1018101760
findling-rss 1788584909,352952320,176279552,17701056,549072896,1018101760
findling-rss 1788584914,352251904,176283648,17719832,548409344,1018101760
findling-rss 1788584919,226136064,176308224,17625160,416100352,1018101760
findling-rss 1788584924,352264192,176336896,17724576,548618240,1018101760
findling-rss 1788584929,353038336,176340992,17742968,549445632,1018101760
findling-rss 1788584934,351477760,176189440,17655768,547553280,1018101760
findling-rss 1788584939,337121280,177971200,17716552,534900736,1018101760
findling-rss 1788584944,362012672,177971200,17717048,559853568,1018101760
findling-rss 1788584949,365834240,177971200,17716280,563671040,1018101760
findling-rss 1788584954,349036544,177971200,17716664,546906112,1018101760
findling-rss 1788584959,364605440,177971200,17716096,562499584,1018101760
findling-rss 1788584964,352448512,176222208,17686056,548511744,1018101760
findling-rss 1788584969,301654016,176263168,17699960,497491968,1018101760
findling-rss 1788584974,352235520,176295936,17693448,548302848,1018101760
findling-rss 1788584979,352968704,176295936,17711048,549085184,1018101760
findling-rss 1788584984,255070208,176320512,17617192,449765376,1018101760
findling-rss 1788584989,352243712,176349184,17717376,548265984,1018101760
findling-rss 1788584994,354357248,176345088,17735432,550793216,1018101760
findling-rss 1788584999,352776192,176377856,17729024,549019648,1018101760
findling-rss 1788585004,337117184,176238592,17598800,532987904,1018101760
findling-rss 1788585009,352595968,176246784,17617328,548732928,1018101760
findling-rss 1788585014,355287040,176271360,17609608,551374848,1018101760
findling-rss 1788585019,301363200,176295936,17622520,497176576,1018101760
findling-rss 1788585024,351928320,176300032,17639944,548052992,1018101760
findling-rss 1788585029,352305152,176332800,17633896,548397056,1018101760
findling-rss 1788585034,282636288,178089984,17596904,480206848,1018101760
findling-rss 1788585039,361922560,178089984,17700704,559747072,1018101760
findling-rss 1788585044,364945408,178089984,17698216,563011584,1018101760
findling-rss 1788585049,275681280,178089984,17590832,473055232,1018101760
findling-rss 1788585054,352829440,176377856,17647448,548761600,1018101760
findling-rss 1788585059,336347136,177545216,17697472,533602304,1018101760
findling-rss 1788585064,353034240,176406528,17659344,549437440,1018101760
findling-rss 1788585069,337174528,176422912,17671240,533204992,1018101760
findling-rss 1788585074,351391744,176422912,17689048,547397632,1018101760
findling-rss 1788585079,353132544,176291840,17665480,549437440,1018101760
findling-rss 1788585084,282296320,176320512,17677872,478248960,1018101760
findling-rss 1788585089,352530432,176324608,17695272,548503552,1018101760
findling-rss 1788585094,352493568,176349184,17689272,548560896,1018101760
findling-rss 1788585099,220835840,176349184,17615536,450813952,1018101760
findling-rss 1788585104,351657984,176377856,17722048,548151296,1018101760
findling-rss 1788585109,351862784,176410624,17713432,548126720,1018101760
findling-rss 1788585114,352575488,176406528,17731392,548601856,1018101760
findling-rss 1788585119,337186816,176443392,17746000,533336064,1018101760
findling-rss 1788585124,352870400,176476160,17739704,548986880,1018101760
findling-rss 1788585129,354033664,176476160,17757848,550481920,1018101760
findling-rss 1788585134,311140352,176349184,17689240,507330560,1018101760
findling-rss 1788585139,353243136,176369664,17682720,549347328,1018101760
findling-rss 1788585144,354697216,176369664,17700888,550666240,1018101760
findling-rss 1788585149,220876800,176050176,17596144,416083968,1018101760
findling-rss 1788585154,349855744,176447488,17707752,545951744,1018101760
findling-rss 1788585159,353054720,176435200,17725128,549507072,1018101760
findling-rss 1788585164,352661504,176463872,17715424,549007360,1018101760
findling-rss 1788585169,326393856,176492544,17728112,516120576,1018101760
findling-rss 1788585174,351563776,176484352,17746304,548036608,1018101760
findling-rss 1788585179,352620544,176513024,17740328,549076992,1018101760
findling-rss 1788585184,267366400,176373760,17599200,466825216,1018101760
findling-rss 1788585189,353431552,176369664,17715360,549732352,1018101760
findling-rss 1788585194,353452032,176406528,17708768,549978112,1018101760
findling-rss 1788585199,354099200,176410624,17726640,550563840,1018101760
findling-rss 1788585204,347652096,176427008,17738288,542806016,1018101760
findling-rss 1788585209,354291712,176463872,17732808,550563840,1018101760
findling-rss 1788585214,357117952,176459776,17750752,553680896,1018101760
findling-rss 1788585219,312205312,176492544,17762512,508305408,1018101760
findling-rss 1788585224,353767424,176517120,17755736,550133760,1018101760
findling-rss 1788585229,353144832,176513024,17774024,549679104,1018101760
findling-rss 1788585234,274022400,176545792,17680096,470118400,1018101760
findling-rss 1788585239,353566720,176410624,17698768,549789696,1018101760
findling-rss 1788585244,353148928,176410624,17716512,549666816,1018101760
findling-rss 1788585249,354115584,176435200,17710400,550416384,1018101760
findling-rss 1788585254,350953472,176463872,17722680,547254272,1018101760
findling-rss 1788585259,354181120,176467968,17740168,550514688,1018101760
findling-rss 1788585264,357232640,176496640,17734280,553750528,1018101760
findling-rss 1788585269,338337792,176521216,17745832,534872064,1018101760
findling-rss 1788585274,353603584,176529408,17764344,549994496,1018101760
findling-rss 1788585279,353669120,176558080,17758456,550277120,1018101760
findling-rss 1788585284,274051072,176582656,17663784,470294528,1018101760
findling-rss 1788585289,353959936,176590848,17787792,550842368,1018101760
findling-rss 1788585294,354082816,176443392,17693144,550551552,1018101760
findling-rss 1788585299,353910784,176443392,17715456,550232064,1018101760
findling-rss 1788585304,353058816,176472064,17723592,549240832,1018101760
findling-rss 1788585309,336564224,176476160,17716296,532881408,1018101760
findling-rss 1788585314,352534528,176496640,17735088,549093376,1018101760
findling-rss 1788585319,338329600,176525312,17747256,534618112,1018101760
findling-rss 1788585324,353325056,176562176,17741864,549699584,1018101760
findling-rss 1788585329,353861632,176553984,17759288,550424576,1018101760
findling-rss 1788585335,348106752,177295360,17772384,545312768,1018101760
findling-rss 1788585340,364085248,177295360,17771960,561315840,1018101760
findling-rss 1788585345,357277696,176586752,17770752,553705472,1018101760
findling-rss 1788585350,285528064,176623616,17784320,482168832,1018101760
findling-rss 1788585355,353677312,176476160,17703440,550195200,1018101760
findling-rss 1788585360,355065856,176476160,17721024,551587840,1018101760
findling-rss 1788585365,221990912,176156672,17616032,417255424,1018101760
findling-rss 1788585370,353468416,176533504,17726264,549974016,1018101760
findling-rss 1788585375,354304000,176537600,17744816,550842368,1018101760
findling-rss 1788585380,355672064,176570368,17738768,552177664,1018101760
findling-rss 1788585385,338378752,176590848,17750416,534896640,1018101760
findling-rss 1788585390,354189312,176594944,17768720,550666240,1018101760
findling-rss 1788585395,356184064,176627712,17762176,552837120,1018101760
findling-rss 1788585400,274083840,176656384,17668136,470134784,1018101760
findling-rss 1788585405,353488896,176660480,17796240,550158336,1018101760
findling-rss 1788585410,353230848,176500736,17708064,549609472,1018101760
findling-rss 1788585415,354308096,178266112,17776408,552509440,1018101760
findling-rss 1788585420,363737088,178266112,17776040,562032640,1018101760
findling-rss 1788585425,365146112,178266112,17773352,563326976,1018101760
findling-rss 1788585430,296968192,178266112,17774192,494718976,1018101760
findling-rss 1788585435,353796096,176549888,17721592,550150144,1018101760
findling-rss 1788585440,354680832,176541696,17738856,551313408,1018101760
findling-rss 1788585445,327184384,176574464,17733080,541315072,1018101760
findling-rss 1788585450,352624640,176599040,17745104,549339136,1018101760
findling-rss 1788585455,353050624,176599040,17763712,549715968,1018101760
findling-rss 1788585460,353779712,176627712,17757168,550133760,1018101760
findling-rss 1788585465,338427904,176656384,17765600,534966272,1018101760
findling-rss 1788585470,353955840,176652288,17783504,550686720,1018101760
findling-rss 1788585475,353906688,176676864,17777800,550645760,1018101760
findling-rss 1788585480,312594432,176537600,17699608,508645376,1018101760
findling-rss 1788585485,353648640,176529408,17717304,550207488,1018101760
findling-rss 1788585490,354119680,176566272,17712008,550600704,1018101760
findling-rss 1788585495,263847936,176590848,17615480,458280960,1018101760
findling-rss 1788585500,354127872,176590848,17741192,550600704,1018101760
findling-rss 1788585505,354455552,176615424,17735464,550772736,1018101760
findling-rss 1788585510,353755136,176615424,17753224,550313984,1018101760
findling-rss 1788585515,353263616,176652288,17765704,549793792,1018101760
findling-rss 1788585520,353824768,176672768,17759664,550408192,1018101760
findling-rss 1788585525,353693696,176685056,17778008,550457344,1018101760
findling-rss 1788585530,329752576,176701440,17789320,526323712,1018101760
findling-rss 1788585535,354336768,176566272,17708800,550699008,1018101760
findling-rss 1788585540,354414592,176558080,17726816,550850560,1018101760
findling-rss 1788585545,274194432,176594944,17633248,470237184,1018101760
findling-rss 1788585550,353669120,176619520,17733160,550285312,1018101760
findling-rss 1788585555,353771520,176619520,17750312,550469632,1018101760
findling-rss 1788585560,336187392,176644096,17744696,550236160,1018101760
findling-rss 1788585565,352743424,176685056,17756888,549380096,1018101760
findling-rss 1788585570,353959936,176689152,17774240,550563840,1018101760
findling-rss 1788585575,353845248,176717824,17773080,550494208,1018101760
findling-rss 1788585580,338481152,176738304,17784904,534880256,1018101760
findling-rss 1788585585,353607680,176750592,17802752,550625280,1018101760
findling-rss 1788585590,354004992,176611328,17715640,550686720,1018101760
findling-rss 1788585595,338530304,176644096,17727216,534925312,1018101760
findling-rss 1788585600,354115584,176648192,17750112,550895616,1018101760
findling-rss 1788585605,353247232,176672768,17743608,549740544,1018101760
findling-rss 1788585610,172871680,176697344,17529272,369233920,1018101760
findling-rss 1788585615,283975680,176697344,17846768,480485376,1018101760
findling-rss 1788585620,353095680,176721920,17839736,549949440,1018101760
findling-rss 1788585625,352854016,176726016,17858352,549568512,1018101760
findling-rss 1788585630,352829440,176754688,17852056,549556224,1018101760
findling-rss 1788585635,337133568,176783360,17863568,533950464,1018101760
findling-rss 1788585640,353026048,176787456,17882368,549593088,1018101760
findling-rss 1788585645,353026048,176644096,17794504,549654528,1018101760
findling-rss 1788585650,302854144,176668672,17806624,499113984,1018101760
findling-rss 1788585655,352284672,176664576,17824048,548835328,1018101760
findling-rss 1788585660,352149504,176693248,17817824,548851712,1018101760
findling-rss 1788585665,262737920,176730112,17724280,457740288,1018101760
findling-rss 1788585670,352116736,176721920,17848680,549044224,1018101760
findling-rss 1788585675,355516416,176754688,17841864,552468480,1018101760
findling-rss 1788585680,353873920,176750592,17859784,550658048,1018101760
findling-rss 1788585685,337174528,176783360,17872448,533692416,1018101760
findling-rss 1788585690,352047104,176812032,17866040,548847616,1018101760
findling-rss 1788585695,351797248,176812032,17884480,548786176,1018101760
findling-rss 1788585700,303005696,176680960,17814976,499396608,1018101760
findling-rss 1788585705,352608256,176717824,17811376,549158912,1018101760
findling-rss 1788585710,354574336,176709632,17829704,551071744,1018101760
findling-rss 1788585715,220819456,176390144,17724848,416669696,1018101760
findling-rss 1788585720,351698944,176766976,17835736,548433920,1018101760
findling-rss 1788585725,351961088,176771072,17853880,548786176,1018101760
findling-rss 1788585730,355336192,176795648,17847224,552382464,1018101760
findling-rss 1788585735,337170432,176820224,17858896,533831680,1018101760
findling-rss 1788585740,352845824,176820224,17877720,549715968,1018101760
findling-rss 1788585745,353935360,176857088,17871152,550797312,1018101760
findling-rss 1788585750,272904192,176713728,17695928,469110784,1018101760
findling-rss 1788585755,353067008,176717824,17820432,549711872,1018101760
findling-rss 1788585760,354521088,176750592,17811408,551170048,1018101760
findling-rss 1788585765,220831744,176418816,17700832,416428032,1018101760
findling-rss 1788585770,351899648,176775168,17830744,548638720,1018101760
findling-rss 1788585775,352337920,176799744,17824248,549117952,1018101760
findling-rss 1788585780,353128448,176799744,17842120,549933056,1018101760
findling-rss 1788585785,328503296,176832512,17854304,525320192,1018101760
findling-rss 1788585790,352157696,176861184,17847472,549036032,1018101760
findling-rss 1788585795,352968704,176861184,17865640,549847040,1018101760
findling-rss 1788585800,272916480,176898048,17771960,469213184,1018101760
findling-rss 1788585805,352378880,176746496,17795744,548925440,1018101760
findling-rss 1788585810,353173504,176754688,17814504,549990400,1018101760
findling-rss 1788585815,352337920,176779264,17807736,549023744,1018101760
findling-rss 1788585820,351850496,176803840,17818816,548528128,1018101760
findling-rss 1788585825,352514048,176812032,17837776,549429248,1018101760
findling-rss 1788585830,352927744,176836608,17831640,549855232,1018101760
findling-rss 1788585835,337235968,176865280,17843376,533917696,1018101760
findling-rss 1788585840,353169408,176869376,17861816,549834752,1018101760
findling-rss 1788585845,352763904,176893952,17855704,549740544,1018101760
findling-rss 1788585850,283901952,176926720,17867936,480698368,1018101760
findling-rss 1788585855,352980992,176922624,17886040,549928960,1018101760
findling-rss 1788585860,352923648,176783360,17801840,549785600,1018101760
findling-rss 1788585865,220901376,176459776,17693656,416792576,1018101760
findling-rss 1788585870,351866880,176812032,17821968,548761600,1018101760
findling-rss 1788585875,352698368,176848896,17815144,549642240,1018101760
findling-rss 1788585880,356958208,176844800,17833432,554033152,1018101760
findling-rss 1788585885,337272832,176869376,17845648,533913600,1018101760
findling-rss 1788585890,353046528,176898048,17839056,549871616,1018101760
findling-rss 1788585895,352534528,176902144,17856720,549666816,1018101760
findling-rss 1788585900,282808320,176934912,17872960,479412224,1018101760
findling-rss 1788585905,352366592,176955392,17862872,549134336,1018101760
findling-rss 1788585910,353042432,176963584,17880856,549785600,1018101760
findling-rss 1788585915,354205696,176807936,17804472,551215104,1018101760
findling-rss 1788585920,350015488,176840704,17816096,546750464,1018101760
findling-rss 1788585925,352608256,176840704,17834104,549224448,1018101760
findling-rss 1788585930,352133120,176865280,17828672,548921344,1018101760
findling-rss 1788585935,337326080,176902144,17838088,534048768,1018101760
findling-rss 1788585940,352661504,176898048,17855992,549302272,1018101760
findling-rss 1788585945,353193984,176926720,17850128,550121472,1018101760
findling-rss 1788585950,254410752,176955392,17753416,449437696,1018101760
findling-rss 1788585955,352624640,176951296,17880872,549482496,1018101760
findling-rss 1788585960,352280576,176975872,17873424,549265408,1018101760
findling-rss 1788585965,355340288,176988160,17892448,552353792,1018101760
findling-rss 1788585970,352124928,176832512,17825096,549003264,1018101760
findling-rss 1788585975,352210944,176869376,17818776,548999168,1018101760
findling-rss 1788585981,353316864,176861184,17836448,550150144,1018101760
findling-rss 1788585986,319692800,176865280,17847696,516280320,1018101760
findling-rss 1788585991,353038336,176926720,17846264,549957632,1018101760
findling-rss 1788585996,352653312,176926720,17864816,549593088,1018101760
findling-rss 1788586001,220987392,176607232,17762376,417095680,1018101760
findling-rss 1788586006,352108544,176988160,17872472,549040128,1018101760
findling-rss 1788586011,352526336,176996352,17890816,549343232,1018101760
findling-rss 1788586016,352567296,177029120,17885456,549744640,1018101760
findling-rss 1788586021,337367040,176885760,17814760,534171648,1018101760
findling-rss 1788586026,356073472,176893952,17833696,552960000,1018101760
findling-rss 1788586031,353615872,176922624,17827128,550449152,1018101760
findling-rss 1788586036,274116608,176951296,17765752,470716416,1018101760
findling-rss 1788586041,353177600,176947200,17882736,550268928,1018101760
findling-rss 1788586046,354717696,176975872,17877096,551792640,1018101760
findling-rss 1788586051,356024320,176971776,17895176,553144320,1018101760
findling-rss 1788586056,338411520,176996352,17906840,535457792,1018101760
findling-rss 1788586061,353550336,177029120,17898496,550744064,1018101760
findling-rss 1788586066,354459648,177029120,17916120,551780352,1018101760
findling-rss 1788586071,302166016,177061888,17928104,499200000,1018101760
findling-rss 1788586076,356286464,176910336,17839832,553263104,1018101760
findling-rss 1788586081,353964032,176906240,17858408,550895616,1018101760
findling-rss 1788586086,222060544,176586752,17753104,418058240,1018101760
findling-rss 1788586091,353284096,176963584,17864016,550215680,1018101760
findling-rss 1788586096,353853440,176963584,17882568,551108608,1018101760
findling-rss 1788586101,354267136,176996352,17875752,551419904,1018101760
findling-rss 1788586106,338423808,177025024,17887600,535580672,1018101760
findling-rss 1788586111,353857536,177025024,17905680,550854656,1018101760
findling-rss 1788586116,356036608,177065984,17900128,553283584,1018101760
findling-rss 1788586121,348209152,181600256,18043800,549859328,1018101760
findling-rss 1788586126,364695552,181600256,18041872,566423552,1018101760
findling-rss 1788586131,365027328,181600256,18041896,567074816,1018101760
findling-rss 1788586136,363384832,181600256,18041712,565129216,1018101760
findling-rss 1788586141,313708544,181600256,18041912,515424256,1018101760
findling-rss 1788586146,313470976,181600256,18042280,515428352,1018101760
findling-rss 1788586151,366592000,181600256,18041912,568303616,1018101760
findling-rss 1788586156,367943680,181600256,18042280,569528320,1018101760
findling-rss 1788586161,371245056,181600256,17836264,572960768,1018101760
findling-rss 1788586166,315731968,181600256,17833008,517042176,1018101760
findling-rss 1788586171,353800192,177115136,17840992,551165952,1018101760
findling-rss 1788586176,353628160,177106944,17858824,550821888,1018101760
findling-rss 1788586181,350023680,176967680,17801632,546811904,1018101760
findling-rss 1788586186,354541568,176996352,17794992,551636992,1018101760
findling-rss 1788586191,354181120,177000448,17813776,551276544,1018101760
findling-rss 1788586196,321081344,177029120,17825192,510328832,1018101760
findling-rss 1788586201,354111488,177049600,17822680,550961152,1018101760
findling-rss 1788586206,353116160,177057792,17841480,549986304,1018101760
findling-rss 1788586211,222109696,176730112,17733144,418144256,1018101760
findling-rss 1788586216,353218560,177106944,17842968,550137856,1018101760
findling-rss 1788586221,353320960,177119232,17861064,550518784,1018101760
findling-rss 1788586226,354099200,177139712,17854976,551337984,1018101760
findling-rss 1788586231,338493440,177000448,17785344,535408640,1018101760
findling-rss 1788586236,353869824,177008640,17803240,550727680,1018101760
findling-rss 1788586241,356540416,177037312,17798192,553521152,1018101760
findling-rss 1788586246,302288896,177053696,17810088,499175424,1018101760
findling-rss 1788586251,352927744,177061888,17827104,550141952,1018101760
findling-rss 1788586256,353923072,177086464,17820512,551063552,1018101760
findling-rss 1788586261,274214912,177123328,17711160,470769664,1018101760
findling-rss 1788586266,353988608,177123328,17835264,551202816,1018101760
findling-rss 1788586271,356483072,177143808,17828768,553750528,1018101760
findling-rss 1788586276,222150656,176820224,17729080,418533376,1018101760
findling-rss 1788586281,353628160,177180672,17858920,550584320,1018101760
findling-rss 1788586286,354168832,177049600,17786944,551174144,1018101760
findling-rss 1788586291,353497088,177045504,17789144,550428672,1018101760
findling-rss 1788586296,338530304,177078272,17800696,535498752,1018101760
findling-rss 1788586301,353599488,177098752,17797864,550449152,1018101760
findling-rss 1788586306,355557376,177106944,17815984,552914944,1018101760
findling-rss 1788586311,295321600,178159616,17837800,493158400,1018101760
findling-rss 1788586316,364851200,178159616,17837472,563171328,1018101760
findling-rss 1788586321,365064192,178159616,17837328,563253248,1018101760
findling-rss 1788586326,301105152,177168384,17823920,498204672,1018101760
findling-rss 1788586331,354025472,177172480,17841456,551473152,1018101760
findling-rss 1788586336,357257216,177184768,17834080,554508288,1018101760
findling-rss 1788586341,222183424,176873472,17725688,418263040,1018101760
findling-rss 1788586346,353103872,177221632,17864392,550506496,1018101760
findling-rss 1788586351,353521664,177082368,17792376,550985728,1018101760
findling-rss 1788586356,353091584,177082368,17792464,550031360,1018101760
findling-rss 1788586361,351621120,177123328,17804904,548556800,1018101760
findling-rss 1788586366,353476608,177139712,17797432,550727680,1018101760
findling-rss 1788586371,354369536,177143808,17816144,551518208,1018101760
findling-rss 1788586376,338591744,177188864,17828760,535814144,1018101760
findling-rss 1788586381,353796096,177201152,17821928,550866944,1018101760
findling-rss 1788586386,356659200,177209344,17840160,554053632,1018101760
findling-rss 1788586391,274292736,177229824,17745512,471056384,1018101760
findling-rss 1788586396,354811904,177274880,17846552,552087552,1018101760
findling-rss 1788586401,354312192,177262592,17863840,551829504,1018101760
findling-rss 1788586406,357986304,177127424,17791840,555159552,1018101760
findling-rss 1788586411,338595840,177156096,17803648,535826432,1018101760
findling-rss 1788586416,354304000,177156096,17821744,551493632,1018101760
findling-rss 1788586421,353894400,177176576,17732584,551014400,1018101760
findling-rss 1788586426,338604032,177209344,17744072,534462464,1018101760
findling-rss 1788586431,354910208,177213440,17762080,552251392,1018101760
findling-rss 1788586436,354160640,177246208,17756576,551256064,1018101760
findling-rss 1788586441,171524096,177266688,17532704,368136192,1018101760
findling-rss 1788586446,272924672,177278976,17755400,469540864,1018101760
findling-rss 1788586451,352366592,177299456,17852384,549568512,1018101760
findling-rss 1788586456,352161792,177307648,17873616,549335040,1018101760
findling-rss 1788586461,353648640,177156096,17802816,550936576,1018101760
findling-rss 1788586466,349806592,177176576,17815256,546983936,1018101760
findling-rss 1788586471,353312768,177197056,17833872,550461440,1018101760
findling-rss 1788586476,352878592,177217536,17827104,549896192,1018101760
findling-rss 1788586481,337240064,177246208,17839544,534528000,1018101760
findling-rss 1788586486,353116160,177250304,17857280,550260736,1018101760
findling-rss 1788586491,353374208,177278976,17850896,550739968,1018101760
findling-rss 1788586496,280821760,177307648,17864032,472465408,1018101760
findling-rss 1788586501,353218560,177307648,17885256,550559744,1018101760
findling-rss 1788586506,351801344,177336320,17879256,549392384,1018101760
findling-rss 1788586511,273358848,177332224,17893288,523866112,1018101760
findling-rss 1788586516,351875072,177188864,17824112,548896768,1018101760
findling-rss 1788586521,352178176,177221632,17817432,549216256,1018101760
findling-rss 1788586526,354398208,177221632,17835960,551620608,1018101760
findling-rss 1788586531,337268736,177246208,17849792,534339584,1018101760
findling-rss 1788586536,352395264,177270784,17842728,549699584,1018101760
findling-rss 1788586541,353992704,177278976,17861008,551051264,1018101760
findling-rss 1788586546,300335104,177315840,17872552,497246208,1018101760
findling-rss 1788586551,351813632,177336320,17866632,549134336,1018101760
findling-rss 1788586556,352333824,177336320,17884392,549548032,1018101760
findling-rss 1788586561,274255872,177369088,17878888,527306752,1018101760
findling-rss 1788586566,351436800,177217536,17807576,548405248,1018101760
findling-rss 1788586571,352923648,177221632,17826760,549957632,1018101760
findling-rss 1788586576,356511744,177250304,17819040,553963520,1018101760
findling-rss 1788586581,337293312,177274880,17831480,534732800,1018101760
findling-rss 1788586586,353816576,177278976,17850032,551157760,1018101760
findling-rss 1788586591,354414592,177299456,17843784,551739392,1018101760
findling-rss 1788586596,300494848,177332224,17856400,497242112,1018101760
findling-rss 1788586601,352489472,177336320,17876104,549797888,1018101760
findling-rss 1788586606,353017856,177373184,17870440,550502400,1018101760
findling-rss 1788586611,220934144,177041408,17761104,417468416,1018101760
findling-rss 1788586617,352940032,177397760,17900552,550547456,1018101760
findling-rss 1788586622,353325056,177246208,17811296,550531072,1018101760
findling-rss 1788586627,353579008,177242112,17829624,550825984,1018101760
findling-rss 1788586632,337334272,177283072,17841464,534806528,1018101760
findling-rss 1788586637,352522240,177299456,17835248,549826560,1018101760
findling-rss 1788586642,352780288,177299456,17852872,550252544,1018101760
findling-rss 1788586647,301756416,177328128,17865512,498937856,1018101760
findling-rss 1788586652,352325632,177360896,17859400,549720064,1018101760
findling-rss 1788586657,352518144,177360896,17877160,550072320,1018101760
findling-rss 1788586662,273031168,177393664,17780784,469827584,1018101760
findling-rss 1788586667,352546816,177418240,17880120,549789696,1018101760
findling-rss 1788586672,353460224,177426432,17898104,550699008,1018101760
findling-rss 1788586677,355098624,177274880,17810288,552579072,1018101760
findling-rss 1788586682,337326080,177299456,17822888,534593536,1018101760
findling-rss 1788586687,353230848,177299456,17840240,550408192,1018101760
findling-rss 1788586692,353185792,177332224,17834080,550330368,1018101760
findling-rss 1788586697,273055744,177360896,17740040,469938176,1018101760
findling-rss 1788586702,352501760,177360896,17865152,549933056,1018101760
findling-rss 1788586707,352866304,177389568,17858800,550404096,1018101760
findling-rss 1788586712,355995648,177385472,17861544,553242624,1018101760
findling-rss 1788586717,337342464,177422336,17873648,534913024,1018101760
findling-rss 1788586722,352296960,177455104,17867600,549965824,1018101760
findling-rss 1788586727,352780288,177455104,17885000,550281216,1018101760
findling-rss 1788586732,299941888,177324032,17830552,496979968,1018101760
findling-rss 1788586737,353075200,177348608,17824056,550469632,1018101760
findling-rss 1788586742,352923648,177348608,17828160,550129664,1018101760
findling-rss 1788586747,221011968,177033216,17722672,417447936,1018101760
findling-rss 1788586752,352055296,177410048,17834056,549384192,1018101760
findling-rss 1788586757,353411072,177405952,17851568,550817792,1018101760
findling-rss 1788586762,352980992,177434624,17845024,550494208,1018101760
findling-rss 1788586767,337391616,177471488,17857432,534761472,1018101760
findling-rss 1788586772,353013760,177471488,17875672,550301696,1018101760
findling-rss 1788586777,352186368,177496064,17868928,549945344,1018101760
findling-rss 1788586782,337420288,177360896,17813880,534478848,1018101760
findling-rss 1788586787,353370112,177352704,17831688,550703104,1018101760
findling-rss 1788586792,352763904,177381376,17825664,550043648,1018101760
findling-rss 1788586797,221044736,177057792,17718432,417644544,1018101760
findling-rss 1788586802,352825344,177410048,17859664,550256640,1018101760
findling-rss 1788586807,354529280,177442816,17849320,551981056,1018101760
findling-rss 1788586812,355807232,177430528,17867152,553418752,1018101760
findling-rss 1788586817,337420288,177467392,17879608,534818816,1018101760
findling-rss 1788586822,353509376,177496064,17872704,550764544,1018101760
findling-rss 1788586827,357552128,177496064,17891416,555094016,1018101760
findling-rss 1788586832,301436928,177524736,17903168,499408896,1018101760
findling-rss 1788586837,355700736,177393664,17816464,552816640,1018101760
findling-rss 1788586842,353603584,177385472,17835088,550998016,1018101760
findling-rss 1788586847,235032576,177418240,17739960,428044288,1018101760
findling-rss 1788586852,351981568,177442816,17839784,549261312,1018101760
findling-rss 1788586857,353366016,177451008,17858424,550719488,1018101760
findling-rss 1788586862,353169408,177483776,17852264,550756352,1018101760
findling-rss 1788586867,337444864,177504256,17863552,535064576,1018101760
findling-rss 1788586872,352706560,177508352,17882216,550264832,1018101760
findling-rss 1788586877,352980992,177528832,17874680,550428672,1018101760
findling-rss 1788586882,273170432,177557504,17781384,470384640,1018101760
findling-rss 1788586887,353304576,177569792,17905464,550924288,1018101760
findling-rss 1788586892,354770944,177422336,17816024,551985152,1018101760
findling-rss 1788586897,221110272,177074176,17716920,417640448,1018101760
findling-rss 1788586902,352825344,177451008,17849976,550285312,1018101760
findling-rss 1788586907,352894976,177475584,17821592,550338560,1018101760
findling-rss 1788586912,352268288,177483776,17839984,549830656,1018101760
findling-rss 1788586917,337461248,177500160,17852336,534958080,1018101760
findling-rss 1788586922,353955840,177541120,17845768,551501824,1018101760
findling-rss 1788586927,355385344,177532928,17864368,553054208,1018101760
findling-rss 1788586932,301780992,177565696,17876320,499175424,1018101760
findling-rss 1788586937,352694272,177590272,17870104,550260736,1018101760
findling-rss 1788586942,355471360,177590272,17887864,553111552,1018101760
findling-rss 1788586947,355614720,177455104,17821888,553152512,1018101760
findling-rss 1788586952,351674368,177483776,17835544,549081088,1018101760
findling-rss 1788586957,352161792,177483776,17854240,549851136,1018101760
findling-rss 1788586962,352731136,177508352,17844848,550334464,1018101760
findling-rss 1788586967,337506304,177541120,17856784,534937600,1018101760
findling-rss 1788586972,416604160,177332224,17880520,614100992,1018101760
findling-rss 1788586977,353681408,177569792,17880432,551362560,1018101760
findling-rss 1788586982,274219008,177598464,17786032,471441408,1018101760
findling-rss 1788586987,354562048,177606656,17910768,552427520,1018101760
findling-rss 1788586992,354136064,177627136,17904544,551849984,1018101760
findling-rss 1788586997,353734656,177623040,17922192,551366656,1018101760
findling-rss 1788587002,353058816,177496064,17853488,550526976,1018101760
findling-rss 1788587007,357109760,177524736,17846944,554840064,1018101760
findling-rss 1788587012,354328576,177520640,17865136,552071168,1018101760
findling-rss 1788587017,338518016,177545216,17876784,536162304,1018101760
findling-rss 1788587022,354230272,177573888,17871032,551596032,1018101760
findling-rss 1788587027,354131968,177573888,17889088,551858176,1018101760
findling-rss 1788587032,282931200,177602560,17901592,480190464,1018101760
findling-rss 1788587037,353849344,177639424,17886088,551620608,1018101760
findling-rss 1788587042,353447936,179032064,17942720,552603648,1018101760
findling-rss 1788587047,284368896,179032064,17835744,483246080,1018101760
findling-rss 1788587052,363835392,179032064,17941816,562970624,1018101760
findling-rss 1788587057,365158400,179032064,17941816,564137984,1018101760
findling-rss 1788587062,274259968,177668096,17811664,471601152,1018101760
findling-rss 1788587067,354164736,177520640,17851768,551583744,1018101760
findling-rss 1788587072,353570816,177528832,17870024,551120896,1018101760
findling-rss 1788587077,356823040,177553408,17863504,554397696,1018101760
findling-rss 1788587082,353218560,177577984,17875312,550182912,1018101760
findling-rss 1788587087,354881536,177586176,17893952,552288256,1018101760
findling-rss 1788587092,354344960,177610752,17887544,552103936,1018101760
findling-rss 1788587097,338575360,177639424,17899984,536272896,1018101760
findling-rss 1788587102,354283520,177635328,17921296,551784448,1018101760
findling-rss 1788587107,358080512,177668096,17915136,555683840,1018101760
findling-rss 1788587112,274288640,177700864,17815208,471552000,1018101760
findling-rss 1788587117,353755136,177696768,17941560,551522304,1018101760
findling-rss 1788587122,354590720,177549312,17853200,552312832,1018101760
findling-rss 1788587127,355094528,177549312,17871368,552828928,1018101760
findling-rss 1788587132,338591744,177577984,17883920,536080384,1018101760
findling-rss 1788587137,356937728,177606656,17877920,554790912,1018101760
findling-rss 1788587142,354742272,177602560,17895816,552226816,1018101760
findling-rss 1788587147,312500224,177635328,17907392,503250944,1018101760
findling-rss 1788587152,354082816,177668096,17901888,551997440,1018101760
findling-rss 1788587157,354217984,177659904,17919360,551968768,1018101760
findling-rss 1788587162,274333696,177692672,17825344,471613440,1018101760
findling-rss 1788587167,354193408,177729536,17925456,551952384,1018101760
findling-rss 1788587172,353968128,177725440,17943624,551903232,1018101760
findling-rss 1788587177,354746368,177582080,17856168,552583168,1018101760
findling-rss 1788587182,338657280,177610752,17868336,536248320,1018101760
findling-rss 1788587187,354496512,177606656,17886008,552022016,1018101760
findling-rss 1788587192,353783808,177635328,17879464,551497728,1018101760
findling-rss 1788587197,312516608,177655808,17891496,510103552,1018101760
findling-rss 1788587202,354332672,177668096,17913552,552300544,1018101760
findling-rss 1788587207,357654528,177696768,17906328,555532288,1018101760
findling-rss 1788587212,274362368,177721344,17809776,471744512,1018101760
findling-rss 1788587217,353579008,177725440,17936280,551337984,1018101760
findling-rss 1788587222,355860480,177745920,17930048,553906176,1018101760
findling-rss 1788587227,354725888,177754112,17948400,552673280,1018101760
findling-rss 1788587232,319324160,177614848,17936504,517058560,1018101760
findling-rss 1788587237,350380032,177655808,17948464,548220928,1018101760
findling-rss 1788587242,352768000,177639424,17966408,550699008,1018101760
findling-rss 1788587248,353972224,177676288,17960792,551600128,1018101760
findling-rss 1788587253,337301504,177704960,17971848,535031808,1018101760
findling-rss 1788587258,352079872,177700864,17990744,549838848,1018101760
findling-rss 1788587263,352595968,177729536,17963864,550526976,1018101760
findling-rss 1788587268,300220416,177766400,17975816,497672192,1018101760
findling-rss 1788587273,351858688,177758208,17992952,549978112,1018101760
findling-rss 1788587278,353079296,177795072,17987360,550871040,1018101760
findling-rss 1788587283,220950528,177471488,17897864,418004992,1018101760
findling-rss 1788587288,352088064,177651712,17953128,549933056,1018101760
findling-rss 1788587293,352546816,177684480,17946920,550260736,1018101760
findling-rss 1788587298,355921920,177676288,17965160,553902080,1018101760
findling-rss 1788587303,347078656,178393088,17976752,545636352,1018101760
findling-rss 1788587308,363069440,178393088,17977864,561635328,1018101760
findling-rss 1788587313,351555584,177700864,17976152,549462016,1018101760
findling-rss 1788587318,335994880,177741824,17988928,526389248,1018101760
findling-rss 1788587323,352382976,177770496,17982976,550326272,1018101760
findling-rss 1788587328,352923648,177774592,18000984,551100416,1018101760
findling-rss 1788587333,273047552,177799168,17906968,470495232,1018101760
findling-rss 1788587338,355266560,177827840,18006264,553455616,1018101760
findling-rss 1788587343,353820672,177831936,18025840,551919616,1018101760
findling-rss 1788587348,352849920,177692672,17937520,550871040,1018101760
findling-rss 1788587353,350208000,177721344,17949664,547782656,1018101760
findling-rss 1788587358,353038336,177721344,17945216,550735872,1018101760
findling-rss 1788587363,352681984,177754112,17939240,550678528,1018101760
findling-rss 1788587368,337354752,177782784,17951680,535183360,1018101760
findling-rss 1788587373,353062912,177782784,17969440,550846464,1018101760
findling-rss 1788587378,353587200,177803264,17963080,551600128,1018101760
findling-rss 1788587383,273059840,177840128,17869264,470712320,1018101760
findling-rss 1788587388,352632832,177844224,17993096,550535168,1018101760
findling-rss 1788587393,352587776,177864704,17987096,550682624,1018101760
findling-rss 1788587398,352272384,177864704,18005152,550416384,1018101760
findling-rss 1788587403,352079872,177733632,17961096,550121472,1018101760
findling-rss 1788587408,352755712,177754112,17954848,550854656,1018101760
findling-rss 1788587413,355323904,177758208,17969624,553390080,1018101760
findling-rss 1788587418,337379328,177799168,17982840,535244800,1018101760
findling-rss 1788587423,353185792,177831936,17951200,550981632,1018101760
findling-rss 1788587428,353910784,177831936,17970008,551673856,1018101760
findling-rss 1788587433,281726976,177860608,17982896,479240192,1018101760
findling-rss 1788587438,352788480,177885184,17975112,550694912,1018101760
findling-rss 1788587443,353275904,177881088,17993440,551235584,1018101760
findling-rss 1788587448,353775616,177913856,17987008,551804928,1018101760
findling-rss 1788587453,337383424,180928512,18031360,538251264,1018101760
findling-rss 1788587458,362364928,180928512,18016752,563748864,1018101760
findling-rss 1788587463,367771648,180928512,18014824,568778752,1018101760
findling-rss 1788587468,363917312,180928512,18014640,565043200,1018101760
findling-rss 1788587473,364589056,180928512,18011616,565755904,1018101760
findling-rss 1788587478,278966272,180928512,17907816,478597120,1018101760
findling-rss 1788587483,356044800,180928512,18012384,557092864,1018101760
findling-rss 1788587488,366104576,180928512,17967200,567263232,1018101760
findling-rss 1788587493,221036544,177451008,17828032,417968128,1018101760
findling-rss 1788587498,350314496,177823744,17952496,548020224,1018101760
findling-rss 1788587503,355446784,177856512,17949024,553402368,1018101760
findling-rss 1788587508,352952320,177848320,17966040,550879232,1018101760
findling-rss 1788587513,301355008,177881088,17977880,499195904,1018101760
findling-rss 1788587518,353026048,177905664,17971480,551264256,1018101760
findling-rss 1788587523,353353728,177909760,17989560,551469056,1018101760
findling-rss 1788587528,354521088,177942528,17983536,552816640,1018101760
findling-rss 1788587533,348938240,177963008,17995864,546844672,1018101760
findling-rss 1788587538,353013760,177963008,18014440,550907904,1018101760
findling-rss 1788587543,353230848,177823744,17947680,550924288,1018101760
findling-rss 1788587548,337424384,177844224,17959808,535199744,1018101760
findling-rss 1788587553,352563200,177844224,17977928,550633472,1018101760
findling-rss 1788587558,352763904,177881088,17971880,551002112,1018101760
findling-rss 1788587563,273149952,177901568,17872664,470777856,1018101760
findling-rss 1788587568,352751616,181075968,18089208,553996288,1018101760
findling-rss 1788587573,362762240,181075968,18085672,564326400,1018101760
findling-rss 1788587578,285057024,181075968,17981104,485867520,1018101760
findling-rss 1788587583,364556288,181075968,18085288,566038528,1018101760
findling-rss 1788587588,364896256,181075968,18084904,566390784,1018101760
findling-rss 1788587593,285433856,181075968,17979216,486330368,1018101760
findling-rss 1788587598,366546944,181075968,18084720,567926784,1018101760
findling-rss 1788587603,366198784,181075968,18085672,567681024,1018101760
findling-rss 1788587608,273170432,177958912,17906280,470867968,1018101760
findling-rss 1788587613,352501760,177983488,18006352,550424576,1018101760
findling-rss 1788587618,352776192,177979392,18024408,550834176,1018101760
findling-rss 1788587623,221102080,177659904,17919144,418324480,1018101760
findling-rss 1788587628,352698368,177881088,17947680,550748160,1018101760
findling-rss 1788587633,353697792,177876992,17965848,551624704,1018101760
findling-rss 1788587638,356184064,177917952,17959192,554254336,1018101760
findling-rss 1788587643,337489920,177954816,17970696,535683072,1018101760
findling-rss 1788587648,353218560,177946624,17960336,551141376,1018101760
findling-rss 1788587653,353075200,177979392,17954968,551170048,1018101760
findling-rss 1788587658,301957120,178003968,17966952,500043776,1018101760
findling-rss 1788587663,352964608,178003968,17984128,551272448,1018101760
findling-rss 1788587668,354328576,178036736,17978352,552431616,1018101760
findling-rss 1788587673,221155328,178073600,17878792,418435072,1018101760
findling-rss 1788587678,351866880,178057216,18007672,549998592,1018101760
findling-rss 1788587683,352784384,177913856,17949792,550821888,1018101760
findling-rss 1788587688,289636352,177909760,17967920,524652544,1018101760
findling-rss 1788587693,352980992,177942528,17980200,550666240,1018101760
findling-rss 1788587698,352063488,177967104,17973816,549978112,1018101760
findling-rss 1788587703,353964032,177979392,17992320,551837696,1018101760
findling-rss 1788587708,337526784,178003968,18005056,535638016,1018101760
findling-rss 1788587713,352100352,178032640,17970248,550146048,1018101760
findling-rss 1788587718,355241984,178028544,17986560,553545728,1018101760
findling-rss 1788587723,282628096,178065408,17999696,480571392,1018101760
findling-rss 1788587728,352923648,178094080,17992952,551297024,1018101760
findling-rss 1788587733,355479552,178094080,18011392,553578496,1018101760
findling-rss 1788587738,356347904,177938432,17951728,554622976,1018101760
findling-rss 1788587743,345030656,182898688,18101464,544313344,1018101760
findling-rss 1788587748,363048960,182898688,18098744,566439936,1018101760
findling-rss 1788587753,363843584,182898688,18098584,566951936,1018101760
findling-rss 1788587758,349507584,182898688,18098216,552611840,1018101760
findling-rss 1788587763,364982272,182898688,18097632,568090624,1018101760
findling-rss 1788587768,364945408,182898688,18097816,568147968,1018101760
findling-rss 1788587773,365096960,182898688,18098584,568455168,1018101760
findling-rss 1788587778,367902720,182898688,18069528,570970112,1018101760
findling-rss 1788587783,367493120,182898688,18069528,570699776,1018101760
findling-rss 1788587788,313778176,182898688,18069344,516751360,1018101760
findling-rss 1788587793,314208256,182898688,18067896,517074944,1018101760
findling-rss 1788587798,272015360,177987584,17845376,468103168,1018101760
findling-rss 1788587803,352854016,178032640,17952792,551055360,1018101760
findling-rss 1788587808,355184640,178032640,17970304,553447424,1018101760
findling-rss 1788587813,354308096,178065408,17963216,552570880,1018101760
findling-rss 1788587818,337588224,178089984,17975656,535781376,1018101760
findling-rss 1788587823,354103296,178089984,17993936,552271872,1018101760
findling-rss 1788587828,353947648,178118656,17986896,552304640,1018101760
findling-rss 1788587833,311472128,178147328,17999584,509808640,1018101760
findling-rss 1788587838,352923648,178151424,18017616,551407616,1018101760
findling-rss 1788587843,353222656,177995776,17928576,551477248,1018101760
findling-rss 1788587848,273297408,178028544,17834104,471007232,1018101760
findling-rss 1788587853,352419840,178024448,17958096,550498304,1018101760
findling-rss 1788587858,353603584,178053120,17951960,551940096,1018101760
findling-rss 1788587863,221224960,177733632,17840656,418336768,1018101760
findling-rss 1788587868,353042432,178085888,17980128,551202816,1018101760
findling-rss 1788587874,356265984,178114560,17972928,554598400,1018101760
findling-rss 1788587879,353435648,178106368,17991912,551735296,1018101760
findling-rss 1788587884,337608704,178151424,18003464,535920640,1018101760
findling-rss 1788587889,353046528,178180096,17997576,551489536,1018101760
findling-rss 1788587894,353624064,178180096,18015384,552136704,1018101760
findling-rss 1788587899,283979776,178028544,17975576,482029568,1018101760
findling-rss 1788587904,352759808,178065408,17969304,551366656,1018101760
findling-rss 1788587909,352911360,178057216,17958192,551133184,1018101760
findling-rss 1788587914,221233152,177733632,17853744,418463744,1018101760
findling-rss 1788587919,351801344,178114560,17964088,550109184,1018101760
findling-rss 1788587924,353878016,178118656,17982368,552005632,1018101760
findling-rss 1788587929,352526336,178139136,17976120,551030784,1018101760
findling-rss 1788587934,337588224,178167808,17987248,535744512,1018101760
findling-rss 1788587939,353611776,178167808,18005816,551972864,1018101760
findling-rss 1788587944,353906688,178200576,17999664,552165376,1018101760
findling-rss 1788587949,281354240,184025088,18188944,482062336,1018101760
findling-rss 1788587954,354566144,178069504,17947824,552509440,1018101760
findling-rss 1788587959,352989184,178094080,17941032,551100416,1018101760
findling-rss 1788587964,221245440,177770496,17832032,418619392,1018101760
findling-rss 1788587969,352768000,178118656,17971504,551002112,1018101760
findling-rss 1788587974,356769792,178147328,17964056,554958848,1018101760
findling-rss 1788587979,352813056,178155520,17983056,551198720,1018101760
findling-rss 1788587984,351559680,178171904,17994704,549695488,1018101760
findling-rss 1788587989,352718848,178212864,17988592,550866944,1018101760
findling-rss 1788587994,353038336,178204672,18007328,551485440,1018101760
findling-rss 1788587999,337608704,178233344,18018520,535986176,1018101760
findling-rss 1788588004,356032512,178102272,17968984,554237952,1018101760
findling-rss 1788588009,352837632,178098176,17983240,550981632,1018101760
findling-rss 1788588014,328916992,178130944,17963176,527028224,1018101760
findling-rss 1788588019,352976896,178155520,17956224,551153664,1018101760
findling-rss 1788588024,352538624,178159616,17974368,550989824,1018101760
findling-rss 1788588029,282636288,178180096,17987168,480518144,1018101760
findling-rss 1788588034,352747520,178216960,17980808,550924288,1018101760
findling-rss 1788588039,352690176,178204672,17998344,551096320,1018101760
findling-rss 1788588044,236056576,178249728,17904504,429801472,1018101760
findling-rss 1788588049,351952896,178266112,18004624,550162432,1018101760
findling-rss 1788588054,352649216,178266112,18021880,551088128,1018101760
findling-rss 1788588059,355389440,178130944,17965856,553910272,1018101760
findling-rss 1788588064,337649664,178159616,17977616,535777280,1018101760
findling-rss 1788588069,352673792,178155520,17996080,550862848,1018101760
findling-rss 1788588074,354304000,178180096,17988632,552452096,1018101760
findling-rss 1788588079,283578368,178212864,17999120,481472512,1018101760
findling-rss 1788588084,352559104,178212864,18019192,550797312,1018101760
findling-rss 1788588089,353140736,178229248,18013264,551747584,1018101760
findling-rss 1788588094,273346560,178274304,17916864,470388736,1018101760
findling-rss 1788588099,352976896,178266112,18044344,551514112,1018101760
findling-rss 1788588104,354856960,178294784,18040488,553406464,1018101760
findling-rss 1788588109,355254272,178294784,18057864,553660416,1018101760
findling-rss 1788588114,346988544,178171904,17990112,544124928,1018101760
findling-rss 1788588119,352878592,178200576,17983336,551321600,1018101760
findling-rss 1788588124,355876864,178200576,18001896,554291200,1018101760
findling-rss 1788588129,320425984,178221056,18097296,518705152,1018101760
findling-rss 1788588134,337383424,178257920,18109416,535875584,1018101760
findling-rss 1788588139,352899072,178253824,18127336,551297024,1018101760
findling-rss 1788588144,356245504,178282496,18121608,554938368,1018101760
findling-rss 1788588149,221016064,177963008,18015664,418537472,1018101760
findling-rss 1788588154,352989184,178311168,18151128,551424000,1018101760
findling-rss 1788588159,351973376,178348032,18144832,550825984,1018101760
findling-rss 1788588164,353316864,178343936,18162888,552189952,1018101760
findling-rss 1788588169,352448512,178208768,18091000,550817792,1018101760
findling-rss 1788588174,352456704,178229248,18084392,551038976,1018101760
findling-rss 1788588179,352083968,178229248,18102288,550760448,1018101760
findling-rss 1788588184,337424384,178266112,18114176,535912448,1018101760
findling-rss 1788588189,355422208,178298880,18108248,553971712,1018101760
findling-rss 1788588194,353206272,178298880,18127072,551723008,1018101760
findling-rss 1788588199,259850240,178323456,18032400,456798208,1018101760
findling-rss 1788588204,351866880,178343936,18131272,550572032,1018101760
findling-rss 1788588209,352899072,178343936,18149224,551698432,1018101760
findling-rss 1788588214,357023744,178380800,18143064,555773952,1018101760
findling-rss 1788588219,337424384,178237440,18075080,535814144,1018101760
findling-rss 1788588224,352477184,178245632,18092792,551108608,1018101760
findling-rss 1788588229,352706560,178270208,18086792,551317504,1018101760
findling-rss 1788588234,337465344,182165504,18205816,531693568,1018101760
findling-rss 1788588239,362635264,182165504,18206016,565080064,1018101760
findling-rss 1788588244,366280704,182165504,18175360,568721408,1018101760
findling-rss 1788588249,349360128,182165504,18175744,551821312,1018101760
findling-rss 1788588254,365002752,182165504,18175744,567586816,1018101760
findling-rss 1788588259,311955456,182165504,18174976,514596864,1018101760
findling-rss 1788588264,355557376,182165504,18175376,557993984,1018101760
findling-rss 1788588269,366190592,182165504,18175744,568811520,1018101760
findling-rss 1788588274,367599616,182165504,18147072,570171392,1018101760
findling-rss 1788588279,351776768,178311168,18089024,550305792,1018101760
findling-rss 1788588284,221085696,177995776,17965456,418619392,1018101760
findling-rss 1788588289,221085696,177995776,17965048,418750464,1018101760
findling-rss 1788588294,221085696,177995776,17965048,418750464,1018101760
findling-rss 1788588299,221085696,177995776,17965048,418750464,1018101760
findling-rss 1788588304,221085696,177995776,17963584,418992128,1018101760
findling-rss 1788588309,221085696,177995776,17959808,418488320,1018101760
findling-rss 1788588314,221085696,177995776,17959808,418746368,1018101760
findling-rss 1788588319,221085696,177995776,17959808,418746368,1018101760
findling-rss 1788588324,221085696,177995776,17959672,418746368,1018101760
findling-rss 1788588329,221085696,177995776,17959672,418484224,1018101760
findling-rss 1788588334,221085696,177995776,17959672,418746368,1018101760
findling-rss 1788588339,221085696,177995776,17959672,418746368,1018101760
findling-rss 1788588344,352792576,178348032,18078576,551227392,1018101760
findling-rss 1788588349,353230848,178339840,18096496,551813120,1018101760
findling-rss 1788588354,352137216,178380800,18108224,550080512,1018101760
findling-rss 1788588359,353173504,178409472,18102184,551735296,1018101760
findling-rss 1788588364,352165888,178405376,18119992,551063552,1018101760
findling-rss 1788588369,328732672,178425856,18132208,527302656,1018101760
findling-rss 1788588374,352681984,178294784,18078040,551243776,1018101760
findling-rss 1788588379,352571392,178294784,18096032,551276544,1018101760
findling-rss 1788588384,273182720,178323456,18002576,471113728,1018101760
findling-rss 1788588389,352038912,178343936,18101448,550699008,1018101760
findling-rss 1788588394,352321536,178352128,18119776,551116800,1018101760
findling-rss 1788588399,355028992,178380800,18113824,553852928,1018101760
findling-rss 1788588404,352063488,178405376,18129496,550805504,1018101760
findling-rss 1788588409,353038336,178413568,18146552,551866368,1018101760
findling-rss 1788588414,352600064,178438144,18140552,551415808,1018101760
findling-rss 1788588419,337498112,178470912,18153240,527310848,1018101760
findling-rss 1788588424,336908288,179654656,18203712,537071616,1018101760
findling-rss 1788588429,353468416,178327552,18083408,551923712,1018101760
findling-rss 1788588434,221143040,177995776,17974344,418557952,1018101760
findling-rss 1788588439,352268288,178348032,18113000,551018496,1018101760
findling-rss 1788588444,353259520,178372608,18106496,552058880,1018101760
findling-rss 1788588449,353177600,178368512,18124400,551821312,1018101760
findling-rss 1788588454,337514496,178405376,18136880,536137728,1018101760
findling-rss 1788588459,352800768,178438144,18131152,551645184,1018101760
findling-rss 1788588464,353067008,178429952,18146048,552026112,1018101760
findling-rss 1788588469,273235968,178458624,18052032,471519232,1018101760
findling-rss 1788588474,352440320,178483200,18150560,550998016,1018101760
findling-rss 1788588479,353849344,178495488,18170040,552861696,1018101760
findling-rss 1788588484,221175808,177995776,17978624,419065856,1018101760
findling-rss 1788588489,352256000,178372608,18094184,550928384,1018101760
findling-rss 1788588494,353349632,178376704,18111696,552005632,1018101760
findling-rss 1788588499,353525760,178405376,18105128,552333312,1018101760
findling-rss 1788588504,337571840,178425856,18117096,536346624,1018101760
findling-rss 1788588509,353501184,178434048,18135192,552140800,1018101760
findling-rss 1788588514,352522240,178470912,18133224,551337984,1018101760
findling-rss 1788588519,273268736,178503680,18036488,471494656,1018101760
findling-rss 1788588525,352256000,178503680,18163128,551153664,1018101760
findling-rss 1788588530,352444416,178528256,18158080,551354368,1018101760
findling-rss 1788588535,354668544,178532352,18175296,553725952,1018101760
findling-rss 1788588540,351711232,178380800,18105920,550223872,1018101760
findling-rss 1788588545,352571392,178405376,18099400,551141376,1018101760
findling-rss 1788588550,356249600,178413568,18117520,555036672,1018101760
findling-rss 1788588555,337580032,178438144,18129120,536158208,1018101760
findling-rss 1788588560,355262464,178466816,18122920,553734144,1018101760
findling-rss 1788588565,352903168,178470912,18141832,551841792,1018101760
findling-rss 1788588570,284721152,178503680,18153288,483246080,1018101760
findling-rss 1788588575,352296960,178520064,18147192,550785024,1018101760
findling-rss 1788588580,353726464,178528256,18165240,552828928,1018101760
findling-rss 1788588585,353280000,178552832,18158288,552267776,1018101760
findling-rss 1788588590,337616896,178421760,18054200,536092672,1018101760
findling-rss 1788588595,353427456,178417664,18072776,552189952,1018101760
findling-rss 1788588600,356782080,178446336,18066368,555352064,1018101760
findling-rss 1788588605,320221184,178475008,18081928,512610304,1018101760
findling-rss 1788588610,353218560,178475008,18095912,551895040,1018101760
findling-rss 1788588615,356225024,178507776,18089888,555122688,1018101760
findling-rss 1788588620,221265920,178180096,17984648,418873344,1018101760
findling-rss 1788588625,352948224,178540544,18119880,551776256,1018101760
findling-rss 1788588630,355454976,178569216,18113792,554266624,1018101760
findling-rss 1788588635,353263616,178556928,18131528,552054784,1018101760
findling-rss 1788588640,337657856,178589696,18143496,536248320,1018101760
findling-rss 1788588645,353665024,178466816,18094368,552337408,1018101760
findling-rss 1788588650,355704832,178470912,18110520,554659840,1018101760
findling-rss 1788588655,284348416,178491392,18121968,482889728,1018101760
findling-rss 1788588660,352370688,178532352,18115400,551047168,1018101760
findling-rss 1788588665,353320960,178532352,18133880,551919616,1018101760
findling-rss 1788588670,355495936,178552832,18127640,554512384,1018101760
findling-rss 1788588675,352100352,178581504,18138944,551157760,1018101760
findling-rss 1788588680,352210944,178585600,18157680,551239680,1018101760
findling-rss 1788588685,355491840,178614272,18151384,554438656,1018101760
findling-rss 1788588690,328949760,178642944,18127144,527843328,1018101760
findling-rss 1788588695,353660928,178642944,18146152,552693760,1018101760
findling-rss 1788588700,353177600,178503680,18094712,552091648,1018101760
findling-rss 1788588705,255741952,178532352,18003496,452886528,1018101760
findling-rss 1788588710,352776192,178524160,18126992,551493632,1018101760
findling-rss 1788588715,356093952,178561024,18121056,554795008,1018101760
findling-rss 1788588720,353865728,178552832,18110216,552439808,1018101760
findling-rss 1788588725,337690624,178589696,18123240,536485888,1018101760
findling-rss 1788588730,353153024,178614272,18117128,552120320,1018101760
findling-rss 1788588735,352522240,178618368,18134632,551641088,1018101760
findling-rss 1788588740,300986368,178647040,18146592,499720192,1018101760
findling-rss 1788588745,353628160,178679808,18139376,552562688,1018101760
findling-rss 1788588750,355057664,178675712,18158000,553975808,1018101760
findling-rss 1788588755,357199872,178544640,18097864,556220416,1018101760
findling-rss 1788588760,341151744,178569216,18108296,538836992,1018101760
findling-rss 1788588765,357109760,178569216,18125400,555921408,1018101760
findling-rss 1788588770,352722944,178593792,18119648,551677952,1018101760
findling-rss 1788588775,328994816,178630656,18131336,527917056,1018101760
findling-rss 1788588780,353406976,178630656,18149504,552366080,1018101760
findling-rss 1788588785,353538048,178659328,18108232,552435712,1018101760
findling-rss 1788588790,283181056,186400768,18232968,489709568,1018101760
findling-rss 1788588795,364658688,186400768,18336968,571613184,1018101760
findling-rss 1788588800,365588480,186400768,18337536,572641280,1018101760
findling-rss 1788588805,312176640,186400768,18336712,519217152,1018101760
findling-rss 1788588810,312471552,186400768,18336880,519122944,1018101760
findling-rss 1788588815,314159104,186400768,18336496,520740864,1018101760
findling-rss 1788588820,315404288,186400768,18337624,522174464,1018101760
findling-rss 1788588825,367853568,186400768,18336696,574619648,1018101760
findling-rss 1788588830,367869952,186400768,18336496,574816256,1018101760
findling-rss 1788588835,352043008,186400768,18334008,558903296,1018101760
findling-rss 1788588840,368238592,186400768,18334008,575201280,1018101760
findling-rss 1788588845,369008640,186400768,18334848,575967232,1018101760
findling-rss 1788588850,354492416,186400768,18276664,561143808,1018101760
findling-rss 1788588855,371134464,186400768,18276712,577949696,1018101760
findling-rss 1788588860,317075456,186400768,18276712,523907072,1018101760
findling-rss 1788588865,361455616,186400768,18276144,567578624,1018101760
findling-rss 1788588870,373059584,186400768,18276712,579895296,1018101760
findling-rss 1788588875,353943552,178720768,18121552,552681472,1018101760
findling-rss 1788588880,337707008,178765824,18134168,536694784,1018101760
findling-rss 1788588885,353513472,178761728,18152064,552706048,1018101760
findling-rss 1788588890,353251328,178610176,18099040,552108032,1018101760
findling-rss 1788588895,311635968,178638848,18109912,510300160,1018101760
findling-rss 1788588900,353595392,178642944,18128584,552620032,1018101760
findling-rss 1788588905,352546816,178663424,18126384,551456768,1018101760
findling-rss 1788588910,259973120,178700288,17997720,457302016,1018101760
findling-rss 1788588915,352555008,178704384,18124496,551481344,1018101760
findling-rss 1788588920,353447936,178728960,18117408,552484864,1018101760
findling-rss 1788588925,353497088,178728960,18136096,552652800,1018101760
findling-rss 1788588930,337752064,178761728,18147672,536772608,1018101760
findling-rss 1788588935,356204544,178782208,18141656,555163648,1018101760
findling-rss 1788588940,353034240,178786304,18159504,552116224,1018101760
findling-rss 1788588945,300322816,178651136,18120128,498991104,1018101760
findling-rss 1788588950,352342016,178679808,18113112,551350272,1018101760
findling-rss 1788588955,352919552,178683904,18131272,552067072,1018101760
findling-rss 1788588960,354787328,178708480,18124872,553652224,1018101760
findling-rss 1788588965,337747968,178728960,18136680,536846336,1018101760
findling-rss 1788588970,352890880,178733056,18154552,552161280,1018101760
findling-rss 1788588975,353517568,178761728,18108344,552747008,1018101760
findling-rss 1788588980,337764352,178790400,18120648,536723456,1018101760
findling-rss 1788588985,352755712,178786304,18138184,551866368,1018101760
findling-rss 1788588990,355696640,178819072,18132408,554860544,1018101760
findling-rss 1788588995,273473536,178679808,18006016,471982080,1018101760
findling-rss 1788589000,353751040,178683904,18093704,552681472,1018101760
findling-rss 1788589005,353480704,178712576,18089712,552615936,1018101760
findling-rss 1788589010,356339712,178712576,18106840,555532288,1018101760
findling-rss 1788589015,351363072,178737152,18119024,550354944,1018101760
findling-rss 1788589020,355328000,178761728,18112912,554553344,1018101760
findling-rss 1788589025,352894976,178769920,18131040,551989248,1018101760
findling-rss 1788589030,337752064,178790400,18142912,536907776,1018101760
findling-rss 1788589035,353026048,178827264,18137568,552284160,1018101760
findling-rss 1788589040,354758656,178831360,18155440,554045440,1018101760
findling-rss 1788589045,273473536,178855936,18060632,472367104,1018101760
findling-rss 1788589050,353648640,178696192,18105288,552697856,1018101760
findling-rss 1788589055,336121856,179867648,18159080,536350720,1018101760
findling-rss 1788589060,352661504,178724864,18117336,551555072,1018101760
findling-rss 1788589065,337768448,178761728,18132048,536907776,1018101760
findling-rss 1788589070,353398784,178757632,18150672,552407040,1018101760
findling-rss 1788589075,354996224,178790400,18143968,554102784,1018101760
findling-rss 1788589080,182370304,178806784,18020136,380801024,1018101760
findling-rss 1788589085,315797504,178814976,18275408,510676992,1018101760
findling-rss 1788589090,352976896,178847744,18268144,552378368,1018101760
findling-rss 1788589095,357072896,178847744,18287600,556191744,1018101760
findling-rss 1788589100,356712448,178868224,18281104,556032000,1018101760
findling-rss 1788589105,351789056,178737152,18211688,550727680,1018101760
findling-rss 1788589110,353013760,178728960,18229200,552128512,1018101760
findling-rss 1788589115,353611776,178757632,18223360,552734720,1018101760
findling-rss 1788589120,337547264,178798592,18235728,536530944,1018101760
findling-rss 1788589125,353177600,178790400,18249952,552321024,1018101760
findling-rss 1788589130,353673216,178810880,18243072,552611840,1018101760
findling-rss 1788589135,273248256,178851840,18149096,472285184,1018101760
findling-rss 1788589140,354500608,178847744,18274016,553734144,1018101760
findling-rss 1788589145,353583104,178876416,18266704,553046016,1018101760
findling-rss 1788589150,221188096,178552832,18158360,419352576,1018101760
findling-rss 1788589155,352980992,178905088,18297176,552423424,1018101760
findling-rss 1788589160,352841728,178765824,18214208,552017920,1018101760
findling-rss 1788589165,355225600,178761728,18230792,554541056,1018101760
findling-rss 1788589170,337567744,178790400,18240408,536711168,1018101760
findling-rss 1788589176,353554432,178823168,18237184,552706048,1018101760
findling-rss 1788589181,353783808,178823168,18255736,553066496,1018101760
findling-rss 1788589186,303390720,178851840,18267400,502599680,1018101760
findling-rss 1788589191,353222656,178888704,18219984,552292352,1018101760
findling-rss 1788589196,353886208,178872320,18237432,553058304,1018101760
findling-rss 1788589201,221200384,178556928,18128976,430936064,1018101760
findling-rss 1788589206,352190464,178929664,18246856,551366656,1018101760
findling-rss 1788589211,354844672,178941952,18261696,554287104,1018101760
findling-rss 1788589216,352894976,178786304,18215712,552259584,1018101760
findling-rss 1788589221,337567744,178819072,18228016,536969216,1018101760
findling-rss 1788589226,352653312,178810880,18209960,551817216,1018101760
findling-rss 1788589231,353173504,178851840,18204184,552423424,1018101760
findling-rss 1788589236,300138496,178876416,18215824,499396608,1018101760
findling-rss 1788589241,352661504,178880512,18233904,552067072,1018101760
findling-rss 1788589246,353583104,178909184,18228744,553050112,1018101760
findling-rss 1788589251,252616704,178929664,18131152,449843200,1018101760
findling-rss 1788589256,352972800,178933760,18257632,552394752,1018101760
findling-rss 1788589261,355635200,178966528,18252264,554782720,1018101760
findling-rss 1788589266,353058816,178962432,18269392,552296448,1018101760
findling-rss 1788589271,350208000,178831360,18237048,549163008,1018101760
findling-rss 1788589276,354070528,178860032,18229936,553213952,1018101760
findling-rss 1788589281,352980992,179920896,18276208,553222144,1018101760
findling-rss 1788589286,352550912,179920896,18276408,551923712,1018101760
findling-rss 1788589291,363937792,179920896,18233400,564326400,1018101760
findling-rss 1788589296,353366016,178892800,18199600,552599552,1018101760
findling-rss 1788589301,337592320,178921472,18211632,536952832,1018101760
findling-rss 1788589306,353476608,178933760,18230272,552894464,1018101760
findling-rss 1788589311,352456704,178958336,18226440,551690240,1018101760
findling-rss 1788589316,291774464,182456320,18341112,494186496,1018101760
findling-rss 1788589321,363876352,182456320,18339888,566845440,1018101760
findling-rss 1788589326,368259072,182456320,18340640,571322368,1018101760
findling-rss 1788589331,315260928,182456320,18340272,518172672,1018101760
findling-rss 1788589336,364367872,182456320,18340256,567103488,1018101760
findling-rss 1788589341,365264896,182456320,18340256,568197120,1018101760
findling-rss 1788589346,351981568,182456320,18340256,555057152,1018101760
findling-rss 1788589351,367669248,182456320,18340640,570585088,1018101760
findling-rss 1788589356,354361344,179011584,18240400,553504768,1018101760
findling-rss 1788589361,301154304,179048448,18252736,500436992,1018101760
findling-rss 1788589366,352948224,179048448,18267976,552148992,1018101760
findling-rss 1788589371,352972800,178900992,18221184,552099840,1018101760
findling-rss 1788589376,221270016,178581504,18111776,419524608,1018101760
findling-rss 1788589381,352927744,178933760,18250792,552075264,1018101760
findling-rss 1788589386,353222656,178962432,18202104,552529920,1018101760
findling-rss 1788589391,353267712,178962432,18220792,552681472,1018101760
findling-rss 1788589396,350674944,178995200,18231600,549842944,1018101760
findling-rss 1788589401,352960512,179011584,18224696,552390656,1018101760
findling-rss 1788589406,355131392,179015680,18242752,554512384,1018101760
findling-rss 1788589411,302141440,179048448,18255320,501456896,1018101760
findling-rss 1788589416,353280000,179077120,18249392,552550400,1018101760
findling-rss 1788589421,353447936,179077120,18267176,552972288,1018101760
findling-rss 1788589426,353955840,178937856,18223088,553152512,1018101760
findling-rss 1788589431,352264192,178974720,18235912,551821312,1018101760
findling-rss 1788589436,353333248,178966528,18253040,552771584,1018101760
findling-rss 1788589441,353079296,179003392,18247240,552374272,1018101760
findling-rss 1788589446,337661952,179015680,18258464,537108480,1018101760
findling-rss 1788589451,354955264,179019776,18277240,554405888,1018101760
findling-rss 1788589456,353595392,179052544,18271488,553250816,1018101760
findling-rss 1788589461,284188672,179081216,18282792,483635200,1018101760
findling-rss 1788589466,354185216,179085312,18300352,553537536,1018101760
findling-rss 1788589471,353988608,179113984,18294848,553488384,1018101760
findling-rss 1788589476,221327360,179384320,18226296,420315136,1018101760
findling-rss 1788589481,352342016,178974720,18201240,551620608,1018101760
findling-rss 1788589486,353075200,179003392,18194448,552697856,1018101760
findling-rss 1788589491,353701888,178995200,18212232,553197568,1018101760
findling-rss 1788589496,337723392,179040256,18224616,536969216,1018101760
findling-rss 1788589501,355090432,179064832,18218464,554520576,1018101760
findling-rss 1788589506,354312192,179044352,18239464,553832448,1018101760
findling-rss 1788589511,300294144,179081216,18247896,499748864,1018101760
findling-rss 1788589516,353492992,179118080,18241576,552804352,1018101760
findling-rss 1788589521,357154816,179118080,18259792,556888064,1018101760
findling-rss 1788589526,355205120,179146752,18253768,554573824,1018101760
findling-rss 1788589531,348356608,179007488,18226648,546635776,1018101760
findling-rss 1788589536,353374208,179007488,18245656,553021440,1018101760
findling-rss 1788589541,353300480,179032064,18195992,552767488,1018101760
findling-rss 1788589546,337731584,179056640,18209112,537055232,1018101760
findling-rss 1788589551,355655680,179056640,18226600,554999808,1018101760
findling-rss 1788589556,355143680,179089408,18220576,554438656,1018101760
findling-rss 1788589561,282144768,179122176,18236048,481165312,1018101760
findling-rss 1788589566,356921344,179130368,18255416,556523520,1018101760
findling-rss 1788589571,352972800,179150848,18248104,552538112,1018101760
findling-rss 1788589576,221392896,178831360,18139376,419958784,1018101760
findling-rss 1788589581,352563200,179187712,18278280,552128512,1018101760
findling-rss 1788589586,353132544,179048448,18188928,552493056,1018101760
findling-rss 1788589591,356454400,179040256,18208232,555937792,1018101760
findling-rss 1788589596,337752064,179077120,18219920,537268224,1018101760
findling-rss 1788589601,352526336,179101696,18213560,551895040,1018101760
findling-rss 1788589606,352956416,179097600,18234712,552480768,1018101760
findling-rss 1788589611,273485824,179130368,18139992,472813568,1018101760
findling-rss 1788589616,352284672,179159040,18239680,551796736,1018101760
findling-rss 1788589621,353173504,179159040,18258368,552787968,1018101760
findling-rss 1788589626,353222656,179183616,18251328,552939520,1018101760
findling-rss 1788589631,353234944,179212288,18264128,553074688,1018101760
findling-rss 1788589636,353005568,179220480,18281880,552685568,1018101760
findling-rss 1788589641,353796096,179064832,18236560,553480192,1018101760
findling-rss 1788589646,337788928,179097600,18249040,537116672,1018101760
findling-rss 1788589651,352907264,179109888,18268656,552452096,1018101760
findling-rss 1788589656,353681408,179122176,18261256,553435136,1018101760
findling-rss 1788589661,301723648,179154944,18272760,500883456,1018101760
findling-rss 1788589666,353722368,179163136,18288968,553246720,1018101760
findling-rss 1788589671,353914880,179187712,18281928,553566208,1018101760
findling-rss 1788589676,221421568,178860032,18174832,420065280,1018101760
findling-rss 1788589681,352452608,179208192,18269440,552075264,1018101760
findling-rss 1788589686,353177600,179240960,18262488,552734720,1018101760
findling-rss 1788589691,354340864,179236864,18280680,554172416,1018101760
findling-rss 1788589696,337797120,179089408,18254832,537387008,1018101760
findling-rss 1788589701,352829440,179122176,18247672,552521728,1018101760
findling-rss 1788589706,353181696,179130368,18266496,552775680,1018101760
findling-rss 1788589711,282898432,179122176,18277536,482410496,1018101760
findling-rss 1788589716,353280000,179179520,18228664,552947712,1018101760
findling-rss 1788589721,353120256,179183616,18246880,552558592,1018101760
findling-rss 1788589726,273502208,179208192,18153152,472616960,1018101760
findling-rss 1788589731,353583104,179245056,18253248,553046016,1018101760
findling-rss 1788589736,353390592,179245056,18270760,553017344,1018101760
findling-rss 1788589741,355434496,179269632,18264512,555278336,1018101760
findling-rss 1788589746,337772544,179118080,18189528,537313280,1018101760
findling-rss 1788589751,353570816,179126272,18208240,553058304,1018101760
findling-rss 1788589756,353263616,179146752,18202016,552755200,1018101760
findling-rss 1788589761,303665152,179183616,18213472,503070720,1018101760
findling-rss 1788589766,353120256,179179520,18231008,552501248,1018101760
findling-rss 1788589771,353411072,179220480,18225264,552783872,1018101760
findling-rss 1788589776,273502208,179257344,18129096,472600576,1018101760
findling-rss 1788589781,352890880,179253248,18255440,552529920,1018101760
findling-rss 1788589786,353034240,179281920,18249032,552665088,1018101760
findling-rss 1788589791,353386496,179281920,18267336,553230336,1018101760
findling-rss 1788589796,352698368,179306496,18278984,552534016,1018101760
findling-rss 1788589801,352518144,179179520,18197336,552034304,1018101760
findling-rss 1788589806,352919552,179171328,18218944,552394752,1018101760
findling-rss 1788589811,337801216,179204096,18226264,537272320,1018101760
findling-rss 1788589817,353153024,179228672,18220000,552652800,1018101760
findling-rss 1788589822,353886208,179232768,18238392,553648128,1018101760
findling-rss 1788589827,273510400,179257344,18144104,472887296,1018101760
findling-rss 1788589832,353308672,179294208,18244264,552939520,1018101760
findling-rss 1788589837,352399360,179290112,18257592,552050688,1018101760
findling-rss 1788589842,352968704,179318784,18251840,552919040,1018101760
findling-rss 1788589847,352169984,179347456,18263192,551718912,1018101760
findling-rss 1788589852,353333248,179351552,18281608,553279488,1018101760
findling-rss 1788589857,355811328,179212288,18241888,555540480,1018101760
findling-rss 1788589862,337829888,179240960,18253328,537554944,1018101760
findling-rss 1788589867,355364864,179224576,18271888,555245568,1018101760
findling-rss 1788589872,353423360,179269632,18265296,553107456,1018101760
findling-rss 1788589877,273522688,179290112,18171688,473042944,1018101760
findling-rss 1788589882,353714176,179294208,18295632,553353216,1018101760
findling-rss 1788589887,355102720,179318784,18288592,554979328,1018101760
findling-rss 1788589892,335536128,179318784,18307280,552718336,1018101760
findling-rss 1788589897,352772096,179351552,18319808,552574976,1018101760
findling-rss 1788589902,316653568,179593216,18418296,516743168,1018101760
findling-rss 1788589907,353398784,179597312,18436416,553574400,1018101760
findling-rss 1788589912,353345536,179462144,18349072,553373696,1018101760
findling-rss 1788589917,301780992,179486720,18362008,501604352,1018101760
findling-rss 1788589922,356532224,179486720,18350352,556732416,1018101760
findling-rss 1788589927,355385344,179511296,18343856,555397120,1018101760
findling-rss 1788589932,353304576,179515392,18361864,553406464,1018101760
findling-rss 1788589937,350556160,179548160,18374392,550608896,1018101760
findling-rss 1788589942,353075200,179572736,18367624,552927232,1018101760
findling-rss 1788589947,353996800,179576832,18386152,554344448,1018101760
findling-rss 1788589952,301428736,179605504,18383616,501579776,1018101760
findling-rss 1788589957,352448512,179642368,18377688,552693760,1018101760
findling-rss 1788589962,352985088,179634176,18395608,553181184,1018101760
findling-rss 1788589967,250658816,179519488,18267464,448688128,1018101760
findling-rss 1788589972,352047104,179535872,18367584,552001536,1018101760
findling-rss 1788589977,354234368,179535872,18385480,554393600,1018101760
findling-rss 1788589982,352452608,179572736,18379048,552804352,1018101760
findling-rss 1788589987,303190016,179601408,18391552,503205888,1018101760
findling-rss 1788589992,352890880,179593216,18408888,552902656,1018101760
findling-rss 1788589997,353411072,179634176,18403224,553558016,1018101760
findling-rss 1788590002,221245440,179302400,18294000,420397056,1018101760
findling-rss 1788590007,352391168,179658752,18432904,552689664,1018101760
findling-rss 1788590012,353206272,179683328,18426272,553648128,1018101760
findling-rss 1788590017,352317440,179683328,18444824,552869888,1018101760
findling-rss 1788590022,337604608,179548160,18376760,537722880,1018101760
findling-rss 1788590027,356110336,179568640,18367304,556343296,1018101760
findling-rss 1788590032,353079296,179568640,18385448,553443328,1018101760
findling-rss 1788590037,313090048,183472128,18489000,517091328,1018101760
findling-rss 1788590042,364531712,183472128,18484744,567795712,1018101760
findling-rss 1788590047,312864768,183472128,18484360,516988928,1018101760
findling-rss 1788590052,340443136,183472128,18481872,544514048,1018101760
findling-rss 1788590057,365629440,183472128,18482072,569933824,1018101760
findling-rss 1788590062,366903296,183472128,18481920,571211776,1018101760
findling-rss 1788590067,365158400,183472128,18482304,569413632,1018101760
findling-rss 1788590072,314343424,183472128,18481920,518529024,1018101760
findling-rss 1788590077,313880576,183472128,18481536,517808128,1018101760
findling-rss 1788590082,348794880,179662848,18394808,549027840,1018101760
findling-rss 1788590087,353390592,179654656,18413224,553488384,1018101760
findling-rss 1788590092,352833536,179687424,18406504,553062400,1018101760
findling-rss 1788590097,338763776,179724288,18444208,539070464,1018101760
findling-rss 1788590102,354439168,179716096,18462992,554999808,1018101760
findling-rss 1788590107,354734080,179744768,18456720,555356160,1018101760
findling-rss 1788590112,274497536,186724352,18580264,481816576,1018101760
findling-rss 1788590117,353619968,179527680,18407088,553775104,1018101760
findling-rss 1788590122,354729984,179564544,18401016,555069440,1018101760
findling-rss 1788590127,228569088,182521856,18295648,431165440,1018101760
findling-rss 1788590132,228569088,182521856,18295648,431136768,1018101760
findling-rss 1788590137,228569088,182521856,18295648,431136768,1018101760
findling-rss 1788590142,228569088,182521856,18295648,431398912,1018101760
findling-rss 1788590147,228569088,182521856,18292960,431124480,1018101760
findling-rss 1788590152,228569088,182521856,18292824,431128576,1018101760
findling-rss 1788590157,228569088,182521856,18292824,431128576,1018101760
findling-rss 1788590162,228569088,182521856,18292824,431128576,1018101760
findling-rss 1788590167,228569088,182521856,18292824,431128576,1018101760
findling-rss 1788590172,228569088,182521856,18295784,431398912,1018101760
findling-rss 1788590177,228569088,182521856,18295648,430874624,1018101760
findling-rss 1788590182,228569088,182521856,18295648,431136768,1018101760
findling-rss 1788590187,228569088,182521856,18295648,431136768,1018101760
findling-rss 1788590192,228569088,182521856,18295648,431136768,1018101760
findling-rss 1788590197,228569088,182521856,18295648,430874624,1018101760
findling-rss 1788590202,228569088,182521856,18295648,430874624,1018101760
findling-rss 1788590207,228569088,182521856,18295648,431136768,1018101760
findling-rss 1788590212,228569088,182521856,18295648,431136768,1018101760
findling-rss 1788590217,228569088,182521856,18295648,431136768,1018101760
findling-rss 1788590222,228569088,182521856,18295648,431136768,1018101760
findling-rss 1788590227,228569088,182521856,18295648,431136768,1018101760
findling-rss 1788590232,228569088,182521856,18295920,431136768,1018101760
findling-rss 1788590237,228569088,182521856,18295920,431136768,1018101760
findling-rss 1788590242,228569088,182521856,18295784,431136768,1018101760
findling-rss 1788590247,228569088,182521856,18295648,431136768,1018101760
findling-rss 1788590252,228569088,182521856,18295648,431136768,1018101760
findling-rss 1788590257,228569088,182521856,18295648,431136768,1018101760
findling-rss 1788590262,228569088,182521856,18295648,431136768,1018101760
findling-rss 1788590267,228569088,182521856,18295648,431136768,1018101760
findling-rss 1788590272,228569088,182521856,18295648,431136768,1018101760
findling-rss 1788590277,228569088,182521856,18295648,431136768,1018101760
findling-rss 1788590282,228569088,182521856,18295648,431136768,1018101760
findling-rss 1788590287,228569088,182521856,18295648,431136768,1018101760
findling-rss 1788590292,228569088,182521856,18292960,431128576,1018101760
findling-rss 1788590297,228569088,182521856,18292960,430866432,1018101760
findling-rss 1788590302,228569088,182521856,18292824,430866432,1018101760
findling-rss 1788590307,228569088,182521856,18292824,431128576,1018101760
findling-rss 1788590312,228569088,182521856,18292824,431128576,1018101760
findling-rss 1788590317,228569088,182521856,18295784,431136768,1018101760
findling-rss 1788590322,228569088,182521856,18295784,431136768,1018101760
findling-rss 1788590327,228569088,182521856,18295648,431136768,1018101760
findling-rss 1788590332,228569088,182521856,18295648,431136768,1018101760
findling-rss 1788590337,228569088,182521856,18295648,431136768,1018101760
findling-rss 1788590342,228569088,182521856,18295648,431136768,1018101760
findling-rss 1788590347,228569088,182521856,18295648,431136768,1018101760
findling-rss 1788590352,228569088,182521856,18298472,431140864,1018101760
findling-rss 1788590357,228569088,182521856,18298472,431140864,1018101760
findling-rss 1788590362,228569088,182521856,18298472,431140864,1018101760
findling-rss 1788590367,228569088,182521856,18298472,431140864,1018101760
findling-rss 1788590372,228569088,182521856,18298472,431140864,1018101760
findling-rss 1788590377,228569088,182521856,18295784,431136768,1018101760
findling-rss 1788590382,228569088,182521856,18295784,431136768,1018101760
findling-rss 1788590387,228569088,182521856,18295648,431136768,1018101760
findling-rss 1788590392,228569088,182521856,18295648,431136768,1018101760
findling-rss 1788590397,228569088,182521856,18295648,431136768,1018101760
findling-rss 1788590402,228569088,182521856,18295648,431136768,1018101760
findling-rss 1788590407,228569088,182521856,18295648,431140864,1018101760
findling-rss 1788590412,228569088,182521856,18296872,430870528,1018101760
findling-rss 1788590417,228569088,182521856,18292824,431128576,1018101760
findling-rss 1788590422,228569088,182521856,18292728,431132672,1018101760
findling-rss 1788590427,228569088,182521856,18292592,431132672,1018101760
findling-rss 1788590432,228569088,182521856,18292592,431132672,1018101760
findling-rss 1788590437,228569088,182521856,18292592,431132672,1018101760
findling-rss 1788590442,228569088,182521856,18292592,431132672,1018101760
findling-rss 1788590447,228569088,182521856,18292592,431132672,1018101760
findling-rss 1788590453,228569088,182521856,18292592,431132672,1018101760
findling-rss 1788590458,228569088,182521856,18292592,431132672,1018101760
findling-rss 1788590463,228569088,182521856,18292592,431132672,1018101760
findling-rss 1788590468,228569088,182521856,18292592,431132672,1018101760
findling-rss 1788590473,228569088,182521856,18295552,431140864,1018101760
findling-rss 1788590478,228569088,182521856,18295552,431140864,1018101760
findling-rss 1788590483,228569088,182521856,18295552,431140864,1018101760
findling-rss 1788590488,228569088,182521856,18295416,431140864,1018101760
findling-rss 1788590493,228569088,182521856,18295416,431140864,1018101760
findling-rss 1788590498,228569088,182521856,18295416,431140864,1018101760
findling-rss 1788590503,228569088,182521856,18295416,431140864,1018101760
findling-rss 1788590508,228569088,182521856,18295416,431403008,1018101760
findling-rss 1788590513,228569088,182521856,18295416,431140864,1018101760
findling-rss 1788590518,228569088,182521856,18295416,431140864,1018101760
findling-rss 1788590523,228569088,182521856,18295416,431140864,1018101760
findling-rss 1788590528,228569088,182521856,18295416,431140864,1018101760
findling-rss 1788590533,228569088,182521856,18292728,430870528,1018101760
findling-rss 1788590538,228569088,182521856,18292728,431132672,1018101760
findling-rss 1788590543,228569088,182521856,18292592,431132672,1018101760
findling-rss 1788590548,228569088,182521856,18292592,431132672,1018101760
findling-rss 1788590553,228569088,182521856,18292592,431132672,1018101760
findling-rss 1788590558,228569088,182521856,18292592,431132672,1018101760
findling-rss 1788590563,228569088,182521856,18292592,431132672,1018101760
findling-rss 1788590568,228569088,182521856,18292592,431132672,1018101760
findling-rss 1788590573,228569088,182521856,18292592,431132672,1018101760
findling-rss 1788590578,228569088,182521856,18292592,431132672,1018101760
findling-rss 1788590583,228569088,182521856,18292592,431132672,1018101760
findling-rss 1788590588,228569088,182521856,18292592,431132672,1018101760
findling-rss 1788590593,228569088,182521856,18295552,431140864,1018101760
findling-rss 1788590598,228569088,182521856,18295552,431140864,1018101760
findling-rss 1788590603,228569088,182521856,18295416,431140864,1018101760
findling-rss 1788590608,228569088,182521856,18295416,431140864,1018101760
findling-rss 1788590613,228569088,182521856,18295416,431140864,1018101760
findling-rss 1788590618,228569088,182521856,18298376,431144960,1018101760
findling-rss 1788590623,228569088,182521856,18298376,431144960,1018101760
findling-rss 1788590628,228569088,182521856,18298376,431144960,1018101760
findling-rss 1788590633,228569088,182521856,18298376,431144960,1018101760
findling-rss 1788590638,228569088,182521856,18298240,431144960,1018101760
findling-rss 1788590643,228569088,182521856,18298240,431144960,1018101760
findling-rss 1788590648,228569088,182521856,18298240,431144960,1018101760
findling-rss 1788590653,228569088,182521856,18295552,431140864,1018101760
findling-rss 1788590658,228569088,182521856,18295552,431140864,1018101760
findling-rss 1788590663,228569088,182521856,18295416,431140864,1018101760
findling-rss 1788590668,228569088,182521856,18292592,431132672,1018101760
findling-rss 1788590673,228569088,182521856,18292592,431132672,1018101760
findling-rss 1788590678,228569088,182521856,18292592,431394816,1018101760
findling-rss 1788590683,228569088,182521856,18292592,431132672,1018101760
findling-rss 1788590688,228569088,182521856,18292592,431132672,1018101760
findling-rss 1788590693,228569088,182521856,18292592,431132672,1018101760
findling-rss 1788590698,228569088,182521856,18292592,431132672,1018101760
findling-rss 1788590703,228569088,182521856,18292592,431132672,1018101760
findling-rss 1788590708,228569088,182521856,18292592,430874624,1018101760
findling-rss 1788590713,228569088,182521856,18295688,431144960,1018101760
findling-rss 1788590718,228569088,182521856,18295416,431140864,1018101760
findling-rss 1788590723,228569088,182521856,18295416,431140864,1018101760
findling-rss 1788590728,228569088,182521856,18295416,431140864,1018101760
findling-rss 1788590733,228569088,182521856,18295416,431140864,1018101760
findling-rss 1788590738,228569088,182521856,18295416,431140864,1018101760
findling-rss 1788590743,228569088,182521856,18295416,431140864,1018101760
findling-rss 1788590748,228569088,182521856,18295416,431140864,1018101760
findling-rss 1788590753,228569088,182521856,18295416,430878720,1018101760
findling-rss 1788590758,228569088,182521856,18295416,431140864,1018101760
findling-rss 1788590763,228569088,182521856,18295416,431140864,1018101760
findling-rss 1788590768,228569088,182521856,18295416,431140864,1018101760
findling-rss 1788590773,228569088,182521856,18292728,431132672,1018101760
findling-rss 1788590778,228569088,182521856,18292728,431132672,1018101760
findling-rss 1788590783,228569088,182521856,18292592,431132672,1018101760
findling-rss 1788590788,228569088,182521856,18292592,431132672,1018101760
findling-rss 1788590793,228569088,182521856,18292592,431132672,1018101760
findling-rss 1788590798,228569088,182521856,18292592,431132672,1018101760
findling-rss 1788590803,228569088,182521856,18292592,431132672,1018101760
findling-rss 1788590808,228569088,182521856,18292592,431132672,1018101760
findling-rss 1788590813,228569088,182521856,18292592,431132672,1018101760
findling-rss 1788590818,228569088,182521856,18292592,431394816,1018101760
findling-rss 1788590823,228569088,182521856,18292592,431132672,1018101760
findling-rss 1788590828,228569088,182521856,18292592,430870528,1018101760
findling-rss 1788590833,228569088,182521856,18295552,431140864,1018101760
findling-rss 1788590838,228569088,182521856,18295416,431140864,1018101760
findling-rss 1788590843,228569088,182521856,18295416,431140864,1018101760
findling-rss 1788590848,228569088,182521856,18295416,431140864,1018101760
findling-rss 1788590853,228569088,182521856,18295416,431140864,1018101760
findling-rss 1788590858,228569088,182521856,18295416,431140864,1018101760
findling-rss 1788590863,228569088,182521856,18295416,431403008,1018101760
findling-rss 1788590868,228569088,182521856,18295416,431140864,1018101760
findling-rss 1788590873,228569088,182521856,18295416,431140864,1018101760
findling-rss 1788590878,228569088,182521856,18295416,431140864,1018101760
findling-rss 1788590883,228569088,182521856,18295416,431140864,1018101760
findling-rss 1788590888,228569088,182521856,18295416,431140864,1018101760
findling-rss 1788590893,228569088,182521856,18292728,431132672,1018101760
findling-rss 1788590898,228569088,182521856,18292728,431132672,1018101760
findling-rss 1788590903,228569088,182521856,18292592,431132672,1018101760
findling-rss 1788590908,228569088,182521856,18292592,431132672,1018101760
findling-rss 1788590913,228569088,182521856,18292592,431132672,1018101760
findling-rss 1788590918,228569088,182521856,18295552,431140864,1018101760
findling-rss 1788590923,228569088,182521856,18295552,431140864,1018101760
findling-rss 1788590928,228569088,182521856,18295552,431140864,1018101760
findling-rss 1788590933,228569088,182521856,18295552,431140864,1018101760
findling-rss 1788590938,228569088,182521856,18295416,431140864,1018101760
findling-rss 1788590943,228569088,182521856,18295416,431140864,1018101760
findling-rss 1788590948,228569088,182521856,18295416,431140864,1018101760
findling-rss 1788590953,228569088,182521856,18298376,430882816,1018101760
findling-rss 1788590958,228569088,182521856,18298376,431144960,1018101760
findling-rss 1788590963,228569088,182521856,18298240,431144960,1018101760
findling-rss 1788590968,228569088,182521856,18298240,431407104,1018101760
findling-rss 1788590973,228569088,182521856,18298240,431144960,1018101760
findling-rss 1788590978,228569088,182521856,18295416,431140864,1018101760
findling-rss 1788590983,228569088,182521856,18295416,431140864,1018101760
findling-rss 1788590988,228569088,182521856,18295416,431140864,1018101760
findling-rss 1788590993,228569088,182521856,18295416,430878720,1018101760
findling-rss 1788590998,228569088,182521856,18295416,431140864,1018101760
findling-rss 1788591003,228569088,182521856,18295416,431140864,1018101760
findling-rss 1788591008,228569088,182521856,18299328,431144960,1018101760
findling-rss 1788591013,228569088,182521856,18296504,431128576,1018101760
findling-rss 1788591018,228569088,182521856,18292728,431132672,1018101760
findling-rss 1788591023,228569088,182521856,18292592,431132672,1018101760
findling-rss 1788591028,228569088,182521856,18292592,431132672,1018101760
findling-rss 1788591033,228569088,182521856,18292592,431132672,1018101760
findling-rss 1788591038,228569088,182521856,18292592,431132672,1018101760
findling-rss 1788591043,228569088,182521856,18292592,431132672,1018101760
findling-rss 1788591048,228569088,182521856,18292592,431132672,1018101760
findling-rss 1788591053,228569088,182521856,18292592,431132672,1018101760
findling-rss 1788591058,228569088,182521856,18292592,431132672,1018101760
findling-rss 1788591063,228569088,182521856,18292592,431132672,1018101760
findling-rss 1788591068,228569088,182521856,18292592,431132672,1018101760
findling-rss 1788591073,228569088,182521856,18295416,431140864,1018101760
findling-rss 1788591078,228569088,182521856,18295416,431140864,1018101760
findling-rss 1788591083,228569088,182521856,18295416,431140864,1018101760
findling-rss 1788591088,228569088,182521856,18295416,431140864,1018101760
findling-rss 1788591093,228569088,182521856,18295416,431140864,1018101760
findling-rss 1788591098,228569088,182521856,18295416,431140864,1018101760
findling-rss 1788591103,228569088,182521856,18295416,431140864,1018101760
findling-rss 1788591108,228569088,182521856,18295416,431403008,1018101760
findling-rss 1788591113,228569088,182521856,18295416,431140864,1018101760
findling-rss 1788591118,228569088,182521856,18295416,431140864,1018101760
findling-rss 1788591123,228569088,182521856,18295416,431140864,1018101760
findling-rss 1788591129,228569088,182521856,18295416,430878720,1018101760
findling-rss 1788591134,228569088,182521856,18292728,431394816,1018101760
findling-rss 1788591139,228569088,182521856,18292728,431394816,1018101760
findling-rss 1788591144,228569088,182521856,18292728,430870528,1018101760
findling-rss 1788591149,228569088,182521856,18292592,431132672,1018101760
findling-rss 1788591154,228569088,182521856,18292592,431132672,1018101760
findling-rss 1788591159,228569088,182521856,18292592,431132672,1018101760
findling-rss 1788591164,228569088,182521856,18292592,431132672,1018101760
findling-rss 1788591169,228569088,182521856,18292592,431132672,1018101760
findling-rss 1788591174,228569088,182521856,18292592,431132672,1018101760
findling-rss 1788591179,228569088,182521856,18292592,431394816,1018101760
findling-rss 1788591184,228569088,182521856,18292592,431132672,1018101760
findling-rss 1788591189,228569088,182521856,18292592,431132672,1018101760
findling-rss 1788591194,228569088,182521856,18295552,431403008,1018101760
findling-rss 1788591199,228569088,182521856,18295552,431140864,1018101760
findling-rss 1788591204,228569088,182521856,18295552,430878720,1018101760
findling-rss 1788591209,228569088,182521856,18295416,431403008,1018101760
findling-rss 1788591214,228569088,182521856,18295416,431403008,1018101760
findling-rss 1788591219,228569088,182521856,18298376,431144960,1018101760
findling-rss 1788591224,228569088,182521856,18298240,431144960,1018101760
findling-rss 1788591229,228569088,182521856,18298240,430882816,1018101760
findling-rss 1788591234,228569088,182521856,18298240,431144960,1018101760
findling-rss 1788591239,228569088,182521856,18298240,430882816,1018101760
findling-rss 1788591244,228569088,182521856,18295552,431140864,1018101760
findling-rss 1788591249,228569088,182521856,18295552,431140864,1018101760
findling-rss 1788591254,228569088,182521856,18295416,430878720,1018101760
findling-rss summary samples=9421 max_anon=442695680 peak=1018101760 events=[low=0 high=0 max=0 oom=0 oom_kill=0 oom_group_kill=0 sock_throttled=14865] oom_killed=false
