findling-rss timestamp,anon,file,slab,current,peak
findling-rss 1791197751,119635968,73728,729720,123236352,139980800
findling-rss 1791197753,119693312,2256896,915728,125767680,139980800
findling-rss 1791197755,121372672,2256896,964064,126251008,139980800
findling-rss 1791197757,119693312,2256896,920784,126640128,139980800
findling-rss 1791197759,119693312,2256896,966248,127287296,139980800
findling-rss 1791197761,119693312,2256896,918192,126144512,139980800
findling-rss 1791197763,119693312,2256896,920056,126066688,139980800
findling-rss 1791197765,119693312,2256896,922000,127258624,139980800
findling-rss 1791197767,119693312,2256896,923464,127533056,139980800
findling-rss 1791197769,119693312,2256896,920848,127676416,139980800
findling-rss 1791197771,119693312,2256896,920336,127782912,139980800
findling-rss 1791197773,119693312,2256896,920816,126943232,139980800
findling-rss 1791197775,119693312,2256896,922656,126894080,139980800
findling-rss 1791197777,119697408,2256896,923256,126713856,139980800
findling-rss 1791197779,119697408,2256896,922792,126881792,139980800
findling-rss 1791197781,119697408,2256896,923056,127037440,139980800
findling-rss 1791197783,119697408,2256896,926912,127926272,139980800
findling-rss 1791197785,119697408,2256896,930352,128479232,139980800
findling-rss 1791197787,119697408,2256896,925440,128294912,139980800
findling-rss 1791197789,119697408,2256896,976288,128040960,139980800
findling-rss 1791197791,119697408,2256896,926248,127897600,139980800
findling-rss 1791197793,119705600,2256896,927888,127983616,139980800
findling-rss 1791197795,119705600,2256896,929248,128856064,139980800
findling-rss 1791197797,119705600,2256896,930872,128471040,139980800
findling-rss 1791197799,119705600,2256896,932688,127852544,139980800
findling-rss 1791197801,119705600,2256896,933592,127901696,139980800
findling-rss 1791197803,119705600,2256896,933776,127795200,139980800
findling-rss 1791197805,119705600,2256896,933736,128258048,139980800
findling-rss 1791197807,119709696,2256896,930128,127602688,139980800
findling-rss 1791197809,119709696,2256896,929656,126820352,139980800
findling-rss 1791197811,119709696,2256896,925168,126455808,139980800
findling-rss 1791197813,119709696,2256896,920808,127205376,139980800
findling-rss 1791197815,119709696,2256896,920168,126844928,139980800
findling-rss 1791197817,119709696,2256896,922032,127508480,139980800
findling-rss 1791197819,119709696,2256896,923824,127832064,139980800
findling-rss 1791197822,119713792,2256896,923368,128032768,139980800
findling-rss 1791197824,119713792,2256896,922848,128274432,139980800
findling-rss 1791197826,119713792,2256896,923912,128163840,139980800
findling-rss 1791197828,119713792,2256896,922240,127614976,139980800
findling-rss 1791197830,119713792,2256896,921016,127627264,139980800
findling-rss 1791197832,119713792,2256896,922000,127188992,139980800
findling-rss 1791197834,119713792,2256896,927192,127418368,139980800
findling-rss 1791197836,119713792,2256896,923840,127885312,139980800
findling-rss 1791197838,119713792,2256896,928440,127279104,139980800
findling-rss 1791197840,119713792,2256896,923496,127037440,139980800
findling-rss 1791197842,119713792,2256896,923912,127696896,139980800
findling-rss 1791197844,119713792,2256896,926112,128151552,139980800
findling-rss 1791197846,119713792,2256896,930248,128221184,139980800
findling-rss 1791197848,119713792,2256896,924416,127631360,139980800
findling-rss 1791197850,119713792,2256896,928080,127885312,139980800
findling-rss 1791197852,122085376,2265088,932360,130400256,139980800
findling-rss 1791197854,122159104,2265088,931896,129445888,139980800
findling-rss 1791197856,122159104,2265088,938312,129679360,139980800
findling-rss 1791197858,122159104,2265088,935816,130494464,139980800
findling-rss 1791197860,122159104,2265088,939640,130748416,139980800
findling-rss 1791197862,122245120,2265088,969312,130334720,139980800
findling-rss 1791197864,122159104,2265088,934576,131166208,139980800
findling-rss 1791197866,122159104,2265088,936824,131162112,139980800
findling-rss 1791197868,122216448,2265088,931936,131117056,139980800
findling-rss 1791197870,122216448,2265088,931192,129892352,139980800
findling-rss 1791197872,122216448,2265088,930848,129802240,139980800
findling-rss 1791197874,122273792,2424832,947592,131072000,139980800
findling-rss 1791197876,122273792,2424832,949432,131514368,139980800
findling-rss 1791197878,122273792,2424832,943168,130715648,139980800
findling-rss 1791197880,122273792,2424832,947064,130711552,139980800
findling-rss 1791197882,122273792,2424832,941272,129298432,139980800
findling-rss 1791197884,122273792,2424832,946248,129527808,139980800
findling-rss 1791197886,122273792,2424832,943512,130088960,139980800
findling-rss 1791197888,122273792,2424832,944016,130490368,139980800
findling-rss 1791197890,122273792,2424832,944128,130703360,139980800
findling-rss 1791197892,122273792,2424832,947792,131170304,139980800
findling-rss 1791197894,122273792,2424832,945448,130957312,139980800
findling-rss 1791197896,122273792,2424832,946024,130793472,139980800
findling-rss 1791197898,122273792,2424832,994504,130154496,139980800
findling-rss 1791197900,122273792,2424832,943232,130519040,139980800
findling-rss 1791197902,122273792,2424832,943712,130969600,139980800
findling-rss 1791197904,122273792,2424832,945816,131661824,139980800
findling-rss 1791197906,122273792,2424832,945920,131371008,139980800
findling-rss 1791197908,122273792,2424832,947256,131493888,139980800
findling-rss 1791197910,122273792,2424832,952232,131104768,139980800
findling-rss 1791197912,122273792,2424832,948176,131391488,139980800
findling-rss 1791197914,122617856,2424832,950472,131485696,139980800
findling-rss 1791197916,122617856,2424832,948224,130469888,139980800
findling-rss 1791197918,122617856,2424832,946672,131006464,139980800
findling-rss 1791197920,122617856,2424832,952104,130367488,139980800
findling-rss 1791197922,122617856,2424832,945688,130330624,139980800
findling-rss 1791197924,122617856,2424832,947088,130891776,139980800
findling-rss 1791197926,122621952,2424832,948208,131272704,139980800
findling-rss 1791197928,122638336,2424832,948592,130633728,139980800
findling-rss 1791197930,122638336,2424832,945680,130351104,139980800
findling-rss 1791197932,122638336,2424832,942592,129892352,139980800
findling-rss 1791197934,122638336,2424832,944432,130572288,139980800
findling-rss 1791197936,122638336,2424832,946056,131198976,139980800
findling-rss 1791197938,122638336,2424832,947320,131702784,139980800
findling-rss 1791197940,122638336,2424832,948944,131739648,139980800
findling-rss 1791197942,122638336,2424832,945816,131493888,139980800
findling-rss 1791197944,122667008,2424832,949920,130699264,139980800
findling-rss 1791197946,122667008,2424832,945000,131272704,139980800
findling-rss 1791197948,122667008,2424832,943992,131014656,139980800
findling-rss 1791197950,122667008,2424832,941672,130641920,139980800
findling-rss 1791197952,122667008,2424832,940112,130961408,139980800
findling-rss 1791197954,122667008,2424832,943536,130998272,139980800
findling-rss 1791197956,122671104,2424832,941640,129626112,139980800
findling-rss 1791197958,122699776,2424832,941840,129052672,139980800
findling-rss 1791197960,122699776,2424832,941936,129273856,139980800
findling-rss 1791197962,122699776,2424832,940552,130768896,139980800
findling-rss 1791197964,122699776,2424832,946248,131653632,139980800
findling-rss 1791197966,122699776,2424832,943240,131883008,139980800
findling-rss 1791197968,122703872,2424832,943920,131739648,139980800
findling-rss 1791197970,122703872,2424832,945752,131436544,139980800
findling-rss 1791197972,122707968,2424832,947672,131104768,139980800
findling-rss 1791197974,123072512,2424832,948592,130600960,139980800
findling-rss 1791197976,123072512,2424832,945784,131084288,139980800
findling-rss 1791197978,123072512,2424832,945656,131383296,139980800
findling-rss 1791197980,123072512,2424832,950288,131366912,139980800
findling-rss 1791197982,123072512,2424832,944328,131391488,139980800
findling-rss 1791197984,123072512,2424832,949544,131375104,139980800
findling-rss 1791197986,123072512,2424832,946128,130924544,139980800
findling-rss 1791197988,123072512,2424832,944152,128774144,139980800
findling-rss 1791197990,123072512,2424832,944464,130187264,139980800
findling-rss 1791197992,123072512,2424832,942728,131227648,139980800
findling-rss 1791197994,123076608,2424832,949248,132018176,139980800
findling-rss 1791197996,123076608,2424832,952136,131325952,139980800
findling-rss 1791197998,123076608,2424832,945032,130998272,139980800
findling-rss 1791198000,123076608,2424832,942152,130891776,139980800
findling-rss 1791198002,123076608,2424832,941296,129015808,139980800
findling-rss 1791198004,123076608,2424832,941232,130252800,139980800
findling-rss 1791198006,123076608,2424832,942616,131325952,139980800
findling-rss 1791198008,123076608,2424832,943816,131428352,139980800
findling-rss 1791198010,123076608,2424832,944256,130670592,139980800
findling-rss 1791198012,123076608,2424832,942424,131575808,139980800
findling-rss 1791198014,123076608,2424832,944288,131121152,139980800
findling-rss 1791198016,123076608,2424832,946328,131207168,139980800
findling-rss 1791198018,123076608,2424832,957976,129433600,139980800
findling-rss 1791198020,123076608,2424832,945072,130568192,139980800
findling-rss 1791198022,123076608,2424832,942520,131383296,139980800
findling-rss 1791198024,123076608,2424832,948696,132063232,139980800
findling-rss 1791198026,123076608,2424832,948120,131432448,139980800
findling-rss 1791198028,123076608,2424832,944904,131346432,139980800
findling-rss 1791198030,123076608,2424832,943576,131125248,139980800
findling-rss 1791198032,123076608,2424832,945440,131411968,139980800
findling-rss 1791198034,123174912,2424832,946392,130510848,139980800
findling-rss 1791198037,123174912,2424832,945952,131391488,139980800
findling-rss 1791198039,123174912,2424832,947048,131170304,139980800
findling-rss 1791198041,123174912,2424832,944560,130658304,139980800
findling-rss 1791198043,123174912,2424832,945104,131231744,139980800
findling-rss 1791198045,123174912,2424832,949240,131563520,139980800
findling-rss 1791198047,123641856,2424832,949928,132030464,139980800
findling-rss 1791198049,123666432,2424832,942896,130621440,139980800
findling-rss 1791198051,123666432,2424832,943984,131715072,139980800
findling-rss 1791198053,123666432,2424832,942632,132546560,139980800
findling-rss 1791198055,123666432,2424832,950160,132653056,139980800
findling-rss 1791198057,123666432,2424832,945960,132964352,139980800
findling-rss 1791198059,123666432,2424832,946160,132362240,139980800
findling-rss 1791198061,123666432,2424832,947760,131530752,139980800
findling-rss 1791198063,123670528,2424832,947384,131436544,139980800
findling-rss 1791198065,123674624,2424832,948744,131600384,139980800
findling-rss 1791198067,123674624,2424832,950680,131391488,139980800
findling-rss 1791198069,123674624,2424832,952344,132493312,139980800
findling-rss 1791198071,123674624,2424832,948248,132128768,139980800
findling-rss 1791198073,123674624,2424832,945280,131665920,139980800
findling-rss 1791198075,123674624,2424832,947384,131371008,139980800
findling-rss 1791198077,123674624,2424832,946840,132222976,139980800
findling-rss 1791198079,123674624,2424832,942488,129892352,139980800
findling-rss 1791198081,123674624,2424832,944352,130899968,139980800
findling-rss 1791198083,123674624,2424832,944088,132075520,139980800
findling-rss 1791198085,123674624,2424832,947848,132005888,139980800
findling-rss 1791198087,123674624,2424832,945856,132038656,139980800
findling-rss 1791198089,123674624,2424832,945928,133574656,139980800
findling-rss 1791198091,123674624,2424832,947792,133554176,139980800
findling-rss 1791198093,123674624,2424832,944328,132526080,139980800
findling-rss 1791198095,123674624,2424832,942080,131514368,139980800
findling-rss 1791198097,123674624,2424832,943000,131571712,139980800
findling-rss 1791198099,123674624,2424832,945104,131842048,139980800
findling-rss 1791198101,123674624,2424832,950752,131919872,139980800
findling-rss 1791198103,123674624,2424832,943808,131170304,139980800
findling-rss 1791198105,123674624,2424832,945384,131928064,139980800
findling-rss 1791198107,123674624,2424832,946264,132444160,139980800
findling-rss 1791198109,123908096,2424832,1011384,131391488,139980800
findling-rss 1791198111,123674624,2424832,945344,131526656,139980800
findling-rss 1791198113,123674624,2424832,944560,130052096,139980800
findling-rss 1791198115,123674624,2424832,947312,132161536,139980800
findling-rss 1791198117,123674624,2424832,947080,131964928,139980800
findling-rss 1791198119,123674624,2424832,945408,133136384,139980800
findling-rss 1791198121,123674624,2424832,951280,133324800,139980800
findling-rss 1791198123,123674624,2424832,944128,132386816,139980800
findling-rss 1791198125,123674624,2424832,944776,132067328,139980800
findling-rss 1791198127,123674624,2424832,949488,132128768,139980800
findling-rss 1791198129,123674624,2424832,946536,131915776,139980800
findling-rss 1791198131,123674624,2424832,948024,131940352,139980800
findling-rss 1791198133,123674624,2424832,942248,132022272,139980800
findling-rss 1791198135,123674624,2424832,944224,132263936,139980800
findling-rss 1791198137,123674624,2424832,936264,131080192,139980800
findling-rss 1791198139,123674624,2424832,934088,130945024,139980800
findling-rss 1791198141,123674624,2424832,986304,132046848,139980800
findling-rss 1791198143,123674624,2424832,979024,132673536,139980800
findling-rss 1791198145,123674624,2424832,984528,133320704,139980800
findling-rss 1791198147,123674624,2424832,941928,132407296,139980800
findling-rss 1791198149,123674624,2424832,938272,132329472,139980800
findling-rss 1791198151,123674624,2424832,943904,132833280,139980800
findling-rss 1791198153,123674624,2424832,940752,131682304,139980800
findling-rss 1791198155,123674624,2424832,942624,131719168,139980800
findling-rss 1791198157,123674624,2424832,942432,131874816,139980800
findling-rss 1791198159,123674624,2424832,945608,132108288,139980800
findling-rss 1791198161,123674624,2424832,947688,132657152,139980800
findling-rss 1791198163,123674624,2424832,948232,131809280,139980800
findling-rss 1791198165,123674624,2424832,952880,132534272,139980800
findling-rss 1791198167,123674624,2424832,948984,132042752,139980800
findling-rss 1791198169,123674624,2424832,949184,131690496,139980800
findling-rss 1791198171,123674624,2424832,948024,131391488,139980800
findling-rss 1791198173,123674624,2424832,947008,131178496,139980800
findling-rss 1791198175,123674624,2424832,947928,131387392,139980800
findling-rss 1791198177,123674624,2424832,947560,132587520,139980800
findling-rss 1791198179,123674624,2424832,947176,132202496,139980800
findling-rss 1791198181,123674624,2424832,945992,132218880,139980800
findling-rss 1791198183,123674624,2424832,950600,132083712,139980800
findling-rss 1791198185,123674624,2424832,943200,130879488,139980800
findling-rss 1791198187,123674624,2424832,942728,132026368,139980800
findling-rss 1791198189,123674624,2424832,941504,132366336,139980800
findling-rss 1791198191,123674624,2424832,943368,132808704,139980800
findling-rss 1791198193,123674624,2424832,942792,132231168,139980800
findling-rss 1791198195,123674624,2424832,946760,132927488,139980800
findling-rss 1791198197,123674624,2424832,947616,132153344,139980800
findling-rss 1791198199,123674624,2424832,944664,130973696,139980800
findling-rss 1791198201,123674624,2424832,945056,130695168,139980800
findling-rss 1791198203,123674624,2424832,943440,130256896,139980800
findling-rss 1791198205,123674624,2424832,943576,131354624,139980800
findling-rss 1791198207,123674624,2424832,943472,131145728,139980800
findling-rss 1791198209,123674624,2424832,946928,132091904,139980800
findling-rss 1791198211,123674624,2424832,986520,132882432,139980800
findling-rss 1791198213,123674624,2424832,943576,133042176,139980800
findling-rss 1791198215,123674624,2424832,941496,132169728,139980800
findling-rss 1791198217,123674624,2424832,941880,132341760,139980800
findling-rss 1791198219,123674624,2424832,945488,132145152,139980800
findling-rss 1791198221,123674624,2424832,944464,131657728,139980800
findling-rss 1791198223,123674624,2424832,942384,131596288,139980800
findling-rss 1791198225,123674624,2424832,946352,132268032,139980800
findling-rss 1791198227,123674624,2424832,943472,131452928,139980800
findling-rss 1791198229,123674624,2424832,944024,131452928,139980800
findling-rss 1791198231,123674624,2424832,941200,131817472,139980800
findling-rss 1791198233,123678720,2424832,945752,131244032,139980800
findling-rss 1791198235,123678720,2424832,950328,131612672,139980800
findling-rss 1791198237,123678720,2424832,951080,131940352,139980800
findling-rss 1791198239,125362176,2424832,995704,132263936,139980800
findling-rss 1791198241,123678720,2424832,948192,132370432,139980800
findling-rss 1791198243,123678720,2424832,942928,130338816,139980800
findling-rss 1791198245,123678720,2424832,944112,131207168,139980800
findling-rss 1791198247,123678720,2424832,944792,131616768,139980800
findling-rss 1791198249,123678720,2424832,946152,131588096,139980800
findling-rss 1791198251,123678720,2424832,943344,132014080,139980800
findling-rss 1791198254,123678720,2424832,941576,132030464,139980800
findling-rss 1791198256,123678720,2424832,943440,132157440,139980800
findling-rss 1791198258,123678720,2424832,943376,132055040,139980800
findling-rss 1791198260,123678720,2424832,942384,129916928,139980800
findling-rss 1791198262,123678720,2424832,943944,129699840,139980800
findling-rss 1791198264,123678720,2424832,942112,130990080,139980800
findling-rss 1791198266,123678720,2424832,940576,131825664,139980800
findling-rss 1791198268,123678720,2424832,941912,132329472,139980800
findling-rss 1791198270,123678720,2424832,943032,133058560,139980800
findling-rss 1791198272,123678720,2424832,945352,133083136,139980800
findling-rss 1791198274,123678720,2424832,945648,133025792,139980800
findling-rss 1791198276,123678720,2424832,949920,131420160,139980800
findling-rss 1791198278,123678720,2424832,951048,132694016,139980800
findling-rss 1791198280,123678720,2424832,951096,132698112,139980800
findling-rss 1791198282,123678720,2424832,949256,131928064,139980800
findling-rss 1791198284,123678720,2424832,950312,131362816,139980800
findling-rss 1791198286,123678720,2424832,951432,131653632,139980800
findling-rss 1791198288,123678720,2424832,948136,132452352,139980800
findling-rss 1791198290,123678720,2424832,944592,130551808,139980800
findling-rss 1791198292,123678720,2424832,947896,131194880,139980800
findling-rss 1791198294,123678720,2424832,945344,131465216,139980800
findling-rss 1791198296,123678720,2424832,946656,131821568,139980800
findling-rss 1791198298,123678720,2424832,943440,132440064,139980800
findling-rss 1791198300,123678720,2424832,941296,132038656,139980800
findling-rss 1791198302,123678720,2424832,946488,132669440,139980800
findling-rss 1791198304,123678720,2424832,939664,132775936,139980800
findling-rss 1791198306,123678720,2424832,940520,132530176,139980800
findling-rss 1791198308,123678720,2424832,942120,131682304,139980800
findling-rss 1791198310,123678720,2424832,940824,131768320,139980800
findling-rss 1791198312,125108224,2424832,941480,131903488,139980800
findling-rss 1791198314,123678720,2424832,941432,131477504,139980800
findling-rss 1791198316,123678720,2424832,945712,131416064,139980800
findling-rss 1791198318,123678720,2424832,944392,132567040,139980800
findling-rss 1791198320,123678720,2424832,940952,130961408,139980800
findling-rss 1791198322,153903104,9543680,1959696,169979904,169984000
findling-rss 1791198324,215748608,52256768,7414960,279465984,279465984
findling-rss 1791198326,235659264,61657088,9380096,311783424,312107008
findling-rss 1791198328,245817344,62849024,9428672,323088384,324165632
findling-rss 1791198330,246243328,63991808,9552888,324440064,325292032
findling-rss 1791198332,249937920,65003520,9536984,328507392,329457664
findling-rss 1791198334,250335232,65150976,9579888,329211904,332144640
findling-rss 1791198336,250847232,67141632,9672920,331952128,333750272
findling-rss 1791198338,224976896,67289088,9751336,306851840,336527360
findling-rss 1791198340,249319424,67809280,9887472,331558912,336527360
findling-rss 1791198342,253607936,68050944,9801480,337137664,342609920
findling-rss 1791198344,256286720,68341760,9837608,338829312,342609920
findling-rss 1791198346,256954368,68743168,9872104,340967424,342933504
findling-rss 1791198348,259543040,69189632,9918984,343797760,345976832
findling-rss 1791198350,261898240,69562368,9942320,345440256,348512256
findling-rss 1791198352,232251392,69980160,10005208,316661760,348512256
findling-rss 1791198354,252157952,70168576,10080528,337223680,348512256
findling-rss 1791198356,261324800,70553600,10118048,346963968,354279424
findling-rss 1791198358,259743744,70885376,10025504,345079808,354279424
findling-rss 1791198360,260403200,71245824,10117040,345407488,354279424
findling-rss 1791198362,260599808,71655424,10151536,347545600,354279424
findling-rss 1791198364,260988928,72052736,10190136,346521600,354279424
findling-rss 1791198366,256241664,72294400,10319232,343105536,356913152
findling-rss 1791198368,253509632,72724480,10352752,341635072,356913152
findling-rss 1791198370,256155648,73060352,10376096,343928832,356913152
findling-rss 1791198372,263942144,73277440,10351304,352247808,356913152
findling-rss 1791198374,264196096,73695232,10386576,352780288,356913152
findling-rss 1791198376,264548352,74149888,10423032,354377728,356913152
findling-rss 1791198378,264790016,74526720,10456088,355610624,357941248
findling-rss 1791198380,234659840,75018240,10582624,324698112,357941248
findling-rss 1791198382,254582784,75071488,10654968,344371200,357941248
findling-rss 1791198384,258498560,75513856,10685688,349188096,357941248
findling-rss 1791198386,259272704,75952128,10720944,350810112,357941248
findling-rss 1791198388,260116480,76181504,10635848,352391168,363945984
findling-rss 1791198390,269701120,76599296,10672344,361525248,365387776
findling-rss 1791198392,230969344,77258752,10718552,358338560,365387776
findling-rss 1791198394,250736640,77099008,10834488,342941696,365387776
findling-rss 1791198396,263282688,77492224,10922752,357343232,365387776
findling-rss 1791198398,263553024,77815808,10983352,359301120,365387776
findling-rss 1791198400,263413760,78209024,10985792,357167104,365387776
findling-rss 1791198402,263462912,78336000,10997472,357306368,371175424
findling-rss 1791198404,263491584,78761984,10942256,356888576,371175424
findling-rss 1791198406,263503872,79360000,10984664,358977536,371175424
findling-rss 1791198408,252915712,79474688,11073984,348774400,371175424
findling-rss 1791198410,254021632,79802368,11100192,349560832,371175424
findling-rss 1791198412,255369216,80134144,11141728,351256576,371175424
findling-rss 1791198414,256421888,80429056,11171744,353476608,371175424
findling-rss 1791198416,258551808,80850944,11212040,354725888,371175424
findling-rss 1791198418,258609152,81035264,11119752,356151296,372166656
findling-rss 1791198420,193171456,81833984,11180368,291115008,372166656
findling-rss 1791198422,253259776,81674240,11389624,351653888,372166656
findling-rss 1791198424,254197760,81920000,11422296,351539200,372166656
findling-rss 1791198426,257445888,82407424,11455248,356016128,372166656
findling-rss 1791198428,262234112,82763776,11497656,361193472,373358592
findling-rss 1791198430,267321344,83128320,11531992,367001600,373358592
findling-rss 1791198432,267423744,101998592,12096384,387141632,389046272
findling-rss 1791198434,207781888,83755008,11467080,306909184,389046272
findling-rss 1791198436,253538304,84455424,11601200,355074048,389046272
findling-rss 1791198438,257630208,84508672,11618272,358817792,389046272
findling-rss 1791198440,255213568,84832256,11655144,356249600,389046272
findling-rss 1791198442,262336512,85135360,11691384,365072384,389046272
findling-rss 1791198444,263499776,85487616,11783256,365367296,389046272
findling-rss 1791198446,263933952,85872640,11822712,366903296,389046272
findling-rss 1791198448,203927552,86331392,11720960,304721920,389931008
findling-rss 1791198450,257118208,86347776,11917688,360009728,389931008
findling-rss 1791198452,260116480,86736896,11867824,363438080,389931008
findling-rss 1791198454,259674112,87117824,11961488,362590208,389931008
findling-rss 1791198456,260923392,87523328,11993032,364732416,389931008
findling-rss 1791198458,261824512,87982080,12019144,366440448,389931008
findling-rss 1791198460,261832704,88379392,12052992,367153152,389931008
findling-rss 1791198462,227360768,88944640,12156456,333668352,389931008
findling-rss 1791198464,252907520,89092096,12106072,359182336,389931008
findling-rss 1791198466,256270336,89702400,12149672,362295296,389931008
findling-rss 1791198468,258359296,89595904,12165320,364744704,389931008
findling-rss 1791198470,260878336,90349568,12212504,366497792,389931008
findling-rss 1791198472,262676480,90341376,12232648,370364416,389931008
findling-rss 1791198474,263000064,90787840,12338448,370012160,389931008
findling-rss 1791198477,230612992,91525120,12433504,339001344,389931008
findling-rss 1791198479,256004096,116895744,13226816,392073216,392089600
findling-rss 1791198481,258650112,91684864,12433376,367448064,393768960
findling-rss 1791198483,258666496,92106752,12472552,367484928,393768960
findling-rss 1791198485,261201920,92483584,12507248,370397184,393768960
findling-rss 1791198487,260714496,92700672,12543648,369643520,394866688
findling-rss 1791198489,261513216,93270016,12569608,371716096,394866688
findling-rss 1791198491,250970112,93364224,12706624,361627648,394866688
findling-rss 1791198493,256188416,93745152,12745216,367849472,394866688
findling-rss 1791198495,256864256,94027776,12659664,368926720,399777792
findling-rss 1791198497,257392640,94498816,12755344,369754112,399777792
findling-rss 1791198499,259624960,95023104,12790976,372695040,399777792
findling-rss 1791198501,261103616,95440896,12829712,374276096,399777792
findling-rss 1791198503,262930432,96292864,12937008,375681024,399777792
findling-rss 1791198505,237273088,96141312,12920688,350941184,399777792
findling-rss 1791198507,257654784,96460800,12996792,372224000,399777792
findling-rss 1791198509,258519040,97153024,13107440,373460992,399777792
findling-rss 1791198511,257912832,96927744,13005248,371908608,407482368
findling-rss 1791198513,259940352,97681408,13050224,375476224,407482368
findling-rss 1791198515,262569984,98050048,13085880,379281408,407482368
findling-rss 1791198517,262569984,98500608,13123528,378994688,407482368
findling-rss 1791198519,256180224,98373632,13235568,372502528,407482368
findling-rss 1791198521,258453504,98787328,13260968,374943744,407482368
findling-rss 1791198523,258994176,99123200,13301400,376066048,407482368
findling-rss 1791198525,260329472,99323904,13273608,377974784,411623424
findling-rss 1791198527,261242880,99663872,13299760,378638336,411623424
findling-rss 1791198529,261861376,100114432,13343168,380473344,411623424
findling-rss 1791198531,262176768,100495360,13382920,380989440,411623424
findling-rss 1791198533,238497792,100614144,13516512,357543936,411623424
findling-rss 1791198535,256610304,101056512,13586232,376524800,411623424
findling-rss 1791198537,260845568,101875712,13632136,382312448,411623424
findling-rss 1791198539,261189632,101834752,13650104,382660608,411623424
findling-rss 1791198541,264097792,102105088,13562552,383881216,420986880
findling-rss 1791198543,264691712,102473728,13595560,385028096,420986880
findling-rss 1791198545,264695808,102834176,13629616,385748992,420986880
findling-rss 1791198547,245493760,103473152,13743608,367669248,420986880
findling-rss 1791198549,255717376,103477248,13791024,377442304,420986880
findling-rss 1791198551,254918656,104128512,13832224,376713216,420986880
findling-rss 1791198553,257703936,104304640,13923816,380489728,420986880
findling-rss 1791198555,260169728,104488960,13831560,382525440,422957056
findling-rss 1791198557,268685312,104935424,13865408,390733824,422957056
findling-rss 1791198559,269119488,105250816,13905224,393068544,422957056
findling-rss 1791198561,249073664,105676800,14008696,373190656,422957056
findling-rss 1791198563,257593344,105635840,14020520,381841408,422957056
findling-rss 1791198565,258686976,106033152,14062608,383488000,422957056
findling-rss 1791198567,266772480,106422272,14102088,391958528,422957056
findling-rss 1791198569,266792960,106799104,14138472,392269824,422957056
findling-rss 1791198571,266948608,106921984,14089872,391905280,437841920
findling-rss 1791198573,267296768,107335680,14077808,392843264,437841920
findling-rss 1791198575,251510784,107732992,14197592,377868288,437841920
findling-rss 1791198577,255062016,108277760,14236368,381394944,437841920
findling-rss 1791198579,259739648,108634112,14269808,387297280,437841920
findling-rss 1791198581,259792896,108969984,14332704,387239936,437841920
findling-rss 1791198583,260485120,109375488,14418672,389337088,437841920
findling-rss 1791198585,261365760,152694784,15681264,435552256,437841920
findling-rss 1791198587,263745536,110002176,14345184,392912896,437841920
findling-rss 1791198589,253214720,110112768,14460624,382226432,437841920
findling-rss 1791198591,373972992,134819840,14998656,528179200,528179200
findling-rss 1791198593,282664960,135168000,14998336,437821440,531722240
findling-rss 1791198595,349724672,135168000,15005280,505298944,531722240
findling-rss 1791198597,941580288,160825344,15010440,1121083392,1122131968
findling-rss 1791198599,1268289536,302161920,16456832,1647783936,1647894528
findling-rss 1791198601,1367330816,302161920,16517296,1695252480,1697964032
findling-rss 1791198603,1363562496,302157824,16541736,1693028352,1697964032
findling-rss 1791198605,1359777792,301912064,16409688,1688494080,1697964032
findling-rss 1791198607,1454276608,303185920,16561240,1784528896,1784537088
findling-rss 1791198609,1479286784,303185920,16551608,1809670144,1809801216
findling-rss 1791198611,1474416640,303190016,16572320,1803849728,1809801216
findling-rss 1791198613,1437855744,302944256,16443088,1767366656,1809801216
findling-rss 1791198615,1477033984,303427584,16573984,1806704640,1809801216
findling-rss 1791198617,1420263424,303443968,16619752,1749872640,1809801216
findling-rss 1791198619,1477337088,303443968,16596528,1808154624,1810227200
findling-rss 1791198621,1438248960,303292416,16468080,1767206912,1810227200
findling-rss 1791198623,1476984832,303702016,16599592,1807147008,1810227200
findling-rss 1791198625,1477533696,303706112,16620192,1806856192,1810227200
findling-rss 1791198627,1381011456,303378432,16496528,1710751744,1810300928
findling-rss 1791198629,1391255552,303968256,16621672,1721376768,1810300928
findling-rss 1791198631,1482862592,303968256,16620832,1813602304,1814441984
findling-rss 1791198633,1477758976,303968256,16644976,1808887808,1815781376
findling-rss 1791198635,1439285248,303710208,16509576,1770041344,1815781376
findling-rss 1791198637,1458241536,304074752,16528264,1788907520,1815781376
findling-rss 1791198639,1478451200,304074752,16535232,1808420864,1815781376
findling-rss 1791198641,1479102464,304087040,16552648,1809805312,1815781376
findling-rss 1791198643,1439969280,303869952,16416488,1771208704,1815781376
findling-rss 1791198645,1477513216,304336896,16553448,1808945152,1815781376
findling-rss 1791198647,1423462400,304349184,16599920,1753866240,1815781376
findling-rss 1791198649,1485180928,304349184,16577152,1814466560,1818542080
findling-rss 1791198651,1441062912,304168960,16445352,1770610688,1818542080
findling-rss 1791198653,1479688192,304611328,16582224,1810419712,1818542080
findling-rss 1791198655,1459372032,304603136,16600824,1790980096,1818542080
findling-rss 1791198657,1479802880,304603136,16605352,1810042880,1818542080
findling-rss 1791198659,1383489536,304525312,16474648,1713340416,1818542080
findling-rss 1791198661,1479954432,304881664,16602784,1811267584,1818542080
findling-rss 1791198663,1480122368,304873472,16621744,1810882560,1818542080
findling-rss 1791198665,1439850496,304558080,16500320,1769857024,1818542080
findling-rss 1791198667,1336037376,304791552,16481040,1666412544,1818542080
findling-rss 1791198669,1432076288,305147904,16630112,1764036608,1818542080
findling-rss 1791198671,1432469504,305147904,16650632,1763942400,1818542080
findling-rss 1791198673,1456074752,304852992,16520056,1787748352,1818542080
findling-rss 1791198675,1448251392,305401856,16650616,1780989952,1818542080
findling-rss 1791198677,1496371200,305401856,16650896,1827950592,1829675008
findling-rss 1791198679,1528930304,305442816,16674752,1858940928,1861013504
findling-rss 1791198681,1490370560,305242112,16538560,1822171136,1865531392
findling-rss 1791198683,1492230144,305758208,16700608,1824632832,1865531392
findling-rss 1791198685,1448976384,305754112,16588960,1779904512,1865531392
findling-rss 1791198687,1496944640,305754112,16701536,1828814848,1865531392
findling-rss 1791198689,1454870528,305553408,16573104,1787514880,1865531392
findling-rss 1791198691,1494728704,305856512,16590760,1827389440,1865531392
findling-rss 1791198693,1606897664,307789824,16746760,1941209088,1941299200
findling-rss 1791198695,1608798208,307789824,16880392,1943502848,1945059328
findling-rss 1791198697,1499639808,307793920,16731408,1834094592,1946640384
findling-rss 1791198699,1496190976,308256768,16871584,1830252544,1946640384
findling-rss 1791198701,1466978304,308273152,16895168,1801900032,1946640384
findling-rss 1791198703,1496416256,308273152,16898864,1831305216,1946640384
findling-rss 1791198706,1457401856,308092928,16760784,1791959040,1946640384
findling-rss 1791198708,1403957248,308314112,16792680,1736888320,1946640384
findling-rss 1791198710,1405489152,308699136,16816080,1739345920,1946640384
findling-rss 1791198712,1405911040,309112832,16849688,1740894208,1946640384
findling-rss 1791198714,1405992960,309420032,16878416,1740697600,1946640384
findling-rss 1791198716,1333682176,310177792,16868032,1668853760,1946640384
findling-rss 1791198718,1381908480,309841920,16934480,1716936704,1946640384
findling-rss 1791198720,1402937344,310292480,17000320,1737801728,1946640384
findling-rss 1791198722,1403125760,310775808,17040256,1739866112,1946640384
findling-rss 1791198724,1403908096,311205888,17073792,1740914688,1946640384
findling-rss 1791198726,1340248064,311574528,17105736,1677426688,1946640384
findling-rss 1791198728,1340977152,312332288,17153448,1678180352,1946640384
findling-rss 1791198730,1287876608,312770560,17187512,1625944064,1946640384
findling-rss 1791198732,1335226368,312545280,17273784,1673551872,1946640384
findling-rss 1791198734,1342554112,312799232,17250576,1680269312,1946640384
findling-rss 1791198736,1349545984,313257984,17283456,1688932352,1946640384
findling-rss 1791198738,1349971968,313671680,17323664,1689522176,1946640384
findling-rss 1791198740,1347067904,314003456,17359512,1685307392,1946640384
findling-rss 1791198742,1343193088,314368000,17386304,1683243008,1946640384
findling-rss 1791198744,1304363008,315076608,17460680,1645580288,1946640384
findling-rss 1791198746,1325608960,315080704,17579688,1667383296,1946640384
findling-rss 1791198748,1344516096,315211776,17514968,1685381120,1946640384
findling-rss 1791198750,1346043904,315551744,17547960,1688342528,1946640384
findling-rss 1791198752,1346650112,315863040,17584576,1689096192,1946640384
findling-rss 1791198754,1347055616,316215296,17613608,1688981504,1946640384
findling-rss 1791198756,1350381568,316538880,17645912,1692274688,1946640384
findling-rss 1791198758,1320882176,316841984,17713600,1664032768,1946640384
findling-rss 1791198760,1341526016,317054976,17846040,1685327872,1946640384
findling-rss 1791198762,1348554752,317517824,17892672,1692766208,1946640384
findling-rss 1791198764,1348866048,317706240,17799800,1693614080,1946640384
findling-rss 1791198766,1348886528,318107648,17830488,1692749824,1946640384
findling-rss 1791198768,1354436608,318476288,17867544,1697669120,1946640384
findling-rss 1791198770,1354436608,318885888,17899088,1698279424,1946640384
findling-rss 1791198772,1336958976,319135744,18023960,1681985536,1946640384
findling-rss 1791198774,1342267392,319455232,18052064,1687638016,1946640384
findling-rss 1791198776,1350512640,319881216,18155488,1696735232,1946640384
findling-rss 1791198778,1350832128,375734272,19819240,1754456064,1946640384
findling-rss 1791198780,1351512064,320770048,18106896,1698508800,1946640384
findling-rss 1791198782,1464877056,320782336,18238016,1813041152,1946640384
findling-rss 1791198784,1490255872,320790528,18241320,1839288320,1946640384
findling-rss 1791198786,1416892416,320491520,18111936,1752694784,1946640384
findling-rss 1791198788,1451950080,321146880,18239520,1799200768,1946640384
findling-rss 1791198790,1536282624,321146880,18244704,1885929472,1946640384
findling-rss 1791198792,1535504384,321134592,18272256,1883877376,1946640384
findling-rss 1791198794,1444425728,320876544,18130160,1793114112,1946640384
findling-rss 1791198796,1515167744,321724416,18283464,1864814592,1946640384
findling-rss 1791198798,1536049152,321724416,18282328,1885040640,1946640384
findling-rss 1791198800,1537392640,321724416,18307168,1885704192,1946640384
findling-rss 1791198802,1393926144,321372160,18165552,1742577664,1946640384
findling-rss 1791198804,1485500416,321761280,18308192,1835134976,1946640384
findling-rss 1791198806,1390321664,321748992,18191960,1739583488,1946640384
findling-rss 1791198808,1486413824,321748992,18320760,1835978752,1946640384
findling-rss 1791198810,1373769728,321400832,18179712,1710514176,1946640384
findling-rss 1791198812,1507557376,321777664,18320760,1858043904,1946640384
findling-rss 1791198814,1487843328,321781760,18338304,1838026752,1946640384
findling-rss 1791198816,1508237312,321781760,18337696,1858150400,1946640384
findling-rss 1791198818,1416130560,321429504,18201304,1764622336,1946640384
findling-rss 1791198820,1508515840,321818624,18331640,1857597440,1946640384
findling-rss 1791198822,1506824192,321806336,18357456,1856815104,1946640384
findling-rss 1791198824,1417179136,321458176,18230288,1766506496,1946640384
findling-rss 1791198826,1360805888,377589760,19889096,1767944192,1946640384
findling-rss 1791198828,1509564416,321675264,18231848,1858256896,1946640384
findling-rss 1791198830,1509883904,321675264,18252136,1858306048,1946640384
findling-rss 1791198832,1361186816,321318912,18117592,1709637632,1946640384
findling-rss 1791198834,1440550912,321699840,18254920,1789505536,1946640384
findling-rss 1791198836,1510293504,321699840,18254168,1860079616,1946640384
findling-rss 1791198838,1509683200,321699840,18276000,1859379200,1946640384
findling-rss 1791198840,1418805248,321347584,18137824,1767993344,1946640384
findling-rss 1791198842,1489530880,321732608,18263296,1838985216,1946640384
findling-rss 1791198844,1509834752,321732608,18271192,1859100672,1946640384
findling-rss 1791198846,1510588416,321732608,18295112,1861087232,1946640384
findling-rss 1791198848,1418813440,321376256,18155232,1767620608,1946640384
findling-rss 1791198850,1509027840,321761280,18290440,1859194880,1946640384
findling-rss 1791198852,1413640192,321761280,18193656,1763098624,1946640384
findling-rss 1791198854,1514369024,321761280,18308008,1864253440,1946640384
findling-rss 1791198856,1418829824,321404928,18174928,1767489536,1946640384
findling-rss 1791198858,1509896192,321785856,18301544,1859141632,1946640384
findling-rss 1791198860,1463439360,321789952,18320208,1812635648,1946640384
findling-rss 1791198862,1514086400,321789952,18323024,1864912896,1946640384
findling-rss 1791198864,1376296960,321433600,18181264,1742254080,1946640384
findling-rss 1791198866,1524592640,321806336,18312728,1873690624,1946640384
findling-rss 1791198868,1515147264,321810432,18336208,1863778304,1946640384
findling-rss 1791198870,1433260032,321462272,18202680,1782456320,1946640384
findling-rss 1791198872,1376301056,321490944,18186440,1724944384,1946640384
findling-rss 1791198874,1524408320,321843200,18338544,1873436672,1946640384
findling-rss 1791198876,1524269056,321843200,18357136,1873825792,1946640384
findling-rss 1791198878,1443065856,321490944,18217216,1792180224,1946640384
findling-rss 1791198880,1465241600,378015744,19991952,1873072128,1946640384
findling-rss 1791198882,1538367488,321699840,18235336,1887682560,1946640384
findling-rss 1791198884,1534345216,321699840,18259968,1883496448,1946640384
findling-rss 1791198886,1443512320,321351680,18121808,1792716800,1946640384
findling-rss 1791198888,1514242048,321736704,18252384,1863069696,1946640384
findling-rss 1791198890,1535766528,321736704,18250848,1883451392,1946640384
findling-rss 1791198892,1535074304,321736704,18329480,1885134848,1946640384
findling-rss 1791198894,1441861632,321380352,18136808,1790283776,1946640384
findling-rss 1791198896,1533349888,321757184,18266192,1883598848,1946640384
findling-rss 1791198898,1478184960,321757184,18287648,1828208640,1946640384
findling-rss 1791198900,1534672896,321757184,18292704,1884618752,1946640384
findling-rss 1791198902,1443557376,321409024,18160016,1791823872,1946640384
findling-rss 1791198904,1534910464,321789952,18287384,1884848128,1946640384
findling-rss 1791198906,1530216448,321789952,18313400,1879924736,1946640384
findling-rss 1791198908,1385943040,321437696,18179928,1734963200,1946640384
findling-rss 1791198910,1385951232,321466368,18160944,1735024640,1946640384
findling-rss 1791198912,1533980672,321810432,18307168,1883684864,1946640384
findling-rss 1791198914,1533927424,321818624,18327544,1883398144,1946640384
findling-rss 1791198916,1443352576,321466368,18190024,1793474560,1946640384
findling-rss 1791198918,1505562624,321851392,18318624,1855205376,1946640384
findling-rss 1791198920,1539608576,321851392,18319696,1888481280,1946640384
findling-rss 1791198922,1533595648,321847296,18343504,1884270592,1946640384
findling-rss 1791198924,1443364864,321523712,18203456,1787961344,1946640384
findling-rss 1791198926,1525878784,321900544,18330912,1873743872,1946640384
findling-rss 1791198928,1431650304,321904640,18235184,1780183040,1946640384
findling-rss 1791198930,1535098880,321904640,18358976,1884938240,1946640384
findling-rss 1791198933,1443274752,321552384,18222152,1793372160,1946640384
findling-rss 1791198935,1534713856,321769472,18259488,1884176384,1946640384
findling-rss 1791198937,1466912768,321757184,18255768,1816440832,1946640384
findling-rss 1791198939,1537724416,321757184,18261400,1887903744,1946640384
findling-rss 1791198941,1443774464,321417216,18123704,1793011712,1946640384
findling-rss 1791198943,1534234624,321789952,18255008,1883807744,1946640384
findling-rss 1791198945,1514479616,321798144,18280808,1864212480,1946640384
findling-rss 1791198947,1534808064,321798144,18276528,1885212672,1946640384
findling-rss 1791198949,1443586048,321445888,18142440,1792069632,1946640384
findling-rss 1791198951,1534423040,321822720,18273352,1882710016,1946640384
findling-rss 1791198953,1534607360,321822720,18301168,1884651520,1946640384
findling-rss 1791198955,1386184704,321474560,18167088,1734852608,1946640384
findling-rss 1791198957,1438617600,321855488,18167208,1788805120,1946640384
findling-rss 1791198959,1535635456,321855488,18313792,1884901376,1946640384
findling-rss 1791198961,1534586880,321851392,18317520,1884737536,1946640384
findling-rss 1791198963,1443807232,321503232,18183800,1792626688,1946640384
findling-rss 1791198965,1514545152,321892352,18307864,1862074368,1946640384
findling-rss 1791198967,1535377408,321892352,18312368,1884069888,1946640384
findling-rss 1791198969,1523908608,323514368,18361032,1875771392,1946640384
findling-rss 1791198971,1478422528,321982464,18198176,1827573760,1946640384
findling-rss 1791198973,1514536960,322367488,18326984,1865572352,1946640384
findling-rss 1791198975,1540415488,322367488,18327488,1891127296,1946640384
findling-rss 1791198977,1539489792,322359296,18367776,1891467264,1946640384
findling-rss 1791198979,1443815424,322011136,18207096,1792958464,1946640384
findling-rss 1791198981,1534451712,322396160,18337816,1883467776,1946640384
findling-rss 1791198983,1438703616,322392064,18243864,1788727296,1946640384
findling-rss 1791198985,1536716800,322392064,18360272,1887662080,1946640384
findling-rss 1791198987,1443917824,322039808,18226784,1793925120,1946640384
findling-rss 1791198989,1534214144,322572288,18240920,1884753920,1946640384
findling-rss 1791198991,1490345984,322572288,18258816,1840893952,1946640384
findling-rss 1791198993,1548455936,322572288,18255712,1899872256,1946640384
findling-rss 1791198995,1537036288,322232320,18262168,1886220288,1946640384
findling-rss 1791198997,1443704832,321875968,18136376,1793220608,1946640384
findling-rss 1791198999,1514594304,322252800,18253864,1864208384,1946640384
findling-rss 1791199001,1534763008,322252800,18254744,1884094464,1946640384
findling-rss 1791199003,1535492096,322269184,18279936,1885224960,1946640384
findling-rss 1791199005,1443921920,321908736,18141240,1793269760,1946640384
findling-rss 1791199007,1533919232,322297856,18278624,1883934720,1946640384
findling-rss 1791199009,1420914688,323489792,18203472,1771741184,1946640384
findling-rss 1791199011,1518690304,323489792,18380208,1868951552,1946640384
findling-rss 1791199013,1478529024,321945600,18161024,1827971072,1946640384
findling-rss 1791199015,1534267392,322322432,18290528,1884217344,1946640384
findling-rss 1791199017,1479520256,322322432,18309632,1829916672,1946640384
findling-rss 1791199019,1534464000,322322432,18316400,1885855744,1946640384
findling-rss 1791199021,1443930112,321974272,18171792,1793527808,1946640384
findling-rss 1791199023,1534857216,322355200,18306752,1885642752,1946640384
findling-rss 1791199025,1534427136,322359296,18330632,1885184000,1946640384
findling-rss 1791199027,1386315776,322002944,18194784,1736503296,1946640384
findling-rss 1791199029,1426366464,322387968,18189952,1775353856,1946640384
findling-rss 1791199031,1535557632,322387968,18326296,1885732864,1946640384
findling-rss 1791199033,1534324736,322383872,18348328,1884962816,1946640384
findling-rss 1791199035,1442467840,322031616,18212072,1792724992,1946640384
findling-rss 1791199037,1491501056,322420736,18332032,1839284224,1946640384
findling-rss 1791199039,1536245760,322420736,18342944,1887281152,1946640384
findling-rss 1791199041,1540960256,324534272,18424224,1893302272,1946640384
findling-rss 1791199043,1541902336,324534272,18425824,1894846464,1946640384
findling-rss 1791199045,1448902656,324534272,18301120,1801601024,1946640384
findling-rss 1791199047,1545224192,324534272,18439968,1897713664,1946640384
findling-rss 1791199049,1544876032,324534272,18430584,1898082304,1946640384
findling-rss 1791199051,1526202368,324534272,18430280,1879408640,1946640384
findling-rss 1791199053,1546416128,324534272,18428560,1900138496,1946640384
findling-rss 1791199055,1547554816,324534272,18428976,1900519424,1946640384
findling-rss 1791199057,1548484608,324534272,18431296,1901535232,1946640384
findling-rss 1791199059,1388445696,322072576,18238912,1739423744,1946640384
findling-rss 1791199061,1505951744,322699264,18267776,1857060864,1946640384
findling-rss 1791199063,1538351104,322699264,18260424,1889730560,1946640384
findling-rss 1791199065,1535078400,322703360,18279472,1886117888,1946640384
findling-rss 1791199067,1296945152,322347008,17935472,1662992384,1946640384
findling-rss 1791199069,1355698176,322723840,18162856,1703755776,1946640384
findling-rss 1791199071,1470844928,322723840,18321856,1819975680,1946640384
findling-rss 1791199073,1505198080,322732032,18340880,1856520192,1946640384
findling-rss 1791199075,1385201664,322375680,18205632,1723736064,1946640384
findling-rss 1791199077,1485135872,322756608,18334584,1835458560,1946640384
findling-rss 1791199079,1508225024,322756608,18336688,1858936832,1946640384
findling-rss 1791199081,1505484800,322760704,18356312,1857146880,1946640384
findling-rss 1791199083,1413947392,322404352,18261600,1765097472,1946640384
findling-rss 1791199085,1492156416,322785280,18344912,1841098752,1946640384
findling-rss 1791199087,1389572096,322789376,18251512,1737887744,1946640384
findling-rss 1791199089,1507725312,322789376,18380400,1857523712,1946640384
findling-rss 1791199091,1357176832,322433024,18237344,1707257856,1946640384
findling-rss 1791199093,1504350208,322813952,18374088,1855668224,1946640384
findling-rss 1791199095,1416507392,322805760,18392720,1765068800,1946640384
findling-rss 1791199097,1505464320,322805760,18389104,1857323008,1946640384
findling-rss 1791199099,1427488768,322461696,18253024,1778491392,1946640384
findling-rss 1791199101,1520873472,322838528,18382248,1870520320,1946640384
findling-rss 1791199103,1498894336,322846720,18406408,1849798656,1946640384
findling-rss 1791199105,1518993408,322846720,18406120,1869979648,1946640384
findling-rss 1791199107,1370927104,322519040,18256256,1722019840,1946640384
findling-rss 1791199109,1519616000,322875392,18401648,1871011840,1946640384
findling-rss 1791199111,1581367296,322662400,18435664,1932472320,1946640384
findling-rss 1791199113,1416613888,322519040,18305552,1767768064,1946640384
findling-rss 1791199115,1424125952,379174912,19966216,1832976384,1946640384
findling-rss 1791199117,1521115136,322732032,18327928,1873403904,1946640384
findling-rss 1791199119,1520107520,322732032,18347424,1872130048,1946640384
findling-rss 1791199121,1429671936,322379776,18206768,1780101120,1946640384
findling-rss 1791199123,1500045312,322772992,18335056,1850445824,1946640384
findling-rss 1791199125,1524355072,322772992,18341320,1875668992,1946640384
findling-rss 1791199127,1522786304,322764800,18362352,1873068032,1946640384
findling-rss 1791199129,1428422656,322408448,18231592,1778618368,1946640384
findling-rss 1791199131,1519509504,322789376,18355816,1867735040,1946640384
findling-rss 1791199133,1406676992,323952640,18281200,1757958144,1946640384
findling-rss 1791199135,1503531008,323952640,18414600,1856421888,1946640384
findling-rss 1791199137,1406689280,322437120,18248200,1762172928,1946640384
findling-rss 1791199139,1520025600,322822144,18371856,1871298560,1946640384
findling-rss 1791199141,1500069888,322813952,18392144,1849950208,1946640384
findling-rss 1791199143,1524043776,322813952,18392744,1874739200,1946640384
findling-rss 1791199145,1394950144,322465792,18254232,1734942720,1946640384
findling-rss 1791199147,1522364416,322846720,18394040,1874010112,1946640384
findling-rss 1791199149,1500069888,322846720,18412872,1851482112,1946640384
findling-rss 1791199151,1372098560,322494464,18288128,1722253312,1946640384
findling-rss 1791199153,1372106752,322523136,18308584,1721851904,1946640384
findling-rss 1791199155,1520066560,322883584,18408560,1870630912,1946640384
findling-rss 1791199157,1520082944,322875392,18432664,1871126528,1946640384
findling-rss 1791199160,1429299200,322523136,18293776,1779597312,1946640384
findling-rss 1791199162,1451134976,322904064,18411872,1794605056,1946640384
findling-rss 1791199164,1519988736,322904064,18417928,1870909440,1946640384
findling-rss 1791199166,1519341568,322899968,18446600,1870671872,1946640384
findling-rss 1791199168,1428488192,322551808,18311944,1779499008,1946640384
findling-rss 1791199170,1500114944,322772992,18323456,1851506688,1946640384
findling-rss 1791199172,1527144448,322772992,18371808,1879375872,1946640384
findling-rss 1791199174,1519517696,322772992,18347240,1870811136,1946640384
findling-rss 1791199176,1429344256,322416640,18214584,1780465664,1946640384
findling-rss 1791199178,1519378432,322801664,18338640,1869615104,1946640384
findling-rss 1791199180,1424228352,322793472,18234800,1774043136,1946640384
findling-rss 1791199182,1520332800,322793472,18367224,1869713408,1946640384
findling-rss 1791199184,1429786624,322445312,18226984,1780486144,1946640384
findling-rss 1791199186,1519468544,322822144,18358144,1869987840,1946640384
findling-rss 1791199188,1491423232,322818048,18380208,1842384896,1946640384
findling-rss 1791199190,1519894528,322818048,18380688,1871327232,1946640384
findling-rss 1791199192,1429794816,322498560,18239560,1778659328,1946640384
findling-rss 1791199194,1520164864,322883584,18382424,1871196160,1946640384
findling-rss 1791199196,1519394816,322891776,18403056,1870028800,1946640384
findling-rss 1791199198,1428992000,322527232,18272720,1779527680,1946640384
findling-rss 1791199200,1372217344,322555904,18256472,1722134528,1946640384
findling-rss 1791199202,1519996928,322920448,18397944,1870245888,1946640384
findling-rss 1791199204,1519714304,322908160,18418432,1870983168,1946640384
findling-rss 1791199206,1429413888,322555904,18279336,1779458048,1946640384
findling-rss 1791199208,1453113344,322945024,18398536,1803476992,1946640384
findling-rss 1791199210,1522618368,322945024,18408536,1874505728,1946640384
findling-rss 1791199212,1520197632,322932736,18433984,1871388672,1946640384
findling-rss 1791199214,1372229632,322584576,18303520,1722724352,1946640384
findling-rss 1791199216,1500225536,324349952,18463536,1853145088,1946640384
findling-rss 1791199218,1520541696,324349952,18466056,1873551360,1946640384
findling-rss 1791199220,1532801024,324349952,18467888,1886232576,1946640384
findling-rss 1791199222,1530494976,324349952,18464656,1882165248,1946640384
findling-rss 1791199224,1477357568,324349952,18477440,1830461440,1946640384
findling-rss 1791199226,1532751872,324349952,18465672,1886048256,1946640384
findling-rss 1791199228,1537478656,324349952,18467008,1890275328,1946640384
findling-rss 1791199230,1519108096,322961408,18445872,1870168064,1946640384
findling-rss 1791199232,1411739648,322613248,18307840,1762562048,1946640384
findling-rss 1791199234,1424330752,379359232,19972160,1833062400,1946640384
findling-rss 1791199236,1520922624,322834432,18326432,1871384576,1946640384
findling-rss 1791199238,1519939584,322826240,18347784,1869885440,1946640384
findling-rss 1791199240,1390968832,322482176,18212848,1729146880,1946640384
findling-rss 1791199242,1501872128,322863104,18339912,1851600896,1946640384
findling-rss 1791199244,1525338112,322863104,18339280,1875939328,1946640384
findling-rss 1791199246,1521020928,322867200,18363200,1872343040,1946640384
findling-rss 1791199248,1429889024,322510848,18228040,1780490240,1946640384
findling-rss 1791199250,1500250112,322895872,18354368,1851404288,1946640384
findling-rss 1791199252,1372274688,322539520,18271560,1722589184,1946640384
findling-rss 1791199254,1522450432,322895872,18380968,1873174528,1946640384
findling-rss 1791199256,1429897216,322539520,18255064,1780690944,1946640384
findling-rss 1791199258,1520898048,322924544,18374512,1871392768,1946640384
findling-rss 1791199260,1466011648,322916352,18409800,1816420352,1946640384
findling-rss 1791199262,1522065408,322916352,18397304,1872977920,1946640384
findling-rss 1791199264,1428852736,322576384,18267592,1779011584,1946640384
findling-rss 1791199266,1520541696,322961408,18392712,1872244736,1946640384
findling-rss 1791199268,1516142592,322961408,18410368,1867079680,1946640384
findling-rss 1791199270,1372291072,322605056,18286864,1722765312,1946640384
findling-rss 1791199272,1372475392,322633728,18278680,1723088896,1946640384
findling-rss 1791199274,1522966528,322985984,18411168,1872871424,1946640384
findling-rss 1791199276,1519423488,322985984,18432480,1870311424,1946640384
findling-rss 1791199278,1427591168,322633728,18297360,1777917952,1946640384
findling-rss 1791199280,1424551936,323022848,18298664,1774465024,1946640384
findling-rss 1791199282,1521610752,323022848,18425840,1872633856,1946640384
findling-rss 1791199284,1520189440,323018752,18449152,1872179200,1946640384
findling-rss 1791199286,1429475328,322662400,18310512,1781297152,1946640384
findling-rss 1791199288,1474994176,322871296,18338664,1826758656,1946640384
findling-rss 1791199290,1523118080,322871296,18329848,1874845696,1946640384
findling-rss 1791199292,1521348608,322871296,18353472,1872379904,1946640384
findling-rss 1791199294,1430745088,322523136,18216584,1781829632,1946640384
findling-rss 1791199296,1501122560,322908160,18342352,1852416000,1946640384
findling-rss 1791199298,1373138944,322555904,18239272,1722724352,1946640384
findling-rss 1791199300,1520607232,322899968,18363112,1871499264,1946640384
findling-rss 1791199302,1429495808,322551808,18224840,1778966528,1946640384
findling-rss 1791199304,1521823744,322936832,18355080,1873375232,1946640384
findling-rss 1791199306,1464193024,322940928,18377512,1814433792,1946640384
findling-rss 1791199308,1521836032,322940928,18377712,1872654336,1946640384
findling-rss 1791199310,1430138880,322580480,18242448,1780400128,1946640384
findling-rss 1791199312,1521389568,322961408,18376192,1871802368,1946640384
findling-rss 1791199314,1501138944,322961408,18392120,1852317696,1946640384
findling-rss 1791199316,1521778688,322961408,18401088,1872965632,1946640384
findling-rss 1791199318,1430773760,322609152,18261152,1781243904,1946640384
findling-rss 1791199320,1520594944,322985984,18444624,1872097280,1946640384
findling-rss 1791199322,1520369664,322994176,18415008,1870344192,1946640384
findling-rss 1791199324,1426841600,322637824,18291344,1777586176,1946640384
findling-rss 1791199326,1406259200,323010560,18274360,1755009024,1946640384
findling-rss 1791199328,1520689152,323010560,18409304,1870815232,1946640384
findling-rss 1791199330,1521942528,323018752,18435304,1872912384,1946640384
findling-rss 1791199332,1373167616,322691072,18301408,1722847232,1946640384
findling-rss 1791199334,1501134848,323067904,18420648,1851805696,1946640384
findling-rss 1791199336,1521782784,323067904,18432312,1873551360,1946640384
findling-rss 1791199338,1523949568,323072000,18447696,1875132416,1946640384
findling-rss 1791199340,1429327872,322719744,18307896,1779339264,1946640384
findling-rss 1791199342,1520373760,322940928,18326208,1870655488,1946640384
findling-rss 1791199344,1425264640,322945024,18235448,1775489024,1946640384
findling-rss 1791199346,1526865920,322945024,18349264,1877848064,1946640384
findling-rss 1791199348,1430806528,322584576,18213296,1781223424,1946640384
findling-rss 1791199350,1520664576,322965504,18339840,1871843328,1946640384
findling-rss 1791199352,1466966016,322969600,18363216,1817837568,1946640384
findling-rss 1791199354,1521512448,322969600,18366840,1872363520,1946640384
findling-rss 1791199356,1430175744,322613248,18231040,1780637696,1946640384
findling-rss 1791199358,1526329344,323002368,18362072,1876406272,1946640384
findling-rss 1791199360,1504808960,324055040,18417808,1853743104,1946640384
findling-rss 1791199362,1435041792,324055040,18294840,1786032128,1946640384
findling-rss 1791199364,1531133952,324055040,18415648,1882480640,1946640384
findling-rss 1791199366,1532440576,324055040,18416536,1884958720,1946640384
findling-rss 1791199368,1513070592,324055040,18413440,1864990720,1946640384
findling-rss 1791199370,1525252096,324055040,18412080,1884700672,1946640384
findling-rss 1791199372,1431171072,322641920,18245632,1780805632,1946640384
findling-rss 1791199374,1524166656,323026944,18380384,1875353600,1946640384
findling-rss 1791199376,1518645248,323031040,18399648,1870270464,1946640384
findling-rss 1791199378,1430827008,322678784,18269248,1780121600,1946640384
findling-rss 1791199380,1373245440,322707456,18249520,1723158528,1946640384
findling-rss 1791199382,1520943104,323059712,18397832,1872048128,1946640384
findling-rss 1791199384,1520771072,323059712,18436176,1872760832,1946640384
findling-rss 1791199387,1430859776,322707456,18276784,1781841920,1946640384
findling-rss 1791199389,1453469696,323092480,18409904,1803939840,1946640384
findling-rss 1791199391,1521655808,323092480,18417968,1872056320,1946640384
findling-rss 1791199393,1521635328,323084288,18436304,1872080896,1946640384
findling-rss 1791199395,1430671360,322736128,18300848,1781420032,1946640384
findling-rss 1791199397,1501257728,323117056,18429968,1852813312,1946640384
findling-rss 1791199399,1521516544,323117056,18479440,1872769024,1946640384
findling-rss 1791199401,1522077696,323121152,18450240,1871941632,1946640384
findling-rss 1791199403,1405255680,322764800,18358752,1744683008,1946640384
findling-rss 1791199405,1522282496,322981888,18328328,1872441344,1946640384
findling-rss 1791199407,1436819456,324395008,18391864,1788637184,1946640384
findling-rss 1791199409,1521881088,324395008,18391520,1874345984,1946640384
findling-rss 1791199411,1532203008,324395008,18393376,1885368320,1946640384
findling-rss 1791199413,1530937344,324395008,18398544,1883926528,1946640384
findling-rss 1791199415,1435504640,324395008,18276592,1788125184,1946640384
findling-rss 1791199417,1536172032,324395008,18399632,1889026048,1946640384
findling-rss 1791199419,1532702720,324395008,18395736,1884835840,1946640384
findling-rss 1791199421,1424637952,322629632,18224992,1775648768,1946640384
findling-rss 1791199423,1501298688,323018752,18348400,1852637184,1946640384
findling-rss 1791199425,1495728128,323018752,18354680,1855455232,1946640384
findling-rss 1791199427,1521037312,323026944,18420144,1872637952,1946640384
findling-rss 1791199429,1430974464,322666496,18236216,1778823168,1946640384
findling-rss 1791199431,1522147328,327581696,18486136,1876848640,1946640384
findling-rss 1791199433,1467703296,327581696,18490392,1819828224,1946640384
findling-rss 1791199435,1530798080,327581696,18487768,1885872128,1946640384
findling-rss 1791199437,1530556416,327581696,18492696,1886846976,1946640384
findling-rss 1791199439,1531334656,327581696,18499136,1888149504,1946640384
findling-rss 1791199441,1465786368,327581696,18486024,1822384128,1946640384
findling-rss 1791199443,1533431808,327581696,18487768,1889751040,1946640384
findling-rss 1791199445,1533542400,327581696,18490296,1889538048,1946640384
findling-rss 1791199447,1533194240,327581696,18495064,1888735232,1946640384
findling-rss 1791199449,1413013504,327581696,18498624,1769152512,1946640384
findling-rss 1791199451,1481216000,327581696,18497368,1837727744,1946640384
findling-rss 1791199453,1480445952,327581696,18494872,1837363200,1946640384
findling-rss 1791199455,1522253824,327581696,18494904,1879220224,1946640384
findling-rss 1791199457,1438986240,327581696,18374232,1795440640,1946640384
findling-rss 1791199459,1539239936,327581696,18496576,1895489536,1946640384
findling-rss 1791199461,1535881216,327581696,18490112,1890365440,1946640384
findling-rss 1791199463,1520607232,327581696,18493984,1874640896,1946640384
findling-rss 1791199465,1441112064,327581696,18370536,1796591616,1946640384
findling-rss 1791199467,1538420736,327581696,18492088,1894879232,1946640384
findling-rss 1791199469,1524133888,323055616,18440312,1876389888,1946640384
findling-rss 1791199471,1430573056,322711552,18252592,1780932608,1946640384
findling-rss 1791199473,1460097024,323100672,18397168,1806479360,1946640384
findling-rss 1791199475,1521631232,323100672,18386880,1871536128,1946640384
findling-rss 1791199477,1522114560,323112960,18405872,1873502208,1946640384
findling-rss 1791199479,1430999040,322752512,18277136,1782259712,1946640384
findling-rss 1791199481,1501376512,323141632,18397880,1852448768,1946640384
findling-rss 1791199483,1526247424,323141632,18400984,1877225472,1946640384
findling-rss 1791199485,1520480256,323125248,18421608,1871077376,1946640384
findling-rss 1791199487,1390526464,322781184,18285520,1780269056,1946640384
findling-rss 1791199489,1501364224,323153920,18422248,1853317120,1946640384
findling-rss 1791199491,1400258560,323158016,18309224,1745489920,1946640384
findling-rss 1791199493,1522237440,323158016,18436064,1873485824,1946640384
findling-rss 1791199495,1431011328,322809856,18302664,1781780480,1946640384
findling-rss 1791199497,1525334016,323198976,18434352,1876303872,1946640384
findling-rss 1791199499,1465434112,325287936,18516424,1818132480,1946640384
findling-rss 1791199501,1527955456,325287936,18517472,1881346048,1946640384
findling-rss 1791199503,1532391424,325287936,18519984,1886191616,1946640384
findling-rss 1791199505,1531797504,325287936,18519768,1885741056,1946640384
findling-rss 1791199507,1464303616,325287936,18523944,1818308608,1946640384
findling-rss 1791199509,1533861888,325287936,18517688,1887371264,1946640384
findling-rss 1791199511,1533652992,325287936,18521336,1887633408,1946640384
findling-rss 1791199513,1533005824,325287936,18516624,1886322688,1946640384
findling-rss 1791199515,1437372416,325287936,18398248,1790455808,1946640384
findling-rss 1791199517,1482223616,325287936,18520336,1835401216,1946640384
findling-rss 1791199519,1442201600,323272704,18341368,1793875968,1946640384
findling-rss 1791199521,1521750016,323497984,18351000,1872281600,1946640384
findling-rss 1791199523,1501392896,323481600,18368992,1853706240,1946640384
findling-rss 1791199525,1521717248,323481600,18369192,1873096704,1946640384
findling-rss 1791199527,1430192128,323133440,18233448,1781608448,1946640384
findling-rss 1791199529,1521946624,323518464,18359816,1872896000,1946640384
findling-rss 1791199531,1520676864,323510272,18386784,1871818752,1946640384
findling-rss 1791199533,1373417472,323162112,18258232,1724047360,1946640384
findling-rss 1791199535,1425489920,323538944,18262744,1776324608,1946640384
findling-rss 1791199537,1521082368,323538944,18377008,1871966208,1946640384
findling-rss 1791199539,1521029120,323547136,18401008,1873014784,1946640384
findling-rss 1791199541,1428733952,323190784,18263696,1780576256,1946640384
findling-rss 1791199543,1501392896,323579904,18395904,1852866560,1946640384
findling-rss 1791199545,1522618368,323579904,18392032,1873674240,1946640384
findling-rss 1791199547,1521786880,323575808,18418280,1873215488,1946640384
findling-rss 1791199549,1430405120,323219456,18289472,1780908032,1946640384
findling-rss 1791199551,1521688576,325689344,18469432,1873776640,1946640384
findling-rss 1791199553,1468567552,325689344,18473664,1816797184,1946640384
findling-rss 1791199555,1531301888,325689344,18471832,1885442048,1946640384
findling-rss 1791199557,1531895808,325689344,18476072,1885880320,1946640384
findling-rss 1791199559,1532887040,325689344,18478128,1886875648,1946640384
findling-rss 1791199561,1469366272,325689344,18491424,1819410432,1946640384
findling-rss 1791199563,1533509632,325689344,18473936,1887199232,1946640384
findling-rss 1791199565,1533534208,325689344,18475296,1887641600,1946640384
findling-rss 1791199567,1479438336,325689344,18477096,1833603072,1946640384
findling-rss 1791199569,1425494016,323620864,18323448,1776910336,1946640384
findling-rss 1791199571,1521389568,323620864,18442152,1872695296,1946640384
findling-rss 1791199573,1430196224,323260416,18303440,1780936704,1946640384
findling-rss 1791199575,1521373184,323645440,18437672,1872486400,1946640384
findling-rss 1791199577,1501384704,323649536,18456976,1851785216,1946640384
findling-rss 1791199579,1521307648,323649536,18503800,1871953920,1946640384
findling-rss 1791199581,1429151744,323293184,18312488,1778442240,1946640384
findling-rss 1791199583,1521659904,323674112,18444952,1872748544,1946640384
findling-rss 1791199585,1520668672,323665920,18466360,1871605760,1946640384
findling-rss 1791199587,1373421568,323321856,18331240,1724243968,1946640384
findling-rss 1791199589,1405992960,383791104,20100696,1817833472,1946640384
findling-rss 1791199591,1521860608,327028736,18444856,1876721664,1946640384
findling-rss 1791199593,1530994688,327028736,18442496,1886023680,1946640384
findling-rss 1791199595,1512210432,327028736,18443360,1867538432,1946640384
findling-rss 1791199597,1436450816,327028736,18384904,1791954944,1946640384
findling-rss 1791199599,1532682240,327028736,18442520,1888194560,1946640384
findling-rss 1791199601,1533140992,327028736,18437224,1888776192,1946640384
findling-rss 1791199603,1513283584,327028736,18436864,1868783616,1946640384
findling-rss 1791199605,1533579264,327028736,18474368,1888591872,1946640384
findling-rss 1791199607,1480536064,327028736,18441416,1836240896,1946640384
findling-rss 1791199609,1480671232,327028736,18443016,1836204032,1946640384
findling-rss 1791199611,1469243392,327028736,18445952,1823866880,1946640384
findling-rss 1791199614,1525088256,327028736,18442496,1880293376,1946640384
findling-rss 1791199616,1534291968,327028736,18456360,1890258944,1946640384
findling-rss 1791199618,1534918656,327028736,18443192,1890893824,1946640384
findling-rss 1791199620,1436864512,323551232,18370088,1788162048,1946640384
findling-rss 1791199622,1521524736,323551232,18368280,1872388096,1946640384
findling-rss 1791199624,1431040000,323194880,18237208,1781796864,1946640384
findling-rss 1791199626,1523142656,323579904,18364552,1874776064,1946640384
findling-rss 1791199628,1501421568,323592192,18392536,1852977152,1946640384
findling-rss 1791199630,1522511872,323592192,18395344,1873989632,1946640384
findling-rss 1791199632,1431040000,323231744,18257040,1781948416,1946640384
findling-rss 1791199634,1584259072,323399680,18432568,1936048128,1946640384
findling-rss 1791199636,1501417472,323612672,18403528,1853390848,1946640384
findling-rss 1791199638,1521758208,323612672,18407600,1873821696,1946640384
findling-rss 1791199640,1373433856,323289088,18257384,1723678720,1946640384
findling-rss 1791199642,1522016256,323641344,18400592,1871372288,1946640384
findling-rss 1791199644,1520832512,323645440,18421328,1872539648,1946640384
findling-rss 1791199646,1430704128,323289088,18279736,1781878784,1946640384
findling-rss 1791199648,1448820736,323670016,18407392,1804513280,1946640384
findling-rss 1791199650,1521909760,323670016,18413000,1873367040,1946640384
findling-rss 1791199652,1521790976,323670016,18435328,1872818176,1946640384
findling-rss 1791199654,1430286336,323317760,18302408,1781194752,1946640384
findling-rss 1791199656,1501478912,323690496,18427576,1853140992,1946640384
findling-rss 1791199658,1522278400,323690496,18505872,1873457152,1946640384
findling-rss 1791199660,1521430528,323702784,18453568,1873256448,1946640384
findling-rss 1791199662,1430089728,323346432,18316736,1781829632,1946640384
findling-rss 1791199664,1522077696,323735552,18448632,1873715200,1946640384
findling-rss 1791199666,1424912384,323723264,18351120,1775484928,1946640384
findling-rss 1791199668,1522307072,323723264,18471216,1873592320,1946640384
findling-rss 1791199670,1430720512,323375104,18335664,1780850688,1946640384
findling-rss 1791199672,1522253824,323563520,18346256,1872523264,1946640384
findling-rss 1791199674,1451167744,324747264,18400008,1803608064,1946640384
findling-rss 1791199676,1505853440,324747264,18408728,1858854912,1946640384
findling-rss 1791199678,1421787136,323211264,18241272,1764376576,1946640384
findling-rss 1791199680,1521729536,323588096,18374464,1872896000,1946640384
findling-rss 1791199682,1501507584,323596288,18392272,1852121088,1946640384
findling-rss 1791199684,1526054912,323596288,18389832,1877200896,1946640384
findling-rss 1791199686,1430753280,323239936,18254000,1781874688,1946640384
findling-rss 1791199688,1504251904,323592192,18379312,1854681088,1946640384
findling-rss 1791199690,1520816128,323629056,18406696,1872453632,1946640384
findling-rss 1791199692,1392934912,323284992,18275072,1731481600,1946640384
findling-rss 1791199694,1373560832,323313664,18256664,1723621376,1946640384
findling-rss 1791199696,1522556928,323674112,18400768,1873416192,1946640384
findling-rss 1791199698,1524371456,323665920,18421368,1875787776,1946640384
findling-rss 1791199700,1373564928,323313664,18281960,1724469248,1946640384
findling-rss 1791199702,1426984960,323690496,18393016,1777070080,1946640384
findling-rss 1791199704,1526235136,323690496,18430640,1878192128,1946640384
findling-rss 1791199706,1521324032,323690496,18436976,1873219584,1946640384
findling-rss 1791199708,1429299200,323342336,18302744,1779339264,1946640384
findling-rss 1791199710,1462046720,323727360,18442488,1810190336,1946640384
findling-rss 1791199712,1528139776,323727360,18433208,1879019520,1946640384
findling-rss 1791199714,1528082432,323719168,18454688,1880006656,1946640384
findling-rss 1791199716,1373675520,323371008,18316432,1724387328,1946640384
findling-rss 1791199718,1501638656,323751936,18449976,1853460480,1946640384
findling-rss 1791199720,1526075392,323751936,18455720,1878896640,1946640384
findling-rss 1791199722,1520873472,323747840,18519720,1873256448,1946640384
findling-rss 1791199724,1430867968,323399680,18339088,1782501376,1946640384
findling-rss 1791199726,1521704960,323608576,18348392,1872781312,1946640384
findling-rss 1791199728,1425752064,323608576,18248720,1777115136,1946640384
findling-rss 1791199730,1521811456,323608576,18372360,1874235392,1946640384
findling-rss 1791199732,1428996096,323256320,18235024,1779675136,1946640384
findling-rss 1791199734,1522049024,323633152,18371176,1873592320,1946640384
findling-rss 1791199736,1483988992,323964928,18391488,1835900928,1946640384
findling-rss 1791199738,1511796736,323964928,18390200,1863843840,1946640384
findling-rss 1791199740,1463197696,323604480,18251680,1814573056,1946640384
findling-rss 1791199742,1521913856,323985408,18386048,1873129472,1946640384
findling-rss 1791199744,1520594944,324329472,18418560,1872474112,1946640384
findling-rss 1791199746,1444511744,324329472,18419528,1796583424,1946640384
findling-rss 1791199748,1531981824,324329472,18417360,1883824128,1946640384
findling-rss 1791199750,1429835776,323633152,18263040,1780547584,1946640384
findling-rss 1791199752,1523400704,324014080,18401584,1874944000,1946640384
findling-rss 1791199754,1501646848,324018176,18421984,1852850176,1946640384
findling-rss 1791199756,1521610752,324018176,18422896,1873883136,1946640384
findling-rss 1791199758,1430880256,323665920,18287160,1781665792,1946640384
findling-rss 1791199760,1527156736,324050944,18418848,1878614016,1946640384
findling-rss 1791199762,1511182336,324042752,18436440,1859551232,1946640384
findling-rss 1791199764,1373687808,323694592,18316192,1724502016,1946640384
findling-rss 1791199766,1373687808,323723264,18304576,1724542976,1946640384
findling-rss 1791199768,1522712576,324079616,18431512,1874608128,1946640384
findling-rss 1791199770,1523474432,324075520,18454432,1875578880,1946640384
findling-rss 1791199772,1373687808,323723264,18327688,1725698048,1946640384
findling-rss 1791199774,1425764352,331096064,18514408,1784926208,1946640384
findling-rss 1791199776,1521725440,331096064,18639184,1881714688,1946640384
findling-rss 1791199778,1531338752,331096064,18640320,1890705408,1946640384
findling-rss 1791199780,1523355648,331096064,18642608,1882005504,1946640384
findling-rss 1791199782,1437655040,331096064,18522208,1797357568,1946640384
findling-rss 1791199784,1533231104,331096064,18642576,1893306368,1946640384
findling-rss 1791199786,1533669376,331096064,18641936,1893662720,1946640384
findling-rss 1791199788,1513553920,331096064,18643520,1873453056,1946640384
findling-rss 1791199790,1533693952,331096064,18643080,1893638144,1946640384
findling-rss 1791199792,1480695808,331096064,18653952,1839329280,1946640384
findling-rss 1791199794,1480732672,331096064,18640792,1839546368,1946640384
findling-rss 1791199796,1505198080,331096064,18647080,1864642560,1946640384
findling-rss 1791199798,1527001088,331096064,18649440,1886507008,1946640384
findling-rss 1791199800,1535823872,331096064,18646248,1896267776,1946640384
findling-rss 1791199802,1536040960,331096064,18641648,1895792640,1946640384
findling-rss 1791199804,1480224768,331096064,18651032,1839890432,1946640384
findling-rss 1791199806,1535909888,331096064,18644848,1895792640,1946640384
findling-rss 1791199808,1536315392,331096064,18648400,1895944192,1946640384
findling-rss 1791199810,1537085440,331096064,18647920,1895849984,1946640384
findling-rss 1791199812,1477324800,331096064,18642736,1834659840,1946640384
findling-rss 1791199814,1542189056,331096064,18644528,1900752896,1946640384
findling-rss 1791199816,1537576960,331096064,18645056,1896943616,1946640384
findling-rss 1791199818,1536716800,331096064,18645472,1896378368,1946640384
findling-rss 1791199820,1443094528,331096064,18637064,1801797632,1946640384
findling-rss 1791199822,1537318912,331096064,18642560,1895497728,1946640384
findling-rss 1791199824,1485316096,331096064,18643936,1843421184,1946640384
findling-rss 1791199826,1482051584,331096064,18646168,1841221632,1946640384
findling-rss 1791199828,1434918912,331096064,18520144,1793826816,1946640384
findling-rss 1791199830,1529626624,331096064,18643640,1889607680,1946640384
findling-rss 1791199832,1472471040,324132864,18474648,1825300480,1946640384
findling-rss 1791199834,1434349568,323776512,18344464,1786679296,1946640384
findling-rss 1791199836,1452638208,324005888,18346536,1804898304,1946640384
findling-rss 1791199838,1473331200,324005888,18350672,1825464320,1946640384
findling-rss 1791199841,1473179648,324001792,18374624,1825878016,1946640384
findling-rss 1791199843,1433513984,323649536,18236480,1785397248,1946640384
findling-rss 1791199845,1470046208,324030464,18368688,1822105600,1946640384
findling-rss 1791199847,1409323008,324022272,18268272,1759248384,1946640384
findling-rss 1791199849,1477738496,324022272,18391288,1830060032,1946640384
findling-rss 1791199851,1434353664,323678208,18258496,1785225216,1946640384
findling-rss 1791199853,1472868352,324063232,18384232,1824608256,1946640384
findling-rss 1791199855,1403670528,324063232,18406912,1756360704,1946640384
findling-rss 1791199857,1473249280,324063232,18412088,1825583104,1946640384
findling-rss 1791199859,1394712576,323706880,18271104,1785745408,1946640384
findling-rss 1791199861,1473716224,324091904,18437648,1826398208,1946640384
findling-rss 1791199863,1452625920,324083712,18429360,1805889536,1946640384
findling-rss 1791199865,1434353664,323735552,18305952,1786515456,1946640384
findling-rss 1791199867,1376739328,323764224,18278008,1728458752,1946640384
findling-rss 1791199869,1477722112,324108288,18425568,1830293504,1946640384
findling-rss 1791199871,1472065536,324112384,18448304,1825333248,1946640384
findling-rss 1791199873,1376739328,323764224,18322504,1728843776,1946640384
findling-rss 1791199875,1428811776,324161536,18313328,1780441088,1946640384
findling-rss 1791199877,1472393216,324161536,18435952,1824337920,1946640384
findling-rss 1791199879,1472200704,324165632,18464728,1824505856,1946640384
findling-rss 1791199881,1432518656,323809280,18325888,1784451072,1946640384
findling-rss 1791199883,1452662784,324182016,18448192,1804541952,1946640384
findling-rss 1791199885,1477709824,324182016,18454248,1830219776,1946640384
findling-rss 1791199887,1472835584,324186112,18477832,1825579008,1946640384
findling-rss 1791199889,1376964608,323837952,18346512,1729699840,1946640384
findling-rss 1791199891,1452896256,324067328,18353824,1804898304,1946640384
findling-rss 1791199893,1479102464,324067328,18357832,1831686144,1946640384
findling-rss 1791199895,1512841216,324042752,18421344,1863184384,1946640384
findling-rss 1791199897,1466687488,323706880,18233888,1816322048,1946640384
findling-rss 1791199899,1472483328,324091904,18371600,1824358400,1946640384
findling-rss 1791199901,1404067840,324075520,18388392,1754497024,1946640384
findling-rss 1791199903,1472618496,324075520,18390240,1824210944,1946640384
findling-rss 1791199905,1434750976,323735552,18251744,1786064896,1946640384
findling-rss 1791199907,1472815104,324112384,18386376,1824817152,1946640384
findling-rss 1791199909,1487446016,324128768,18411960,1840111616,1946640384
findling-rss 1791199911,1411756032,323764224,18295168,1764634624,1946640384
findling-rss 1791199913,1411756032,323792896,18282800,1763069952,1946640384
findling-rss 1791199915,1472929792,324136960,18402104,1824931840,1946640384
findling-rss 1791199917,1474039808,324145152,18441592,1826385920,1946640384
findling-rss 1791199919,1377148928,323792896,18298744,1728720896,1946640384
findling-rss 1791199921,1429217280,324173824,18293048,1780826112,1946640384
findling-rss 1791199923,1473564672,324173824,18428232,1826381824,1946640384
findling-rss 1791199925,1478348800,324186112,18444040,1830334464,1946640384
findling-rss 1791199927,1434550272,323821568,18308208,1785876480,1946640384
findling-rss 1791199929,1416867840,324210688,18435528,1768669184,1946640384
findling-rss 1791199931,1478205440,324210688,18440240,1830428672,1946640384
findling-rss 1791199933,1472659456,324198400,18460960,1825411072,1946640384
findling-rss 1791199935,1434554368,323850240,18324792,1785913344,1946640384
findling-rss 1791199937,1453068288,324227072,18451176,1804730368,1946640384
findling-rss 1791199939,1478111232,324227072,18457144,1830072320,1946640384
findling-rss 1791199941,1473126400,324227072,18477136,1825320960,1946640384
findling-rss 1791199943,1434775552,323878912,18339976,1787162624,1946640384
findling-rss 1791199945,1497976832,325263360,18388152,1850015744,1946640384
findling-rss 1791199947,1515364352,325263360,18385128,1867722752,1946640384
findling-rss 1791199949,1472679936,324087808,18377896,1824808960,1946640384
findling-rss 1791199951,1433309184,323735552,18239856,1784950784,1946640384
findling-rss 1791199953,1472450560,324112384,18365672,1823830016,1946640384
findling-rss 1791199955,1429241856,324108288,18268336,1780842496,1946640384
findling-rss 1791199957,1472450560,324108288,18394536,1823514624,1946640384
findling-rss 1791199959,1433321472,323764224,18253376,1784164352,1946640384
findling-rss 1791199961,1475493888,324149248,18389768,1829539840,1946640384
findling-rss 1791199963,1453088768,328331264,18523984,1810333696,1946640384
findling-rss 1791199965,1473433600,328331264,18531192,1829556224,1946640384
findling-rss 1791199967,1472774144,328331264,18529920,1829445632,1946640384
findling-rss 1791199969,1524375552,328331264,18540576,1880305664,1946640384
findling-rss 1791199971,1426968576,328331264,18522352,1782956032,1946640384
findling-rss 1791199973,1477197824,328331264,18524792,1833611264,1946640384
findling-rss 1791199975,1530249216,328331264,18521776,1886941184,1946640384
findling-rss 1791199977,1533968384,328331264,18524864,1891921920,1946640384
findling-rss 1791199979,1440083968,328331264,18402416,1796833280,1946640384
findling-rss 1791199981,1537265664,328331264,18527824,1894629376,1946640384
findling-rss 1791199983,1536704512,328331264,18522672,1893560320,1946640384
findling-rss 1791199985,1517047808,328331264,18526616,1874104320,1946640384
findling-rss 1791199987,1541799936,328331264,18524024,1898209280,1946640384
findling-rss 1791199989,1537310720,328331264,18522272,1894019072,1946640384
findling-rss 1791199991,1536942080,328331264,18522656,1893707776,1946640384
findling-rss 1791199993,1508343808,328331264,18529304,1865752576,1946640384
findling-rss 1791199995,1537511424,328331264,18522808,1894350848,1946640384
findling-rss 1791199997,1537581056,328331264,18521808,1893961728,1946640384
findling-rss 1791199999,1435078656,323809280,18271080,1787056128,1946640384
findling-rss 1791200001,1472974848,324198400,18404960,1824935936,1946640384
findling-rss 1791200003,1429262336,324202496,18305216,1780969472,1946640384
findling-rss 1791200005,1472831488,324202496,18469664,1824948224,1946640384
findling-rss 1791200007,1435238400,323842048,18292288,1787064320,1946640384
findling-rss 1791200009,1473564672,324222976,18421080,1825267712,1946640384
findling-rss 1791200011,1453498368,324214784,18439488,1805443072,1946640384
findling-rss 1791200013,1473060864,324214784,18447848,1826263040,1946640384
findling-rss 1791200015,1435238400,323870720,18309032,1787109376,1946640384
findling-rss 1791200017,1473634304,324251648,18438560,1826095104,1946640384
findling-rss 1791200019,1472786432,324251648,18457096,1824960512,1946640384
findling-rss 1791200021,1425764352,323899392,18321232,1777762304,1946640384
findling-rss 1791200023,1431134208,324685824,18336368,1782857728,1946640384
findling-rss 1791200025,1474039808,324685824,18468984,1827565568,1946640384
findling-rss 1791200027,1473200128,324681728,18492808,1826275328,1946640384
findling-rss 1791200029,1435250688,324337664,18350120,1787387904,1946640384
findling-rss 1791200031,1453551616,324562944,18366288,1805443072,1946640384
findling-rss 1791200033,1474236416,324562944,18366456,1825800192,1946640384
findling-rss 1791200035,1473789952,324558848,18391384,1825746944,1946640384
findling-rss 1791200037,1394180096,324206592,18255976,1734336512,1946640384
findling-rss 1791200039,1473167360,324599808,18390032,1825251328,1946640384
findling-rss 1791200041,1429712896,324579328,18286248,1781542912,1946640384
findling-rss 1791200043,1475112960,324579328,18412880,1828478976,1946640384
findling-rss 1791200045,1435262976,324235264,18272688,1788186624,1946640384
findling-rss 1791200047,1473060864,324616192,18403272,1825374208,1946640384
findling-rss 1791200049,1453551616,324620288,18428136,1807097856,1946640384
findling-rss 1791200051,1474740224,324620288,18427144,1827520512,1946640384
findling-rss 1791200053,1370775552,324263936,18093200,1723428864,1946640384
findling-rss 1791200055,1487413248,324653056,18490264,1840156672,1946640384
findling-rss 1791200057,1425408000,324644864,18392720,1778176000,1946640384
findling-rss 1791200059,1521975296,324644864,18513192,1875476480,1946640384
findling-rss 1791200061,1429909504,324292608,18370816,1781059584,1946640384
findling-rss 1791200063,1521520640,324665344,18504904,1874587648,1946640384
findling-rss 1791200066,1501315072,324673536,18522528,1854234624,1946640384
findling-rss 1791200068,1522835456,324673536,18525000,1875873792,1946640384
findling-rss 1791200070,1429073920,324321280,18388376,1780867072,1946640384
findling-rss 1791200072,1521557504,324698112,18527840,1873960960,1946640384
findling-rss 1791200074,1521225728,324702208,18541072,1873649664,1946640384
findling-rss 1791200076,1413177344,324349952,18431760,1768767488,1946640384
findling-rss 1791200078,1425420288,324734976,18402744,1777451008,1946640384
findling-rss 1791200080,1521397760,324734976,18540024,1873707008,1946640384
findling-rss 1791200082,1522536448,324726784,18562496,1875443712,1946640384
findling-rss 1791200084,1429712896,324378624,18435680,1782005760,1946640384
findling-rss 1791200086,1478758400,324591616,18430736,1827282944,1946640384
findling-rss 1791200088,1528479744,324591616,18436680,1880489984,1946640384
findling-rss 1791200090,1520992256,324591616,18458792,1872658432,1946640384
findling-rss 1791200092,1429716992,324239360,18321640,1780559872,1946640384
findling-rss 1791200094,1521004544,324624384,18469192,1872207872,1946640384
findling-rss 1791200096,1425432576,324632576,18357392,1777184768,1946640384
findling-rss 1791200098,1521672192,324632576,18489288,1874612224,1946640384
findling-rss 1791200100,1430994944,324268032,18339824,1783590912,1946640384
findling-rss 1791200102,1523859456,324653056,18473864,1875779584,1946640384
findling-rss 1791200104,1501364224,326393856,18540416,1855827968,1946640384
findling-rss 1791200106,1521954816,326393856,18545624,1875599360,1946640384
findling-rss 1791200108,1530998784,326393856,18541024,1886253056,1946640384
findling-rss 1791200110,1531817984,326393856,18544896,1887211520,1946640384
findling-rss 1791200112,1514627072,326393856,18540440,1869107200,1946640384
findling-rss 1791200114,1533833216,326393856,18543128,1888825344,1946640384
findling-rss 1791200116,1534066688,326393856,18541368,1889288192,1946640384
findling-rss 1791200118,1533390848,326393856,18539016,1888292864,1946640384
findling-rss 1791200120,1430306816,324308992,18357768,1783132160,1946640384
findling-rss 1791200122,1425469440,324694016,18352832,1775214592,1946640384
findling-rss 1791200124,1521569792,324694016,18486608,1873612800,1946640384
findling-rss 1791200126,1521098752,324689920,18508576,1873776640,1946640384
findling-rss 1791200128,1380184064,324337664,18373904,1728094208,1946640384
findling-rss 1791200130,1436311552,324730880,18567960,1781800960,1946640384
findling-rss 1791200132,1509380096,324730880,18525680,1862017024,1946640384
findling-rss 1791200134,1522913280,324722688,18547984,1874829312,1946640384
findling-rss 1791200136,1421021184,324366336,18413088,1762336768,1946640384
findling-rss 1791200138,1502507008,324747264,18543320,1855496192,1946640384
findling-rss 1791200140,1522610176,324747264,18549136,1876135936,1946640384
findling-rss 1791200142,1523036160,324743168,18568280,1876230144,1946640384
findling-rss 1791200144,1431728128,324395008,18434752,1784225792,1946640384
findling-rss 1791200146,1522446336,324780032,18562120,1875300352,1946640384
findling-rss 1791200148,1427984384,324775936,18562312,1779798016,1946640384
findling-rss 1791200150,1523118080,324775936,18579592,1876963328,1946640384
findling-rss 1791200152,1431969792,324423680,18440488,1783627776,1946640384
findling-rss 1791200154,1525551104,324640768,18459320,1878265856,1946640384
findling-rss 1791200156,1502552064,324640768,18480368,1854947328,1946640384
findling-rss 1791200158,1529401344,324640768,18484256,1882460160,1946640384
findling-rss 1791200160,1431347200,324284416,18345712,1784123392,1946640384
findling-rss 1791200162,1523195904,324665344,18472784,1875894272,1946640384
findling-rss 1791200164,1521479680,324665344,18500984,1874919424,1946640384
findling-rss 1791200166,1431351296,324313088,18368392,1783406592,1946640384
findling-rss 1791200168,1374576640,324366336,18372904,1725390848,1946640384
findling-rss 1791200170,1505726464,324698112,18493704,1857769472,1946640384
findling-rss 1791200172,1522946048,324718592,18518592,1875562496,1946640384
findling-rss 1791200174,1383198720,324366336,18383336,1730117632,1946640384
findling-rss 1791200176,1437974528,324759552,18510424,1790566400,1946640384
findling-rss 1791200178,1525100544,324759552,18513232,1878523904,1946640384
findling-rss 1791200180,1522733056,324747264,18538616,1876238336,1946640384
findling-rss 1791200182,1434062848,324395008,18463224,1785221120,1946640384
findling-rss 1791200184,1502564352,324771840,18523712,1855389696,1946640384
findling-rss 1791200186,1524178944,324771840,18525656,1877340160,1946640384
findling-rss 1791200188,1523167232,324780032,18549552,1875820544,1946640384
findling-rss 1791200190,1432215552,324423680,18415944,1785188352,1946640384
findling-rss 1791200192,1521430528,324808704,18540768,1874677760,1946640384
findling-rss 1791200194,1426677760,326201344,18479496,1781215232,1946640384
findling-rss 1791200196,1523167232,326201344,18604280,1877688320,1946640384
findling-rss 1791200198,1536241664,326201344,18602528,1890934784,1946640384
findling-rss 1791200200,1513414656,326201344,18600184,1868361728,1946640384
findling-rss 1791200202,1437659136,326201344,18488200,1791873024,1946640384
findling-rss 1791200204,1535918080,326201344,18604008,1890693120,1946640384
findling-rss 1791200206,1534910464,326201344,18604016,1889128448,1946640384
findling-rss 1791200208,1431449600,324452352,18432312,1784127488,1946640384
findling-rss 1791200210,1476460544,326594560,18608872,1830612992,1946640384
findling-rss 1791200212,1522716672,326594560,18613728,1876422656,1946640384
findling-rss 1791200214,1531731968,326594560,18613088,1887186944,1946640384
findling-rss 1791200216,1533038592,326594560,18612208,1887195136,1946640384
findling-rss 1791200218,1477591040,326594560,18610792,1832906752,1946640384
findling-rss 1791200220,1536020480,326594560,18608848,1890492416,1946640384
findling-rss 1791200222,1538109440,326594560,18611576,1893052416,1946640384
findling-rss 1791200224,1533698048,326594560,18612464,1888583680,1946640384
findling-rss 1791200226,1426681856,326246400,18497880,1780256768,1946640384
findling-rss 1791200228,1523068928,326246400,18617376,1877159936,1946640384
findling-rss 1791200230,1532133376,326246400,18625968,1885605888,1946640384
findling-rss 1791200232,1513414656,326246400,18623472,1867264000,1946640384
findling-rss 1791200234,1438576640,326246400,18505824,1792880640,1946640384
findling-rss 1791200236,1535565824,326246400,18626416,1890516992,1946640384
findling-rss 1791200238,1534287872,326246400,18623128,1889296384,1946640384
findling-rss 1791200240,1432948736,324497408,18446136,1785827328,1946640384
findling-rss 1791200242,1466068992,381878272,20237976,1877008384,1946640384
findling-rss 1791200244,1522757632,324714496,18460632,1874505728,1946640384
findling-rss 1791200246,1522626560,325062656,18495344,1875349504,1946640384
findling-rss 1791200248,1531510784,325062656,18491624,1884221440,1946640384
findling-rss 1791200250,1374642176,324366336,18351672,1726427136,1946640384
findling-rss 1791200252,1401196544,324755456,18364008,1749032960,1946640384
findling-rss 1791200254,1524432896,324755456,18481136,1878097920,1946640384
findling-rss 1791200256,1522368512,324751360,18507984,1875238912,1946640384
findling-rss 1791200258,1431425024,324399104,18368632,1784000512,1946640384
findling-rss 1791200260,1453654016,324780032,18502752,1806049280,1946640384
findling-rss 1791200262,1522663424,324780032,18498896,1875456000,1946640384
findling-rss 1791200264,1522192384,324775936,18526072,1874907136,1946640384
findling-rss 1791200266,1385136128,324427776,18384144,1732792320,1946640384
findling-rss 1791200268,1512091648,324804608,18518576,1863561216,1946640384
findling-rss 1791200270,1420476416,324808704,18431200,1772515328,1946640384
findling-rss 1791200272,1521672192,324808704,18530544,1873305600,1946640384
findling-rss 1791200274,1374666752,324456448,18398600,1727877120,1946640384
findling-rss 1791200276,1522085888,324841472,18526960,1875197952,1946640384
findling-rss 1791200278,1494200320,324837376,18552296,1846611968,1946640384
findling-rss 1791200280,1526575104,324837376,18553440,1879367680,1946640384
findling-rss 1791200282,1432289280,324485120,18412744,1784930304,1946640384
findling-rss 1791200284,1522872320,324870144,18543272,1876070400,1946640384
findling-rss 1791200286,1522114560,324874240,18565272,1875259392,1946640384
findling-rss 1791200288,1424556032,324513792,18428224,1777082368,1946640384
findling-rss 1791200290,1374687232,324542464,18419576,1726816256,1946640384
findling-rss 1791200293,1522581504,324902912,18560632,1875267584,1946640384
findling-rss 1791200295,1522720768,324894720,18581944,1876144128,1946640384
findling-rss 1791200297,1432305664,324542464,18455112,1784852480,1946640384
findling-rss 1791200299,1454657536,381952000,20243992,1865113600,1946640384
findling-rss 1791200301,1523142656,324755456,18460408,1875283968,1946640384
findling-rss 1791200303,1522704384,325464064,18501296,1875517440,1946640384
findling-rss 1791200305,1531961344,325464064,18504432,1885417472,1946640384
findling-rss 1791200307,1437609984,325464064,18378472,1791234048,1946640384
findling-rss 1791200309,1534287872,325464064,18498248,1888227328,1946640384
findling-rss 1791200311,1432096768,324403200,18344832,1784274944,1946640384
findling-rss 1791200313,1528369152,324788224,18478688,1880219648,1946640384
findling-rss 1791200315,1464406016,324788224,18510944,1817288704,1946640384
findling-rss 1791200317,1525575680,324788224,18512400,1878843392,1946640384
findling-rss 1791200319,1433292800,324435968,18366016,1785606144,1946640384
findling-rss 1791200321,1523875840,324816896,18502752,1877127168,1946640384
findling-rss 1791200323,1503666176,324820992,18525304,1856356352,1946640384
findling-rss 1791200325,1497702400,324820992,18542840,1851158528,1946640384
findling-rss 1791200327,1375686656,324493312,18402448,1727528960,1946640384
findling-rss 1791200329,1531052032,324845568,18515856,1882857472,1946640384
findling-rss 1791200331,1523240960,324845568,18541040,1875660800,1946640384
findling-rss 1791200333,1425960960,324493312,18407848,1778499584,1946640384
findling-rss 1791200335,1427763200,324886528,18400152,1780674560,1946640384
findling-rss 1791200337,1523798016,324886528,18532312,1877274624,1946640384
findling-rss 1791200339,1523290112,324886528,18553208,1876451328,1946640384
findling-rss 1791200341,1433313280,324538368,18417864,1785602048,1946640384
findling-rss 1791200343,1505300480,324919296,18542728,1857527808,1946640384
findling-rss 1791200345,1523445760,324919296,18548016,1876975616,1946640384
findling-rss 1791200347,1523462144,324919296,18571592,1877258240,1946640384
findling-rss 1791200349,1432055808,324567040,18432264,1784541184,1946640384
findling-rss 1791200351,1522966528,324943872,18568376,1876398080,1946640384
findling-rss 1791200353,1454714880,324956160,18591976,1799774208,1946640384
findling-rss 1791200355,1524408320,324956160,18590168,1877213184,1946640384
findling-rss 1791200357,1432485888,324595712,18453008,1785135104,1946640384
findling-rss 1791200359,1524236288,324780032,18469464,1876758528,1946640384
findling-rss 1791200361,1503678464,324788224,18536736,1857900544,1946640384
findling-rss 1791200363,1523957760,324788224,18486728,1875144704,1946640384
findling-rss 1791200365,1432698880,324435968,18350120,1784807424,1946640384
findling-rss 1791200367,1523269632,324808704,18480952,1877127168,1946640384
findling-rss 1791200369,1524027392,324816896,18503304,1876717568,1946640384
findling-rss 1791200371,1425403904,324464640,18371048,1777827840,1946640384
findling-rss 1791200373,1424138240,324878336,18380872,1775521792,1946640384
findling-rss 1791200375,1523445760,324878336,18514952,1876389888,1946640384
findling-rss 1791200377,1524482048,325578752,18557520,1878904832,1946640384
findling-rss 1791200379,1513472000,325578752,18561208,1868029952,1946640384
findling-rss 1791200381,1533026304,325578752,18561656,1886961664,1946640384
findling-rss 1791200383,1534447616,325578752,18555776,1888845824,1946640384
findling-rss 1791200385,1433133056,324517888,18397312,1786826752,1946640384
findling-rss 1791200387,1523286016,324907008,18536984,1876705280,1946640384
findling-rss 1791200389,1427804160,324907008,18435776,1780817920,1946640384
findling-rss 1791200391,1523097600,324907008,18561248,1877000192,1946640384
findling-rss 1791200393,1375735808,324550656,18417328,1726586880,1946640384
findling-rss 1791200395,1523269632,324927488,18548872,1876398080,1946640384
findling-rss 1791200397,1503707136,324931584,18573376,1857232896,1946640384
findling-rss 1791200399,1524187136,324931584,18576024,1878106112,1946640384
findling-rss 1791200401,1432936448,324579328,18436960,1785466880,1946640384
findling-rss 1791200403,1523617792,324956160,18566096,1876627456,1946640384
findling-rss 1791200405,1523691520,324960256,18596384,1877176320,1946640384
findling-rss 1791200407,1432313856,324608000,18456248,1786126336,1946640384
findling-rss 1791200409,1427820544,324993024,18450744,1778475008,1946640384
findling-rss 1791200411,1524256768,324993024,18580232,1877053440,1946640384
findling-rss 1791200413,1523920896,326725632,18651184,1878794240,1946640384
findling-rss 1791200415,1513480192,326725632,18652704,1868931072,1946640384
findling-rss 1791200417,1533677568,326725632,18650584,1889558528,1946640384
findling-rss 1791200419,1534988288,326725632,18648800,1890508800,1946640384
findling-rss 1791200421,1535897600,326725632,18654552,1892024320,1946640384
findling-rss 1791200423,1515585536,326725632,18647344,1869410304,1946640384
findling-rss 1791200425,1535889408,326725632,18649232,1890676736,1946640384
findling-rss 1791200427,1540268032,326725632,18651832,1895612416,1946640384
findling-rss 1791200429,1429671936,324648960,18469760,1782296576,1946640384
findling-rss 1791200431,1523601408,324861952,18529704,1876770816,1946640384
findling-rss 1791200433,1421549568,324861952,18383120,1772126208,1946640384
findling-rss 1791200435,1526898688,324861952,18507504,1879592960,1946640384
findling-rss 1791200437,1433370624,324505600,18369800,1785532416,1946640384
findling-rss 1791200439,1524400128,324886528,18503680,1877520384,1946640384
findling-rss 1791200441,1429823488,324890624,18527552,1781317632,1946640384
findling-rss 1791200443,1523732480,324890624,18528616,1876725760,1946640384
findling-rss 1791200445,1433382912,324534272,18389640,1785876480,1946640384
findling-rss 1791200447,1522831360,324907008,18522456,1876414464,1946640384
findling-rss 1791200449,1505169408,324911104,18543448,1858039808,1946640384
findling-rss 1791200451,1524084736,324911104,18547256,1877307392,1946640384
findling-rss 1791200453,1375776768,324591616,18401968,1728188416,1946640384
findling-rss 1791200455,1523990528,324943872,18535568,1877495808,1946640384
findling-rss 1791200457,1523744768,324947968,18558152,1876795392,1946640384
findling-rss 1791200459,1375780864,324591616,18431904,1728581632,1946640384
findling-rss 1791200461,1427853312,324984832,18422784,1780355072,1946640384
findling-rss 1791200463,1524396032,324984832,18554752,1878228992,1946640384
findling-rss 1791200465,1586704384,324771840,18566528,1939984384,1946640384
findling-rss 1791200467,1466195968,324628480,18441264,1820942336,1946640384
findling-rss 1791200469,1454796800,325009408,18561680,1803206656,1946640384
findling-rss 1791200471,1524445184,325009408,18572616,1877946368,1946640384
findling-rss 1791200473,1523118080,325001216,18591032,1876299776,1946640384
findling-rss 1791200475,1375801344,325070848,18463272,1728753664,1946640384
findling-rss 1791200477,1503768576,325455872,18594928,1857413120,1946640384
findling-rss 1791200479,1523904512,325455872,18602312,1878478848,1946640384
findling-rss 1791200481,1523388416,325455872,18629048,1878228992,1946640384
findling-rss 1791200483,1375801344,325099520,18490480,1729691648,1946640384
findling-rss 1791200485,1522814976,325312512,18500352,1876086784,1946640384
findling-rss 1791200487,1445482496,326377472,18552216,1795047424,1946640384
findling-rss 1791200489,1526185984,326377472,18555536,1880633344,1946640384
findling-rss 1791200491,1534234624,326377472,18555984,1888972800,1946640384
findling-rss 1791200493,1530368000,326377472,18559992,1885745152,1946640384
findling-rss 1791200495,1438388224,326377472,18434416,1793445888,1946640384
findling-rss 1791200497,1482592256,326377472,18555752,1837260800,1946640384
findling-rss 1791200499,1392418816,324960256,18392328,1740120064,1946640384
findling-rss 1791200501,1525485568,325345280,18522760,1880297472,1946640384
findling-rss 1791200503,1503780864,325345280,18540504,1858101248,1946640384
findling-rss 1791200505,1526214656,325345280,18538528,1880100864,1946640384
findling-rss 1791200507,1431572480,324997120,18401816,1785126912,1946640384
findling-rss 1791200509,1523863552,325373952,18530520,1877086208,1946640384
findling-rss 1791200511,1523142656,325378048,18552576,1876348928,1946640384
findling-rss 1791200513,1375842304,325025792,18423272,1727336448,1946640384
findling-rss 1791200515,1427914752,325410816,18419944,1780879360,1946640384
findling-rss 1791200517,1524371456,325410816,18552616,1878335488,1946640384
findling-rss 1791200520,1524498432,328916992,18690360,1882005504,1946640384
findling-rss 1791200522,1504948224,328916992,18679648,1862705152,1946640384
findling-rss 1791200524,1534083072,328916992,18668984,1891659776,1946640384
findling-rss 1791200526,1533382656,328916992,18674104,1890795520,1946640384
findling-rss 1791200528,1535127552,328916992,18672624,1892233216,1946640384
findling-rss 1791200530,1480347648,328916992,18675488,1837821952,1946640384
findling-rss 1791200532,1536139264,328916992,18676168,1893793792,1946640384
findling-rss 1791200534,1536356352,328916992,18671248,1893765120,1946640384
findling-rss 1791200536,1536700416,328916992,18669008,1894756352,1946640384
findling-rss 1791200538,1425379328,328916992,18715912,1782816768,1946640384
findling-rss 1791200540,1483202560,328916992,18667656,1840246784,1946640384
findling-rss 1791200542,1489436672,328916992,18670016,1846919168,1946640384
findling-rss 1791200544,1526607872,328916992,18667672,1882198016,1946640384
findling-rss 1791200546,1441579008,328916992,18546920,1798131712,1946640384
findling-rss 1791200548,1537585152,328916992,18663848,1894932480,1946640384
findling-rss 1791200550,1379373056,325070848,18430872,1750388736,1946640384
findling-rss 1791200552,1523478528,325443584,18564952,1877295104,1946640384
findling-rss 1791200554,1495121920,325451776,18591744,1849389056,1946640384
findling-rss 1791200556,1524064256,325451776,18636560,1879609344,1946640384
findling-rss 1791200558,1433051136,325103616,18452136,1786257408,1946640384
findling-rss 1791200560,1525153792,325488640,18583704,1878118400,1946640384
findling-rss 1791200562,1503817728,325488640,18604816,1857671168,1946640384
findling-rss 1791200564,1497575424,325488640,18602936,1870348288,1946640384
findling-rss 1791200566,1433473024,325132288,18466232,1787363328,1946640384
findling-rss 1791200568,1523658752,325509120,18602280,1878179840,1946640384
findling-rss 1791200570,1523134464,325513216,18625832,1876811776,1946640384
findling-rss 1791200572,1375858688,325160960,18487376,1728630784,1946640384
findling-rss 1791200574,1384570880,382693376,20182392,1788112896,1946640384
findling-rss 1791200576,1524027392,325369856,18502968,1878093824,1946640384
findling-rss 1791200578,1523306496,325369856,18526520,1877700608,1946640384
findling-rss 1791200580,1432842240,325017600,18387440,1786359808,1946640384
findling-rss 1791200582,1465856000,325402624,18512952,1819168768,1946640384
findling-rss 1791200584,1523965952,325402624,18526624,1877733376,1946640384
findling-rss 1791200586,1509466112,325402624,18541368,1862963200,1946640384
findling-rss 1791200588,1468080128,325046272,18406912,1821544448,1946640384
findling-rss 1791200590,1503825920,325423104,18531320,1857093632,1946640384
findling-rss 1791200592,1497800704,325423104,18534880,1860845568,1946640384
findling-rss 1791200594,1523941376,325427200,18553928,1878831104,1946640384
findling-rss 1791200596,1431588864,325074944,18412456,1785790464,1946640384
findling-rss 1791200598,1524342784,325459968,18548592,1878097920,1946640384
findling-rss 1791200600,1449832448,325468160,18574184,1802719232,1946640384
findling-rss 1791200602,1506701312,325468160,18573464,1860493312,1946640384
findling-rss 1791200604,1410473984,325103616,18432968,1763586048,1946640384
findling-rss 1791200606,1523523584,325484544,18565544,1877159936,1946640384
findling-rss 1791200608,1508552704,325484544,18592344,1860476928,1946640384
findling-rss 1791200610,1375866880,325132288,18453808,1729048576,1946640384
findling-rss 1791200612,1386160128,325513216,18453840,1732403200,1946640384
findling-rss 1791200614,1524117504,325513216,18586960,1878659072,1946640384
findling-rss 1791200616,1523896320,325521408,18612528,1878622208,1946640384
findling-rss 1791200618,1433481216,325160960,18475272,1787453440,1946640384
findling-rss 1791200620,1467772928,325541888,18601032,1821061120,1946640384
findling-rss 1791200622,1524105216,325541888,18607832,1878040576,1946640384
findling-rss 1791200624,1524641792,329048064,18728400,1881784320,1946640384
findling-rss 1791200626,1533374464,329048064,18727240,1890856960,1946640384
findling-rss 1791200628,1438756864,329048064,18601904,1795452928,1946640384
findling-rss 1791200630,1534914560,329048064,18724520,1891913728,1946640384
findling-rss 1791200632,1535885312,329048064,18712312,1893281792,1946640384
findling-rss 1791200634,1515753472,329048064,18713272,1872859136,1946640384
findling-rss 1791200636,1541971968,329048064,18713672,1900085248,1946640384
findling-rss 1791200638,1535488000,329048064,18719264,1894150144,1946640384
findling-rss 1791200640,1482522624,329048064,18722664,1840975872,1946640384
findling-rss 1791200642,1436848128,329048064,18718336,1793880064,1946640384
findling-rss 1791200644,1483313152,329048064,18758216,1842405376,1946640384
findling-rss 1791200646,1527746560,329048064,18711744,1885274112,1946640384
findling-rss 1791200648,1537105920,329048064,18712312,1894719488,1946640384
findling-rss 1791200650,1480417280,329048064,18710656,1835683840,1946640384
findling-rss 1791200652,1542402048,329048064,18714992,1898496000,1946640384
findling-rss 1791200654,1436667904,325206016,18483896,1789992960,1946640384
findling-rss 1791200656,1530544128,325435392,18499656,1884442624,1946640384
findling-rss 1791200658,1501720576,325214208,18517112,1855418368,1946640384
findling-rss 1791200660,1586282496,325214208,18517688,1940893696,1946640384
findling-rss 1791200662,1477173248,325074944,18386272,1829511168,1946640384
findling-rss 1791200664,1523781632,325480448,18518760,1877221376,1946640384
findling-rss 1791200666,1503838208,325476352,18544128,1856421888,1946640384
findling-rss 1791200668,1523597312,325476352,18542112,1876340736,1946640384
findling-rss 1791200670,1375870976,325144576,18405784,1729429504,1946640384
findling-rss 1791200672,1523515392,325500928,18537984,1877135360,1946640384
findling-rss 1791200674,1523142656,325496832,18563408,1876983808,1946640384
findling-rss 1791200676,1380827136,325148672,18421208,1728352256,1946640384
findling-rss 1791200678,1425272832,325525504,18422680,1777278976,1946640384
findling-rss 1791200680,1523908608,325525504,18550768,1878167552,1946640384
findling-rss 1791200682,1524314112,325529600,18574536,1878155264,1946640384
findling-rss 1791200684,1433485312,325177344,18440176,1787478016,1946640384
findling-rss 1791200686,1477734400,325566464,18568648,1831010304,1946640384
findling-rss 1791200688,1524531200,325566464,18618696,1878077440,1946640384
findling-rss 1791200690,1522921472,325558272,18595120,1876639744,1946640384
findling-rss 1791200692,1433485312,325206016,18451504,1786515456,1946640384
findling-rss 1791200694,1506217984,326754304,18620040,1861083136,1946640384
findling-rss 1791200696,1513385984,326754304,18622056,1868898304,1946640384
findling-rss 1791200698,1524424704,325595136,18605736,1878732800,1946640384
findling-rss 1791200700,1433485312,325234688,18472136,1787027456,1946640384
findling-rss 1791200702,1524273152,325619712,18602024,1877995520,1946640384
findling-rss 1791200704,1465491456,325619712,18624184,1819336704,1946640384
findling-rss 1791200706,1524428800,325619712,18625544,1878675456,1946640384
findling-rss 1791200708,1375870976,325263360,18492384,1729982464,1946640384
findling-rss 1791200710,1524101120,325476352,18510624,1877692416,1946640384
findling-rss 1791200712,1503846400,325476352,18535256,1857671168,1946640384
findling-rss 1791200714,1523884032,325476352,18548672,1877475328,1946640384
findling-rss 1791200716,1433501696,325124096,18399992,1786167296,1946640384
findling-rss 1791200718,1524076544,328986624,18624704,1881800704,1946640384
findling-rss 1791200720,1533014016,328986624,18623192,1890844672,1946640384
findling-rss 1791200722,1465704448,328986624,18620264,1822896128,1946640384
findling-rss 1791200724,1535848448,328986624,18616472,1892413440,1946640384
findling-rss 1791200726,1536323584,328986624,18618792,1893945344,1946640384
findling-rss 1791200728,1535041536,328986624,18620016,1893433344,1946640384
findling-rss 1791200730,1450561536,328986624,18617024,1808654336,1946640384
findling-rss 1791200732,1536847872,328986624,18618064,1894694912,1946640384
findling-rss 1791200734,1483251712,328986624,18616464,1841307648,1946640384
findling-rss 1791200736,1482493952,328986624,18614832,1839869952,1946640384
findling-rss 1791200738,1431482368,328986624,18498176,1788108800,1946640384
findling-rss 1791200740,1527193600,328986624,18618664,1884618752,1946640384
findling-rss 1791200742,1536843776,328986624,18617240,1894187008,1946640384
findling-rss 1791200744,1518231552,328986624,18624712,1875374080,1946640384
findling-rss 1791200747,1379065856,325169152,18417968,1731985408,1946640384
findling-rss 1791200749,1523089408,325525504,18546576,1877790720,1946640384
findling-rss 1791200751,1375887360,325169152,18427816,1730342912,1946640384
findling-rss 1791200753,1523015680,325541888,18540816,1875968000,1946640384
findling-rss 1791200755,1456181248,325550080,18564464,1809821696,1946640384
findling-rss 1791200757,1524056064,325550080,18566608,1877774336,1946640384
findling-rss 1791200759,1432035328,325201920,18433264,1784750080,1946640384
findling-rss 1791200761,1524695040,325582848,18563728,1878130688,1946640384
findling-rss 1791200763,1503862784,325578752,18581960,1856765952,1946640384
findling-rss 1791200765,1529958400,325578752,18622240,1882480640,1946640384
findling-rss 1791200767,1433501696,325230592,18444712,1787842560,1946640384
findling-rss 1791200769,1523875840,329457664,18725976,1881681920,1946640384
findling-rss 1791200771,1533218816,329457664,18681808,1890803712,1946640384
findling-rss 1791200773,1449431040,329457664,18682248,1807278080,1946640384
findling-rss 1791200775,1535217664,329457664,18684016,1893249024,1946640384
findling-rss 1791200777,1535279104,329457664,18734336,1893728256,1946640384
findling-rss 1791200779,1534902272,329457664,18682576,1893838848,1946640384
findling-rss 1791200781,1439858688,329457664,18561928,1798119424,1946640384
findling-rss 1791200783,1538818048,329457664,18681608,1896218624,1946640384
findling-rss 1791200785,1483141120,329457664,18679520,1840214016,1946640384
findling-rss 1791200787,1469878272,329457664,18723144,1825812480,1946640384
findling-rss 1791200789,1431437312,329457664,18560048,1789026304,1946640384
findling-rss 1791200791,1527959552,329457664,18676576,1886584832,1946640384
findling-rss 1791200793,1536913408,329457664,18677112,1895485440,1946640384
findling-rss 1791200795,1518182400,329457664,18679576,1876795392,1946640384
findling-rss 1791200797,1544892416,329457664,18675736,1903779840,1946640384
findling-rss 1791200799,1539829760,329457664,18678560,1898467328,1946640384
findling-rss 1791200801,1524256768,325627904,18598080,1878274048,1946640384
findling-rss 1791200803,1433079808,325275648,18459816,1786576896,1946640384
findling-rss 1791200805,1457332224,325664768,18591544,1809727488,1946640384
findling-rss 1791200807,1524027392,325664768,18595992,1877774336,1946640384
findling-rss 1791200809,1524416512,325668864,18620232,1877749760,1946640384
findling-rss 1791200811,1428017152,325308416,18488320,1769095168,1946640384
findling-rss 1791200813,1503862784,325685248,18608920,1855807488,1946640384
findling-rss 1791200815,1523941376,325685248,18608848,1877970944,1946640384
findling-rss 1791200817,1524113408,325685248,18631784,1878433792,1946640384
findling-rss 1791200819,1433509888,325337088,18494480,1788178432,1946640384
findling-rss 1791200821,1523560448,325558272,18517888,1877852160,1946640384
findling-rss 1791200823,1427968000,325558272,18414736,1780572160,1946640384
findling-rss 1791200825,1524064256,325558272,18538104,1877590016,1946640384
findling-rss 1791200827,1431834624,325201920,18403872,1784975360,1946640384
findling-rss 1791200829,1523757056,325578752,18534232,1876443136,1946640384
findling-rss 1791200831,1503862784,325574656,18553032,1857175552,1946640384
findling-rss 1791200833,1524314112,325574656,18555648,1878257664,1946640384
findling-rss 1791200835,1432461312,325230592,18414480,1786126336,1946640384
findling-rss 1791200837,1523171328,325607424,18542336,1877147648,1946640384
findling-rss 1791200839,1522991104,325615616,18566816,1876606976,1946640384
findling-rss 1791200841,1410322432,325259264,18435936,1762893824,1946640384
findling-rss 1791200843,1427972096,325644288,18425432,1779200000,1946640384
findling-rss 1791200845,1529421824,325644288,18560544,1882345472,1946640384
findling-rss 1791200847,1523171328,325648384,18584576,1876766720,1946640384
findling-rss 1791200849,1433513984,325287936,18449888,1786265600,1946640384
findling-rss 1791200851,1467826176,325677056,18585072,1820790784,1946640384
findling-rss 1791200853,1524301824,325677056,18577120,1877192704,1946640384
findling-rss 1791200855,1523843072,325681152,18601832,1878945792,1946640384
findling-rss 1791200857,1375899648,325328896,18461400,1730711552,1946640384
findling-rss 1791200859,1507717120,325701632,18584720,1858772992,1946640384
findling-rss 1791200861,1424678912,325713920,18498792,1776652288,1946640384
findling-rss 1791200863,1524043776,325713920,18613992,1878052864,1946640384
findling-rss 1791200865,1433300992,325357568,18477416,1786654720,1946640384
findling-rss 1791200867,1524133888,325746688,18613520,1877798912,1946640384
findling-rss 1791200869,1477746688,325734400,18630992,1831473152,1946640384
findling-rss 1791200871,1525841920,325734400,18634040,1879662592,1946640384
findling-rss 1791200873,1429172224,325386240,18494680,1782104064,1946640384
findling-rss 1791200875,1523195904,325595136,18512296,1878061056,1946640384
findling-rss 1791200877,1503879168,325591040,18536472,1858588672,1946640384
findling-rss 1791200879,1498222592,325591040,18537368,1852502016,1946640384
findling-rss 1791200881,1375903744,325271552,18426776,1729994752,1946640384
findling-rss 1791200883,1527484416,325623808,18525056,1880473600,1946640384
findling-rss 1791200885,1523220480,325623808,18545928,1876045824,1946640384
findling-rss 1791200887,1429377024,325271552,18417080,1782116352,1946640384
findling-rss 1791200889,1375911936,325300224,18396608,1729236992,1946640384
findling-rss 1791200891,1523732480,325652480,18544000,1876008960,1946640384
findling-rss 1791200893,1523699712,325656576,18567280,1877110784,1946640384
findling-rss 1791200895,1433313280,325300224,18434352,1785872384,1946640384
findling-rss 1791200897,1467535360,325685248,18549088,1821241344,1946640384
findling-rss 1791200899,1526214656,325685248,18555528,1880031232,1946640384
findling-rss 1791200901,1524449280,325685248,18579824,1879138304,1946640384
findling-rss 1791200903,1433526272,325328896,18440248,1784504320,1946640384
findling-rss 1791200905,1503891456,325718016,18573416,1857916928,1946640384
findling-rss 1791200907,1528389632,325718016,18575264,1882783744,1946640384
findling-rss 1791200909,1524125696,325713920,18598216,1877843968,1946640384
findling-rss 1791200911,1432485888,325357568,18478368,1786490880,1946640384
findling-rss 1791200913,1503920128,325738496,18589112,1857138688,1946640384
findling-rss 1791200915,1375920128,325386240,18501560,1729085440,1946640384
findling-rss 1791200917,1523519488,325734400,18613040,1878163456,1946640384
findling-rss 1791200919,1433534464,325386240,18476120,1787957248,1946640384
findling-rss 1791200921,1523605504,325767168,18609432,1877942272,1946640384
findling-rss 1791200923,1467666432,325771264,18630048,1821605888,1946640384
findling-rss 1791200925,1524699136,325771264,18631160,1878949888,1946640384
findling-rss 1791200927,1431445504,325414912,18493608,1785036800,1946640384
findling-rss 1791200929,1524236288,325632000,18544888,1879539712,1946640384
findling-rss 1791200931,1552674816,325414912,18529912,1902055424,1946640384
findling-rss 1791200933,1586167808,325414912,18526528,1938620416,1946640384
findling-rss 1791200935,1477885952,325279744,18399096,1831952384,1946640384
findling-rss 1791200937,1528733696,325660672,18529344,1883054080,1946640384
findling-rss 1791200939,1523322880,325660672,18549592,1877786624,1946640384
findling-rss 1791200941,1384927232,325308416,18423200,1777070080,1946640384
findling-rss 1791200943,1427992576,325689344,18430752,1781059584,1946640384
findling-rss 1791200945,1528389632,325689344,18549056,1881812992,1946640384
findling-rss 1791200947,1524568064,325693440,18567392,1878204416,1946640384
findling-rss 1791200949,1430212608,325337088,18436856,1783459840,1946640384
findling-rss 1791200951,1464639488,325722112,18556472,1814147072,1946640384
findling-rss 1791200953,1523838976,325722112,18558344,1877438464,1946640384
findling-rss 1791200955,1524076544,325713920,18581104,1878503424,1946640384
findling-rss 1791200957,1430626304,325365760,18439824,1784668160,1946640384
findling-rss 1791200959,1503875072,325742592,18572776,1856909312,1946640384
findling-rss 1791200961,1523847168,325742592,18575440,1877790720,1946640384
findling-rss 1791200963,1524604928,325738496,18597296,1877491712,1946640384
findling-rss 1791200965,1433542656,325816320,18471568,1787170816,1946640384
findling-rss 1791200967,1524994048,326205440,18605368,1878437888,1946640384
findling-rss 1791200969,1469534208,326201344,18633536,1822961664,1946640384
findling-rss 1791200972,1524264960,326201344,18632208,1879199744,1946640384
findling-rss 1791200974,1404911616,325844992,18489408,1746935808,1946640384
findling-rss 1791200976,1524797440,326225920,18623440,1878790144,1946640384
findling-rss 1791200978,1503911936,326230016,18648704,1858379776,1946640384
findling-rss 1791200980,1418448896,325873664,18507912,1772122112,1946640384
findling-rss 1791200982,1375932416,341487616,18978952,1744080896,1946640384
findling-rss 1791200984,1524748288,326074368,18519808,1877991424,1946640384
findling-rss 1791200986,1524006912,326082560,18550056,1877377024,1946640384
findling-rss 1791200988,1433133056,325730304,18419328,1781030912,1946640384
findling-rss 1791200990,1454952448,326111232,18533768,1808977920,1946640384
findling-rss 1791200992,1523191808,326111232,18540272,1877512192,1946640384
findling-rss 1791200994,1523621888,326103040,18558904,1876176896,1946640384
findling-rss 1791200996,1433571328,325758976,18429520,1786990592,1946640384
findling-rss 1791200998,1503944704,326144000,18557112,1858682880,1946640384
findling-rss 1791201000,1524695040,326144000,18563520,1878589440,1946640384
findling-rss 1791201002,1523781632,327536640,18625936,1879490560,1946640384
findling-rss 1791201004,1533714432,327536640,18615520,1888477184,1946640384
findling-rss 1791201006,1505341440,327536640,18615104,1860730880,1946640384
findling-rss 1791201008,1538646016,327536640,18619096,1893183488,1946640384
findling-rss 1791201010,1534205952,327536640,18621344,1890357248,1946640384
findling-rss 1791201012,1535594496,327536640,18622240,1891475456,1946640384
findling-rss 1791201014,1432739840,325787648,18439696,1786171392,1946640384
findling-rss 1791201016,1428029440,326176768,18446544,1781788672,1946640384
findling-rss 1791201018,1523687424,326176768,18575416,1877921792,1946640384
findling-rss 1791201020,1524674560,326184960,18598080,1879597056,1946640384
findling-rss 1791201022,1429438464,325824512,18470696,1783656448,1946640384
findling-rss 1791201024,1468256256,327245824,18619704,1822056448,1946640384
findling-rss 1791201026,1530523648,327245824,18620432,1885356032,1946640384
findling-rss 1791201028,1534152704,327245824,18623608,1889767424,1946640384
findling-rss 1791201030,1537503232,327245824,18620768,1893781504,1946640384
findling-rss 1791201032,1464885248,327245824,18620680,1822482432,1946640384
findling-rss 1791201034,1536098304,327245824,18618512,1892057088,1946640384
findling-rss 1791201036,1523396608,326209536,18618288,1878282240,1946640384
findling-rss 1791201038,1370472448,325853184,18290800,1724563456,1946640384
findling-rss 1791201040,1412411392,326242304,18545640,1764614144,1946640384
findling-rss 1791201042,1489035264,326242304,18681880,1843224576,1946640384
findling-rss 1791201044,1523884032,326246400,18705184,1879658496,1946640384
findling-rss 1791201046,1431113728,325894144,18564832,1786867712,1946640384
findling-rss 1791201048,1456406528,326270976,18694024,1809719296,1946640384
findling-rss 1791201050,1521942528,326270976,18700584,1877008384,1946640384
findling-rss 1791201052,1523109888,326279168,18731344,1878003712,1946640384
findling-rss 1791201054,1432162304,325922816,18575144,1785094144,1946640384
findling-rss 1791201056,1502531584,326115328,18599856,1855778816,1946640384
findling-rss 1791201058,1522831360,326115328,18603040,1876414464,1946640384
findling-rss 1791201060,1522790400,326111232,18623472,1876807680,1946640384
findling-rss 1791201062,1432166400,325763072,18484832,1786662912,1946640384
findling-rss 1791201064,1520545792,326148096,18614712,1874894848,1946640384
findling-rss 1791201066,1374560256,325791744,18498504,1727877120,1946640384
findling-rss 1791201068,1523011584,326144000,18636456,1877037056,1946640384
findling-rss 1791201070,1428041728,325791744,18512640,1782427648,1946640384
findling-rss 1791201072,1521799168,326172672,18627232,1875763200,1946640384
findling-rss 1791201074,1465077760,326164480,18651480,1818644480,1946640384
findling-rss 1791201076,1523023872,326164480,18647624,1876975616,1946640384
findling-rss 1791201078,1403879424,325820416,18515136,1745358848,1946640384
findling-rss 1791201080,1522515968,326201344,18650488,1876750336,1946640384
findling-rss 1791201082,1503293440,326205440,18669872,1857994752,1946640384
findling-rss 1791201084,1421557760,325849088,18540936,1774862336,1946640384
findling-rss 1791201086,1374584832,325877760,18519176,1728110592,1946640384
findling-rss 1791201088,1522892800,326230016,18661504,1877819392,1946640384
findling-rss 1791201090,1522630656,326225920,18687272,1877159936,1946640384
findling-rss 1791201092,1431785472,325877760,18558608,1785069568,1946640384
findling-rss 1791201094,1453608960,326254592,18677784,1807814656,1946640384
findling-rss 1791201096,1523347456,326254592,18680648,1877381120,1946640384
findling-rss 1791201098,1521754112,326258688,18701008,1875955712,1946640384
findling-rss 1791201100,1417412608,325906432,18564448,1758998528,1946640384
findling-rss 1791201102,1505333248,326283264,18695808,1858383872,1946640384
findling-rss 1791201104,1404833792,326291456,18600088,1757577216,1946640384
findling-rss 1791201106,1524154368,326291456,18717896,1877069824,1946640384
findling-rss 1791201108,1432219648,325935104,18577952,1785782272,1946640384
findling-rss 1791201110,1522905088,326160384,18596520,1876303872,1946640384
findling-rss 1791201112,1464582144,326152192,18624912,1818894336,1946640384
findling-rss 1791201114,1522720768,326152192,18623528,1876606976,1946640384
findling-rss 1791201116,1432014848,325804032,18481160,1784680448,1946640384
findling-rss 1791201118,1522491392,326189056,18618016,1877188608,1946640384
findling-rss 1791201120,1509421056,326189056,18639936,1862242304,1946640384
findling-rss 1791201122,1374621696,325832704,18505624,1728425984,1946640384
findling-rss 1791201124,1426620416,326213632,18496088,1779060736,1946640384
findling-rss 1791201126,1528774656,326213632,18628904,1883848704,1946640384
findling-rss 1791201128,1522921472,326209536,18649896,1878196224,1946640384
findling-rss 1791201130,1399316480,325861376,18511936,1740947456,1946640384
findling-rss 1791201132,1452044288,326242304,18633904,1797378048,1946640384
findling-rss 1791201134,1522503680,326242304,18642808,1876115456,1946640384
findling-rss 1791201136,1522266112,326246400,18668952,1876127744,1946640384
findling-rss 1791201138,1430986752,325890048,18537152,1785221120,1946640384
findling-rss 1791201140,1502617600,326275072,18662888,1856020480,1946640384
findling-rss 1791201142,1523990528,326275072,18660776,1877811200,1946640384
findling-rss 1791201144,1522085888,326266880,18686712,1875877888,1946640384
findling-rss 1791201146,1409597440,325918720,18558744,1751535616,1946640384
findling-rss 1791201148,1522450432,326295552,18678184,1878142976,1946640384
findling-rss 1791201150,1455386624,326295552,18699296,1810153472,1946640384
findling-rss 1791201152,1523208192,326295552,18701832,1878106112,1946640384
findling-rss 1791201154,1432244224,325947392,18568584,1786273792,1946640384
findling-rss 1791201156,1522274304,326328320,18703856,1877303296,1946640384
findling-rss 1791201158,1502597120,330551296,18837432,1862172672,1946640384
findling-rss 1791201160,1522552832,330551296,18834896,1881317376,1946640384
findling-rss 1791201162,1532461056,330551296,18840416,1892003840,1946640384
findling-rss 1791201164,1533259776,330551296,18837880,1893064704,1946640384
findling-rss 1791201166,1514520576,330551296,18842128,1874038784,1946640384
findling-rss 1791201168,1535488000,330551296,18845856,1894961152,1946640384
findling-rss 1791201170,1534930944,330551296,18838200,1893158912,1946640384
findling-rss 1791201172,1534210048,330551296,18842216,1893158912,1946640384
findling-rss 1791201174,1426145280,330551296,18841872,1783668736,1946640384
findling-rss 1791201176,1482067968,330551296,18840448,1840877568,1946640384
findling-rss 1791201178,1481428992,330551296,18830656,1840353280,1946640384
findling-rss 1791201180,1526734848,330551296,18828840,1887399936,1946640384
findling-rss 1791201182,1468702720,330551296,18840216,1828700160,1946640384
findling-rss 1791201184,1536819200,330551296,18833352,1896910848,1946640384
findling-rss 1791201186,1537892352,330551296,18831160,1897443328,1946640384
findling-rss 1791201188,1536094208,330551296,18832976,1895763968,1946640384
findling-rss 1791201190,1442533376,330551296,18819320,1800409088,1946640384
findling-rss 1791201192,1537449984,330551296,18836112,1897029632,1946640384
findling-rss 1791201194,1407975424,325992448,18586232,1751617536,1946640384
findling-rss 1791201197,1522946048,326221824,18602016,1877078016,1946640384
findling-rss 1791201199,1493913600,326225920,18622840,1844584448,1946640384
findling-rss 1791201201,1522688000,326225920,18621832,1876267008,1946640384
findling-rss 1791201203,1432256512,325865472,18483768,1785262080,1946640384
findling-rss 1791201205,1522036736,326242304,18619432,1876320256,1946640384
findling-rss 1791201207,1502638080,326254592,18636280,1856335872,1946640384
findling-rss 1791201209,1523200000,326254592,18640696,1877585920,1946640384
findling-rss 1791201211,1374650368,325918720,18501272,1728262144,1946640384
findling-rss 1791201213,1522937856,326279168,18633344,1875968000,1946640384
findling-rss 1791201215,1505112064,326246400,18650200,1858977792,1946640384
findling-rss 1791201217,1409257472,325922816,18530112,1762377728,1946640384
findling-rss 1791201219,1438253056,326307840,18641360,1792954368,1946640384
findling-rss 1791201221,1529262080,326307840,18650328,1883844608,1946640384
findling-rss 1791201223,1523048448,326303744,18678640,1878134784,1946640384
findling-rss 1791201225,1432268800,325951488,18534704,1786875904,1946640384
findling-rss 1791201227,1489420288,326336512,18666472,1840033792,1946640384
findling-rss 1791201229,1522884608,326336512,18669104,1877553152,1946640384
findling-rss 1791201231,1523376128,326332416,18692328,1878228992,1946640384
findling-rss 1791201233,1430601728,325980160,18552624,1783865344,1946640384
findling-rss 1791201235,1519796224,326369280,18678144,1872531456,1946640384
findling-rss 1791201237,1374662656,326012928,18581448,1728647168,1946640384
findling-rss 1791201239,1523654656,327069696,18724704,1879150592,1946640384
findling-rss 1791201241,1534447616,327069696,18725584,1889972224,1946640384
findling-rss 1791201243,1513463808,327069696,18733768,1867202560,1946640384
findling-rss 1791201245,1533693952,327069696,18724608,1890136064,1946640384
findling-rss 1791201247,1432276992,326008832,18563384,1787174912,1946640384
findling-rss 1791201249,1584762880,326176768,18722288,1939890176,1946640384
findling-rss 1791201251,1503723520,326389760,18738784,1859198976,1946640384
findling-rss 1791201253,1375756288,326041600,18618920,1742569472,1946640384
findling-rss 1791201255,1432113152,326041600,18603528,1785823232,1946640384
findling-rss 1791201257,1523965952,326250496,18619072,1878036480,1946640384
findling-rss 1791201259,1520865280,326262784,18639080,1873838080,1946640384
findling-rss 1791201261,1431904256,325902336,18511288,1785303040,1946640384
findling-rss 1791201263,1375756288,325931008,18503176,1728966656,1946640384
findling-rss 1791201265,1524572160,326279168,18633512,1877639168,1946640384
findling-rss 1791201267,1523924992,326283264,18670016,1877803008,1946640384
findling-rss 1791201269,1432334336,325931008,18529904,1785745408,1946640384
findling-rss 1791201271,1426567168,326307840,18517736,1779494912,1946640384
findling-rss 1791201273,1523478528,326307840,18698800,1879601152,1946640384
findling-rss 1791201275,1523515392,326311936,18679968,1878278144,1946640384
findling-rss 1791201277,1431711744,325959680,18536824,1785581568,1946640384
findling-rss 1791201279,1477640192,326361088,18671904,1825402880,1946640384
findling-rss 1791201281,1524244480,326361088,18668776,1878216704,1946640384
findling-rss 1791201283,1527865344,326365184,18696128,1881509888,1946640384
findling-rss 1791201285,1432547328,326008832,18553696,1785430016,1946640384
findling-rss 1791201287,1503756288,326385664,18680288,1857703936,1946640384
findling-rss 1791201289,1464606720,326385664,18684352,1852805120,1946640384
findling-rss 1791201291,1524686848,326385664,18706624,1879416832,1946640384
findling-rss 1791201293,1431093248,326037504,18566928,1785114624,1946640384
findling-rss 1791201295,1523220480,326426624,18701872,1877798912,1946640384
findling-rss 1791201297,1427853312,326410240,18589784,1781551104,1946640384
findling-rss 1791201299,1523417088,326410240,18727488,1879048192,1946640384
findling-rss 1791201301,1433399296,326066176,18585480,1787170816,1946640384
findling-rss 1791201303,1523744768,326447104,18713904,1878102016,1946640384
findling-rss 1791201305,1503764480,326447104,18744544,1859014656,1946640384
findling-rss 1791201307,1497628672,326447104,18738432,1852362752,1946640384
findling-rss 1791201309,1375797248,343699456,19135528,1746567168,1946640384
findling-rss 1791201311,1524330496,326307840,18621664,1878929408,1946640384
findling-rss 1791201313,1523544064,326307840,18639832,1878683648,1946640384
findling-rss 1791201315,1375797248,325959680,18508544,1729216512,1946640384
findling-rss 1791201317,1439404032,326344704,18631080,1793171456,1946640384
findling-rss 1791201319,1523617792,326344704,18643096,1877848064,1946640384
findling-rss 1791201321,1523929088,326340608,18662880,1878192128,1946640384
findling-rss 1791201323,1432989696,325988352,18522096,1787236352,1946640384
findling-rss 1791201325,1503768576,326385664,18649824,1858400256,1946640384
findling-rss 1791201327,1530347520,326385664,18654888,1884663808,1946640384
findling-rss 1791201329,1523249152,326369280,18684312,1878573056,1946640384
findling-rss 1791201331,1375797248,326029312,18543472,1730314240,1946640384
findling-rss 1791201333,1522790400,327446528,18702448,1878839296,1946640384
findling-rss 1791201335,1475665920,327446528,18701432,1831251968,1946640384
findling-rss 1791201337,1533235200,327446528,18701328,1889222656,1946640384
findling-rss 1791201339,1533669376,327446528,18697688,1889304576,1946640384
findling-rss 1791201341,1535582208,327446528,18699704,1892163584,1946640384
findling-rss 1791201343,1439637504,326410240,18691448,1794953216,1946640384
findling-rss 1791201345,1523593216,326410240,18692440,1879662592,1946640384
findling-rss 1791201347,1375805440,326057984,18552864,1730240512,1946640384
findling-rss 1791201349,1524711424,326459392,18693672,1879789568,1946640384
findling-rss 1791201351,1503764480,326447104,18718424,1858727936,1946640384
findling-rss 1791201353,1427480576,326094848,18587232,1781678080,1946640384
findling-rss 1791201355,1375817728,326123520,18563968,1729163264,1946640384
findling-rss 1791201357,1524146176,326479872,18708784,1878114304,1946640384
findling-rss 1791201359,1523662848,326467584,18729456,1877901312,1946640384
findling-rss 1791201361,1433432064,326123520,18595728,1786044416,1946640384
findling-rss 1791201363,1410428928,326512640,18590336,1764237312,1946640384
findling-rss 1791201365,1507545088,326512640,18727760,1862524928,1946640384
findling-rss 1791201367,1522991104,326492160,18745520,1877663744,1946640384
findling-rss 1791201369,1433231360,326152192,18610552,1787465728,1946640384
findling-rss 1791201371,1503821824,326352896,18624176,1858248704,1946640384
findling-rss 1791201373,1530531840,326352896,18623264,1884581888,1946640384
findling-rss 1791201375,1523126272,326352896,18645304,1877385216,1946640384
findling-rss 1791201377,1432203264,326004736,18506224,1785434112,1946640384
findling-rss 1791201379,1506766848,326397952,18638840,1861148672,1946640384
findling-rss 1791201381,1464668160,326385664,18665120,1817755648,1946640384
findling-rss 1791201383,1524133888,326385664,18661224,1879470080,1946640384
findling-rss 1791201385,1433464832,326033408,18519792,1787506688,1946640384
findling-rss 1791201387,1529716736,326406144,18650384,1884782592,1946640384
findling-rss 1791201389,1503838208,326414336,18675680,1859235840,1946640384
findling-rss 1791201391,1525903360,326414336,18718408,1881657344,1946640384
findling-rss 1791201393,1430962176,326062080,18538912,1785638912,1946640384
findling-rss 1791201395,1524453376,326451200,18673360,1880064000,1946640384
findling-rss 1791201397,1503850496,326447104,18688136,1858854912,1946640384
findling-rss 1791201399,1499422720,326447104,18691912,1855082496,1946640384
findling-rss 1791201401,1431793664,326090752,18554104,1786114048,1946640384
findling-rss 1791201403,1527242752,326885376,18700752,1881272320,1946640384
findling-rss 1791201405,1523281920,326877184,18727336,1877962752,1946640384
findling-rss 1791201407,1421508608,326529024,18587712,1775984640,1946640384
findling-rss 1791201409,1427927040,326922240,18591584,1781944320,1946640384
findling-rss 1791201411,1524211712,326922240,18720056,1878470656,1946640384
findling-rss 1791201413,1523363840,326909952,18742680,1878269952,1946640384
findling-rss 1791201415,1433477120,326557696,18602320,1788739584,1946640384
findling-rss 1791201417,1477738496,326942720,18730672,1834147840,1946640384
findling-rss 1791201419,1524797440,326942720,18734096,1879330816,1946640384
findling-rss 1791201421,1524596736,326942720,18754248,1880752128,1946640384
findling-rss 1791201423,1432850432,326586368,18615024,1787805696,1946640384
findling-rss 1791201426,1503838208,326803456,18631160,1859444736,1946640384
findling-rss 1791201428,1375866880,326455296,18580192,1732562944,1946640384
findling-rss 1791201430,1524125696,326807552,18653496,1879281664,1946640384
findling-rss 1791201432,1433063424,326455296,18514408,1788231680,1946640384
findling-rss 1791201434,1522995200,326832128,18648064,1878364160,1946640384
findling-rss 1791201436,1503850496,326840320,18670032,1859235840,1946640384
findling-rss 1791201438,1528074240,326840320,18666400,1883574272,1946640384
findling-rss 1791201440,1432858624,326483968,18528720,1787912192,1946640384
findling-rss 1791201442,1524056064,326868992,18667528,1879019520,1946640384
findling-rss 1791201444,1513365504,326868992,18682544,1865764864,1946640384
findling-rss 1791201446,1429762048,326512640,18557808,1782886400,1946640384
findling-rss 1791201448,1380270080,326885376,18554264,1729740800,1946640384
findling-rss 1791201450,1523109888,326885376,18683448,1877712896,1946640384
findling-rss 1791201452,1524559872,326893568,18704792,1879572480,1946640384
findling-rss 1791201454,1433509888,326541312,18575456,1788121088,1946640384
findling-rss 1791201456,1468051456,326918144,18691288,1822601216,1946640384
findling-rss 1791201458,1523765248,326918144,18697888,1879109632,1946640384
findling-rss 1791201460,1531383808,326922240,18724760,1886302208,1946640384
findling-rss 1791201462,1432465408,326569984,18592232,1787015168,1946640384
findling-rss 1791201464,1522388992,326950912,18718152,1875632128,1946640384
findling-rss 1791201466,1421041664,326955008,18616680,1773568000,1946640384
findling-rss 1791201468,1528860672,326955008,18744584,1883332608,1946640384
findling-rss 1791201470,1375899648,326598656,18602488,1730650112,1946640384
findling-rss 1791201472,1529860096,326983680,18740896,1885806592,1946640384
findling-rss 1791201474,1427972096,326983680,18629840,1780998144,1946640384
findling-rss 1791201476,1525694464,326983680,18762032,1879937024,1946640384
findling-rss 1791201478,1375899648,326627328,18620984,1784758272,1946640384
findling-rss 1791201480,1523941376,326832128,18641056,1878470656,1946640384
findling-rss 1791201482,1505263616,326836224,18661328,1859960832,1946640384
findling-rss 1791201484,1525719040,326836224,18659216,1880576000,1946640384
findling-rss 1791201486,1432469504,326483968,18525768,1786347520,1946640384
findling-rss 1791201488,1585381376,326656000,18651976,1940041728,1946640384
findling-rss 1791201490,1520717824,327573504,18696832,1875587072,1946640384
findling-rss 1791201492,1437749248,327573504,18581912,1794781184,1946640384
findling-rss 1791201494,1533825024,327573504,18696744,1891115008,1946640384
findling-rss 1791201496,1534189568,327573504,18696824,1891225600,1946640384
findling-rss 1791201498,1433665536,326512640,18535272,1787858944,1946640384
findling-rss 1791201500,1468735488,326897664,18663664,1823207424,1946640384
findling-rss 1791201502,1524322304,326897664,18669984,1879560192,1946640384
findling-rss 1791201504,1524060160,326901760,18686768,1877385216,1946640384
findling-rss 1791201506,1433100288,326545408,18552368,1787367424,1946640384
findling-rss 1791201508,1503862784,326922240,18680504,1859047424,1946640384
findling-rss 1791201510,1409355776,326922240,18578448,1812938752,1946640384
findling-rss 1791201512,1524899840,326930432,18705352,1879932928,1946640384
findling-rss 1791201514,1432264704,326574080,18564824,1786302464,1946640384
findling-rss 1791201516,1527205888,326950912,18702352,1882148864,1946640384
findling-rss 1791201518,1461080064,326959104,18723448,1811570688,1946640384
findling-rss 1791201520,1529655296,326959104,18725504,1884733440,1946640384
findling-rss 1791201522,1432952832,326602752,18594064,1788682240,1946640384
findling-rss 1791201524,1524895744,326983680,18721264,1879367680,1946640384
findling-rss 1791201526,1504149504,326983680,18744232,1859788800,1946640384
findling-rss 1791201528,1524187136,326983680,18746736,1880027136,1946640384
findling-rss 1791201530,1433792512,326631424,18610616,1788538880,1946640384
findling-rss 1791201532,1524109312,327008256,18740680,1879662592,1946640384
findling-rss 1791201534,1523810304,327012352,18764872,1878265856,1946640384
findling-rss 1791201536,1376178176,326660096,18625584,1730215936,1946640384
findling-rss 1791201538,1437282304,384831488,20427232,1850572800,1946640384
findling-rss 1791201540,1528520704,326889472,18639008,1883406336,1946640384
findling-rss 1791201542,1524019200,326889472,18659160,1878450176,1946640384
findling-rss 1791201544,1432535040,326541312,18519336,1787387904,1946640384
findling-rss 1791201546,1504153600,326926336,18654800,1860022272,1946640384
findling-rss 1791201548,1530576896,326926336,18655208,1886494720,1946640384
findling-rss 1791201550,1524260864,326926336,18676144,1879314432,1946640384
findling-rss 1791201552,1431908352,326569984,18543320,1786068992,1946640384
findling-rss 1791201554,1522827264,326946816,18666160,1876656128,1946640384
findling-rss 1791201556,1418821632,326955008,18570328,1771237376,1946640384
findling-rss 1791201558,1524531200,326955008,18688584,1878609920,1946640384
findling-rss 1791201560,1433792512,326598656,18552128,1788882944,1946640384
findling-rss 1791201562,1523859456,326979584,18690248,1879949312,1946640384
findling-rss 1791201564,1455890432,326979584,18706840,1809309696,1946640384
findling-rss 1791201566,1527857152,326979584,18713928,1881944064,1946640384
findling-rss 1791201568,1432539136,326627328,18569704,1787523072,1946640384
findling-rss 1791201570,1524846592,327020544,18718552,1879916544,1946640384
findling-rss 1791201572,1504153600,327008256,18719056,1859903488,1946640384
findling-rss 1791201574,1524129792,327008256,18722416,1879842816,1946640384
findling-rss 1791201576,1433796608,326664192,18587704,1788637184,1946640384
findling-rss 1791201578,1524269056,327036928,18721744,1880207360,1946640384
findling-rss 1791201580,1521369088,327049216,18743144,1877331968,1946640384
findling-rss 1791201582,1427845120,326692864,18613464,1782697984,1946640384
findling-rss 1791201584,1376186368,326721536,18593504,1729794048,1946640384
findling-rss 1791201586,1529192448,327077888,18742344,1883779072,1946640384
findling-rss 1791201588,1524752384,332689408,18914624,1884041216,1946640384
findling-rss 1791201590,1464954880,332689408,18920680,1825787904,1946640384
findling-rss 1791201592,1534914560,332689408,18915960,1896275968,1946640384
findling-rss 1791201594,1534623744,332689408,18914472,1893912576,1946640384
findling-rss 1791201596,1534652416,332689408,18920144,1895292928,1946640384
findling-rss 1791201598,1438744576,332689408,18793896,1799200768,1946640384
findling-rss 1791201600,1482792960,332689408,18922400,1843605504,1946640384
findling-rss 1791201602,1527492608,332689408,18923072,1888776192,1946640384
findling-rss 1791201604,1533456384,332689408,18912912,1894531072,1946640384
findling-rss 1791201606,1443348480,332689408,18797312,1802772480,1946640384
findling-rss 1791201608,1543786496,332689408,18915512,1905475584,1946640384
findling-rss 1791201610,1538138112,332689408,18917864,1899008000,1946640384
findling-rss 1791201612,1517834240,332689408,18914080,1878937600,1946640384
findling-rss 1791201614,1538277376,332689408,18916232,1899589632,1946640384
findling-rss 1791201616,1538367488,332689408,18913472,1899462656,1946640384
findling-rss 1791201618,1538015232,332689408,18915312,1899118592,1946640384
findling-rss 1791201620,1493114880,332689408,18914576,1854074880,1946640384
findling-rss 1791201622,1543954432,332689408,18920168,1905262592,1946640384
findling-rss 1791201624,1541824512,332689408,18911512,1900814336,1946640384
findling-rss 1791201626,1539997696,332689408,18912992,1900236800,1946640384
findling-rss 1791201628,1450831872,332689408,18909928,1809645568,1946640384
findling-rss 1791201630,1540812800,332689408,18912176,1902645248,1946640384
findling-rss 1791201632,1487368192,332689408,18910384,1849188352,1946640384
findling-rss 1791201634,1448226816,326742016,18620504,1804017664,1946640384
findling-rss 1791201636,1454219264,326971392,18640824,1809797120,1946640384
findling-rss 1791201638,1475854336,326971392,18645816,1831538688,1946640384
findling-rss 1791201640,1475309568,326967296,18665976,1830248448,1946640384
findling-rss 1791201642,1435922432,326610944,18531912,1790963712,1946640384
findling-rss 1791201644,1454227456,326995968,18659344,1807798272,1946640384
findling-rss 1791201646,1474162688,326995968,18656744,1829081088,1946640384
findling-rss 1791201648,1473908736,326987776,18679688,1828372480,1946640384
findling-rss 1791201650,1435926528,326639616,18543976,1790312448,1946640384
findling-rss 1791201653,1473941504,327020544,18674864,1830014976,1946640384
findling-rss 1791201655,1412087808,327028736,18695696,1761652736,1946640384
findling-rss 1791201657,1478447104,327028736,18703040,1834237952,1946640384
findling-rss 1791201659,1435504640,326668288,18563432,1790431232,1946640384
findling-rss 1791201661,1474920448,327049216,18693104,1829535744,1946640384
findling-rss 1791201663,1454219264,327045120,18714696,1810132992,1946640384
findling-rss 1791201665,1476591616,327045120,18719712,1832693760,1946640384
findling-rss 1791201667,1378316288,326725632,18563496,1733963776,1946640384
findling-rss 1791201669,1474232320,327069696,18713272,1829253120,1946640384
findling-rss 1791201671,1473720320,327081984,18731200,1829244928,1946640384
findling-rss 1791201673,1427222528,326725632,18596912,1782202368,1946640384
findling-rss 1791201675,1430392832,330960896,18706952,1789460480,1946640384
findling-rss 1791201677,1476243456,330960896,18834328,1834524672,1946640384
findling-rss 1791201679,1526398976,330960896,18828896,1885298688,1946640384
findling-rss 1791201681,1454219264,330960896,18832760,1813278720,1946640384
findling-rss 1791201683,1404461056,330960896,18713352,1757417472,1946640384
findling-rss 1791201685,1526788096,330960896,18830392,1885450240,1946640384
findling-rss 1791201687,1535553536,330960896,18831752,1894219776,1946640384
findling-rss 1791201689,1517121536,330960896,18832296,1875898368,1946640384
findling-rss 1791201691,1537437696,330960896,18831896,1896484864,1946640384
findling-rss 1791201693,1538678784,330960896,18833848,1897426944,1946640384
findling-rss 1791201695,1538441216,330960896,18835352,1898418176,1946640384
findling-rss 1791201697,1518194688,330960896,18839184,1878728704,1946640384
findling-rss 1791201699,1538560000,330960896,18828720,1898598400,1946640384
findling-rss 1791201701,1538527232,330960896,18827160,1897467904,1946640384
findling-rss 1791201703,1538637824,330960896,18832920,1897689088,1946640384
findling-rss 1791201705,1509515264,330960896,18830472,1869656064,1946640384
findling-rss 1791201707,1539612672,330960896,18866288,1899958272,1946640384
findling-rss 1791201709,1533247488,327127040,18743464,1888878592,1946640384
findling-rss 1791201711,1417621504,326770688,18610896,1760890880,1946640384
findling-rss 1791201713,1506299904,327155712,18741704,1860747264,1946640384
findling-rss 1791201715,1527173120,327155712,18738968,1881407488,1946640384
findling-rss 1791201717,1526624256,327155712,18766424,1881640960,1946640384
findling-rss 1791201719,1434898432,326803456,18623080,1789538304,1946640384
findling-rss 1791201721,1508032512,327012352,18642592,1862324224,1946640384
findling-rss 1791201723,1414430720,327000064,18541208,1767628800,1946640384
findling-rss 1791201725,1530994688,327000064,18668304,1886187520,1946640384
findling-rss 1791201727,1435955200,326643712,18528432,1789935616,1946640384
findling-rss 1791201729,1525993472,331010048,18773720,1884573696,1946640384
findling-rss 1791201731,1489969152,331010048,18796096,1849221120,1946640384
findling-rss 1791201733,1536196608,331010048,18776376,1895387136,1946640384
findling-rss 1791201735,1536811008,331010048,18771344,1897357312,1946640384
findling-rss 1791201737,1538473984,331010048,18770744,1898516480,1946640384
findling-rss 1791201739,1483776000,331010048,18762968,1843671040,1946640384
findling-rss 1791201741,1538945024,331010048,18765680,1899163648,1946640384
findling-rss 1791201743,1539665920,331010048,18768504,1899077632,1946640384
findling-rss 1791201745,1537564672,331010048,18766600,1895772160,1946640384
findling-rss 1791201747,1470590976,331010048,18774504,1830567936,1946640384
findling-rss 1791201749,1547976704,331010048,18852152,1907888128,1946640384
findling-rss 1791201751,1541636096,331010048,18768920,1901473792,1946640384
findling-rss 1791201753,1525141504,331010048,18778600,1883820032,1946640384
findling-rss 1791201755,1442357248,331010048,18653960,1802211328,1946640384
findling-rss 1791201757,1538519040,331010048,18769696,1899024384,1946640384
findling-rss 1791201759,1526378496,327516160,18692184,1883004928,1946640384
findling-rss 1791201761,1435967488,327163904,18559448,1792004096,1946640384
findling-rss 1791201763,1488654336,327520256,18689560,1844162560,1946640384
findling-rss 1791201765,1513480192,327520256,18692272,1869172736,1946640384
findling-rss 1791201767,1525981184,327548928,18711608,1882284032,1946640384
findling-rss 1791201769,1435967488,327196672,18576360,1792487424,1946640384
findling-rss 1791201771,1506336768,327573504,18701224,1861095424,1946640384
findling-rss 1791201773,1529827328,327573504,18700872,1885306880,1946640384
findling-rss 1791201775,1526042624,327573504,18725744,1881403392,1946640384
findling-rss 1791201777,1432645632,327225344,18590320,1787961344,1946640384
findling-rss 1791201779,1525768192,327602176,18721272,1882132480,1946640384
findling-rss 1791201781,1470443520,330391552,18821936,1829142528,1946640384
findling-rss 1791201783,1526702080,330391552,18826792,1886474240,1946640384
findling-rss 1791201785,1535983616,330391552,18819880,1895874560,1946640384
findling-rss 1791201787,1534078976,330391552,18823792,1893388288,1946640384
findling-rss 1791201789,1442336768,330391552,18704632,1801695232,1946640384
findling-rss 1791201791,1537855488,330391552,18823064,1897254912,1946640384
findling-rss 1791201793,1538646016,330391552,18828216,1898373120,1946640384
findling-rss 1791201795,1537589248,330391552,18825280,1896087552,1946640384
findling-rss 1791201797,1442336768,330391552,18708736,1801461760,1946640384
findling-rss 1791201799,1539366912,330391552,18828480,1898586112,1946640384
findling-rss 1791201801,1540374528,330391552,18843072,1900113920,1946640384
findling-rss 1791201803,1518239744,330391552,18832856,1877520384,1946640384
findling-rss 1791201805,1512013824,330391552,18823856,1871630336,1946640384
findling-rss 1791201807,1378377728,327266304,18613824,1792118784,1946640384
findling-rss 1791201809,1527029760,327655424,18743768,1882791936,1946640384
findling-rss 1791201811,1526231040,327655424,18764864,1881894912,1946640384
findling-rss 1791201813,1435570176,327299072,18634552,1791053824,1946640384
findling-rss 1791201815,1378377728,327327744,18630432,1733296128,1946640384
findling-rss 1791201817,1526247424,327675904,18761752,1882447872,1946640384
findling-rss 1791201819,1526943744,327684096,18800192,1883820032,1946640384
findling-rss 1791201821,1433288704,327327744,18654296,1788973056,1946640384
findling-rss 1791201823,1430458368,385630208,20337632,1846030336,1946640384
findling-rss 1791201825,1527373824,327548928,18658760,1883541504,1946640384
findling-rss 1791201827,1527209984,327540736,18681304,1883226112,1946640384
findling-rss 1791201829,1434959872,327188480,18553064,1790316544,1946640384
findling-rss 1791201831,1480278016,327569408,18671800,1835651072,1946640384
findling-rss 1791201833,1531355136,327569408,18676736,1887440896,1946640384
findling-rss 1791201835,1525518336,327565312,18696632,1880809472,1946640384
findling-rss 1791201837,1378398208,327217152,18604440,1733615616,1946640384
findling-rss 1791201839,1506369536,327593984,18691288,1862103040,1946640384
findling-rss 1791201841,1378402304,327245824,18588016,1733640192,1946640384
findling-rss 1791201843,1526640640,327589888,18717256,1882750976,1946640384
findling-rss 1791201845,1398476800,327245824,18575088,1742516224,1946640384
findling-rss 1791201847,1526636544,327634944,18706536,1882382336,1946640384
findling-rss 1791201849,1506390016,327630848,18724984,1862696960,1946640384
findling-rss 1791201851,1527246848,327630848,18733760,1883070464,1946640384
findling-rss 1791201853,1436020736,327274496,18595248,1788108800,1946640384
findling-rss 1791201855,1526013952,327659520,18758952,1883394048,1946640384
findling-rss 1791201857,1526837248,327651328,18742672,1882812416,1946640384
findling-rss 1791201859,1378410496,327303168,18618912,1733246976,1946640384
findling-rss 1791201861,1421217792,327680000,18606936,1775165440,1946640384
findling-rss 1791201863,1525506048,327680000,18740232,1882288128,1946640384
findling-rss 1791201865,1530118144,327684096,18765648,1886322688,1946640384
findling-rss 1791201867,1388732416,327331840,18624504,1739464704,1946640384
findling-rss 1791201869,1506381824,327712768,18757128,1862348800,1946640384
findling-rss 1791201871,1527746560,327712768,18791984,1883639808,1946640384
findling-rss 1791201873,1526181888,327708672,18776512,1882812416,1946640384
findling-rss 1791201875,1436041216,327360512,18642944,1792655360,1946640384
findling-rss 1791201877,1525653504,327925760,18663384,1882152960,1946640384
findling-rss 1791201880,1440276480,327925760,18547448,1796567040,1946640384
findling-rss 1791201882,1536020480,327925760,18669880,1892278272,1946640384
findling-rss 1791201884,1526575104,327569408,18685816,1882169344,1946640384
findling-rss 1791201886,1435836416,327221248,18548648,1790623744,1946640384
findling-rss 1791201888,1506402304,327606272,18673408,1862545408,1946640384
findling-rss 1791201890,1526550528,327606272,18679928,1882988544,1946640384
findling-rss 1791201892,1526792192,327610368,18697664,1883705344,1946640384
findling-rss 1791201894,1435418624,327254016,18562504,1791750144,1946640384
findling-rss 1791201896,1523527680,327634944,18687824,1878847488,1946640384
findling-rss 1791201898,1428631552,327634944,18587848,1783017472,1946640384
findling-rss 1791201900,1532850176,327634944,18717096,1889759232,1946640384
findling-rss 1791201902,1435209728,327282688,18576648,1790754816,1946640384
findling-rss 1791201904,1529303040,327659520,18711320,1884700672,1946640384
findling-rss 1791201906,1457721344,327663616,18736080,1813528576,1946640384
findling-rss 1791201908,1530015744,327663616,18736040,1885454336,1946640384
findling-rss 1791201910,1435840512,327327744,18600328,1791123456,1946640384
findling-rss 1791201912,1526378496,327708672,18728096,1882390528,1946640384
findling-rss 1791201914,1506414592,327704576,18744616,1861337088,1946640384
findling-rss 1791201916,1378447360,327356416,18617696,1734844416,1946640384
findling-rss 1791201918,1378447360,327385088,18598552,1733816320,1946640384
findling-rss 1791201920,1526382592,327733248,18744840,1882730496,1946640384
findling-rss 1791201922,1525686272,329154560,18812856,1883598848,1946640384
findling-rss 1791201924,1516199936,329154560,18812104,1873764352,1946640384
findling-rss 1791201926,1537200128,329154560,18822832,1894838272,1946640384
findling-rss 1791201928,1537114112,329154560,18806512,1894154240,1946640384
findling-rss 1791201930,1538883584,329154560,18809272,1895985152,1946640384
findling-rss 1791201932,1492230144,329154560,18813296,1849720832,1946640384
findling-rss 1791201934,1538715648,329154560,18804072,1896341504,1946640384
findling-rss 1791201936,1435856896,327385088,18629880,1791700992,1946640384
findling-rss 1791201938,1527009280,327778304,18764952,1882718208,1946640384
findling-rss 1791201940,1488760832,327778304,18791264,1844940800,1946640384
findling-rss 1791201942,1419722752,327421952,18679016,1769680896,1946640384
findling-rss 1791201944,1472360448,327421952,18700824,1828663296,1946640384
findling-rss 1791201946,1528655872,327634944,18664328,1884848128,1946640384
findling-rss 1791201948,1525911552,327634944,18687216,1881690112,1946640384
findling-rss 1791201950,1378467840,327282688,18559640,1734094848,1946640384
findling-rss 1791201952,1430540288,327667712,18556760,1786671104,1946640384
findling-rss 1791201954,1526960128,327667712,18691160,1882828800,1946640384
findling-rss 1791201956,1526874112,327663616,18706832,1882509312,1946640384
findling-rss 1791201958,1378471936,327311360,18567296,1780183040,1946640384
findling-rss 1791201960,1497767936,327696384,18703320,1853607936,1946640384
findling-rss 1791201962,1533026304,327696384,18752728,1890177024,1946640384
findling-rss 1791201964,1526956032,327700480,18726792,1882656768,1946640384
findling-rss 1791201966,1384591360,327340032,18580736,1733570560,1946640384
findling-rss 1791201968,1506459648,327720960,18712488,1861533696,1946640384
findling-rss 1791201970,1408397312,327716864,18617184,1761959936,1946640384
findling-rss 1791201972,1526407168,327716864,18733864,1882419200,1946640384
findling-rss 1791201974,1436102656,327368704,18601848,1791348736,1946640384
findling-rss 1791201976,1526149120,327745536,18730968,1881927680,1946640384
findling-rss 1791201978,1439158272,327749632,18747536,1793089536,1946640384
findling-rss 1791201980,1528307712,327749632,18753736,1884545024,1946640384
findling-rss 1791201982,1436110848,327397376,18614592,1792036864,1946640384
findling-rss 1791201984,1526898688,327778304,18744544,1882189824,1946640384
findling-rss 1791201986,1506480128,327786496,18768488,1861840896,1946640384
findling-rss 1791201988,1526833152,327786496,18770144,1882763264,1946640384
findling-rss 1791201990,1378496512,327454720,18646536,1733435392,1946640384
findling-rss 1791201992,1533669376,327802880,18766760,1889153024,1946640384
findling-rss 1791201994,1525366784,333398016,18940000,1886654464,1946640384
findling-rss 1791201996,1440337920,333398016,18819048,1802358784,1946640384
findling-rss 1791201998,1536176128,333398016,18937600,1898090496,1946640384
findling-rss 1791202000,1537343488,333398016,18939784,1898721280,1946640384
findling-rss 1791202002,1522888704,333398016,18940720,1882619904,1946640384
findling-rss 1791202004,1442492416,333398016,18819048,1804333056,1946640384
findling-rss 1791202006,1538695168,333398016,18940256,1900810240,1946640384
findling-rss 1791202008,1538818048,333398016,18940544,1901109248,1946640384
findling-rss 1791202010,1527508992,333398016,18942256,1889026048,1946640384
findling-rss 1791202012,1442492416,333398016,18822240,1805242368,1946640384
findling-rss 1791202014,1538789376,333398016,18938464,1901150208,1946640384
findling-rss 1791202016,1538134016,333398016,18935376,1899810816,1946640384
findling-rss 1791202018,1518391296,333398016,18941304,1881362432,1946640384
findling-rss 1791202020,1442492416,333398016,18819216,1804775424,1946640384
findling-rss 1791202022,1538805760,333398016,18934552,1901989888,1946640384
findling-rss 1791202024,1538301952,333398016,18939544,1901084672,1946640384
findling-rss 1791202026,1465548800,333398016,18937272,1827557376,1946640384
findling-rss 1791202028,1433829376,333398016,18817464,1793933312,1946640384
findling-rss 1791202030,1485971456,333398016,18935472,1848295424,1946640384
findling-rss 1791202032,1535623168,333398016,18933808,1897525248,1946640384
findling-rss 1791202034,1519747072,333398016,18930792,1881501696,1946640384
findling-rss 1791202036,1540186112,333398016,18936208,1902256128,1946640384
findling-rss 1791202038,1542266880,333398016,19005128,1903013888,1946640384
findling-rss 1791202040,1370869760,327475200,18451568,1725620224,1946640384
findling-rss 1791202042,1404649472,327704576,18606736,1752248320,1946640384
findling-rss 1791202044,1489108992,327704576,18734472,1844830208,1946640384
findling-rss 1791202046,1523183616,327712768,18755776,1879523328,1946640384
findling-rss 1791202048,1430257664,327360512,18618728,1786490880,1946640384
findling-rss 1791202050,1500680192,327528448,18762720,1855631360,1946640384
findling-rss 1791202052,1586491392,327528448,18764528,1942298624,1946640384
findling-rss 1791202054,1525223424,327745536,18791856,1881710592,1946640384
findling-rss 1791202056,1427546112,327389184,18653368,1771057152,1946640384
findling-rss 1791202058,1504043008,327766016,18782168,1860796416,1946640384
findling-rss 1791202060,1523523584,327766016,18790992,1878720512,1946640384
findling-rss 1791202062,1524113408,327766016,18807328,1879818240,1946640384
findling-rss 1791202064,1433485312,327417856,18670576,1789546496,1946640384
findling-rss 1791202066,1523388416,327798784,18796856,1879171072,1946640384
findling-rss 1791202068,1428156416,330936320,18786152,1787752448,1946640384
findling-rss 1791202070,1524367360,330936320,18907600,1884184576,1946640384
findling-rss 1791202072,1535238144,330936320,18906056,1894813696,1946640384
findling-rss 1791202074,1514217472,330936320,18906976,1873903616,1946640384
findling-rss 1791202076,1534210048,330936320,18911664,1892610048,1946640384
findling-rss 1791202078,1534271488,330936320,18912264,1893937152,1946640384
findling-rss 1791202080,1535156224,330936320,18913944,1893314560,1946640384
findling-rss 1791202082,1516675072,330936320,18916224,1875435520,1946640384
findling-rss 1791202084,1545281536,330936320,18913952,1904128000,1946640384
findling-rss 1791202086,1537241088,330936320,18915232,1896398848,1946640384
findling-rss 1791202088,1537101824,330936320,18915760,1896263680,1946640384
findling-rss 1791202090,1437720576,330936320,18919648,1797951488,1946640384
findling-rss 1791202092,1483587584,330936320,18914744,1843064832,1946640384
findling-rss 1791202094,1488875520,330936320,18913904,1846124544,1946640384
findling-rss 1791202096,1444515840,327462912,18692064,1799835648,1946640384
findling-rss 1791202098,1504096256,327847936,18828680,1861275648,1946640384
findling-rss 1791202100,1524494336,327847936,18822752,1881358336,1946640384
findling-rss 1791202103,1531162624,327843840,18847648,1888329728,1946640384
findling-rss 1791202105,1377533952,327495680,18752640,1731657728,1946640384
findling-rss 1791202107,1504112640,327888896,18835944,1860911104,1946640384
findling-rss 1791202109,1376108544,327524352,18725360,1732358144,1946640384
findling-rss 1791202111,1524129792,327884800,18857032,1880776704,1946640384
findling-rss 1791202113,1433571328,327524352,18717896,1778057216,1946640384
findling-rss 1791202115,1523220480,327901184,18851184,1878626304,1946640384
findling-rss 1791202117,1456459776,327913472,18891976,1812197376,1946640384
findling-rss 1791202119,1524527104,327913472,18876520,1880584192,1946640384
findling-rss 1791202121,1433468928,327569408,18742872,1788850176,1946640384
findling-rss 1791202123,1522987008,327774208,18749840,1879580672,1946640384
findling-rss 1791202125,1504276480,327778304,18772288,1859940352,1946640384
findling-rss 1791202127,1413029888,327426048,18645528,1768009728,1946640384
findling-rss 1791202129,1376284672,327454720,18631256,1731485696,1946640384
findling-rss 1791202131,1524723712,327802880,18769608,1880109056,1946640384
findling-rss 1791202133,1523871744,327802880,18794392,1879134208,1946640384
findling-rss 1791202135,1432645632,327454720,18656400,1787252736,1946640384
findling-rss 1791202137,1457270784,327831552,18802576,1813639168,1946640384
findling-rss 1791202139,1526300672,327831552,18792224,1882611712,1946640384
findling-rss 1791202141,1528270848,327831552,18813968,1884286976,1946640384
findling-rss 1791202143,1433919488,327483392,18680560,1789898752,1946640384
findling-rss 1791202145,1504284672,327864320,18807240,1860481024,1946640384
findling-rss 1791202147,1428656128,327864320,18810112,1855332352,1946640384
findling-rss 1791202149,1586212864,327655424,18825840,1943138304,1946640384
findling-rss 1791202151,1477230592,327512064,18691696,1833443328,1946640384
findling-rss 1791202153,1522823168,327888896,18823760,1879769088,1946640384
findling-rss 1791202155,1428381696,327892992,18721296,1783877632,1946640384
findling-rss 1791202157,1524809728,327892992,18849016,1881780224,1946640384
findling-rss 1791202159,1376309248,327540736,18712864,1732943872,1946640384
findling-rss 1791202161,1524600832,327913472,18841264,1881571328,1946640384
findling-rss 1791202163,1504284672,327913472,18860664,1859837952,1946640384
findling-rss 1791202165,1524293632,327913472,18859496,1878777856,1946640384
findling-rss 1791202167,1433927680,327569408,18721952,1789362176,1946640384
findling-rss 1791202169,1524629504,327950336,18855136,1881780224,1946640384
findling-rss 1791202171,1504301056,327954432,18883096,1860423680,1946640384
findling-rss 1791202173,1376313344,327598080,18748192,1732206592,1946640384
findling-rss 1791202175,1376317440,385806336,20471232,1791950848,1946640384
findling-rss 1791202177,1525243904,327806976,18761376,1882177536,1946640384
findling-rss 1791202179,1524367360,327819264,18782512,1881370624,1946640384
findling-rss 1791202181,1433309184,327458816,18655608,1788878848,1946640384
findling-rss 1791202183,1455378432,327835648,18783752,1811136512,1946640384
findling-rss 1791202185,1524518912,327835648,18774184,1880326144,1946640384
findling-rss 1791202187,1523933184,327843840,18794992,1879396352,1946640384
findling-rss 1791202189,1433939968,327487488,18660192,1788690432,1946640384
findling-rss 1791202191,1504292864,327872512,18795352,1860132864,1946640384
findling-rss 1791202193,1388761088,327872512,18702472,1806999552,1946640384
findling-rss 1791202195,1524998144,327868416,18811304,1878970368,1946640384
findling-rss 1791202197,1433735168,327516160,18674784,1789509632,1946640384
findling-rss 1791202199,1507979264,329064448,18840872,1865539584,1946640384
findling-rss 1791202201,1414918144,327892992,18709512,1768304640,1946640384
findling-rss 1791202203,1530093568,327892992,18830224,1886064640,1946640384
findling-rss 1791202205,1433325568,327544832,18693120,1789222912,1946640384
findling-rss 1791202207,1524838400,327925760,18821600,1880854528,1946640384
findling-rss 1791202209,1461215232,327925760,18847288,1814032384,1946640384
findling-rss 1791202211,1525305344,327925760,18883816,1882394624,1946640384
findling-rss 1791202213,1433325568,327573504,18702264,1789239296,1946640384
findling-rss 1791202215,1524097024,327958528,18835104,1880707072,1946640384
findling-rss 1791202217,1521983488,327946240,18867560,1878134784,1946640384
findling-rss 1791202219,1431662592,327602176,18736288,1787252736,1946640384
findling-rss 1791202221,1376346112,327630848,18713584,1732022272,1946640384
findling-rss 1791202223,1530503168,327983104,18862280,1886949376,1946640384
findling-rss 1791202225,1524727808,327983104,18878360,1880326144,1946640384
findling-rss 1791202227,1376350208,327630848,18751568,1733177344,1946640384
findling-rss 1791202229,1420115968,386207744,20586696,1835610112,1946640384
findling-rss 1791202231,1511383040,327860224,18758472,1866907648,1946640384
findling-rss 1791202233,1524686848,327843840,18781200,1879965696,1946640384
findling-rss 1791202235,1433554944,327491584,18658448,1789116416,1946640384
findling-rss 1791202237,1486942208,328306688,18784344,1839501312,1946640384
findling-rss 1791202239,1528709120,328306688,18789232,1885679616,1946640384
findling-rss 1791202241,1524629504,328306688,18811304,1881509888,1946640384
findling-rss 1791202243,1433985024,327950336,18679976,1789755392,1946640384
findling-rss 1791202245,1522221056,328335360,18809712,1877839872,1946640384
findling-rss 1791202247,1411166208,328335360,18705120,1765806080,1946640384
findling-rss 1791202249,1525481472,328335360,18831520,1882431488,1946640384
findling-rss 1791202251,1432727552,327979008,18702128,1787654144,1946640384
findling-rss 1791202253,1524387840,328359936,18827496,1879584768,1946640384
findling-rss 1791202255,1410981888,328368128,18724768,1765539840,1946640384
findling-rss 1791202257,1510920192,328368128,18853888,1866743808,1946640384
findling-rss 1791202259,1467973632,328007680,18712904,1824559104,1946640384
findling-rss 1791202261,1525133312,328388608,18839368,1880756224,1946640384
findling-rss 1791202263,1455386624,328392704,18867880,1812312064,1946640384
findling-rss 1791202265,1524400128,328392704,18864160,1881739264,1946640384
findling-rss 1791202267,1433157632,328036352,18720744,1789427712,1946640384
findling-rss 1791202269,1523601408,328417280,18851152,1880137728,1946640384
findling-rss 1791202271,1475235840,328409088,18876048,1827360768,1946640384
findling-rss 1791202273,1524031488,328409088,18879000,1881001984,1946640384
findling-rss 1791202275,1382490112,328065024,18743144,1735077888,1946640384
findling-rss 1791202277,1524195328,328445952,18876624,1881595904,1946640384
findling-rss 1791202279,1504382976,329502720,18927704,1863434240,1946640384
findling-rss 1791202281,1431257088,329502720,18810600,1787822080,1946640384
findling-rss 1791202283,1534955520,329502720,18928560,1893023744,1946640384
findling-rss 1791202285,1534398464,329502720,18930304,1892478976,1946640384
findling-rss 1791202287,1516273664,329502720,18927296,1873592320,1946640384
findling-rss 1791202289,1536995328,329502720,18927480,1894711296,1946640384
findling-rss 1791202291,1432489984,328093696,18759912,1788694528,1946640384
findling-rss 1791202293,1525325824,328323072,18776192,1882218496,1946640384
findling-rss 1791202295,1503518720,329502720,18834496,1859862528,1946640384
findling-rss 1791202297,1411006464,327966720,18679088,1767464960,1946640384
findling-rss 1791202299,1411006464,327995392,18671176,1767866368,1946640384
findling-rss 1791202301,1586499584,328134656,18780160,1942695936,1946640384
findling-rss 1791202303,1523486720,328343552,18807720,1880989696,1946640384
findling-rss 1791202305,1431932928,327995392,18681880,1789001728,1946640384
findling-rss 1791202307,1421004800,328380416,18681824,1775300608,1946640384
findling-rss 1791202309,1523949568,328380416,18805360,1881104384,1946640384
findling-rss 1791202311,1531412480,328380416,18827648,1888641024,1946640384
findling-rss 1791202313,1434030080,328024064,18693360,1790148608,1946640384
findling-rss 1791202315,1469882368,328409088,18824128,1826545664,1946640384
findling-rss 1791202317,1525018624,328409088,18826808,1881952256,1946640384
findling-rss 1791202319,1525198848,328413184,18845520,1882198016,1946640384
findling-rss 1791202321,1433202688,328052736,18712336,1789894656,1946640384
findling-rss 1791202323,1504407552,328433664,18840128,1859379200,1946640384
findling-rss 1791202325,1525977088,328433664,18844872,1883054080,1946640384
findling-rss 1791202327,1524416512,329838592,18897168,1883955200,1946640384
findling-rss 1791202329,1534287872,329838592,18901624,1893769216,1946640384
findling-rss 1791202332,1506508800,329838592,18897640,1865527296,1946640384
findling-rss 1791202334,1535000576,329838592,18899168,1893191680,1946640384
findling-rss 1791202336,1535406080,329838592,18902008,1891909632,1946640384
findling-rss 1791202338,1536159744,329838592,18900912,1893568512,1946640384
findling-rss 1791202340,1433907200,328081408,18734240,1789317120,1946640384
findling-rss 1791202342,1428504576,328474624,18726848,1784782848,1946640384
findling-rss 1791202344,1524674560,328474624,18855512,1881051136,1946640384
findling-rss 1791202346,1524002816,329535488,18905768,1882030080,1946640384
findling-rss 1791202348,1514184704,329535488,18909280,1872392192,1946640384
findling-rss 1791202350,1438416896,329535488,18804760,1795817472,1946640384
findling-rss 1791202352,1534177280,329535488,18909336,1892737024,1946640384
findling-rss 1791202354,1535049728,329535488,18906648,1894236160,1946640384
findling-rss 1791202356,1410641920,328118272,18747512,1756270592,1946640384
findling-rss 1791202358,1437339648,328503296,18865480,1793945600,1946640384
findling-rss 1791202360,1524613120,328503296,18877680,1882492928,1946640384
findling-rss 1791202362,1524428800,328511488,18897240,1881292800,1946640384
findling-rss 1791202364,1411997696,328155136,18764240,1757446144,1946640384
findling-rss 1791202366,1504411648,328355840,18782448,1859911680,1946640384
findling-rss 1791202368,1529548800,328355840,18780920,1885986816,1946640384
findling-rss 1791202370,1523863552,328359936,18802336,1880018944,1946640384
findling-rss 1791202372,1434066944,328003584,18698456,1790173184,1946640384
findling-rss 1791202374,1521483776,328380416,18792232,1877569536,1946640384
findling-rss 1791202376,1428525056,328384512,18691336,1784074240,1946640384
findling-rss 1791202378,1524989952,328384512,18818232,1882210304,1946640384
findling-rss 1791202380,1376456704,328032256,18680152,1733148672,1946640384
findling-rss 1791202382,1524928512,328421376,18810880,1880719360,1946640384
findling-rss 1791202384,1504428032,328413184,18833480,1860968448,1946640384
findling-rss 1791202386,1524629504,328413184,18836952,1881952256,1946640384
findling-rss 1791202388,1434075136,328060928,18699640,1791172608,1946640384
findling-rss 1791202390,1525084160,328458240,18833808,1883742208,1946640384
findling-rss 1791202392,1521999872,328458240,18855592,1879158784,1946640384
findling-rss 1791202394,1376464896,328105984,18716928,1732739072,1946640384
findling-rss 1791202396,1422077952,328486912,18715856,1776578560,1946640384
findling-rss 1791202398,1524088832,328486912,18849264,1880768512,1946640384
findling-rss 1791202400,1525055488,328482816,18869776,1882296320,1946640384
findling-rss 1791202402,1434079232,328134656,18733800,1790652416,1946640384
findling-rss 1791202404,1504448512,328515584,18861080,1861414912,1946640384
findling-rss 1791202406,1525866496,328515584,18861032,1882001408,1946640384
findling-rss 1791202408,1524678656,328515584,18941368,1881767936,1946640384
findling-rss 1791202410,1434083328,328163328,18743480,1790992384,1946640384
findling-rss 1791202412,1524121600,328548352,18872960,1880932352,1946640384
findling-rss 1791202414,1428549632,328544256,18773904,1784782848,1946640384
findling-rss 1791202416,1524133888,328544256,18900416,1881735168,1946640384
findling-rss 1791202418,1433669632,328192000,18767168,1789902848,1946640384
findling-rss 1791202420,1524154368,328392704,18778496,1881370624,1946640384
findling-rss 1791202422,1504460800,328396800,18795008,1861050368,1946640384
findling-rss 1791202424,1528610816,328396800,18800000,1884991488,1946640384
findling-rss 1791202426,1434091520,328040448,18667944,1789853696,1946640384
findling-rss 1791202428,1523748864,328425472,18796056,1880395776,1946640384
findling-rss 1791202430,1504456704,328425472,18810864,1861623808,1946640384
findling-rss 1791202432,1524256768,328425472,18824736,1880965120,1946640384
findling-rss 1791202434,1376481280,328097792,18684656,1732685824,1946640384
findling-rss 1791202436,1529753600,328454144,18815984,1885958144,1946640384
findling-rss 1791202438,1523892224,328450048,18835880,1879777280,1946640384
findling-rss 1791202440,1376493568,328097792,18697720,1731944448,1946640384
findling-rss 1791202442,1428566016,328466432,18700000,1783341056,1946640384
findling-rss 1791202444,1524301824,328466432,18834696,1881071616,1946640384
findling-rss 1791202446,1527054336,329170944,18872480,1885835264,1946640384
findling-rss 1791202448,1514254336,329170944,18867496,1871114240,1946640384
findling-rss 1791202450,1535090688,329170944,18869864,1892937728,1946640384
findling-rss 1791202452,1541427200,329170944,18868080,1899925504,1946640384
findling-rss 1791202454,1376501760,328126464,18713808,1733038080,1946640384
findling-rss 1791202456,1524838400,328515584,18847016,1881214976,1946640384
findling-rss 1791202458,1428574208,328515584,18739640,1783951360,1946640384
findling-rss 1791202460,1530277888,328515584,18877976,1886789632,1946640384
findling-rss 1791202462,1434116096,328159232,18735320,1790582784,1946640384
findling-rss 1791202464,1508134912,329723904,18902112,1865695232,1946640384
findling-rss 1791202466,1437110272,328540160,18886448,1792483328,1946640384
findling-rss 1791202468,1524535296,328540160,18885592,1881419776,1946640384
findling-rss 1791202470,1434116096,328187904,18752024,1790795776,1946640384
findling-rss 1791202472,1524277248,328568832,18886720,1880981504,1946640384
findling-rss 1791202474,1504481280,328568832,18911208,1861349376,1946640384
findling-rss 1791202476,1421910016,328216576,18770960,1765326848,1946640384
findling-rss 1791202478,1376501760,328216576,18765720,1736757248,1946640384
findling-rss 1791202480,1524436992,328429568,18779032,1881788416,1946640384
findling-rss 1791202482,1523494912,328425472,18799584,1880236032,1946640384
findling-rss 1791202484,1376505856,328077312,18669600,1732218880,1946640384
findling-rss 1791202486,1437736960,328458240,18804192,1794048000,1946640384
findling-rss 1791202488,1524649984,328458240,18799008,1882324992,1946640384
findling-rss 1791202490,1524891648,328458240,18831168,1881759744,1946640384
findling-rss 1791202492,1434120192,328105984,18689016,1790640128,1946640384
findling-rss 1791202494,1504485376,328486912,18820312,1861451776,1946640384
findling-rss 1791202496,1528373248,328486912,18862856,1884774400,1946640384
findling-rss 1791202498,1524822016,328486912,18837320,1880870912,1946640384
findling-rss 1791202500,1434120192,328146944,18705408,1790877696,1946640384
findling-rss 1791202502,1524248576,328527872,18830808,1881706496,1946640384
findling-rss 1791202504,1426128896,328536064,18732080,1781460992,1946640384
findling-rss 1791202506,1528426496,328536064,18856280,1884995584,1946640384
findling-rss 1791202508,1432240128,328175616,18725096,1787928576,1946640384
findling-rss 1791202510,1525141504,328556544,18853160,1881964544,1946640384
findling-rss 1791202512,1478373376,328556544,18875976,1835569152,1946640384
findling-rss 1791202514,1532227584,328556544,18883936,1889009664,1946640384
findling-rss 1791202516,1376518144,328204288,18730008,1732820992,1946640384
findling-rss 1791202518,1524797440,328589312,18862448,1880944640,1946640384
findling-rss 1791202520,1504497664,328597504,18887992,1861451776,1946640384
findling-rss 1791202522,1381322752,328232960,18770744,1732534272,1946640384
findling-rss 1791202524,1376526336,328282112,18735296,1732751360,1946640384
findling-rss 1791202526,1524973568,328630272,18878920,1881145344,1946640384
findling-rss 1791202528,1524334592,328642560,18898192,1881866240,1946640384
findling-rss 1791202530,1421434880,328282112,18765960,1778520064,1946640384
findling-rss 1791202532,1428709376,387043328,20549360,1847541760,1946640384
findling-rss 1791202534,1524736000,328495104,18785720,1882267648,1946640384
findling-rss 1791202536,1524211712,328503296,18808032,1881341952,1946640384
findling-rss 1791202538,1376526336,328142848,18669392,1732972544,1946640384
findling-rss 1791202540,1504497664,328519680,18795688,1860980736,1946640384
findling-rss 1791202542,1524875264,328519680,18802000,1881825280,1946640384
findling-rss 1791202544,1525960704,328527872,18819576,1882099712,1946640384
findling-rss 1791202546,1434140672,328171520,18690176,1789825024,1946640384
findling-rss 1791202548,1524224000,328560640,18820816,1880842240,1946640384
findling-rss 1791202550,1428598784,328540160,18721704,1784352768,1946640384
findling-rss 1791202552,1523720192,328540160,18846640,1880588288,1946640384
findling-rss 1791202554,1386905600,328200192,18706944,1736974336,1946640384
findling-rss 1791202557,1524248576,328585216,18833736,1880256512,1946640384
findling-rss 1791202559,1504489472,328577024,18852672,1860583424,1946640384
findling-rss 1791202561,1524682752,328577024,18857864,1881456640,1946640384
findling-rss 1791202563,1377533952,328228864,18721968,1788080128,1946640384
findling-rss 1791202565,1524760576,328609792,18853128,1881329664,1946640384
findling-rss 1791202567,1523838976,328601600,18872136,1880813568,1946640384
findling-rss 1791202569,1376530432,328257536,18735656,1732931584,1946640384
findling-rss 1791202571,1428606976,328642560,18737096,1785585664,1946640384
findling-rss 1791202573,1524396032,328642560,18864688,1881288704,1946640384
findling-rss 1791202575,1525157888,328638464,18885128,1882554368,1946640384
findling-rss 1791202577,1433309184,328286208,18748872,1789673472,1946640384
findling-rss 1791202579,1504497664,328667136,18881832,1860440064,1946640384
findling-rss 1791202581,1526530048,328667136,18884456,1883447296,1946640384
findling-rss 1791202583,1525469184,328663040,18910464,1883193344,1946640384
findling-rss 1791202585,1433935872,328314880,18774968,1791197184,1946640384
findling-rss 1791202587,1523646464,328527872,18793120,1880195072,1946640384
findling-rss 1791202589,1428611072,328523776,18687344,1784905728,1946640384
findling-rss 1791202591,1530351616,328523776,18805960,1886736384,1946640384
findling-rss 1791202593,1434152960,328179712,18671328,1789747200,1946640384
findling-rss 1791202595,1525424128,328564736,18797952,1882230784,1946640384
findling-rss 1791202597,1504526336,328560640,18821632,1861251072,1946640384
findling-rss 1791202599,1531416576,328560640,18823512,1888006144,1946640384
findling-rss 1791202601,1433313280,328208384,18683072,1789480960,1946640384
findling-rss 1791202603,1524727808,328581120,18817208,1881124864,1946640384
findling-rss 1791202605,1524248576,328589312,18834712,1881047040,1946640384
findling-rss 1791202607,1376538624,328237056,18706680,1732800512,1946640384
findling-rss 1791202609,1428615168,328613888,18709160,1784528896,1946640384
findling-rss 1791202611,1525977088,328613888,18833936,1882173440,1946640384
findling-rss 1791202613,1507459072,328626176,18863808,1864663040,1946640384
findling-rss 1791202615,1467924480,328265728,18719872,1824382976,1946640384
findling-rss 1791202617,1504514048,328642560,18849632,1861087232,1946640384
findling-rss 1791202619,1524506624,328642560,18850120,1880956928,1946640384
findling-rss 1791202621,1525592064,328650752,18873480,1881817088,1946640384
findling-rss 1791202623,1433948160,328294400,18739560,1790173184,1946640384
findling-rss 1791202625,1523863552,328675328,18863048,1880612864,1946640384
findling-rss 1791202627,1428619264,328675328,18774432,1785135104,1946640384
findling-rss 1791202629,1524998144,328675328,18891888,1881001984,1946640384
findling-rss 1791202631,1434169344,328323072,18747176,1790001152,1946640384
findling-rss 1791202633,1525071872,328712192,18882504,1881968640,1946640384
findling-rss 1791202635,1470205952,328704000,18902776,1826213888,1946640384
findling-rss 1791202637,1526308864,328704000,18903672,1883901952,1946640384
findling-rss 1791202639,1433956352,328351744,18766776,1791156224,1946640384
findling-rss 1791202641,1524797440,328982528,18796088,1881468928,1946640384
findling-rss 1791202643,1504542720,328986624,18818888,1861947392,1946640384
findling-rss 1791202645,1524965376,328986624,18817416,1882300416,1946640384
findling-rss 1791202647,1376559104,328658944,18670976,1732780032,1946640384
findling-rss 1791202649,1506902016,328982528,18813376,1864855552,1946640384
findling-rss 1791202651,1524310016,329019392,18835664,1882959872,1946640384
findling-rss 1791202653,1430642688,328658944,18698552,1788932096,1946640384
findling-rss 1791202655,1428692992,329043968,18734816,1785819136,1946640384
findling-rss 1791202657,1525301248,329043968,18831992,1882222592,1946640384
findling-rss 1791202659,1525080064,329035776,18858984,1882361856,1946640384
findling-rss 1791202661,1434173440,328687616,18718360,1790783488,1946640384
findling-rss 1791202663,1504522240,329420800,18855952,1862668288,1946640384
findling-rss 1791202665,1523671040,329420800,18858048,1881112576,1946640384
findling-rss 1791202667,1535463424,329420800,18861648,1893646336,1946640384
findling-rss 1791202669,1524031488,329068544,18870184,1882447872,1946640384
findling-rss 1791202671,1426251776,328716288,18736560,1782800384,1946640384
findling-rss 1791202673,1428639744,329105408,18752088,1785020416,1946640384
findling-rss 1791202675,1524854784,329105408,18865224,1880924160,1946640384
findling-rss 1791202677,1524768768,329105408,18889112,1881104384,1946640384
findling-rss 1791202679,1376567296,328749056,18759768,1733357568,1946640384
findling-rss 1791202681,1504546816,329134080,18886624,1860902912,1946640384
findling-rss 1791202683,1524568064,329134080,18892864,1881722880,1946640384
findling-rss 1791202685,1524760576,329129984,18915488,1881645056,1946640384
findling-rss 1791202687,1433759744,328777728,18778192,1790631936,1946640384
findling-rss 1791202689,1504538624,329158656,18902232,1862766592,1946640384
findling-rss 1791202691,1530806272,329158656,18903352,1888964608,1946640384
findling-rss 1791202693,1524494336,329150464,18923264,1882804224,1946640384
findling-rss 1791202695,1433759744,328806400,18788592,1790840832,1946640384
findling-rss 1791202697,1524838400,329011200,18804088,1882148864,1946640384
findling-rss 1791202699,1439535104,333602816,18955848,1802141696,1946640384
findling-rss 1791202701,1527623680,333602816,18949360,1889701888,1946640384
findling-rss 1791202703,1534955520,333602816,18941960,1895677952,1946640384
findling-rss 1791202705,1531146240,333602816,18946488,1891999744,1946640384
findling-rss 1791202707,1439916032,333602816,18827160,1802354688,1946640384
findling-rss 1791202709,1536749568,333602816,18956560,1899323392,1946640384
findling-rss 1791202711,1537081344,333602816,18946624,1899679744,1946640384
findling-rss 1791202713,1516888064,333602816,18943024,1879916544,1946640384
findling-rss 1791202715,1540079616,333602816,18942552,1902698496,1946640384
findling-rss 1791202717,1537970176,333602816,18945728,1899978752,1946640384
findling-rss 1791202719,1484009472,333602816,18948128,1846341632,1946640384
findling-rss 1791202721,1464098816,333602816,18945760,1826222080,1946640384
findling-rss 1791202723,1488936960,333602816,18946448,1851809792,1946640384
findling-rss 1791202725,1529667584,333602816,18946752,1892257792,1946640384
findling-rss 1791202727,1543815168,333602816,18966360,1906606080,1946640384
findling-rss 1791202729,1493278720,333602816,18943560,1851990016,1946640384
findling-rss 1791202731,1539776512,333602816,18945512,1902387200,1946640384
findling-rss 1791202733,1539608576,333602816,18948704,1902350336,1946640384
findling-rss 1791202735,1539112960,333602816,18945968,1900777472,1946640384
findling-rss 1791202737,1438171136,328683520,18685848,1795252224,1946640384
findling-rss 1791202739,1409466368,329072640,18688784,1765007360,1946640384
findling-rss 1791202741,1524752384,329072640,18816104,1882710016,1946640384
findling-rss 1791202743,1525395456,329076736,18838888,1883787264,1946640384
findling-rss 1791202745,1434595328,328720384,18741808,1791934464,1946640384
findling-rss 1791202747,1457651712,329109504,18823728,1814650880,1946640384
findling-rss 1791202749,1525485568,329109504,18832168,1883586560,1946640384
findling-rss 1791202751,1530785792,329097216,18861168,1889021952,1946640384
findling-rss 1791202753,1434603520,328749056,18720872,1791741952,1946640384
findling-rss 1791202755,1536458752,328921088,18862624,1890050048,1946640384
findling-rss 1791202757,1587798016,328921088,18846976,1944756224,1946640384
findling-rss 1791202759,1528606720,329138176,18877600,1886826496,1946640384
findling-rss 1791202761,1434275840,328777728,18734552,1792290816,1946640384
findling-rss 1791202763,1505468416,329158656,18878744,1864024064,1946640384
findling-rss 1791202765,1529241600,329158656,18869992,1886052352,1946640384
findling-rss 1791202767,1525035008,329154560,18893624,1882472448,1946640384
findling-rss 1791202769,1435119616,328806400,18749256,1792696320,1946640384
findling-rss 1791202771,1525202944,329183232,18884128,1882558464,1946640384
findling-rss 1791202773,1469943808,329187328,18912792,1827602432,1946640384
findling-rss 1791202775,1526345728,329187328,18904328,1884835840,1946640384
findling-rss 1791202777,1377505280,328835072,18773288,1735196672,1946640384
findling-rss 1791202779,1525960704,329216000,18898576,1884446720,1946640384
findling-rss 1791202781,1520783360,329220096,18920032,1876684800,1946640384
findling-rss 1791202784,1377513472,328863744,18791600,1734541312,1946640384
findling-rss 1791202786,1413693440,387788800,20522848,1829928960,1946640384
findling-rss 1791202788,1525571584,329076736,18850648,1882988544,1946640384
findling-rss 1791202790,1525211136,329428992,18833640,1882865664,1946640384
findling-rss 1791202792,1515270144,329428992,18837600,1873698816,1946640384
findling-rss 1791202794,1535541248,329428992,18839944,1893462016,1946640384
findling-rss 1791202796,1377521664,328757248,18702744,1734123520,1946640384
findling-rss 1791202798,1525125120,329113600,18818000,1881849856,1946640384
findling-rss 1791202800,1524514816,329105408,18838448,1881579520,1946640384
findling-rss 1791202802,1429188608,328757248,18722936,1786163200,1946640384
findling-rss 1791202804,1417904128,329138176,18717296,1773801472,1946640384
findling-rss 1791202806,1526054912,329138176,18845472,1884172288,1946640384
findling-rss 1791202808,1525567488,329129984,18861464,1883901952,1946640384
findling-rss 1791202810,1383591936,328785920,18721824,1734254592,1946640384
findling-rss 1791202812,1505484800,329183232,18849928,1862012928,1946640384
findling-rss 1791202814,1525604352,329183232,18855424,1882783744,1946640384
findling-rss 1791202816,1508446208,329191424,18888640,1865830400,1946640384
findling-rss 1791202818,1412132864,328826880,18732024,1768132608,1946640384
findling-rss 1791202820,1508208640,329207808,18860224,1863241728,1946640384
findling-rss 1791202822,1472585728,329207808,18867328,1862553600,1946640384
findling-rss 1791202824,1528582144,329199616,18936624,1885323264,1946640384
findling-rss 1791202826,1435144192,328855552,18753992,1791094784,1946640384
findling-rss 1791202828,1526030336,329236480,18889384,1883074560,1946640384
findling-rss 1791202830,1456533504,330997760,18960400,1815711744,1946640384
findling-rss 1791202832,1531854848,330997760,19023400,1890570240,1946640384
findling-rss 1791202834,1534767104,330997760,18973224,1894379520,1946640384
findling-rss 1791202836,1516326912,330997760,18957336,1876123648,1946640384
findling-rss 1791202838,1514459136,330997760,18953512,1886310400,1946640384
findling-rss 1791202840,1538207744,330997760,18955368,1898258432,1946640384
findling-rss 1791202842,1537826816,330997760,18957160,1897627648,1946640384
findling-rss 1791202844,1508696064,330997760,18957616,1868955648,1946640384
findling-rss 1791202846,1537429504,330997760,18958280,1897644032,1946640384
findling-rss 1791202848,1436221440,328896512,18777488,1793277952,1946640384
findling-rss 1791202850,1526452224,329994240,18932232,1885233152,1946640384
findling-rss 1791202852,1515315200,329994240,18969656,1874587648,1946640384
findling-rss 1791202854,1439535104,329994240,18811792,1798975488,1946640384
findling-rss 1791202856,1541107712,329994240,18981616,1898975232,1946640384
findling-rss 1791202858,1524793344,329273344,18932496,1882521600,1946640384
findling-rss 1791202860,1377558528,328925184,18801096,1734402048,1946640384
findling-rss 1791202862,1429655552,387903488,20525488,1847476224,1946640384
findling-rss 1791202864,1530929152,329138176,18806496,1888317440,1946640384
findling-rss 1791202866,1525772288,329138176,18828568,1883746304,1946640384
findling-rss 1791202868,1433321472,328785920,18691080,1790046208,1946640384
findling-rss 1791202870,1479454720,329170944,18865960,1837105152,1946640384
findling-rss 1791202872,1525936128,329170944,18819168,1882664960,1946640384
findling-rss 1791202874,1526255616,329170944,18843712,1883865088,1946640384
findling-rss 1791202876,1435205632,328814592,18705736,1791528960,1946640384
findling-rss 1791202878,1505558528,329191424,18835464,1862774784,1946640384
findling-rss 1791202880,1384054784,329207808,18745536,1734889472,1946640384
findling-rss 1791202882,1525985280,329207808,18865984,1883697152,1946640384
findling-rss 1791202884,1433952256,328843264,18732424,1790566400,1946640384
findling-rss 1791202886,1525420032,329224192,18854976,1882202112,1946640384
findling-rss 1791202888,1479462912,329220096,18875304,1836974080,1946640384
findling-rss 1791202890,1527488512,329220096,18879184,1885859840,1946640384
findling-rss 1791202892,1434402816,328871936,18742448,1791361024,1946640384
findling-rss 1791202894,1524813824,329248768,18872208,1883189248,1946640384
findling-rss 1791202896,1524727808,329248768,18895296,1883152384,1946640384
findling-rss 1791202898,1377636352,328900608,18767280,1734479872,1946640384
findling-rss 1791202900,1439031296,330682368,18924672,1798115328,1946640384
findling-rss 1791202902,1525915648,330682368,18931320,1884360704,1946640384
findling-rss 1791202904,1535528960,330682368,18929896,1894408192,1946640384
findling-rss 1791202906,1535320064,330682368,18930408,1894223872,1946640384
findling-rss 1791202908,1441660928,330682368,18838256,1800437760,1946640384
findling-rss 1791202910,1537363968,330682368,18923744,1897009152,1946640384
findling-rss 1791202912,1536811008,330682368,18922024,1896947712,1946640384
findling-rss 1791202914,1505599488,329281536,18907800,1863692288,1946640384
findling-rss 1791202916,1411727360,328929280,18776256,1756282880,1946640384
findling-rss 1791202918,1377636352,328966144,18782376,1734569984,1946640384
findling-rss 1791202920,1526595584,329322496,18903984,1884655616,1946640384
findling-rss 1791202922,1525383168,329318400,18931128,1883029504,1946640384
findling-rss 1791202924,1377640448,328966144,18798968,1734594560,1946640384
findling-rss 1791202926,1429712896,387981312,20519600,1846927360,1946640384
findling-rss 1791202928,1528377344,329179136,18806080,1885196288,1946640384
findling-rss 1791202930,1526128640,329179136,18831872,1884549120,1946640384
findling-rss 1791202932,1435254784,328826880,18687808,1792991232,1946640384
findling-rss 1791202934,1458388992,329211904,18818448,1816301568,1946640384
findling-rss 1791202936,1526337536,329211904,18829360,1884303360,1946640384
findling-rss 1791202938,1526087680,329211904,18850776,1883607040,1946640384
findling-rss 1791202940,1372987392,328855552,18514360,1729691648,1946640384
findling-rss 1791202942,1361465344,329236480,18729376,1718435840,1946640384
findling-rss 1791202944,1490792448,329240576,18908576,1848582144,1946640384
findling-rss 1791202946,1530093568,329236480,18921688,1886498816,1946640384
findling-rss 1791202948,1376210944,328888320,18803088,1732431872,1946640384
findling-rss 1791202950,1428328448,329269248,18824712,1785237504,1946640384
findling-rss 1791202952,1523933184,329269248,18914152,1880702976,1946640384
findling-rss 1791202954,1524117504,329273344,18939688,1881542656,1946640384
findling-rss 1791202956,1376210944,328916992,18798416,1733332992,1946640384
findling-rss 1791202958,1486516224,329269248,18930584,1843253248,1946640384
findling-rss 1791202960,1506676736,329269248,18934376,1863872512,1946640384
findling-rss 1791202962,1527275520,329302016,18955000,1885351936,1946640384
findling-rss 1791202964,1433833472,328945664,18818648,1791303680,1946640384
findling-rss 1791202966,1522581504,329318400,18953320,1880870912,1946640384
findling-rss 1791202968,1428287488,329326592,18850376,1785069568,1946640384
findling-rss 1791202970,1524420608,329326592,18976144,1882267648,1946640384
findling-rss 1791202972,1433202688,328986624,18836560,1789448192,1946640384
findling-rss 1791202974,1523978240,329363456,18971344,1881387008,1946640384
findling-rss 1791202976,1478082560,329371648,18996704,1833099264,1946640384
findling-rss 1791202978,1526763520,329371648,18990800,1885200384,1946640384
findling-rss 1791202980,1432784896,329015296,18854080,1790308352,1946640384
findling-rss 1791202982,1525170176,329224192,18869536,1882550272,1946640384
findling-rss 1791202984,1504186368,329220096,18884992,1861558272,1946640384
findling-rss 1791202986,1524695040,329220096,18890536,1881976832,1946640384
findling-rss 1791202988,1376223232,328900608,18741592,1731862528,1946640384
findling-rss 1791202990,1530773504,329248768,18886840,1888161792,1946640384
findling-rss 1791202992,1524137984,329248768,18903552,1882103808,1946640384
findling-rss 1791202994,1428897792,328900608,18784432,1786826752,1946640384
findling-rss 1791202996,1428312064,331390976,18827072,1788907520,1946640384
findling-rss 1791202998,1526460416,331390976,19020328,1884356608,1946640384
findling-rss 1791203000,1534611456,331390976,18965024,1894940672,1946640384
findling-rss 1791203002,1515057152,331390976,18968304,1874964480,1946640384
findling-rss 1791203004,1479684096,331390976,18962624,1874321408,1946640384
findling-rss 1791203006,1535713280,331390976,18959584,1894842368,1946640384
findling-rss 1791203009,1536458752,331390976,18961192,1896583168,1946640384
findling-rss 1791203011,1516142592,331390976,18958960,1876930560,1946640384
findling-rss 1791203013,1538351104,331390976,18957536,1898860544,1946640384
findling-rss 1791203015,1537437696,331390976,18957432,1897897984,1946640384
findling-rss 1791203017,1524367360,329293824,18924328,1881989120,1946640384
findling-rss 1791203019,1426128896,328929280,18794736,1782804480,1946640384
findling-rss 1791203021,1428320256,330715136,18828160,1787121664,1946640384
findling-rss 1791203023,1524137984,330715136,18960744,1883516928,1946640384
findling-rss 1791203025,1534636032,330715136,18963176,1894318080,1946640384
findling-rss 1791203027,1515073536,330715136,18968856,1874837504,1946640384
findling-rss 1791203029,1439301632,330715136,18843360,1797808128,1946640384
findling-rss 1791203031,1535959040,330715136,18961424,1895284736,1946640384
findling-rss 1791203033,1535688704,330715136,18962384,1895919616,1946640384
findling-rss 1791203035,1504215040,329318400,18939920,1862586368,1946640384
findling-rss 1791203037,1530830848,329318400,18939768,1887055872,1946640384
findling-rss 1791203039,1433030656,328970240,18807736,1790201856,1946640384
findling-rss 1791203041,1527881728,329359360,18940080,1885118464,1946640384
findling-rss 1791203043,1504219136,329359360,18969016,1862709248,1946640384
findling-rss 1791203045,1527422976,329359360,18967432,1885966336,1946640384
findling-rss 1791203047,1433870336,329007104,18823840,1791586304,1946640384
findling-rss 1791203049,1524293632,329388032,18957184,1882050560,1946640384
findling-rss 1791203051,1523875840,329388032,18984304,1882284032,1946640384
findling-rss 1791203053,1417334784,329035776,18854728,1774903296,1946640384
findling-rss 1791203055,1376260096,329064448,18834192,1733328896,1946640384
findling-rss 1791203057,1524133888,329412608,18981440,1882546176,1946640384
findling-rss 1791203059,1524879360,329424896,18995064,1882374144,1946640384
findling-rss 1791203061,1433665536,329064448,18861984,1791315968,1946640384
findling-rss 1791203063,1466109952,329605120,18883456,1824284672,1946640384
findling-rss 1791203065,1524281344,329605120,18886640,1882476544,1946640384
findling-rss 1791203067,1534447616,329605120,18880856,1891729408,1946640384
findling-rss 1791203069,1520832512,329269248,18892280,1876307968,1946640384
findling-rss 1791203071,1432829952,328908800,18764528,1788080128,1946640384
findling-rss 1791203073,1376264192,328941568,18747888,1732231168,1946640384
findling-rss 1791203075,1524830208,329293824,18887224,1881931776,1946640384
findling-rss 1791203077,1523298304,329289728,18910992,1881243648,1946640384
findling-rss 1791203079,1430347776,328941568,18773072,1787133952,1946640384
findling-rss 1791203081,1429995520,329318400,18899320,1787424768,1946640384
findling-rss 1791203083,1524494336,329318400,18921328,1882566656,1946640384
findling-rss 1791203085,1524887552,329318400,18932536,1882845184,1946640384
findling-rss 1791203087,1433890816,328970240,18794000,1791660032,1946640384
findling-rss 1791203089,1504219136,329347072,18923208,1861062656,1946640384
findling-rss 1791203091,1376280576,329355264,18824880,1733066752,1946640384
findling-rss 1791203093,1524903936,329355264,18952872,1882488832,1946640384
findling-rss 1791203095,1433059328,328998912,18818672,1790140416,1946640384
findling-rss 1791203097,1523470336,329383936,18948504,1880477696,1946640384
findling-rss 1791203099,1467199488,329379840,18965056,1823948800,1946640384
findling-rss 1791203101,1526497280,329379840,18968744,1883623424,1946640384
findling-rss 1791203103,1433690112,329027584,18830784,1791307776,1946640384
findling-rss 1791203105,1524387840,329412608,18959800,1883389952,1946640384
findling-rss 1791203107,1513779200,329412608,18980064,1870983168,1946640384
findling-rss 1791203109,1376292864,329056256,18860592,1734008832,1946640384
findling-rss 1791203111,1376296960,329084928,18833256,1731801088,1946640384
findling-rss 1791203113,1524924416,329437184,18978880,1882116096,1946640384
findling-rss 1791203115,1506816000,329412608,18996968,1864413184,1946640384
findling-rss 1791203117,1468518400,329084928,18861272,1825984512,1946640384
findling-rss 1791203119,1457106944,329715712,18889424,1814564864,1946640384
findling-rss 1791203121,1529524224,329715712,18893056,1887240192,1946640384
findling-rss 1791203123,1526222848,329711616,18909392,1884749824,1946640384
findling-rss 1791203125,1433505792,329359360,18779816,1790881792,1946640384
findling-rss 1791203127,1504268288,329740288,18901544,1862508544,1946640384
findling-rss 1791203129,1527992320,329740288,18903224,1885544448,1946640384
findling-rss 1791203131,1524469760,329748480,18922496,1883639808,1946640384
findling-rss 1791203133,1433092096,329388032,18787000,1791717376,1946640384
findling-rss 1791203135,1504284672,329768960,18921256,1862344704,1946640384
findling-rss 1791203137,1376321536,329420800,18829816,1733873664,1946640384
findling-rss 1791203139,1524162560,329768960,18942760,1882607616,1946640384
findling-rss 1791203141,1433935872,329416704,18804168,1791295488,1946640384
findling-rss 1791203143,1524187136,329793536,18938064,1882292224,1946640384
findling-rss 1791203145,1495584768,329801728,18956864,1853804544,1946640384
findling-rss 1791203147,1525198848,329801728,18959680,1884401664,1946640384
findling-rss 1791203149,1433939968,329445376,18824504,1791598592,1946640384
findling-rss 1791203151,1525288960,329830400,18957960,1883537408,1946640384
findling-rss 1791203153,1506488320,329818112,19028544,1863487488,1946640384
findling-rss 1791203155,1419575296,329474048,18852608,1777528832,1946640384
findling-rss 1791203157,1376333824,329502720,18828584,1732358144,1946640384
findling-rss 1791203159,1524793344,329854976,18972984,1881939968,1946640384
findling-rss 1791203161,1524637696,329850880,18999424,1882533888,1946640384
findling-rss 1791203163,1424654336,329502720,18875800,1782571008,1946640384
findling-rss 1791203165,1434836992,329891840,18987808,1789689856,1946640384
findling-rss 1791203167,1525035008,329891840,18995400,1884037120,1946640384
findling-rss 1791203169,1524731904,329887744,19013096,1884700672,1946640384
findling-rss 1791203171,1434316800,329531392,18875640,1792520192,1946640384
findling-rss 1791203173,1477992448,329728000,19033408,1836900352,1946640384
findling-rss 1791203175,1507586048,329728000,18896984,1865773056,1946640384
findling-rss 1791203177,1531199488,329744384,18917936,1889873920,1946640384
findling-rss 1791203179,1433743360,329396224,18780776,1792159744,1946640384
findling-rss 1791203181,1504313344,329781248,18912072,1863016448,1946640384
findling-rss 1791203183,1376342016,329424896,18827032,1734254592,1946640384
findling-rss 1791203185,1524338688,329777152,18933896,1882124288,1946640384
findling-rss 1791203187,1433534464,329424896,18791744,1790279680,1946640384
findling-rss 1791203189,1524080640,329801728,18925784,1882693632,1946640384
findling-rss 1791203191,1504313344,329814016,18959128,1863032832,1946640384
findling-rss 1791203193,1525071872,329814016,18951600,1884532736,1946640384
findling-rss 1791203195,1432289280,329453568,18815112,1791299584,1946640384
findling-rss 1791203197,1525305344,329834496,18942384,1883881472,1946640384
findling-rss 1791203199,1523580928,329838592,18962280,1882370048,1946640384
findling-rss 1791203201,1425842176,329482240,18832232,1784074240,1946640384
findling-rss 1791203203,1376354304,329510912,18811504,1733783552,1946640384
findling-rss 1791203205,1524334592,329863168,18954328,1882660864,1946640384
findling-rss 1791203207,1523224576,329863168,18977016,1882644480,1946640384
findling-rss 1791203209,1433133056,329510912,18849528,1791270912,1946640384
findling-rss 1791203211,1435631616,329895936,18962816,1790758912,1946640384
findling-rss 1791203213,1524482048,329895936,18977344,1883131904,1946640384
findling-rss 1791203215,1524350976,329891840,18996400,1883582464,1946640384
findling-rss 1791203217,1433980928,329539584,18860488,1790898176,1946640384
findling-rss 1791203219,1504337920,339382272,19251808,1872687104,1946640384
findling-rss 1791203221,1524580352,339382272,19253608,1893072896,1946640384
findling-rss 1791203223,1534144512,339382272,19290544,1902309376,1946640384
findling-rss 1791203225,1534717952,339382272,19253152,1903374336,1946640384
findling-rss 1791203227,1479557120,339382272,19255800,1847771136,1946640384
findling-rss 1791203229,1536057344,339382272,19251440,1904840704,1946640384
findling-rss 1791203231,1535541248,339382272,19252840,1904013312,1946640384
findling-rss 1791203233,1535832064,339382272,19251944,1903906816,1946640384
findling-rss 1791203236,1407959040,339382272,19256136,1770143744,1946640384
findling-rss 1791203238,1483792384,339382272,19253488,1852182528,1946640384
findling-rss 1791203240,1483927552,339382272,19252472,1852403712,1946640384
findling-rss 1791203242,1524543488,339382272,19266968,1892306944,1946640384
findling-rss 1791203244,1441742848,339382272,19132512,1809555456,1946640384
findling-rss 1791203246,1537773568,339382272,19252416,1905225728,1946640384
findling-rss 1791203248,1539043328,339382272,19257376,1906622464,1946640384
findling-rss 1791203250,1518739456,339382272,19256760,1886863360,1946640384
findling-rss 1791203252,1442816000,339382272,19151208,1810120704,1946640384
findling-rss 1791203254,1539133440,339382272,19251448,1907052544,1946640384
findling-rss 1791203256,1486331904,339382272,19251008,1854648320,1946640384
findling-rss 1791203258,1465954304,339382272,19252928,1834602496,1946640384
findling-rss 1791203260,1486213120,339382272,19253296,1854676992,1946640384
findling-rss 1791203262,1529995264,339382272,19249808,1898782720,1946640384
findling-rss 1791203264,1539682304,339382272,19251280,1909035008,1946640384
findling-rss 1791203266,1521201152,339382272,19251912,1889599488,1946640384
findling-rss 1791203268,1545129984,339382272,19251288,1914564608,1946640384
findling-rss 1791203270,1541210112,339382272,19256672,1910632448,1946640384
findling-rss 1791203272,1541505024,339382272,19254600,1909800960,1946640384
findling-rss 1791203274,1433915392,339382272,19257688,1801007104,1946640384
findling-rss 1791203276,1488674816,339382272,19258680,1857032192,1946640384
findling-rss 1791203278,1493934080,339382272,19286272,1862438912,1946640384
findling-rss 1791203280,1532100608,339382272,19251680,1900601344,1946640384
findling-rss 1791203282,1457930240,339382272,19250984,1826398208,1946640384
findling-rss 1791203284,1542160384,339382272,19250520,1910562816,1946640384
findling-rss 1791203286,1543925760,339382272,19250112,1913331712,1946640384
findling-rss 1791203288,1543774208,339382272,19249288,1912811520,1946640384
findling-rss 1791203290,1488072704,339382272,19250464,1857339392,1946640384
findling-rss 1791203292,1550979072,339382272,19248880,1920167936,1946640384
findling-rss 1791203294,1544187904,339382272,19256072,1912860672,1946640384
findling-rss 1791203296,1513762816,329932800,19009576,1872547840,1946640384
findling-rss 1791203298,1416617984,329596928,18875784,1773944832,1946640384
findling-rss 1791203300,1416617984,388505600,20635792,1834737664,1946640384
findling-rss 1791203302,1478455296,329834496,18940048,1836122112,1946640384
findling-rss 1791203304,1477885952,329838592,18923112,1836855296,1946640384
findling-rss 1791203306,1382019072,329482240,18780392,1740816384,1946640384
findling-rss 1791203308,1391779840,329867264,18903800,1749008384,1946640384
findling-rss 1791203310,1478066176,329867264,18910784,1837236224,1946640384
findling-rss 1791203312,1480282112,329863168,18930912,1838071808,1946640384
findling-rss 1791203314,1439211520,329510912,18843952,1797697536,1946640384
findling-rss 1791203316,1449226240,329912320,18924072,1807130624,1946640384
findling-rss 1791203318,1478561792,329912320,18923416,1837957120,1946640384
findling-rss 1791203320,1478512640,329912320,18953936,1837178880,1946640384
findling-rss 1791203322,1437958144,329555968,18821424,1796182016,1946640384
findling-rss 1791203324,1457938432,329945088,18946944,1816817664,1946640384
findling-rss 1791203326,1482588160,329945088,18939832,1840787456,1946640384
findling-rss 1791203328,1477447680,329932800,18967656,1836032000,1946640384
findling-rss 1791203330,1389264896,329584640,18844408,1743892480,1946640384
findling-rss 1791203332,1478647808,329965568,18957568,1836158976,1946640384
findling-rss 1791203334,1384329216,329965568,18987032,1741975552,1946640384
findling-rss 1791203336,1484337152,329965568,18980488,1841614848,1946640384
findling-rss 1791203338,1437556736,329613312,18842656,1795039232,1946640384
findling-rss 1791203340,1478635520,329994240,18974192,1838067712,1946640384
findling-rss 1791203342,1422880768,329986048,18996008,1781006336,1946640384
findling-rss 1791203344,1478107136,329986048,18994120,1836572672,1946640384
findling-rss 1791203346,1439227904,329641984,18854632,1796583424,1946640384
findling-rss 1791203348,1477873664,330022912,18991912,1836650496,1946640384
findling-rss 1791203350,1476644864,330027008,19009008,1835245568,1946640384
findling-rss 1791203352,1439440896,329670656,18883512,1796423680,1946640384
findling-rss 1791203354,1402544128,388882432,20585104,1820442624,1946640384
findling-rss 1791203356,1512239104,329854976,18907208,1870417920,1946640384
findling-rss 1791203358,1477906432,329887744,18916136,1836531712,1946640384
findling-rss 1791203360,1382121472,329527296,18778248,1752342528,1946640384
findling-rss 1791203362,1458012160,329908224,18921928,1815666688,1946640384
findling-rss 1791203364,1478213632,329908224,18915232,1836388352,1946640384
findling-rss 1791203366,1478619136,329912320,18940344,1835974656,1946640384
findling-rss 1791203368,1438904320,329555968,18801208,1795895296,1946640384
findling-rss 1791203370,1477775360,329932800,18931856,1836863488,1946640384
findling-rss 1791203372,1434210304,329940992,18835432,1792282624,1946640384
findling-rss 1791203374,1477844992,329940992,18954008,1835757568,1946640384
findling-rss 1791203376,1439756288,329584640,18814648,1797234688,1946640384
findling-rss 1791203378,1478201344,329965568,18959712,1836228608,1946640384
findling-rss 1791203380,1423712256,329965568,18973296,1782345728,1946640384
findling-rss 1791203382,1477689344,329965568,18970520,1835876352,1946640384
findling-rss 1791203384,1439764480,329613312,18833264,1797713920,1946640384
findling-rss 1791203386,1477861376,329998336,18963424,1837019136,1946640384
findling-rss 1791203388,1476280320,329990144,18988104,1834684416,1946640384
findling-rss 1791203390,1439551488,329641984,18855528,1797279744,1946640384
findling-rss 1791203392,1382158336,329670656,18865736,1739059200,1946640384
findling-rss 1791203394,1478598656,330022912,18987008,1836630016,1946640384
findling-rss 1791203396,1478701056,330022912,19006680,1836589056,1946640384
findling-rss 1791203398,1382166528,329670656,18862848,1739550720,1946640384
findling-rss 1791203400,1434243072,330051584,18869360,1792077824,1946640384
findling-rss 1791203402,1480966144,330051584,19002112,1839382528,1946640384
findling-rss 1791203404,1478676480,330059776,19027008,1837379584,1946640384
findling-rss 1791203406,1438527488,329699328,18887600,1796620288,1946640384
findling-rss 1791203408,1458372608,390164480,20755984,1878528000,1946640384
findling-rss 1791203410,1517502464,331079680,18932024,1877516288,1946640384
findling-rss 1791203412,1477472256,329912320,18922464,1834942464,1946640384
findling-rss 1791203414,1439371264,329564160,18790816,1797869568,1946640384
findling-rss 1791203416,1449365504,329940992,18920752,1807196160,1946640384
findling-rss 1791203418,1483923456,329940992,18915680,1842003968,1946640384
findling-rss 1791203420,1483603968,329940992,18957016,1843572736,1946640384
findling-rss 1791203422,1439797248,329592832,18798776,1797808128,1946640384
findling-rss 1791203424,1458081792,329977856,18925704,1817047040,1946640384
findling-rss 1791203426,1478430720,329977856,18930728,1837076480,1946640384
findling-rss 1791203428,1478438912,329973760,18951936,1836421120,1946640384
findling-rss 1791203430,1382182912,329621504,18812792,1760374784,1946640384
findling-rss 1791203432,1477521408,330002432,18950032,1835917312,1946640384
findling-rss 1791203434,1393537024,330010624,18970360,1751941120,1946640384
findling-rss 1791203436,1477992448,330010624,18975056,1836965888,1946640384
findling-rss 1791203438,1382187008,329678848,18847520,1740021760,1946640384
findling-rss 1791203440,1478242304,330031104,18963096,1837334528,1946640384
findling-rss 1791203442,1478467584,330035200,18982112,1837666304,1946640384
findling-rss 1791203444,1382191104,329678848,18853856,1740554240,1946640384
findling-rss 1791203446,1478303744,330059776,18980624,1836457984,1946640384
findling-rss 1791203448,1477988352,330059776,19005504,1837137920,1946640384
findling-rss 1791203450,1430716416,329707520,18873688,1788190720,1946640384
findling-rss 1791203452,1477914624,330080256,19001560,1836195840,1946640384
findling-rss 1791203454,1477943296,330092544,19021968,1837461504,1946640384
findling-rss 1791203456,1382203392,329736192,18882904,1740648448,1946640384
findling-rss 1791203458,1478955008,333783040,19008312,1840836608,1946640384
findling-rss 1791203461,1477566464,333783040,19006280,1839329280,1946640384
findling-rss 1791203463,1434275840,333783040,18888120,1795346432,1946640384
findling-rss 1791203465,1482006528,333783040,19008208,1844002816,1946640384
findling-rss 1791203467,1477386240,333783040,19014616,1840160768,1946640384
findling-rss 1791203469,1458102272,333783040,19012064,1821343744,1946640384
findling-rss 1791203471,1478279168,333783040,19013808,1841451008,1946640384
findling-rss 1791203473,1478492160,333783040,19023448,1841377280,1946640384
findling-rss 1791203475,1529831424,333783040,19011992,1892696064,1946640384
findling-rss 1791203477,1458130944,333783040,19017168,1820618752,1946640384
findling-rss 1791203479,1477992448,333783040,19009880,1840222208,1946640384
findling-rss 1791203481,1478955008,333783040,19010984,1840844800,1946640384
findling-rss 1791203483,1529806848,333783040,19010528,1892130816,1946640384
findling-rss 1791203485,1421688832,333783040,19009760,1784205312,1946640384
findling-rss 1791203487,1479372800,333783040,19010552,1841745920,1946640384
findling-rss 1791203489,1534558208,333783040,19013520,1897197568,1946640384
findling-rss 1791203491,1471746048,329965568,18940784,1829355520,1946640384
findling-rss 1791203493,1483620352,329965568,18921584,1841618944,1946640384
findling-rss 1791203495,1513467904,331186176,18952536,1872760832,1946640384
findling-rss 1791203497,1410121728,330010624,18943776,1768079360,1946640384
findling-rss 1791203499,1477627904,330010624,18939336,1836797952,1946640384
findling-rss 1791203501,1477353472,330035200,18931632,1835528192,1946640384
findling-rss 1791203503,1434296320,330035200,18827208,1791971328,1946640384
findling-rss 1791203505,1482272768,330035200,18953496,1841074176,1946640384
findling-rss 1791203507,1458114560,330067968,18947824,1815912448,1946640384
findling-rss 1791203509,1478045696,330067968,18946184,1837436928,1946640384
findling-rss 1791203511,1478205440,330063872,18969216,1837244416,1946640384
findling-rss 1791203513,1458126848,330096640,18961240,1817075712,1946640384
findling-rss 1791203515,1478561792,330096640,18965112,1836953600,1946640384
findling-rss 1791203517,1478201344,330096640,18987520,1834946560,1946640384
findling-rss 1791203519,1423732736,330125312,18977704,1780113408,1946640384
findling-rss 1791203521,1478094848,330125312,18981304,1836302336,1946640384
findling-rss 1791203523,1477681152,330129408,19007576,1836605440,1946640384
findling-rss 1791203525,1421250560,330149888,18999536,1778638848,1946640384
findling-rss 1791203527,1478000640,330149888,18997912,1835982848,1946640384
findling-rss 1791203529,1478324224,330145792,19023776,1837002752,1946640384
findling-rss 1791203531,1393168384,389197824,20744664,1812094976,1946640384
findling-rss 1791203533,1484845056,330022912,18897088,1842503680,1946640384
findling-rss 1791203535,1478041600,330022912,18922040,1837821952,1946640384
findling-rss 1791203537,1434300416,330043392,18795248,1793142784,1946640384
findling-rss 1791203539,1481682944,330043392,18918432,1838153728,1946640384
findling-rss 1791203541,1478119424,330043392,18940296,1836425216,1946640384
findling-rss 1791203543,1382227968,329723904,18788088,1738899456,1946640384
findling-rss 1791203545,1483755520,330076160,18935640,1841795072,1946640384
findling-rss 1791203547,1581281280,329859072,18964688,1938984960,1946640384
findling-rss 1791203549,1429311488,329723904,18839544,1828913152,1946640384
findling-rss 1791203551,1479004160,330104832,18968568,1837756416,1946640384
findling-rss 1791203553,1496571904,330113024,18989696,1853444096,1946640384
findling-rss 1791203555,1417818112,329752576,18853352,1775222784,1946640384
findling-rss 1791203557,1478905856,330129408,19037296,1838592000,1946640384
findling-rss 1791203559,1459113984,330133504,19012096,1817833472,1946640384
findling-rss 1791203561,1481957376,330133504,19030176,1841008640,1946640384
findling-rss 1791203563,1513836544,330166272,19004368,1871892480,1946640384
findling-rss 1791203565,1459126272,330162176,19028696,1817268224,1946640384
findling-rss 1791203567,1479053312,330162176,19028496,1838071808,1946640384
findling-rss 1791203569,1482362880,330194944,19020480,1841332224,1946640384
findling-rss 1791203571,1459109888,330186752,19040696,1817767936,1946640384
findling-rss 1791203573,1479770112,330186752,19039248,1839038464,1946640384
findling-rss 1791203575,1479716864,330047488,18921072,1838436352,1946640384
findling-rss 1791203577,1433595904,330047488,18939240,1789276160,1946640384
findling-rss 1791203579,1479987200,330047488,18939248,1837682688,1946640384
findling-rss 1791203581,1480269824,330088448,18931344,1837780992,1946640384
findling-rss 1791203583,1411813376,330084352,18965048,1770274816,1946640384
findling-rss 1791203585,1480970240,330084352,18959168,1838870528,1946640384
findling-rss 1791203587,1478660096,330108928,18951232,1836658688,1946640384
findling-rss 1791203589,1435897856,330100736,18850416,1794166784,1946640384
findling-rss 1791203591,1479688192,330100736,18979048,1838759936,1946640384
findling-rss 1791203593,1478848512,330137600,18969544,1837596672,1946640384
findling-rss 1791203595,1435901952,330133504,18869944,1794527232,1946640384
findling-rss 1791203597,1480343552,330133504,18995536,1840058368,1946640384
findling-rss 1791203599,1476030464,330162176,18985280,1834385408,1946640384
findling-rss 1791203601,1417789440,330162176,18885968,1774546944,1946640384
findling-rss 1791203603,1486237696,330162176,19012528,1845538816,1946640384
findling-rss 1791203605,1459736576,330190848,19001560,1819009024,1946640384
findling-rss 1791203607,1480192000,330190848,19002552,1838063616,1946640384
findling-rss 1791203609,1480339456,330194944,19032584,1839099904,1946640384
findling-rss 1791203611,1459740672,330219520,19022368,1819574272,1946640384
findling-rss 1791203613,1480273920,330219520,19020792,1839321088,1946640384
findling-rss 1791203615,1479712768,330219520,19044576,1838256128,1946640384
findling-rss 1791203617,1424498688,330080256,18933952,1782763520,1946640384
findling-rss 1791203619,1483427840,330080256,18920240,1842094080,1946640384
findling-rss 1791203621,1478529024,330076160,18948968,1838018560,1946640384
findling-rss 1791203623,1412616192,330100736,18930064,1771622400,1946640384
findling-rss 1791203625,1479847936,330100736,18938536,1837895680,1946640384
findling-rss 1791203627,1480536064,330108928,18960816,1838624768,1946640384
findling-rss 1791203629,1435914240,330133504,18835072,1794142208,1946640384
findling-rss 1791203631,1479548928,330133504,18957392,1838473216,1946640384
findling-rss 1791203633,1480245248,330141696,18995736,1838616576,1946640384
findling-rss 1791203635,1429733376,330166272,18839048,1785544704,1946640384
findling-rss 1791203637,1480454144,330166272,18968984,1837809664,1946640384
findling-rss 1791203639,1481318400,330166272,18990568,1838350336,1946640384
findling-rss 1791203641,1383854080,329842688,18841680,1742327808,1946640384
findling-rss 1791203643,1482752000,330190848,18991200,1840750592,1946640384
findling-rss 1791203645,1479802880,330194944,19019480,1838518272,1946640384
findling-rss 1791203647,1436729344,329842688,18871712,1795354624,1946640384
findling-rss 1791203649,1480450048,330219520,19004576,1838882816,1946640384
findling-rss 1791203651,1475784704,331624448,19061440,1834852352,1946640384
findling-rss 1791203653,1435934720,331624448,18943336,1796100096,1946640384
findling-rss 1791203655,1479839744,331624448,19068760,1840545792,1946640384
findling-rss 1791203657,1479811072,331624448,19069056,1840590848,1946640384
findling-rss 1791203659,1459765248,331624448,19067240,1820356608,1946640384
findling-rss 1791203661,1479372800,331624448,19071808,1839460352,1946640384
findling-rss 1791203663,1479942144,331624448,19070432,1840381952,1946640384
findling-rss 1791203665,1459769344,330260480,19028688,1818370048,1946640384
findling-rss 1791203667,1480564736,330260480,19026496,1838854144,1946640384
findling-rss 1791203669,1480134656,330264576,19045096,1840275456,1946640384
findling-rss 1791203671,1421996032,330108928,18923096,1780797440,1946640384
findling-rss 1791203673,1480130560,330108928,18924152,1839505408,1946640384
findling-rss 1791203675,1479561216,330104832,18949296,1838313472,1946640384
findling-rss 1791203677,1423523840,330153984,18932320,1780781056,1946640384
findling-rss 1791203679,1483378688,330153984,18939512,1841958912,1946640384
findling-rss 1791203681,1479495680,330153984,18968920,1838825472,1946640384
findling-rss 1791203684,1418485760,331345920,18853664,1777205248,1946640384
findling-rss 1791203686,1517101056,331345920,19037792,1874751488,1946640384
findling-rss 1791203688,1479311360,330174464,18973360,1839038464,1946640384
findling-rss 1791203690,1383882752,329854976,18837664,1741012992,1946640384
findling-rss 1791203692,1480359936,330211328,18969912,1839046656,1946640384
findling-rss 1791203694,1479110656,330207232,18991160,1838264320,1946640384
findling-rss 1791203696,1383882752,329854976,18862664,1741910016,1946640384
findling-rss 1791203698,1482665984,330235904,18987880,1840271360,1946640384
findling-rss 1791203700,1479880704,330231808,19008496,1837604864,1946640384
findling-rss 1791203702,1430867968,329883648,18881272,1789009920,1946640384
findling-rss 1791203704,1479528448,330264576,19003800,1839116288,1946640384
findling-rss 1791203706,1459802112,330264576,19022576,1818439680,1946640384
findling-rss 1791203708,1485508608,330264576,19023904,1844531200,1946640384
findling-rss 1791203710,1479319552,330301440,19018328,1837740032,1946640384
findling-rss 1791203712,1459814400,330301440,19035904,1818767360,1946640384
findling-rss 1791203714,1480019968,330301440,19041424,1839497216,1946640384
findling-rss 1791203716,1479151616,330149888,18923224,1836937216,1946640384
findling-rss 1791203718,1418899456,330149888,18943584,1772421120,1946640384
findling-rss 1791203720,1479462912,330149888,18948032,1837539328,1946640384
findling-rss 1791203722,1480032256,330182656,18944960,1837748224,1946640384
findling-rss 1791203724,1410842624,330190848,18966840,1768402944,1946640384
findling-rss 1791203726,1481080832,330190848,18965248,1839136768,1946640384
findling-rss 1791203728,1484034048,330215424,18955856,1840893952,1946640384
findling-rss 1791203730,1435983872,330211328,18852144,1794064384,1946640384
findling-rss 1791203732,1480753152,330211328,18976376,1839087616,1946640384
findling-rss 1791203734,1479024640,330231808,18970696,1836814336,1946640384
findling-rss 1791203736,1435983872,330248192,18873136,1793974272,1946640384
findling-rss 1791203738,1480364032,330248192,18992040,1838891008,1946640384
findling-rss 1791203740,1475981312,330268672,18992960,1834524672,1946640384
findling-rss 1791203742,1383915520,329916416,18876712,1740480512,1946640384
findling-rss 1791203744,1479352320,330264576,19017304,1838276608,1946640384
findling-rss 1791203746,1459822592,330297344,19005928,1818800128,1946640384
findling-rss 1791203748,1383919616,329949184,18912408,1743327232,1946640384
findling-rss 1791203750,1479831552,330297344,19033368,1838112768,1946640384
findling-rss 1791203752,1459843072,330334208,19026504,1819258880,1946640384
findling-rss 1791203754,1484533760,330334208,19028888,1844215808,1946640384
findling-rss 1791203756,1479200768,330326016,19052568,1839063040,1946640384
findling-rss 1791203758,1423241216,330178560,18943936,1780768768,1946640384
findling-rss 1791203760,1478856704,330178560,18930064,1836957696,1946640384
findling-rss 1791203762,1479507968,330182656,18946296,1837703168,1946640384
findling-rss 1791203764,1433714688,330211328,18944128,1791811584,1946640384
findling-rss 1791203766,1480208384,330211328,18951872,1838297088,1946640384
findling-rss 1791203768,1479634944,331952128,19016368,1840320512,1946640384
findling-rss 1791203770,1480015872,331952128,19018584,1840623616,1946640384
findling-rss 1791203772,1395269632,331952128,19020488,1756266496,1946640384
findling-rss 1791203774,1481826304,331952128,19019848,1842552832,1946640384
findling-rss 1791203776,1479479296,331952128,19061888,1840492544,1946640384
findling-rss 1791203778,1459834880,331952128,19018408,1821126656,1946640384
findling-rss 1791203780,1485316096,331952128,19014768,1843609600,1946640384
findling-rss 1791203782,1479909376,331952128,19016968,1841025024,1946640384
findling-rss 1791203784,1433722880,330260480,18964512,1791565824,1946640384
findling-rss 1791203786,1479487488,330260480,18967808,1838026752,1946640384
findling-rss 1791203788,1481281536,330260480,18993448,1840025600,1946640384
findling-rss 1791203790,1411596288,330289152,18999768,1769832448,1946640384
findling-rss 1791203792,1480138752,330289152,18989168,1839501312,1946640384
findling-rss 1791203794,1479909376,330285056,19008112,1838837760,1946640384
findling-rss 1791203796,1345437696,330309632,18848136,1701113856,1946640384
findling-rss 1791203798,1491718144,330309632,19069784,1849782272,1946640384
findling-rss 1791203800,1511464960,330309632,19087328,1867378688,1946640384
findling-rss 1791203802,1425014784,329961472,18956448,1783246848,1946640384
findling-rss 1791203804,1525440512,330354688,19090016,1885138944,1946640384
findling-rss 1791203806,1505243136,330346496,19104448,1863491584,1946640384
findling-rss 1791203808,1530212352,330346496,19110680,1889419264,1946640384
findling-rss 1791203810,1525383168,330375168,19102144,1884229632,1946640384
findling-rss 1791203812,1479135232,330371072,19121392,1837371392,1946640384
findling-rss 1791203814,1530228736,330371072,19121832,1889914880,1946640384
findling-rss 1791203816,1524908032,330231808,18996984,1882800128,1946640384
findling-rss 1791203818,1429356544,330240000,18896128,1786834944,1946640384
findling-rss 1791203820,1525567488,330240000,19019936,1884090368,1946640384
findling-rss 1791203822,1524350976,330260480,19011336,1883279360,1946640384
findling-rss 1791203824,1408843776,330260480,18906952,1765253120,1946640384
findling-rss 1791203826,1525948416,330260480,19037240,1885093888,1946640384
findling-rss 1791203828,1505251328,330293248,19029296,1864568832,1946640384
findling-rss 1791203830,1532104704,330293248,19026384,1890840576,1946640384
findling-rss 1791203832,1524973568,330293248,19052928,1884057600,1946640384
findling-rss 1791203834,1479151616,330326016,19038224,1833963520,1946640384
findling-rss 1791203836,1525600256,330326016,19042240,1884278784,1946640384
findling-rss 1791203838,1524248576,330317824,19071872,1883996160,1946640384
findling-rss 1791203840,1438822400,330350592,19070088,1797316608,1946640384
findling-rss 1791203842,1525018624,330350592,19064232,1884008448,1946640384
findling-rss 1791203844,1525989376,330358784,19086472,1885380608,1946640384
findling-rss 1791203846,1429377024,330375168,19000016,1787490304,1946640384
findling-rss 1791203848,1530277888,330375168,19077832,1888100352,1946640384
findling-rss 1791203850,1525600256,330383360,19103224,1884135424,1946640384
findling-rss 1791203852,1377304576,330055680,18954320,1736024064,1946640384
findling-rss 1791203854,1525686272,330407936,19097008,1884655616,1946640384
findling-rss 1791203856,1525542912,330412032,19118528,1884270592,1946640384
findling-rss 1791203858,1377312768,347025408,19497568,1751662592,1946640384
findling-rss 1791203860,1525182464,330264576,19001792,1883996160,1946640384
findling-rss 1791203862,1587310592,330047488,19035768,1945743360,1946640384
findling-rss 1791203864,1422950400,329912320,18955160,1781043200,1948680192
findling-rss 1791203866,1532178432,330289152,19039712,1890668544,1948680192
findling-rss 1791203868,1525784576,330293248,19061088,1885908992,1948680192
findling-rss 1791203870,1431883776,329940992,18936832,1791799296,1948680192
findling-rss 1791203872,1526407168,330321920,19054792,1885622272,1948680192
findling-rss 1791203874,1506377728,330321920,19081640,1866289152,1948680192
findling-rss 1791203876,1434144768,329969664,18944584,1792389120,1948680192
findling-rss 1791203878,1525944320,330346496,19065192,1884209152,1948680192
findling-rss 1791203880,1506414592,330350592,19088896,1865089024,1948680192
findling-rss 1791203882,1531617280,330350592,19141728,1890897920,1948680192
findling-rss 1791203884,1526632448,330379264,19081776,1885659136,1948680192
findling-rss 1791203886,1506414592,330379264,19106848,1865576448,1948680192
findling-rss 1791203888,1531998208,330379264,19106880,1892327424,1948680192
findling-rss 1791203890,1525977088,330407936,19097768,1885011968,1948680192
findling-rss 1791203892,1457438720,330416128,19123696,1815883776,1948680192
findling-rss 1791203894,1528020992,330416128,19126168,1887510528,1948680192
findling-rss 1791203896,1523998720,330854400,19131192,1883357184,1948680192
findling-rss 1791203898,1428459520,330842112,19028176,1786150912,1948680192
findling-rss 1791203900,1526136832,330842112,19153024,1885446144,1948680192
findling-rss 1791203902,1506414592,330723328,19033040,1865728000,1948680192
findling-rss 1791203904,1378435072,330371072,18923040,1737113600,1948680192
findling-rss 1791203906,1526312960,330731520,19053168,1886486528,1948680192
findling-rss 1791203908,1506410496,330752000,19045768,1866276864,1948680192
findling-rss 1791203911,1529651200,330752000,19053296,1888407552,1948680192
findling-rss 1791203913,1527103488,330752000,19074424,1886691328,1948680192
findling-rss 1791203915,1506426880,330784768,19072096,1866207232,1948680192
findling-rss 1791203917,1527074816,330784768,19068328,1886621696,1948680192
findling-rss 1791203919,1527070720,331472896,19109040,1887662080,1948680192
findling-rss 1791203921,1536999424,331472896,19108576,1897488384,1948680192
findling-rss 1791203923,1491124224,331472896,19107576,1851121664,1948680192
findling-rss 1791203925,1537904640,331472896,19115376,1898983424,1948680192
findling-rss 1791203927,1526513664,330805248,19086368,1885986816,1948680192
findling-rss 1791203929,1469370368,330813440,19106608,1829048320,1948680192
findling-rss 1791203931,1526497280,330813440,19112528,1886830592,1948680192
findling-rss 1791203933,1525633024,330838016,19101464,1884975104,1948680192
findling-rss 1791203935,1448050688,330813440,19130936,1803993088,1948680192
findling-rss 1791203937,1509191680,330813440,19121904,1868259328,1948680192
findling-rss 1791203939,1526460416,330870784,19116960,1885413376,1948680192
findling-rss 1791203941,1446010880,330874880,19138424,1801650176,1948680192
findling-rss 1791203943,1526919168,330874880,19143160,1887539200,1948680192
findling-rss 1791203945,1526145024,330907648,19135248,1885757440,1948680192
findling-rss 1791203947,1430540288,330899456,19028224,1789333504,1948680192
findling-rss 1791203949,1526448128,330899456,19156336,1887264768,1948680192
findling-rss 1791203951,1525469184,330752000,19036168,1885347840,1948680192
findling-rss 1791203953,1430544384,332156928,18979648,1790951424,1948680192
findling-rss 1791203955,1525841920,332156928,19098952,1887514624,1948680192
findling-rss 1791203957,1539182592,332156928,19100392,1900687360,1948680192
findling-rss 1791203959,1517305856,332156928,19100240,1879154688,1948680192
findling-rss 1791203961,1441538048,332156928,18989656,1803292672,1948680192
findling-rss 1791203963,1538371584,332156928,19107208,1898942464,1948680192
findling-rss 1791203965,1539039232,332156928,19096680,1900367872,1948680192
findling-rss 1791203967,1430552576,330797056,18930920,1788440576,1948680192
findling-rss 1791203969,1526444032,330797056,19051408,1885356032,1948680192
findling-rss 1791203971,1526878208,330801152,19088640,1886035968,1948680192
findling-rss 1791203973,1378484224,330469376,18952808,1736921088,1948680192
findling-rss 1791203975,1526575104,330821632,19066200,1885097984,1948680192
findling-rss 1791203977,1509105664,331968512,19119880,1869164544,1948680192
findling-rss 1791203979,1413099520,330498048,18953808,1771429888,1948680192
findling-rss 1791203981,1526546432,330854400,19089288,1886310400,1948680192
findling-rss 1791203983,1525952512,330854400,19108728,1884954624,1948680192
findling-rss 1791203985,1428570112,330498048,18976696,1787330560,1948680192
findling-rss 1791203987,1526456320,330878976,19102768,1885765632,1948680192
findling-rss 1791203989,1522233344,341086208,19423624,1890643968,1948680192
findling-rss 1791203991,1440342016,341086208,19287904,1810436096,1948680192
findling-rss 1791203993,1537089536,341086208,19403072,1907343360,1948680192
findling-rss 1791203995,1537761280,341086208,19406288,1908502528,1948680192
findling-rss 1791203997,1518395392,341086208,19404280,1888735232,1948680192
findling-rss 1791203999,1514164224,341086208,19407808,1883013120,1948680192
findling-rss 1791204001,1545572352,341086208,19409704,1917030400,1948680192
findling-rss 1791204003,1538052096,341086208,19410056,1908506624,1948680192
findling-rss 1791204005,1518387200,341086208,19413928,1889288192,1948680192
findling-rss 1791204007,1539907584,341086208,19464216,1911250944,1948680192
findling-rss 1791204009,1538375680,341086208,19411112,1909305344,1948680192
findling-rss 1791204011,1539510272,341086208,19407552,1910226944,1948680192
findling-rss 1791204013,1520861184,341086208,19404976,1891733504,1948680192
findling-rss 1791204015,1541058560,341086208,19404728,1912131584,1948680192
findling-rss 1791204017,1541001216,341086208,19402368,1911926784,1948680192
findling-rss 1791204019,1540419584,341086208,19403928,1911754752,1948680192
findling-rss 1791204021,1467707392,341086208,19403496,1837125632,1948680192
findling-rss 1791204023,1488977920,341086208,19406216,1859121152,1948680192
findling-rss 1791204025,1489186816,341086208,19464360,1860775936,1948680192
findling-rss 1791204027,1531621376,341086208,19401496,1901375488,1948680192
findling-rss 1791204029,1485017088,341086208,19402584,1854713856,1948680192
findling-rss 1791204031,1541468160,341086208,19400200,1912492032,1948680192
findling-rss 1791204033,1542713344,341086208,19399504,1912872960,1948680192
findling-rss 1791204035,1542438912,341086208,19400000,1912102912,1948680192
findling-rss 1791204037,1475317760,341086208,19402152,1845547008,1948680192
findling-rss 1791204039,1543663616,341086208,19401800,1914277888,1948680192
findling-rss 1791204041,1543168000,341086208,19403648,1913802752,1948680192
findling-rss 1791204043,1541156864,341086208,19396656,1911095296,1948680192
findling-rss 1791204045,1448534016,341086208,19284152,1818624000,1948680192
findling-rss 1791204047,1544970240,341086208,19405200,1914757120,1948680192
findling-rss 1791204049,1546719232,341086208,19408240,1917378560,1948680192
findling-rss 1791204051,1525501952,341086208,19406856,1896493056,1948680192
findling-rss 1791204053,1549619200,341086208,19407144,1920159744,1948680192
findling-rss 1791204055,1544773632,341086208,19408368,1915834368,1948680192
findling-rss 1791204057,1491599360,341086208,19407584,1861414912,1948680192
findling-rss 1791204059,1472299008,341086208,19402112,1841770496,1948680192
findling-rss 1791204061,1492410368,341086208,19406528,1862438912,1948680192
findling-rss 1791204063,1543782400,341086208,19406640,1914920960,1948680192
findling-rss 1791204065,1547476992,341086208,19407664,1918103552,1948680192
findling-rss 1791204067,1518866432,341086208,19403536,1889013760,1948680192
findling-rss 1791204069,1548541952,341086208,19399848,1918431232,1948680192
findling-rss 1791204071,1480101888,330964992,19123256,1839767552,1948680192
findling-rss 1791204073,1410469888,330964992,19146840,1769230336,1948680192
findling-rss 1791204075,1479634944,330964992,19147168,1839120384,1948680192
findling-rss 1791204077,1478987776,330985472,19157368,1838870528,1948680192
findling-rss 1791204079,1410723840,330997760,19157856,1770418176,1948680192
findling-rss 1791204081,1480220672,330997760,19163672,1840422912,1948680192
findling-rss 1791204083,1479237632,330846208,19042664,1838870528,1948680192
findling-rss 1791204085,1587453952,330637312,18932768,1947410432,1948680192
findling-rss 1791204087,1582170112,330637312,19113256,1941757952,1948680192
findling-rss 1791204089,1477074944,330878976,19057296,1835298816,1948680192
findling-rss 1791204091,1435860992,330874880,18963008,1794822144,1948680192
findling-rss 1791204093,1483603968,330874880,19079200,1842917376,1948680192
findling-rss 1791204095,1459732480,330915840,19093328,1819545600,1948680192
findling-rss 1791204097,1484640256,330915840,19077816,1844502528,1948680192
findling-rss 1791204099,1479606272,330903552,19097472,1839996928,1948680192
findling-rss 1791204101,1451003904,330932224,19086552,1810382848,1948680192
findling-rss 1791204103,1479839744,330932224,19094320,1839890432,1948680192
findling-rss 1791204105,1483071488,330936320,19118184,1842671616,1948680192
findling-rss 1791204107,1423884288,330960896,19117432,1782931456,1948680192
findling-rss 1791204109,1480040448,330960896,19104304,1839583232,1948680192
findling-rss 1791204111,1479716864,330964992,19127472,1840201728,1948680192
findling-rss 1791204113,1422864384,330997760,19121920,1781297152,1948680192
findling-rss 1791204115,1479880704,330997760,19121160,1839714304,1948680192
findling-rss 1791204117,1479680000,330989568,19145608,1839591424,1948680192
findling-rss 1791204119,1415151616,331022336,19129896,1771872256,1948680192
findling-rss 1791204121,1481334784,331022336,19136568,1840742400,1948680192
findling-rss 1791204123,1479696384,331022336,19161200,1838170112,1948680192
findling-rss 1791204125,1435897856,390496256,20761704,1855696896,1948680192
findling-rss 1791204127,1479114752,330883072,19047040,1837645824,1948680192
findling-rss 1791204129,1479258112,330883072,19063528,1839464448,1948680192
findling-rss 1791204131,1424777216,330915840,18931200,1783193600,1948680192
findling-rss 1791204133,1479426048,330915840,19056408,1839820800,1948680192
findling-rss 1791204136,1479131136,330911744,19080360,1840017408,1948680192
findling-rss 1791204138,1383829504,330592256,18930096,1744211968,1948680192
findling-rss 1791204140,1480318976,330944512,19070240,1840070656,1948680192
findling-rss 1791204142,1479143424,330944512,19095648,1838911488,1948680192
findling-rss 1791204144,1383833600,330592256,18958168,1742295040,1948680192
findling-rss 1791204146,1480364032,330973184,19087872,1840353280,1948680192
findling-rss 1791204148,1479806976,330973184,19123952,1839558656,1948680192
findling-rss 1791204150,1383833600,330620928,18977544,1742389248,1948680192
findling-rss 1791204152,1480851456,331010048,19107536,1840148480,1948680192
findling-rss 1791204154,1479090176,330993664,19128352,1838694400,1948680192
findling-rss 1791204156,1431576576,330649600,18995104,1789890560,1948680192
findling-rss 1791204158,1479827456,331030528,19118776,1839525888,1948680192
findling-rss 1791204160,1479122944,331030528,19142872,1839013888,1948680192
findling-rss 1791204162,1424560128,330678272,19012672,1784254464,1948680192
findling-rss 1791204164,1485918208,331059200,19137240,1845637120,1948680192
findling-rss 1791204166,1459728384,331051008,19174944,1819856896,1948680192
findling-rss 1791204168,1484095488,331051008,19161008,1843040256,1948680192
findling-rss 1791204170,1480818688,330915840,19039960,1839943680,1948680192
findling-rss 1791204172,1425514496,330915840,19059000,1784877056,1948680192
findling-rss 1791204174,1479696384,330915840,19061728,1840029696,1948680192
findling-rss 1791204176,1479942144,330940416,19053760,1840885760,1948680192
findling-rss 1791204178,1412403200,330944512,19075784,1771601920,1948680192
findling-rss 1791204180,1486090240,330944512,19072320,1844613120,1948680192
findling-rss 1791204182,1479831552,330973184,19065920,1838841856,1948680192
findling-rss 1791204184,1393098752,330973184,19106440,1752334336,1948680192
findling-rss 1791204186,1480171520,330973184,19090136,1840193536,1948680192
findling-rss 1791204188,1478578176,330993664,19081208,1838223360,1948680192
findling-rss 1791204190,1435901952,330993664,18982088,1794838528,1948680192
findling-rss 1791204192,1479450624,330993664,19106480,1839443968,1948680192
findling-rss 1791204194,1480519680,331030528,19107640,1839267840,1948680192
findling-rss 1791204196,1435901952,331026432,19003680,1795100672,1948680192
findling-rss 1791204198,1479634944,331026432,19125592,1839673344,1948680192
findling-rss 1791204200,1479401472,331063296,19124048,1837072384,1948680192
findling-rss 1791204202,1418108928,331026432,19042664,1776689152,1948680192
findling-rss 1791204204,1514553344,331026432,19148208,1874628608,1948680192
findling-rss 1791204206,1459752960,331079680,19130648,1819049984,1948680192
findling-rss 1791204208,1484898304,331079680,19137664,1842921472,1948680192
findling-rss 1791204210,1479266304,331079680,19163992,1838243840,1948680192
findling-rss 1791204212,1459744768,330936320,19036584,1819865088,1948680192
findling-rss 1791204214,1479987200,330936320,19040360,1839448064,1948680192
findling-rss 1791204216,1482657792,330944512,19067496,1842302976,1948680192
findling-rss 1791204218,1423933440,330973184,19057640,1782747136,1948680192
findling-rss 1791204220,1480192000,330973184,19056760,1839972352,1948680192
findling-rss 1791204222,1516060672,332152832,19111776,1877159936,1948680192
findling-rss 1791204224,1435901952,330997760,18945896,1795280896,1948680192
findling-rss 1791204226,1483841536,330997760,19072888,1842864128,1948680192
findling-rss 1791204228,1514340352,330997760,19094528,1874026496,1948680192
findling-rss 1791204230,1418444800,330670080,18949840,1778233344,1948680192
findling-rss 1791204232,1486696448,331018240,19091952,1846738944,1948680192
findling-rss 1791204234,1479188480,331022336,19111416,1839464448,1948680192
findling-rss 1791204236,1383837696,330698752,18966216,1743101952,1948680192
findling-rss 1791204238,1480212480,331051008,19121752,1838407680,1948680192
findling-rss 1791204240,1479118848,331051008,19125560,1838452736,1948680192
findling-rss 1791204242,1383837696,330727424,18977704,1741979648,1948680192
findling-rss 1791204244,1479671808,331083776,19123912,1839898624,1948680192
findling-rss 1791204246,1479688192,331083776,19145392,1840050176,1948680192
findling-rss 1791204248,1383837696,330752000,19004608,1743355904,1948680192
findling-rss 1791204250,1480462336,331108352,19134896,1839570944,1948680192
findling-rss 1791204252,1479213056,331112448,19159392,1838497792,1948680192
findling-rss 1791204254,1420079104,330756096,19025128,1778806784,1948680192
findling-rss 1791204256,1479860224,330960896,19038432,1839218688,1948680192
findling-rss 1791204258,1581957120,330752000,19053568,1941450752,1948680192
findling-rss 1791204260,1417392128,330612736,18931576,1776082944,1948680192
findling-rss 1791204262,1480359936,330989568,19059528,1840234496,1948680192
findling-rss 1791204264,1479589888,330993664,19081424,1839214592,1948680192
findling-rss 1791204266,1432162304,330641408,18958480,1791176704,1948680192
findling-rss 1791204268,1480859648,331026432,19118576,1837346816,1948680192
findling-rss 1791204270,1459748864,331726848,19118024,1820413952,1948680192
findling-rss 1791204272,1482162176,331726848,19169984,1841016832,1948680192
findling-rss 1791204274,1486729216,331726848,19117024,1848250368,1948680192
findling-rss 1791204276,1480032256,331726848,19116328,1840693248,1948680192
findling-rss 1791204278,1425104896,330670080,18962400,1784680448,1948680192
findling-rss 1791204280,1480032256,331059200,19093000,1839673344,1948680192
findling-rss 1791204282,1479364608,331059200,19120848,1839464448,1948680192
findling-rss 1791204284,1433530368,330702848,18987256,1793425408,1948680192
findling-rss 1791204286,1514356736,331091968,19109136,1874001920,1948680192
findling-rss 1791204288,1479311360,331087872,19139056,1838526464,1948680192
findling-rss 1791204290,1433137152,330731520,19009768,1791434752,1948680192
findling-rss 1791204292,1482711040,331108352,19126640,1842057216,1948680192
findling-rss 1791204294,1459732480,335659008,19260480,1823707136,1948680192
findling-rss 1791204296,1430433792,335659008,19155504,1793282048,1948680192
findling-rss 1791204298,1479704576,335659008,19269568,1842962432,1948680192
findling-rss 1791204300,1479610368,335659008,19269704,1843752960,1948680192
findling-rss 1791204302,1459740672,335659008,19271136,1823989760,1948680192
findling-rss 1791204304,1480818688,335659008,19271320,1845518336,1948680192
findling-rss 1791204306,1486438400,335659008,19272056,1851416576,1948680192
findling-rss 1791204308,1479290880,335659008,19322280,1846243328,1948680192
findling-rss 1791204310,1503109120,335659008,19273904,1860665344,1948680192
findling-rss 1791204312,1532383232,335659008,19274080,1897742336,1948680192
findling-rss 1791204314,1479802880,335659008,19280640,1845481472,1948680192
findling-rss 1791204316,1479364608,335659008,19280736,1845305344,1948680192
findling-rss 1791204318,1474953216,335659008,19273096,1839976448,1948680192
findling-rss 1791204320,1532260352,335659008,19272048,1897406464,1948680192
findling-rss 1791204322,1482289152,335659008,19277960,1847013376,1948680192
findling-rss 1791204324,1531494400,335659008,19276760,1896443904,1948680192
findling-rss 1791204326,1445699584,335659008,19197368,1809768448,1948680192
findling-rss 1791204328,1545830400,335659008,19270128,1908224000,1948680192
findling-rss 1791204330,1542959104,335659008,19270688,1906597888,1948680192
findling-rss 1791204332,1435918336,331169792,19031080,1794772992,1948680192
findling-rss 1791204334,1479585792,331169792,19146368,1839747072,1948680192
findling-rss 1791204336,1479557120,331165696,19166672,1839603712,1948680192
findling-rss 1791204338,1396305920,390782976,20794768,1812381696,1948680192
findling-rss 1791204340,1479536640,331022336,19044008,1838477312,1948680192
findling-rss 1791204342,1480278016,331022336,19069520,1839329280,1948680192
findling-rss 1791204344,1385123840,330706944,18920312,1742262272,1948680192
findling-rss 1791204346,1481469952,331063296,19063616,1841954816,1948680192
findling-rss 1791204348,1479303168,331059200,19085352,1838727168,1948680192
findling-rss 1791204350,1383858176,330735616,18933976,1742577664,1948680192
findling-rss 1791204352,1485987840,331087872,19082320,1844801536,1948680192
findling-rss 1791204354,1478983680,331091968,19108960,1838092288,1948680192
findling-rss 1791204356,1437540352,330735616,18974800,1796366336,1948680192
findling-rss 1791204359,1480499200,331120640,19096872,1838346240,1948680192
findling-rss 1791204361,1459761152,331120640,19115496,1819521024,1948680192
findling-rss 1791204363,1486475264,331120640,19115912,1846542336,1948680192
findling-rss 1791204365,1583194112,330932224,19109256,1943625728,1948680192
findling-rss 1791204367,1426767872,331145216,19134384,1784926208,1948680192
findling-rss 1791204369,1480372224,331145216,19129456,1840947200,1948680192
findling-rss 1791204371,1480159232,331173888,19124600,1840689152,1948680192
findling-rss 1791204373,1419051008,331173888,19156432,1774567424,1948680192
findling-rss 1791204375,1479516160,331173888,19148824,1839915008,1948680192
findling-rss 1791204377,1480245248,331206656,19143536,1839931392,1948680192
findling-rss 1791204379,1410801664,331206656,19167080,1771233280,1948680192
findling-rss 1791204381,1479794688,331206656,19167824,1840377856,1948680192
findling-rss 1791204383,1480912896,331071488,19045864,1840320512,1948680192
findling-rss 1791204385,1395576832,331071488,19063176,1756209152,1948680192
findling-rss 1791204387,1479962624,331071488,19072008,1839972352,1948680192
findling-rss 1791204389,1479708672,331100160,19059568,1837936640,1948680192
findling-rss 1791204391,1410801664,331096064,19077048,1770573824,1948680192
findling-rss 1791204393,1480359936,331096064,19082968,1840566272,1948680192
findling-rss 1791204395,1479204864,331120640,19076912,1838907392,1948680192
findling-rss 1791204397,1431367680,331124736,18975704,1789030400,1948680192
findling-rss 1791204399,1479749632,331124736,19098384,1839353856,1948680192
findling-rss 1791204401,1464201216,331157504,19087840,1822511104,1948680192
findling-rss 1791204403,1417596928,331153408,18989824,1775259648,1948680192
findling-rss 1791204405,1485668352,331153408,19115856,1846317056,1948680192
findling-rss 1791204407,1459785728,331186176,19102624,1819709440,1948680192
findling-rss 1791204409,1479921664,331186176,19104536,1839390720,1948680192
findling-rss 1791204411,1480093696,331186176,19132128,1840095232,1948680192
findling-rss 1791204413,1459761152,331198464,19127752,1820299264,1948680192
findling-rss 1791204415,1479643136,331198464,19128208,1840599040,1948680192
findling-rss 1791204417,1486499840,331210752,19147208,1846358016,1948680192
findling-rss 1791204419,1433673728,331239424,19135136,1786597376,1948680192
findling-rss 1791204421,1480081408,331239424,19136904,1839542272,1948680192
findling-rss 1791204423,1482387456,331243520,19163848,1841926144,1948680192
findling-rss 1791204425,1394823168,392314880,20943560,1817997312,1948680192
findling-rss 1791204427,1479471104,332484608,19078880,1841225728,1948680192
findling-rss 1791204429,1480073216,332484608,19079552,1841426432,1948680192
findling-rss 1791204431,1475010560,332484608,19080728,1834926080,1948680192
findling-rss 1791204433,1435959296,332484608,18961864,1796997120,1948680192
findling-rss 1791204435,1479557120,332484608,19080784,1840881664,1948680192
findling-rss 1791204437,1483636736,332484608,19078344,1845166080,1948680192
findling-rss 1791204439,1459806208,331100160,19063872,1819209728,1948680192
findling-rss 1791204441,1480630272,331100160,19070520,1840513024,1948680192
findling-rss 1791204443,1479462912,331128832,19063968,1838964736,1948680192
findling-rss 1791204445,1459802112,331137024,19090176,1819402240,1948680192
findling-rss 1791204447,1483898880,331137024,19089768,1844334592,1948680192
findling-rss 1791204449,1479737344,331177984,19080136,1838280704,1948680192
findling-rss 1791204451,1459810304,331186176,19105696,1820467200,1948680192
findling-rss 1791204453,1484947456,331186176,19105456,1845645312,1948680192
findling-rss 1791204455,1479311360,331210752,19092720,1839194112,1948680192
findling-rss 1791204457,1395453952,331206656,19111408,1754456064,1948680192
findling-rss 1791204459,1479979008,331206656,19156168,1839919104,1948680192
findling-rss 1791204461,1479462912,331239424,19114368,1839951872,1948680192
findling-rss 1791204463,1416728576,332398592,19048960,1776390144,1948680192
findling-rss 1791204465,1515163648,332398592,19168344,1875746816,1948680192
findling-rss 1791204467,1459843072,331268096,19134288,1818734592,1948680192
findling-rss 1791204469,1383911424,330911744,19040168,1742598144,1948680192
findling-rss 1791204471,1479835648,331259904,19152592,1839423488,1948680192
findling-rss 1791204473,1459818496,331292672,19140200,1819668480,1948680192
findling-rss 1791204475,1482207232,331292672,19150504,1842081792,1948680192
findling-rss 1791204477,1479962624,331292672,19169312,1839435776,1948680192
findling-rss 1791204479,1451122688,331149312,19046040,1809379328,1948680192
findling-rss 1791204481,1480200192,331149312,19043872,1839804416,1948680192
findling-rss 1791204483,1480208384,331153408,19066712,1840193536,1948680192
findling-rss 1791204485,1395093504,333623296,19126904,1757298688,1948680192
findling-rss 1791204487,1479634944,333623296,19134088,1842798592,1948680192
findling-rss 1791204489,1480450048,333623296,19125936,1843294208,1948680192
findling-rss 1791204491,1477259264,333623296,19124064,1840050176,1948680192
findling-rss 1791204493,1436000256,333623296,19007304,1798443008,1948680192
findling-rss 1791204495,1534898176,333623296,19128376,1897414656,1948680192
findling-rss 1791204497,1479819264,333623296,19128624,1842040832,1948680192
findling-rss 1791204499,1459834880,333623296,19126720,1822932992,1948680192
findling-rss 1791204501,1433014272,333623296,19008560,1794383872,1948680192
findling-rss 1791204503,1531871232,333623296,19132424,1895489536,1948680192
findling-rss 1791204505,1479479296,333623296,19145952,1842728960,1948680192
findling-rss 1791204507,1527799808,330981376,19076880,1887789056,1948905472
findling-rss 1791204509,1583362048,330981376,19074376,1941549056,1948905472
findling-rss 1791204511,1479872512,331218944,19079752,1839476736,1948905472
findling-rss 1791204513,1412767744,331223040,19097248,1772466176,1948905472
findling-rss 1791204515,1480261632,331223040,19101888,1840205824,1948905472
findling-rss 1791204517,1478979584,331247616,19094936,1836769280,1948905472
findling-rss 1791204519,1436008448,331243520,18999008,1795239936,1948905472
findling-rss 1791204521,1481510912,331243520,19150408,1839300608,1948905472
findling-rss 1791204523,1459863552,331276288,19163616,1819893760,1948905472
findling-rss 1791204525,1480552448,331276288,19114272,1840910336,1948905472
findling-rss 1791204527,1479819264,331272192,19137064,1839747072,1948905472
findling-rss 1791204529,1459834880,331300864,19125392,1820303360,1948905472
findling-rss 1791204531,1486254080,331300864,19131144,1845215232,1948905472
findling-rss 1791204533,1479692288,331309056,19156992,1840250880,1948905472
findling-rss 1791204535,1411895296,331329536,19157888,1771753472,1948905472
findling-rss 1791204537,1480769536,331329536,19148160,1841184768,1948905472
findling-rss 1791204539,1480105984,331337728,19172592,1839243264,1948905472
findling-rss 1791204541,1436024832,391118848,20808040,1857720320,1948905472
findling-rss 1791204543,1481863168,331206656,19048368,1842229248,1948905472
findling-rss 1791204545,1514344448,331165696,19070928,1874198528,1948905472
findling-rss 1791204547,1418563584,330874880,18926336,1776582656,1948905472
findling-rss 1791204549,1479684096,331218944,19068200,1839181824,1948905472
findling-rss 1791204551,1479766016,331235328,19094648,1839542272,1948905472
findling-rss 1791204553,1383956480,330903552,18951496,1741598720,1948905472
findling-rss 1791204555,1480077312,331251712,19085592,1840893952,1948905472
findling-rss 1791204557,1480257536,331251712,19108520,1841254400,1948905472
findling-rss 1791204559,1383956480,330932224,18969456,1743863808,1948905472
findling-rss 1791204561,1480462336,331280384,19100128,1840472064,1948905472
findling-rss 1791204563,1515098112,332451840,19152088,1876791296,1948905472
findling-rss 1791204565,1418563584,330932224,18999976,1778479104,1948905472
findling-rss 1791204567,1480179712,331313152,19119496,1840775168,1948905472
findling-rss 1791204569,1480691712,331309056,19137904,1841303552,1948905472
findling-rss 1791204571,1384067072,330989568,19016576,1743851520,1948905472
findling-rss 1791204573,1480032256,331333632,19131856,1839255552,1948905472
findling-rss 1791204575,1479286784,331345920,19159296,1838952448,1948905472
findling-rss 1791204577,1365422080,330989568,18824280,1724178432,1948905472
findling-rss 1791204579,1491144704,331370496,19214048,1851142144,1948905472
findling-rss 1791204582,1429782528,331370496,19114080,1790394368,1948905472
findling-rss 1791204584,1525858304,331370496,19237952,1886203904,1948905472
findling-rss 1791204586,1525448704,331231232,19113016,1885372416,1948905472
findling-rss 1791204588,1429790720,331235328,19009040,1789505536,1948905472
findling-rss 1791204590,1525690368,331235328,19136120,1885814784,1948905472
findling-rss 1791204592,1524580352,331960320,19148160,1884880896,1948905472
findling-rss 1791204594,1439559680,331960320,19029528,1800228864,1948905472
findling-rss 1791204596,1537794048,331960320,19201248,1900548096,1948905472
findling-rss 1791204598,1536245760,331960320,19154488,1897148416,1948905472
findling-rss 1791204600,1505714176,331268096,19147136,1865793536,1948905472
findling-rss 1791204602,1526476800,331268096,19151720,1886711808,1948905472
findling-rss 1791204604,1525125120,331296768,19146880,1884913664,1948905472
findling-rss 1791204606,1488297984,331300864,19171976,1845002240,1948905472
findling-rss 1791204608,1525858304,331300864,19172944,1886720000,1948905472
findling-rss 1791204610,1525579776,331325440,19168696,1885982720,1948905472
findling-rss 1791204612,1469972480,331325440,19191464,1829752832,1948905472
findling-rss 1791204614,1524920320,331325440,19207672,1884729344,1948905472
findling-rss 1791204616,1524420608,331345920,19181656,1883987968,1948905472
findling-rss 1791204618,1468940288,331362304,19206184,1829662720,1948905472
findling-rss 1791204620,1526300672,331362304,19205032,1887453184,1948905472
findling-rss 1791204622,1525026816,331378688,19199464,1884147712,1948905472
findling-rss 1791204624,1429811200,331378688,19100232,1789140992,1948905472
findling-rss 1791204626,1525858304,331378688,19228312,1886031872,1948905472
findling-rss 1791204628,1506828288,331407360,19214384,1865527296,1948905472
findling-rss 1791204630,1388244992,331407360,19114160,1741066240,1948905472
findling-rss 1791204632,1525547008,331407360,19286368,1887866880,1948905472
findling-rss 1791204634,1505718272,331272192,19114376,1865814016,1948905472
findling-rss 1791204636,1377746944,330924032,19007096,1737678848,1948905472
findling-rss 1791204638,1525960704,331276288,19140704,1886318592,1948905472
findling-rss 1791204640,1505730560,331309056,19128448,1865830400,1948905472
findling-rss 1791204642,1529397248,331309056,19134064,1889357824,1948905472
findling-rss 1791204644,1526390784,331309056,19156120,1886269440,1948905472
findling-rss 1791204646,1505726464,331333632,19149232,1865240576,1948905472
findling-rss 1791204648,1526542336,331333632,19155800,1886101504,1948905472
findling-rss 1791204650,1525604352,331333632,19175728,1885732864,1948905472
findling-rss 1791204652,1497022464,331354112,19165456,1856450560,1948905472
findling-rss 1791204654,1526317056,331354112,19175952,1885474816,1948905472
findling-rss 1791204656,1525780480,331366400,19198672,1885790208,1948905472
findling-rss 1791204658,1497034752,331390976,19188512,1856524288,1948905472
findling-rss 1791204660,1527480320,331390976,19189232,1886515200,1948905472
findling-rss 1791204662,1509466112,332587008,19242344,1870950400,1948905472
findling-rss 1791204664,1431105536,331423744,19183624,1790164992,1948905472
findling-rss 1791204666,1526386688,331423744,19205920,1886945280,1948905472
findling-rss 1791204668,1508614144,332595200,19259400,1871106048,1948905472
findling-rss 1791204670,1412370432,331444224,19085160,1773133824,1948905472
findling-rss 1791204672,1525354496,331444224,19217456,1885233152,1948905472
findling-rss 1791204674,1525239808,331448320,19239008,1885454336,1948905472
findling-rss 1791204676,1379708928,391327744,20875664,1798754304,1948905472
findling-rss 1791204678,1526018048,331300864,19118344,1885536256,1948905472
findling-rss 1791204680,1525714944,331300864,19141912,1886539776,1948905472
findling-rss 1791204682,1410502656,331325440,19002032,1768759296,1948905472
findling-rss 1791204684,1525760000,331325440,19138216,1886060544,1948905472
findling-rss 1791204686,1525596160,331329536,19164176,1885986816,1948905472
findling-rss 1791204688,1377767424,331001856,19012840,1736290304,1948905472
findling-rss 1791204690,1526054912,331358208,19154712,1885466624,1948905472
findling-rss 1791204692,1525862400,331362304,19180352,1885425664,1948905472
findling-rss 1791204694,1377767424,331030528,19021704,1736183808,1948905472
findling-rss 1791204696,1526632448,331395072,19168240,1887002624,1948905472
findling-rss 1791204698,1525329920,331382784,19191384,1886601216,1948905472
findling-rss 1791204700,1377771520,331030528,19058776,1737408512,1948905472
findling-rss 1791204702,1525993472,337371136,19355080,1893339136,1948905472
findling-rss 1791204704,1535172608,337371136,19348720,1901084672,1948905472
findling-rss 1791204706,1480179712,337371136,19353648,1847107584,1948905472
findling-rss 1791204708,1536622592,337371136,19353048,1903353856,1948905472
findling-rss 1791204710,1537064960,337371136,19352368,1902931968,1948905472
findling-rss 1791204712,1536557056,337371136,19354624,1902669824,1948905472
findling-rss 1791204714,1508925440,337371136,19350184,1875423232,1948905472
findling-rss 1791204716,1543028736,337371136,19354120,1909506048,1948905472
findling-rss 1791204718,1537753088,337371136,19357712,1904521216,1948905472
findling-rss 1791204720,1537454080,337371136,19363464,1903767552,1948905472
findling-rss 1791204722,1482387456,337371136,19350768,1849143296,1948905472
findling-rss 1791204724,1539076096,337371136,19353384,1904185344,1948905472
findling-rss 1791204726,1540689920,337371136,19355888,1907417088,1948905472
findling-rss 1791204728,1539956736,337371136,19365136,1906823168,1948905472
findling-rss 1791204730,1455702016,337371136,19353168,1822056448,1948905472
findling-rss 1791204732,1542373376,337371136,19351984,1908817920,1948905472
findling-rss 1791204734,1538781184,337371136,19351240,1905336320,1948905472
findling-rss 1791204736,1539821568,337371136,19354152,1906814976,1948905472
findling-rss 1791204738,1456836608,337371136,19372352,1823944704,1948905472
findling-rss 1791204740,1541525504,337371136,19349608,1908060160,1948905472
findling-rss 1791204742,1543225344,337371136,19350464,1909387264,1948905472
findling-rss 1791204744,1539813376,337371136,19348472,1906479104,1948905472
findling-rss 1791204746,1446293504,337371136,19222712,1812852736,1948905472
findling-rss 1791204748,1541677056,337371136,19339672,1908293632,1948905472
findling-rss 1791204750,1525428224,331427840,19203184,1884884992,1948905472
findling-rss 1791204752,1399226368,331481088,19066672,1753133056,1948905472
findling-rss 1791204754,1526222848,331481088,19200480,1885798400,1948905472
findling-rss 1791204756,1527689216,331481088,19222240,1886543872,1948905472
findling-rss 1791204758,1435402240,331124736,19092408,1794371584,1948905472
findling-rss 1791204760,1508864000,331481088,19219880,1868759040,1948905472
findling-rss 1791204762,1526378496,331501568,19247448,1885880320,1948905472
findling-rss 1791204764,1415892992,331153408,19116600,1775316992,1948905472
findling-rss 1791204766,1525329920,331354112,19121832,1885274112,1948905472
findling-rss 1791204768,1568727040,331141120,19162872,1929224192,1949384704
findling-rss 1791204770,1587965952,331141120,19158696,1947054080,1949917184
findling-rss 1791204772,1528070144,331390976,19157176,1888141312,1949917184
findling-rss 1791204774,1506877440,331395072,19175880,1865564160,1949917184
findling-rss 1791204776,1527742464,331395072,19186224,1886789632,1949917184
findling-rss 1791204778,1526636544,331415552,19177016,1885917184,1949917184
findling-rss 1791204780,1489469440,331423744,19194536,1845063680,1949917184
findling-rss 1791204782,1529700352,331423744,19197528,1889042432,1949917184
findling-rss 1791204784,1527091200,331448320,19187280,1886281728,1949917184
findling-rss 1791204786,1458102272,331452416,19209296,1817640960,1949917184
findling-rss 1791204788,1526980608,331452416,19211712,1887182848,1949917184
findling-rss 1791204790,1526046720,331464704,19203144,1885708288,1949917184
findling-rss 1791204792,1430978560,331476992,19100488,1790074880,1949917184
findling-rss 1791204794,1526878208,331476992,19227192,1886568448,1949917184
findling-rss 1791204796,1525755904,331513856,19222696,1885265920,1949917184
findling-rss 1791204798,1430978560,331513856,19124136,1789898752,1949917184
findling-rss 1791204800,1527656448,331513856,19245352,1887723520,1949917184
findling-rss 1791204802,1520373760,331530240,19238360,1878929408,1949917184
findling-rss 1791204804,1445449728,331321344,19126608,1797779456,1949917184
findling-rss 1791204807,1589841920,331321344,19255312,1950736384,1952935936
findling-rss 1791204809,1506877440,331395072,19141928,1866670080,1952935936
findling-rss 1791204811,1529184256,331395072,19143664,1888268288,1952935936
findling-rss 1791204813,1527238656,331395072,19165952,1887473664,1952935936
findling-rss 1791204815,1506893824,331423744,19151808,1865859072,1952935936
findling-rss 1791204817,1528524800,331423744,19162072,1888301056,1952935936
findling-rss 1791204819,1526702080,334929920,19283600,1891233792,1952935936
findling-rss 1791204821,1536286720,334929920,19280376,1900003328,1952935936
findling-rss 1791204823,1452404736,334929920,19278968,1816592384,1952935936
findling-rss 1791204825,1543524352,334929920,19279760,1907834880,1952935936
findling-rss 1791204827,1537327104,334929920,19281264,1902264320,1952935936
findling-rss 1791204829,1534148608,334929920,19280960,1898979328,1952935936
findling-rss 1791204831,1544384512,334929920,19276096,1910104064,1952935936
findling-rss 1791204833,1543610368,334929920,19275560,1907752960,1952935936
findling-rss 1791204835,1539551232,334929920,19276704,1904017408,1952935936
findling-rss 1791204837,1519484928,334929920,19279096,1883660288,1952935936
findling-rss 1791204839,1545793536,334929920,19275760,1910095872,1952935936
findling-rss 1791204841,1487921152,334929920,19276160,1851559936,1952935936
findling-rss 1791204843,1485664256,334929920,19279872,1850064896,1952935936
findling-rss 1791204845,1450942464,334929920,19279128,1810870272,1952935936
findling-rss 1791204847,1531342848,334929920,19275944,1895006208,1952935936
findling-rss 1791204849,1526472704,331468800,19169088,1886711808,1952935936
findling-rss 1791204851,1440808960,331468800,19190064,1800376320,1952935936
findling-rss 1791204853,1528004608,331468800,19191496,1887883264,1952935936
findling-rss 1791204855,1507282944,331505664,19186360,1866498048,1952935936
findling-rss 1791204857,1378930688,331149312,19086720,1738342400,1952935936
findling-rss 1791204859,1527169024,331497472,19211472,1887125504,1952935936
findling-rss 1791204861,1506926592,331530240,19209096,1865560064,1952935936
findling-rss 1791204863,1530335232,331530240,19205872,1890140160,1952935936
findling-rss 1791204865,1526018048,331522048,19227024,1886457856,1952935936
findling-rss 1791204867,1506910208,335753216,19345648,1871593472,1952935936
findling-rss 1791204869,1527173120,335753216,19341784,1893007360,1952935936
findling-rss 1791204871,1543610368,335753216,19339904,1908510720,1952935936
findling-rss 1791204873,1537306624,335753216,19341448,1901785088,1952935936
findling-rss 1791204875,1465298944,335753216,19340152,1828835328,1952935936
findling-rss 1791204877,1485406208,335753216,19340088,1850667008,1952935936
findling-rss 1791204879,1485414400,335753216,19337248,1850392576,1952935936
findling-rss 1791204881,1529176064,335753216,19379960,1894789120,1952935936
findling-rss 1791204883,1471782912,335753216,19341696,1837252608,1952935936
findling-rss 1791204885,1540071424,335753216,19335160,1905008640,1952935936
findling-rss 1791204887,1540198400,335753216,19335832,1904963584,1952935936
findling-rss 1791204889,1540059136,335753216,19337040,1905934336,1952935936
findling-rss 1791204891,1471590400,335753216,19335456,1828409344,1952935936
findling-rss 1791204893,1541005312,335753216,19340608,1906339840,1952935936
findling-rss 1791204895,1488465920,335753216,19345976,1853747200,1952935936
findling-rss 1791204897,1478451200,335753216,19338760,1841577984,1952935936
findling-rss 1791204899,1439281152,335753216,19305608,1803313152,1952935936
findling-rss 1791204901,1535561728,335753216,19341472,1900396544,1952935936
findling-rss 1791204903,1510076416,332738560,19281240,1872060416,1952935936
findling-rss 1791204905,1470750720,331218944,19116744,1829634048,1952935936
findling-rss 1791204907,1526734848,331599872,19250184,1886769152,1952935936
findling-rss 1791204909,1526689792,331603968,19270744,1887576064,1952935936
findling-rss 1791204911,1436356608,331251712,19139640,1795813376,1952935936
findling-rss 1791204913,1530458112,331460608,19143800,1891184640,1952935936
findling-rss 1791204915,1507319808,331468800,19167280,1867669504,1952935936
findling-rss 1791204917,1529102336,331468800,19166960,1890557952,1952935936
findling-rss 1791204919,1526562816,331485184,19164240,1886908416,1952935936
findling-rss 1791204921,1506918400,331485184,19186128,1867264000,1952935936
findling-rss 1791204923,1530974208,331485184,19190608,1891901440,1952935936
findling-rss 1791204925,1527918592,331522048,19183416,1888473088,1952935936
findling-rss 1791204927,1465987072,331517952,19207064,1819688960,1952935936
findling-rss 1791204929,1531817984,331517952,19203472,1890328576,1952935936
findling-rss 1791204931,1525714944,331542528,19197088,1885036544,1952935936
findling-rss 1791204933,1431040000,331546624,19093584,1790267392,1952935936
findling-rss 1791204935,1527996416,331546624,19215664,1887895552,1952935936
findling-rss 1791204937,1526304768,331575296,19200608,1886142464,1952935936
findling-rss 1791204939,1431052288,331579392,19114568,1790750720,1952935936
findling-rss 1791204941,1527250944,331579392,19226816,1887186944,1952935936
findling-rss 1791204943,1506959360,331595776,19219904,1867530240,1952935936
findling-rss 1791204945,1398882304,331603968,19121136,1753264128,1952935936
findling-rss 1791204947,1527283712,331603968,19247560,1888059392,1952935936
findling-rss 1791204949,1506967552,340062208,19479840,1876590592,1952935936
findling-rss 1791204951,1527828480,340062208,19477824,1897496576,1952935936
findling-rss 1791204953,1536794624,340062208,19478848,1906192384,1952935936
findling-rss 1791204955,1537998848,340062208,19472384,1908105216,1952935936
findling-rss 1791204957,1518858240,340062208,19475616,1888747520,1952935936
findling-rss 1791204959,1540866048,340062208,19471080,1908867072,1952935936
findling-rss 1791204961,1543344128,340062208,19476816,1912832000,1952935936
findling-rss 1791204963,1538736128,340062208,19473368,1908617216,1952935936
findling-rss 1791204965,1439973376,340062208,19484072,1809645568,1952935936
findling-rss 1791204967,1486700544,340062208,19477912,1856409600,1952935936
findling-rss 1791204969,1485443072,340062208,19477552,1855541248,1952935936
findling-rss 1791204971,1529860096,340062208,19477856,1899921408,1952935936
findling-rss 1791204973,1472020480,340062208,19475120,1840336896,1952935936
findling-rss 1791204975,1540702208,340062208,19479768,1909596160,1952935936
findling-rss 1791204977,1542082560,340062208,19477488,1911500800,1952935936
findling-rss 1791204979,1538220032,340062208,19477448,1907441664,1952935936
findling-rss 1791204981,1446522880,340062208,19357840,1815789568,1952935936
findling-rss 1791204983,1542238208,340062208,19475064,1912565760,1952935936
findling-rss 1791204985,1542868992,340062208,19475752,1912074240,1952935936
findling-rss 1791204987,1522425856,340062208,19489472,1891270656,1952935936
findling-rss 1791204989,1446522880,340062208,19353000,1812897792,1952935936
findling-rss 1791204991,1542860800,340062208,19475216,1911033856,1952935936
findling-rss 1791204993,1549336576,340062208,19475072,1918197760,1952935936
findling-rss 1791204995,1523429376,340062208,19475792,1893400576,1952935936
findling-rss 1791204997,1544151040,340062208,19471880,1914028032,1952935936
findling-rss 1791204999,1549012992,340062208,19477056,1919090688,1952935936
findling-rss 1791205001,1491349504,340062208,19473648,1860300800,1952935936
findling-rss 1791205003,1444859904,340062208,19471072,1814564864,1952935936
findling-rss 1791205005,1491689472,340062208,19487864,1861464064,1952935936
findling-rss 1791205007,1535631360,340062208,19468968,1904799744,1952935936
findling-rss 1791205009,1545433088,340062208,19476664,1915297792,1952935936
findling-rss 1791205011,1461665792,340062208,19481320,1830989824,1952935936
findling-rss 1791205013,1546657792,340062208,19473088,1916485632,1952935936
findling-rss 1791205015,1545789440,340062208,19471104,1915473920,1952935936
findling-rss 1791205017,1506963456,331657216,19263184,1867325440,1952935936
findling-rss 1791205019,1527504896,331657216,19265928,1886904320,1952935936
findling-rss 1791205021,1527410688,331546624,19153608,1887309824,1952935936
findling-rss 1791205023,1508651008,331542528,19218104,1868668928,1952935936
findling-rss 1791205025,1529069568,331542528,19168952,1889218560,1952935936
findling-rss 1791205027,1527083008,331575296,19162344,1886588928,1952935936
findling-rss 1791205029,1440518144,331575296,19183864,1800552448,1952935936
findling-rss 1791205032,1527910400,331575296,19188544,1888657408,1952935936
findling-rss 1791205034,1522274304,331591680,19176456,1880784896,1952935936
findling-rss 1791205036,1429487616,331599872,19077456,1787363328,1952935936
findling-rss 1791205038,1527783424,331599872,19206680,1888509952,1952935936
findling-rss 1791205040,1507344384,331636736,19195392,1867329536,1952935936
findling-rss 1791205042,1534672896,331636736,19196176,1894858752,1952935936
findling-rss 1791205044,1526824960,331632640,19218656,1887707136,1952935936
findling-rss 1791205046,1506963456,331657216,19207688,1867710464,1952935936
findling-rss 1791205048,1526353920,331657216,19210368,1887617024,1952935936
findling-rss 1791205050,1527422976,331653120,19233672,1886986240,1952935936
findling-rss 1791205052,1489928192,331689984,19226440,1841471488,1952935936
findling-rss 1791205054,1532375040,331689984,19228688,1892958208,1952935936
findling-rss 1791205056,1527320576,331694080,19256128,1887723520,1952935936
findling-rss 1791205058,1471102976,331726848,19249624,1831145472,1952935936
findling-rss 1791205060,1528107008,331726848,19263688,1888358400,1952935936
findling-rss 1791205062,1513365504,332902400,19307040,1874501632,1952935936
findling-rss 1791205064,1426874368,391876608,20917616,1846677504,1952935936
findling-rss 1791205066,1527787520,331591680,19147496,1888485376,1952935936
findling-rss 1791205068,1525993472,331579392,19170064,1886801920,1952935936
findling-rss 1791205070,1415897088,331624448,19175968,1775476736,1952935936
findling-rss 1791205072,1514024960,331624448,19220456,1875460096,1952935936
findling-rss 1791205074,1527144448,331616256,19190480,1887543296,1952935936
findling-rss 1791205076,1431072768,331640832,19059448,1791754240,1952935936
findling-rss 1791205078,1526870016,331640832,19183416,1888407552,1952935936
findling-rss 1791205080,1529688064,331644928,19200144,1888833536,1952935936
findling-rss 1791205082,1382072320,331669504,19063776,1739038720,1952935936
findling-rss 1791205084,1526419456,331669504,19190912,1886797824,1952935936
findling-rss 1791205086,1527582720,331669504,19217904,1887920128,1952935936
findling-rss 1791205088,1428250624,331702272,19079768,1786257408,1952935936
findling-rss 1791205090,1527304192,331702272,19211608,1887784960,1952935936
findling-rss 1791205092,1528201216,331698176,19231760,1888681984,1952935936
findling-rss 1791205094,1379000320,331378688,19081792,1738235904,1952935936
findling-rss 1791205096,1531219968,331722752,19224872,1891528704,1952935936
findling-rss 1791205098,1526509568,331726848,19251744,1886646272,1952935936
findling-rss 1791205100,1379000320,331403264,19111760,1739239424,1952935936
findling-rss 1791205102,1527255040,331763712,19244136,1887514624,1952935936
findling-rss 1791205104,1527029760,331763712,19265408,1888321536,1952935936
findling-rss 1791205106,1436614656,331407360,19131032,1797373952,1952935936
findling-rss 1791205108,1527345152,331616256,19149160,1887313920,1952935936
findling-rss 1791205110,1526411264,331616256,19172208,1887195136,1952935936
findling-rss 1791205112,1421701120,331272192,19035448,1781579776,1952935936
findling-rss 1791205114,1527070720,331649024,19162504,1886629888,1952935936
findling-rss 1791205116,1526087680,331653120,19183608,1887145984,1952935936
findling-rss 1791205118,1379000320,331300864,19047512,1739309056,1952935936
findling-rss 1791205120,1528967168,331677696,19179928,1889746944,1952935936
findling-rss 1791205122,1509351424,331698176,19202720,1870356480,1952935936
findling-rss 1791205124,1460776960,331329536,19066256,1819209728,1952935936
findling-rss 1791205126,1527308288,331710464,19239368,1887313920,1952935936
findling-rss 1791205128,1524625408,331706368,19219912,1884844032,1952935936
findling-rss 1791205130,1430667264,331358208,19088104,1790541824,1952935936
findling-rss 1791205132,1526673408,335966208,19327288,1891508224,1952935936
findling-rss 1791205134,1516744704,335966208,19326920,1881534464,1952935936
findling-rss 1791205136,1537593344,335966208,19330296,1902743552,1952935936
findling-rss 1791205138,1536012288,335966208,19331120,1901146112,1952935936
findling-rss 1791205140,1485250560,335966208,19328712,1848250368,1952935936
findling-rss 1791205142,1465372672,335966208,19332576,1829543936,1952935936
findling-rss 1791205144,1486565376,335966208,19333040,1850859520,1952935936
findling-rss 1791205146,1531129856,335966208,19330824,1896587264,1952935936
findling-rss 1791205148,1539338240,335966208,19329992,1904029696,1952935936
findling-rss 1791205150,1494560768,335966208,19329560,1858695168,1952935936
findling-rss 1791205152,1541300224,335966208,19328848,1906413568,1952935936
findling-rss 1791205154,1540972544,335966208,19325208,1906147328,1952935936
findling-rss 1791205156,1541685248,335966208,19327552,1906577408,1952935936
findling-rss 1791205158,1484218368,335966208,19332104,1849159680,1952935936
findling-rss 1791205160,1544622080,335966208,19372784,1909788672,1952935936
findling-rss 1791205162,1488224256,335966208,19331632,1853554688,1952935936
findling-rss 1791205164,1487220736,335966208,19330784,1851363328,1952935936
findling-rss 1791205166,1421672448,331755520,19127200,1780891648,1952935936
findling-rss 1791205168,1530167296,331755520,19236728,1890705408,1952935936
findling-rss 1791205170,1506967552,331796480,19225432,1866489856,1952935936
findling-rss 1791205172,1526489088,331796480,19236936,1886556160,1952935936
findling-rss 1791205174,1526833152,331800576,19255816,1887113216,1952935936
findling-rss 1791205176,1498279936,331825152,19250000,1859031040,1952935936
findling-rss 1791205178,1527312384,331825152,19255232,1888235520,1952935936
findling-rss 1791205180,1526484992,331821056,19277128,1886580736,1952935936
findling-rss 1791205182,1468936192,392069120,21053560,1891201024,1952935936
findling-rss 1791205184,1526382592,331685888,19189080,1887092736,1952935936
findling-rss 1791205186,1527930880,331689984,19173128,1888550912,1952935936
findling-rss 1791205188,1458028544,331706368,19196960,1818066944,1952935936
findling-rss 1791205190,1527554048,331706368,19167096,1888059392,1952935936
findling-rss 1791205192,1528348672,331714560,19187904,1889280000,1952935936
findling-rss 1791205194,1431093248,331739136,19066016,1790869504,1952935936
findling-rss 1791205196,1526554624,331739136,19187360,1887248384,1952935936
findling-rss 1791205198,1526374400,331735040,19206608,1886867456,1952935936
findling-rss 1791205200,1458388992,331771904,19194672,1813671936,1952935936
findling-rss 1791205202,1527451648,331771904,19213056,1888604160,1952935936
findling-rss 1791205204,1532530688,331763712,19223112,1892864000,1952935936
findling-rss 1791205206,1431461888,331800576,19088688,1791655936,1952935936
findling-rss 1791205208,1528049664,331800576,19219280,1889579008,1952935936
findling-rss 1791205210,1527992320,331800576,19237736,1889075200,1952935936
findling-rss 1791205212,1417506816,331821056,19101968,1776381952,1952935936
findling-rss 1791205214,1528295424,331821056,19234504,1889243136,1952935936
findling-rss 1791205216,1527607296,331829248,19258624,1888088064,1952935936
findling-rss 1791205218,1379033088,331501568,19135448,1738452992,1952935936
findling-rss 1791205220,1528115200,331866112,19297896,1889705984,1952935936
findling-rss 1791205222,1526718464,331853824,19274384,1888362496,1952935936
findling-rss 1791205224,1430302720,331501568,19141584,1790914560,1952935936
findling-rss 1791205226,1527472128,331714560,19154680,1887858688,1952935936
findling-rss 1791205228,1526493184,331714560,19175744,1887653888,1952935936
findling-rss 1791205230,1428148224,331362304,19044616,1786859520,1952935936
findling-rss 1791205232,1588355072,331530240,19157976,1948831744,1952935936
findling-rss 1791205234,1507389440,335609856,19291432,1871847424,1952935936
findling-rss 1791205236,1531473920,335609856,19293272,1896972288,1952935936
findling-rss 1791205238,1537003520,335609856,19338992,1902993408,1952935936
findling-rss 1791205240,1539121152,335609856,19294640,1904230400,1952935936
findling-rss 1791205242,1510600704,335609856,19296368,1875914752,1952935936
findling-rss 1791205244,1539604480,335609856,19296440,1905053696,1952935936
findling-rss 1791205246,1539305472,335609856,19300328,1905025024,1952935936
findling-rss 1791205248,1539244032,335609856,19300464,1904353280,1952935936
findling-rss 1791205250,1493856256,335609856,19302816,1858916352,1952935936
findling-rss 1791205252,1539780608,335609856,19305440,1905250304,1952935936
findling-rss 1791205254,1539805184,335609856,19305248,1905709056,1952935936
findling-rss 1791205257,1539444736,335609856,19348512,1905127424,1952935936
findling-rss 1791205259,1511280640,335609856,19307912,1876336640,1952935936
findling-rss 1791205261,1539661824,335609856,19305584,1903222784,1952935936
findling-rss 1791205263,1540448256,335609856,19300104,1905889280,1952935936
findling-rss 1791205265,1541439488,335609856,19300976,1906688000,1952935936
findling-rss 1791205267,1382227968,331407360,19063848,1742196736,1952935936
findling-rss 1791205269,1527607296,331800576,19193088,1888518144,1952935936
findling-rss 1791205271,1525792768,331792384,19225688,1887420416,1952935936
findling-rss 1791205273,1430528000,331440128,19077344,1790767104,1952935936
findling-rss 1791205275,1528987648,331821056,19208488,1889378304,1952935936
findling-rss 1791205277,1516630016,331821056,19227400,1875116032,1952935936
findling-rss 1791205279,1418383360,331468800,19098568,1778098176,1952935936
findling-rss 1791205281,1526996992,331853824,19224184,1887240192,1952935936
findling-rss 1791205283,1507041280,335728640,19358400,1871847424,1952935936
findling-rss 1791205285,1528639488,335728640,19356336,1892982784,1952935936
findling-rss 1791205287,1536909312,335728640,19357168,1901711360,1952935936
findling-rss 1791205289,1537040384,335728640,19358064,1901957120,1952935936
findling-rss 1791205291,1465475072,335728640,19355320,1829314560,1952935936
findling-rss 1791205293,1486618624,335728640,19356384,1850949632,1952935936
findling-rss 1791205295,1485348864,335728640,19348952,1850388480,1952935936
findling-rss 1791205297,1530818560,335728640,19346776,1896513536,1952935936
findling-rss 1791205299,1471926272,335728640,19344752,1837449216,1952935936
findling-rss 1791205301,1543966720,335728640,19344360,1910288384,1952935936
findling-rss 1791205303,1546428416,335728640,19344120,1911566336,1952935936
findling-rss 1791205305,1536319488,335728640,19344976,1899560960,1952935936
findling-rss 1791205307,1444851712,335728640,19229976,1810370560,1952935936
findling-rss 1791205309,1540935680,335728640,19345792,1906036736,1952935936
findling-rss 1791205311,1541787648,335728640,19345000,1906274304,1952935936
findling-rss 1791205313,1521426432,335728640,19352128,1886638080,1952935936
findling-rss 1791205315,1437995008,331513856,19101104,1797890048,1952935936
findling-rss 1791205317,1527046144,331902976,19235792,1887985664,1952935936
findling-rss 1791205319,1490243584,333078528,19290032,1852362752,1952935936
findling-rss 1791205321,1510670336,333078528,19298952,1872953344,1952935936
findling-rss 1791205323,1526386688,331931648,19252712,1886715904,1952935936
findling-rss 1791205325,1431171072,331927552,19160096,1791782912,1952935936
findling-rss 1791205327,1533624320,331927552,19289288,1894436864,1952935936
findling-rss 1791205329,1507082240,331788288,19157440,1867501568,1952935936
findling-rss 1791205331,1531416576,331788288,19161928,1891549184,1952935936
findling-rss 1791205333,1528049664,331788288,19181976,1889275904,1952935936
findling-rss 1791205335,1507074048,331816960,19171392,1867587584,1952935936
findling-rss 1791205337,1527586816,331816960,19173440,1887862784,1952935936
findling-rss 1791205339,1527951360,331816960,19192784,1888677888,1952935936
findling-rss 1791205341,1498734592,331845632,19185600,1859096576,1952935936
findling-rss 1791205343,1527779328,331845632,19195680,1888501760,1952935936
findling-rss 1791205345,1509679104,331857920,19217320,1870835712,1952935936
findling-rss 1791205347,1471406080,331878400,19197968,1831378944,1952935936
findling-rss 1791205349,1528451072,331878400,19205352,1888800768,1952935936
findling-rss 1791205351,1530957824,331870208,19225600,1891708928,1952935936
findling-rss 1791205353,1442369536,331907072,19215448,1803526144,1952935936
findling-rss 1791205355,1528459264,331907072,19222184,1889824768,1952935936
findling-rss 1791205357,1528320000,331907072,19242240,1888509952,1952935936
findling-rss 1791205359,1431543808,331935744,19116288,1791074304,1952935936
findling-rss 1791205361,1527767040,331935744,19238096,1888325632,1952935936
findling-rss 1791205363,1527234560,331927552,19272800,1888702464,1952935936
findling-rss 1791205365,1379119104,331608064,19108032,1739468800,1952935936
findling-rss 1791205367,1527947264,333361152,19293776,1890021376,1952935936
findling-rss 1791205369,1537888256,333361152,19298768,1900097536,1952935936
findling-rss 1791205371,1491476480,333361152,19298504,1854251008,1952935936
findling-rss 1791205373,1537589248,333361152,19290304,1901125632,1952935936
findling-rss 1791205375,1537085440,333361152,19291880,1900691456,1952935936
findling-rss 1791205377,1538641920,333361152,19294384,1902108672,1952935936
findling-rss 1791205379,1443303424,331964416,19272888,1803808768,1952935936
findling-rss 1791205381,1531854848,331964416,19291776,1892237312,1952935936
findling-rss 1791205383,1523224576,331821056,19152216,1884647424,1952935936
findling-rss 1791205385,1428021248,331821056,19058744,1787129856,1952935936
findling-rss 1791205387,1527603200,331821056,19179704,1887756288,1952935936
findling-rss 1791205389,1507459072,331853824,19172560,1868296192,1952935936
findling-rss 1791205391,1534160896,331853824,19172800,1894834176,1952935936
findling-rss 1791205393,1527267328,331849728,19196072,1887952896,1952935936
findling-rss 1791205395,1507471360,331886592,19191032,1868029952,1952935936
findling-rss 1791205397,1535057920,331886592,19192416,1894858752,1952935936
findling-rss 1791205399,1527791616,331886592,19229176,1888096256,1952935936
findling-rss 1791205401,1460457472,331911168,19202152,1819910144,1952935936
findling-rss 1791205403,1527525376,331911168,19206368,1888083968,1952935936
findling-rss 1791205405,1526124544,331907072,19233384,1887215616,1952935936
findling-rss 1791205407,1470640128,331943936,19220136,1830191104,1952935936
findling-rss 1791205409,1528147968,331943936,19223768,1888268288,1952935936
findling-rss 1791205411,1527332864,331935744,19242000,1886973952,1952935936
findling-rss 1791205413,1431232512,331964416,19104464,1791016960,1952935936
findling-rss 1791205415,1527218176,331964416,19241768,1888772096,1952935936
findling-rss 1791205417,1528061952,331968512,19265008,1890230272,1952935936
findling-rss 1791205419,1379160064,331644928,19110256,1738760192,1952935936
findling-rss 1791205421,1527365632,331988992,19254984,1887719424,1952935936
findling-rss 1791205423,1526775808,331997184,19278496,1887531008,1952935936
findling-rss 1791205425,1379160064,392052736,20944736,1802141696,1952935936
findling-rss 1791205427,1529327616,331853824,19158224,1890418688,1952935936
findling-rss 1791205429,1526501376,332550144,19200760,1888628736,1952935936
findling-rss 1791205431,1508179968,332550144,19199688,1869209600,1952935936
findling-rss 1791205433,1536462848,332550144,19199448,1899102208,1952935936
findling-rss 1791205435,1537118208,332550144,19249032,1899483136,1952935936
findling-rss 1791205437,1507127296,333639680,19211904,1869955072,1952935936
findling-rss 1791205439,1532051456,333639680,19227360,1893625856,1952935936
findling-rss 1791205441,1536708608,333639680,19222136,1898106880,1952935936
findling-rss 1791205443,1536983040,333639680,19228168,1899343872,1952935936
findling-rss 1791205445,1443590144,333639680,19230016,1804947456,1952935936
findling-rss 1791205447,1542287360,333639680,19231008,1904779264,1952935936
findling-rss 1791205449,1538232320,333639680,19229384,1901056000,1952935936
findling-rss 1791205451,1526181888,333639680,19223008,1886744576,1952935936
findling-rss 1791205453,1380220928,332578816,19092448,1740599296,1952935936
findling-rss 1791205455,1526763520,334700544,19272912,1890394112,1952935936
findling-rss 1791205457,1536155648,334700544,19272856,1899360256,1952935936
findling-rss 1791205459,1517244416,334700544,19274688,1880895488,1952935936
findling-rss 1791205461,1537245184,334700544,19275000,1900445696,1952935936
findling-rss 1791205463,1485897728,334700544,19322608,1849864192,1952935936
findling-rss 1791205465,1486229504,334700544,19280096,1850585088,1952935936
findling-rss 1791205467,1444810752,334700544,19272528,1808916480,1952935936
findling-rss 1791205469,1531285504,334700544,19275480,1896296448,1952935936
findling-rss 1791205471,1539440640,334700544,19272488,1902759936,1952935936
findling-rss 1791205473,1539829760,334700544,19274936,1903378432,1952935936
findling-rss 1791205475,1444872192,334700544,19155312,1808736256,1952935936
findling-rss 1791205477,1544888320,334700544,19275480,1908613120,1952935936
findling-rss 1791205480,1507504128,331943936,19197816,1868558336,1952935936
findling-rss 1791205482,1379160064,331587584,19083736,1739350016,1952935936
findling-rss 1791205484,1527971840,331939840,19214080,1888911360,1952935936
findling-rss 1791205486,1507528704,331980800,19212080,1867550720,1952935936
findling-rss 1791205488,1528852480,331980800,19224448,1890230272,1952935936
findling-rss 1791205490,1527672832,331972608,19227544,1889288192,1952935936
findling-rss 1791205492,1471197184,331993088,19217568,1831448576,1952935936
findling-rss 1791205494,1526845440,331993088,19225816,1886932992,1952935936
findling-rss 1791205496,1527468032,331984896,19245640,1888268288,1952935936
findling-rss 1791205498,1469890560,332025856,19236872,1829838848,1952935936
findling-rss 1791205500,1527513088,332025856,19242376,1888006144,1952935936
findling-rss 1791205502,1527861248,332025856,19264768,1889067008,1952935936
findling-rss 1791205504,1440407552,332062720,19256936,1800540160,1952935936
findling-rss 1791205506,1529208832,332062720,19312288,1889038336,1952935936
findling-rss 1791205508,1526800384,332054528,19282792,1887531008,1952935936
findling-rss 1791205510,1431236608,392523776,20942016,1854279680,1952935936
findling-rss 1791205512,1533497344,331911168,19162184,1893666816,1952935936
findling-rss 1791205514,1527271424,331907072,19185280,1888452608,1952935936
findling-rss 1791205516,1317494784,331587584,18836352,1677512704,1952935936
findling-rss 1791205518,1491697664,331943936,19245848,1852088320,1952935936
findling-rss 1791205520,1479553024,331943936,19265344,1838034944,1952935936
findling-rss 1791205522,1525792768,331943936,19264848,1885880320,1952935936
findling-rss 1791205524,1525342208,331968512,19304280,1886060544,1952935936
findling-rss 1791205526,1429745664,331968512,19156072,1789083648,1952935936
findling-rss 1791205528,1529163776,331968512,19284456,1890160640,1952935936
findling-rss 1791205530,1505665024,332001280,19270904,1866502144,1952935936
findling-rss 1791205532,1532596224,332001280,19277064,1893076992,1952935936
findling-rss 1791205534,1527349248,331997184,19303040,1888059392,1952935936
findling-rss 1791205536,1505644544,332017664,19291152,1865867264,1952935936
findling-rss 1791205538,1525895168,332017664,19295256,1886793728,1952935936
findling-rss 1791205540,1525129216,332017664,19315056,1886527488,1952935936
findling-rss 1791205542,1479540736,332054528,19305912,1839525888,1952935936
findling-rss 1791205544,1528643584,332054528,19308544,1889726464,1952935936
findling-rss 1791205546,1526444032,332054528,19330792,1887301632,1952935936
findling-rss 1791205548,1471586304,332087296,19326800,1831886848,1952935936
findling-rss 1791205550,1525891072,332087296,19335608,1886224384,1952935936
findling-rss 1791205552,1525850112,332083200,19354928,1887014912,1952935936
findling-rss 1791205554,1467682816,392581120,21127152,1889820672,1952935936
findling-rss 1791205556,1530318848,331939840,19231576,1890754560,1952935936
findling-rss 1791205558,1526083584,331943936,19251632,1886576640,1952935936
findling-rss 1791205560,1429774336,331976704,19115240,1789849600,1952935936
findling-rss 1791205562,1526108160,331976704,19241912,1886093312,1952935936
findling-rss 1791205564,1525104640,331972608,19262312,1886007296,1952935936
findling-rss 1791205566,1431855104,332005376,19270392,1791614976,1952935936
findling-rss 1791205568,1530875904,332005376,19269176,1892003840,1952935936
findling-rss 1791205570,1526464512,335847424,19391944,1891332096,1952935936
findling-rss 1791205572,1515450368,335847424,19390480,1881460736,1952935936
findling-rss 1791205574,1542049792,335847424,19390872,1908015104,1952935936
findling-rss 1791205576,1536147456,335847424,19387664,1902092288,1952935936
findling-rss 1791205578,1537540096,335847424,19385752,1902747648,1952935936
findling-rss 1791205580,1481453568,335847424,19391944,1846329344,1952935936
findling-rss 1791205582,1544183808,335847424,19390208,1909760000,1952935936
findling-rss 1791205584,1538805760,335847424,19393032,1904541696,1952935936
findling-rss 1791205586,1481535488,335847424,19390752,1846988800,1952935936
findling-rss 1791205588,1440247808,335847424,19272584,1804546048,1952935936
findling-rss 1791205590,1485275136,335847424,19392512,1848553472,1952935936
findling-rss 1791205592,1528553472,335847424,19394632,1893199872,1952935936
findling-rss 1791205594,1518280704,335847424,19400544,1882427392,1952935936
findling-rss 1791205596,1442508800,335847424,19276680,1806630912,1952935936
findling-rss 1791205598,1540050944,335847424,19390776,1904885760,1952935936
findling-rss 1791205600,1539305472,335847424,19394816,1904459776,1952935936
findling-rss 1791205602,1423040512,332054528,19147560,1781497856,1952935936
findling-rss 1791205604,1526464512,332054528,19277768,1886687232,1952935936
findling-rss 1791205606,1525280768,332050432,19302176,1886298112,1952935936
findling-rss 1791205608,1377714176,331726848,19150256,1737224192,1952935936
findling-rss 1791205610,1525604352,332079104,19298552,1886171136,1952935936
findling-rss 1791205612,1525465088,332075008,19334136,1885212672,1952935936
findling-rss 1791205614,1434705920,331726848,19189480,1794039808,1952935936
findling-rss 1791205616,1526595584,332111872,19312264,1887535104,1952935936
findling-rss 1791205618,1525891072,332111872,19333608,1886470144,1952935936
findling-rss 1791205620,1433452544,331755520,19191928,1793302528,1952935936
findling-rss 1791205622,1525436416,332140544,19325776,1886478336,1952935936
findling-rss 1791205624,1521434624,333172736,19376160,1881980928,1952935936
findling-rss 1791205626,1439563776,333172736,19258752,1801908224,1952935936
findling-rss 1791205628,1534988288,333172736,19377520,1897443328,1952935936
findling-rss 1791205630,1536204800,333172736,19396224,1897918464,1952935936
findling-rss 1791205632,1534017536,333172736,19383136,1896337408,1952935936
findling-rss 1791205634,1433038848,331784192,19218976,1793646592,1952935936
findling-rss 1791205636,1526087680,331993088,19234320,1886916608,1952935936
findling-rss 1791205638,1514061824,332001280,19253664,1872830464,1952935936
findling-rss 1791205640,1435123712,331649024,19127560,1794748416,1952935936
findling-rss 1791205642,1525264384,332029952,19250864,1885556736,1952935936
findling-rss 1791205644,1505697792,332029952,19274960,1861758976,1952935936
findling-rss 1791205646,1525858304,332029952,19278248,1887199232,1952935936
findling-rss 1791205648,1526706176,332066816,19266264,1886011392,1952935936
findling-rss 1791205650,1505689600,332058624,19283808,1865105408,1952935936
findling-rss 1791205652,1525731328,332058624,19286000,1885622272,1952935936
findling-rss 1791205654,1525821440,332095488,19281944,1886416896,1952935936
findling-rss 1791205656,1479593984,332095488,19299688,1841373184,1952935936
findling-rss 1791205658,1526398976,332095488,19303016,1887399936,1952935936
findling-rss 1791205660,1525919744,332140544,19304600,1887809536,1952935936
findling-rss 1791205662,1458421760,332144640,19323200,1819062272,1952935936
findling-rss 1791205664,1525956608,332144640,19327392,1887686656,1952935936
findling-rss 1791205666,1525460992,332169216,19319280,1886883840,1952935936
findling-rss 1791205668,1451524096,332169216,19340888,1806061568,1952935936
findling-rss 1791205670,1526538240,332169216,19339408,1888047104,1952935936
findling-rss 1791205672,1524559872,332546048,19341416,1885954048,1952935936
findling-rss 1791205674,1439592448,332546048,19226152,1801936896,1952935936
findling-rss 1791205676,1536282624,332546048,19342168,1898369024,1952935936
findling-rss 1791205678,1525583872,332193792,19351368,1886400512,1952935936
findling-rss 1791205680,1389559808,392794112,21038520,1808625664,1952935936
findling-rss 1791205682,1525956608,332058624,19232288,1885937664,1952935936
findling-rss 1791205684,1507164160,332038144,19252016,1867468800,1952935936
findling-rss 1791205686,1412362240,331735040,19130648,1771626496,1952935936
findling-rss 1791205688,1526214656,332083200,19253560,1886699520,1952935936
findling-rss 1791205690,1525997568,332087296,19270512,1888157696,1952935936
findling-rss 1791205692,1418129408,331739136,19140192,1779576832,1952935936
findling-rss 1791205694,1526898688,332124160,19269288,1888800768,1952935936
findling-rss 1791205696,1505738752,332124160,19293832,1867374592,1952935936
findling-rss 1791205698,1418305536,331767808,19158688,1778438144,1952935936
findling-rss 1791205700,1526013952,332148736,19282992,1888088064,1952935936
findling-rss 1791205702,1505730560,332148736,19299728,1867231232,1952935936
findling-rss 1791205705,1528795136,332148736,19303160,1889902592,1952935936
findling-rss 1791205707,1526231040,332177408,19298680,1887264768,1952935936
findling-rss 1791205709,1505759232,332177408,19319240,1866833920,1952935936
findling-rss 1791205711,1526034432,332177408,19321304,1885814784,1952935936
findling-rss 1791205713,1525227520,332197888,19314760,1886130176,1952935936
findling-rss 1791205715,1497042944,332201984,19338728,1858588672,1952935936
findling-rss 1791205717,1527164928,332201984,19343400,1889566720,1952935936
findling-rss 1791205719,1524674560,332226560,19330120,1885028352,1952935936
findling-rss 1791205721,1458229248,332230656,19352792,1818992640,1952935936
findling-rss 1791205723,1525178368,332230656,19354008,1887027200,1952935936
findling-rss 1791205725,1525047296,332103680,19239496,1884983296,1952935936
findling-rss 1791205727,1457737728,332099584,19256760,1817636864,1952935936
findling-rss 1791205729,1529991168,332099584,19253952,1891405824,1952935936
findling-rss 1791205731,1524641792,332132352,19253728,1885908992,1952935936
findling-rss 1791205733,1429864448,332132352,19151560,1789292544,1952935936
findling-rss 1791205735,1528045568,332132352,19272688,1887883264,1952935936
findling-rss 1791205737,1505779712,332161024,19285336,1867616256,1952935936
findling-rss 1791205739,1531035648,332161024,19270704,1891901440,1952935936
findling-rss 1791205741,1525800960,332152832,19288568,1885949952,1952935936
findling-rss 1791205743,1469296640,332177408,19277976,1830277120,1952935936
findling-rss 1791205745,1526038528,332177408,19284104,1886511104,1952935936
findling-rss 1791205747,1525895168,332185600,19306520,1887113216,1952935936
findling-rss 1791205749,1475211264,332210176,19298016,1832615936,1952935936
findling-rss 1791205751,1530617856,332210176,19304832,1891479552,1952935936
findling-rss 1791205753,1526743040,332218368,19327424,1888759808,1952935936
findling-rss 1791205755,1442971648,332247040,19320048,1803743232,1952935936
findling-rss 1791205757,1524826112,332247040,19319312,1886179328,1952935936
findling-rss 1791205759,1525919744,332247040,19338896,1887617024,1952935936
findling-rss 1791205761,1439313920,332275712,19328312,1800224768,1952935936
findling-rss 1791205763,1526038528,332275712,19382752,1887735808,1952935936
findling-rss 1791205765,1526915072,332271616,19356392,1888141312,1952935936
findling-rss 1791205767,1415680000,392900608,21005536,1837371392,1952935936
findling-rss 1791205769,1527390208,332120064,19235936,1888391168,1952935936
findling-rss 1791205771,1528242176,333168640,19298696,1890287616,1952935936
findling-rss 1791205773,1508306944,333168640,19283112,1870192640,1952935936
findling-rss 1791205775,1536626688,333168640,19281000,1898876928,1952935936
findling-rss 1791205777,1542070272,333168640,19281048,1904111616,1952935936
findling-rss 1791205779,1537687552,333168640,19280808,1900019712,1952935936
findling-rss 1791205781,1425760256,331780096,19119592,1785937920,1952935936
findling-rss 1791205783,1525800960,332173312,19251248,1886601216,1952935936
findling-rss 1791205785,1523474432,332173312,19273312,1884577792,1952935936
findling-rss 1791205787,1433980928,331816960,19146216,1794699264,1952935936
findling-rss 1791205789,1525952512,332197888,19272176,1887481856,1952935936
findling-rss 1791205791,1505820672,332201984,19288576,1866387456,1952935936
findling-rss 1791205793,1526132736,332201984,19291752,1887072256,1952935936
findling-rss 1791205795,1525714944,332222464,19284584,1885679616,1952935936
findling-rss 1791205797,1580355584,332017664,19202432,1938956288,1952935936
findling-rss 1791205799,1589211136,332017664,19339600,1949847552,1952935936
findling-rss 1791205801,1527275520,332259328,19328168,1887223808,1952935936
findling-rss 1791205803,1431166976,332255232,19219744,1791647744,1952935936
findling-rss 1791205805,1527345152,332255232,19347792,1888067584,1952935936
findling-rss 1791205807,1524264960,332275712,19342920,1883893760,1952935936
findling-rss 1791205809,1414262784,333463552,19274936,1774673920,1952935936
findling-rss 1791205811,1510854656,333463552,19393768,1873391616,1952935936
findling-rss 1791205813,1507074048,332316672,19352920,1867403264,1952935936
findling-rss 1791205815,1379102720,331960320,19241648,1737633792,1952935936
findling-rss 1791205817,1534103552,332316672,19376800,1895002112,1952935936
findling-rss 1791205819,1506799616,332173312,19253408,1859727360,1952935936
findling-rss 1791205821,1527300096,332173312,19259400,1887715328,1952935936
findling-rss 1791205823,1527349248,332173312,19283232,1888706560,1952935936
findling-rss 1791205825,1480962048,332206080,19274464,1842360320,1952935936
findling-rss 1791205827,1527234560,332206080,19340984,1888358400,1952935936
findling-rss 1791205829,1526276096,332201984,19291688,1887297536,1952935936
findling-rss 1791205831,1471008768,332226560,19282816,1830993920,1952935936
findling-rss 1791205833,1526960128,332226560,19285488,1887580160,1952935936
findling-rss 1791205835,1527365632,332234752,19310320,1887776768,1952935936
findling-rss 1791205837,1467961344,332255232,19299816,1827217408,1952935936
findling-rss 1791205839,1526710272,332255232,19306144,1888468992,1952935936
findling-rss 1791205841,1528774656,332267520,19378728,1889243136,1952935936
findling-rss 1791205843,1431191552,332292096,19198448,1792659456,1952935936
findling-rss 1791205845,1526575104,332292096,19324720,1888731136,1952935936
findling-rss 1791205847,1527623680,332288000,19345736,1888321536,1952935936
findling-rss 1791205849,1439186944,332312576,19341648,1799163904,1952935936
findling-rss 1791205851,1533472768,332312576,19342640,1895362560,1952935936
findling-rss 1791205853,1527431168,332320768,19362408,1889005568,1952935936
findling-rss 1791205855,1420713984,332345344,19228400,1780064256,1952935936
findling-rss 1791205857,1528029184,332345344,19361552,1889353728,1952935936
findling-rss 1791205859,1527271424,332341248,19381744,1888714752,1952935936
findling-rss 1791205861,1379123200,392740864,21054432,1801089024,1952935936
findling-rss 1791205863,1526767616,332197888,19261240,1887379456,1952935936
findling-rss 1791205865,1527107584,332206080,19284136,1887309824,1952935936
findling-rss 1791205867,1414877184,332234752,19141872,1773854720,1952935936
findling-rss 1791205869,1532170240,332234752,19275320,1892839424,1952935936
findling-rss 1791205871,1526906880,332230656,19298984,1887600640,1952935936
findling-rss 1791205873,1426681856,331882496,19165712,1787035648,1952935936
findling-rss 1791205875,1528377344,332259328,19299600,1888907264,1952935936
findling-rss 1791205877,1526505472,332271616,19323896,1888419840,1952935936
findling-rss 1791205879,1431601152,331911168,19178648,1792299008,1952935936
findling-rss 1791205881,1588920320,332075008,19300920,1949417472,1952935936
findling-rss 1791205883,1507131392,332296192,19336200,1869160448,1952935936
findling-rss 1791205885,1379139584,331939840,19217424,1759272960,1952935936
findling-rss 1791205887,1526738944,332324864,19329464,1888169984,1952935936
findling-rss 1791205889,1507123200,332328960,19351472,1868144640,1952935936
findling-rss 1791205891,1527611392,332328960,19350144,1889300480,1952935936
findling-rss 1791205893,1526534144,332345344,19342712,1888047104,1952935936
findling-rss 1791205895,1480998912,333385728,19396880,1843716096,1952935936
findling-rss 1791205897,1526726656,333385728,19396336,1890168832,1952935936
findling-rss 1791205899,1537253376,333385728,19390984,1900441600,1952935936
findling-rss 1791205901,1538498560,333385728,19395088,1901383680,1952935936
findling-rss 1791205903,1484742656,333385728,19389056,1848328192,1952935936
findling-rss 1791205905,1538560000,333385728,19391512,1901674496,1952935936
findling-rss 1791205907,1527783424,332386304,19365184,1888960512,1952935936
findling-rss 1791205909,1470283776,332382208,19382464,1831788544,1952935936
findling-rss 1791205911,1527459840,332382208,19388728,1888591872,1952935936
findling-rss 1791205913,1526087680,332238848,19261056,1886945280,1952935936
findling-rss 1791205915,1453510656,332234752,19306968,1807659008,1952935936
findling-rss 1791205917,1527111680,332234752,19289016,1887825920,1952935936
findling-rss 1791205919,1526018048,332267520,19278032,1887076352,1952935936
findling-rss 1791205921,1431228416,332267520,19172536,1790697472,1952935936
findling-rss 1791205923,1530548224,332267520,19305216,1890734080,1952935936
findling-rss 1791205925,1520803840,333340672,19327280,1881571328,1952935936
findling-rss 1791205927,1440980992,333340672,19212920,1803165696,1952935936
findling-rss 1791205930,1537138688,333340672,19334224,1899225088,1952935936
findling-rss 1791205932,1538469888,333340672,19373968,1900818432,1952935936
findling-rss 1791205934,1525268480,333340672,19339240,1887633408,1952935936
findling-rss 1791205936,1414553600,332292096,19191288,1773838336,1952935936
findling-rss 1791205938,1527259136,332292096,19317448,1888604160,1952935936
findling-rss 1791205940,1507131392,332337152,19310520,1868132352,1952935936
findling-rss 1791205942,1531420672,332337152,19311968,1892007936,1952935936
findling-rss 1791205944,1509875712,333504512,19366216,1871548416,1952935936
findling-rss 1791205946,1458163712,332357632,19324216,1811152896,1952935936
findling-rss 1791205948,1526808576,332357632,19331904,1888788480,1952935936
findling-rss 1791205950,1527136256,332361728,19354400,1888583680,1952935936
findling-rss 1791205952,1459937280,332394496,19400152,1819803648,1952935936
findling-rss 1791205954,1527250944,332394496,19347328,1888346112,1952935936
findling-rss 1791205956,1533116416,332390400,19370632,1893740544,1952935936
findling-rss 1791205958,1406431232,332423168,19232712,1764913152,1952935936
findling-rss 1791205960,1531449344,332423168,19370272,1892499456,1952935936
findling-rss 1791205962,1527488512,332414976,19390208,1889009664,1952935936
findling-rss 1791205964,1379155968,392871936,21067600,1802383360,1952935936
findling-rss 1791205966,1527984128,332259328,19265576,1888833536,1952935936
findling-rss 1791205968,1526767616,332263424,19284192,1887940608,1952935936
findling-rss 1791205970,1431617536,331911168,19154360,1792270336,1952935936
findling-rss 1791205972,1527427072,332292096,19275288,1888116736,1952935936
findling-rss 1791205974,1532772352,332288000,19295048,1894359040,1952935936
findling-rss 1791205976,1436770304,331939840,19168488,1797718016,1952935936
findling-rss 1791205978,1527214080,332324864,19293488,1888382976,1952935936
findling-rss 1791205980,1507135488,332320768,19312616,1867599872,1952935936
findling-rss 1791205982,1529548800,332320768,19316032,1891061760,1952935936
findling-rss 1791205984,1526800384,332357632,19307144,1888788480,1952935936
findling-rss 1791205986,1507123200,332353536,19330160,1867890688,1952935936
findling-rss 1791205988,1527820288,332353536,19331512,1887453184,1952935936
findling-rss 1791205990,1526882304,332378112,19340032,1888182272,1952935936
findling-rss 1791205992,1471270912,332386304,19349584,1832951808,1952935936
findling-rss 1791205994,1527410688,332386304,19349344,1889099776,1952935936
findling-rss 1791205996,1528205312,332410880,19348200,1890086912,1952935936
findling-rss 1791205998,1458167808,332406784,19373504,1819873280,1952935936
findling-rss 1791206000,1527283712,332406784,19370232,1889521664,1952935936
findling-rss 1791206002,1526489088,332447744,19359408,1886572544,1952935936
findling-rss 1791206004,1432723456,332447744,19371368,1793335296,1952935936
findling-rss 1791206006,1526898688,332447744,19431056,1890115584,1952935936
findling-rss 1791206008,1517395968,332292096,19249032,1876959232,1952935936
findling-rss 1791206010,1406853120,332296192,19158072,1765908480,1952935936
findling-rss 1791206012,1528725504,332296192,19279712,1888993280,1952935936
findling-rss 1791206014,1507139584,332324864,19277232,1868738560,1952935936
findling-rss 1791206016,1527676928,332324864,19277640,1888825344,1952935936
findling-rss 1791206018,1527975936,332328960,19298976,1889505280,1952935936
findling-rss 1791206020,1470656512,332349440,19292496,1832226816,1952935936
findling-rss 1791206022,1526374400,332349440,19293528,1887657984,1952935936
findling-rss 1791206024,1527799808,332353536,19318720,1889169408,1952935936
findling-rss 1791206026,1431240704,332378112,19180192,1791242240,1952935936
findling-rss 1791206028,1528041472,332378112,19312640,1889439744,1952935936
findling-rss 1791206030,1526980608,332378112,19338464,1888178176,1952935936
findling-rss 1791206032,1431240704,332410880,19195264,1792139264,1952935936
findling-rss 1791206034,1529667584,332410880,19330056,1890639872,1952935936
findling-rss 1791206036,1527275520,332406784,19353216,1888333824,1952935936
findling-rss 1791206038,1379172352,332083200,19202032,1738678272,1952935936
findling-rss 1791206040,1526796288,332435456,19346296,1887346688,1952935936
findling-rss 1791206042,1526906880,332435456,19364912,1886830592,1952935936
findling-rss 1791206044,1379176448,332111872,19214744,1739505664,1952935936
findling-rss 1791206046,1527271424,332472320,19361400,1888239616,1952935936
findling-rss 1791206048,1527074816,332464128,19387312,1888313344,1952935936
findling-rss 1791206050,1379180544,332111872,19254680,1740550144,1952935936
findling-rss 1791206052,1527435264,332333056,19260288,1887821824,1952935936
findling-rss 1791206054,1526468608,332333056,19283376,1887764480,1952935936
findling-rss 1791206056,1422802944,331976704,19157368,1783783424,1952935936
findling-rss 1791206058,1527078912,332783616,19296136,1888702464,1952935936
findling-rss 1791206060,1507168256,332775424,19312088,1868623872,1952935936
findling-rss 1791206062,1527758848,332775424,19313920,1888849920,1952935936
findling-rss 1791206064,1527226368,332795904,19310376,1889611776,1952935936
findling-rss 1791206066,1507176448,332804096,19329592,1869217792,1952935936
findling-rss 1791206068,1527361536,332804096,19330080,1889214464,1952935936
findling-rss 1791206070,1527808000,332824576,19326944,1888985088,1952935936
findling-rss 1791206072,1507196928,332832768,19348144,1867722752,1952935936
findling-rss 1791206074,1527844864,332832768,19414864,1889099776,1952935936
findling-rss 1791206076,1527296000,332861440,19378816,1889021952,1952935936
findling-rss 1791206078,1472913408,332853248,19369272,1834532864,1952935936
findling-rss 1791206080,1527451648,332853248,19363992,1889161216,1952935936
findling-rss 1791206082,1526599680,334614528,19406832,1890283520,1952935936
findling-rss 1791206084,1516949504,334614528,19408920,1881423872,1952935936
findling-rss 1791206086,1542434816,334614528,19409064,1906499584,1952935936
findling-rss 1791206088,1538314240,334614528,19412808,1902239744,1952935936
findling-rss 1791206090,1539403776,334614528,19413528,1903988736,1952935936
findling-rss 1791206092,1454301184,334614528,19411104,1817772032,1952935936
findling-rss 1791206094,1539334144,334614528,19433416,1903226880,1952935936
findling-rss 1791206096,1539502080,334614528,19414168,1903845376,1952935936
findling-rss 1791206098,1507205120,332881920,19384920,1870184448,1952935936
findling-rss 1791206100,1379217408,332533760,19259888,1740627968,1952935936
findling-rss 1791206102,1527369728,332931072,19380952,1888178176,1952935936
findling-rss 1791206104,1507188736,332926976,19403520,1868681216,1952935936
findling-rss 1791206106,1428078592,332574720,19276480,1776685056,1952935936
findling-rss 1791206108,1527574528,332779520,19281088,1888772096,1952935936
findling-rss 1791206110,1507192832,332775424,19303288,1869099008,1952935936
findling-rss 1791206112,1528279040,332775424,19354488,1889910784,1952935936
findling-rss 1791206114,1526722560,332795904,19302272,1887739904,1952935936
findling-rss 1791206116,1507188736,332804096,19322968,1868263424,1952935936
findling-rss 1791206118,1528549376,332804096,19321712,1890344960,1952935936
findling-rss 1791206120,1527414784,332832768,19311536,1888784384,1952935936
findling-rss 1791206122,1481105408,332828672,19325296,1841811456,1952935936
findling-rss 1791206124,1528041472,332828672,19332064,1889697792,1952935936
findling-rss 1791206126,1528459264,332869632,19330528,1889533952,1952935936
findling-rss 1791206128,1431306240,332857344,19230904,1792643072,1952935936
findling-rss 1791206130,1527615488,332857344,19351056,1890045952,1952935936
findling-rss 1791206132,1520709632,332881920,19338240,1879990272,1952935936
findling-rss 1791206134,1415794688,332894208,19245064,1775452160,1952935936
findling-rss 1791206136,1531052032,332894208,19366176,1892651008,1952935936
findling-rss 1791206138,1507225600,332926976,19355152,1869021184,1952935936
findling-rss 1791206140,1527918592,332926976,19425448,1890189312,1952935936
findling-rss 1791206142,1526976512,332918784,19381584,1889210368,1952935936
findling-rss 1791206144,1507196928,332939264,19376720,1868865536,1952935936
findling-rss 1791206146,1531645952,332939264,19381048,1894199296,1952935936
findling-rss 1791206148,1589186560,332734464,19395432,1951006720,1952935936
findling-rss 1791206150,1474170880,393891840,21179680,1897402368,1952935936
findling-rss 1791206152,1527582720,332820480,19279928,1888858112,1952935936
findling-rss 1791206155,1526943744,332808192,19306848,1888243712,1952935936
findling-rss 1791206157,1459994624,332849152,19297080,1821843456,1952935936
findling-rss 1791206159,1530077184,332849152,19299928,1893294080,1952935936
findling-rss 1791206161,1527099392,332845056,19321464,1889595392,1952935936
findling-rss 1791206163,1431334912,332873728,19180176,1792229376,1952935936
findling-rss 1791206165,1526935552,332873728,19312632,1887404032,1952935936
findling-rss 1791206167,1527820288,332873728,19338192,1889423360,1952935936
findling-rss 1791206169,1431343104,332906496,19213080,1792737280,1952935936
findling-rss 1791206171,1533333504,332906496,19337312,1895669760,1952935936
findling-rss 1791206173,1527418880,332898304,19357944,1890709504,1952935936
findling-rss 1791206175,1379270656,332578816,19209072,1740718080,1952935936
findling-rss 1791206177,1527410688,332918784,19348448,1890332672,1952935936
findling-rss 1791206179,1526738944,332931072,19366928,1888718848,1952935936
findling-rss 1791206181,1379274752,332607488,19229192,1739186176,1952935936
findling-rss 1791206183,1527255040,332959744,19365192,1890148352,1952935936
findling-rss 1791206185,1527193600,332967936,19391496,1890263040,1952935936
findling-rss 1791206187,1379278848,332636160,19242432,1740644352,1952935936
findling-rss 1791206189,1527631872,332980224,19377696,1889644544,1952935936
findling-rss 1791206191,1527140352,332996608,19408056,1889456128,1952935936
findling-rss 1791206193,1379287040,332660736,19270312,1741012992,1952935936
findling-rss 1791206195,1527713792,332853248,19285848,1889857536,1952935936
findling-rss 1791206197,1526452224,332853248,19309160,1888604160,1952935936
findling-rss 1791206199,1436479488,332496896,19170512,1797738496,1952935936
findling-rss 1791206201,1527427072,332873728,19298504,1889714176,1952935936
findling-rss 1791206203,1507282944,332881920,19320728,1869451264,1952935936
findling-rss 1791206205,1527668736,332881920,19321424,1888899072,1952935936
findling-rss 1791206207,1527705600,332906496,19316984,1888800768,1952935936
findling-rss 1791206209,1507278848,332906496,19330880,1868333056,1952935936
findling-rss 1791206211,1528782848,332906496,19340808,1891278848,1952935936
findling-rss 1791206213,1435815936,332931072,19398784,1797455872,1952935936
findling-rss 1791206215,1496555520,332931072,19397088,1858666496,1952935936
findling-rss 1791206217,1528610816,332943360,19421984,1890816000,1952935936
findling-rss 1791206219,1429979136,334725120,19354880,1792942080,1952935936
findling-rss 1791206221,1528967168,334725120,19462952,1892102144,1952935936
findling-rss 1791206223,1537454080,334725120,19465112,1900072960,1952935936
findling-rss 1791206225,1516736512,334725120,19464800,1880821760,1952935936
findling-rss 1791206227,1440960512,334725120,19348384,1805135872,1952935936
findling-rss 1791206229,1537474560,334725120,19470552,1901568000,1952935936
findling-rss 1791206231,1537859584,334725120,19471832,1902051328,1952935936
findling-rss 1791206233,1517821952,334725120,19465512,1881243648,1952935936
findling-rss 1791206235,1538572288,334725120,19464880,1902444544,1952935936
findling-rss 1791206237,1526272000,332955648,19436608,1887645696,1952935936
findling-rss 1791206239,1497182208,333000704,19434488,1857605632,1952935936
findling-rss 1791206241,1531121664,333000704,19437016,1893183488,1952935936
findling-rss 1791206243,1527734272,333004800,19461016,1889845248,1952935936
findling-rss 1791206245,1457885184,333033472,19443704,1819955200,1952935936
findling-rss 1791206247,1525968896,333033472,19452648,1888256000,1952935936
findling-rss 1791206249,1524887552,333033472,19474696,1886408704,1952935936
findling-rss 1791206251,1456918528,394055680,21258640,1881391104,1952935936
findling-rss 1791206253,1526329344,332898304,19349032,1888571392,1952935936
findling-rss 1791206255,1526325248,332894208,19365208,1888894976,1952935936
findling-rss 1791206257,1429995520,332922880,19231072,1791483904,1952935936
findling-rss 1791206259,1527103488,332922880,19362920,1888768000,1952935936
findling-rss 1791206261,1525571584,332922880,19385944,1887301632,1952935936
findling-rss 1791206263,1409806336,332951552,19246056,1768566784,1952935936
findling-rss 1791206265,1529008128,332951552,19380064,1890562048,1952935936
findling-rss 1791206267,1525784576,332947456,19405336,1887424512,1952935936
findling-rss 1791206269,1377931264,332627968,19254184,1738891264,1952935936
findling-rss 1791206271,1526009856,332980224,19401272,1887662080,1952935936
findling-rss 1791206273,1525112832,334032896,19450616,1888776192,1952935936
findling-rss 1791206275,1506988032,334032896,19458584,1870712832,1952935936
findling-rss 1791206277,1536229376,334032896,19451552,1899933696,1952935936
findling-rss 1791206279,1537171456,334032896,19453056,1900584960,1952935936
findling-rss 1791206281,1536995328,334032896,19453656,1898491904,1952935936
findling-rss 1791206283,1435136000,332627968,19293432,1795629056,1952935936
findling-rss 1791206285,1531346944,334069760,19450128,1893785600,1952935936
findling-rss 1791206287,1529118720,334069760,19455672,1890865152,1952935936
findling-rss 1791206289,1541480448,334069760,19448320,1904828416,1952935936
findling-rss 1791206291,1536745472,334069760,19447376,1900621824,1952935936
findling-rss 1791206293,1537654784,334069760,19446096,1902014464,1952935936
findling-rss 1791206295,1505927168,333017088,19445488,1868685312,1952935936
findling-rss 1791206297,1525891072,333017088,19443128,1888153600,1952935936
findling-rss 1791206299,1527840768,333053952,19436712,1889529856,1952935936
findling-rss 1791206301,1456947200,333058048,19452072,1819582464,1952935936
findling-rss 1791206303,1528770560,333058048,19497224,1892433920,1952935936
findling-rss 1791206305,1524998144,333082624,19452256,1886326784,1952935936
findling-rss 1791206307,1430016000,333086720,19358608,1791930368,1952935936
findling-rss 1791206309,1531133952,333086720,19477224,1892773888,1952935936
findling-rss 1791206311,1522921472,332943360,19348808,1883815936,1952935936
findling-rss 1791206313,1422798848,332943360,19251976,1781366784,1952935936
findling-rss 1791206315,1526464512,332943360,19372896,1886855168,1952935936
findling-rss 1791206317,1522257920,332976128,19374344,1884045312,1952935936
findling-rss 1791206319,1428332544,332976128,19270480,1788653568,1952935936
findling-rss 1791206321,1525813248,332976128,19392416,1888763904,1952935936
findling-rss 1791206323,1506324480,333004800,19388176,1868115968,1952935936
findling-rss 1791206325,1377947648,332652544,19298096,1739194368,1952935936
findling-rss 1791206327,1526681600,333008896,19412408,1888960512,1952935936
findling-rss 1791206329,1505910784,333033472,19411616,1868038144,1952935936
findling-rss 1791206331,1377947648,332685312,19317640,1738625024,1952935936
findling-rss 1791206333,1507467264,333008896,19431848,1869082624,1952935936
findling-rss 1791206335,1505927168,333062144,19420024,1867309056,1952935936
findling-rss 1791206337,1377951744,332709888,19332688,1739628544,1952935936
findling-rss 1791206339,1525620736,333066240,19440856,1888796672,1952935936
findling-rss 1791206341,1488261120,333070336,19430464,1849503744,1952935936
findling-rss 1791206343,1510912000,333070336,19430864,1872703488,1952935936
findling-rss 1791206345,1525669888,333086720,19453232,1887326208,1952935936
findling-rss 1791206347,1505918976,333111296,19445264,1868132352,1952935936
findling-rss 1791206349,1525510144,333111296,19452072,1887076352,1952935936
findling-rss 1791206351,1589039104,332910592,19489184,1951133696,1953128448
findling-rss 1791206353,1467752448,394211328,21258136,1888100352,1953603584
findling-rss 1791206355,1526812672,332976128,19370072,1888448512,1953603584
findling-rss 1791206357,1533181952,332976128,19392448,1895346176,1953603584
findling-rss 1791206359,1442283520,333008896,19387744,1803370496,1953603584
findling-rss 1791206361,1527742464,333008896,19390456,1888894976,1953603584
findling-rss 1791206363,1527685120,333000704,19410064,1889599488,1953603584
findling-rss 1791206365,1431150592,333033472,19271080,1793368064,1953603584
findling-rss 1791206367,1527111680,333033472,19401208,1888894976,1953603584
findling-rss 1791206369,1527885824,333033472,19423144,1889517568,1953603584
findling-rss 1791206371,1431162880,333066240,19287224,1790717952,1953603584
findling-rss 1791206373,1531408384,333066240,19419448,1892208640,1953603584
findling-rss 1791206375,1527353344,333066240,19440616,1889730560,1953603584
findling-rss 1791206378,1419771904,333099008,19300856,1780826112,1953603584
findling-rss 1791206380,1527406592,333099008,19441728,1890697216,1953603584
findling-rss 1791206382,1526026240,333090816,19458272,1887916032,1953603584
findling-rss 1791206384,1431162880,334872576,19388056,1795059712,1953603584
findling-rss 1791206386,1527562240,334872576,19502120,1891622912,1953603584
findling-rss 1791206388,1536655360,334872576,19500136,1900625920,1953603584
findling-rss 1791206390,1532743680,334872576,19501952,1895407616,1953603584
findling-rss 1791206392,1442131968,334872576,19383888,1806807040,1953603584
findling-rss 1791206394,1539121152,334872576,19504976,1903226880,1953603584
findling-rss 1791206396,1539293184,334872576,19505624,1903607808,1953603584
findling-rss 1791206398,1518972928,334872576,19526096,1883590656,1953603584
findling-rss 1791206400,1539301376,334872576,19507440,1903587328,1953603584
findling-rss 1791206402,1527996416,333131776,19495880,1888952320,1953603584
findling-rss 1791206404,1470431232,333164544,19488952,1831563264,1953603584
findling-rss 1791206406,1527377920,333164544,19473856,1889140736,1953603584
findling-rss 1791206408,1527361536,333164544,19501480,1890115584,1953603584
findling-rss 1791206410,1439023104,394289152,21284568,1862512640,1953603584
findling-rss 1791206412,1526702080,333008896,19374496,1888256000,1953603584
findling-rss 1791206414,1529618432,333012992,19401184,1891164160,1953603584
findling-rss 1791206416,1430941696,333037568,19273624,1790803968,1953603584
findling-rss 1791206418,1527443456,333037568,19390144,1889595392,1953603584
findling-rss 1791206420,1526845440,334802944,19462376,1891225600,1953603584
findling-rss 1791206422,1508151296,334802944,19462464,1872465920,1953603584
findling-rss 1791206424,1537441792,334802944,19464696,1901199360,1953603584
findling-rss 1791206426,1538326528,334802944,19464000,1902059520,1953603584
findling-rss 1791206428,1538437120,334802944,19468640,1902682112,1953603584
findling-rss 1791206430,1445781504,334802944,19466560,1808814080,1953603584
findling-rss 1791206432,1539514368,334802944,19460144,1902755840,1953603584
findling-rss 1791206434,1538822144,334802944,19509080,1903562752,1953603584
findling-rss 1791206436,1431187456,333090816,19271728,1792069632,1953603584
findling-rss 1791206438,1527398400,333090816,19409976,1889484800,1953603584
findling-rss 1791206440,1510703104,334258176,19467264,1873969152,1953603584
findling-rss 1791206442,1413730304,332730368,19299264,1775517696,1953603584
findling-rss 1791206444,1526190080,333107200,19420352,1886887936,1953603584
findling-rss 1791206446,1526943744,333111296,19442128,1888653312,1953603584
findling-rss 1791206448,1433415680,332759040,19304800,1794809856,1953603584
findling-rss 1791206450,1527619584,333139968,19439648,1889894400,1953603584
findling-rss 1791206452,1526341632,333144064,19459968,1888616448,1953603584
findling-rss 1791206454,1435906048,332787712,19334936,1797849088,1953603584
findling-rss 1791206456,1526943744,333168640,19456064,1888432128,1953603584
findling-rss 1791206458,1526312960,333164544,19480344,1888915456,1953603584
findling-rss 1791206460,1430999040,332816384,19348832,1792864256,1953603584
findling-rss 1791206462,1510260736,334364672,19506336,1873805312,1953603584
findling-rss 1791206464,1507119104,333201408,19500856,1869258752,1953603584
findling-rss 1791206466,1529958400,333201408,19500840,1891704832,1953603584
findling-rss 1791206468,1526755328,333049856,19428472,1889075200,1953603584
findling-rss 1791206470,1587564544,332836864,19272272,1949675520,1953603584
findling-rss 1791206472,1592807424,332836864,19394192,1955528704,1955528704
findling-rss 1791206474,1507467264,333078528,19389920,1868509184,1957875712
findling-rss 1791206476,1409445888,333086720,19292488,1768251392,1957875712
findling-rss 1791206478,1527353344,333086720,19413160,1889079296,1957875712
findling-rss 1791206480,1507135488,333107200,19406832,1868607488,1957875712
findling-rss 1791206482,1501466624,333107200,19410248,1863090176,1957875712
findling-rss 1791206484,1526599680,333099008,19434608,1888202752,1957875712
findling-rss 1791206486,1507119104,333131776,19447376,1868898304,1957875712
findling-rss 1791206488,1379155968,332779520,19338304,1740750848,1957875712
findling-rss 1791206490,1527701504,333127680,19447656,1889476608,1957875712
findling-rss 1791206492,1507127296,333160448,19439448,1868169216,1957875712
findling-rss 1791206494,1391587328,333160448,19334536,1817255936,1957875712
findling-rss 1791206496,1531260928,333156352,19461848,1892814848,1957875712
findling-rss 1791206498,1507143680,333189120,19449808,1869402112,1957875712
findling-rss 1791206500,1527635968,333189120,19457440,1889591296,1957875712
findling-rss 1791206502,1510088704,333164544,19482048,1871785984,1957875712
findling-rss 1791206504,1507135488,333926400,19490344,1869291520,1957875712
findling-rss 1791206506,1527971840,333926400,19494640,1890971648,1957875712
findling-rss 1791206508,1537372160,333926400,19497864,1899814912,1957875712
findling-rss 1791206510,1538224128,333926400,19497272,1901477888,1957875712
findling-rss 1791206512,1459941376,333217792,19493896,1821900800,1957875712
findling-rss 1791206514,1530470400,333217792,19497328,1892057088,1957875712
findling-rss 1791206516,1526337536,333082624,19374280,1887399936,1957875712
findling-rss 1791206518,1442041856,333078528,19399008,1804365824,1957875712
findling-rss 1791206520,1527713792,333078528,19401920,1890140160,1957875712
findling-rss 1791206522,1512062976,334872576,19435112,1874948096,1957875712
findling-rss 1791206524,1441009664,334872576,19317896,1804541952,1957875712
findling-rss 1791206526,1537597440,334872576,19443704,1901432832,1957875712
findling-rss 1791206528,1538306048,334872576,19447488,1903587328,1957875712
findling-rss 1791206530,1519042560,334872576,19446288,1883750400,1957875712
findling-rss 1791206532,1443143680,334872576,19322120,1806962688,1957875712
findling-rss 1791206534,1539375104,334872576,19440240,1903783936,1957875712
findling-rss 1791206536,1539518464,334872576,19445488,1904992256,1957875712
findling-rss 1791206538,1507155968,333111296,19417960,1869725696,1957875712
findling-rss 1791206540,1526702080,333111296,19417400,1889841152,1957875712
findling-rss 1791206542,1526980608,333144064,19407960,1888632832,1957875712
findling-rss 1791206544,1507151872,333139968,19427848,1868546048,1957875712
findling-rss 1791206546,1527271424,333139968,19433264,1889382400,1957875712
findling-rss 1791206548,1528492032,333180928,19424648,1890848768,1957875712
findling-rss 1791206550,1472970752,333176832,19444776,1835261952,1957875712
findling-rss 1791206552,1528176640,333176832,19446856,1890140160,1957875712
findling-rss 1791206554,1527468032,333221888,19436680,1888976896,1957875712
findling-rss 1791206556,1447960576,333213696,19475240,1806929920,1957875712
findling-rss 1791206558,1529532416,333213696,19461352,1892302848,1957875712
findling-rss 1791206560,1525284864,333242368,19455112,1886629888,1957875712
findling-rss 1791206562,1423532032,333246464,19363000,1784156160,1957875712
findling-rss 1791206564,1528082432,333246464,19481784,1891131392,1957875712
findling-rss 1791206566,1508126720,333279232,19483472,1871544320,1957875712
findling-rss 1791206568,1380167680,332922880,19369200,1742548992,1957875712
findling-rss 1791206570,1528348672,333275136,19505520,1891262464,1957875712
findling-rss 1791206572,1508134912,333127680,19379392,1870815232,1957875712
findling-rss 1791206574,1529319424,333127680,19382592,1892962304,1957875712
findling-rss 1791206576,1528561664,333135872,19397696,1892462592,1957875712
findling-rss 1791206578,1508155392,333160448,19389776,1867894784,1957875712
findling-rss 1791206580,1529114624,333160448,19398024,1891074048,1957875712
findling-rss 1791206582,1528754176,333164544,19414904,1889689600,1957875712
findling-rss 1791206584,1482047488,333189120,19401776,1838395392,1957875712
findling-rss 1791206586,1529012224,333189120,19404984,1890234368,1957875712
findling-rss 1791206588,1527672832,333185024,19475920,1890492416,1957875712
findling-rss 1791206590,1443926016,333221888,19420328,1805930496,1957875712
findling-rss 1791206592,1531899904,333221888,19424824,1893937152,1957875712
findling-rss 1791206594,1530081280,333217792,19443384,1892769792,1957875712
findling-rss 1791206596,1424007168,333246464,19314664,1784446976,1957875712
findling-rss 1791206598,1531117568,333246464,19439800,1894096896,1957875712
findling-rss 1791206600,1529294848,333242368,19463592,1892655104,1957875712
findling-rss 1791206603,1380184064,332922880,19312000,1741795328,1957875712
findling-rss 1791206605,1528213504,333275136,19463592,1890734080,1957875712
findling-rss 1791206607,1532887040,333258752,19482176,1896058880,1957875712
findling-rss 1791206609,1380184064,332951552,19361904,1742295040,1957875712
findling-rss 1791206611,1528012800,333299712,19511168,1890443264,1957875712
findling-rss 1791206613,1528418304,333312000,19492992,1889157120,1957875712
findling-rss 1791206615,1436332032,332951552,19365768,1798537216,1957875712
findling-rss 1791206617,1534554112,333168640,19377632,1896296448,1957875712
findling-rss 1791206619,1508151296,333164544,19395160,1870868480,1957875712
findling-rss 1791206621,1411858432,332816384,19268776,1762361344,1957875712
findling-rss 1791206623,1529151488,333193216,19392072,1891352576,1957875712
findling-rss 1791206625,1508167680,333197312,19414728,1870790656,1957875712
findling-rss 1791206627,1528791040,333197312,19467632,1891880960,1957875712
findling-rss 1791206629,1528696832,333225984,19409664,1890336768,1957875712
findling-rss 1791206631,1499447296,333225984,19426896,1862180864,1957875712
findling-rss 1791206633,1530318848,333225984,19432592,1893076992,1957875712
findling-rss 1791206635,1527951360,333266944,19428904,1889169408,1957875712
findling-rss 1791206637,1460637696,333258752,19446896,1822601216,1957875712
findling-rss 1791206639,1528074240,333258752,19447768,1890390016,1957875712
findling-rss 1791206641,1527828480,333287424,19442560,1888292864,1957875712
findling-rss 1791206643,1415225344,333254656,19427656,1775194112,1957875712
findling-rss 1791206645,1516744704,333254656,19470264,1879715840,1957875712
findling-rss 1791206647,1508163584,333307904,19458664,1870692352,1957875712
findling-rss 1791206649,1504301056,333307904,19464784,1865916416,1957875712
findling-rss 1791206651,1532833792,333316096,19487088,1895014400,1957875712
findling-rss 1791206653,1508147200,333348864,19474232,1869643776,1957875712
findling-rss 1791206655,1530155008,333348864,19473800,1892540416,1957875712
findling-rss 1791206657,1528004608,333344768,19496792,1891262464,1957875712
findling-rss 1791206659,1490485248,333213696,19380312,1852989440,1957875712
findling-rss 1791206661,1511075840,333213696,19383808,1873645568,1957875712
findling-rss 1791206663,1528107008,333197312,19453488,1890979840,1957875712
findling-rss 1791206665,1442988032,333230080,19384320,1805611008,1957875712
findling-rss 1791206667,1528315904,333230080,19394256,1891078144,1957875712
findling-rss 1791206669,1528303616,337776640,19544608,1895391232,1957875712
findling-rss 1791206671,1517932544,337776640,19543112,1884278784,1957875712
findling-rss 1791206673,1442025472,337776640,19437392,1807495168,1957875712
findling-rss 1791206675,1537912832,337776640,19537536,1904951296,1957875712
findling-rss 1791206677,1538465792,337776640,19543304,1905442816,1957875712
findling-rss 1791206679,1520381952,337776640,19540336,1888444416,1957875712
findling-rss 1791206681,1444478976,337776640,19417944,1812156416,1957875712
findling-rss 1791206683,1540136960,337776640,19538952,1907838976,1957875712
findling-rss 1791206685,1540444160,337776640,19541056,1908047872,1957875712
findling-rss 1791206687,1520386048,337776640,19545632,1887473664,1957875712
findling-rss 1791206689,1541689344,337776640,19541848,1908838400,1957875712
findling-rss 1791206691,1543442432,337776640,19541536,1910288384,1957875712
findling-rss 1791206693,1542627328,337776640,19546744,1909682176,1957875712
findling-rss 1791206695,1496784896,337776640,19549896,1864077312,1957875712
findling-rss 1791206697,1547255808,337776640,19590704,1912979456,1957875712
findling-rss 1791206699,1545080832,337776640,19542696,1912160256,1957875712
findling-rss 1791206701,1542922240,337776640,19540032,1909395456,1957875712
findling-rss 1791206703,1422213120,337776640,19540368,1787469824,1957875712
findling-rss 1791206705,1490092032,337776640,19545136,1857544192,1957875712
findling-rss 1791206707,1527992320,333287424,19413272,1889886208,1957875712
findling-rss 1791206709,1432264704,333283328,19310816,1794011136,1957875712
findling-rss 1791206711,1529159680,333283328,19430592,1891504128,1957875712
findling-rss 1791206713,1508167680,333320192,19427936,1870282752,1957875712
findling-rss 1791206715,1392627712,333320192,19322736,1795162112,1957875712
findling-rss 1791206717,1528586240,333312000,19449824,1890136064,1957875712
findling-rss 1791206719,1508175872,333352960,19438296,1871003648,1957875712
findling-rss 1791206721,1502261248,333352960,19446016,1867894784,1957875712
findling-rss 1791206723,1528602624,333348864,19472792,1890779136,1957875712
findling-rss 1791206725,1508159488,333377536,19461488,1871323136,1957875712
findling-rss 1791206727,1502146560,333377536,19470520,1864830976,1957875712
findling-rss 1791206729,1527316480,333373440,19495616,1889841152,1957875712
findling-rss 1791206731,1508175872,333402112,19486552,1870069760,1957875712
findling-rss 1791206733,1528582144,333402112,19525120,1890643968,1957875712
findling-rss 1791206735,1533878272,334430208,19532192,1897619456,1957875712
findling-rss 1791206737,1536905216,334430208,19534920,1901473792,1957875712
findling-rss 1791206739,1443639296,334430208,19508048,1807450112,1957875712
findling-rss 1791206741,1539178496,334430208,19534488,1903968256,1957875712
findling-rss 1791206743,1539665920,334430208,19534224,1904132096,1957875712
findling-rss 1791206745,1460838400,394776576,21285392,1887391744,1957875712
findling-rss 1791206747,1528487936,333266944,19387464,1891311616,1957875712
findling-rss 1791206749,1528078336,333266944,19404136,1889734656,1957875712
findling-rss 1791206751,1425612800,333307904,19263816,1785253888,1957875712
findling-rss 1791206753,1528791040,333307904,19396216,1891127296,1957875712
findling-rss 1791206755,1529012224,333303808,19420240,1892405248,1957875712
findling-rss 1791206757,1380200448,332976128,19287360,1742692352,1957875712
findling-rss 1791206759,1530273792,333332480,19421312,1892610048,1957875712
findling-rss 1791206761,1527373824,333332480,19438632,1890000896,1957875712
findling-rss 1791206763,1415446528,332976128,19307512,1777872896,1957875712
findling-rss 1791206765,1528512512,333357056,19431992,1890607104,1957875712
findling-rss 1791206767,1527906304,333352960,19457200,1890136064,1957875712
findling-rss 1791206769,1438822400,333004800,19315952,1799442432,1957875712
findling-rss 1791206771,1528385536,333385728,19454344,1891430400,1957875712
findling-rss 1791206773,1526816768,333377536,19468288,1889710080,1957875712
findling-rss 1791206775,1436774400,333033472,19350568,1798619136,1957875712
findling-rss 1791206777,1528545280,333414400,19468808,1890738176,1957875712
findling-rss 1791206779,1508171776,333414400,19494512,1870868480,1957875712
findling-rss 1791206781,1527955456,333414400,19491736,1891381248,1957875712
findling-rss 1791206783,1534107648,333443072,19489152,1895849984,1957875712
findling-rss 1791206785,1508188160,333443072,19509192,1870811136,1957875712
findling-rss 1791206787,1533816832,333443072,19505120,1896050688,1957875712
findling-rss 1791206789,1527410688,333295616,19390792,1889533952,1957875712
findling-rss 1791206791,1482059776,333299712,19406080,1843986432,1957875712
findling-rss 1791206793,1530716160,333299712,19406848,1891909632,1957875712
findling-rss 1791206795,1528147968,333328384,19401720,1890115584,1957875712
findling-rss 1791206797,1476177920,333332480,19419072,1836486656,1957875712
findling-rss 1791206799,1527558144,333332480,19426120,1890164736,1957875712
findling-rss 1791206801,1528233984,333365248,19417144,1891106816,1957875712
findling-rss 1791206803,1468071936,333365248,19441664,1828306944,1957875712
findling-rss 1791206805,1528483840,333365248,19444536,1891086336,1957875712
findling-rss 1791206807,1528348672,333385728,19436760,1889533952,1957875712
findling-rss 1791206809,1444048896,333393920,19454600,1805447168,1957875712
findling-rss 1791206811,1529303040,333393920,19455744,1891815424,1957875712
findling-rss 1791206813,1527861248,333418496,19448264,1889701888,1957875712
findling-rss 1791206815,1459220480,333414400,19469920,1820852224,1957875712
findling-rss 1791206817,1528938496,333414400,19473680,1891459072,1957875712
findling-rss 1791206819,1527279616,333451264,19461312,1888309248,1957875712
findling-rss 1791206821,1380216832,333094912,19361032,1741549568,1957875712
findling-rss 1791206823,1529098240,333443072,19481192,1890615296,1957875712
findling-rss 1791206825,1515888640,333475840,19476136,1876750336,1957875712
findling-rss 1791206828,1380229120,333127680,19390504,1742536704,1957875712
findling-rss 1791206830,1528639488,333484032,19498800,1891590144,1957875712
findling-rss 1791206832,1508216832,333340672,19375640,1870675968,1957875712
findling-rss 1791206834,1533419520,333340672,19380208,1895776256,1957875712
findling-rss 1791206836,1528356864,333336576,19404960,1890643968,1957875712
findling-rss 1791206838,1460973568,333377536,19391224,1823047680,1957875712
findling-rss 1791206840,1528836096,333377536,19405040,1891086336,1957875712
findling-rss 1791206842,1528274944,333365248,19425936,1890910208,1957875712
findling-rss 1791206844,1432313856,333398016,19286536,1794437120,1957875712
findling-rss 1791206846,1528188928,333398016,19421168,1889722368,1957875712
findling-rss 1791206848,1527844864,333389824,19437048,1889390592,1957875712
findling-rss 1791206850,1432317952,333422592,19303568,1793458176,1957875712
findling-rss 1791206852,1528143872,333422592,19489584,1888919552,1957875712
findling-rss 1791206854,1528311808,333422592,19455816,1890086912,1957875712
findling-rss 1791206856,1531396096,333246464,19314968,1891028992,1957875712
findling-rss 1791206858,1596420096,333246464,19491376,1959018496,1960517632
findling-rss 1791206860,1527521280,333455360,19472080,1890213888,1960517632
findling-rss 1791206862,1437655040,333103104,19343800,1799917568,1960517632
findling-rss 1791206864,1530884096,333488128,19482760,1893691392,1960517632
findling-rss 1791206866,1527787520,334880768,19530496,1891586048,1960517632
findling-rss 1791206868,1442115584,334880768,19416200,1805086720,1960517632
findling-rss 1791206870,1538183168,334880768,19532840,1902555136,1960517632
findling-rss 1791206872,1539555328,334880768,19536832,1904160768,1960517632
findling-rss 1791206874,1534730240,334880768,19540248,1897869312,1960517632
findling-rss 1791206876,1445621760,334880768,19411880,1809592320,1960517632
findling-rss 1791206878,1539735552,334880768,19535232,1903947776,1960517632
findling-rss 1791206880,1527308288,333520896,19489840,1888067584,1960517632
findling-rss 1791206882,1414864896,333529088,19387376,1777467392,1960517632
findling-rss 1791206884,1510658048,333529088,19513064,1872793600,1960517632
findling-rss 1791206886,1524191232,333385728,19397344,1886310400,1960517632
findling-rss 1791206888,1396441088,333389824,19296352,1753862144,1960517632
findling-rss 1791206890,1528238080,333389824,19419080,1890287616,1960517632
findling-rss 1791206892,1515233280,333414400,19413800,1876312064,1960517632
findling-rss 1791206894,1380261888,333062144,19290792,1742983168,1960517632
findling-rss 1791206896,1531949056,333418496,19428584,1894735872,1960517632
findling-rss 1791206898,1508241408,333443072,19410376,1870790656,1960517632
findling-rss 1791206900,1528827904,333443072,19415136,1890684928,1960517632
findling-rss 1791206902,1531666432,333438976,19439264,1893998592,1960517632
findling-rss 1791206904,1484935168,334155776,19449640,1845141504,1960517632
findling-rss 1791206906,1529778176,334155776,19449800,1892831232,1960517632
findling-rss 1791206908,1537617920,334155776,19451016,1900802048,1960517632
findling-rss 1791206910,1538179072,334155776,19452832,1901264896,1960517632
findling-rss 1791206912,1456705536,333471744,19450136,1823133696,1960517632
findling-rss 1791206914,1530404864,333471744,19456952,1891868672,1960517632
findling-rss 1791206916,1528250368,333504512,19449232,1890115584,1960517632
findling-rss 1791206918,1432342528,333504512,19347400,1794166784,1960517632
findling-rss 1791206920,1531576320,333504512,19475456,1894387712,1960517632
findling-rss 1791206922,1508249600,336691200,19558560,1874350080,1960517632
findling-rss 1791206924,1432489984,336691200,19453632,1798295552,1960517632
findling-rss 1791206926,1538060288,336691200,19562592,1904484352,1960517632
findling-rss 1791206928,1545150464,336691200,19558120,1911578624,1960517632
findling-rss 1791206930,1520164864,336691200,19561840,1887219712,1960517632
findling-rss 1791206932,1540833280,336691200,19560336,1907101696,1960517632
findling-rss 1791206934,1540366336,336691200,19560624,1907027968,1960517632
findling-rss 1791206936,1540206592,336691200,19563880,1907097600,1960517632
findling-rss 1791206938,1467355136,336691200,19562144,1834340352,1960517632
findling-rss 1791206940,1487929344,336691200,19565568,1855242240,1960517632
findling-rss 1791206942,1487949824,336691200,19562832,1853779968,1960517632
findling-rss 1791206944,1531305984,336691200,19558488,1896423424,1960517632
findling-rss 1791206946,1456721920,336691200,19555672,1822433280,1960517632
findling-rss 1791206948,1541636096,336691200,19556152,1907195904,1960517632
findling-rss 1791206950,1528578048,333545472,19493616,1891168256,1960517632
findling-rss 1791206952,1456689152,333590528,19485024,1810890752,1960517632
findling-rss 1791206954,1528270848,333590528,19489016,1890050048,1960517632
findling-rss 1791206956,1528037376,333578240,19511480,1890013184,1960517632
findling-rss 1791206958,1380298752,394768384,21202416,1804218368,1960517632
findling-rss 1791206960,1529061376,336601088,19474416,1893797888,1960517632
findling-rss 1791206962,1538281472,336601088,19475592,1903779840,1960517632
findling-rss 1791206964,1519112192,336601088,19489080,1884962816,1960517632
findling-rss 1791206966,1538498560,336601088,19472928,1904594944,1960517632
findling-rss 1791206968,1540538368,336601088,19473592,1906049024,1960517632
findling-rss 1791206970,1540091904,336601088,19474952,1905823744,1960517632
findling-rss 1791206972,1494081536,336601088,19477512,1859198976,1960517632
findling-rss 1791206974,1540452352,336601088,19478408,1905270784,1960517632
findling-rss 1791206976,1540136960,336601088,19529720,1906872320,1960517632
findling-rss 1791206978,1539649536,336601088,19475016,1904504832,1960517632
findling-rss 1791206980,1456611328,336601088,19477424,1821794304,1960517632
findling-rss 1791206982,1542119424,336601088,19494728,1908465664,1960517632
findling-rss 1791206984,1541640192,336601088,19475800,1908191232,1960517632
findling-rss 1791206986,1514881024,333438976,19412296,1875738624,1960517632
findling-rss 1791206988,1425211392,333090816,19283544,1787408384,1960517632
findling-rss 1791206990,1527951360,333488128,19406672,1889484800,1960517632
findling-rss 1791206992,1508306944,333479936,19427320,1870053376,1960517632
findling-rss 1791206994,1529176064,333479936,19430272,1891876864,1960517632
findling-rss 1791206996,1528180736,333508608,19422544,1890996224,1960517632
findling-rss 1791206998,1508290560,333508608,19447000,1870364672,1960517632
findling-rss 1791207000,1527861248,333508608,19445512,1890074624,1960517632
findling-rss 1791207002,1528229888,333533184,19433472,1888718848,1960517632
findling-rss 1791207004,1472495616,333541376,19457264,1834196992,1960517632
findling-rss 1791207006,1532985344,333541376,19512432,1897304064,1960517632
findling-rss 1791207008,1531363328,338489344,19590248,1899098112,1960517632
findling-rss 1791207010,1442394112,338489344,19469584,1809129472,1960517632
findling-rss 1791207012,1538846720,338489344,19588192,1906651136,1960517632
findling-rss 1791207014,1539579904,338489344,19589544,1907216384,1960517632
findling-rss 1791207016,1520459776,338489344,19587096,1889054720,1960517632
findling-rss 1791207018,1543098368,338489344,19637496,1913114624,1960517632
findling-rss 1791207020,1540476928,338489344,19588872,1908527104,1960517632
findling-rss 1791207022,1540612096,338489344,19587976,1909075968,1960517632
findling-rss 1791207024,1520459776,338489344,19582360,1888862208,1960517632
findling-rss 1791207026,1540534272,338489344,19582488,1908912128,1960517632
findling-rss 1791207028,1540935680,338489344,19588200,1908842496,1960517632
findling-rss 1791207030,1541136384,338489344,19585944,1909133312,1960517632
findling-rss 1791207032,1514205184,338489344,19586784,1880367104,1960517632
findling-rss 1791207034,1543565312,338489344,19592016,1911844864,1960517632
findling-rss 1791207036,1544466432,338489344,19647256,1911226368,1960517632
findling-rss 1791207038,1543356416,338489344,19588440,1911349248,1960517632
findling-rss 1791207040,1422741504,338489344,19589888,1790148608,1960517632
findling-rss 1791207042,1489436672,338489344,19593464,1856839680,1960517632
findling-rss 1791207044,1489350656,338489344,19592232,1857662976,1960517632
findling-rss 1791207046,1533313024,338489344,19592152,1901961216,1960517632
findling-rss 1791207048,1440301056,333586432,19485888,1800491008,1960517632
findling-rss 1791207050,1528778752,333586432,19485992,1891139584,1960517632
findling-rss 1791207053,1431379968,333623296,19418656,1794113536,1960517632
findling-rss 1791207055,1493843968,333623296,19549656,1856425984,1960517632
findling-rss 1791207057,1526538240,333623296,19567008,1889378304,1960517632
findling-rss 1791207059,1379119104,333299712,19420920,1741246464,1960517632
findling-rss 1791207061,1530748928,333647872,19562504,1892425728,1960517632
findling-rss 1791207063,1526636544,333643776,19583016,1887621120,1960517632
findling-rss 1791207065,1379119104,358354944,20201952,1766191104,1960517632
findling-rss 1791207067,1527128064,333496320,19458640,1889431552,1960517632
findling-rss 1791207069,1526325248,333500416,19486392,1889517568,1960517632
findling-rss 1791207071,1379123200,333176832,19333480,1740914688,1960517632
findling-rss 1791207073,1527312384,333533184,19475360,1889771520,1960517632
findling-rss 1791207075,1527062528,333529088,19495904,1889923072,1960517632
findling-rss 1791207077,1379131392,333205504,19352360,1740627968,1960517632
findling-rss 1791207079,1526591488,333561856,19489672,1889255424,1960517632
findling-rss 1791207081,1526480896,333553664,19515272,1889746944,1960517632
findling-rss 1791207083,1435279360,333205504,19385080,1797926912,1960517632
findling-rss 1791207085,1530482688,333582336,19510400,1891999744,1960517632
findling-rss 1791207087,1526398976,333590528,19535872,1887526912,1960517632
findling-rss 1791207089,1379131392,333234176,19399664,1741295616,1960517632
findling-rss 1791207091,1527042048,333619200,19528368,1888706560,1960517632
findling-rss 1791207093,1522528256,333611008,19546152,1883082752,1960517632
findling-rss 1791207095,1379143680,333611008,19447248,1792749568,1960517632
findling-rss 1791207097,1526919168,333643776,19536768,1889632256,1960517632
findling-rss 1791207099,1507135488,333643776,19566224,1869885440,1960517632
findling-rss 1791207101,1391583232,333643776,19460984,1796173824,1960517632
findling-rss 1791207103,1527406592,333672448,19560560,1889509376,1960517632
findling-rss 1791207105,1507139584,333680640,19586416,1870274560,1960517632
findling-rss 1791207107,1527562240,333680640,19630056,1891127296,1960517632
findling-rss 1791207109,1527250944,333529088,19457280,1889607680,1960517632
findling-rss 1791207111,1481007104,333537280,19486264,1843249152,1960517632
findling-rss 1791207113,1534033920,333537280,19484712,1896960000,1960517632
findling-rss 1791207115,1526452224,333578240,19480184,1888653312,1960517632
findling-rss 1791207117,1450307584,337440768,19606312,1812287488,1960517632
findling-rss 1791207119,1527504896,337440768,19615208,1893400576,1960517632
findling-rss 1791207121,1537187840,337440768,19614680,1904095232,1960517632
findling-rss 1791207123,1536528384,337440768,19603424,1902645248,1960517632
findling-rss 1791207125,1443139584,337440768,19484704,1809719296,1960517632
findling-rss 1791207127,1540620288,337440768,19605192,1907388416,1960517632
findling-rss 1791207129,1539796992,337440768,19609160,1906884608,1960517632
findling-rss 1791207131,1519030272,337440768,19613936,1886347264,1960517632
findling-rss 1791207133,1443139584,337440768,19484680,1810415616,1960517632
findling-rss 1791207135,1486270464,337440768,19606688,1853779968,1960517632
findling-rss 1791207137,1486352384,337440768,19606832,1854361600,1960517632
findling-rss 1791207139,1510658048,337440768,19610480,1878245376,1960517632
findling-rss 1791207141,1434894336,337440768,19501640,1802788864,1960517632
findling-rss 1791207143,1540255744,337440768,19608424,1907728384,1960517632
findling-rss 1791207145,1541185536,337440768,19609272,1908998144,1960517632
findling-rss 1791207147,1521479680,337440768,19617832,1888940032,1960517632
findling-rss 1791207149,1541505024,337440768,19607304,1907666944,1960517632
findling-rss 1791207151,1527107584,333623296,19500400,1889644544,1960517632
findling-rss 1791207153,1507131392,333627392,19510968,1869275136,1960517632
findling-rss 1791207155,1530105856,333627392,19516360,1892220928,1960517632
findling-rss 1791207157,1527619584,333651968,19511016,1890148352,1960517632
findling-rss 1791207159,1439363072,333643776,19535248,1796788224,1960517632
findling-rss 1791207161,1527656448,333643776,19543576,1889337344,1960517632
findling-rss 1791207163,1526382592,333676544,19519072,1888428032,1960517632
findling-rss 1791207165,1416560640,334868480,19574696,1779638272,1960517632
findling-rss 1791207167,1511337984,334868480,19580744,1876131840,1960517632
findling-rss 1791207169,1507127296,333701120,19535744,1868767232,1960517632
findling-rss 1791207171,1401856000,333713408,19437608,1757102080,1960517632
findling-rss 1791207173,1527332864,333713408,19562296,1890037760,1960517632
findling-rss 1791207175,1507151872,333737984,19558224,1869557760,1960517632
findling-rss 1791207177,1531916288,333737984,19558944,1893888000,1960517632
findling-rss 1791207179,1527812096,333737984,19585960,1890361344,1960517632
findling-rss 1791207181,1473093632,333606912,19591808,1835851776,1960517632
findling-rss 1791207183,1528733696,333606912,19459504,1890332672,1960517632
findling-rss 1791207185,1527508992,333606912,19484216,1890238464,1960517632
findling-rss 1791207187,1431257088,333623296,19368784,1794334720,1960517632
findling-rss 1791207189,1527316480,333623296,19473552,1889665024,1960517632
findling-rss 1791207191,1529966592,333631488,19497472,1892720640,1960517632
findling-rss 1791207193,1431257088,333668352,19362056,1793761280,1960517632
findling-rss 1791207195,1527836672,333668352,19494896,1890836480,1960517632
findling-rss 1791207197,1526280192,333656064,19533864,1889034240,1960517632
findling-rss 1791207199,1379184640,333336576,19369184,1740537856,1960517632
findling-rss 1791207201,1530482688,333692928,19515376,1892884480,1960517632
findling-rss 1791207203,1526890496,333688832,19527968,1890050048,1960517632
findling-rss 1791207205,1379184640,333365248,19386168,1741959168,1960517632
findling-rss 1791207207,1527181312,333725696,19533152,1890226176,1960517632
findling-rss 1791207209,1526734848,333717504,19547928,1888989184,1960517632
findling-rss 1791207211,1433268224,333365248,19410264,1795457024,1960517632
findling-rss 1791207213,1527148544,333746176,19541648,1888526336,1960517632
findling-rss 1791207215,1526685696,333746176,19568416,1889472512,1960517632
findling-rss 1791207217,1425223680,333393920,19438992,1787461632,1960517632
findling-rss 1791207219,1527709696,333770752,19556392,1889820672,1960517632
findling-rss 1791207221,1523826688,333770752,19581064,1885429760,1960517632
findling-rss 1791207223,1435758592,333422592,19454072,1797988352,1960517632
findling-rss 1791207225,1526829056,333631488,19462752,1889042432,1960517632
findling-rss 1791207227,1507172352,333631488,19481808,1870131200,1960517632
findling-rss 1791207229,1527578624,333631488,19481368,1889869824,1960517632
findling-rss 1791207231,1528123392,333668352,19476144,1891729408,1960517632
findling-rss 1791207233,1507180544,333668352,19513352,1870106624,1960517632
findling-rss 1791207235,1526870016,333668352,19499624,1890234368,1960517632
findling-rss 1791207237,1527574528,333697024,19497768,1891123200,1960517632
findling-rss 1791207239,1507180544,333697024,19515384,1869688832,1960517632
findling-rss 1791207241,1533943808,333697024,19522512,1897521152,1960517632
findling-rss 1791207243,1526624256,341467136,19725704,1896017920,1960517632
findling-rss 1791207245,1465151488,341467136,19732120,1827860480,1960517632
findling-rss 1791207247,1537028096,341467136,19727312,1908662272,1960517632
findling-rss 1791207249,1538838528,341467136,19733360,1909567488,1960517632
findling-rss 1791207251,1538281472,341467136,19767920,1909465088,1960517632
findling-rss 1791207253,1443201024,341467136,19607840,1814007808,1960517632
findling-rss 1791207255,1539678208,341467136,19727832,1911074816,1960517632
findling-rss 1791207257,1539616768,341467136,19728168,1910788096,1960517632
findling-rss 1791207259,1466322944,341467136,19727736,1837281280,1960517632
findling-rss 1791207261,1430720512,341467136,19613152,1799299072,1960517632
findling-rss 1791207263,1488556032,341467136,19729904,1859293184,1960517632
findling-rss 1791207265,1531346944,341467136,19781504,1902735360,1960517632
findling-rss 1791207267,1520488448,341467136,19728864,1892143104,1960517632
findling-rss 1791207269,1540816896,341467136,19744000,1912717312,1960517632
findling-rss 1791207271,1541763072,341467136,19736880,1913085952,1960517632
findling-rss 1791207273,1542033408,341467136,19723136,1911226368,1960517632
findling-rss 1791207276,1521569792,341467136,19725848,1891487744,1960517632
findling-rss 1791207278,1542852608,341467136,19721520,1913630720,1960517632
findling-rss 1791207280,1542320128,341467136,19720008,1913876480,1960517632
findling-rss 1791207282,1542414336,341467136,19723192,1913319424,1960517632
findling-rss 1791207284,1514229760,341467136,19718872,1885204480,1960517632
findling-rss 1791207286,1542651904,341467136,19720240,1913511936,1960517632
findling-rss 1791207288,1544712192,341467136,19715008,1916866560,1960517632
findling-rss 1791207290,1543704576,341467136,19712536,1914175488,1960517632
findling-rss 1791207292,1497899008,341467136,19717040,1868689408,1960517632
findling-rss 1791207294,1545408512,341467136,19716488,1916280832,1960517632
findling-rss 1791207296,1491357696,341467136,19719088,1861693440,1960517632
findling-rss 1791207298,1490776064,341467136,19722000,1862193152,1960517632
findling-rss 1791207300,1451003904,341467136,19718992,1822244864,1960517632
findling-rss 1791207302,1537757184,341467136,19720128,1907998720,1960517632
findling-rss 1791207304,1546264576,341467136,19724520,1916477440,1960517632
findling-rss 1791207306,1507164160,333737984,19525768,1869533184,1960517632
findling-rss 1791207308,1382432768,333393920,19411936,1742094336,1960517632
findling-rss 1791207310,1527439360,333803520,19531840,1890648064,1960517632
findling-rss 1791207312,1507205120,333799424,19554872,1871671296,1960517632
findling-rss 1791207314,1527648256,333799424,19552008,1891958784,1960517632
findling-rss 1791207316,1526517760,333828096,19544808,1889652736,1960517632
findling-rss 1791207318,1460162560,333819904,19569160,1823084544,1960517632
findling-rss 1791207320,1528328192,333819904,19573904,1891753984,1960517632
findling-rss 1791207322,1526349824,333852672,19613288,1890414592,1960517632
findling-rss 1791207324,1459441664,333856768,19587976,1823285248,1960517632
findling-rss 1791207326,1527644160,333856768,19587728,1891115008,1960517632
findling-rss 1791207328,1527037952,333717504,19465272,1890123776,1960517632
findling-rss 1791207330,1442299904,334880768,19518960,1805619200,1960517632
findling-rss 1791207332,1510240256,334880768,19518064,1873997824,1960517632
findling-rss 1791207334,1526435840,333737984,19477232,1888018432,1960517632
findling-rss 1791207336,1431318528,333754368,19382000,1793736704,1960517632
findling-rss 1791207338,1528578048,333754368,19508160,1891569664,1960517632
findling-rss 1791207340,1514876928,333770752,19498928,1876000768,1960517632
findling-rss 1791207342,1411784704,333770752,19400912,1773113344,1960517632
findling-rss 1791207344,1528520704,333770752,19519288,1891868672,1960517632
findling-rss 1791207346,1507233792,334860288,19542056,1870548992,1960517632
findling-rss 1791207348,1527259136,334860288,19539304,1891020800,1960517632
findling-rss 1791207350,1536651264,334860288,19542752,1900634112,1960517632
findling-rss 1791207352,1538109440,334860288,19544352,1901969408,1960517632
findling-rss 1791207354,1519128576,334860288,19550160,1883897856,1960517632
findling-rss 1791207356,1538895872,334860288,19544760,1902755840,1960517632
findling-rss 1791207358,1527635968,333795328,19538424,1890545664,1960517632
findling-rss 1791207360,1469165568,337338368,19621216,1833795584,1960517632
findling-rss 1791207362,1527631872,337338368,19629616,1892900864,1960517632
findling-rss 1791207364,1536532480,337338368,19625848,1902960640,1960517632
findling-rss 1791207366,1537519616,337338368,19629320,1903403008,1960517632
findling-rss 1791207368,1470185472,337338368,19631712,1836294144,1960517632
findling-rss 1791207370,1545588736,337338368,19628704,1911001088,1960517632
findling-rss 1791207372,1538912256,337338368,19629248,1905029120,1960517632
findling-rss 1791207374,1519161344,337338368,19622304,1885646848,1960517632
findling-rss 1791207376,1443250176,337338368,19522288,1809850368,1960517632
findling-rss 1791207378,1539653632,337338368,19620264,1906987008,1960517632
findling-rss 1791207380,1539518464,337338368,19619176,1906216960,1960517632
findling-rss 1791207382,1520558080,337338368,19619184,1886916608,1960517632
findling-rss 1791207384,1540632576,337338368,19621872,1907179520,1960517632
findling-rss 1791207386,1541312512,337338368,19623152,1907527680,1960517632
findling-rss 1791207388,1541455872,337338368,19622816,1908563968,1960517632
findling-rss 1791207390,1507258368,333852672,19550056,1870000128,1960517632
findling-rss 1791207392,1527492608,333852672,19551720,1890197504,1960517632
findling-rss 1791207394,1526853632,333881344,19548968,1888829440,1960517632
findling-rss 1791207396,1442365440,333885440,19569952,1804054528,1960517632
findling-rss 1791207398,1527791616,333885440,19569136,1890328576,1960517632
findling-rss 1791207400,1523363840,333922304,19562720,1884946432,1960517632
findling-rss 1791207402,1416540160,333905920,19460816,1777082368,1960517632
findling-rss 1791207404,1527488512,333905920,19584064,1890217984,1960517632
findling-rss 1791207406,1523179520,333766656,19458848,1884921856,1960517632
findling-rss 1791207408,1418518528,333778944,19364232,1778909184,1960517632
findling-rss 1791207410,1528274944,333778944,19487728,1891086336,1960517632
findling-rss 1791207412,1507254272,333795328,19492776,1869889536,1960517632
findling-rss 1791207414,1500913664,333795328,19482200,1862877184,1960517632
findling-rss 1791207416,1528418304,333811712,19502384,1891233792,1960517632
findling-rss 1791207418,1507270656,333832192,19495368,1868881920,1960517632
findling-rss 1791207420,1529278464,333832192,19498200,1891553280,1960517632
findling-rss 1791207422,1527001088,333824000,19516368,1888141312,1960517632
findling-rss 1791207424,1498959872,333852672,19509616,1860382720,1960517632
findling-rss 1791207426,1526845440,333852672,19511352,1890013184,1960517632
findling-rss 1791207428,1527148544,333852672,19532664,1890279424,1960517632
findling-rss 1791207430,1507676160,333889536,19572888,1872474112,1960517632
findling-rss 1791207432,1528233984,333889536,19529968,1890758656,1960517632
findling-rss 1791207434,1528233984,333893632,19551728,1890512896,1960517632
findling-rss 1791207436,1490001920,333885440,19543232,1853018112,1960517632
findling-rss 1791207438,1510699008,333885440,19546416,1873604608,1960517632
findling-rss 1791207440,1527738368,333918208,19567240,1890967552,1960517632
findling-rss 1791207442,1507684352,333938688,19562328,1871241216,1960517632
findling-rss 1791207444,1531760640,333938688,19566760,1895202816,1960517632
findling-rss 1791207446,1510289408,333910016,19585768,1873281024,1960517632
findling-rss 1791207448,1507688448,333803520,19479400,1870225408,1960517632
findling-rss 1791207450,1527582720,333803520,19464856,1889255424,1960517632
findling-rss 1791207452,1527070720,333803520,19485512,1890304000,1960517632
findling-rss 1791207454,1507704832,333828096,19472360,1870188544,1960517632
findling-rss 1791207456,1528025088,333828096,19478440,1890754560,1960517632
findling-rss 1791207458,1532334080,333824000,19503752,1894150144,1960517632
findling-rss 1791207460,1460314112,333860864,19491792,1821736960,1960517632
findling-rss 1791207462,1533448192,333860864,19495192,1896333312,1960517632
findling-rss 1791207464,1528070144,333864960,19517728,1891303424,1960517632
findling-rss 1791207466,1379729408,333533184,19371448,1740730368,1960517632
findling-rss 1791207468,1527111680,333877248,19512712,1888620544,1960517632
findling-rss 1791207470,1527566336,333893632,19533056,1889558528,1960517632
findling-rss 1791207472,1431789568,333533184,19408632,1793671168,1960517632
findling-rss 1791207474,1527984128,333922304,19530688,1890369536,1960517632
findling-rss 1791207476,1526808576,333905920,19557544,1889918976,1960517632
findling-rss 1791207478,1422073856,333561856,19414648,1784664064,1960517632
findling-rss 1791207480,1510395904,333950976,19567280,1872613376,1960517632
findling-rss 1791207482,1528451072,333938688,19588312,1890668544,1960517632
findling-rss 1791207484,1434390528,333590528,19454640,1795952640,1960517632
findling-rss 1791207486,1380712448,333619200,19444744,1742712832,1960517632
findling-rss 1791207488,1380712448,333619200,19447472,1742356480,1960517632
findling-rss 1791207490,1380712448,333619200,19446960,1742979072,1960517632
findling-rss 1791207492,1380712448,333619200,19445672,1743499264,1960517632
findling-rss 1791207494,1380712448,333619200,19446888,1743106048,1960517632
findling-rss 1791207496,1380712448,333619200,19452280,1742966784,1960517632
findling-rss 1791207498,1380712448,333619200,19449000,1742761984,1960517632
findling-rss 1791207500,1380712448,333619200,19449280,1741852672,1960517632
findling-rss 1791207503,1380712448,333619200,19448664,1741819904,1960517632
findling-rss 1791207505,1382391808,333619200,19496584,1742602240,1960517632
findling-rss 1791207507,1380712448,333619200,19454016,1742065664,1960517632
findling-rss 1791207509,1380712448,333619200,19449560,1742028800,1960517632
findling-rss 1791207511,1380712448,333619200,19450672,1741967360,1960517632
findling-rss 1791207513,1380712448,333619200,19450592,1743347712,1960517632
findling-rss 1791207515,1380712448,333619200,19445504,1742725120,1960517632
findling-rss 1791207517,1380712448,333619200,19447368,1742606336,1960517632
findling-rss 1791207519,1380712448,333619200,19456664,1742733312,1960517632
findling-rss 1791207521,1380712448,333619200,19444912,1742946304,1960517632
findling-rss 1791207523,1380712448,333619200,19441112,1743142912,1960517632
findling-rss 1791207525,1380712448,333619200,19437160,1743339520,1960517632
findling-rss 1791207527,1380712448,333619200,19439944,1742991360,1960517632
findling-rss 1791207529,1380712448,333619200,19440048,1743581184,1960517632
findling-rss 1791207531,1380712448,333619200,19442304,1742528512,1960517632
findling-rss 1791207533,1380712448,333619200,19442984,1743077376,1960517632
findling-rss 1791207535,1380712448,333619200,19448200,1743319040,1960517632
findling-rss 1791207537,1380712448,333619200,19450760,1743089664,1960517632
findling-rss 1791207539,1380712448,333619200,19445832,1743626240,1960517632
findling-rss 1791207541,1380712448,333619200,19446488,1743138816,1960517632
findling-rss 1791207543,1380712448,333619200,19447848,1742016512,1960517632
findling-rss 1791207545,1380712448,333619200,19448552,1741451264,1960517632
findling-rss 1791207547,1380712448,333619200,19447272,1742868480,1960517632
findling-rss 1791207549,1380712448,333619200,19446416,1743966208,1960517632
findling-rss 1791207551,1380712448,333619200,19448016,1744076800,1960517632
findling-rss 1791207553,1380712448,333619200,19498432,1743380480,1960517632
findling-rss 1791207555,1380712448,333619200,19449240,1743069184,1960517632
findling-rss 1791207557,1380712448,333619200,19447560,1743728640,1960517632
findling-rss 1791207559,1380712448,333619200,19448520,1744195584,1960517632
findling-rss 1791207561,1380712448,333619200,19450360,1743646720,1960517632
findling-rss 1791207563,1380712448,333619200,19452056,1743630336,1960517632
findling-rss 1791207565,1380712448,333619200,19446416,1743544320,1960517632
findling-rss 1791207567,1380712448,333619200,19450920,1743945728,1960517632
findling-rss 1791207569,1380712448,333619200,19447064,1742848000,1960517632
findling-rss 1791207571,1380712448,333619200,19447328,1743028224,1960517632
findling-rss 1791207573,1380712448,333619200,19444336,1743638528,1960517632
findling-rss 1791207575,1380712448,333619200,19440792,1742491648,1960517632
findling-rss 1791207577,1380712448,333619200,19441688,1742770176,1960517632
findling-rss 1791207579,1380712448,333619200,19488784,1742528512,1960517632
findling-rss 1791207581,1380712448,333619200,19449792,1743482880,1960517632
findling-rss 1791207583,1380712448,333619200,19447464,1743290368,1960517632
findling-rss 1791207585,1380712448,333619200,19443928,1743073280,1960517632
findling-rss 1791207587,1380712448,333619200,19446680,1743142912,1960517632
findling-rss 1791207589,1380712448,333619200,19448040,1743388672,1960517632
findling-rss 1791207591,1380712448,333619200,19450792,1742643200,1960517632
findling-rss 1791207593,1380712448,333619200,19447944,1742872576,1960517632
findling-rss 1791207595,1380712448,333619200,19447944,1743122432,1960517632
findling-rss 1791207597,1380712448,333619200,19449328,1743552512,1960517632
findling-rss 1791207599,1380712448,333619200,19450568,1742864384,1960517632
findling-rss 1791207601,1380712448,333619200,19456024,1742934016,1960517632
findling-rss 1791207603,1380712448,333619200,19455088,1743241216,1960517632
findling-rss 1791207605,1380712448,333619200,19452696,1742381056,1960517632
findling-rss 1791207607,1380712448,333619200,19448760,1742008320,1960517632
findling-rss 1791207609,1380712448,333619200,19454512,1742536704,1960517632
findling-rss 1791207611,1380712448,333619200,19454208,1742548992,1960517632
findling-rss 1791207613,1380712448,333619200,19450640,1743192064,1960517632
findling-rss 1791207615,1380712448,333619200,19450728,1743040512,1960517632
findling-rss 1791207617,1380712448,333619200,19448928,1743298560,1960517632
findling-rss 1791207619,1380712448,333619200,19449136,1742610432,1960517632
findling-rss 1791207621,1380712448,333619200,19449584,1743077376,1960517632
findling-rss 1791207623,1380712448,333619200,19451448,1743253504,1960517632
findling-rss 1791207625,1380712448,333619200,19455680,1742680064,1960517632
findling-rss 1791207627,1380712448,333619200,19451048,1743929344,1960517632
findling-rss 1791207629,1380712448,333619200,19452536,1743540224,1960517632
findling-rss 1791207631,1380712448,333619200,19456432,1743220736,1960517632
findling-rss 1791207633,1380712448,333619200,19449056,1742303232,1960517632
findling-rss 1791207635,1380712448,333619200,19449400,1741869056,1960517632
findling-rss 1791207637,1380712448,333619200,19444168,1742589952,1960517632
findling-rss 1791207639,1380712448,333619200,19443704,1743015936,1960517632
findling-rss 1791207641,1380712448,333619200,19452752,1743331328,1960517632
findling-rss 1791207643,1380712448,333619200,19448480,1743265792,1960517632
findling-rss 1791207645,1380712448,333619200,19449984,1743482880,1960517632
findling-rss 1791207647,1380712448,333619200,19449200,1742618624,1960517632
findling-rss 1791207649,1380712448,333619200,19450824,1742987264,1960517632
findling-rss 1791207651,1380712448,333619200,19452400,1743769600,1960517632
findling-rss 1791207653,1382391808,333619200,19502832,1743785984,1960517632
findling-rss 1791207655,1380712448,333619200,19453704,1744150528,1960517632
findling-rss 1791207657,1380712448,333619200,19452528,1743409152,1960517632
findling-rss 1791207659,1380712448,333619200,19458824,1743196160,1960517632
findling-rss 1791207661,1380712448,333619200,19457808,1743138816,1960517632
findling-rss 1791207663,1380712448,333619200,19463040,1741910016,1960517632
findling-rss 1791207665,1380712448,333619200,19450768,1742049280,1960517632
findling-rss 1791207667,1380712448,333619200,19446824,1741725696,1960517632
findling-rss 1791207669,1380712448,333619200,19451184,1743065088,1960517632
findling-rss 1791207671,1380712448,333619200,19449368,1742823424,1960517632
findling-rss 1791207673,1380712448,333619200,19449320,1743007744,1960517632
findling-rss 1791207675,1380712448,333619200,19448880,1743486976,1960517632
findling-rss 1791207677,1380712448,333619200,19443928,1743040512,1960517632
findling-rss 1791207679,1380712448,333619200,19447112,1743249408,1960517632
findling-rss 1791207681,1380712448,333619200,19448352,1743208448,1960517632
findling-rss 1791207683,1380712448,333619200,19444440,1743298560,1960517632
findling-rss 1791207685,1380712448,333619200,19445400,1742577664,1960517632
findling-rss 1791207687,1380712448,333619200,19441480,1742761984,1960517632
findling-rss 1791207689,1380712448,333619200,19443384,1743708160,1960517632
findling-rss 1791207691,1380712448,333619200,19444424,1743556608,1960517632
findling-rss 1791207693,1380712448,333619200,19442976,1741197312,1960517632
findling-rss 1791207695,1380712448,333619200,19444200,1741791232,1960517632
findling-rss 1791207697,1380712448,333619200,19443384,1742110720,1960517632
findling-rss 1791207699,1380712448,333619200,19449080,1742368768,1960517632
findling-rss 1791207701,1380712448,333619200,19449576,1741864960,1960517632
findling-rss 1791207703,1380712448,333619200,19450704,1742761984,1960517632
findling-rss 1791207705,1380712448,333619200,19451824,1744236544,1960517632
findling-rss 1791207707,1380712448,333619200,19448928,1744080896,1960517632
findling-rss 1791207709,1380712448,333619200,19447504,1744130048,1960517632
findling-rss 1791207711,1380712448,333619200,19450360,1743499264,1960517632
findling-rss 1791207713,1380712448,333619200,19450192,1743151104,1960517632
findling-rss 1791207716,1380712448,333619200,19449680,1743675392,1960517632
findling-rss 1791207718,1380712448,333619200,19451280,1742819328,1960517632
findling-rss 1791207720,1380712448,333619200,19450120,1742770176,1960517632
findling-rss 1791207722,1380712448,333619200,19449736,1742811136,1960517632
findling-rss 1791207724,1380712448,333619200,19446072,1741561856,1960517632
findling-rss 1791207726,1380712448,333619200,19448256,1741684736,1960517632
findling-rss 1791207728,1380712448,333619200,19450528,1742643200,1960517632
findling-rss 1791207730,1380712448,333619200,19503160,1742352384,1960517632
findling-rss 1791207732,1380712448,333619200,19452816,1742704640,1960517632
findling-rss 1791207734,1380712448,333619200,19451096,1742876672,1960517632
findling-rss 1791207736,1380712448,333619200,19464960,1743429632,1960517632
findling-rss 1791207738,1380712448,333619200,19448488,1743249408,1960517632
findling-rss 1791207740,1380712448,333619200,19446992,1742934016,1960517632
findling-rss 1791207742,1380712448,333619200,19445120,1740681216,1960517632
findling-rss 1791207744,1380712448,333619200,19446104,1742458880,1960517632
findling-rss 1791207746,1380712448,333619200,19447032,1743351808,1960517632
findling-rss 1791207748,1380712448,333619200,19448416,1743413248,1960517632
findling-rss 1791207750,1380712448,333619200,19451976,1743982592,1960517632
findling-rss 1791207752,1380712448,333619200,19453200,1743503360,1960517632
findling-rss 1791207754,1380712448,333619200,19463584,1742450688,1960517632
findling-rss 1791207756,1380712448,333619200,19447224,1743405056,1960517632
findling-rss 1791207758,1380712448,333619200,19446784,1743732736,1960517632
findling-rss 1791207760,1380712448,333619200,19448624,1743462400,1960517632
findling-rss 1791207762,1380712448,333619200,19451752,1743323136,1960517632
findling-rss 1791207764,1380712448,333619200,19489216,1742733312,1960517632
findling-rss 1791207766,1380712448,333619200,19452728,1742778368,1960517632
findling-rss 1791207768,1380712448,333619200,19449816,1743310848,1960517632
findling-rss 1791207770,1380712448,333619200,19450536,1743577088,1960517632
findling-rss 1791207772,1380712448,333619200,19499848,1744953344,1960517632
findling-rss 1791207774,1380712448,333619200,19451888,1743499264,1960517632
findling-rss 1791207776,1380712448,333619200,19454072,1743683584,1960517632
findling-rss 1791207778,1380712448,333619200,19453888,1742934016,1960517632
findling-rss 1791207780,1380712448,333619200,19453488,1743224832,1960517632
findling-rss 1791207782,1380712448,333619200,19452688,1741795328,1960517632
findling-rss 1791207784,1380712448,333619200,19447784,1742766080,1960517632
findling-rss 1791207786,1380712448,333619200,19445608,1742446592,1960517632
findling-rss 1791207788,1380712448,333619200,19445752,1743630336,1960517632
findling-rss 1791207790,1382146048,333619200,19445472,1744986112,1960517632
findling-rss 1791207792,1380712448,333619200,19445600,1744150528,1960517632
findling-rss 1791207794,1380712448,333619200,19445976,1743646720,1960517632
findling-rss 1791207796,1380712448,333619200,19454192,1743507456,1960517632
findling-rss 1791207798,1380712448,333619200,19449920,1743491072,1960517632
findling-rss 1791207800,1380712448,333619200,19450296,1743183872,1960517632
findling-rss 1791207802,1380712448,333619200,19451920,1743081472,1960517632
findling-rss 1791207804,1380712448,333619200,19454960,1743196160,1960517632
findling-rss 1791207806,1380712448,333619200,19454008,1743216640,1960517632
findling-rss 1791207808,1380712448,333619200,19501648,1743523840,1960517632
findling-rss 1791207810,1380712448,333619200,19453904,1743171584,1960517632
findling-rss 1791207812,1380712448,333619200,19454104,1743007744,1960517632
findling-rss 1791207814,1380712448,333619200,19442848,1741373440,1960517632
findling-rss 1791207816,1380712448,333619200,19443056,1741955072,1960517632
findling-rss 1791207818,1380712448,333619200,19445048,1743683584,1960517632
findling-rss 1791207820,1380712448,333619200,19448072,1743527936,1960517632
findling-rss 1791207822,1380712448,333619200,19442232,1742553088,1960517632
findling-rss summary samples=5014 max_anon=1608798208 peak=1960517632 events=[low=0 high=0 max=0 oom=0 oom_kill=0 oom_group_kill=0 sock_throttled=0] oom_killed=false
