findling-rss timestamp,anon,file,slab,current,peak
findling-rss 1791188870,131366912,57241600,7299800,198111232,2506588160
findling-rss 1791188872,131379200,57831424,7334992,198844416,2506588160
findling-rss 1791188874,131379200,57831424,7336456,199782400,2506588160
findling-rss 1791188876,131379200,57831424,7337440,199544832,2506588160
findling-rss 1791188878,131379200,57831424,7335600,199528448,2506588160
findling-rss 1791188880,131379200,57831424,7335976,199245824,2506588160
findling-rss 1791188882,131379200,57831424,7338424,199102464,2506588160
findling-rss 1791188884,131919872,57839616,7342680,199532544,2506588160
findling-rss 1791188886,131919872,57839616,7343560,199467008,2506588160
findling-rss 1791188888,131919872,57839616,7358336,199348224,2506588160
findling-rss 1791188890,131919872,57839616,7343480,199864320,2506588160
findling-rss 1791188892,131919872,57839616,7340704,199798784,2506588160
findling-rss 1791188894,131919872,57839616,7341072,199757824,2506588160
findling-rss 1791188896,131919872,57839616,7341928,200065024,2506588160
findling-rss 1791188898,131919872,57839616,7344168,200085504,2506588160
findling-rss 1791188900,132542464,57839616,7344344,199434240,2506588160
findling-rss 1791188902,132542464,57839616,7344784,200814592,2506588160
findling-rss 1791188904,132542464,57839616,7343568,201486336,2506588160
findling-rss 1791188906,132542464,57839616,7344208,201265152,2506588160
findling-rss 1791188908,133918720,57839616,7346296,202186752,2506588160
findling-rss 1791188910,132542464,57839616,7346248,201039872,2506588160
findling-rss 1791188912,132542464,57839616,7344072,200667136,2506588160
findling-rss 1791188914,132542464,57839616,7342304,199806976,2506588160
findling-rss 1791188916,132542464,57839616,7342064,201048064,2506588160
findling-rss 1791188918,132542464,57839616,7345448,201011200,2506588160
findling-rss 1791188920,132542464,57839616,7340840,200978432,2506588160
findling-rss 1791188922,132542464,57839616,7337952,200462336,2506588160
findling-rss 1791188924,132542464,57839616,7337064,201216000,2506588160
findling-rss 1791188926,132542464,57839616,7340128,201084928,2506588160
findling-rss 1791188928,132546560,57839616,7339104,200388608,2506588160
findling-rss 1791188930,132546560,57839616,7337608,199753728,2506588160
findling-rss 1791188932,132546560,57839616,7337608,200798208,2506588160
findling-rss 1791188934,132546560,57839616,7336864,200851456,2506588160
findling-rss 1791188936,132546560,57839616,7338848,200822784,2506588160
findling-rss 1791188938,132546560,57839616,7338416,201203712,2506588160
findling-rss 1791188940,132546560,57839616,7339512,200994816,2506588160
findling-rss 1791188942,132546560,57839616,7338424,200970240,2506588160
findling-rss 1791188944,132546560,57839616,7338768,200712192,2506588160
findling-rss 1791188946,132546560,57839616,7342768,200884224,2506588160
findling-rss 1791188948,132546560,57839616,7336624,200781824,2506588160
findling-rss 1791188950,132546560,57839616,7336168,200540160,2506588160
findling-rss 1791188952,132546560,57839616,7332000,200323072,2506588160
findling-rss 1791188954,132546560,57839616,7331968,200585216,2506588160
findling-rss 1791188956,132546560,57839616,7333432,200732672,2506588160
findling-rss 1791188958,134279168,57839616,7334552,203112448,2506588160
findling-rss 1791188960,135979008,57839616,7339008,204152832,2506588160
findling-rss 1791188962,135979008,57839616,7335232,204374016,2506588160
findling-rss 1791188964,135979008,57839616,7339368,204840960,2506588160
findling-rss 1791188966,135979008,57839616,7382192,205238272,2506588160
findling-rss 1791188968,135979008,57839616,7337200,204541952,2506588160
findling-rss 1791188970,135979008,57839616,7337816,204890112,2506588160
findling-rss 1791188972,135979008,57839616,7339176,204197888,2506588160
findling-rss 1791188974,135979008,57839616,7341016,204791808,2506588160
findling-rss 1791188976,135979008,57839616,7341720,204656640,2506588160
findling-rss 1791188978,135979008,57839616,7340536,204877824,2506588160
findling-rss 1791188980,135979008,57839616,7337680,204226560,2506588160
findling-rss 1791188982,135979008,57839616,7338768,203411456,2506588160
findling-rss 1791188984,135979008,57839616,7339168,204509184,2506588160
findling-rss 1791188986,137412608,57839616,7340856,205676544,2506588160
findling-rss 1791188988,135979008,57839616,7337544,204337152,2506588160
findling-rss 1791188990,135979008,57839616,7334144,203583488,2506588160
findling-rss 1791188992,135979008,57839616,7337784,204455936,2506588160
findling-rss 1791188994,135979008,57839616,7340128,205041664,2506588160
findling-rss 1791188996,135979008,57839616,7336968,204668928,2506588160
findling-rss 1791188998,135979008,57839616,7338432,204353536,2506588160
findling-rss 1791189000,135979008,57839616,7339552,204263424,2506588160
findling-rss 1791189002,135979008,57839616,7339448,204038144,2506588160
findling-rss 1791189004,135979008,57839616,7335672,203972608,2506588160
findling-rss 1791189006,135979008,57839616,7335128,204034048,2506588160
findling-rss 1791189008,135979008,57839616,7335536,204689408,2506588160
findling-rss 1791189010,135979008,57839616,7335264,204730368,2506588160
findling-rss 1791189013,135979008,57839616,7333768,203870208,2506588160
findling-rss 1791189015,135979008,57839616,7335128,205049856,2506588160
findling-rss 1791189017,135979008,57839616,7337208,205164544,2506588160
findling-rss 1791189019,136204288,57839616,7335400,205066240,2506588160
findling-rss 1791189021,136204288,57839616,7334960,204374016,2506588160
findling-rss 1791189023,136204288,57839616,7332408,204754944,2506588160
findling-rss 1791189025,136204288,57839616,7335472,204259328,2506588160
findling-rss 1791189027,136204288,57839616,7333728,204406784,2506588160
findling-rss 1791189029,136204288,57839616,7334584,204849152,2506588160
findling-rss 1791189031,136204288,57839616,7335944,204627968,2506588160
findling-rss 1791189033,136204288,57839616,7335672,204742656,2506588160
findling-rss 1791189035,136204288,57839616,7337512,204673024,2506588160
findling-rss 1791189037,136204288,57839616,7336664,204722176,2506588160
findling-rss 1791189039,136204288,57839616,7332408,204787712,2506588160
findling-rss 1791189041,136204288,57839616,7333728,205250560,2506588160
findling-rss 1791189043,136204288,57839616,7332816,204955648,2506588160
findling-rss 1791189045,136204288,57839616,7349528,204767232,2506588160
findling-rss 1791189047,136204288,57839616,7335816,205176832,2506588160
findling-rss 1791189049,136204288,57839616,7335936,204709888,2506588160
findling-rss 1791189051,136204288,57839616,7332952,203960320,2506588160
findling-rss 1791189053,136204288,57839616,7331456,204394496,2506588160
findling-rss 1791189055,136204288,57839616,7332608,204640256,2506588160
findling-rss 1791189057,136204288,57839616,7333024,204632064,2506588160
findling-rss 1791189059,136204288,57839616,7334864,205299712,2506588160
findling-rss 1791189061,136204288,57839616,7335504,204988416,2506588160
findling-rss 1791189063,136204288,57839616,7336624,204550144,2506588160
findling-rss 1791189065,136204288,57839616,7384880,204500992,2506588160
findling-rss 1791189067,136204288,57839616,7342840,203894784,2506588160
findling-rss 1791189069,136204288,57839616,7335536,204976128,2506588160
findling-rss 1791189071,136204288,57839616,7337136,205385728,2506588160
findling-rss 1791189073,136204288,57839616,7333768,204021760,2506588160
findling-rss 1791189075,136204288,57839616,7335872,204726272,2506588160
findling-rss 1791189077,136204288,57839616,7335368,205029376,2506588160
findling-rss 1791189079,136675328,57839616,7337544,204816384,2506588160
findling-rss 1791189081,136675328,57839616,7339104,204914688,2506588160
findling-rss 1791189083,136675328,57839616,7341544,204587008,2506588160
findling-rss 1791189085,136675328,57839616,7336048,204935168,2506588160
findling-rss 1791189087,136675328,57839616,7337072,205107200,2506588160
findling-rss 1791189089,136675328,57839616,7336048,204906496,2506588160
findling-rss 1791189091,136675328,57839616,7335368,205283328,2506588160
findling-rss 1791189093,136675328,57839616,7336728,204435456,2506588160
findling-rss 1791189095,136675328,57839616,7335512,204795904,2506588160
findling-rss 1791189097,136675328,57839616,7336872,204226560,2506588160
findling-rss 1791189099,136675328,57839616,7337512,204898304,2506588160
findling-rss 1791189101,136675328,57839616,7339352,204644352,2506588160
findling-rss 1791189103,136675328,57839616,7355344,205164544,2506588160
findling-rss 1791189105,136675328,57839616,7340168,205512704,2506588160
findling-rss 1791189107,136675328,57839616,7343088,205303808,2506588160
findling-rss 1791189109,136675328,57839616,7339368,205041664,2506588160
findling-rss 1791189111,136675328,57839616,7338360,204918784,2506588160
findling-rss 1791189113,136675328,57851904,7345632,204980224,2506588160
findling-rss 1791189115,136675328,57851904,7343720,205955072,2506588160
findling-rss 1791189117,136675328,57851904,7338880,205266944,2506588160
findling-rss 1791189119,136675328,57851904,7338400,204754944,2506588160
findling-rss 1791189121,136675328,57851904,7336984,204902400,2506588160
findling-rss 1791189123,136675328,57851904,7339160,205529088,2506588160
findling-rss 1791189125,136675328,57851904,7337184,203452416,2506588160
findling-rss 1791189127,136675328,57851904,7336640,205074432,2506588160
findling-rss 1791189129,136675328,57851904,7338480,204918784,2506588160
findling-rss 1791189131,136675328,57851904,7339360,205058048,2506588160
findling-rss 1791189133,136675328,57851904,7339184,204939264,2506588160
findling-rss 1791189135,136675328,57851904,7336136,204374016,2506588160
findling-rss 1791189137,136675328,57851904,7336776,205139968,2506588160
findling-rss 1791189139,136675328,57851904,7337832,205205504,2506588160
findling-rss 1791189141,136761344,57851904,7335824,203968512,2506588160
findling-rss 1791189143,138387456,57851904,7337776,206188544,2506588160
findling-rss 1791189145,136761344,57851904,7335656,205438976,2506588160
findling-rss 1791189147,136761344,57851904,7337016,205180928,2506588160
findling-rss 1791189149,136761344,57851904,7337256,205647872,2506588160
findling-rss 1791189151,136761344,57851904,7338376,205045760,2506588160
findling-rss 1791189153,136761344,57851904,7339296,204992512,2506588160
findling-rss 1791189155,136761344,57851904,7338480,205025280,2506588160
findling-rss 1791189157,136761344,57851904,7335488,204558336,2506588160
findling-rss 1791189159,136761344,57851904,7337088,204795904,2506588160
findling-rss 1791189161,136761344,57851904,7337968,205148160,2506588160
findling-rss 1791189163,136761344,57851904,7335824,205467648,2506588160
findling-rss 1791189165,136761344,57851904,7337664,205152256,2506588160
findling-rss 1791189167,136761344,57851904,7337224,205914112,2506588160
findling-rss 1791189169,136761344,57851904,7337864,205025280,2506588160
findling-rss 1791189171,136761344,57851904,7334464,204464128,2506588160
findling-rss 1791189173,137158656,57851904,7338584,205651968,2506588160
findling-rss 1791189175,137158656,57851904,7339096,206331904,2506588160
findling-rss 1791189177,137158656,57851904,7339632,206442496,2506588160
findling-rss 1791189179,137158656,57851904,7340248,205209600,2506588160
findling-rss 1791189181,137158656,57851904,7356336,205860864,2506588160
findling-rss 1791189183,137158656,57851904,7340312,205504512,2506588160
findling-rss 1791189185,137158656,57851904,7340552,205160448,2506588160
findling-rss 1791189187,137158656,57851904,7344072,206082048,2506588160
findling-rss 1791189189,137158656,57851904,7342320,205524992,2506588160
findling-rss 1791189191,137158656,57851904,7342456,205664256,2506588160
findling-rss 1791189193,137158656,57851904,7344056,205672448,2506588160
findling-rss 1791189195,137158656,57851904,7344536,205737984,2506588160
findling-rss 1791189197,137158656,57851904,7347384,205045760,2506588160
findling-rss 1791189199,137420800,57851904,7346080,205910016,2506588160
findling-rss 1791189201,137961472,57851904,7339328,205807616,2506588160
findling-rss 1791189203,137654272,57851904,7339464,206319616,2506588160
findling-rss 1791189205,137654272,57851904,7341304,205942784,2506588160
findling-rss 1791189207,137654272,57851904,7339560,206499840,2506588160
findling-rss 1791189209,137654272,57851904,7340416,206389248,2506588160
findling-rss 1791189211,137654272,57851904,7340688,206901248,2506588160
findling-rss 1791189213,137654272,57851904,7342528,206622720,2506588160
findling-rss 1791189215,137654272,57851904,7343272,205713408,2506588160
findling-rss 1791189217,137654272,57851904,7343880,205828096,2506588160
findling-rss 1791189219,137654272,57851904,7342352,205938688,2506588160
findling-rss 1791189221,137654272,57851904,7342168,206110720,2506588160
findling-rss 1791189223,137654272,57851904,7341232,206401536,2506588160
findling-rss 1791189225,137654272,57851904,7338816,205975552,2506588160
findling-rss 1791189227,137654272,57851904,7339976,206295040,2506588160
findling-rss 1791189229,137654272,57851904,7335416,205803520,2506588160
findling-rss 1791189231,137654272,57851904,7333920,205979648,2506588160
findling-rss 1791189233,137654272,57851904,7338312,205905920,2506588160
findling-rss 1791189235,137654272,57851904,7339912,206413824,2506588160
findling-rss 1791189237,137654272,57851904,7335696,206192640,2506588160
findling-rss 1791189239,137654272,57851904,7337800,206450688,2506588160
findling-rss 1791189241,137654272,57851904,7337016,206176256,2506588160
findling-rss 1791189243,137654272,57851904,7338136,205955072,2506588160
findling-rss 1791189245,137654272,57851904,7335280,205221888,2506588160
findling-rss 1791189247,137654272,57851904,7337840,205942784,2506588160
findling-rss 1791189249,137654272,57851904,7336640,205139968,2506588160
findling-rss 1791189251,137654272,57851904,7337048,205975552,2506588160
findling-rss 1791189253,137654272,57851904,7336272,206594048,2506588160
findling-rss 1791189256,137654272,57851904,7341488,206385152,2506588160
findling-rss 1791189258,137654272,57851904,7337120,206823424,2506588160
findling-rss 1791189260,137850880,57851904,7338920,206540800,2506588160
findling-rss 1791189262,138166272,57851904,7334600,205385728,2506588160
findling-rss 1791189264,138166272,57851904,7336440,206454784,2506588160
findling-rss 1791189266,138166272,57851904,7337280,206737408,2506588160
findling-rss 1791189268,138166272,57851904,7338136,206987264,2506588160
findling-rss 1791189270,138166272,57851904,7339496,206733312,2506588160
findling-rss 1791189272,138166272,57851904,7340960,206966784,2506588160
findling-rss 1791189274,138166272,57851904,7337248,206831616,2506588160
findling-rss 1791189276,138166272,57851904,7335456,205647872,2506588160
findling-rss 1791189278,138166272,57851904,7336544,206344192,2506588160
findling-rss 1791189280,138166272,57851904,7375200,206757888,2506588160
findling-rss 1791189282,138166272,57851904,7338104,206897152,2506588160
findling-rss 1791189284,138166272,57851904,7339624,206528512,2506588160
findling-rss 1791189286,138166272,57851904,7339432,206741504,2506588160
findling-rss 1791189288,138166272,57851904,7341056,207093760,2506588160
findling-rss 1791189290,138166272,57851904,7339768,206336000,2506588160
findling-rss 1791189292,138166272,57851904,7336912,205828096,2506588160
findling-rss 1791189294,138166272,57851904,7338776,206766080,2506588160
findling-rss 1791189296,138166272,57851904,7336168,206565376,2506588160
findling-rss 1791189298,138166272,57851904,7338272,206680064,2506588160
findling-rss 1791189300,138166272,57851904,7385304,206626816,2506588160
findling-rss 1791189302,138166272,57851904,7337184,206401536,2506588160
findling-rss 1791189304,138166272,57851904,7341624,206712832,2506588160
findling-rss 1791189306,138166272,57851904,7337184,205836288,2506588160
findling-rss 1791189308,138166272,57851904,7338992,206151680,2506588160
findling-rss 1791189310,138166272,57851904,7338072,206229504,2506588160
findling-rss 1791189312,138166272,57851904,7336816,206970880,2506588160
findling-rss 1791189314,138166272,57851904,7336600,206544896,2506588160
findling-rss 1791189316,138166272,57851904,7335792,206716928,2506588160
findling-rss 1791189318,138166272,57851904,7339888,207257600,2506588160
findling-rss 1791189320,139685888,57851904,7339272,207228928,2506588160
findling-rss 1791189322,138784768,57851904,7335552,207269888,2506588160
findling-rss 1791189324,138784768,57851904,7334936,207585280,2506588160
findling-rss 1791189326,138784768,57851904,7335792,207396864,2506588160
findling-rss 1791189328,138784768,57851904,7337632,207527936,2506588160
findling-rss 1791189330,138784768,57851904,7337968,207491072,2506588160
findling-rss 1791189332,138784768,57851904,7337360,207196160,2506588160
findling-rss 1791189334,138784768,57851904,7338744,207552512,2506588160
findling-rss 1791189336,138821632,57851904,7338512,206905344,2506588160
findling-rss 1791189338,138821632,57851904,7340856,207753216,2506588160
findling-rss 1791189340,138821632,57851904,7338536,207446016,2506588160
findling-rss 1791189342,138821632,57851904,7339632,207073280,2506588160
findling-rss 1791189344,138821632,57851904,7341472,207052800,2506588160
findling-rss 1791189346,138821632,57851904,7338072,207773696,2506588160
findling-rss 1791189348,138821632,57851904,7339392,208039936,2506588160
findling-rss 1791189350,138829824,57851904,7338480,207495168,2506588160
findling-rss 1791189352,138829824,57851904,7341912,206626816,2506588160
findling-rss 1791189354,138829824,57851904,7341272,207745024,2506588160
findling-rss 1791189356,138829824,57851904,7341544,208273408,2506588160
findling-rss 1791189358,138829824,57851904,7340944,207785984,2506588160
findling-rss 1791189360,138829824,57851904,7339088,207409152,2506588160
findling-rss 1791189362,138829824,57851904,7338816,206733312,2506588160
findling-rss 1791189364,138829824,57851904,7337608,207220736,2506588160
findling-rss 1791189366,138829824,57851904,7334056,205430784,2506588160
findling-rss 1791189368,138829824,57851904,7332800,207454208,2506588160
findling-rss 1791189370,138829824,57851904,7334184,207065088,2506588160
findling-rss 1791189372,138829824,57851904,7335520,207372288,2506588160
findling-rss 1791189374,138829824,57851904,7337600,207126528,2506588160
findling-rss 1791189376,138829824,57851904,7337664,207327232,2506588160
findling-rss 1791189378,138829824,57851904,7341808,207351808,2506588160
findling-rss 1791189380,139145216,57851904,7338472,207179776,2506588160
findling-rss 1791189382,139464704,57851904,7335280,206655488,2506588160
findling-rss 1791189384,139464704,57851904,7337360,207441920,2506588160
findling-rss 1791189386,139464704,57851904,7336232,207757312,2506588160
findling-rss 1791189388,139464704,57851904,7338400,208015360,2506588160
findling-rss 1791189390,139464704,57851904,7337632,208367616,2506588160
findling-rss 1791189392,139464704,57851904,7336576,207904768,2506588160
findling-rss 1791189394,139464704,57851904,7337016,208310272,2506588160
findling-rss 1791189396,139472896,57851904,7335560,207482880,2506588160
findling-rss 1791189398,139493376,57851904,7337376,207855616,2506588160
findling-rss 1791189400,139493376,57851904,7335760,207966208,2506588160
findling-rss 1791189402,139493376,57851904,7336640,207818752,2506588160
findling-rss 1791189404,139497472,57851904,7337080,207872000,2506588160
findling-rss 1791189406,139497472,57851904,7337456,207507456,2506588160
findling-rss 1791189408,139497472,57958400,7340200,208248832,2506588160
findling-rss 1791189410,139509760,57958400,7340680,208674816,2506588160
findling-rss 1791189412,139509760,57958400,7337496,207683584,2506588160
findling-rss 1791189414,139509760,57958400,7339360,208130048,2506588160
findling-rss 1791189416,139509760,57958400,7339328,208031744,2506588160
findling-rss 1791189418,139509760,57958400,7352808,207880192,2506588160
findling-rss 1791189420,139509760,57958400,7337008,207659008,2506588160
findling-rss 1791189422,139509760,57958400,7340640,208388096,2506588160
findling-rss 1791189424,139509760,57958400,7338808,207859712,2506588160
findling-rss 1791189426,139509760,57958400,7338408,207335424,2506588160
findling-rss 1791189428,139509760,57958400,7334328,208179200,2506588160
findling-rss 1791189430,139509760,57958400,7334672,208949248,2506588160
findling-rss 1791189432,139509760,57958400,7335792,208441344,2506588160
findling-rss 1791189434,139509760,57958400,7339456,208596992,2506588160
findling-rss 1791189436,139509760,57958400,7337960,207921152,2506588160
findling-rss 1791189438,139509760,57958400,7384720,209387520,2506588160
findling-rss 1791189440,139825152,57958400,7341688,207278080,2506588160
findling-rss 1791189442,140107776,57958400,7335552,208297984,2506588160
findling-rss 1791189444,140107776,57958400,7337152,209117184,2506588160
findling-rss 1791189446,140107776,57958400,7337592,208756736,2506588160
findling-rss 1791189448,140107776,57958400,7339232,209244160,2506588160
findling-rss 1791189450,140107776,57958400,7336200,209068032,2506588160
findling-rss 1791189452,140107776,57958400,7334432,208412672,2506588160
findling-rss 1791189454,140107776,57958400,7339648,208699392,2506588160
findling-rss 1791189456,140107776,57958400,7337192,208379904,2506588160
findling-rss 1791189458,140120064,57958400,7384216,210604032,2506588160
findling-rss 1791189460,140120064,57958400,7338744,208748544,2506588160
findling-rss 1791189462,140120064,57958400,7339088,209031168,2506588160
findling-rss 1791189464,140120064,57958400,7341408,209235968,2506588160
findling-rss 1791189466,140120064,57958400,7340856,208220160,2506588160
findling-rss 1791189468,140120064,57958400,7342960,208510976,2506588160
findling-rss 1791189470,140124160,57958400,7342216,208568320,2506588160
findling-rss 1791189472,140562432,57958400,7347592,209088512,2506588160
findling-rss 1791189474,140562432,57958400,7343272,209133568,2506588160
findling-rss 1791189476,140562432,57958400,7341096,208498688,2506588160
findling-rss 1791189478,140562432,57958400,7337016,209108992,2506588160
findling-rss 1791189480,140562432,57958400,7336880,209244160,2506588160
findling-rss 1791189482,140562432,57958400,7338480,209821696,2506588160
findling-rss 1791189484,140562432,57958400,7339840,209342464,2506588160
findling-rss 1791189486,140562432,57958400,7339328,209420288,2506588160
findling-rss 1791189488,140562432,57958400,7341168,209092608,2506588160
findling-rss 1791189490,140562432,57958400,7343488,209141760,2506588160
findling-rss 1791189492,140562432,57958400,7348224,208883712,2506588160
findling-rss 1791189495,140562432,57958400,7345992,209620992,2506588160
findling-rss 1791189497,140562432,57958400,7341368,209559552,2506588160
findling-rss 1791189499,140562432,57958400,7341296,209543168,2506588160
findling-rss 1791189501,140890112,57958400,7340824,207826944,2506588160
findling-rss 1791189503,141189120,57958400,7338376,209481728,2506588160
findling-rss 1791189505,141189120,57958400,7340456,209817600,2506588160
findling-rss 1791189507,141189120,57958400,7342056,210087936,2506588160
findling-rss 1791189509,141189120,57958400,7341976,209891328,2506588160
findling-rss 1791189511,141189120,57958400,7343312,209670144,2506588160
findling-rss 1791189513,141189120,57958400,7344672,209715200,2506588160
findling-rss 1791189515,141193216,57958400,7345744,209289216,2506588160
findling-rss 1791189517,141197312,57958400,7343784,209203200,2506588160
findling-rss 1791189519,141213696,57958400,7338544,209813504,2506588160
findling-rss 1791189521,141213696,57958400,7337936,209530880,2506588160
findling-rss 1791189523,141213696,57958400,7338000,209559552,2506588160
findling-rss 1791189525,141213696,57958400,7338752,209850368,2506588160
findling-rss 1791189527,141213696,57958400,7336168,210206720,2506588160
findling-rss 1791189529,141221888,57958400,7337288,209448960,2506588160
findling-rss 1791189531,141225984,57958400,7336232,208166912,2506588160
findling-rss 1791189533,141246464,57958400,7336160,209981440,2506588160
findling-rss 1791189535,141246464,57958400,7335592,209854464,2506588160
findling-rss 1791189537,141246464,57958400,7351584,209993728,2506588160
findling-rss 1791189539,141246464,57958400,7336840,209760256,2506588160
findling-rss 1791189541,141246464,57958400,7335896,209260544,2506588160
findling-rss 1791189543,141246464,57958400,7336776,209936384,2506588160
findling-rss 1791189545,141246464,57958400,7336096,209600512,2506588160
findling-rss 1791189547,141246464,57958400,7341552,209956864,2506588160
findling-rss 1791189549,141246464,57958400,7339296,209739776,2506588160
findling-rss 1791189551,141246464,57958400,7340000,209522688,2506588160
findling-rss 1791189553,141246464,57958400,7339840,210534400,2506588160
findling-rss 1791189555,141246464,57958400,7338928,210714624,2506588160
findling-rss 1791189557,141246464,57958400,7355688,210239488,2506588160
findling-rss 1791189559,141246464,57958400,7338544,209936384,2506588160
findling-rss 1791189561,141524992,57958400,7336096,209108992,2506588160
findling-rss 1791189563,141803520,57962496,7340584,210096128,2506588160
findling-rss 1791189565,233058304,83943424,10794664,330407936,2506588160
findling-rss 1791189567,250789888,86593536,11201576,352063488,2506588160
findling-rss 1791189569,252375040,87777280,11255984,354758656,2506588160
findling-rss 1791189571,255324160,88899584,11314288,359124992,2506588160
findling-rss 1791189573,256610304,89882624,11366632,362020864,2506588160
findling-rss 1791189575,257314816,91181056,11432952,364105728,2506588160
findling-rss 1791189577,1112993792,117051392,11588440,1244823552,2506588160
findling-rss 1791189579,1571459072,258949120,12566688,1847771136,2506588160
findling-rss 1791189581,1524793344,259428352,12753168,1804345344,2506588160
findling-rss 1791189583,1473495040,260796416,12814712,1753448448,2506588160
findling-rss 1791189585,1532592128,260894720,12730432,1814224896,2506588160
findling-rss 1791189587,1535520768,262176768,12790968,1817550848,2506588160
findling-rss 1791189589,1595211776,263028736,12834664,1877716992,2506588160
findling-rss 1791189591,1597374464,263938048,12881272,1880723456,2506588160
findling-rss 1791189593,1486831616,264667136,12934304,1771491328,2506588160
findling-rss 1791189595,1457258496,265424896,12999192,1742594048,2506588160
findling-rss 1791189597,1477636096,265969664,13079320,1763520512,2506588160
findling-rss 1791189599,1542696960,266981376,13129648,1830060032,2506588160
findling-rss 1791189601,1598054400,267300864,13030304,1885437952,2506588160
findling-rss 1791189603,1536884736,267681792,13073504,1824202752,2506588160
findling-rss 1791189605,1594912768,268115968,13167120,1883172864,2506588160
findling-rss 1791189607,1596858368,268881920,13210568,1885741056,2506588160
findling-rss 1791189609,1566527488,268660736,13282576,1855705088,2506588160
findling-rss 1791189611,1589497856,269070336,13341664,1878454272,2506588160
findling-rss 1791189613,1589190656,269697024,13383784,1878814720,2506588160
findling-rss 1791189615,1592991744,269656064,13464960,1883348992,2506588160
findling-rss 1791189617,1599852544,269869056,13371360,1890062336,2506588160
findling-rss 1791189619,1600962560,270258176,13408992,1882828800,2506588160
findling-rss 1791189621,1544224768,270667776,13436496,1834737664,2506588160
findling-rss 1791189623,1461948416,271405056,13427064,1753153536,2506588160
findling-rss 1791189625,1530019840,271360000,13650400,1821634560,2506588160
findling-rss 1791189627,1478451200,271798272,13688296,1771053056,2506588160
findling-rss 1791189629,1481535488,272007168,13701928,1774202880,2506588160
findling-rss 1791189631,1596792832,272400384,13744592,1890652160,2506588160
findling-rss 1791189633,1539821568,272584704,13665504,1833381888,2506588160
findling-rss 1791189635,1549815808,272994304,13685864,1843204096,2506588160
findling-rss 1791189637,1543495680,273346560,13716720,1837830144,2506588160
findling-rss 1791189639,1586475008,273514496,13828248,1880776704,2506588160
findling-rss 1791189641,1535893504,274337792,13916728,1831149568,2506588160
findling-rss 1791189643,1542770688,274493440,13956312,1837916160,2506588160
findling-rss 1791189645,1485656064,274837504,13990576,1781342208,2506588160
findling-rss 1791189647,1542934528,275202048,14018968,1839034368,2506588160
findling-rss 1791189649,1443110912,275333120,13935016,1739051008,2506588160
findling-rss 1791189651,1502257152,275775488,13966840,1798897664,2506588160
findling-rss 1791189653,1476087808,276234240,14060000,1772802048,2506588160
findling-rss 1791189655,1554112512,276561920,14127120,1851895808,2506588160
findling-rss 1791189657,1496666112,276881408,14183008,1782059008,2506588160
findling-rss 1791189659,1499447296,277196800,14158904,1797836800,2506588160
findling-rss 1791189661,1501536256,277581824,14217536,1800552448,2506588160
findling-rss 1791189663,1503567872,277757952,14237704,1802383360,2506588160
findling-rss 1791189665,1531113472,277934080,14143656,1830006784,2506588160
findling-rss 1791189667,1414930432,278712320,14236632,1714360320,2506588160
findling-rss 1791189669,1526845440,278589440,14426264,1827495936,2506588160
findling-rss 1791189671,1586020352,278786048,14445408,1886023680,2506588160
findling-rss 1791189673,1526697984,279224320,14479008,1827512320,2506588160
findling-rss 1791189675,1530851328,279613440,14486704,1831698432,2506588160
findling-rss 1791189677,1483952128,279973888,14569200,1785782272,2506588160
findling-rss 1791189679,1508364288,280248320,14567952,1801236480,2506588160
findling-rss 1791189681,1543704576,280567808,14478944,1846153216,2506588160
findling-rss 1791189683,1526075392,280903680,14606320,1828687872,2506588160
findling-rss 1791189685,1590255616,281280512,14633504,1893163008,2506588160
findling-rss 1791189687,1536339968,281620480,14674320,1839919104,2506588160
findling-rss 1791189689,1594089472,281993216,14703448,1898516480,2506588160
findling-rss 1791189691,1539375104,282292224,14710088,1843486720,2506588160
findling-rss 1791189693,1596391424,282628096,14806752,1897291776,2506588160
findling-rss 1791189695,1540931584,282828800,14848336,1845653504,2506588160
findling-rss 1791189697,1509322752,282898432,14812224,1813684224,2506588160
findling-rss 1791189699,1530462208,283291648,14877616,1836109824,2506588160
findling-rss 1791189701,1533349888,284119040,14920768,1839095808,2506588160
findling-rss 1791189703,1575948288,284479488,15026312,1873571840,2506588160
findling-rss 1791189705,1537998848,285220864,15050928,1845178368,2506588160
findling-rss 1791189707,1481068544,285278208,15077088,1788313600,2506588160
findling-rss 1791189709,1538686976,285728768,15110688,1846083584,2506588160
findling-rss 1791189711,1486036992,286281728,15144624,1793019904,2506588160
findling-rss 1791189713,1530761216,286003200,15143968,1838977024,2506588160
findling-rss 1791189715,1531064320,286523392,15178552,1840017408,2506588160
findling-rss 1791189717,1540485120,286834688,15213288,1849270272,2506588160
findling-rss 1791189719,1594155008,287203328,15240768,1903697920,2506588160
findling-rss 1791189721,1539231744,287588352,15296336,1848987648,2506588160
findling-rss 1791189723,1593950208,287989760,15367344,1904504832,2506588160
findling-rss 1791189725,1594814464,288747520,15419368,1905246208,2506588160
findling-rss 1791189727,1592782848,288473088,15510856,1902235648,2506588160
findling-rss 1791189729,1534992384,288641024,15422896,1846218752,2506588160
findling-rss 1791189731,1536200704,289112064,15509888,1847783424,2506588160
findling-rss 1791189733,1595260928,289484800,15542920,1907929088,2506588160
findling-rss 1791189735,1489330176,289837056,15575328,1801154560,2506588160
findling-rss 1791189738,1538019328,290246656,15615608,1850728448,2506588160
findling-rss 1791189740,1538961408,290611200,15661272,1852882944,2506588160
findling-rss 1791189742,1587425280,291696640,15777072,1901367296,2506588160
findling-rss 1791189744,1591275520,291663872,15805040,1906118656,2506588160
findling-rss 1791189746,1590525952,291868672,15727960,1905324032,2506588160
findling-rss 1791189748,1589338112,292323328,15806464,1904087040,2506588160
findling-rss 1791189750,1536520192,292806656,15848856,1852334080,2506588160
findling-rss 1791189752,1592070144,293253120,15881152,1908355072,2506588160
findling-rss 1791189754,1478258688,294006784,15926288,1795776512,2506588160
findling-rss 1791189756,1437114368,294240256,15954840,1754865664,2506588160
findling-rss 1791189758,1530765312,294092800,16050328,1847410688,2506588160
findling-rss 1791189760,1484357632,294404096,16141304,1796911104,2506588160
findling-rss 1791189762,1590898688,295714816,16084280,1909800960,2506588160
findling-rss 1791189764,1594077184,295546880,16100256,1912737792,2506588160
findling-rss 1791189766,1537843200,295473152,16123320,1856389120,2506588160
findling-rss 1791189768,1479864320,295841792,16155664,1798766592,2506588160
findling-rss 1791189770,1459003392,296493056,16103168,1778294784,2506588160
findling-rss 1791189772,1534029824,296292352,16289392,1854164992,2506588160
findling-rss 1791189774,1545134080,297033728,16333000,1865474048,2506588160
findling-rss 1791189776,1537269760,297054208,16422944,1857966080,2506588160
findling-rss 1791189778,1538732032,297570304,16347600,1858478080,2506588160
findling-rss 1791189780,1539018752,297598976,16367072,1860386816,2506588160
findling-rss 1791189782,1482657792,297959424,16400184,1804283904,2506588160
findling-rss 1791189784,1540816896,298344448,16438632,1861824512,2506588160
findling-rss 1791189786,1514483712,298463232,16560720,1837117440,2506588160
findling-rss 1791189788,1588080640,298909696,16630976,1910239232,2506588160
findling-rss 1791189790,1539018752,299282432,16667584,1861709824,2506588160
findling-rss 1791189792,1481728000,299712512,16701816,1805451264,2506588160
findling-rss 1791189794,1489604608,299880448,16609088,1808674816,2506588160
findling-rss 1791189796,1542098944,300257280,16644512,1865981952,2506588160
findling-rss 1791189798,1485328384,300646400,16675800,1809387520,2506588160
findling-rss 1791189800,1483116544,301412352,16707144,1805316096,2506588160
findling-rss 1791189802,1478406144,301998080,16836080,1803612160,2506588160
findling-rss 1791189804,1533005824,301858816,16853056,1858310144,2506588160
findling-rss 1791189806,1533341696,302219264,16947160,1859891200,2506588160
findling-rss 1791189808,1537818624,302682112,16985912,1863749632,2506588160
findling-rss 1791189810,1592528896,303374336,16915384,1919528960,2506588160
findling-rss 1791189812,1544724480,303304704,16933536,1871818752,2506588160
findling-rss 1791189814,1553051648,303595520,16970600,1869344768,2506588160
findling-rss 1791189816,1544613888,303661056,17067312,1872445440,2506588160
findling-rss 1791189818,1493106688,303951872,17096912,1820905472,2506588160
findling-rss 1791189820,1551970304,304340992,17130312,1881063424,2506588160
findling-rss 1791189822,1557893120,304721920,17161848,1886982144,2506588160
findling-rss 1791189824,1557291008,305111040,17195712,1886318592,2506588160
findling-rss 1791189826,1558163456,305254400,17111584,1878421504,2506588160
findling-rss 1791189828,1560109056,305598464,17137328,1890123776,2506588160
findling-rss 1791189830,1529229312,306057216,17211832,1859907584,2506588160
findling-rss 1791189832,1547374592,306319360,17275192,1878237184,2506588160
findling-rss 1791189834,1495314432,307077120,17325560,1827139584,2506588160
findling-rss 1791189836,1552965632,307486720,17368696,1885200384,2506588160
findling-rss 1791189838,1610895360,307445760,17444464,1942409216,2506588160
findling-rss 1791189840,1552584704,307871744,17470592,1884569600,2506588160
findling-rss 1791189842,1611649024,308043776,17381688,1944104960,2506588160
findling-rss 1791189844,1779212288,309760000,18075384,2114666496,2506588160
findling-rss 1791189846,2003734528,309411840,18285016,2340700160,2506588160
findling-rss 1791189848,1722671104,308449280,18103440,2057330688,2506588160
findling-rss 1791189850,2786779136,314019840,21677080,3117928448,3129671680
findling-rss 1791189852,4347637760,314019840,23503848,4702666752,4702769152
findling-rss 1791189854,4323086336,315998208,23659168,4663902208,4702904320
findling-rss 1791189856,4234211328,314593280,23229640,4552990720,5189705728
findling-rss 1791189858,4294205440,316358656,23813320,4649963520,5189705728
findling-rss 1791189860,5069672448,316358656,23830664,5428510720,5454098432
findling-rss 1791189862,5051731968,316768256,23869424,5411598336,5454098432
findling-rss 1791189864,2948313088,311857152,21949720,3295940608,5504077824
findling-rss 1791189866,4951154688,316817408,23882504,5309050880,5504077824
findling-rss 1791189868,3926769664,318406656,23128400,4286078976,5504077824
findling-rss 1791189870,5185208320,320045056,23977640,5549096960,5567262720
findling-rss 1791189872,3256270848,312745984,21965208,3604537344,5663846400
findling-rss 1791189874,3110727680,312852480,21887720,3448332288,5663846400
findling-rss 1791189876,5150203904,319569920,23993312,5512695808,5663846400
findling-rss 1791189878,4584378368,320548864,23806448,4947165184,5663846400
findling-rss 1791189880,5090336768,320208896,23874120,5453602816,5663846400
findling-rss 1791189882,3303809024,315039744,22182464,3655229440,5663846400
findling-rss 1791189884,3176660992,314679296,22036656,3527348224,5663846400
findling-rss 1791189886,3234492416,314679296,22038272,3585912832,5663846400
findling-rss 1791189888,3232706560,314679296,22033592,3584118784,5663846400
findling-rss 1791189890,3171774464,314679296,22030296,3518603264,5663846400
findling-rss 1791189892,3241861120,314679296,22035432,3592732672,5663846400
findling-rss 1791189894,3189198848,314679296,22036944,3539976192,5663846400
findling-rss 1791189896,4488622080,317591552,23924568,4861808640,5663846400
findling-rss 1791189898,5304705024,317591552,23989216,5666172928,5705224192
findling-rss 1791189900,5334978560,318984192,24049720,5693526016,5708132352
findling-rss 1791189902,3998330880,315830272,22804800,4370784256,5803044864
findling-rss 1791189904,3315249152,314064896,22098888,3665375232,5803044864
findling-rss 1791189906,3255558144,314064896,22099912,3605684224,5803044864
findling-rss 1791189908,3253338112,314064896,22101184,3603341312,5803044864
findling-rss 1791189910,3141165056,314064896,22100712,3491237888,5803044864
findling-rss 1791189912,3235721216,314064896,22101744,3575287808,5803044864
findling-rss 1791189914,5205925888,317505536,23914192,5562867712,5803044864
findling-rss 1791189916,4253024256,316473344,22891584,4673224704,5803044864
findling-rss 1791189918,5449248768,319025152,23976576,5812617216,5818138624
findling-rss 1791189920,3297738752,314081280,22030720,3648196608,5820710912
findling-rss 1791189922,3317936128,314081280,22025216,3668267008,5820710912
findling-rss 1791189924,3381346304,314081280,22022688,3732156416,5820710912
findling-rss 1791189926,3433029632,314081280,22024312,3783778304,5820710912
findling-rss 1791189928,3217387520,316616704,21980072,3562516480,5820710912
findling-rss 1791189930,5458776064,326082560,24168008,5828444160,5830631424
findling-rss 1791189932,4913340416,328204288,23999256,5279764480,5913399296
findling-rss 1791189934,5207367680,327839744,24060360,5579173888,5913399296
findling-rss 1791189936,4190560256,328859648,23174760,4558921728,5913399296
findling-rss 1791189939,3895930880,328183808,22896496,4261769216,5913399296
findling-rss 1791189941,3841822720,328183808,22768232,4209016832,5913399296
findling-rss 1791189943,3955527680,328183808,22896448,4322881536,5913399296
findling-rss 1791189945,3792248832,326422528,22717360,4156665856,5913399296
findling-rss 1791189947,3750518784,326422528,22718736,4114571264,5913399296
findling-rss 1791189949,3516239872,326422528,22717856,3942846464,5913399296
findling-rss 1791189951,3570769920,323989504,22569344,3934171136,5913399296
findling-rss 1791189953,3518910464,321556480,22324280,3877429248,5913399296
findling-rss 1791189955,3507613696,321556480,22325704,3866185728,5913399296
findling-rss 1791189957,3378569216,321970176,22212632,3736596480,5913399296
findling-rss 1791189959,3533570048,321970176,22333072,3893211136,5913399296
findling-rss 1791189961,3472572416,321970176,22334008,3832086528,5913399296
findling-rss 1791189963,3565821952,321970176,22334312,3925327872,5913399296
findling-rss 1791189965,3409752064,321970176,22334344,3763978240,5913399296
findling-rss 1791189967,3375112192,318136320,22101784,3729477632,5913399296
findling-rss 1791189969,3359678464,313843712,21980104,3709198336,5913399296
findling-rss 1791189971,3428761600,313872384,22131608,3779559424,5913399296
findling-rss 1791189973,3426811904,313810944,22251296,3777847296,5913399296
findling-rss 1791189975,3572232192,314200064,22354792,3924144128,5913399296
findling-rss 1791189977,3612975104,314916864,22458352,3965239296,5913399296
findling-rss 1791189979,3633115136,315199488,22522248,3971252224,5913399296
findling-rss 1791189981,3586486272,361242624,23862984,3986776064,5913399296
findling-rss 1791189983,3593719808,315396096,22552872,3930537984,5913399296
findling-rss 1791189985,3602231296,315985920,22664744,3956068352,5913399296
findling-rss 1791189987,3566153728,316039168,22795176,3920064512,5913399296
findling-rss 1791189989,3570077696,316477440,22815840,3924189184,5913399296
findling-rss 1791189991,3573555200,316858368,22848864,3929100288,5913399296
findling-rss 1791189993,3576279040,317284352,22881472,3932008448,5913399296
findling-rss 1791189995,3579654144,317702144,22915840,3936493568,5913399296
findling-rss 1791189997,3583393792,317927424,22893256,3939352576,5913399296
findling-rss 1791189999,3588038656,318353408,22927896,3945148416,5913399296
findling-rss 1791190001,3590328320,318717952,22963904,3948371968,5913399296
findling-rss 1791190003,3649474560,319115264,22998480,4007612416,5913399296
findling-rss 1791190005,3654430720,319426560,23032032,4012711936,5913399296
findling-rss 1791190007,3599917056,319762432,23122504,3957522432,5913399296
findling-rss 1791190009,3605712896,320233472,23211992,3965341696,5913399296
findling-rss 1791190011,3665752064,371986432,24741312,4078202880,5913399296
findling-rss 1791190013,3668819968,320700416,23152648,4027666432,5913399296
findling-rss 1791190015,3619389440,321458176,23189368,3980210176,5913399296
findling-rss 1791190017,3622678528,321781760,23206000,3983130624,5913399296
findling-rss 1791190019,3625250816,322146304,23239736,3986030592,5913399296
findling-rss 1791190021,3687268352,322445312,23330824,4048560128,5913399296
findling-rss 1791190023,3632197632,322674688,23435616,3993866240,5913399296
findling-rss 1791190025,3696603136,323121152,23472544,4053708800,5913399296
findling-rss 1791190027,3707158528,323301376,23378392,4069593088,5913399296
findling-rss 1791190029,3591831552,323715072,23415712,3955527680,5913399296
findling-rss 1791190031,3655163904,324059136,23449304,4008103936,5913399296
findling-rss 1791190033,3599642624,324431872,23486744,3963383808,5913399296
findling-rss 1791190035,3613523968,324767744,23520232,3977146368,5913399296
findling-rss 1791190037,3637809152,325111808,23547688,4050034688,5913399296
findling-rss 1791190039,3731832832,325545984,23585608,4096417792,5913399296
findling-rss 1791190041,3618758656,325652480,23503800,3983257600,5913399296
findling-rss 1791190043,4846252032,332599296,25447576,5235400704,5913399296
findling-rss 1791190045,5730545664,332599296,25724248,6111207424,6169604096
findling-rss 1791190047,4531978240,328204288,24460488,4903165952,6169604096
findling-rss 1791190049,3963867136,328323072,23716808,4326858752,6169604096
findling-rss 1791190051,5594820608,332161024,25723768,5973938176,6169604096
findling-rss 1791190053,5243002880,339161088,25927624,5632741376,6169604096
findling-rss 1791190055,5597577216,339173376,25935720,6028640256,6169604096
findling-rss 1791190057,3817947136,334278656,24072456,4191858688,6169604096
findling-rss 1791190059,3793100800,333926400,23930680,4167348224,6169604096
findling-rss 1791190061,3700719616,333955072,23933112,4074889216,6169604096
findling-rss 1791190063,3808837632,333955072,23927744,4182634496,6169604096
findling-rss 1791190065,3819159552,333955072,23929584,4193120256,6169604096
findling-rss 1791190067,3750633472,333955072,23926984,4121088000,6169604096
findling-rss 1791190069,3819950080,333955072,23932416,4194131968,6169604096
findling-rss 1791190071,3762774016,333955072,23930600,4136652800,6169604096
findling-rss 1791190073,3761909760,334372864,23949144,4136083456,6169604096
findling-rss 1791190075,3666931712,334372864,23830016,4041007104,6169604096
findling-rss 1791190077,3762909184,334372864,23950720,4137930752,6169604096
findling-rss 1791190079,3763826688,334372864,23948296,4138160128,6169604096
findling-rss 1791190081,3744567296,334372864,23944728,4119543808,6169604096
findling-rss 1791190083,3764936704,334372864,23947880,4139315200,6169604096
findling-rss 1791190085,3764137984,334372864,23946320,4138799104,6169604096
findling-rss 1791190087,3764740096,334372864,23947136,4139339776,6169604096
findling-rss 1791190089,3744563200,334372864,23944448,4118700032,6169604096
findling-rss 1791190091,3765116928,334372864,23944992,4139704320,6169604096
findling-rss 1791190093,3770265600,334372864,23944192,4145082368,6169604096
findling-rss 1791190095,3766398976,334372864,23959664,4141105152,6169604096
findling-rss 1791190097,3737563136,334372864,23944896,4112048128,6169604096
findling-rss 1791190099,3767795712,334372864,23943016,4142010368,6169604096
findling-rss 1791190101,3766124544,334372864,23943888,4140216320,6169604096
findling-rss 1791190103,3713785856,334372864,23943496,4088172544,6169604096
findling-rss 1791190105,3646062592,334372864,23941736,4019941376,6169604096
findling-rss 1791190107,3714297856,334372864,23944688,4088561664,6169604096
findling-rss 1791190109,3758358528,334372864,23942424,4132974592,6169604096
findling-rss 1791190111,4954521600,332402688,25498552,5329154048,6169604096
findling-rss 1791190113,5602033664,332402688,25766960,5982126080,6169604096
findling-rss 1791190115,5545730048,337776640,25934376,5931106304,6169604096
findling-rss 1791190117,3784581120,331702272,23963552,4156723200,6169604096
findling-rss 1791190119,3690577920,331702272,23833288,4061671424,6169604096
findling-rss 1791190121,3816894464,331702272,23956984,4188790784,6169604096
findling-rss 1791190123,3904376832,331702272,23954144,4276293632,6169604096
findling-rss 1791190125,3825909760,331702272,23954752,4197933056,6169604096
findling-rss 1791190127,3763388416,331702272,23955200,4196978688,6169604096
findling-rss 1791190129,3846008832,331702272,23956192,4218486784,6169604096
findling-rss 1791190131,3846414336,331702272,23952224,4217430016,6169604096
findling-rss 1791190133,3799822336,331702272,23949904,4170727424,6169604096
findling-rss 1791190135,3846086656,331702272,23953056,4217577472,6169604096
findling-rss 1791190137,3846733824,331702272,23954984,4218535936,6169604096
findling-rss 1791190139,3827204096,331702272,23958160,4199006208,6169604096
findling-rss 1791190141,3757518848,331702272,23849120,4122951680,6169604096
findling-rss 1791190143,3847585792,331702272,23955744,4219727872,6169604096
findling-rss 1791190145,3847602176,331702272,23957344,4220096512,6169604096
findling-rss 1791190147,3827191808,331702272,23958664,4198846464,6169604096
findling-rss 1791190149,3847712768,331702272,23963656,4219363328,6169604096
findling-rss 1791190151,5674983424,332550144,25795848,6055239680,6169604096
findling-rss 1791190153,5160148992,333996032,25575624,5536223232,6169604096
findling-rss 1791190155,5663887360,334000128,25731936,6045188096,6202572800
findling-rss 1791190157,4033323008,329383936,23929160,4403572736,6202572800
findling-rss 1791190159,4030787584,329383936,23918136,4400476160,6202572800
findling-rss 1791190162,3938226176,329383936,23789456,4306419712,6202572800
findling-rss 1791190164,3982741504,329383936,23909632,4351582208,6202572800
findling-rss 1791190166,3982970880,329383936,23911384,4352839680,6202572800
findling-rss 1791190168,4006567936,329383936,23912352,4376682496,6202572800
findling-rss 1791190170,4028289024,329383936,23913728,4398374912,6202572800
findling-rss 1791190172,5735112704,337543168,25948568,6120693760,6202572800
findling-rss 1791190174,5140656128,337571840,25445288,5503746048,6202572800
findling-rss 1791190176,5849796608,337571840,25966472,6235717632,6293299200
findling-rss 1791190178,4773744640,335114240,24820376,5152628736,6293299200
findling-rss 1791190180,4373721088,334065664,24397864,4750131200,6293299200
findling-rss 1791190182,4282851328,334065664,24278712,4654493696,6293299200
findling-rss 1791190184,4281745408,334065664,24392752,4657000448,6293299200
findling-rss 1791190186,3926528000,329515008,23899128,4295806976,6293299200
findling-rss 1791190188,3831115776,327499776,23758536,4198318080,6293299200
findling-rss 1791190190,5770989568,332775424,25833736,6151483392,6293299200
findling-rss 1791190192,5643964416,335249408,25909544,6025179136,6293299200
findling-rss 1791190194,5300486144,333844480,25429448,5680205824,6293299200
findling-rss 1791190196,4106633216,330694656,24120512,4478853120,6293299200
findling-rss 1791190198,4106235904,330694656,24118208,4477894656,6293299200
findling-rss 1791190200,3862999040,329637888,23954200,4232830976,6293299200
findling-rss 1791190202,3950186496,329637888,23955408,4319956992,6293299200
findling-rss 1791190204,3949797376,329637888,23956216,4320055296,6293299200
findling-rss 1791190206,3996979200,329637888,23955280,4366819328,6293299200
findling-rss 1791190208,3866030080,329637888,23851168,4285632512,6293299200
findling-rss 1791190210,5830492160,333537280,25772712,6211698688,6293299200
findling-rss 1791190212,5444591616,337047552,25631600,5826490368,6293299200
findling-rss 1791190214,5896880128,337260544,25912824,6282498048,6293299200
findling-rss 1791190216,4301438976,333070336,24218632,4676059136,6293299200
findling-rss 1791190218,4202196992,332705792,24077320,4575961088,6293299200
findling-rss 1791190220,3910807552,331300864,23945064,4283858944,6293299200
findling-rss 1791190222,3995742208,331300864,23905712,4365705216,6293299200
findling-rss 1791190224,3994202112,331300864,23901816,4367335424,6293299200
findling-rss 1791190226,4035174400,331300864,23899296,4407316480,6293299200
findling-rss 1791190228,3953311744,331300864,23782424,4325105664,6293299200
findling-rss 1791190230,4049793024,331300864,23902448,4421373952,6293299200
findling-rss 1791190232,4050079744,331300864,23902024,4422180864,6293299200
findling-rss 1791190234,4030279680,331300864,23904144,4402499584,6293299200
findling-rss 1791190236,4047790080,331300864,23904984,4428394496,6293299200
findling-rss 1791190238,4051062784,331300864,23907088,4422549504,6293299200
findling-rss 1791190240,4050378752,331300864,23906800,4422098944,6293299200
findling-rss 1791190242,4415983616,330137600,24189264,4767657984,6293299200
findling-rss 1791190244,5783613440,336134144,25896680,6167240704,6293299200
findling-rss 1791190246,5834948608,344821760,26153104,6227021824,6293299200
findling-rss 1791190248,4957741056,341557248,25151176,5376888832,6298324992
findling-rss 1791190250,4510507008,339800064,24557984,4892639232,6298324992
findling-rss 1791190252,4362641408,339447808,24404488,4743626752,6298324992
findling-rss 1791190254,4206620672,339447808,24399800,4586582016,6298324992
findling-rss 1791190256,4273033216,339447808,24320352,4653694976,6298324992
findling-rss 1791190258,4260675584,339447808,24398176,4641619968,6298324992
findling-rss 1791190260,4330090496,339447808,24393536,4711743488,6298324992
findling-rss 1791190262,4251463680,339447808,24395912,4650004480,6298324992
findling-rss 1791190264,4369387520,339447808,24402656,4750757888,6298324992
findling-rss 1791190266,4370276352,339447808,24402360,4751962112,6298324992
findling-rss 1791190268,4351459328,339447808,24403264,4732788736,6298324992
findling-rss 1791190270,4266733568,339447808,24404144,4647432192,6298324992
findling-rss 1791190272,4375781376,339447808,24404832,4757200896,6298324992
findling-rss 1791190274,4107796480,335609856,24172088,4484526080,6298324992
findling-rss 1791190276,3992113152,331788288,23939936,4364374016,6298324992
findling-rss 1791190278,3916201984,327684096,23709744,4283928576,6298324992
findling-rss 1791190280,5675814912,332967936,25820320,6053576704,6298324992
findling-rss 1791190282,5085655040,332996608,25572880,5462544384,6298324992
findling-rss 1791190284,5720653824,333008896,25843208,6101057536,6298324992
findling-rss 1791190286,4703727616,332505088,25150792,5065420800,6298324992
findling-rss 1791190288,5840719872,332939264,25834568,6221824000,6298324992
findling-rss 1791190290,5716983808,335601664,25946848,6100676608,6298324992
findling-rss 1791190292,4056182784,331034624,24118200,4427833344,6298324992
findling-rss 1791190294,4070551552,331034624,24122872,4441948160,6298324992
findling-rss 1791190296,4051218432,331034624,24124536,4422684672,6298324992
findling-rss 1791190298,4202229760,331034624,24124464,4574793728,6298324992
findling-rss 1791190300,3990052864,329654272,23956976,4360257536,6298324992
findling-rss 1791190302,4014366720,329654272,23958184,4384317440,6298324992
findling-rss 1791190304,5667840000,333254656,25866392,6048329728,6298324992
findling-rss 1791190306,4968669184,332562432,25358504,5342240768,6298324992
findling-rss 1791190308,5625450496,337162240,25868664,6009753600,6298324992
findling-rss 1791190310,4010033152,332582912,24053264,4382334976,6298324992
findling-rss 1791190312,3990769664,332582912,24051808,4363034624,6298324992
findling-rss 1791190314,4011753472,332582912,24057080,4384514048,6298324992
findling-rss 1791190316,4012089344,332582912,24056736,4385550336,6298324992
findling-rss 1791190318,4056616960,332595200,24056840,4430295040,6298324992
findling-rss 1791190320,3934711808,332595200,24049832,4307709952,6298324992
findling-rss 1791190322,4003393536,332595200,24054712,4376944640,6298324992
findling-rss 1791190324,4013797376,332595200,24054248,4387389440,6298324992
findling-rss 1791190326,4013813760,332595200,24070584,4387016704,6298324992
findling-rss 1791190328,3929100288,332595200,24052872,4301619200,6298324992
findling-rss 1791190330,4015099904,332595200,24053480,4387807232,6298324992
findling-rss 1791190332,4015374336,332595200,24052952,4388749312,6298324992
findling-rss 1791190334,4011163648,332595200,24050160,4384137216,6298324992
findling-rss 1791190336,3918741504,332595200,23937424,4291641344,6298324992
findling-rss 1791190338,4021506048,332595200,24058128,4394987520,6298324992
findling-rss 1791190340,4016410624,332595200,24056080,4389715968,6298324992
findling-rss 1791190342,4565786624,332840960,24715904,4929732608,6298324992
findling-rss 1791190344,5826437120,333881344,25911880,6208540672,6298324992
findling-rss 1791190346,5769359360,334102528,25935728,6151376896,6298324992
findling-rss 1791190348,4085960704,329555968,24102800,4456468480,6298324992
findling-rss 1791190350,4067352576,329203712,23944192,4436512768,6298324992
findling-rss 1791190352,5763710976,334528512,25979648,6145007616,6298324992
findling-rss 1791190354,4978442240,334557184,25612704,5353656320,6298324992
findling-rss 1791190356,5786664960,334577664,26008728,6169235456,6298324992
findling-rss 1791190358,4159377408,329990144,24167128,4531302400,6298324992
findling-rss 1791190360,3931701248,329633792,24010256,4302077952,6298324992
findling-rss 1791190362,3961298944,329633792,24011232,4331094016,6298324992
findling-rss 1791190364,5772165120,333905920,25859344,6153912320,6298324992
findling-rss 1791190366,4878577664,334127104,25357328,5243568128,6298324992
findling-rss 1791190368,5751087104,334127104,25887432,6133145600,6298324992
findling-rss 1791190370,4109262848,329568256,24031032,4480155648,6298324992
findling-rss 1791190372,4608286720,333164544,24952488,4956049408,6298324992
findling-rss 1791190374,5728423936,339132416,26025576,6115602432,6298324992
findling-rss 1791190377,5716619264,346488832,26257432,6106284032,6298324992
findling-rss 1791190379,4812640256,346828800,25209960,5208363008,6298324992
findling-rss 1791190381,4604747776,345845760,24784312,4994007040,6298324992
findling-rss 1791190383,4558004224,345845760,24783920,4946771968,6298324992
findling-rss 1791190385,4384739328,345845760,24783680,4773068800,6298324992
findling-rss 1791190387,4221652992,345845760,24411584,4608245760,6298324992
findling-rss 1791190389,4554256384,345845760,24782232,4943056896,6298324992
findling-rss 1791190391,4566200320,345845760,24784208,4954820608,6298324992
findling-rss 1791190393,4427366400,345845760,24654328,4813119488,6298324992
findling-rss 1791190395,4381691904,345845760,24537976,4769787904,6298324992
findling-rss 1791190397,4575256576,345845760,24781064,4963274752,6298324992
findling-rss 1791190399,4550754304,345845760,24785992,4939595776,6298324992
findling-rss 1791190401,4433305600,345845760,24779640,4818354176,6298324992
findling-rss 1791190403,4420288512,345845760,24675216,4808114176,6298324992
findling-rss 1791190405,4357513216,342724608,24565600,4742774784,6298324992
findling-rss 1791190407,4241936384,338874368,24331360,4621676544,6298324992
findling-rss 1791190409,4108591104,334680064,24087408,4483878912,6298324992
findling-rss 1791190411,4105027584,334680064,24090344,4480921600,6298324992
findling-rss 1791190413,4106686464,334680064,24085968,4481470464,6298324992
findling-rss 1791190415,4027613184,334680064,24081904,4399435776,6298324992
findling-rss 1791190417,4105445376,334680064,24082144,4480724992,6298324992
findling-rss 1791190419,4052008960,334680064,24082128,4427227136,6298324992
findling-rss 1791190421,4702777344,333078528,25111672,5069918208,6298324992
findling-rss 1791190423,5730811904,334131200,25924544,6113136640,6298324992
findling-rss 1791190425,5728550912,335892480,25996736,6111965184,6298324992
findling-rss 1791190427,4102643712,331341824,24187512,4474609664,6298324992
findling-rss 1791190429,4014931968,330641408,24036696,4386279424,6298324992
findling-rss 1791190431,4014161920,330641408,24036200,4386156544,6298324992
findling-rss 1791190433,4015206400,330641408,24031960,4386340864,6298324992
findling-rss 1791190435,3918974976,330641408,23919920,4289851392,6298324992
findling-rss 1791190437,3963191296,330641408,24036560,4334440448,6298324992
findling-rss 1791190439,5366136832,334249984,25824792,5746442240,6298324992
findling-rss 1791190441,5235564544,339599360,25734104,5607849984,6298324992
findling-rss 1791190443,5838356480,342769664,26217344,6229344256,6298324992
findling-rss 1791190445,4154900480,338407424,24417600,4534243328,6298324992
findling-rss 1791190447,4085047296,338407424,24414824,4464390144,6298324992
findling-rss 1791190449,4113883136,338407424,24290056,4493561856,6298324992
findling-rss 1791190451,4153241600,338407424,24413792,4533805056,6298324992
findling-rss 1791190453,4155613184,338407424,24410712,4536172544,6298324992
findling-rss 1791190455,4111224832,338407424,24286840,4490022912,6298324992
findling-rss 1791190457,4121313280,338407424,24291264,4500611072,6298324992
findling-rss 1791190459,4220276736,338407424,24407440,4600430592,6298324992
findling-rss 1791190461,4200611840,338407424,24409144,4580884480,6298324992
findling-rss 1791190463,4052029440,338407424,24305360,4431724544,6298324992
findling-rss 1791190465,4103155712,338407424,24294248,4481716224,6298324992
findling-rss 1791190467,4168339456,338407424,24413328,4548096000,6298324992
findling-rss 1791190469,4053471232,334938112,24188872,4428677120,6298324992
findling-rss 1791190471,4043149312,334938112,24184560,4419076096,6298324992
findling-rss 1791190473,4063264768,334938112,24187840,4439764992,6298324992
findling-rss 1791190475,4065038336,334938112,24187648,4440944640,6298324992
findling-rss 1791190477,4064641024,334938112,24186840,4440662016,6298324992
findling-rss 1791190479,4044206080,334938112,24185240,4420497408,6298324992
findling-rss 1791190481,4070907904,334938112,24186512,4447371264,6298324992
findling-rss 1791190483,4011896832,334938112,24186904,4387950592,6298324992
findling-rss 1791190485,4012359680,334938112,24196624,4388220928,6298324992
findling-rss 1791190487,4024201216,330498048,23952608,4390227968,6298324992
findling-rss 1791190489,5786071040,334123008,25971512,6169255936,6298324992
findling-rss 1791190491,5626978304,335577088,26043280,6005157888,6298324992
findling-rss 1791190493,4454047744,330543104,24492496,4835696640,6298324992
findling-rss 1791190495,5621157888,336523264,26072128,6020206592,6298324992
findling-rss 1791190497,5249400832,336392192,25701288,5634813952,6298324992
findling-rss 1791190499,5729300480,338026496,26152136,6111866880,6298324992
findling-rss 1791190501,4482682880,334499840,24717584,4858421248,6298324992
findling-rss 1791190503,4217774080,333811712,24324016,4592943104,6298324992
findling-rss 1791190505,4255031296,333811712,24445176,4631187456,6298324992
findling-rss 1791190507,4201246720,332406784,24275328,4575682560,6298324992
findling-rss 1791190509,3981672448,330989568,24112056,4353531904,6298324992
findling-rss 1791190511,4006952960,330989568,24105336,4378632192,6298324992
findling-rss 1791190513,5659992064,334626816,26059800,6042427392,6298324992
findling-rss 1791190515,5180428288,336486400,26131464,5550731264,6298324992
findling-rss 1791190517,5422174208,335794176,25793744,5806161920,6298324992
findling-rss 1791190519,4097925120,330391552,24150688,4469223424,6298324992
findling-rss 1791190521,4102725632,330395648,24150952,4474179584,6298324992
findling-rss 1791190523,4203290624,390615040,26150208,4620644352,6298324992
findling-rss 1791190525,5672415232,334524416,25951040,6055092224,6298324992
findling-rss 1791190527,5573591040,334479360,25972984,5954490368,6298324992
findling-rss 1791190529,4135198720,329940992,24202744,4506505216,6298324992
findling-rss 1791190531,5637058560,334934016,25981696,6019694592,6298324992
findling-rss 1791190533,5305524224,339337216,25781216,5662040064,6298324992
findling-rss 1791190535,5631754240,338632704,25804704,6026444800,6298324992
findling-rss 1791190537,4192026624,334618624,24273440,4567822336,6298324992
findling-rss 1791190539,4135817216,334270464,24134976,4501069824,6298324992
findling-rss 1791190541,4039671808,334270464,24135568,4414681088,6298324992
findling-rss 1791190543,4163723264,334270464,24132376,4539125760,6298324992
findling-rss 1791190545,4108120064,334270464,24137864,4483391488,6298324992
findling-rss 1791190547,4105699328,334270464,24133208,4480909312,6298324992
findling-rss 1791190549,4012023808,334270464,24006808,4386680832,6298324992
findling-rss 1791190551,4109008896,334270464,24176608,4484153344,6298324992
findling-rss 1791190553,4107984896,334270464,24126848,4482793472,6298324992
findling-rss 1791190555,4088061952,334270464,24132728,4463501312,6298324992
findling-rss 1791190557,4086788096,334270464,24130728,4470579200,6298324992
findling-rss 1791190559,4109197312,334270464,24124056,4484591616,6298324992
findling-rss 1791190561,4113563648,334270464,24127712,4488687616,6298324992
findling-rss 1791190563,4088770560,334270464,24122000,4463878144,6298324992
findling-rss 1791190565,4109156352,334270464,24122768,4484419584,6298324992
findling-rss 1791190567,4110061568,334270464,24124608,4485246976,6298324992
findling-rss 1791190569,4109565952,334270464,24125552,4484161536,6298324992
findling-rss 1791190571,4089626624,331202560,23979592,4458020864,6298324992
findling-rss 1791190573,5650976768,335060992,26002072,6033125376,6298324992
findling-rss 1791190575,5311881216,338948096,25985336,5688332288,6298324992
findling-rss 1791190577,5211107328,337895424,25434400,5595631616,6298324992
findling-rss 1791190579,4403335168,334741504,24543896,4780486656,6298324992
findling-rss 1791190581,4294283264,334389248,24408120,4669804544,6298324992
findling-rss 1791190583,4103778304,333324288,24241152,4478902272,6298324992
findling-rss 1791190585,4163964928,333324288,24245608,4539150336,6298324992
findling-rss 1791190587,4161081344,333324288,24243272,4535971840,6298324992
findling-rss 1791190589,3988447232,331579392,24068288,4359557120,6298324992
findling-rss 1791190591,3905581056,329555968,23866984,4274327552,6298324992
findling-rss 1791190593,5762990080,334815232,26011408,6145466368,6298324992
findling-rss 1791190596,5070852096,338010112,25721328,5459701760,6298324992
findling-rss 1791190598,5691043840,338370560,26131048,6077050880,6298324992
findling-rss 1791190600,4213723136,333799424,24325176,4589326336,6298324992
findling-rss 1791190602,4139388928,333799424,24318816,4514664448,6298324992
findling-rss 1791190604,4122251264,333799424,24196728,4497059840,6298324992
findling-rss 1791190606,4212154368,333799424,24364384,4588113920,6298324992
findling-rss 1791190608,4171100160,333799424,24317088,4546568192,6298324992
findling-rss 1791190610,4037206016,332070912,24147136,4410355712,6298324992
findling-rss 1791190612,4057980928,332070912,24141312,4430868480,6298324992
findling-rss 1791190614,4068286464,332070912,24141624,4441014272,6298324992
findling-rss 1791190616,5265870848,335298560,26021704,5640658944,6298324992
findling-rss 1791190618,5120208896,334958592,25431072,5497442304,6298324992
findling-rss 1791190620,5711568896,335310848,26068072,6094647296,6298324992
findling-rss 1791190622,4043034624,330059776,24073776,4413685760,6298324992
findling-rss 1791190624,4550258688,343826432,25229712,4925493248,6298324992
findling-rss 1791190626,5655330816,344535040,26320720,6047649792,6298324992
findling-rss 1791190628,5703942144,344526848,26337248,6096330752,6298324992
findling-rss 1791190630,4266700800,340324352,24628064,4649250816,6298324992
findling-rss 1791190632,4305043456,339980288,24485312,4686753792,6298324992
findling-rss 1791190634,4202373120,339623936,24337368,4582965248,6298324992
findling-rss 1791190636,4099743744,339623936,24338992,4480032768,6298324992
findling-rss 1791190638,4004651008,339623936,24217160,4384378880,6298324992
findling-rss 1791190640,4100665344,339623936,24337264,4481368064,6298324992
findling-rss 1791190642,4047646720,339623936,24339096,4428394496,6298324992
findling-rss 1791190644,4027854848,339623936,24334208,4407361536,6298324992
findling-rss 1791190646,3974037504,339623936,24217064,4353228800,6298324992
findling-rss 1791190648,4097171456,339623936,24338896,4478550016,6298324992
findling-rss 1791190650,4102156288,339623936,24356312,4483149824,6298324992
findling-rss 1791190652,4083101696,339623936,24340144,4463624192,6298324992
findling-rss 1791190654,4103569408,339623936,24339256,4484222976,6298324992
findling-rss 1791190656,4104519680,339623936,24340464,4484976640,6298324992
findling-rss 1791190658,4102942720,339623936,24341536,4482818048,6298324992
findling-rss 1791190660,4075069440,339623936,24385408,4454309888,6298324992
findling-rss 1791190662,4103643136,339623936,24339264,4483846144,6298324992
findling-rss 1791190664,4104458240,339623936,24335224,4484751360,6298324992
findling-rss 1791190666,4103442432,339623936,24339336,4484247552,6298324992
findling-rss 1791190668,4047806464,339623936,24340080,4428685312,6298324992
findling-rss 1791190670,4104089600,339623936,24338320,4484755456,6298324992
findling-rss 1791190672,4108124160,339623936,24339680,4489031680,6298324992
findling-rss 1791190674,4104896512,339623936,24342080,4485677056,6298324992
findling-rss 1791190676,4019552256,339623936,24348240,4400357376,6298324992
findling-rss 1791190678,4106444800,339623936,24346816,4486955008,6298324992
findling-rss 1791190680,4105900032,339623936,24339616,4486131712,6298324992
findling-rss 1791190682,4102610944,339623936,24338552,4483223552,6298324992
findling-rss 1791190684,4010070016,339623936,24219856,4390150144,6298324992
findling-rss 1791190686,4106661888,339623936,24338680,4487196672,6298324992
findling-rss 1791190688,4105289728,339623936,24340536,4486045696,6298324992
findling-rss 1791190690,4087631872,339623936,24340856,4468359168,6298324992
findling-rss 1791190692,4011737088,339623936,24222744,4391706624,6298324992
findling-rss 1791190694,4106854400,339623936,24342488,4487327744,6298324992
findling-rss 1791190696,4107993088,339623936,24340872,4488605696,6298324992
findling-rss 1791190698,4087619584,339623936,24341624,4468408320,6298324992
findling-rss 1791190700,3949584384,329809920,23960480,4319875072,6298324992
findling-rss 1791190702,5652856832,336375808,26105192,6037561344,6298324992
findling-rss 1791190704,5198336000,340238336,25708144,5565968384,6298324992
findling-rss 1791190706,4827258880,337764352,25273776,5209829376,6298324992
findling-rss 1791190708,4040323072,334143488,24257408,4414586880,6298324992
findling-rss 1791190710,4088885248,334143488,24258688,4464746496,6298324992
findling-rss 1791190712,4011220992,334143488,24258408,4386902016,6298324992
findling-rss 1791190714,4043509760,334143488,24258456,4418158592,6298324992
findling-rss 1791190716,4041695232,334143488,24296176,4415746048,6298324992
findling-rss 1791190718,4019859456,334143488,24258528,4394229760,6298324992
findling-rss 1791190720,3979685888,334143488,24141424,4352401408,6298324992
findling-rss 1791190722,4039507968,334143488,24262128,4413849600,6298324992
findling-rss 1791190724,4091813888,334143488,24259064,4466937856,6298324992
findling-rss 1791190726,4019867648,334143488,24255496,4394397696,6298324992
findling-rss 1791190728,4040704000,334143488,24255880,4415352832,6298324992
findling-rss 1791190730,4043943936,334143488,24257264,4418842624,6298324992
findling-rss 1791190732,4090966016,334143488,24258624,4466634752,6298324992
findling-rss 1791190734,4050362368,334143488,24249464,4422647808,6298324992
findling-rss 1791190736,4106080256,334143488,24248304,4480815104,6298324992
findling-rss 1791190738,5702975488,334905344,25947776,6084505600,6298324992
findling-rss 1791190740,4874895360,334794752,25453448,5251207168,6298324992
findling-rss 1791190742,5626363904,335151104,25988544,6009065472,6298324992
findling-rss 1791190744,5212200960,335196160,25961008,5588688896,6298324992
findling-rss 1791190746,5643091968,335196160,25986272,6024159232,6298324992
findling-rss 1791190748,5668753408,337825792,26083544,6054182912,6298324992
findling-rss 1791190750,4165562368,332087296,24250128,4538499072,6298324992
findling-rss 1791190752,4045021184,331739136,24103024,4417200128,6298324992
findling-rss 1791190754,4092129280,331739136,24103552,4464680960,6298324992
findling-rss 1791190756,4039188480,331739136,24103080,4411572224,6298324992
findling-rss 1791190758,3996180480,331739136,23985096,4368678912,6298324992
findling-rss 1791190760,4092256256,331739136,24103696,4464541696,6298324992
findling-rss 1791190762,5499281408,335376384,26010776,5880602624,6298324992
findling-rss 1791190764,4873670656,337125376,25791072,5253361664,6298324992
findling-rss 1791190766,5622652928,337125376,26078064,6007431168,6298324992
findling-rss 1791190768,4067762176,332193792,24135680,4441145344,6298324992
findling-rss 1791190770,4067254272,332193792,24126856,4439949312,6298324992
findling-rss 1791190772,3972173824,332193792,24010664,4344258560,6298324992
findling-rss 1791190774,4021174272,332193792,24132112,4394262528,6298324992
findling-rss 1791190776,4021678080,332193792,24132712,4395053056,6298324992
findling-rss 1791190778,4040695808,332193792,24132800,4414148608,6298324992
findling-rss 1791190780,4062461952,332193792,24134768,4435779584,6298324992
findling-rss 1791190782,5605445632,335470592,26032216,5989142528,6298324992
findling-rss 1791190784,4948545536,335257600,25538592,5317861376,6298324992
findling-rss 1791190786,5752909824,335257600,26050968,6135656448,6298324992
findling-rss 1791190788,5160054784,336236544,25921248,5521498112,6298324992
findling-rss 1791190790,5599580160,336236544,26074864,5983371264,6298324992
findling-rss 1791190792,5574979584,349048832,26440256,5968068608,6298324992
findling-rss 1791190794,4911943680,345210880,25278496,5319016448,6298324992
findling-rss 1791190796,4471558144,342761472,24703632,4857339904,6298324992
findling-rss 1791190798,4261134336,342626304,24551904,4645425152,6298324992
findling-rss 1791190800,4292513792,342626304,24545816,4676534272,6298324992
findling-rss 1791190802,4247810048,342626304,24543944,4632522752,6298324992
findling-rss 1791190804,4269469696,342626304,24543640,4653514752,6298324992
findling-rss 1791190806,4153483264,340881408,24365960,4535508992,6298324992
findling-rss 1791190808,4081758208,340881408,24361944,4463403008,6298324992
findling-rss 1791190810,4103278592,340881408,24363904,4483932160,6298324992
findling-rss 1791190812,4154179584,340881408,24365264,4536225792,6298324992
findling-rss 1791190814,4164018176,340881408,24368672,4546519040,6298324992
findling-rss 1791190816,4108820480,340881408,24366408,4490674176,6298324992
findling-rss 1791190819,4165558272,340881408,24368360,4547506176,6298324992
findling-rss 1791190821,4165369856,340881408,24386672,4547506176,6298324992
findling-rss 1791190823,4164100096,340881408,24361992,4545597440,6298324992
findling-rss 1791190825,4045176832,340881408,24360984,4426354688,6298324992
findling-rss 1791190827,4113846272,340881408,24361616,4496056320,6298324992
findling-rss 1791190829,4113973248,340881408,24362288,4495933440,6298324992
findling-rss 1791190831,4154216448,340881408,24361912,4535808000,6298324992
findling-rss 1791190833,4070879232,340881408,24238520,4452651008,6298324992
findling-rss 1791190835,4166340608,340881408,24363256,4548419584,6298324992
findling-rss 1791190837,4167585792,340881408,24364608,4549308416,6298324992
findling-rss 1791190839,4147859456,340881408,24366056,4529614848,6298324992
findling-rss 1791190841,4073377792,340881408,24247312,4454776832,6298324992
findling-rss 1791190843,4168359936,340881408,24367440,4550737920,6298324992
findling-rss 1791190845,4168040448,340881408,24362320,4550586368,6298324992
findling-rss 1791190847,4148240384,340881408,24361272,4530429952,6298324992
findling-rss 1791190849,4168937472,340881408,24364160,4551368704,6298324992
findling-rss 1791190851,4169842688,340881408,24363528,4552052736,6298324992
findling-rss 1791190853,4170903552,340881408,24361232,4551643136,6298324992
findling-rss 1791190855,4141666304,340881408,24358016,4519329792,6298324992
findling-rss 1791190857,4174487552,340881408,24358192,4556451840,6298324992
findling-rss 1791190859,4169646080,340881408,24360072,4551708672,6298324992
findling-rss 1791190861,4116475904,340881408,24358216,4499132416,6298324992
findling-rss 1791190863,4058013696,340881408,24358880,4438147072,6298324992
findling-rss 1791190865,4116828160,340881408,24362184,4499087360,6298324992
findling-rss 1791190867,4167663616,340881408,24363000,4549488640,6298324992
findling-rss 1791190869,4170313728,340881408,24364560,4551794688,6298324992
findling-rss 1791190871,4076519424,340881408,24239608,4457299968,6298324992
findling-rss 1791190873,4173328384,340881408,24364496,4555411456,6298324992
findling-rss 1791190875,5477875712,335712256,26076032,5859954688,6298324992
findling-rss 1791190877,4488118272,334315520,24927168,4934672384,6298324992
findling-rss 1791190879,5636812800,335745024,26093960,6020526080,6298324992
findling-rss 1791190881,5149720576,337010688,25971328,5528125440,6298324992
findling-rss 1791190883,5460684800,336302080,25886736,5887361024,6298324992
findling-rss 1791190885,5706805248,336760832,26138704,6091616256,6298324992
findling-rss 1791190887,4093018112,332046336,24217624,4466073600,6298324992
findling-rss 1791190889,4151681024,332046336,24197184,4524834816,6298324992
findling-rss 1791190891,4154765312,332046336,24197624,4528316416,6298324992
findling-rss 1791190893,4034187264,392003584,25848440,4466647040,6298324992
findling-rss 1791190895,5656842240,340672512,26120472,6045360128,6298324992
findling-rss 1791190897,5602684928,340484096,26117280,5990424576,6298324992
findling-rss 1791190899,4498337792,337514496,24851472,4887584768,6298324992
findling-rss 1791190901,4180979712,336113664,24297136,4558598144,6298324992
findling-rss 1791190903,4079730688,335761408,24157112,4455833600,6298324992
findling-rss 1791190905,4084805632,335761408,24156256,4461207552,6298324992
findling-rss 1791190907,4010749952,335761408,24155384,4387360768,6298324992
findling-rss 1791190909,4079034368,335761408,24155448,4456595456,6298324992
findling-rss 1791190911,4079566848,335761408,24155192,4455759872,6298324992
findling-rss 1791190913,4078948352,335761408,24150832,4454494208,6298324992
findling-rss 1791190915,3994746880,335761408,24155336,4370681856,6298324992
findling-rss 1791190917,4082278400,335761408,24157608,4458291200,6298324992
findling-rss 1791190919,4026077184,335761408,24157248,4402507776,6298324992
findling-rss 1791190921,4024225792,335761408,24153128,4399386624,6298324992
findling-rss 1791190923,3974017024,335761408,24032208,4350861312,6298324992
findling-rss 1791190925,4071944192,335761408,24155616,4447727616,6298324992
findling-rss 1791190927,4084277248,335761408,24156776,4461142016,6298324992
findling-rss 1791190929,4061106176,335761408,24155032,4438220800,6298324992
findling-rss 1791190931,4081414144,335761408,24198064,4458115072,6298324992
findling-rss 1791190933,5575192576,337633280,26040688,5959901184,6298324992
findling-rss 1791190935,5180362752,341032960,25893024,5564940288,6298324992
findling-rss 1791190937,5580578816,340697088,26007512,5968527360,6298324992
findling-rss 1791190939,4399525888,335867904,24452920,4777283584,6298324992
findling-rss 1791190941,4334092288,335519744,24312192,4710260736,6298324992
findling-rss 1791190943,4158545920,335519744,24185656,4534657024,6298324992
findling-rss 1791190945,4257779712,335519744,24307776,4635144192,6298324992
findling-rss 1791190947,4103094272,333799424,24130768,4477677568,6298324992
findling-rss 1791190949,4100771840,333799424,24180776,4476141568,6298324992
findling-rss 1791190951,4017586176,333799424,24126728,4392357888,6298324992
findling-rss 1791190953,4102647808,333799424,24130288,4477120512,6298324992
findling-rss 1791190955,4101582848,333799424,24129448,4476370944,6298324992
findling-rss 1791190957,4642586624,336416768,25383792,5013913600,6298324992
findling-rss 1791190959,5739868160,337481728,26072376,6125432832,6298324992
findling-rss 1791190961,5545193472,337088512,26084320,5933211648,6298324992
findling-rss 1791190963,4633559040,333578240,24693024,5006340096,6298324992
findling-rss 1791190965,4166565888,332169216,24132656,4539793408,6298324992
findling-rss 1791190967,4176695296,332169216,24134016,4549283840,6298324992
findling-rss 1791190969,5017673728,338493440,25705512,5399441408,6298324992
findling-rss 1791190971,5319016448,337797120,25763832,5761781760,6298324992
findling-rss 1791190973,5650829312,342466560,26247032,6041464832,6298324992
findling-rss 1791190975,4195651584,337534976,24304256,4574265344,6298324992
findling-rss 1791190977,4112711680,337534976,24180136,4490444800,6298324992
findling-rss 1791190979,4256604160,337534976,24299584,4635607040,6298324992
findling-rss 1791190981,4296863744,337534976,24303576,4675645440,6298324992
findling-rss 1791190983,4249698304,337534976,24306408,4628623360,6298324992
findling-rss 1791190985,4157284352,337534976,24181848,4535992320,6298324992
findling-rss 1791190987,4257554432,337534976,24300184,4635013120,6298324992
findling-rss 1791190989,4252884992,337534976,24298040,4631785472,6298324992
findling-rss 1791190991,4179718144,337534976,24297160,4558462976,6298324992
findling-rss 1791190993,4129931264,337534976,24178304,4502708224,6298324992
findling-rss 1791190995,4199755776,337534976,24298464,4578787328,6298324992
findling-rss 1791190997,4244635648,337534976,24301000,4622848000,6298324992
findling-rss 1791190999,4233900032,337534976,24304432,4613128192,6298324992
findling-rss 1791191001,4255621120,337534976,24307752,4634681344,6298324992
findling-rss 1791191003,4255150080,337534976,24304416,4633604096,6298324992
findling-rss 1791191005,4254707712,337534976,24300320,4633436160,6298324992
findling-rss 1791191007,4236029952,337534976,24298544,4614180864,6298324992
findling-rss 1791191009,4256608256,337534976,24299776,4635615232,6298324992
findling-rss 1791191011,4256428032,337534976,24301392,4634607616,6298324992
findling-rss 1791191013,4203581440,337534976,24301936,4581851136,6298324992
findling-rss 1791191015,4146716672,337534976,24301256,4526321664,6298324992
findling-rss 1791191017,4202979328,337534976,24300184,4581343232,6298324992
findling-rss 1791191019,4246441984,337534976,24299096,4625588224,6298324992
findling-rss 1791191021,5170290688,335499264,25399288,5548011520,6298324992
findling-rss 1791191023,5749121024,336207872,26076312,6149341184,6298324992
findling-rss 1791191025,5648728064,345534464,26359624,6042337280,6298324992
findling-rss 1791191027,4356091904,339779584,24514240,4736741376,6298324992
findling-rss 1791191029,4302491648,339779584,24389560,4683608064,6298324992
findling-rss 1791191031,4377284608,339779584,24510168,4759027712,6298324992
findling-rss 1791191033,4373049344,339779584,24502168,4754575360,6298324992
findling-rss 1791191035,4338139136,339779584,24507120,4718534656,6298324992
findling-rss 1791191037,4383182848,339779584,24508752,4765908992,6298324992
findling-rss 1791191039,4376207360,339779584,24505776,4757942272,6298324992
findling-rss 1791191041,4267675648,339779584,24503992,4648988672,6298324992
findling-rss 1791191043,4200902656,339779584,24504992,4583223296,6298324992
findling-rss 1791191045,4272988160,339779584,24506896,4654473216,6298324992
findling-rss 1791191047,4358246400,339779584,24505584,4739883008,6298324992
findling-rss 1791191049,4374724608,339779584,24505648,4756754432,6298324992
findling-rss 1791191051,4239630336,339779584,24503776,4618665984,6298324992
findling-rss 1791191053,4378415104,339779584,24508280,4760190976,6298324992
findling-rss 1791191056,4220219392,335937536,24274608,4598235136,6298324992
findling-rss 1791191058,4218822656,335937536,24306728,4597604352,6298324992
findling-rss 1791191060,4059967488,331481088,24013480,4432117760,6298324992
findling-rss 1791191062,5584953344,345186304,26330112,5972807680,6298324992
findling-rss 1791191064,4949344256,344862720,26088736,5552660480,6298324992
findling-rss 1791191066,5610233856,346415104,26218112,6004531200,6298324992
findling-rss 1791191068,4335996928,340643840,24509184,4718608384,6298324992
findling-rss 1791191070,4183130112,340291584,24366352,4564983808,6298324992
findling-rss 1791191072,4216287232,340291584,24367712,4598124544,6298324992
findling-rss 1791191074,4241178624,340291584,24366792,4622557184,6298324992
findling-rss 1791191076,4245905408,340291584,24367456,4627570688,6298324992
findling-rss 1791191078,4247764992,340291584,24365256,4629917696,6298324992
findling-rss 1791191080,4179456000,340291584,24366984,4560658432,6298324992
findling-rss 1791191082,4246921216,340291584,24366520,4629049344,6298324992
findling-rss 1791191084,4247269376,340291584,24365144,4628742144,6298324992
findling-rss 1791191086,4194361344,340291584,24368560,4576464896,6298324992
findling-rss 1791191088,4150554624,340291584,24247480,4532084736,6298324992
findling-rss 1791191090,4195127296,340291584,24366944,4576600064,6298324992
findling-rss 1791191092,4240011264,340291584,24368152,4622008320,6298324992
findling-rss 1791191094,4228595712,340291584,24380432,4609978368,6298324992
findling-rss 1791191096,4222218240,340291584,24363272,4603359232,6298324992
findling-rss 1791191098,4250107904,340291584,24362384,4631392256,6298324992
findling-rss 1791191100,4249595904,340291584,24363112,4631248896,6298324992
findling-rss 1791191102,4229640192,340291584,24359888,4611473408,6298324992
findling-rss 1791191104,4250099712,340291584,24363104,4631433216,6298324992
findling-rss 1791191106,4256337920,340291584,24364552,4637843456,6298324992
findling-rss 1791191108,4250103808,340291584,24363016,4631601152,6298324992
findling-rss 1791191110,4204265472,340291584,24364200,4585807872,6298324992
findling-rss 1791191112,4255961088,340291584,24365544,4637499392,6298324992
findling-rss 1791191114,4197949440,340291584,24364240,4579151872,6298324992
findling-rss 1791191116,4197695488,340291584,24364768,4579364864,6298324992
findling-rss 1791191118,4153315328,340291584,24363464,4532977664,6298324992
findling-rss 1791191120,4242239488,340291584,24361488,4623663104,6298324992
findling-rss 1791191122,4257566720,340291584,24362576,4639518720,6298324992
findling-rss 1791191124,4232843264,340291584,24356776,4614385664,6298324992
findling-rss 1791191126,4156952576,340291584,24240376,4538449920,6298324992
findling-rss 1791191128,4252385280,340291584,24360568,4634144768,6298324992
findling-rss 1791191130,5098860544,336863232,25614240,5473230848,6298324992
findling-rss 1791191132,5111742464,336871424,25487232,5496471552,6298324992
findling-rss 1791191134,5622489088,341172224,26262528,6011797504,6298324992
findling-rss 1791191136,4172029952,336232448,24336496,4550262784,6298324992
findling-rss 1791191138,4074176512,336232448,24313240,4450893824,6298324992
findling-rss 1791191140,4227756032,336232448,24315304,4604837888,6298324992
findling-rss 1791191142,4219867136,336232448,24316888,4598075392,6298324992
findling-rss 1791191144,4120764416,336244736,24316184,4497813504,6298324992
findling-rss 1791191146,4103417856,336244736,24316232,4480299008,6298324992
findling-rss 1791191148,4173709312,336244736,24317464,4551016448,6298324992
findling-rss 1791191150,4120842240,336244736,24319960,4498247680,6298324992
findling-rss 1791191152,4168613888,336244736,24317512,4546117632,6298324992
findling-rss 1791191154,4086988800,336244736,24195344,4463923200,6298324992
findling-rss 1791191156,4182122496,336244736,24317512,4559163392,6298324992
findling-rss 1791191158,4189040640,336244736,24318056,4565966848,6298324992
findling-rss 1791191160,4163952640,336244736,24314976,4541849600,6298324992
findling-rss 1791191162,4160716800,336244736,24313968,4537847808,6298324992
findling-rss 1791191164,4183953408,336244736,24314960,4561076224,6298324992
findling-rss 1791191166,4186087424,336244736,24316120,4563390464,6298324992
findling-rss 1791191168,4310433792,398082048,26031952,4736188416,6298324992
findling-rss 1791191170,5690064896,340512768,26123256,6078660608,6298324992
findling-rss 1791191172,5651345408,345792512,26272848,6044712960,6298324992
findling-rss 1791191174,4331872256,340373504,24547624,4708978688,6298324992
findling-rss 1791191176,4400947200,340373504,24543976,4783513600,6298324992
findling-rss 1791191178,4359589888,340025344,24402336,4741648384,6298324992
findling-rss 1791191180,4412243968,340025344,24403696,4793954304,6298324992
findling-rss 1791191182,4300238848,340025344,24403864,4678868992,6298324992
findling-rss 1791191184,4421455872,340025344,24402304,4803293184,6298324992
findling-rss 1791191186,4360581120,340025344,24401496,4742000640,6298324992
findling-rss 1791191188,4408492032,340025344,24399640,4788002816,6298324992
findling-rss 1791191190,4252311552,340025344,24277120,4631789568,6298324992
findling-rss 1791191192,4427624448,340025344,24400760,4810739712,6298324992
findling-rss 1791191194,4422578176,340025344,24395448,4803469312,6298324992
findling-rss 1791191196,4402651136,340025344,24395296,4784168960,6298324992
findling-rss 1791191198,4334206976,340025344,24399824,4712054784,6298324992
findling-rss 1791191200,4425027584,340025344,24396680,4806254592,6298324992
findling-rss 1791191202,4211642368,335826944,24154544,4588564480,6298324992
findling-rss 1791191204,4326440960,336277504,24729936,4691853312,6298324992
findling-rss 1791191206,5700743168,338382848,26097960,6085865472,6298324992
findling-rss 1791191208,5526970368,343662592,26238824,5918064640,6298324992
findling-rss 1791191210,4726566912,341561344,25107624,5110366208,6298324992
findling-rss 1791191212,4556877824,340144128,24804152,4939988992,6298324992
findling-rss 1791191214,4520132608,339804160,24662800,4902907904,6298324992
findling-rss 1791191216,4251705344,338751488,24503528,4626501632,6298324992
findling-rss 1791191218,4224450560,337014784,24332200,4602880000,6298324992
findling-rss 1791191220,4176322560,337014784,24329704,4554293248,6298324992
findling-rss 1791191222,4215922688,337014784,24330752,4594311168,6298324992
findling-rss 1791191224,4101570560,334905344,24158856,4477317120,6298324992
findling-rss 1791191226,4130009088,334905344,24144424,4505595904,6298324992
findling-rss 1791191228,4131479552,334905344,24145272,4507213824,6298324992
findling-rss 1791191230,4130893824,334905344,24143504,4506554368,6298324992
findling-rss 1791191232,3980967936,331825152,23985120,4352794624,6298324992
findling-rss 1791191234,5637394432,337108992,26062848,6021812224,6298324992
findling-rss 1791191236,5512732672,340987904,26196048,5896773632,6298324992
findling-rss 1791191238,4248457216,336764928,24454976,4627607552,6298324992
findling-rss 1791191240,4183392256,336052224,24245040,4559572992,6298324992
findling-rss 1791191242,4177494016,336052224,24241144,4554641408,6298324992
findling-rss 1791191244,4199485440,336052224,24239936,4576645120,6298324992
findling-rss 1791191246,4179324928,336052224,24239120,4557369344,6298324992
findling-rss 1791191248,4185526272,336052224,24235976,4562788352,6298324992
findling-rss 1791191250,4179279872,336052224,24235328,4556701696,6298324992
findling-rss 1791191252,4110721024,336052224,24241104,4488007680,6298324992
findling-rss 1791191254,4178694144,336052224,24235600,4556062720,6298324992
findling-rss 1791191256,4180115456,336052224,24236040,4556910592,6298324992
findling-rss 1791191258,4178644992,336052224,24237640,4555309056,6298324992
findling-rss 1791191260,4038516736,336052224,24295456,4414844928,6298324992
findling-rss 1791191262,4126236672,336052224,24244048,4503711744,6298324992
findling-rss 1791191264,4126490624,336052224,24242536,4503752704,6298324992
findling-rss 1791191266,4150177792,336052224,24248320,4528037888,6298324992
findling-rss 1791191268,4021858304,331960320,24002560,4394045440,6298324992
findling-rss 1791191270,5618499584,338657280,26117736,6004826112,6298324992
findling-rss 1791191272,5349289984,338595840,26131840,5732503552,6298324992
findling-rss 1791191274,5086052352,337219584,25543288,5473656832,6298324992
findling-rss 1791191276,4401156096,334069760,24429488,4777226240,6298324992
findling-rss 1791191278,4214013952,333377536,24149840,4588187648,6298324992
findling-rss 1791191280,4995112960,337354752,25827008,5402652672,6298324992
findling-rss 1791191282,5635805184,337354752,26107080,6021234688,6298324992
findling-rss 1791191284,5718155264,339386368,26184632,6105612288,6298324992
findling-rss 1791191286,4107288576,333484032,24216728,4481298432,6298324992
findling-rss 1791191288,4073803776,333484032,24214016,4448206848,6298324992
findling-rss 1791191290,4164505600,333484032,24214136,4538552320,6298324992
findling-rss 1791191293,4106240000,333484032,24209480,4480364544,6298324992
findling-rss 1791191295,4651864064,336740352,25348888,5031071744,6298324992
findling-rss 1791191297,5622312960,337465344,26123352,6008184832,6298324992
findling-rss 1791191299,5479038976,338305024,26161784,5864751104,6298324992
findling-rss 1791191301,4760211456,335704064,25076560,5137399808,6298324992
findling-rss 1791191303,4221915136,333598720,24226192,4597039104,6298324992
findling-rss 1791191305,4223062016,333598720,24226424,4597366784,6298324992
findling-rss 1791191307,4220936192,333598720,24226232,4596174848,6298324992
findling-rss 1791191309,4063719424,332288000,24051928,4436332544,6298324992
findling-rss 1791191311,5611532288,339783680,26213736,5999443968,6298324992
findling-rss 1791191313,5394710528,338690048,26050120,5775360000,6298324992
findling-rss 1791191315,4811444224,336568320,25323256,5198094336,6298324992
findling-rss 1791191317,4212191232,334069760,24354424,4587192320,6298324992
findling-rss 1791191319,4167012352,333713408,24214232,4541603840,6298324992
findling-rss 1791191321,5007360000,337473536,25771936,5366812672,6298324992
findling-rss 1791191323,5637160960,337473536,26041408,6021758976,6298324992
findling-rss 1791191325,5582217216,339185664,26104936,5969633280,6298324992
findling-rss 1791191327,4346793984,334974976,24441256,4723359744,6298324992
findling-rss 1791191329,4175093760,334266368,24158032,4550258688,6298324992
findling-rss 1791191331,4178210816,334266368,24157592,4552781824,6298324992
findling-rss 1791191333,4181843968,334266368,24154040,4556996608,6298324992
findling-rss 1791191335,4151328768,334266368,24152128,4526821376,6298324992
findling-rss 1791191337,4180291584,334266368,24155456,4556091392,6298324992
findling-rss 1791191339,4180459520,334266368,24158888,4556275712,6298324992
findling-rss 1791191341,5076197376,336969728,25637864,5440786432,6298324992
findling-rss 1791191343,5744541696,337731584,26065688,6130212864,6298324992
findling-rss 1791191345,5557956608,339750912,26149744,5945659392,6298324992
findling-rss 1791191347,4314124288,335523840,24491296,4691820544,6298324992
findling-rss 1791191349,4117901312,334819328,24202296,4493733888,6298324992
findling-rss 1791191351,4116221952,334819328,24195224,4492304384,6298324992
findling-rss 1791191353,4087418880,334819328,24195256,4456853504,6298324992
findling-rss 1791191355,4119961600,334819328,24197944,4495863808,6298324992
findling-rss 1791191357,4077080576,334819328,24199160,4452315136,6298324992
findling-rss 1791191359,4116082688,334819328,24192496,4491722752,6298324992
findling-rss 1791191361,4020572160,332783616,23996016,4393127936,6298324992
findling-rss 1791191363,5636276224,340168704,26148504,6024261632,6298324992
findling-rss 1791191365,5401530368,340164608,26140944,5783928832,6298324992
findling-rss 1791191367,4965269504,338391040,25286024,5359017984,6298324992
findling-rss 1791191369,4540104704,336302080,24591016,4918984704,6298324992
findling-rss 1791191371,4396294144,335622144,24311288,4773101568,6298324992
findling-rss 1791191373,4159827968,333742080,24066360,4526755840,6298324992
findling-rss 1791191375,5741383680,339697664,26152848,6129061888,6298324992
findling-rss 1791191377,5319417856,344039424,26170792,5702127616,6298324992
findling-rss 1791191379,5553377280,344051712,25992656,5943562240,6298324992
findling-rss 1791191381,4391993344,337498112,24509800,4771319808,6298324992
findling-rss 1791191383,4237389824,337141760,24370368,4616179712,6298324992
findling-rss 1791191385,4100235264,337141760,24376144,4483231744,6298324992
findling-rss 1791191387,4201398272,337141760,24370888,4580024320,6298324992
findling-rss 1791191389,4238622720,337141760,24374104,4618002432,6298324992
findling-rss 1791191391,4078669824,335056896,24184112,4454768640,6298324992
findling-rss 1791191393,4002766848,333017088,23988288,4376338432,6298324992
findling-rss 1791191395,5665492992,338792448,26146304,6052147200,6298324992
findling-rss 1791191397,5134626816,340774912,25869856,5506777088,6298324992
findling-rss 1791191399,5383286784,340783104,25974096,5764177920,6298324992
findling-rss 1791191401,4243234816,336580608,24561120,4621385728,6298324992
findling-rss 1791191403,4059762688,335167488,24257520,4435013632,6298324992
findling-rss 1791191405,4040900608,335167488,24249992,4416155648,6298324992
findling-rss 1791191407,4062298112,335167488,24251632,4438667264,6298324992
findling-rss 1791191409,4062298112,335167488,24251688,4439048192,6298324992
findling-rss 1791191411,4062445568,335167488,24253032,4438265856,6298324992
findling-rss 1791191413,4140765184,335237120,24437544,4511518720,6298324992
findling-rss 1791191415,5611581440,338403328,26209464,5998772224,6298324992
findling-rss 1791191417,5313536000,342990848,26186392,5697183744,6298324992
findling-rss 1791191419,5022298112,341217280,25669112,5409234944,6298324992
findling-rss 1791191421,4090707968,338079744,24412480,4469919744,6298324992
findling-rss 1791191423,4075671552,338079744,24406192,4454227968,6298324992
findling-rss 1791191425,4095680512,338079744,24409584,4474544128,6298324992
findling-rss 1791191427,4096057344,338079744,24408224,4474941440,6298324992
findling-rss 1791191429,4097462272,338079744,24408496,4476432384,6298324992
findling-rss 1791191431,4077785088,338079744,24407960,4456538112,6298324992
findling-rss 1791191433,4097544192,338079744,24455712,4479057920,6298324992
findling-rss 1791191435,4043448320,338079744,24405808,4422610944,6298324992
findling-rss 1791191437,4043132928,338079744,24406640,4421726208,6298324992
findling-rss 1791191439,4013846528,338079744,24404760,4386467840,6298324992
findling-rss 1791191441,4047486976,338079744,24407712,4426543104,6298324992
findling-rss 1791191443,4043358208,338079744,24406864,4422426624,6298324992
findling-rss 1791191445,4041523200,338079744,24404088,4419645440,6298324992
findling-rss 1791191447,3998720000,338079744,24288984,4377513984,6298324992
findling-rss 1791191449,4044738560,338079744,24405856,4423843840,6298324992
findling-rss 1791191451,4042985472,338079744,24409256,4422057984,6298324992
findling-rss 1791191453,4022571008,338079744,24410952,4399910912,6298324992
findling-rss 1791191455,4042911744,338079744,24408136,4421259264,6298324992
findling-rss 1791191457,5502750720,339607552,26254728,5889343488,6298324992
findling-rss 1791191459,4959973376,339578880,26003960,5382508544,6298324992
findling-rss 1791191461,5311537152,339234816,25872856,5700079616,6298324992
findling-rss 1791191463,4094750720,335040512,24441128,4470317056,6298324992
findling-rss 1791191465,3997982720,334684160,24299872,4373766144,6298324992
findling-rss 1791191467,4450091008,338444288,25565688,4813385728,6298324992
findling-rss 1791191469,5613907968,338444288,26123896,5999747072,6298324992
findling-rss 1791191471,5267337216,340361216,26159168,5687853056,6298324992
findling-rss 1791191473,4774330368,337895424,25523056,5156491264,6298324992
findling-rss 1791191475,4087349248,335990784,24626536,4464332800,6298324992
findling-rss 1791191477,4068970496,335990784,24622912,4446228480,6298324992
findling-rss 1791191479,4121772032,335990784,24619752,4498632704,6298324992
findling-rss 1791191481,3983155200,334958592,24464528,4358926336,6298324992
findling-rss 1791191483,3929423872,334958592,24465072,4303851520,6298324992
findling-rss 1791191485,5049708544,349835264,26465792,5442375680,6298324992
findling-rss 1791191487,4997877760,349130752,26142912,5424746496,6298324992
findling-rss 1791191490,5571469312,349822976,26817496,5969690624,6298324992
findling-rss 1791191492,4543995904,347021312,25440296,4940926976,6298324992
findling-rss 1791191494,3986046976,345628672,24769304,4372414464,6298324992
findling-rss 1791191496,4085223424,345628672,24884848,4471992320,6298324992
findling-rss 1791191498,4038631424,345628672,24877896,4425101312,6298324992
findling-rss 1791191500,4027764736,345628672,24878576,4412760064,6298324992
findling-rss 1791191502,3989037056,345628672,24757928,4375351296,6298324992
findling-rss 1791191504,4032303104,345628672,24881712,4418662400,6298324992
findling-rss 1791191506,3936571392,345628672,24757464,4322492416,6298324992
findling-rss 1791191508,3980177408,345628672,24879360,4366110720,6298324992
findling-rss 1791191510,4079398912,345628672,24884392,4466020352,6298324992
findling-rss 1791191512,4074434560,345628672,24883760,4460019712,6298324992
findling-rss 1791191514,3771723776,338624512,24433984,4149411840,6298324992
findling-rss 1791191516,3687399424,338624512,24439824,4064960512,6298324992
findling-rss 1791191518,3773419520,338624512,24435328,4151357440,6298324992
findling-rss 1791191520,3719421952,338624512,24435080,4097867776,6298324992
findling-rss 1791191522,3702652928,338624512,24431024,4079292416,6298324992
findling-rss 1791191524,3668226048,338624512,24313088,4045971456,6298324992
findling-rss 1791191526,3763290112,338624512,24432440,4140965888,6298324992
findling-rss 1791191528,4974874624,343769088,26289136,5355352064,6298324992
findling-rss 1791191530,5103042560,343789568,26097880,5488513024,6298324992
findling-rss 1791191532,5430321152,342630400,26792056,5820702720,6298324992
findling-rss 1791191534,3833647104,338407424,25089248,4212088832,6298324992
findling-rss 1791191536,3614285824,337698816,24808888,3992178688,6298324992
findling-rss 1791191538,3635871744,337698816,24807616,4013940736,6298324992
findling-rss 1791191540,3582967808,337698816,24807432,3960041472,6298324992
findling-rss 1791191542,3633893376,337698816,24805824,4011986944,6298324992
findling-rss 1791191544,3624030208,337698816,24804072,4000276480,6298324992
findling-rss 1791191546,3644252160,337698816,24804424,4021194752,6298324992
findling-rss 1791191548,3645304832,337698816,24802248,4022480896,6298324992
findling-rss 1791191550,3646795776,337698816,24800920,4024135680,6298324992
findling-rss 1791191552,3626156032,337698816,24804072,4003512320,6298324992
findling-rss 1791191554,3645997056,337698816,24801752,4023558144,6298324992
findling-rss 1791191556,3646656512,337698816,24803960,4024397824,6298324992
findling-rss 1791191558,3645816832,337698816,24801616,4023369728,6298324992
findling-rss 1791191560,3689824256,335695872,24682896,4057829376,6298324992
findling-rss 1791191562,5505724416,346607616,26894656,5899743232,6298324992
findling-rss 1791191564,5230194688,352358400,27091376,5621170176,6298324992
findling-rss 1791191566,4487434240,349073408,26093328,4878913536,6298324992
findling-rss 1791191568,3982426112,347312128,25300960,4370317312,6298324992
findling-rss 1791191570,3837886464,346968064,25156368,4225224704,6298324992
findling-rss 1791191572,3782463488,346968064,25156880,4168728576,6298324992
findling-rss 1791191574,3641675776,345571328,24878096,4026736640,6298324992
findling-rss 1791191576,3680460800,345571328,24987976,4065378304,6298324992
findling-rss 1791191578,3625385984,345571328,25002936,4010500096,6298324992
findling-rss 1791191580,3511119872,345571328,24865072,3895586816,6298324992
findling-rss 1791191582,3629793280,345571328,24985400,4014841856,6298324992
findling-rss 1791191584,3672432640,345571328,24980280,4057104384,6298324992
findling-rss 1791191586,3662946304,345571328,24980192,4048408576,6298324992
findling-rss 1791191588,3596451840,345571328,24980040,3985293312,6298324992
findling-rss 1791191590,3684646912,345571328,24983904,4069826560,6298324992
findling-rss 1791191592,3685068800,345571328,24984568,4070629376,6298324992
findling-rss 1791191594,3524820992,341737472,24750960,3905691648,6298324992
findling-rss 1791191596,3440635904,341737472,24754480,3821359104,6298324992
findling-rss 1791191598,3525980160,341737472,24751800,3906048000,6298324992
findling-rss 1791191600,3526070272,341737472,24752480,3906932736,6298324992
findling-rss 1791191602,3526062080,341737472,24750048,3906351104,6298324992
findling-rss 1791191604,3441037312,341737472,24748536,3820306432,6298324992
findling-rss 1791191606,3528364032,341737472,24747728,3908706304,6298324992
findling-rss 1791191608,3527438336,341737472,24748352,3908603904,6298324992
findling-rss 1791191610,3526512640,341737472,24747864,3906596864,6298324992
findling-rss 1791191612,3431755776,341737472,24627528,3812651008,6298324992
findling-rss 1791191614,3475013632,341737472,24748856,3855835136,6298324992
findling-rss 1791191616,3474808832,341737472,24752176,3855237120,6298324992
findling-rss 1791191618,3498938368,341737472,24750168,3879735296,6298324992
findling-rss 1791191620,3521409024,341737472,24750704,3901980672,6298324992
findling-rss 1791191622,3534102528,341737472,24751944,3914567680,6298324992
findling-rss 1791191624,4846301184,339005440,26437584,5275717632,6298324992
findling-rss 1791191626,4610588672,338698240,26052496,5088677888,6298324992
findling-rss 1791191628,4942082048,337670144,26335208,5324881920,6298324992
findling-rss 1791191630,3411378176,333856768,24799656,3783876608,6298324992
findling-rss 1791191632,3411378176,333856768,24797184,3782955008,6298324992
findling-rss 1791191634,3411378176,333856768,24795744,3783487488,6298324992
findling-rss 1791191636,3411378176,333856768,24792680,3784429568,6298324992
findling-rss 1791191638,3411791872,333856768,24793024,3784826880,6298324992
findling-rss 1791191640,3411791872,333856768,24793768,3785043968,6298324992
findling-rss 1791191642,3453411328,333856768,24789384,3826847744,6298324992
findling-rss 1791191644,3411795968,333856768,24789248,3784118272,6298324992
findling-rss 1791191646,3411795968,333856768,24789624,3783938048,6298324992
findling-rss 1791191648,3411795968,333856768,24790200,3783684096,6298324992
findling-rss 1791191650,3411795968,333856768,24790296,3784253440,6298324992
findling-rss 1791191652,3411795968,333856768,24791896,3783884800,6298324992
findling-rss 1791191654,3411795968,333856768,24788056,3783454720,6298324992
findling-rss 1791191656,3411795968,333856768,24788328,3784437760,6298324992
findling-rss 1791191658,3411795968,333856768,24791968,3784306688,6298324992
findling-rss 1791191660,3411795968,333856768,24792336,3784007680,6298324992
findling-rss 1791191662,3411795968,333856768,24789352,3784605696,6298324992
findling-rss 1791191664,3411795968,333856768,24789792,3784261632,6298324992
findling-rss 1791191666,3411795968,333856768,24789864,3784290304,6298324992
findling-rss 1791191668,3411795968,333856768,24790544,3784503296,6298324992
findling-rss 1791191670,3411795968,333856768,24791928,3784687616,6298324992
findling-rss 1791191672,3411795968,333856768,24837360,3784355840,6298324992
findling-rss 1791191674,3411795968,333856768,24792104,3783798784,6298324992
findling-rss 1791191676,3411795968,333856768,24789384,3784220672,6298324992
findling-rss 1791191678,3411795968,333856768,24790304,3784327168,6298324992
findling-rss 1791191680,3411795968,333856768,24791424,3783467008,6298324992
findling-rss 1791191682,3411795968,333856768,24791768,3784159232,6298324992
findling-rss 1791191684,3411795968,333856768,24790088,3784024064,6298324992
findling-rss 1791191686,3411795968,333856768,24790680,3784847360,6298324992
findling-rss 1791191688,3411795968,333856768,24794192,3784699904,6298324992
findling-rss 1791191690,3411795968,333856768,24791624,3784306688,6298324992
findling-rss 1791191692,3411795968,333856768,24789552,3784290304,6298324992
findling-rss 1791191694,3411795968,333856768,24784416,3783417856,6298324992
findling-rss 1791191696,3411795968,333856768,24786256,3784605696,6298324992
findling-rss 1791191698,3411795968,333856768,24783128,3784503296,6298324992
findling-rss 1791191700,3411795968,333856768,24784488,3784830976,6298324992
findling-rss 1791191702,3411795968,333856768,24783704,3784790016,6298324992
findling-rss 1791191704,3411795968,333856768,24784280,3784429568,6298324992
findling-rss 1791191706,3411795968,333856768,24786272,3784421376,6298324992
findling-rss 1791191708,3411795968,333856768,24784920,3784515584,6298324992
findling-rss 1791191710,3413225472,333856768,24786416,3785682944,6298324992
findling-rss 1791191712,3411795968,333856768,24785776,3784060928,6298324992
findling-rss 1791191714,3411795968,333856768,24785776,3783733248,6298324992
findling-rss 1791191716,3411795968,333856768,24787616,3784364032,6298324992
findling-rss 1791191718,3411795968,333856768,24788528,3784114176,6298324992
findling-rss 1791191721,3411795968,333856768,24789144,3783966720,6298324992
findling-rss 1791191723,3411795968,333856768,24790064,3783860224,6298324992
findling-rss 1791191725,3411795968,333856768,24784792,3784142848,6298324992
findling-rss 1791191727,3411795968,333856768,24784112,3784409088,6298324992
findling-rss 1791191729,3411795968,333856768,24785808,3784617984,6298324992
findling-rss 1791191731,3411795968,333856768,24785744,3784458240,6298324992
findling-rss 1791191733,3411795968,333856768,24785504,3784200192,6298324992
findling-rss 1791191735,3411795968,333856768,24785504,3783958528,6298324992
findling-rss 1791191737,3411795968,333856768,24790064,3783671808,6298324992
findling-rss 1791191739,3411795968,333856768,24790944,3784130560,6298324992
findling-rss 1791191741,3411795968,333856768,24789240,3784503296,6298324992
findling-rss 1791191743,3411795968,333856768,24790272,3784384512,6298324992
findling-rss 1791191745,3411795968,333856768,24790232,3784134656,6298324992
findling-rss 1791191747,3411795968,333856768,24794136,3784925184,6298324992
findling-rss 1791191749,3413233664,333856768,24796984,3785531392,6298324992
findling-rss 1791191751,3411795968,333856768,24790472,3784327168,6298324992
findling-rss 1791191753,3411795968,333856768,24790096,3783999488,6298324992
findling-rss 1791191755,3411795968,333856768,24788328,3784216576,6298324992
findling-rss 1791191757,3411795968,333856768,24790848,3784351744,6298324992
findling-rss 1791191759,3411795968,333856768,24791080,3785641984,6298324992
findling-rss 1791191761,3411795968,333856768,24791600,3784642560,6298324992
findling-rss 1791191763,3411795968,333856768,24787408,3784175616,6298324992
findling-rss 1791191765,3411795968,333856768,24788328,3784355840,6298324992
findling-rss 1791191767,3411795968,333856768,24805040,3784278016,6298324992
findling-rss 1791191769,3411795968,333856768,24790608,3784712192,6298324992
findling-rss 1791191771,3411795968,333856768,24791248,3784556544,6298324992
findling-rss 1791191773,3411795968,333856768,24790912,3784343552,6298324992
findling-rss 1791191775,3411795968,333856768,24790472,3783761920,6298324992
findling-rss 1791191777,3411795968,333856768,24790136,3784577024,6298324992
findling-rss 1791191779,3411795968,333856768,24790136,3784843264,6298324992
findling-rss 1791191781,3411795968,333856768,24788592,3785064448,6298324992
findling-rss 1791191783,3411795968,333856768,24787784,3784990720,6298324992
findling-rss 1791191785,3411795968,333856768,24789400,3784212480,6298324992
findling-rss 1791191787,3411795968,333856768,24834440,3784708096,6298324992
findling-rss 1791191789,3411795968,333856768,24785744,3784192000,6298324992
findling-rss 1791191791,3411795968,333856768,24786864,3785007104,6298324992
findling-rss 1791191793,3411795968,333856768,24788424,3784101888,6298324992
findling-rss 1791191795,3411795968,333856768,24786592,3784318976,6298324992
findling-rss 1791191797,3411795968,333856768,24788432,3784638464,6298324992
findling-rss 1791191799,3411795968,333856768,24788696,3785125888,6298324992
findling-rss 1791191801,3411795968,333856768,24790296,3785207808,6298324992
findling-rss 1791191803,3411795968,333856768,24790880,3784601600,6298324992
findling-rss 1791191805,3411795968,333856768,24790912,3784581120,6298324992
findling-rss 1791191807,3411795968,333856768,24789720,3783966720,6298324992
findling-rss 1791191809,3411795968,333856768,24791584,3783815168,6298324992
findling-rss 1791191811,3411795968,333856768,24791344,3784060928,6298324992
findling-rss 1791191813,3411795968,333856768,24788904,3783921664,6298324992
findling-rss 1791191815,3411795968,333856768,24785200,3784560640,6298324992
findling-rss 1791191817,3411795968,333856768,24786328,3785146368,6298324992
findling-rss 1791191819,3411795968,333856768,24786968,3784806400,6298324992
findling-rss 1791191821,3411795968,333856768,24787888,3784204288,6298324992
findling-rss 1791191823,3411795968,333856768,24789752,3784241152,6298324992
findling-rss 1791191825,3411795968,333856768,24790872,3784310784,6298324992
findling-rss 1791191827,3411795968,333856768,24790568,3783786496,6298324992
findling-rss 1791191829,3411795968,333856768,24793480,3784400896,6298324992
findling-rss 1791191831,3411795968,333856768,24790400,3784523776,6298324992
findling-rss 1791191833,3411795968,333856768,24790128,3783540736,6298324992
findling-rss 1791191835,3411795968,333856768,24790544,3784245248,6298324992
findling-rss 1791191837,3411795968,333856768,24791248,3783901184,6298324992
findling-rss 1791191839,3411795968,333856768,24789816,3784126464,6298324992
findling-rss 1791191841,3411795968,333856768,24790832,3784417280,6298324992
findling-rss 1791191843,3411795968,333856768,24787176,3784294400,6298324992
findling-rss 1791191845,3412774912,333856768,24788544,3784228864,6298324992
findling-rss 1791191847,3411795968,333856768,24787376,3784081408,6298324992
findling-rss 1791191849,3411795968,333856768,24787752,3784511488,6298324992
findling-rss 1791191851,3411795968,333856768,24788632,3784450048,6298324992
findling-rss 1791191853,3411795968,333856768,24787952,3783585792,6298324992
findling-rss 1791191855,3411795968,333856768,24789552,3784638464,6298324992
findling-rss 1791191857,3411795968,333856768,24791288,3784400896,6298324992
findling-rss 1791191859,3411795968,333856768,24792336,3784691712,6298324992
findling-rss 1791191861,3411795968,333856768,24793112,3784749056,6298324992
findling-rss 1791191863,3411795968,333856768,24789824,3784884224,6298324992
findling-rss 1791191865,3411795968,333856768,24789784,3785297920,6298324992
findling-rss 1791191867,3411795968,333856768,24790000,3784327168,6298324992
findling-rss 1791191869,3411795968,333856768,24791864,3784413184,6298324992
findling-rss 1791191871,3411795968,333856768,24789144,3784609792,6298324992
findling-rss 1791191873,3411795968,333856768,24789824,3784810496,6298324992
findling-rss 1791191875,3411795968,333856768,24791880,3784015872,6298324992
findling-rss 1791191877,3411795968,333856768,24794384,3784581120,6298324992
findling-rss 1791191879,3411795968,333856768,24794208,3784253440,6298324992
findling-rss 1791191881,3411795968,333856768,24792016,3784368128,6298324992
findling-rss 1791191883,3411795968,333856768,24828656,3785113600,6298324992
findling-rss 1791191885,3411795968,333856768,24791320,3784470528,6298324992
findling-rss 1791191887,3411795968,333856768,24792504,3783876608,6298324992
findling-rss 1791191889,3411795968,333856768,24792096,3784056832,6298324992
findling-rss 1791191891,3411795968,333856768,24792952,3783905280,6298324992
findling-rss 1791191893,3411795968,333856768,24794312,3784515584,6298324992
findling-rss 1791191895,3411795968,333856768,24796152,3784310784,6298324992
findling-rss 1791191897,3411795968,333856768,24795432,3784433664,6298324992
findling-rss 1791191899,3411795968,333856768,24793664,3785166848,6298324992
findling-rss 1791191901,3411795968,333856768,24793528,3784511488,6298324992
findling-rss 1791191903,3414765568,333856768,24879824,3787685888,6298324992
findling-rss 1791191905,3411795968,333856768,24787544,3784372224,6298324992
findling-rss 1791191907,3411795968,333856768,24789384,3784503296,6298324992
findling-rss 1791191909,3411795968,333856768,24785880,3784269824,6298324992
findling-rss 1791191911,3411795968,333856768,24786728,3784679424,6298324992
findling-rss 1791191913,3411795968,333856768,24788088,3784249344,6298324992
findling-rss 1791191915,3411795968,333856768,24785200,3783917568,6298324992
findling-rss 1791191917,3411795968,333856768,24788856,3784921088,6298324992
findling-rss 1791191919,3411795968,333856768,24789976,3785433088,6298324992
findling-rss 1791191921,3411795968,333856768,24789520,3785097216,6298324992
findling-rss 1791191923,3411795968,333856768,24789960,3785154560,6298324992
findling-rss 1791191925,3411795968,333856768,24789240,3784679424,6298324992
findling-rss 1791191927,3411795968,333856768,24790048,3784769536,6298324992
findling-rss 1791191929,3411795968,333856768,24787264,3784265728,6298324992
findling-rss 1791191931,3411795968,333856768,24788144,3784425472,6298324992
findling-rss 1791191933,3411795968,333856768,24785936,3784056832,6298324992
findling-rss 1791191935,3411795968,333856768,24782568,3783942144,6298324992
findling-rss 1791191937,3411795968,333856768,24782672,3783684096,6298324992
findling-rss 1791191939,3411795968,333856768,24784272,3784519680,6298324992
findling-rss 1791191941,3411795968,333856768,24783112,3784577024,6298324992
findling-rss 1791191943,3411795968,333856768,24783008,3784585216,6298324992
findling-rss 1791191945,3411795968,333856768,24783792,3784605696,6298324992
findling-rss 1791191947,3411795968,333856768,24786136,3785117696,6298324992
findling-rss 1791191949,3411795968,333856768,24785392,3784548352,6298324992
findling-rss 1791191951,3411795968,333856768,24786512,3784425472,6298324992
findling-rss 1791191953,3411795968,333856768,24788112,3784568832,6298324992
findling-rss 1791191955,3411795968,333856768,24788920,3784933376,6298324992
findling-rss 1791191957,3411795968,333856768,24786344,3784318976,6298324992
findling-rss 1791191959,3411795968,333856768,24786136,3784773632,6298324992
findling-rss 1791191962,3411795968,333856768,24835208,3785531392,6298324992
findling-rss 1791191964,3411795968,333856768,24783080,3784228864,6298324992
findling-rss 1791191966,3411795968,333856768,24781752,3784048640,6298324992
findling-rss 1791191968,3411795968,333856768,24782368,3783929856,6298324992
findling-rss 1791191970,3411795968,333856768,24782672,3783979008,6298324992
findling-rss 1791191972,3411795968,333856768,24784032,3784093696,6298324992
findling-rss 1791191974,3411795968,333856768,24784104,3783249920,6298324992
findling-rss 1791191976,3411795968,333856768,24787296,3783708672,6298324992
findling-rss 1791191978,3411795968,333856768,24788656,3784265728,6298324992
findling-rss 1791191980,3411795968,333856768,24793728,3784536064,6298324992
findling-rss 1791191982,3411795968,333856768,24794496,3784134656,6298324992
findling-rss 1791191984,3411795968,333856768,24792504,3784548352,6298324992
findling-rss 1791191986,3411795968,333856768,24792944,3783970816,6298324992
findling-rss 1791191988,3411795968,333856768,24792872,3784601600,6298324992
findling-rss 1791191990,3411795968,333856768,24791576,3785031680,6298324992
findling-rss 1791191992,3411795968,333856768,24789168,3785216000,6298324992
findling-rss 1791191994,3411795968,333856768,24791752,3784622080,6298324992
findling-rss 1791191996,3411795968,333856768,24788424,3784192000,6298324992
findling-rss 1791191998,3411795968,333856768,24792128,3784769536,6298324992
findling-rss 1791192000,3413475328,333856768,24842952,3785994240,6298324992
findling-rss 1791192002,3411795968,333856768,24789096,3784355840,6298324992
findling-rss 1791192004,3411795968,333856768,24789912,3784810496,6298324992
findling-rss 1791192006,3411795968,333856768,24791072,3784531968,6298324992
findling-rss 1791192008,3411795968,333856768,24791144,3784921088,6298324992
findling-rss 1791192010,3411795968,333856768,24791760,3784638464,6298324992
findling-rss 1791192012,3411795968,333856768,24792904,3784437760,6298324992
findling-rss 1791192014,3411795968,333856768,24793760,3784138752,6298324992
findling-rss 1791192016,3411795968,333856768,24791552,3784953856,6298324992
findling-rss 1791192018,3411795968,333856768,24791480,3784830976,6298324992
findling-rss 1791192020,3411795968,333856768,24791448,3785109504,6298324992
findling-rss 1791192022,3411795968,333856768,24790088,3785093120,6298324992
findling-rss 1791192024,3411795968,333856768,24788624,3784495104,6298324992
findling-rss 1791192026,3411795968,333856768,24784712,3784105984,6298324992
findling-rss 1791192028,3411795968,333856768,24785632,3784470528,6298324992
findling-rss 1791192030,3411795968,333856768,24784304,3784736768,6298324992
findling-rss 1791192032,3411795968,333856768,24786168,3784597504,6298324992
findling-rss 1791192034,3411795968,333856768,24787096,3783766016,6298324992
findling-rss 1791192036,3411795968,333856768,24786072,3784667136,6298324992
findling-rss 1791192038,3411795968,333856768,24803416,3784941568,6298324992
findling-rss 1791192040,3411795968,333856768,24789112,3784675328,6298324992
findling-rss 1791192042,3411795968,333856768,24785416,3784761344,6298324992
findling-rss 1791192044,3411795968,333856768,24786032,3784331264,6298324992
findling-rss 1791192046,3411795968,333856768,24785832,3784433664,6298324992
findling-rss 1791192048,3411795968,333856768,24787368,3784237056,6298324992
findling-rss 1791192050,3411795968,333856768,24785440,3784794112,6298324992
findling-rss 1791192052,3411795968,333856768,24785248,3784241152,6298324992
findling-rss 1791192054,3411795968,333856768,24786824,3784417280,6298324992
findling-rss 1791192056,3411795968,333856768,24784064,3785011200,6298324992
findling-rss 1791192058,3411795968,333856768,24783520,3784417280,6298324992
findling-rss 1791192060,3411795968,333856768,24785384,3784962048,6298324992
findling-rss 1791192062,3411795968,333856768,24784880,3784638464,6298324992
findling-rss 1791192064,3411795968,333856768,24786240,3784736768,6298324992
findling-rss 1791192066,3411795968,333856768,24783728,3784777728,6298324992
findling-rss 1791192068,3411795968,333856768,24782976,3784331264,6298324992
findling-rss 1791192070,3411795968,333856768,24784680,3784253440,6298324992
findling-rss 1791192072,3411795968,333856768,24781312,3784048640,6298324992
findling-rss 1791192074,3411795968,333856768,24781792,3784781824,6298324992
findling-rss 1791192076,3411795968,333856768,24828368,3786264576,6298324992
findling-rss 1791192078,3411795968,333856768,24783928,3784089600,6298324992
findling-rss 1791192080,3411795968,333856768,24783240,3783999488,6298324992
findling-rss 1791192082,3411795968,333856768,24787616,3784126464,6298324992
findling-rss 1791192084,3411795968,333856768,24785008,3784708096,6298324992
findling-rss 1791192086,3411795968,333856768,24785528,3784859648,6298324992
findling-rss 1791192088,3411795968,333856768,24785152,3784085504,6298324992
findling-rss 1791192090,3411795968,333856768,24790848,3785170944,6298324992
findling-rss 1791192092,3411795968,333856768,24788112,3785388032,6298324992
findling-rss 1791192094,3411795968,333856768,24789264,3784761344,6298324992
findling-rss 1791192096,3412295680,333856768,24792016,3784224768,6298324992
findling-rss 1791192098,3411795968,333856768,24792056,3783839744,6298324992
findling-rss 1791192100,3411795968,333856768,24792672,3785080832,6298324992
findling-rss 1791192102,3411795968,333856768,24789136,3784384512,6298324992
findling-rss 1791192104,3411795968,333856768,24786312,3784314880,6298324992
findling-rss 1791192106,3411795968,333856768,24786824,3784474624,6298324992
findling-rss 1791192108,3411795968,333856768,24786608,3783761920,6298324992
findling-rss 1791192110,3411795968,333856768,24788528,3784343552,6298324992
findling-rss 1791192112,3411795968,333856768,24787536,3784048640,6298324992
findling-rss 1791192114,3411795968,333856768,24802368,3783634944,6298324992
findling-rss 1791192116,3411795968,333856768,24788656,3784491008,6298324992
findling-rss 1791192118,3411795968,333856768,24788352,3783905280,6298324992
findling-rss 1791192120,3411795968,333856768,24789272,3784953856,6298324992
findling-rss 1791192122,3411795968,333856768,24786584,3784556544,6298324992
findling-rss 1791192124,3411795968,333856768,24786992,3784581120,6298324992
findling-rss 1791192126,3411795968,333856768,24786416,3784437760,6298324992
findling-rss 1791192128,3411795968,333856768,24787296,3784282112,6298324992
findling-rss 1791192130,3411795968,333856768,24789400,3784441856,6298324992
findling-rss 1791192132,3411795968,333856768,24789680,3783983104,6298324992
findling-rss 1791192134,3411795968,333856768,24836256,3784376320,6298324992
findling-rss 1791192136,3411795968,333856768,24791480,3784601600,6298324992
findling-rss 1791192138,3411795968,333856768,24789200,3784695808,6298324992
findling-rss 1791192140,3411795968,333856768,24789880,3784916992,6298324992
findling-rss 1791192142,3411795968,333856768,24790968,3784863744,6298324992
findling-rss 1791192144,3411795968,333856768,24785424,3783462912,6298324992
findling-rss 1791192146,3411795968,333856768,24784304,3784069120,6298324992
findling-rss 1791192148,3411795968,333856768,24783520,3784679424,6298324992
findling-rss 1791192150,3411795968,333856768,24782400,3784658944,6298324992
findling-rss 1791192152,3411795968,333856768,24784832,3784777728,6298324992
findling-rss 1791192154,3411795968,333856768,24783456,3784298496,6298324992
findling-rss 1791192156,3411795968,333856768,24784336,3784851456,6298324992
findling-rss 1791192158,3411795968,333856768,24785696,3785150464,6298324992
findling-rss 1791192160,3411795968,333856768,24783344,3784966144,6298324992
findling-rss 1791192162,3411795968,333856768,24783008,3785138176,6298324992
findling-rss 1791192164,3411795968,333856768,24783888,3784417280,6298324992
findling-rss 1791192166,3411795968,333856768,24784984,3784499200,6298324992
findling-rss 1791192168,3411795968,333856768,24785392,3784761344,6298324992
findling-rss 1791192170,3411795968,333856768,24785496,3784843264,6298324992
findling-rss 1791192172,3411795968,333856768,24799008,3784916992,6298324992
findling-rss 1791192174,3411795968,333856768,24780936,3783995392,6298324992
findling-rss 1791192176,3411795968,333856768,24782296,3783946240,6298324992
findling-rss 1791192178,3411795968,333856768,24783728,3783630848,6298324992
findling-rss 1791192180,3411795968,333856768,24784872,3784556544,6298324992
findling-rss 1791192182,3411795968,333856768,24786448,3784970240,6298324992
findling-rss 1791192184,3411795968,333856768,24786280,3784544256,6298324992
findling-rss 1791192186,3411795968,333856768,24786720,3784880128,6298324992
findling-rss 1791192188,3411795968,333856768,24787968,3785158656,6298324992
findling-rss 1791192190,3411795968,333856768,24786984,3784695808,6298324992
findling-rss 1791192192,3411795968,333856768,24787160,3784724480,6298324992
findling-rss 1791192194,3411795968,333856768,24788280,3784237056,6298324992
findling-rss 1791192196,3411795968,333856768,24788552,3784024064,6298324992
findling-rss 1791192198,3411795968,333856768,24789400,3783950336,6298324992
findling-rss 1791192201,3411795968,333856768,24786856,3784450048,6298324992
findling-rss 1791192203,3411795968,333856768,24786080,3784527872,6298324992
findling-rss 1791192205,3411795968,333856768,24782296,3783675904,6298324992
findling-rss 1791192207,3411795968,333856768,24782360,3784753152,6298324992
findling-rss 1791192209,3411795968,333856768,24783216,3785199616,6298324992
findling-rss 1791192211,3411795968,333856768,24784816,3785117696,6298324992
findling-rss 1791192213,3411795968,333856768,24782808,3784957952,6298324992
findling-rss 1791192215,3411795968,333856768,24781752,3784257536,6298324992
findling-rss 1791192217,3411795968,333856768,24785664,3784359936,6298324992
findling-rss 1791192219,3411795968,333856768,24786208,3784638464,6298324992
findling-rss 1791192221,3411795968,333856768,24786040,3784294400,6298324992
findling-rss 1791192223,3411795968,333856768,24786848,3784372224,6298324992
findling-rss 1791192225,3411795968,333856768,24788664,3784548352,6298324992
findling-rss 1791192227,3411795968,333856768,24790048,3784638464,6298324992
findling-rss 1791192229,3411795968,333856768,24789648,3784310784,6298324992
findling-rss 1791192231,3413102592,333856768,24789928,3784482816,6298324992
findling-rss 1791192233,3411795968,333856768,24789576,3784478720,6298324992
findling-rss 1791192235,3411795968,333856768,24786616,3783684096,6298324992
findling-rss 1791192237,3411795968,333856768,24783624,3784142848,6298324992
findling-rss 1791192239,3411795968,333856768,24789200,3784073216,6298324992
findling-rss 1791192241,3411795968,333856768,24790056,3784601600,6298324992
findling-rss 1791192243,3411795968,333856768,24788144,3784867840,6298324992
findling-rss 1791192245,3411795968,333856768,24787904,3783929856,6298324992
findling-rss 1791192247,3411795968,333856768,24787744,3784478720,6298324992
findling-rss 1791192249,3411795968,333856768,24787168,3784331264,6298324992
findling-rss 1791192251,3411795968,333856768,24784920,3784364032,6298324992
findling-rss 1791192253,3411795968,333856768,24786784,3784699904,6298324992
findling-rss 1791192255,3411795968,333856768,24785800,3783888896,6298324992
findling-rss 1791192257,3411795968,333856768,24788888,3784515584,6298324992
findling-rss 1791192259,3411795968,333856768,24787232,3785109504,6298324992
findling-rss 1791192261,3411795968,333856768,24786856,3784855552,6298324992
findling-rss 1791192263,3411795968,333856768,24788480,3785322496,6298324992
findling-rss 1791192265,3411795968,333856768,24784984,3784372224,6298324992
findling-rss 1791192267,3411795968,333856768,24782632,3784495104,6298324992
findling-rss 1791192269,3411795968,333856768,24797512,3784499200,6298324992
findling-rss 1791192271,3411795968,333856768,24786536,3785084928,6298324992
findling-rss 1791192273,3411795968,333856768,24784544,3785142272,6298324992
findling-rss 1791192275,3411795968,333856768,24783248,3784245248,6298324992
findling-rss 1791192277,3411795968,333856768,24784168,3784163328,6298324992
findling-rss 1791192279,3411795968,333856768,24785288,3784339456,6298324992
findling-rss 1791192281,3411795968,333856768,24789888,3784491008,6298324992
findling-rss 1791192283,3411795968,333856768,24791008,3784884224,6298324992
findling-rss 1791192285,3411795968,333856768,24793944,3784839168,6298324992
findling-rss 1791192287,3411795968,333856768,24793488,3784245248,6298324992
findling-rss 1791192289,3413417984,333856768,24795096,3785879552,6298324992
findling-rss 1791192291,3411795968,333856768,24794656,3784740864,6298324992
findling-rss 1791192293,3411795968,333856768,24792424,3784974336,6298324992
findling-rss 1791192295,3411795968,333856768,24785936,3783536640,6298324992
findling-rss 1791192297,3411795968,333856768,24787232,3784806400,6298324992
findling-rss 1791192299,3411795968,333856768,24788592,3784200192,6298324992
findling-rss 1791192301,3411795968,333856768,24784344,3784507392,6298324992
findling-rss 1791192303,3411795968,333856768,24785464,3783999488,6298324992
findling-rss 1791192305,3411795968,333856768,24784488,3784073216,6298324992
findling-rss 1791192307,3411795968,333856768,24785320,3784159232,6298324992
findling-rss 1791192309,3411795968,333856768,24787536,3784151040,6298324992
findling-rss 1791192311,3411795968,333856768,24784104,3784699904,6298324992
findling-rss 1791192313,3411795968,333856768,24785704,3783987200,6298324992
findling-rss 1791192315,3411795968,333856768,24785664,3783958528,6298324992
findling-rss 1791192317,3411795968,333856768,24786072,3784220672,6298324992
findling-rss 1791192319,3411795968,333856768,24788176,3784228864,6298324992
findling-rss 1791192321,3411795968,333856768,24789328,3783970816,6298324992
findling-rss 1791192323,3411795968,333856768,24789704,3784077312,6298324992
findling-rss 1791192325,3411795968,333856768,24789576,3784048640,6298324992
findling-rss 1791192327,3411795968,333856768,24790632,3784634368,6298324992
findling-rss 1791192329,3411795968,333856768,24788080,3784343552,6298324992
findling-rss 1791192331,3411795968,333856768,24787640,3784372224,6298324992
findling-rss 1791192333,3411795968,333856768,24784240,3784396800,6298324992
findling-rss 1791192335,3411795968,333856768,24783248,3784478720,6298324992
findling-rss 1791192337,3411795968,333856768,24783688,3784822784,6298324992
findling-rss 1791192339,3411795968,333856768,24785024,3785199616,6298324992
findling-rss 1791192341,3411795968,333856768,24786168,3784744960,6298324992
findling-rss 1791192343,3411795968,333856768,24790968,3784499200,6298324992
findling-rss 1791192345,3411795968,333856768,24787296,3784249344,6298324992
findling-rss 1791192347,3411795968,333856768,24787976,3784605696,6298324992
findling-rss 1791192349,3411795968,333856768,24787360,3785125888,6298324992
findling-rss 1791192351,3411795968,333856768,24786720,3784642560,6298324992
findling-rss 1791192353,3411795968,333856768,24788560,3784556544,6298324992
findling-rss 1791192355,3411795968,333856768,24784304,3783524352,6298324992
findling-rss 1791192357,3411795968,333856768,24788896,3785027584,6298324992
findling-rss 1791192359,3411795968,333856768,24791240,3784769536,6298324992
findling-rss 1791192361,3411795968,333856768,24790496,3785240576,6298324992
findling-rss 1791192363,3411795968,333856768,24788800,3785400320,6298324992
findling-rss 1791192365,3411795968,333856768,24789680,3784925184,6298324992
findling-rss 1791192367,3411795968,333856768,24785800,3784605696,6298324992
findling-rss 1791192369,3411795968,333856768,24787160,3785211904,6298324992
findling-rss 1791192371,3411795968,333856768,24784288,3785019392,6298324992
findling-rss 1791192373,3411795968,333856768,24783968,3784810496,6298324992
findling-rss 1791192375,3411795968,333856768,24784096,3784540160,6298324992
findling-rss 1791192377,3411795968,333856768,24783456,3785097216,6298324992
findling-rss 1791192379,3411795968,333856768,24781888,3785273344,6298324992
findling-rss 1791192381,3411795968,333856768,24784504,3784871936,6298324992
findling-rss 1791192383,3411795968,333856768,24787896,3785244672,6298324992
findling-rss 1791192385,3411795968,333856768,24782536,3784605696,6298324992
findling-rss 1791192387,3411795968,333856768,24781752,3784040448,6298324992
findling-rss 1791192389,3411795968,333856768,24783592,3785019392,6298324992
findling-rss 1791192391,3411795968,333856768,24784728,3784777728,6298324992
findling-rss 1791192393,3411795968,333856768,24783552,3785105408,6298324992
findling-rss 1791192395,3411795968,333856768,24784952,3783958528,6298324992
findling-rss 1791192397,3411795968,333856768,24787184,3784937472,6298324992
findling-rss 1791192399,3411795968,333856768,24788456,3784568832,6298324992
findling-rss 1791192401,3411795968,333856768,24787264,3784859648,6298324992
findling-rss 1791192403,3411795968,333856768,24786040,3784974336,6298324992
findling-rss 1791192405,3413176320,333856768,24786808,3785617408,6298324992
findling-rss 1791192407,3411795968,333856768,24785560,3784564736,6298324992
findling-rss 1791192409,3411795968,333856768,24786920,3784589312,6298324992
findling-rss 1791192411,3411795968,333856768,24786856,3785060352,6298324992
findling-rss 1791192413,3411795968,333856768,24791808,3784912896,6298324992
findling-rss 1791192415,3411795968,333856768,24786720,3784192000,6298324992
findling-rss 1791192417,3411795968,333856768,24783584,3784581120,6298324992
findling-rss 1791192419,3411795968,333856768,24784288,3785019392,6298324992
findling-rss 1791192421,3411795968,333856768,24779984,3784863744,6298324992
findling-rss 1791192423,3411795968,333856768,24782328,3784859648,6298324992
findling-rss 1791192425,3411795968,333856768,24781016,3783880704,6298324992
findling-rss 1791192427,3411795968,333856768,24782704,3784331264,6298324992
findling-rss 1791192429,3411795968,333856768,24784568,3784925184,6298324992
findling-rss 1791192431,3411795968,333856768,24783792,3784241152,6298324992
findling-rss 1791192433,3411795968,333856768,24786216,3784265728,6298324992
findling-rss 1791192435,3411795968,333856768,24784568,3784663040,6298324992
findling-rss 1791192437,3411795968,333856768,24786168,3784278016,6298324992
findling-rss 1791192439,3411795968,333856768,24785424,3784491008,6298324992
findling-rss 1791192442,3411795968,333856768,24786072,3784241152,6298324992
findling-rss 1791192444,3412127744,333856768,24786512,3783569408,6298324992
findling-rss 1791192446,3411795968,333856768,24784240,3784073216,6298324992
findling-rss 1791192448,3411795968,333856768,24783928,3784200192,6298324992
findling-rss 1791192450,3411795968,333856768,24785528,3785187328,6298324992
findling-rss 1791192452,3411795968,333856768,24783112,3784736768,6298324992
findling-rss 1791192454,3411795968,333856768,24783320,3784974336,6298324992
findling-rss 1791192456,3411795968,333856768,24784200,3784347648,6298324992
findling-rss 1791192458,3411795968,333856768,24788760,3784515584,6298324992
findling-rss 1791192460,3411795968,333856768,24789544,3784916992,6298324992
findling-rss 1791192462,3411795968,333856768,24790192,3784097792,6298324992
findling-rss 1791192464,3411795968,333856768,24790632,3783757824,6298324992
findling-rss 1791192466,3411795968,333856768,24792120,3784814592,6298324992
findling-rss 1791192468,3411795968,333856768,24790016,3784515584,6298324992
findling-rss 1791192470,3411795968,333856768,24788656,3784962048,6298324992
findling-rss 1791192472,3411795968,333856768,24787432,3784667136,6298324992
findling-rss 1791192474,3411795968,333856768,24789848,3784151040,6298324992
findling-rss 1791192476,3411795968,333856768,24787264,3783979008,6298324992
findling-rss 1791192478,3411795968,333856768,24791136,3784183808,6298324992
findling-rss 1791192480,3411795968,333856768,24790240,3785056256,6298324992
findling-rss 1791192482,3411795968,333856768,24806344,3785121792,6298324992
findling-rss 1791192484,3411795968,333856768,24785184,3784880128,6298324992
findling-rss 1791192486,3411795968,333856768,24786848,3785445376,6298324992
findling-rss 1791192488,3411795968,333856768,24785800,3783794688,6298324992
findling-rss 1791192490,3411795968,333856768,24786176,3784466432,6298324992
findling-rss 1791192492,3411795968,333856768,24786616,3783905280,6298324992
findling-rss 1791192494,3411795968,333856768,24787024,3783897088,6298324992
findling-rss 1791192496,3411795968,333856768,24788384,3782709248,6298324992
findling-rss 1791192498,3411795968,333856768,24790464,3784679424,6298324992
findling-rss 1791192500,3411795968,333856768,24786712,3784810496,6298324992
findling-rss 1791192502,3413172224,333856768,24786152,3786133504,6298324992
findling-rss 1791192504,3411795968,333856768,24784544,3784568832,6298324992
findling-rss 1791192506,3411795968,333856768,24781616,3784372224,6298324992
findling-rss 1791192508,3411795968,333856768,24781208,3784073216,6298324992
findling-rss 1791192510,3411795968,333856768,24782368,3784630272,6298324992
findling-rss 1791192512,3411795968,333856768,24783248,3785388032,6298324992
findling-rss 1791192514,3411795968,333856768,24786648,3785031680,6298324992
findling-rss 1791192516,3411795968,333856768,24786448,3784859648,6298324992
findling-rss 1791192518,3411795968,333856768,24787176,3784409088,6298324992
findling-rss 1791192520,3411795968,333856768,24787704,3784826880,6298324992
findling-rss 1791192522,3411795968,333856768,24784744,3784622080,6298324992
findling-rss 1791192524,3411795968,333856768,24786584,3784888320,6298324992
findling-rss 1791192526,3411795968,333856768,24786168,3784998912,6298324992
findling-rss 1791192528,3411795968,333856768,24785152,3784146944,6298324992
findling-rss 1791192530,3411795968,333856768,24786512,3783823360,6298324992
findling-rss 1791192532,3411795968,333856768,24783928,3784556544,6298324992
findling-rss 1791192534,3411795968,333856768,24785768,3784605696,6298324992
findling-rss 1791192536,3411795968,333856768,24781960,3785060352,6298324992
findling-rss 1791192538,3411795968,333856768,24781720,3784843264,6298324992
findling-rss 1791192540,3411795968,333856768,24782944,3784781824,6298324992
findling-rss 1791192542,3411795968,333856768,24781712,3784871936,6298324992
findling-rss 1791192544,3411795968,333856768,24782808,3784925184,6298324992
findling-rss 1791192546,3411795968,333856768,24784408,3784982528,6298324992
findling-rss 1791192548,3411795968,333856768,24783248,3784445952,6298324992
findling-rss 1791192550,3411795968,333856768,24785088,3785064448,6298324992
findling-rss 1791192552,3411795968,333856768,24784336,3784654848,6298324992
findling-rss 1791192554,3411795968,333856768,24786176,3784531968,6298324992
findling-rss 1791192556,3411795968,333856768,24787560,3784728576,6298324992
findling-rss 1791192558,3411795968,333856768,24783448,3784433664,6298324992
findling-rss 1791192560,3411795968,333856768,24831096,3786027008,6298324992
findling-rss 1791192562,3411795968,333856768,24784880,3784769536,6298324992
findling-rss 1791192564,3411795968,333856768,24785528,3784568832,6298324992
findling-rss 1791192566,3411795968,333856768,24782400,3783757824,6298324992
findling-rss 1791192568,3411795968,333856768,24780256,3784470528,6298324992
findling-rss 1791192570,3411795968,333856768,24781144,3784122368,6298324992
findling-rss 1791192572,3411795968,333856768,24780256,3783958528,6298324992
findling-rss 1791192574,3411795968,333856768,24781688,3784269824,6298324992
findling-rss 1791192576,3411795968,333856768,24784032,3785293824,6298324992
findling-rss 1791192578,3411795968,333856768,24787096,3784675328,6298324992
findling-rss 1791192580,3411795968,333856768,24788696,3784216576,6298324992
findling-rss 1791192582,3411795968,333856768,24789576,3784187904,6298324992
findling-rss 1791192584,3411795968,333856768,24791872,3784581120,6298324992
findling-rss 1791192586,3411795968,333856768,24788216,3783708672,6298324992
findling-rss 1791192588,3411795968,333856768,24789776,3784273920,6298324992
findling-rss 1791192590,3411795968,333856768,24790936,3784110080,6298324992
findling-rss 1791192592,3411795968,333856768,24791960,3784765440,6298324992
findling-rss 1791192594,3411795968,333856768,24793344,3784953856,6298324992
findling-rss 1791192596,3411795968,333856768,24792256,3785363456,6298324992
findling-rss 1791192598,3411795968,333856768,24839944,3784658944,6298324992
findling-rss 1791192600,3411795968,333856768,24790360,3785113600,6298324992
findling-rss 1791192602,3411795968,333856768,24791960,3785023488,6298324992
findling-rss 1791192604,3411795968,333856768,24790880,3784364032,6298324992
findling-rss 1791192606,3411795968,333856768,24791408,3785089024,6298324992
findling-rss 1791192608,3411795968,333856768,24787672,3785179136,6298324992
findling-rss 1791192610,3411795968,333856768,24790864,3784437760,6298324992
findling-rss 1791192612,3411795968,333856768,24791528,3784871936,6298324992
findling-rss 1791192614,3411795968,333856768,24789272,3784085504,6298324992
findling-rss 1791192616,3411795968,333856768,24792096,3785039872,6298324992
findling-rss 1791192618,3411795968,333856768,24791816,3784409088,6298324992
findling-rss 1791192620,3411795968,333856768,24789272,3784454144,6298324992
findling-rss 1791192622,3411795968,333856768,24789000,3784495104,6298324992
findling-rss 1791192624,3411795968,333856768,24785632,3785039872,6298324992
findling-rss 1791192626,3411795968,333856768,24784576,3784634368,6298324992
findling-rss 1791192628,3411795968,333856768,24782944,3784380416,6298324992
findling-rss 1791192630,3411795968,333856768,24784272,3785146368,6298324992
findling-rss 1791192632,3411795968,333856768,24785872,3784749056,6298324992
findling-rss 1791192634,3411795968,333856768,24790032,3785191424,6298324992
findling-rss 1791192636,3411795968,333856768,24831984,3786596352,6298324992
findling-rss 1791192638,3411795968,333856768,24784712,3783995392,6298324992
findling-rss 1791192640,3411795968,333856768,24781856,3784232960,6298324992
findling-rss 1791192642,3411795968,333856768,24782776,3784364032,6298324992
findling-rss 1791192644,3411795968,333856768,24781888,3784306688,6298324992
findling-rss 1791192646,3411795968,333856768,24785520,3784589312,6298324992
findling-rss 1791192648,3411795968,333856768,24784608,3784605696,6298324992
findling-rss 1791192650,3411795968,333856768,24786208,3784892416,6298324992
findling-rss 1791192652,3411795968,333856768,24786576,3784093696,6298324992
findling-rss 1791192654,3411795968,333856768,24787368,3784036352,6298324992
findling-rss 1791192656,3411795968,333856768,24781888,3783729152,6298324992
findling-rss 1791192658,3411795968,333856768,24782024,3784261632,6298324992
findling-rss 1791192660,3411795968,333856768,24781584,3783430144,6298324992
findling-rss 1791192662,3411795968,333856768,24782704,3784093696,6298324992
findling-rss 1791192664,3411795968,333856768,24782808,3784863744,6298324992
findling-rss 1791192666,3411795968,333856768,24784888,3784478720,6298324992
findling-rss 1791192668,3411795968,333856768,24786488,3784630272,6298324992
findling-rss 1791192670,3411795968,333856768,24785656,3785277440,6298324992
findling-rss 1791192672,3411795968,333856768,24786616,3784478720,6298324992
findling-rss 1791192674,3411795968,333856768,24801728,3784667136,6298324992
findling-rss 1791192676,3411795968,333856768,24786744,3785146368,6298324992
findling-rss 1791192678,3411795968,333856768,24787600,3784757248,6298324992
findling-rss 1791192680,3411795968,333856768,24786440,3785105408,6298324992
findling-rss 1791192683,3411795968,333856768,24787600,3784683520,6298324992
findling-rss 1791192685,3411795968,333856768,24785712,3783938048,6298324992
findling-rss 1791192687,3411795968,333856768,24780528,3784880128,6298324992
findling-rss 1791192689,3411795968,333856768,24781208,3783700480,6298324992
findling-rss 1791192691,3411795968,333856768,24786872,3784060928,6298324992
findling-rss 1791192693,3411795968,333856768,24783960,3784794112,6298324992
findling-rss 1791192695,3411795968,333856768,24781272,3784884224,6298324992
findling-rss 1791192697,3411795968,333856768,24785088,3784294400,6298324992
findling-rss 1791192699,3411795968,333856768,24786208,3784536064,6298324992
findling-rss 1791192701,3411795968,333856768,24784816,3784708096,6298324992
findling-rss 1791192703,3411795968,333856768,24786176,3784192000,6298324992
findling-rss 1791192705,3411795968,333856768,24787776,3784105984,6298324992
findling-rss 1791192707,3411795968,333856768,24788392,3785011200,6298324992
findling-rss 1791192709,3411795968,333856768,24787704,3784814592,6298324992
findling-rss 1791192711,3411795968,333856768,24790048,3784740864,6298324992
findling-rss 1791192713,3411795968,333856768,24790832,3784994816,6298324992
findling-rss 1791192715,3411795968,333856768,24792008,3784982528,6298324992
findling-rss 1791192717,3411795968,333856768,24783896,3783757824,6298324992
findling-rss 1791192719,3411795968,333856768,24787672,3784589312,6298324992
findling-rss summary samples=1917 max_anon=5896880128 peak=6298324992 events=[low=0 high=0 max=0 oom=0 oom_kill=0 oom_group_kill=0 sock_throttled=0] oom_killed=false
