findling-cpu epoch,usage_usec,box_total_jiffies,box_idle_jiffies,uptime_usec
findling-cpu 1791117110,21369099,8776429,6334371,22017070000
findling-cpu 1791117115,21498354,8778422,6336001,22022080000
findling-cpu 1791117120,21596043,8780418,6337909,22027100000
findling-cpu 1791117125,21705951,8782416,6339860,22032110000
findling-cpu 1791117130,21794152,8784415,6341812,22037120000
findling-cpu 1791117135,21883369,8786412,6343760,22042140000
findling-cpu 1791117140,21997573,8788409,6345687,22047150000
findling-cpu 1791117146,22097384,8790408,6347642,22052160000
findling-cpu 1791117151,22195852,8792404,6349539,22057180000
findling-cpu 1791117156,22278441,8794404,6351499,22062190000
findling-cpu 1791117161,22376610,8796402,6353449,22067200000
findling-cpu 1791117166,22474382,8798400,6355387,22072220000
findling-cpu 1791117171,22586698,8800396,6357305,22077230000
findling-cpu 1791117176,22667028,8802396,6359266,22082240000
findling-cpu 1791117181,22764639,8804392,6361187,22087260000
findling-cpu 1791117186,22873253,8806392,6363126,22092270000
findling-cpu 1791117191,22971966,8808389,6365065,22097290000
findling-cpu 1791117196,23051733,8810387,6367015,22102300000
findling-cpu 1791117201,23164180,8812384,6368934,22107310000
findling-cpu 1791117206,23263195,8814382,6370889,22112330000
findling-cpu 1791117211,23361759,8816380,6372837,22117340000
findling-cpu 1791117216,23449870,8818380,6374776,22122350000
findling-cpu 1791117221,23547523,8820375,6376723,22127370000
findling-cpu 1791117226,23645324,8822371,6378658,22132380000
findling-cpu 1791117231,23758687,8824367,6380574,22137390000
findling-cpu 1791117236,23843413,8826364,6382523,22142410000
findling-cpu 1791117241,23941295,8828364,6384474,22147420000
findling-cpu 1791117246,24050618,8830363,6386413,22152440000
findling-cpu 1791117251,24148601,8832362,6388361,22157450000
findling-cpu 1791117256,24229138,8834358,6390311,22162460000
findling-cpu 1791117261,24341566,8836354,6392233,22167480000
findling-cpu 1791117266,24440341,8838352,6394186,22172490000
findling-cpu 1791117271,24538239,8840349,6396102,22177500000
findling-cpu 1791117276,24628729,8842348,6398042,22182520000
findling-cpu 1791117281,24725487,8844345,6399997,22187530000
findling-cpu 1791117286,24823042,8846342,6401909,22192550000
findling-cpu 1791117291,24935622,8848336,6403828,22197560000
findling-cpu 1791117296,25034199,8850334,6405783,22202570000
findling-cpu 1791117301,25113884,8852332,6407740,22207590000
findling-cpu 1791117306,25221267,8854330,6409679,22212600000
findling-cpu 1791117311,25319223,8856328,6411628,22217610000
findling-cpu 1791117316,25417413,8858322,6413571,22222630000
findling-cpu 1791117321,25511850,8860319,6415497,22227640000
findling-cpu 1791117326,25610009,8862319,6417450,22232650000
findling-cpu 1791117331,25708423,8864317,6419400,22237670000
findling-cpu 1791117336,25815102,8866316,6421341,22242680000
findling-cpu 1791117341,25895438,8868314,6423298,22247700000
findling-cpu 1791117346,25992951,8870309,6425210,22252710000
findling-cpu 1791117351,26105252,8872304,6427126,22257720000
findling-cpu 1791117356,26208635,8874301,6429070,22262740000
findling-cpu 1791117361,26287437,8876300,6431027,22267750000
findling-cpu 1791117366,26394702,8878300,6432966,22272760000
findling-cpu 1791117371,26493375,8880299,6434916,22277780000
findling-cpu 1791117376,26591568,8882296,6436858,22282790000
findling-cpu 1791117381,26686508,8884293,6438782,22287810000
findling-cpu 1791117386,26784648,8886290,6440737,22292820000
findling-cpu 1791117391,26883070,8888288,6442687,22297830000
findling-cpu 1791117396,26990115,8890288,6444627,22302850000
findling-cpu 1791117401,27069812,8892285,6446582,22307860000
findling-cpu 1791117406,27167613,8894282,6448498,22312870000
findling-cpu 1791117411,27280847,8896279,6450414,22317890000
findling-cpu 1791117416,27386894,8898277,6452347,22322900000
findling-cpu 1791117421,27485134,8900272,6454250,22327910000
findling-cpu 1791117426,27575240,8902270,6456195,22332930000
findling-cpu 1791117431,27674270,8904267,6458145,22337940000
findling-cpu 1791117436,27773252,8906264,6460088,22342960000
findling-cpu 1791117441,27886629,8908260,6462004,22347970000
findling-cpu 1791117446,27967603,8910258,6463967,22352980000
findling-cpu 1791117451,28065707,8912256,6465917,22358000000
findling-cpu 1791117456,28172963,8914254,6467856,22363010000
findling-cpu 1791117461,28270919,8916250,6469806,22368020000
findling-cpu 1791117466,28350853,8918247,6471726,22373040000
findling-cpu 1791117471,28463053,8920242,6473643,22378050000
findling-cpu 1791117476,28565520,8922240,6475568,22383060000
findling-cpu 1791117481,28663522,8924239,6477518,22388080000
findling-cpu 1791117486,28754147,8926238,6479463,22393090000
findling-cpu 1791117491,28852365,8928237,6481413,22398110000
findling-cpu 1791117496,28950505,8930234,6483356,22403120000
findling-cpu 1791117501,29063557,8932227,6485273,22408130000
findling-cpu 1791117506,29144265,8934227,6487236,22413150000
findling-cpu 1791117511,29242585,8936227,6489186,22418160000
findling-cpu 1791117517,29349645,8938224,6491124,22423170000
findling-cpu 1791117522,29448111,8940222,6493074,22428190000
findling-cpu 1791117527,29527349,8942220,6495020,22433200000
findling-cpu 1791117532,29641689,8944217,6496909,22438210000
findling-cpu 1791117537,29740382,8946215,6498864,22443230000
findling-cpu 1791117542,29839005,8948214,6500815,22448240000
findling-cpu 1791117547,29928768,8950215,6502761,22453260000
findling-cpu 1791117552,30027036,8952213,6504709,22458270000
findling-cpu 1791117557,30125166,8954210,6506653,22463280000
findling-cpu 1791117562,30238844,8956207,6508569,22468300000
findling-cpu 1791117567,30319440,8958207,6510530,22473310000
findling-cpu 1791117572,30417161,8960206,6512448,22478320000
findling-cpu 1791117577,30524868,8962204,6514386,22483340000
findling-cpu 1791117582,30623065,8964202,6516337,22488350000
findling-cpu 1791117587,30720635,8966197,6518278,22493370000
findling-cpu 1791117592,30815369,8968194,6520173,22498380000
findling-cpu 1791117597,30917583,8970194,6522117,22503390000
findling-cpu 1791117602,31015921,8972189,6524066,22508410000
findling-cpu 1791117607,31123882,8974187,6526003,22513420000
findling-cpu 1791117612,31204458,8976188,6527959,22518430000
findling-cpu 1791117617,31302369,8978184,6529894,22523450000
findling-cpu 1791117622,31417053,8980178,6531789,22528460000
findling-cpu 1791117627,31515684,8982176,6533743,22533480000
findling-cpu 1791117632,31595198,8984177,6535701,22538490000
findling-cpu 1791117637,32867728,8986172,6537434,22543500000
findling-cpu 1791117642,34248071,8988150,6538752,22548520000
findling-cpu 1791117647,35467336,8990129,6540050,22553530000
findling-cpu 1791117652,43271824,8992120,6540945,22558550000
findling-cpu 1791117657,54694464,8994113,6541385,22563580000
findling-cpu 1791117662,65346872,8996106,6541816,22568600000
findling-cpu 1791117667,76061795,8998095,6542250,22573620000
findling-cpu 1791117672,87559363,9000086,6542708,22578640000
findling-cpu 1791117677,98251777,9002074,6543120,22583660000
findling-cpu 1791117682,108906065,9004063,6543556,22588680000
findling-cpu 1791117687,120374398,9006055,6543999,22593690000
findling-cpu 1791117692,131075569,9008040,6544441,22598710000
findling-cpu 1791117697,141753444,9010025,6544882,22603730000
findling-cpu 1791117702,152328961,9012014,6545330,22608760000
findling-cpu 1791117707,163977828,9014008,6545758,22613780000
findling-cpu 1791117712,174726094,9016004,6546156,22618830000
findling-cpu 1791117717,185160193,9017990,6546518,22623850000
findling-cpu 1791117722,196762337,9019980,6546955,22628870000
findling-cpu 1791117727,207541330,9021980,6547389,22633910000
findling-cpu 1791117732,218416715,9023966,6547821,22638930000
findling-cpu 1791117737,229707902,9025955,6548257,22643950000
findling-cpu 1791117742,240398240,9027945,6548692,22648970000
findling-cpu 1791117747,251023253,9029934,6549132,22653990000
findling-cpu 1791117752,261913637,9031924,6549566,22659010000
findling-cpu 1791117757,273403834,9033916,6550017,22664030000
findling-cpu 1791117762,284043908,9035902,6550458,22669050000
findling-cpu 1791117767,294609239,9037884,6550887,22674060000
findling-cpu 1791117772,306281126,9039876,6551300,22679080000
findling-cpu 1791117777,316947764,9041861,6551736,22684100000
findling-cpu 1791117782,327622071,9043848,6552172,22689120000
findling-cpu 1791117787,338349617,9045839,6552614,22694150000
findling-cpu 1791117792,350061012,9047830,6553047,22699160000
findling-cpu 1791117798,360726120,9049817,6553482,22704180000
findling-cpu 1791117803,371297760,9051802,6553917,22709200000
findling-cpu 1791117808,382777767,9053793,6554364,22714220000
findling-cpu 1791117813,393599607,9055789,6554800,22719260000
findling-cpu 1791117818,404207125,9057780,6555250,22724290000
findling-cpu 1791117823,415654918,9059769,6555692,22729310000
findling-cpu 1791117828,426470601,9061758,6556122,22734330000
findling-cpu 1791117833,437238263,9063747,6556537,22739360000
findling-cpu 1791117838,447707105,9065733,6556971,22744370000
findling-cpu 1791117843,459168693,9067725,6557437,22749400000
findling-cpu 1791117848,470013262,9069714,6557862,22754420000
findling-cpu 1791117853,480798204,9071701,6558312,22759440000
findling-cpu 1791117858,492255399,9073692,6558753,22764460000
findling-cpu 1791117863,502930435,9075678,6559187,22769480000
findling-cpu 1791117868,513711106,9077667,6559626,22774500000
findling-cpu 1791117873,524742815,9079666,6560087,22779540000
findling-cpu 1791117878,535992867,9081652,6560474,22784560000
findling-cpu 1791117883,546659999,9083639,6560922,22789580000
findling-cpu 1791117888,557419280,9085626,6561346,22794610000
findling-cpu 1791117893,568978717,9087615,6561780,22799630000
findling-cpu 1791117898,579745607,9089611,6562221,22804660000
findling-cpu 1791117903,590467332,9091597,6562658,22809680000
findling-cpu 1791117908,602108523,9093586,6563088,22814700000
findling-cpu 1791117913,612834621,9095575,6563539,22819730000
findling-cpu 1791117918,623544850,9097562,6563965,22824750000
findling-cpu 1791117923,634494219,9099552,6564377,22829770000
findling-cpu 1791117928,645998622,9101542,6564819,22834790000
findling-cpu 1791117933,656631156,9103530,6565251,22839810000
findling-cpu 1791117938,667376710,9105518,6565674,22844830000
findling-cpu 1791117943,679112991,9107507,6566125,22849850000
findling-cpu 1791117948,689766951,9109492,6566546,22854870000
findling-cpu 1791117953,700449380,9111482,6566948,22859910000
findling-cpu 1791117958,711439007,9113479,6567373,22864940000
findling-cpu 1791117963,724833188,9115476,6567833,22869960000
findling-cpu 1791117968,739159374,9117473,6568303,22874980000
findling-cpu 1791117973,753568566,9119478,6568782,22880000000
findling-cpu 1791117978,768139286,9121479,6569235,22885020000
findling-cpu 1791117983,782431987,9123479,6569698,22890040000
findling-cpu 1791117988,797059558,9125491,6570161,22895070000
findling-cpu 1791117993,811506233,9127491,6570636,22900090000
findling-cpu 1791117998,825924136,9129490,6571091,22905110000
findling-cpu 1791118003,840220094,9131491,6571573,22910120000
findling-cpu 1791118008,854815012,9133491,6572021,22915140000
findling-cpu 1791118013,869179158,9135489,6572475,22920150000
findling-cpu 1791118019,883671591,9137490,6572882,22925170000
findling-cpu 1791118024,895974183,9139485,6573349,22930190000
findling-cpu 1791118029,906657286,9141474,6573781,22935210000
findling-cpu 1791118034,917338027,9143463,6574227,22940240000
findling-cpu 1791118039,928864473,9145450,6574652,22945250000
findling-cpu 1791118044,939505870,9147435,6575093,22950270000
findling-cpu 1791118049,950215689,9149425,6575528,22955300000
findling-cpu 1791118054,961818182,9151416,6575976,22960320000
findling-cpu 1791118059,972666810,9153408,6576413,22965350000
findling-cpu 1791118064,983264610,9155394,6576860,22970370000
findling-cpu 1791118069,994899570,9157384,6577261,22975390000
findling-cpu 1791118074,1005559467,9159371,6577695,22980400000
findling-cpu 1791118079,1016388245,9161356,6578125,22985420000
findling-cpu 1791118084,1026981948,9163342,6578576,22990440000
findling-cpu 1791118089,1038591851,9165332,6579018,22995460000
findling-cpu 1791118094,1049325001,9167320,6579447,23000480000
findling-cpu 1791118099,1060072098,9169308,6579863,23005490000
findling-cpu 1791118104,1071693168,9171298,6580298,23010520000
findling-cpu 1791118109,1082386967,9173289,6580740,23015550000
findling-cpu 1791118114,1094443170,9175280,6581196,23020570000
findling-cpu 1791118119,1108802520,9177284,6581670,23025590000
findling-cpu 1791118124,1123469187,9179287,6582142,23030610000
findling-cpu 1791118129,1137791533,9181293,6582596,23035640000
findling-cpu 1791118134,1152140312,9183297,6583039,23040660000
findling-cpu 1791118139,1166673898,9185299,6583497,23045680000
findling-cpu 1791118144,1181063104,9187301,6583972,23050700000
findling-cpu 1791118149,1195610597,9189302,6584437,23055720000
findling-cpu 1791118154,1210289367,9191304,6584908,23060730000
findling-cpu 1791118159,1224664159,9193303,6585357,23065750000
findling-cpu 1791118164,1239001325,9195305,6585829,23070770000
findling-cpu 1791118169,1253431506,9197307,6586299,23075790000
findling-cpu 1791118174,1267787172,9199307,6586774,23080800000
findling-cpu 1791118179,1282264930,9201306,6587198,23085820000
findling-cpu 1791118184,1296974106,9203308,6587665,23090840000
findling-cpu 1791118189,1311474992,9205309,6588108,23095850000
findling-cpu 1791118194,1325773844,9207311,6588553,23100870000
findling-cpu 1791118199,1340157352,9209313,6588997,23105890000
findling-cpu 1791118204,1354551550,9211314,6589471,23110900000
findling-cpu 1791118209,1368936748,9213314,6589940,23115920000
findling-cpu 1791118214,1383505549,9215314,6590415,23120940000
findling-cpu 1791118219,1397975577,9217317,6590868,23125960000
findling-cpu 1791118224,1412527605,9219320,6591321,23130980000
findling-cpu 1791118229,1426908871,9221325,6591793,23136010000
findling-cpu 1791118234,1441367732,9223326,6592269,23141020000
findling-cpu 1791118239,1455795167,9225328,6592740,23146040000
findling-cpu 1791118244,1470180685,9227331,6593215,23151060000
findling-cpu 1791118249,1484744536,9229331,6593670,23156080000
findling-cpu 1791118254,1499097304,9231332,6594142,23161090000
findling-cpu 1791118259,1513619761,9233334,6594572,23166110000
findling-cpu 1791118264,1528167515,9235335,6595030,23171120000
findling-cpu 1791118269,1542517485,9237335,6595508,23176140000
findling-cpu 1791118274,1556902612,9239336,6595982,23181150000
findling-cpu 1791118280,1571493347,9241337,6596433,23186170000
findling-cpu 1791118285,1585818076,9243341,6596911,23191190000
findling-cpu 1791118290,1600187945,9245342,6597378,23196210000
findling-cpu 1791118295,1614801539,9247344,6597844,23201220000
findling-cpu 1791118300,1629128003,9249344,6598321,23206240000
findling-cpu 1791118305,1643574131,9251344,6598784,23211250000
findling-cpu 1791118310,1658250632,9253344,6599233,23216270000
findling-cpu 1791118315,1672552737,9255344,6599691,23221280000
findling-cpu 1791118320,1686863117,9257343,6600106,23226300000
findling-cpu 1791118325,1701547633,9259345,6600577,23231310000
findling-cpu 1791118330,1715929893,9261345,6601051,23236330000
findling-cpu 1791118335,1730326301,9263348,6601525,23241350000
findling-cpu 1791118340,1744698261,9265348,6601979,23246370000
findling-cpu 1791118345,1759049524,9267349,6602450,23251390000
findling-cpu 1791118350,1773698628,9269352,6602920,23256410000
findling-cpu 1791118355,1788494627,9271352,6603391,23261420000
findling-cpu 1791118360,1803277280,9273357,6603863,23266440000
findling-cpu 1791118365,1817986345,9275357,6604340,23271460000
findling-cpu 1791118370,1832378800,9277360,6604780,23276480000
findling-cpu 1791118375,1846776877,9279361,6605252,23281490000
findling-cpu 1791118380,1861116533,9281364,6605694,23286510000
findling-cpu 1791118385,1875492116,9283365,6606168,23291530000
findling-cpu 1791118390,1890290447,9285366,6606636,23296540000
findling-cpu 1791118395,1904694406,9287366,6607110,23301560000
findling-cpu 1791118400,1919034749,9289367,6607560,23306570000
findling-cpu 1791118405,1933436302,9291366,6608032,23311590000
findling-cpu 1791118410,1947882028,9293366,6608490,23316610000
findling-cpu 1791118415,1962268573,9295369,6608962,23321620000
findling-cpu 1791118420,1976894722,9297372,6609436,23326640000
findling-cpu 1791118425,1991305188,9299375,6609910,23331660000
findling-cpu 1791118430,2005836550,9301375,6610349,23336680000
findling-cpu 1791118435,2020225984,9303380,6610811,23341700000
findling-cpu 1791118440,2034557657,9305381,6611257,23346720000
findling-cpu 1791118445,2048937491,9307382,6611731,23351740000
findling-cpu 1791118450,2063562612,9309387,6612204,23356760000
findling-cpu 1791118455,2078042735,9311387,6612672,23361780000
findling-cpu 1791118460,2092375432,9313386,6613120,23366800000
findling-cpu 1791118465,2106946182,9315388,6613580,23371810000
findling-cpu 1791118470,2121345070,9317388,6614052,23376830000
findling-cpu 1791118475,2135742619,9319388,6614525,23381840000
findling-cpu 1791118480,2150310864,9321393,6614965,23386870000
findling-cpu 1791118485,2164761343,9323400,6615442,23391890000
findling-cpu 1791118490,2179177812,9325399,6615887,23396910000
findling-cpu 1791118495,2193868211,9327403,6616359,23401930000
findling-cpu 1791118500,2208544516,9329404,6616807,23406950000
findling-cpu 1791118505,2223174569,9331405,6617260,23411960000
findling-cpu 1791118510,2237553284,9333401,6617727,23416980000
findling-cpu 1791118515,2252222545,9335405,6618206,23422000000
findling-cpu 1791118520,2266590318,9337407,6618656,23427020000
findling-cpu 1791118525,2280910060,9339408,6619125,23432040000
findling-cpu 1791118530,2295358143,9341409,6619598,23437050000
findling-cpu 1791118535,2309743387,9343413,6620075,23442080000
findling-cpu 1791118540,2324173769,9345417,6620542,23447100000
findling-cpu 1791118545,2338948381,9347419,6621017,23452120000
findling-cpu 1791118550,2353355548,9349416,6621454,23457130000
findling-cpu 1791118555,2367706495,9351418,6621892,23462150000
findling-cpu 1791118561,2382140306,9353420,6622336,23467160000
findling-cpu 1791118566,2396532944,9355421,6622808,23472180000
findling-cpu 1791118571,2410874722,9357423,6623277,23477190000
findling-cpu 1791118576,2425510563,9359425,6623760,23482210000
findling-cpu 1791118581,2440019324,9361426,6624205,23487230000
findling-cpu 1791118586,2454390559,9363425,6624671,23492240000
findling-cpu 1791118591,2468859544,9365426,6625134,23497260000
findling-cpu 1791118596,2483257545,9367428,6625607,23502270000
findling-cpu 1791118601,2497630708,9369429,6626075,23507290000
findling-cpu 1791118606,2512299467,9371430,6626552,23512310000
findling-cpu 1791118611,2526930626,9373432,6627002,23517320000
findling-cpu 1791118616,2541525023,9375433,6627457,23522340000
findling-cpu 1791118621,2555894932,9377435,6627858,23527360000
findling-cpu 1791118626,2570532095,9379436,6628336,23532370000
findling-cpu 1791118631,2584888462,9381437,6628802,23537390000
findling-cpu 1791118636,2599298778,9383438,6629280,23542400000
findling-cpu 1791118641,2613816591,9385437,6629712,23547420000
findling-cpu 1791118646,2628426424,9387437,6630180,23552430000
findling-cpu 1791118651,2643292951,9389439,6630648,23557450000
findling-cpu 1791118656,2657726606,9391441,6631124,23562470000
findling-cpu 1791118661,2672336826,9393444,6631598,23567480000
findling-cpu 1791118666,2686781867,9395444,6632071,23572500000
findling-cpu 1791118671,2701466563,9397443,6632516,23577520000
findling-cpu 1791118676,2716299302,9399447,6632969,23582530000
findling-cpu 1791118681,2730977508,9401447,6633445,23587550000
findling-cpu 1791118686,2745609202,9403450,6633898,23592560000
findling-cpu 1791118691,2760335955,9405451,6634364,23597580000
findling-cpu 1791118696,2775049977,9407453,6634847,23602590000
findling-cpu 1791118701,2789661972,9409453,6635297,23607610000
findling-cpu 1791118706,2801635945,9411451,6636044,23612620000
findling-cpu 1791118711,2811409897,9413454,6637009,23617640000
findling-cpu 1791118716,2821225586,9415454,6637975,23622650000
findling-cpu 1791118721,2831007001,9417453,6638933,23627670000
findling-cpu 1791118726,2840819126,9419452,6639898,23632680000
findling-cpu 1791118731,2850611369,9421451,6640834,23637700000
findling-cpu 1791118736,2860577858,9423448,6641784,23642710000
findling-cpu 1791118741,2870396663,9425448,6642740,23647730000
findling-cpu 1791118746,2880191744,9427449,6643676,23652740000
findling-cpu 1791118751,2889959016,9429447,6644641,23657750000
findling-cpu 1791118756,2894770533,9431447,6646111,23662770000
findling-cpu 1791118761,2894867717,9433443,6648038,23667780000
findling-cpu 1791118766,2897804290,9435439,6649677,23672800000
findling-cpu 1791118771,2902685943,9437439,6651124,23677810000
findling-cpu 1791118776,2907537279,9439437,6652574,23682820000
findling-cpu 1791118781,2912390576,9441434,6654017,23687840000
findling-cpu 1791118786,2920539579,9443434,6655112,23692850000
findling-cpu 1791118791,2925637745,9445434,6656541,23697860000
findling-cpu 1791118796,2930760898,9447434,6657980,23702880000
findling-cpu 1791118801,2935879931,9449433,6659424,23707890000
findling-cpu 1791118806,2940845417,9451432,6660826,23712900000
findling-cpu 1791118811,2945721517,9453428,6662276,23717920000
findling-cpu 1791118816,2952323837,9455427,6663546,23722930000
findling-cpu 1791118821,2958571921,9457425,6664821,23727950000
findling-cpu 1791118826,2963424006,9459420,6666260,23732960000
findling-cpu 1791118831,2968520117,9461421,6667712,23737970000
findling-cpu 1791118836,2975261685,9463419,6668993,23742990000
findling-cpu 1791118841,2980375280,9465419,6670441,23748000000
findling-cpu 1791118846,2985441940,9467420,6671897,23753020000
findling-cpu 1791118851,2990298406,9469417,6673314,23758030000
findling-cpu 1791118856,2995188907,9471415,6674762,23763050000
findling-cpu 1791118861,3000162047,9473415,6676180,23768060000
findling-cpu 1791118866,3008714353,9475416,6677248,23773070000
findling-cpu 1791118871,3013830435,9477414,6678698,23778090000
findling-cpu 1791118876,3018942253,9479415,6680155,23783100000
findling-cpu 1791118881,3024058975,9481411,6681578,23788120000
findling-cpu 1791118886,3029174241,9483409,6683028,23793130000
findling-cpu 1791118891,3034226858,9485408,6684480,23798140000
findling-cpu 1791118896,3040290418,9487406,6685795,23803160000
findling-cpu 1791118902,3045184716,9489405,6687241,23808170000
findling-cpu 1791118907,3050037897,9491404,6688691,23813180000
findling-cpu 1791118912,3056454923,9493400,6689947,23818200000
findling-cpu 1791118917,3062793956,9495399,6691155,23823210000
findling-cpu 1791118922,3067867194,9497396,6692596,23828230000
findling-cpu 1791118927,3072721597,9499397,6694014,23833240000
findling-cpu 1791118932,3081400576,9501393,6695049,23838250000
findling-cpu 1791118937,3086290018,9503392,6696502,23843270000
findling-cpu 1791118942,3091145247,9505389,6697922,23848280000
findling-cpu 1791118947,3099487662,9507388,6698997,23853290000
findling-cpu 1791118952,3104336085,9509385,6700440,23858310000
findling-cpu 1791118957,3109411522,9511387,6701894,23863320000
findling-cpu 1791118962,3114666348,9513384,6703290,23868340000
findling-cpu 1791118967,3121589410,9515383,6704531,23873360000
findling-cpu 1791118972,3126609349,9517378,6705937,23878370000
findling-cpu 1791118977,3131465941,9519377,6707381,23883390000
findling-cpu 1791118982,3138825642,9521376,6708564,23888400000
findling-cpu 1791118987,3143878867,9523376,6709987,23893410000
findling-cpu 1791118992,3148774967,9525376,6711439,23898430000
findling-cpu 1791118997,3156879094,9527374,6712533,23903440000
findling-cpu 1791119002,3161733194,9529371,6713955,23908460000
findling-cpu 1791119007,3166717778,9531370,6715407,23913470000
findling-cpu 1791119012,3173153598,9533368,6716693,23918480000
findling-cpu 1791119017,3178788202,9535369,6718082,23923500000
findling-cpu 1791119022,3183905321,9537367,6719538,23928510000
findling-cpu 1791119027,3189001120,9539368,6720992,23933530000
findling-cpu 1791119032,3194113769,9541362,6722417,23938540000
findling-cpu 1791119037,3199240766,9543361,6723850,23943550000
findling-cpu 1791119042,3204356734,9545360,6725305,23948570000
findling-cpu 1791119047,3209461083,9547357,6726726,23953580000
findling-cpu 1791119052,3214576834,9549358,6728181,23958590000
findling-cpu 1791119057,3219691190,9551357,6729629,23963610000
findling-cpu 1791119062,3224806145,9553356,6731054,23968620000
findling-cpu 1791119067,3229865314,9555356,6732506,23973640000
findling-cpu 1791119072,3234840035,9557354,6733933,23978650000
findling-cpu 1791119077,3241834019,9559351,6735138,23983660000
findling-cpu 1791119082,3246686082,9561350,6736589,23988680000
findling-cpu 1791119087,3251555678,9563348,6738004,23993690000
findling-cpu 1791119092,3258288045,9565345,6739226,23998700000
findling-cpu 1791119097,3263145892,9567343,6740668,24003720000
findling-cpu 1791119102,3268217721,9569342,6742121,24008730000
findling-cpu 1791119107,3276229371,9571340,6743206,24013750000
findling-cpu 1791119112,3281204138,9573339,6744638,24018760000
findling-cpu 1791119117,3286059362,9575334,6746081,24023770000
findling-cpu 1791119122,3292266137,9577331,6747366,24028790000
findling-cpu 1791119127,3299216020,9579331,6748595,24033800000
findling-cpu 1791119132,3304060373,9581329,6750045,24038810000
findling-cpu 1791119137,3309133034,9583331,6751491,24043830000
findling-cpu 1791119142,3317133264,9585330,6752611,24048840000
findling-cpu 1791119147,3321967736,9587329,6754059,24053850000
findling-cpu 1791119152,3326969161,9589324,6755459,24058870000
findling-cpu 1791119157,3334903121,9591324,6756556,24063880000
findling-cpu 1791119162,3339751089,9593321,6758005,24068900000
findling-cpu 1791119167,3344805779,9595320,6759425,24073910000
findling-cpu 1791119172,3350881482,9597320,6760771,24078920000
findling-cpu 1791119177,3356243502,9599319,6762188,24083940000
findling-cpu 1791119182,3361359507,9601316,6763616,24088950000
findling-cpu 1791119187,3366453114,9603316,6765071,24093960000
findling-cpu 1791119192,3371571576,9605318,6766522,24098980000
findling-cpu 1791119197,3376685753,9607316,6767972,24103990000
findling-cpu 1791119202,3381576491,9609313,6769423,24109010000
findling-cpu 1791119207,3387507294,9611313,6770748,24114020000
findling-cpu 1791119212,3392356137,9613309,6772169,24119030000
findling-cpu 1791119217,3397229025,9615306,6773576,24124050000
findling-cpu 1791119222,3405132647,9617307,6774733,24129060000
findling-cpu 1791119227,3410092935,9619306,6776161,24134070000
findling-cpu 1791119232,3414951804,9621305,6777581,24139090000
findling-cpu 1791119237,3422717847,9623304,6778722,24144100000
findling-cpu 1791119242,3427573057,9625297,6780143,24149120000
findling-cpu 1791119247,3432406323,9627297,6781592,24154130000
findling-cpu 1791119252,3439355423,9629296,6782846,24159140000
findling-cpu 1791119257,3444210169,9631295,6784288,24164160000
findling-cpu 1791119263,3449066732,9633294,6785736,24169170000
findling-cpu 1791119268,3454394255,9635294,6787125,24174190000
findling-cpu 1791119273,3461805643,9637291,6788291,24179200000
findling-cpu 1791119278,3466668722,9639290,6789701,24184220000
findling-cpu 1791119283,3471745128,9641291,6791151,24189230000
findling-cpu 1791119288,3479008406,9643289,6792376,24194250000
findling-cpu 1791119293,3484122721,9645288,6793802,24199260000
findling-cpu 1791119298,3488993036,9647285,6795244,24204270000
findling-cpu 1791119303,3495073533,9649282,6796535,24209290000
findling-cpu 1791119308,3499995651,9651280,6797986,24214300000
findling-cpu 1791119313,3504993664,9653279,6799437,24219310000
findling-cpu 1791119318,3512696797,9655277,6800579,24224330000
findling-cpu 1791119323,3517678934,9657277,6802010,24229340000
findling-cpu 1791119328,3522556083,9659274,6803454,24234350000
findling-cpu 1791119333,3527932526,9661268,6804820,24239370000
findling-cpu 1791119338,3535808623,9663269,6805953,24244380000
findling-cpu 1791119343,3540655803,9665267,6807403,24249400000
findling-cpu 1791119348,3545713650,9667265,6808855,24254410000
findling-cpu 1791119353,3553937136,9669264,6809919,24259420000
findling-cpu 1791119358,3559052435,9671263,6811364,24264440000
findling-cpu 1791119363,3564165548,9673262,6812797,24269450000
findling-cpu 1791119368,3570159828,9675259,6814121,24274460000
findling-cpu 1791119373,3575275347,9677259,6815576,24279480000
findling-cpu 1791119378,3580389380,9679259,6817025,24284490000
findling-cpu 1791119383,3585464286,9681259,6818471,24289500000
findling-cpu 1791119388,3590560199,9683257,6819884,24294520000
findling-cpu 1791119393,3595672123,9685254,6821317,24299530000
findling-cpu 1791119398,3602084871,9687251,6822581,24304540000
findling-cpu 1791119403,3607160633,9689252,6824033,24309560000
findling-cpu 1791119408,3611987924,9691249,6825482,24314570000
findling-cpu 1791119413,3617321856,9693249,6826848,24319590000
findling-cpu 1791119418,3624286105,9695247,6828073,24324600000
findling-cpu 1791119423,3629138950,9697244,6829498,24329620000
findling-cpu 1791119428,3633973670,9699243,6830946,24334630000
findling-cpu 1791119433,3642067143,9701240,6832055,24339640000
findling-cpu 1791119438,3647143648,9703239,6833500,24344660000
findling-cpu 1791119443,3652123447,9705237,6834929,24349670000
findling-cpu 1791119448,3659399821,9707236,6836147,24354680000
findling-cpu 1791119453,3664249108,9709232,6837573,24359700000
findling-cpu 1791119458,3669133260,9711229,6839017,24364710000
findling-cpu 1791119463,3675923647,9713227,6840261,24369730000
findling-cpu 1791119468,3682302536,9715225,6841548,24374740000
findling-cpu 1791119473,3687335841,9717222,6842972,24379750000
findling-cpu 1791119478,3692225468,9719223,6844411,24384770000
findling-cpu 1791119483,3700229478,9721218,6845505,24389780000
findling-cpu 1791119488,3705188544,9723217,6846936,24394790000
findling-cpu 1791119493,3710079618,9725216,6848389,24399810000
findling-cpu 1791119498,3718347512,9727210,6849464,24404820000
findling-cpu 1791119503,3723422375,9729210,6850917,24409840000
findling-cpu 1791119508,3728289329,9731208,6852361,24414850000
findling-cpu 1791119513,3734460402,9733205,6853667,24419860000
findling-cpu 1791119518,3739325268,9735204,6855056,24424880000
findling-cpu 1791119523,3744181863,9737203,6856506,24429890000
findling-cpu 1791119528,3749022671,9739204,6857948,24434910000
findling-cpu 1791119533,3757220786,9741204,6859055,24439920000
findling-cpu 1791119538,3762337063,9743203,6860501,24444940000
findling-cpu 1791119543,3767436381,9745201,6861936,24449950000
findling-cpu 1791119548,3773755363,9747200,6863217,24454970000
findling-cpu 1791119553,3778629212,9749198,6864668,24459980000
findling-cpu 1791119558,3783504331,9751198,6866112,24464990000
findling-cpu 1791119563,3791636256,9753195,6867214,24470010000
findling-cpu 1791119568,3796489818,9755193,6868646,24475020000
findling-cpu 1791119573,3801563645,9757190,6870079,24480030000
findling-cpu 1791119578,3807952631,9759187,6871362,24485050000
findling-cpu 1791119583,3813716890,9761189,6872718,24490060000
findling-cpu 1791119588,3818697836,9763187,6874140,24495080000
findling-cpu 1791119593,3823811739,9765186,6875566,24500090000
findling-cpu 1791119598,3830784889,9767184,6876808,24505100000
findling-cpu 1791119603,3835622418,9769181,6878245,24510120000
findling-cpu 1791119608,3840476355,9771178,6879688,24515130000
findling-cpu 1791119613,3848615269,9773177,6880792,24520150000
findling-cpu 1791119618,3853688054,9775174,6882231,24525160000
findling-cpu 1791119624,3858786441,9777177,6883693,24530170000
findling-cpu 1791119629,3863909106,9779174,6885126,24535190000
findling-cpu 1791119634,3869021950,9781172,6886563,24540200000
findling-cpu 1791119639,3874142705,9783170,6887974,24545210000
findling-cpu 1791119644,3879243917,9785170,6889431,24550230000
findling-cpu 1791119649,3884094169,9787168,6890874,24555240000
findling-cpu 1791119654,3888945959,9789167,6892293,24560260000
findling-cpu 1791119659,3897150501,9791163,6893392,24565270000
findling-cpu 1791119664,3902368111,9793159,6894779,24570290000
findling-cpu 1791119669,3907218794,9795157,6896222,24575300000
findling-cpu 1791119674,3912067455,9797156,6897670,24580310000
findling-cpu 1791119679,3920559035,9799156,6898763,24585330000
findling-cpu 1791119684,3925395974,9801155,6900218,24590340000
findling-cpu 1791119689,3930245273,9803152,6901648,24595350000
findling-cpu 1791119694,3937964644,9805148,6902743,24600370000
findling-cpu 1791119699,3942860805,9807145,6904189,24605380000
findling-cpu 1791119704,3947919143,9809146,6905641,24610390000
findling-cpu 1791119709,3954308761,9811144,6906949,24615410000
findling-cpu 1791119714,3959423279,9813143,6908402,24620420000
findling-cpu 1791119719,3964535643,9815141,6909816,24625440000
findling-cpu 1791119724,3969635169,9817139,6911254,24630450000
findling-cpu 1791119729,3974750624,9819140,6912701,24635460000
findling-cpu 1791119734,3979730522,9821138,6914130,24640480000
findling-cpu 1791119739,3986133441,9823138,6915413,24645490000
findling-cpu 1791119744,3991784974,9825136,6916789,24650510000
findling-cpu 1791119749,3996629219,9827133,6918222,24655520000
findling-cpu 1791119754,4001477948,9829131,6919651,24660540000
findling-cpu 1791119759,4009259705,9831127,6920773,24665550000
findling-cpu 1791119764,4014317202,9833126,6922231,24670560000
findling-cpu 1791119769,4019166303,9835126,6923672,24675580000
findling-cpu 1791119774,4027149629,9837125,6924788,24680590000
findling-cpu 1791119779,4032047901,9839122,6926189,24685600000
findling-cpu 1791119784,4037145259,9841122,6927630,24690620000
findling-cpu 1791119789,4043357325,9843121,6928958,24695630000
findling-cpu 1791119794,4048471098,9845120,6930413,24700640000
findling-cpu 1791119799,4053586464,9847119,6931862,24705650000
findling-cpu 1791119804,4058683905,9849120,6933321,24710670000
findling-cpu 1791119809,4063758881,9851120,6934754,24715680000
findling-cpu 1791119814,4068617958,9853118,6936180,24720700000
findling-cpu 1791119819,4075057745,9855116,6937424,24725710000
findling-cpu 1791119824,4080650812,9857114,6938799,24730720000
findling-cpu 1791119829,4085765826,9859114,6940248,24735740000
findling-cpu 1791119834,4090880266,9861115,6941704,24740750000
findling-cpu 1791119839,4097147273,9863111,6942981,24745770000
findling-cpu 1791119844,4102243234,9865109,6944429,24750780000
findling-cpu 1791119849,4107358039,9867107,6945878,24755790000
findling-cpu 1791119854,4112436239,9869105,6947326,24760810000
findling-cpu 1791119859,4117328398,9871103,6948770,24765820000
findling-cpu 1791119864,4122164789,9873104,6950228,24770830000
findling-cpu 1791119869,4129482222,9875101,6951389,24775850000
findling-cpu 1791119874,4134397100,9877097,6952826,24780860000
findling-cpu 1791119879,4139413452,9879096,6954257,24785870000
findling-cpu 1791119884,4147386264,9881096,6955387,24790890000
findling-cpu 1791119889,4152238090,9883095,6956830,24795900000
findling-cpu 1791119894,4157131507,9885093,6958282,24800910000
findling-cpu 1791119899,4163965862,9887093,6959476,24805930000
findling-cpu 1791119904,4170187148,9889091,6960773,24810940000
findling-cpu 1791119909,4175163751,9891090,6962197,24815960000
findling-cpu 1791119914,4180239950,9893090,6963648,24820970000
findling-cpu 1791119919,4188624192,9895091,6964725,24825980000
findling-cpu 1791119924,4193459684,9897092,6966182,24831000000
findling-cpu 1791119929,4198304946,9899087,6967609,24836010000
findling-cpu 1791119934,4206571949,9901086,6968683,24841030000
findling-cpu 1791119939,4211422022,9903084,6970125,24846040000
findling-cpu 1791119944,4216253127,9905084,6971582,24851050000
findling-cpu 1791119949,4222415325,9907084,6972912,24856070000
findling-cpu 1791119954,4229353129,9909082,6974129,24861080000
findling-cpu 1791119959,4234205696,9911078,6975528,24866100000
findling-cpu 1791119964,4239033155,9913077,6976971,24871110000
findling-cpu 1791119969,4246063557,9915076,6978188,24876120000
findling-cpu 1791119974,4250913876,9917072,6979636,24881140000
findling-cpu 1791119979,4255770628,9919071,6981077,24886150000
findling-cpu 1791119985,4263912991,9921072,6982215,24891160000
findling-cpu 1791119990,4268777249,9923067,6983641,24896180000
findling-cpu 1791119995,4273750047,9925062,6985023,24901190000
findling-cpu 1791120000,4280668823,9927062,6986222,24906210000
findling-cpu 1791120005,4286734048,9929061,6987552,24911220000
findling-cpu 1791120010,4291808482,9931060,6988995,24916240000
findling-cpu 1791120015,4296922820,9933061,6990449,24921250000
findling-cpu 1791120020,4302954148,9935057,6991725,24926260000
findling-cpu 1791120025,4307795506,9937055,6993167,24931280000
findling-cpu 1791120030,4312899679,9939052,6994612,24936290000
findling-cpu 1791120035,4320002718,9941052,6995856,24941310000
findling-cpu 1791120040,4324848614,9943050,6997299,24946320000
findling-cpu 1791120045,4329905736,9945049,6998757,24951330000
findling-cpu 1791120050,4337076145,9947045,6999939,24956350000
findling-cpu 1791120055,4342064336,9949039,7001355,24961360000
findling-cpu 1791120060,4346915592,9951037,7002798,24966370000
findling-cpu 1791120065,4354527574,9953037,7003976,24971390000
findling-cpu 1791120070,4359715391,9955035,7005377,24976400000
findling-cpu 1791120075,4364572034,9957034,7006828,24981420000
findling-cpu 1791120080,4369587058,9959033,7008229,24986430000
findling-cpu 1791120085,4377508870,9961029,7009349,24991440000
findling-cpu 1791120090,4382361713,9963030,7010790,24996460000
findling-cpu 1791120095,4387346553,9965028,7012221,25001470000
findling-cpu 1791120100,4395074409,9967028,7013358,25006480000
findling-cpu 1791120105,4399905976,9969028,7014814,25011500000
findling-cpu 1791120110,4404755383,9971026,7016230,25016510000
findling-cpu 1791120115,4411675109,9973020,7017443,25021520000
findling-cpu 1791120120,4416753799,9975019,7018836,25026540000
findling-cpu 1791120125,4421593246,9977017,7020284,25031550000
findling-cpu 1791120130,4427324312,9979014,7021624,25036570000
findling-cpu 1791120135,4435154130,9981015,7022802,25041580000
findling-cpu 1791120140,4440268006,9983013,7024208,25046600000
findling-cpu 1791120145,4445364023,9985011,7025654,25051610000
findling-cpu 1791120150,4450487471,9987010,7027097,25056620000
findling-cpu 1791120155,4455602859,9989008,7028554,25061640000
findling-cpu 1791120160,4460717504,9991009,7030001,25066650000
findling-cpu 1791120165,4465711947,9993008,7031439,25071660000
findling-cpu 1791120170,4470799618,9995006,7032869,25076680000
findling-cpu 1791120175,4475644057,9997005,7034303,25081690000
findling-cpu 1791120180,4483897426,9999001,7035391,25086700000
findling-cpu 1791120185,4488773710,10000999,7036850,25091720000
findling-cpu 1791120190,4493621146,10002998,7038292,25096730000
findling-cpu 1791120195,4501431493,10004996,7039422,25101740000
findling-cpu 1791120200,4506504740,10006993,7040832,25106760000
findling-cpu 1791120205,4511601134,10008993,7042272,25111770000
findling-cpu 1791120210,4516642054,10010993,7043689,25116790000
findling-cpu 1791120215,4522894000,10012992,7044986,25121800000
findling-cpu 1791120220,4527783675,10014989,7046430,25126810000
findling-cpu 1791120225,4532618856,10016987,7047886,25131830000
findling-cpu 1791120230,4541205236,10018985,7048926,25136840000
findling-cpu 1791120235,4546049392,10020982,7050362,25141860000
findling-cpu 1791120240,4551133608,10022981,7051795,25146870000
findling-cpu 1791120245,4559365786,10024980,7052898,25151880000
findling-cpu 1791120250,4564223909,10026980,7054337,25156900000
findling-cpu 1791120255,4569203651,10028978,7055769,25161910000
findling-cpu 1791120260,4575160212,10030979,7057091,25166930000
findling-cpu 1791120265,4581958207,10032979,7058295,25171950000
findling-cpu 1791120270,4586807778,10034976,7059734,25176960000
findling-cpu 1791120275,4591921273,10036976,7061190,25181970000
findling-cpu 1791120280,4599047229,10038976,7062431,25186990000
findling-cpu 1791120285,4603899118,10040972,7063879,25192000000
findling-cpu 1791120290,4608754980,10042968,7065305,25197010000
findling-cpu 1791120295,4616060369,10044965,7066459,25202030000
findling-cpu 1791120300,4621114546,10046966,7067900,25207040000
findling-cpu 1791120305,4626092032,10048962,7069329,25212060000
findling-cpu 1791120310,4633796468,10050961,7070476,25217070000
findling-cpu 1791120315,4638647221,10052958,7071923,25222090000
findling-cpu 1791120320,4643523973,10054958,7073366,25227100000
findling-cpu 1791120325,4648383347,10056952,7074762,25232110000
findling-cpu 1791120330,4656519760,10058954,7075872,25237130000
findling-cpu 1791120335,4661590334,10060953,7077319,25242140000
findling-cpu 1791120340,4666424871,10062953,7078774,25247160000
findling-cpu 1791120346,4674503519,10064952,7079875,25252170000
findling-cpu 1791120351,4679348257,10066947,7081310,25257180000
findling-cpu 1791120356,4684245485,10068945,7082740,25262200000
findling-cpu 1791120361,4692200719,10070944,7083841,25267210000
findling-cpu 1791120366,4697055793,10072941,7085281,25272230000
findling-cpu 1791120371,4701909104,10074942,7086731,25277240000
findling-cpu 1791120376,4706986559,10076941,7088175,25282260000
findling-cpu 1791120381,4714953017,10078941,7089284,25287270000
findling-cpu 1791120386,4719925377,10080936,7090667,25292280000
findling-cpu 1791120391,4724813454,10082937,7092119,25297300000
findling-cpu 1791120396,4732022242,10084936,7093337,25302310000
findling-cpu 1791120401,4736892799,10086935,7094795,25307320000
findling-cpu 1791120406,4741747415,10088932,7096236,25312340000
findling-cpu 1791120411,4749049923,10090932,7097440,25317350000
findling-cpu 1791120416,4753906254,10092923,7098861,25322370000
findling-cpu 1791120421,4758744280,10094923,7100284,25327380000
findling-cpu 1791120426,4765380769,10096923,7101543,25332400000
findling-cpu 1791120431,4771738516,10098927,7102839,25337420000
findling-cpu 1791120436,4776591633,10100926,7104281,25342440000
findling-cpu 1791120441,4781428024,10102921,7105722,25347450000
findling-cpu 1791120446,4789550081,10104918,7106805,25352460000
findling-cpu 1791120451,4794407295,10106918,7108254,25357480000
findling-cpu 1791120456,4799263305,10108918,7109695,25362490000
findling-cpu 1791120461,4807683915,10110917,7110779,25367500000
findling-cpu 1791120466,4812576946,10112914,7112219,25372520000
findling-cpu 1791120471,4817692360,10114915,7113660,25377530000
findling-cpu 1791120476,4824041411,10116914,7114956,25382540000
findling-cpu 1791120481,4829148436,10118914,7116405,25387560000
findling-cpu 1791120486,4834264995,10120911,7117853,25392570000
findling-cpu 1791120491,4839380122,10122910,7119305,25397580000
findling-cpu 1791120496,4844494921,10124911,7120753,25402600000
findling-cpu 1791120501,4849590769,10126910,7122201,25407610000
findling-cpu 1791120506,4854875885,10128906,7123544,25412630000
findling-cpu 1791120511,4861200982,10130907,7124860,25417650000
findling-cpu 1791120516,4866312786,10132906,7126308,25422660000
findling-cpu 1791120521,4871409774,10134905,7127771,25427670000
findling-cpu 1791120526,4876546386,10136905,7129214,25432690000
findling-cpu 1791120531,4881658989,10138905,7130654,25437700000
findling-cpu 1791120536,4886775232,10140902,7132087,25442720000
findling-cpu 1791120541,4891879821,10142903,7133544,25447730000
findling-cpu 1791120546,4896993064,10144902,7134992,25452740000
findling-cpu 1791120551,4902107339,10146902,7136448,25457760000
findling-cpu 1791120556,4907004597,10148900,7137888,25462770000
findling-cpu 1791120561,4911842623,10150897,7139325,25467780000
findling-cpu 1791120566,4916767304,10152895,7140732,25472800000
findling-cpu 1791120571,4925229421,10154894,7141824,25477810000
findling-cpu 1791120576,4930083077,10156893,7143266,25482830000
findling-cpu 1791120581,4934922490,10158892,7144722,25487840000
findling-cpu 1791120586,4943165897,10160892,7145813,25492860000
findling-cpu 1791120591,4948281575,10162891,7147244,25497870000
findling-cpu 1791120596,4953396555,10164889,7148683,25502880000
findling-cpu 1791120601,4958513069,10166888,7150094,25507900000
findling-cpu 1791120606,4963629689,10168886,7151540,25512910000
findling-cpu 1791120611,4968744861,10170886,7152996,25517920000
findling-cpu 1791120616,4973862742,10172886,7154440,25522940000
findling-cpu 1791120621,4978824792,10174883,7155855,25527950000
findling-cpu 1791120626,4983673525,10176882,7157261,25532960000
findling-cpu 1791120631,4989889129,10178881,7158562,25537980000
findling-cpu 1791120636,4996833441,10180879,7159812,25543000000
findling-cpu 1791120641,5001931054,10182878,7161274,25548010000
findling-cpu 1791120646,5007045145,10184877,7162722,25553020000
findling-cpu 1791120651,5012164555,10186876,7164147,25558040000
findling-cpu 1791120656,5017281529,10188873,7165590,25563050000
findling-cpu 1791120661,5022375901,10190875,7167052,25568070000
findling-cpu 1791120666,5027237422,10192875,7168489,25573080000
findling-cpu 1791120671,5032089002,10194873,7169938,25578090000
findling-cpu 1791120676,5036939862,10196872,7171379,25583110000
findling-cpu 1791120681,5045133103,10198869,7172484,25588120000
findling-cpu 1791120686,5050248035,10200867,7173898,25593130000
findling-cpu 1791120691,5055363524,10202866,7175352,25598150000
findling-cpu 1791120696,5060482142,10204865,7176797,25603160000
findling-cpu 1791120702,5065579127,10206866,7178261,25608170000
findling-cpu 1791120707,5070448536,10208864,7179695,25613190000
findling-cpu 1791120712,5077994162,10210859,7180824,25618200000
findling-cpu 1791120717,5082867492,10212855,7181750,25623210000
findling-cpu 1791120722,5087727328,10214851,7183075,25628230000
findling-cpu 1791120727,5094460160,10216853,7184348,25633250000
findling-cpu 1791120732,5099705337,10218851,7185754,25638270000
findling-cpu 1791120737,5104549492,10220849,7187196,25643280000
findling-cpu 1791120742,5109382171,10222845,7188631,25648290000
findling-cpu 1791120747,5117185031,10224845,7189761,25653310000
findling-cpu 1791120752,5122160092,10226844,7191164,25658320000
findling-cpu 1791120757,5126992646,10228842,7192609,25663340000
findling-cpu 1791120762,5134898045,10230843,7193776,25668350000
findling-cpu 1791120767,5139750161,10232840,7195217,25673360000
findling-cpu 1791120772,5144589620,10234837,7196641,25678380000
findling-cpu 1791120777,5152707086,10236837,7197735,25683400000
findling-cpu 1791120782,5157996130,10238843,7199166,25688420000
findling-cpu 1791120787,5162847467,10240842,7200607,25693440000
findling-cpu 1791120792,5167705550,10242839,7202052,25698450000
findling-cpu 1791120797,5174816964,10244837,7203293,25703460000
findling-cpu 1791120802,5179930058,10246835,7204726,25708480000
findling-cpu 1791120807,5184959693,10248832,7206146,25713490000
findling-cpu 1791120812,5191106497,10250829,7207422,25718500000
findling-cpu 1791120817,5195938785,10252827,7208870,25723520000
findling-cpu 1791120822,5201013794,10254828,7210324,25728530000
findling-cpu 1791120827,5208952220,10256825,7211444,25733550000
findling-cpu 1791120832,5213802053,10258822,7212868,25738560000
findling-cpu 1791120837,5218627091,10260820,7214313,25743570000
findling-cpu 1791120842,5226311281,10262816,7215274,25748590000
findling-cpu 1791120847,5231751260,10264818,7216647,25753610000
findling-cpu 1791120852,5236823793,10266816,7218089,25758630000
findling-cpu 1791120857,5241920664,10268816,7219545,25763640000
findling-cpu 1791120862,5248274412,10270816,7220841,25768650000
findling-cpu 1791120867,5253388794,10272814,7222284,25773670000
findling-cpu 1791120872,5258503388,10274814,7223710,25778680000
findling-cpu 1791120877,5263602197,10276815,7225161,25783700000
findling-cpu 1791120882,5268717030,10278814,7226617,25788710000
findling-cpu 1791120887,5273831791,10280814,7228064,25793720000
findling-cpu 1791120892,5278950205,10282809,7229490,25798740000
findling-cpu 1791120897,5283818632,10284807,7230933,25803750000
findling-cpu 1791120902,5288656195,10286805,7232345,25808760000
findling-cpu 1791120907,5296431733,10288802,7233508,25813780000
findling-cpu 1791120912,5301288716,10290800,7234957,25818790000
findling-cpu 1791120917,5306116960,10292797,7236401,25823800000
findling-cpu 1791120922,5313595913,10294795,7237582,25828820000
findling-cpu 1791120927,5318708348,10296793,7239026,25833830000
findling-cpu 1791120932,5323822688,10298791,7240453,25838840000
findling-cpu 1791120937,5328923418,10300789,7241905,25843860000
findling-cpu 1791120942,5334039356,10302789,7243359,25848870000
findling-cpu 1791120947,5338889832,10304788,7244803,25853880000
findling-cpu 1791120952,5346196022,10306784,7245975,25858900000
findling-cpu 1791120957,5351167431,10308782,7247400,25863910000
findling-cpu 1791120962,5356025663,10310780,7248642,25868920000
findling-cpu 1791120967,5360896695,10312776,7250074,25873940000
findling-cpu 1791120972,5368959873,10314779,7251223,25878950000
findling-cpu 1791120977,5373792848,10316778,7252672,25883970000
findling-cpu 1791120982,5378646259,10318770,7254099,25888980000
findling-cpu 1791120987,5386772336,10320769,7255191,25894000000
findling-cpu 1791120992,5391628262,10322768,7256612,25899010000
findling-cpu 1791120997,5396603630,10324767,7258042,25904020000
findling-cpu 1791121002,5404547033,10326766,7259168,25909040000
findling-cpu 1791121007,5409849457,10328765,7260583,25914050000
findling-cpu 1791121012,5414703024,10330761,7262008,25919070000
findling-cpu 1791121017,5419550396,10332759,7263393,25924080000
findling-cpu 1791121022,5426554145,10334759,7264619,25929100000
findling-cpu 1791121027,5431404796,10336756,7266060,25934110000
findling-cpu 1791121032,5436260593,10338755,7267510,25939120000
findling-cpu 1791121037,5444399961,10340753,7268610,25944140000
findling-cpu 1791121042,5449472313,10342750,7270040,25949150000
findling-cpu 1791121048,5454315837,10344746,7271478,25954160000
findling-cpu 1791121053,5461919476,10346744,7272609,25959180000
findling-cpu 1791121058,5466782415,10348744,7274056,25964190000
findling-cpu 1791121063,5471641975,10350742,7275507,25969200000
findling-cpu 1791121068,5477573962,10352741,7276834,25974220000
findling-cpu 1791121073,5484765034,10354735,7278022,25979230000
findling-cpu 1791121078,5489838260,10356733,7279466,25984250000
findling-cpu 1791121083,5494814221,10358731,7280732,25989260000
findling-cpu 1791121088,5502439303,10360728,7281848,25994270000
findling-cpu 1791121093,5507309863,10362727,7283304,25999290000
findling-cpu 1791121098,5512386902,10364727,7284749,26004300000
findling-cpu 1791121103,5519504622,10366722,7285932,26009320000
findling-cpu 1791121108,5524356980,10368719,7287367,26014330000
findling-cpu 1791121113,5529228249,10370718,7288797,26019340000
findling-cpu 1791121118,5536439793,10372715,7289997,26024360000
findling-cpu 1791121123,5542454121,10374716,7291348,26029370000
findling-cpu 1791121128,5547568402,10376716,7292792,26034390000
findling-cpu 1791121133,5552430078,10378713,7294229,26039400000
findling-cpu 1791121138,5559073076,10380710,7295498,26044410000
findling-cpu 1791121143,5564186974,10382711,7296955,26049430000
findling-cpu 1791121148,5569174585,10384709,7298376,26054440000
findling-cpu 1791121153,5575274567,10386707,7299694,26059460000
findling-cpu 1791121158,5580347431,10388708,7301140,26064470000
findling-cpu 1791121163,5585199715,10390706,7302566,26069480000
findling-cpu 1791121168,5593139495,10392702,7303682,26074500000
findling-cpu 1791121173,5597964204,10394700,7305107,26079510000
findling-cpu 1791121178,5602843788,10396700,7306551,26084520000
findling-cpu 1791121183,5610181586,10398698,7307741,26089540000
findling-cpu 1791121188,5615169996,10400696,7309154,26094560000
findling-cpu 1791121193,5620002657,10402693,7310589,26099570000
findling-cpu 1791121198,5625077291,10404692,7312026,26104580000
findling-cpu 1791121203,5633067529,10406690,7313090,26109600000
findling-cpu 1791121208,5637916994,10408686,7314336,26114610000
findling-cpu 1791121213,5642791503,10410685,7315795,26119630000
findling-cpu 1791121218,5650173160,10412682,7316996,26124640000
findling-cpu 1791121223,5655060973,10414678,7318426,26129650000
findling-cpu 1791121228,5659909659,10416679,7319860,26134670000
findling-cpu 1791121233,5666940075,10418680,7321094,26139680000
findling-cpu 1791121238,5671924059,10420679,7322500,26144690000
findling-cpu 1791121243,5676773980,10422677,7323951,26149710000
findling-cpu 1791121248,5683403612,10424677,7325212,26154720000
findling-cpu 1791121253,5689524725,10426673,7326512,26159740000
findling-cpu 1791121258,5694371139,10428669,7327948,26164750000
findling-cpu 1791121263,5699219954,10430668,7329398,26169760000
findling-cpu 1791121268,5707423015,10432668,7330516,26174780000
findling-cpu 1791121273,5712253567,10434665,7331973,26179790000
findling-cpu 1791121278,5717241575,10436664,7333393,26184800000
findling-cpu 1791121283,5725497233,10438664,7334471,26189820000
findling-cpu 1791121288,5730343389,10440659,7335906,26194830000
findling-cpu 1791121293,5735181286,10442659,7337362,26199840000
findling-cpu 1791121298,5741670083,10444658,7338602,26204860000
findling-cpu 1791121303,5748056968,10446658,7339912,26209880000
findling-cpu 1791121308,5752910821,10448655,7341351,26214890000
findling-cpu 1791121313,5757742777,10450651,7342784,26219910000
findling-cpu 1791121318,5764478138,10452647,7343972,26224920000
findling-cpu 1791121323,5769371678,10454645,7345411,26229930000
findling-cpu 1791121328,5774234995,10456642,7346658,26234950000
findling-cpu 1791121333,5782193629,10458641,7347788,26239960000
findling-cpu 1791121338,5787269136,10460640,7349233,26244970000
findling-cpu 1791121343,5792123892,10462635,7350661,26249990000
findling-cpu 1791121348,5799762430,10464634,7351806,26255000000
findling-cpu 1791121353,5804604407,10466633,7353253,26260020000
findling-cpu 1791121358,5809639083,10468629,7354648,26265030000
findling-cpu 1791121363,5814711939,10470629,7356070,26270040000
findling-cpu 1791121368,5822482372,10472627,7357214,26275060000
findling-cpu 1791121373,5827409751,10474626,7358648,26280070000
findling-cpu 1791121378,5832398011,10476626,7360086,26285090000
findling-cpu 1791121383,5840609858,10478623,7361192,26290100000
findling-cpu 1791121388,5845444294,10480622,7362637,26295110000
findling-cpu 1791121393,5850355465,10482624,7364091,26300130000
findling-cpu 1791121398,5857814622,10484624,7365278,26305140000
findling-cpu 1791121403,5862801757,10486621,7366683,26310160000
findling-cpu 1791121409,5867633700,10488617,7368118,26315170000
findling-cpu 1791121414,5873540003,10490620,7369489,26320190000
findling-cpu 1791121419,5879922483,10492619,7370775,26325200000
findling-cpu 1791121424,5885037331,10494620,7372231,26330210000
findling-cpu 1791121429,5890134252,10496619,7373685,26335230000
findling-cpu 1791121434,5895253630,10498617,7375115,26340240000
findling-cpu 1791121439,5900366006,10500614,7376557,26345260000
findling-cpu 1791121444,5905491252,10502615,7377981,26350270000
findling-cpu 1791121449,5910370123,10504612,7379266,26355280000
findling-cpu 1791121454,5915231579,10506612,7380678,26360300000
findling-cpu 1791121459,5920078242,10508609,7382121,26365310000
findling-cpu 1791121464,5928512252,10510606,7383201,26370330000
findling-cpu 1791121469,5933344936,10512604,7384643,26375340000
findling-cpu 1791121474,5938198534,10514605,7386094,26380360000
findling-cpu 1791121479,5945853054,10516604,7387213,26385370000
findling-cpu 1791121484,5950711425,10518603,7388663,26390390000
findling-cpu 1791121489,5955768660,10520603,7390113,26395400000
findling-cpu 1791121494,5962724145,10522599,7391319,26400410000
findling-cpu 1791121499,5967616263,10524598,7392752,26405430000
findling-cpu 1791121504,5972468379,10526594,7394189,26410440000
findling-cpu 1791121509,5977306680,10528596,7395609,26415460000
findling-cpu 1791121514,5985513053,10530593,7396716,26420480000
findling-cpu 1791121519,5990589541,10532593,7398159,26425490000
findling-cpu 1791121524,5995705782,10534590,7399591,26430500000
findling-cpu 1791121529,6002144255,10536592,7400892,26435520000
findling-cpu 1791121534,6007167618,10538589,7402322,26440530000
findling-cpu 1791121539,6012284088,10540588,7403739,26445540000
findling-cpu 1791121544,6018939456,10542588,7405021,26450560000
findling-cpu 1791121549,6023774191,10544588,7406468,26455570000
findling-cpu 1791121554,6028629126,10546582,7407894,26460590000
findling-cpu 1791121559,6036664379,10548580,7409012,26465600000
findling-cpu 1791121564,6041730643,10550579,7410421,26470610000
findling-cpu 1791121569,6046552930,10552580,7411868,26475630000
findling-cpu 1791121574,6051403796,10554577,7413121,26480640000
findling-cpu 1791121579,6059314835,10556574,7414276,26485650000
findling-cpu 1791121584,6064432065,10558571,7415707,26490670000
findling-cpu 1791121589,6069487480,10560570,7417153,26495680000
findling-cpu 1791121594,6075540140,10562569,7418463,26500690000
findling-cpu 1791121599,6080436556,10564568,7419877,26505710000
findling-cpu 1791121604,6085291203,10566565,7421326,26510720000
findling-cpu 1791121609,6092137264,10568562,7422560,26515740000
findling-cpu 1791121614,6097218591,10570556,7423984,26520750000
findling-cpu 1791121619,6102069109,10572553,7425385,26525760000
findling-cpu 1791121624,6109920951,10574552,7426523,26530780000
findling-cpu 1791121629,6114752920,10576551,7427970,26535790000
findling-cpu 1791121634,6119778527,10578547,7429402,26540800000
findling-cpu 1791121639,6124766217,10580549,7430823,26545820000
findling-cpu 1791121644,6132666935,10582546,7431939,26550830000
findling-cpu 1791121649,6137722379,10584545,7433386,26555850000
findling-cpu 1791121654,6142617397,10586544,7434836,26560860000
findling-cpu 1791121659,6150033774,10588542,7436011,26565870000
findling-cpu 1791121664,6155148590,10590543,7437466,26570890000
findling-cpu 1791121669,6160205601,10592542,7438921,26575900000
findling-cpu 1791121674,6166555102,10594541,7440185,26580920000
findling-cpu 1791121679,6171669656,10596540,7441635,26585930000
findling-cpu 1791121684,6176795330,10598539,7443071,26590940000
findling-cpu 1791121689,6181632626,10600538,7444522,26595960000
findling-cpu 1791121694,6186567891,10602534,7445774,26600970000
findling-cpu 1791121699,6191569606,10604533,7447224,26605990000
findling-cpu 1791121704,6199227644,10606528,7448350,26611000000
findling-cpu 1791121709,6204831552,10608527,7449724,26616020000
findling-cpu 1791121714,6209886217,10610526,7451170,26621030000
findling-cpu 1791121719,6214756752,10612526,7452588,26626040000
findling-cpu 1791121724,6222956254,10614524,7453673,26631060000
findling-cpu 1791121729,6227791241,10616523,7455128,26636070000
findling-cpu 1791121734,6232671556,10618518,7456551,26641080000
findling-cpu 1791121739,6240459594,10620514,7457678,26646100000
findling-cpu 1791121744,6245430106,10622514,7459104,26651110000
findling-cpu 1791121749,6250283415,10624513,7460557,26656130000
findling-cpu 1791121754,6257472456,10626511,7461785,26661140000
findling-cpu 1791121759,6262327655,10628509,7463226,26666160000
findling-cpu 1791121765,6267171547,10630504,7464648,26671170000
findling-cpu 1791121770,6272059308,10632506,7466101,26676190000
findling-cpu 1791121775,6280455056,10634503,7467174,26681200000
findling-cpu 1791121780,6285306858,10636503,7468609,26686220000
findling-cpu 1791121785,6290278143,10638502,7470009,26691230000
findling-cpu 1791121790,6298679382,10640501,7471118,26696240000
findling-cpu 1791121795,6303527726,10642498,7472537,26701260000
findling-cpu 1791121800,6308383850,10644496,7473982,26706270000
findling-cpu 1791121805,6315796797,10646492,7475129,26711290000
findling-cpu 1791121810,6321096822,10648493,7476500,26716310000
findling-cpu 1791121815,6325949162,10650490,7477751,26721320000
findling-cpu 1791121820,6330798108,10652488,7479195,26726330000
findling-cpu 1791121825,6339263585,10654486,7480258,26731350000
findling-cpu 1791121830,6344297199,10656485,7481677,26736360000
findling-cpu 1791121835,6349413190,10658485,7483124,26741370000
findling-cpu 1791121840,6355317096,10660485,7484489,26746390000
findling-cpu 1791121845,6360410436,10662482,7485914,26751400000
findling-cpu 1791121850,6365524738,10664484,7487369,26756420000
findling-cpu 1791121855,6370642432,10666478,7488791,26761430000
findling-cpu 1791121860,6375756094,10668476,7490243,26766440000
findling-cpu 1791121865,6380854441,10670476,7491697,26771460000
findling-cpu 1791121870,6385972689,10672474,7493146,26776470000
findling-cpu 1791121875,6391084977,10674473,7494595,26781480000
findling-cpu 1791121880,6396197696,10676472,7496050,26786500000
findling-cpu 1791121885,6401297626,10678468,7497479,26791510000
findling-cpu 1791121890,6406407011,10680466,7498928,26796520000
findling-cpu 1791121895,6411521463,10682466,7500378,26801540000
findling-cpu 1791121900,6416645950,10684465,7501830,26806550000
findling-cpu 1791121905,6421483350,10686462,7503248,26811560000
findling-cpu 1791121910,6426470337,10688460,7504699,26816580000
findling-cpu 1791121915,6433833291,10690458,7505859,26821590000
findling-cpu 1791121920,6438687328,10692455,7507271,26826610000
findling-cpu 1791121925,6443536571,10694453,7508707,26831620000
findling-cpu 1791121930,6450655453,10696451,7509927,26836630000
findling-cpu 1791121935,6456526429,10698448,7511232,26841650000
findling-cpu 1791121940,6461538235,10700444,7512501,26846660000
findling-cpu 1791121945,6466588246,10702442,7513930,26851680000
findling-cpu 1791121950,6474229107,10704441,7515082,26856690000
findling-cpu 1791121955,6479082693,10706438,7516525,26861700000
findling-cpu 1791121960,6483931531,10708435,7517975,26866720000
findling-cpu 1791121965,6491981904,10710433,7519055,26871730000
findling-cpu 1791121970,6496830367,10712433,7520504,26876740000
findling-cpu 1791121975,6501683510,10714431,7521923,26881760000
findling-cpu 1791121980,6508893916,10716429,7523122,26886770000
findling-cpu 1791121985,6515306865,10718430,7524424,26891790000
findling-cpu 1791121990,6520159711,10720427,7525869,26896800000
findling-cpu 1791121995,6525013661,10722424,7527312,26901820000
findling-cpu 1791122000,6532204049,10724421,7528520,26906830000
findling-cpu 1791122005,6537039911,10726416,7529946,26911840000
findling-cpu 1791122010,6541887254,10728414,7531392,26916860000
findling-cpu 1791122015,6549707955,10730413,7532530,26921870000
findling-cpu 1791122020,6554736713,10732416,7533982,26926880000
findling-cpu 1791122025,6559708727,10734413,7535381,26931900000
findling-cpu 1791122030,6567406753,10736412,7536539,26936910000
findling-cpu 1791122035,6572824063,10738408,7537927,26941930000
findling-cpu 1791122040,6577948304,10740407,7539370,26946940000
findling-cpu 1791122045,6583046091,10742410,7540820,26951960000
findling-cpu 1791122050,6588165313,10744408,7542271,26956970000
findling-cpu 1791122055,6593274634,10746409,7543716,26961980000
findling-cpu 1791122060,6598369738,10748407,7544977,26967000000
findling-cpu 1791122065,6603244423,10750403,7546398,26972010000
findling-cpu 1791122070,6608079763,10752404,7547843,26977020000
findling-cpu 1791122075,6612934488,10754401,7549283,26982040000
findling-cpu 1791122080,6621511608,10756401,7550349,26987050000
findling-cpu 1791122085,6626564170,10758400,7551771,26992070000
findling-cpu 1791122090,6631420277,10760401,7553218,26997080000
findling-cpu 1791122095,6639919552,10762397,7554252,27002100000
findling-cpu 1791122100,6644814186,10764395,7555701,27007110000
findling-cpu 1791122105,6649647884,10766393,7557147,27012120000
findling-cpu 1791122110,6656475237,10768390,7558358,27017140000
findling-cpu 1791122115,6662684896,10770390,7559659,27022150000
findling-cpu 1791122121,6667755333,10772388,7561113,27027170000
findling-cpu 1791122126,6672591590,10774387,7562537,27032180000
findling-cpu 1791122131,6680489295,10776384,7563653,27037190000
findling-cpu 1791122136,6685518577,10778382,7565076,27042210000
findling-cpu 1791122141,6690368321,10780380,7566526,27047220000
findling-cpu 1791122146,6697493108,10782377,7567702,27052230000
findling-cpu 1791122151,6702342917,10784375,7569152,27057250000
findling-cpu 1791122156,6707414584,10786370,7570572,27062260000
findling-cpu 1791122161,6714806010,10788373,7571735,27067280000
findling-cpu 1791122166,6720440903,10790374,7573091,27072310000
findling-cpu 1791122171,6725297374,10792373,7574540,27077320000
findling-cpu 1791122176,6730324317,10794370,7575964,27082340000
findling-cpu 1791122181,6738510850,10796367,7576869,27087350000
findling-cpu 1791122186,6743364817,10798362,7578286,27092360000
findling-cpu 1791122191,6748382430,10800363,7579732,27097380000
findling-cpu 1791122196,6756457648,10802362,7580843,27102390000
findling-cpu 1791122201,6761283046,10804360,7582301,27107410000
findling-cpu 1791122206,6766135734,10806359,7583714,27112420000
findling-cpu 1791122211,6773174726,10808359,7584944,27117430000
findling-cpu 1791122216,6779651355,10810353,7586208,27122450000
findling-cpu 1791122221,6784748040,10812352,7587627,27127460000
findling-cpu 1791122226,6789789457,10814348,7589050,27132480000
findling-cpu 1791122231,6795962865,10816346,7590379,27137490000
findling-cpu 1791122236,6800815830,10818347,7591820,27142500000
findling-cpu 1791122241,6805652680,10820344,7593276,27147520000
findling-cpu 1791122246,6813657581,10822339,7594355,27152530000
findling-cpu 1791122251,6818554187,10824339,7595802,27157540000
findling-cpu 1791122256,6823403023,10826335,7597242,27162560000
findling-cpu 1791122261,6830421360,10828336,7598468,27167570000
findling-cpu 1791122266,6835494334,10830334,7599885,27172580000
findling-cpu 1791122271,6840481537,10832332,7601313,27177600000
findling-cpu 1791122276,6846688157,10834326,7602588,27182610000
findling-cpu 1791122281,6853301226,10836327,7603844,27187630000
findling-cpu 1791122286,6858194618,10838324,7605288,27192640000
findling-cpu 1791122291,6863046293,10840322,7606736,27197650000
findling-cpu 1791122296,6870930215,10842317,7607859,27202670000
findling-cpu 1791122301,6875984985,10844316,7609256,27207680000
findling-cpu 1791122306,6880822989,10846314,7610546,27212690000
findling-cpu 1791122311,6889253722,10848311,7611613,27217710000
findling-cpu 1791122316,6894099925,10850308,7613055,27222720000
findling-cpu 1791122321,6898976502,10852309,7614515,27227740000
findling-cpu 1791122326,6905269872,10854305,7615828,27232750000
findling-cpu 1791122331,6911436004,10856305,7617140,27237760000
findling-cpu 1791122336,6916532938,10858302,7618569,27242780000
findling-cpu 1791122341,6921422873,10860302,7620019,27247790000
findling-cpu 1791122346,6927605494,10862299,7621314,27252810000
findling-cpu 1791122351,6932456102,10864297,7622763,27257820000
findling-cpu 1791122356,6937507607,10866296,7624211,27262830000
findling-cpu 1791122361,6945294457,10868294,7625357,27267850000
findling-cpu 1791122366,6950280018,10870293,7626755,27272860000
findling-cpu 1791122371,6955169439,10872293,7628202,27277880000
findling-cpu 1791122376,6963312313,10874292,7629297,27282890000
findling-cpu 1791122381,6968168385,10876292,7630748,27287910000
findling-cpu 1791122386,6973019426,10878288,7632187,27292920000
findling-cpu 1791122391,6978603268,10880288,7633552,27297940000
findling-cpu 1791122396,6986266915,10882287,7634679,27302960000
findling-cpu 1791122401,6991132564,10884284,7636108,27307970000
findling-cpu 1791122406,6996159482,10886284,7637530,27312990000
findling-cpu 1791122411,7003034801,10888280,7638731,27318000000
findling-cpu 1791122416,7007864178,10890277,7640179,27323010000
findling-cpu 1791122421,7012717229,10892274,7641625,27328030000
findling-cpu 1791122426,7021028756,10894269,7642517,27333040000
findling-cpu 1791122431,7025875000,10896266,7643961,27338050000
findling-cpu 1791122436,7030704777,10898264,7645407,27343070000
findling-cpu 1791122441,7036750133,10900264,7646738,27348080000
findling-cpu 1791122446,7044141008,10902264,7647915,27353100000
findling-cpu 1791122451,7048995378,10904261,7649329,27358110000
findling-cpu 1791122456,7053824277,10906257,7650758,27363130000
findling-cpu 1791122461,7062240870,10908256,7651860,27368140000
findling-cpu 1791122466,7067084524,10910255,7653300,27373160000
findling-cpu 1791122472,7072200264,10912254,7654755,27378170000
findling-cpu 1791122477,7079255559,10914252,7655965,27383180000
findling-cpu 1791122482,7084142329,10916252,7657413,27388200000
findling-cpu 1791122487,7088993416,10918251,7658837,27393210000
findling-cpu 1791122492,7095500125,10920251,7660104,27398220000
findling-cpu 1791122497,7101761167,10922247,7661402,27403240000
findling-cpu 1791122502,7106832526,10924245,7662854,27408250000
findling-cpu 1791122507,7111949395,10926246,7664302,27413270000
findling-cpu 1791122512,7117869191,10928243,7665628,27418280000
findling-cpu 1791122517,7122703868,10930241,7667022,27423290000
findling-cpu 1791122522,7127561960,10932239,7668432,27428310000
findling-cpu 1791122527,7134408283,10934238,7669669,27433320000
findling-cpu 1791122532,7139258598,10936237,7671118,27438330000
findling-cpu 1791122537,7144314688,10938235,7672555,27443350000
findling-cpu 1791122542,7151235283,10940235,7673814,27448360000
findling-cpu 1791122547,7156369650,10942228,7675046,27453380000
findling-cpu 1791122552,7161483510,10944227,7676498,27458390000
findling-cpu 1791122557,7166587425,10946225,7677948,27463400000
findling-cpu 1791122562,7171703018,10948226,7679405,27468420000
findling-cpu 1791122567,7176817398,10950225,7680853,27473430000
findling-cpu 1791122572,7181933098,10952222,7682269,27478440000
findling-cpu 1791122577,7187033518,10954224,7683704,27483460000
findling-cpu 1791122582,7192152479,10956226,7685161,27488480000
findling-cpu 1791122587,7197269457,10958227,7686604,27493490000
findling-cpu 1791122592,7202385773,10960227,7688060,27498500000
findling-cpu 1791122597,7207482297,10962230,7689514,27503520000
findling-cpu 1791122602,7212599603,10964229,7690962,27508530000
findling-cpu 1791122607,7217709972,10966226,7692386,27513540000
findling-cpu 1791122612,7222823596,10968223,7693843,27518560000
findling-cpu 1791122617,7227703003,10970222,7695287,27523570000
findling-cpu 1791122622,7232694556,10972222,7696719,27528580000
findling-cpu 1791122627,7237585678,10974220,7698162,27533600000
findling-cpu 1791122632,7245550599,10976217,7699268,27538610000
findling-cpu 1791122637,7250387998,10978212,7700694,27543630000
findling-cpu 1791122642,7255252759,10980211,7702130,27548640000
findling-cpu 1791122647,7260470340,10982213,7703536,27553660000
findling-cpu 1791122652,7268438855,10984213,7704664,27558670000
findling-cpu 1791122657,7273273151,10986214,7706112,27563680000
findling-cpu 1791122662,7278236084,10988212,7707538,27568700000
findling-cpu 1791122667,7286398292,10990207,7708549,27573710000
findling-cpu 1791122672,7291255782,10992204,7709895,27578720000
findling-cpu 1791122677,7296089851,10994203,7711342,27583740000
findling-cpu 1791122682,7304350255,10996202,7712451,27588750000
findling-cpu 1791122687,7309273788,10998201,7713880,27593770000
findling-cpu 1791122692,7314124226,11000198,7715293,27598780000
findling-cpu 1791122697,7318949752,11002194,7716718,27603790000
findling-cpu 1791122702,7327197241,11004192,7717838,27608810000
findling-cpu 1791122707,7332180912,11006192,7719261,27613820000
findling-cpu 1791122712,7337033574,11008190,7720709,27618830000
findling-cpu 1791122717,7344651020,11010189,7721828,27623850000
findling-cpu 1791122722,7349503123,11012186,7723272,27628860000
findling-cpu 1791122727,7354354490,11014184,7724692,27633880000
findling-cpu 1791122732,7361184386,11016181,7725929,27638890000
findling-cpu 1791122737,7366241870,11018180,7727379,27643900000
findling-cpu 1791122742,7371095427,11020177,7728830,27648920000
findling-cpu 1791122747,7377285935,11022176,7730126,27653930000
findling-cpu 1791122752,7383970617,11024173,7731347,27658950000
findling-cpu 1791122757,7388841713,11026168,7732778,27663960000
findling-cpu 1791122762,7393708940,11028167,7734211,27668970000
findling-cpu 1791122767,7401861860,11030164,7735309,27673990000
findling-cpu 1791122772,7406937077,11032163,7736760,27679000000
findling-cpu 1791122777,7411775373,11034160,7738209,27684010000
findling-cpu 1791122782,7419345871,11036159,7739364,27689030000
findling-cpu 1791122787,7424330556,11038158,7740768,27694040000
findling-cpu 1791122792,7429239389,11040155,7742029,27699060000
findling-cpu 1791122797,7435668825,11042155,7743313,27704070000
findling-cpu 1791122802,7441536699,11044158,7744660,27709100000
findling-cpu 1791122807,7446614049,11046157,7746104,27714110000
findling-cpu 1791122812,7451711299,11048154,7747550,27719120000
findling-cpu 1791122817,7458909601,11050149,7748646,27724140000
findling-cpu 1791122822,7463765611,11052149,7750096,27729150000
findling-cpu 1791122828,7468659647,11054148,7751539,27734160000
findling-cpu 1791122833,7475794924,11056148,7752768,27739180000
findling-cpu 1791122838,7480910912,11058147,7754217,27744190000
findling-cpu 1791122843,7486026392,11060147,7755664,27749210000
findling-cpu 1791122848,7491142788,11062144,7757088,27754220000
findling-cpu 1791122853,7496235947,11064144,7758548,27759230000
findling-cpu 1791122858,7501353274,11066143,7760000,27764250000
findling-cpu 1791122863,7506472203,11068143,7761452,27769260000
findling-cpu 1791122868,7511504990,11070139,7762875,27774280000
findling-cpu 1791122873,7516334710,11072138,7764319,27779290000
findling-cpu 1791122878,7523781187,11074135,7765469,27784310000
findling-cpu 1791122883,7528630938,11076133,7766886,27789320000
findling-cpu 1791122888,7533482109,11078131,7768325,27794330000
findling-cpu 1791122893,7539746584,11080131,7769639,27799350000
findling-cpu 1791122898,7546442871,11082132,7770893,27804370000
findling-cpu 1791122903,7551295121,11084130,7772333,27809380000
findling-cpu 1791122908,7556277086,11086129,7773737,27814390000
findling-cpu 1791122913,7564163985,11088126,7774706,27819410000
findling-cpu 1791122918,7569018630,11090123,7776148,27824420000
findling-cpu 1791122923,7573866972,11092123,7777597,27829440000
findling-cpu 1791122928,7581725807,11094119,7778729,27834450000
findling-cpu 1791122933,7586558763,11096117,7780174,27839460000
findling-cpu 1791122938,7591413660,11098115,7781568,27844480000
findling-cpu 1791122943,7598049220,11100114,7782831,27849490000
findling-cpu 1791122948,7604464269,11102113,7784127,27854510000
findling-cpu 1791122953,7609442749,11104115,7785562,27859520000
findling-cpu 1791122958,7614340884,11106112,7787002,27864530000
findling-cpu 1791122963,7621413980,11108111,7788236,27869550000
findling-cpu 1791122968,7626527835,11110109,7789669,27874560000
findling-cpu 1791122973,7631361130,11112110,7791126,27879570000
findling-cpu 1791122978,7637483133,11114108,7792428,27884590000
findling-cpu 1791122983,7642331442,11116108,7793880,27889600000
findling-cpu 1791122988,7647406313,11118107,7795324,27894610000
findling-cpu 1791122993,7655391229,11120104,7796435,27899630000
findling-cpu 1791122998,7660228518,11122101,7797836,27904640000
findling-cpu 1791123003,7665277621,11124098,7799251,27909660000
findling-cpu 1791123008,7671591868,11126096,7800537,27914670000
findling-cpu 1791123013,7678446161,11128097,7801781,27919690000
findling-cpu 1791123018,7683558679,11130095,7803197,27924700000
findling-cpu 1791123023,7688673662,11132093,7804638,27929710000
findling-cpu 1791123028,7694772162,11134091,7805966,27934730000
findling-cpu 1791123033,7699868766,11136091,7807296,27939740000
findling-cpu 1791123038,7704717700,11138087,7808682,27944750000
findling-cpu 1791123043,7710835488,11140084,7809986,27949770000
findling-cpu 1791123048,7715907682,11142082,7811438,27954780000
findling-cpu 1791123053,7720740738,11144080,7812872,27959790000
findling-cpu 1791123058,7728940254,11146076,7813927,27964810000
findling-cpu 1791123063,7733975255,11148075,7815351,27969820000
findling-cpu 1791123068,7738822543,11150072,7816796,27974830000
findling-cpu 1791123073,7745346421,11152070,7818070,27979850000
findling-cpu 1791123078,7751211605,11154067,7819412,27984860000
findling-cpu 1791123083,7756287648,11156064,7820843,27989880000
findling-cpu 1791123088,7761143113,11158063,7822273,27994890000
findling-cpu 1791123093,7768682300,11160060,7823429,27999900000
findling-cpu 1791123098,7773576582,11162060,7824879,28004920000
findling-cpu 1791123103,7778566076,11164058,7826302,28009930000
findling-cpu 1791123108,7785489383,11166057,7827531,28014940000
findling-cpu 1791123113,7790549072,11168057,7828970,28019960000
findling-cpu 1791123118,7795443311,11170052,7830323,28024970000
findling-cpu 1791123123,7802723539,11172048,7831521,28029990000
findling-cpu 1791123128,7807572668,11174048,7832969,28035000000
findling-cpu 1791123133,7812447793,11176047,7834420,28040020000
findling-cpu 1791123138,7818423310,11178050,7835753,28045030000
findling-cpu 1791123143,7825167024,11180048,7836986,28050060000
findling-cpu 1791123148,7830146889,11182045,7838405,28055070000
findling-cpu 1791123153,7835214437,11184046,7839855,28060080000
findling-cpu 1791123158,7843253916,11186043,7840766,28065100000
findling-cpu 1791123163,7848107996,11188040,7842207,28070110000
findling-cpu 1791123168,7852933482,11190039,7843663,28075120000
findling-cpu 1791123173,7860793735,11192032,7844773,28080140000
findling-cpu 1791123178,7865636593,11194031,7846177,28085150000
findling-cpu 1791123184,7870491375,11196030,7847617,28090170000
findling-cpu 1791123189,7876660097,11198031,7848957,28095180000
findling-cpu 1791123194,7883571022,11200030,7850175,28100190000
findling-cpu 1791123199,7888423562,11202028,7851623,28105210000
findling-cpu 1791123204,7893273367,11204024,7853052,28110220000
findling-cpu 1791123209,7900115281,11206023,7854287,28115230000
findling-cpu 1791123214,7904965334,11208021,7855728,28120250000
findling-cpu 1791123219,7909812887,11210018,7857166,28125260000
findling-cpu 1791123224,7918114095,11212016,7858284,28130270000
findling-cpu 1791123229,7923210781,11214016,7859747,28135290000
findling-cpu 1791123234,7928327790,11216012,7861180,28140300000
findling-cpu 1791123239,7933446169,11218011,7862584,28145320000
findling-cpu 1791123244,7938571334,11220009,7864000,28150330000
findling-cpu 1791123249,7943669807,11222009,7865461,28155340000
findling-cpu 1791123254,7948788520,11224009,7866903,28160360000
findling-cpu 1791123259,7953901997,11226009,7868359,28165370000
findling-cpu 1791123264,7959017918,11228007,7869793,28170380000
findling-cpu 1791123269,7964077047,11230008,7871232,28175400000
findling-cpu 1791123274,7968929765,11232005,7872674,28180410000
findling-cpu 1791123279,7973938346,11234001,7873903,28185420000
findling-cpu 1791123284,7980966529,11236002,7875129,28190440000
findling-cpu 1791123289,7987176987,11238002,7876441,28195460000
findling-cpu 1791123294,7992028905,11239999,7877869,28200470000
findling-cpu 1791123299,7997102214,11241996,7879291,28205490000
findling-cpu 1791123304,8005439302,11243994,7880358,28210500000
findling-cpu 1791123309,8010280739,11245993,7881809,28215520000
findling-cpu 1791123314,8015129020,11247993,7883251,28220530000
findling-cpu 1791123319,8023358298,11249989,7884318,28225540000
findling-cpu 1791123324,8028193165,11251988,7885749,28230560000
findling-cpu 1791123329,8033046069,11253987,7887186,28235570000
findling-cpu 1791123334,8039445163,11255985,7888488,28240590000
findling-cpu 1791123339,8044952229,11257985,7889897,28245600000
findling-cpu 1791123344,8050048365,11259985,7891351,28250620000
findling-cpu 1791123349,8055165668,11261986,7892808,28255630000
findling-cpu 1791123354,8060285006,11263984,7894238,28260640000
findling-cpu 1791123359,8065397575,11265983,7895681,28265660000
findling-cpu 1791123364,8070276335,11267978,7897084,28270670000
findling-cpu 1791123369,8076519670,11269979,7898384,28275690000
findling-cpu 1791123374,8081373634,11271976,7899825,28280700000
findling-cpu 1791123379,8086437833,11273975,7901278,28285710000
findling-cpu 1791123384,8094486662,11275972,7902368,28290730000
findling-cpu 1791123389,8099600997,11277970,7903814,28295740000
findling-cpu 1791123394,8104717409,11279969,7905261,28300750000
findling-cpu 1791123399,8109837076,11281970,7906572,28305770000
findling-cpu 1791123404,8114953564,11283968,7907972,28310780000
findling-cpu 1791123409,8120070328,11285967,7909431,28315800000
findling-cpu 1791123414,8125194867,11287964,7910855,28320810000
findling-cpu 1791123419,8130180955,11289962,7912225,28325820000
findling-cpu 1791123424,8135028403,11291958,7913636,28330840000
findling-cpu 1791123429,8142553933,11293960,7914834,28335850000
findling-cpu 1791123434,8147409520,11295957,7916275,28340870000
findling-cpu 1791123439,8152256093,11297954,7917725,28345880000
findling-cpu 1791123444,8159083437,11299954,7918954,28350900000
findling-cpu 1791123449,8165339275,11301957,7920256,28355930000
findling-cpu 1791123454,8170194776,11303954,7921697,28360940000
findling-cpu 1791123459,8175185972,11305953,7923111,28365950000
findling-cpu 1791123464,8183437162,11307953,7924234,28370970000
findling-cpu 1791123469,8188551996,11309954,7925694,28375980000
findling-cpu 1791123474,8193666629,11311951,7927128,28380990000
findling-cpu 1791123479,8198785334,11313951,7928565,28386010000
findling-cpu 1791123484,8203890064,11315951,7929973,28391020000
findling-cpu 1791123489,8209005108,11317952,7931432,28396040000
findling-cpu 1791123494,8214118846,11319949,7932877,28401050000
findling-cpu 1791123499,8219232113,11321948,7934331,28406060000
findling-cpu 1791123504,8224346140,11323947,7935766,28411080000
findling-cpu 1791123509,8229445485,11325945,7937210,28416090000
findling-cpu 1791123514,8234559618,11327943,7938656,28421100000
findling-cpu 1791123519,8239673414,11329942,7940112,28426120000
findling-cpu 1791123524,8244811654,11331938,7941358,28431130000
findling-cpu 1791123529,8249874637,11333937,7942817,28436140000
findling-cpu 1791123534,8254731067,11335933,7944244,28441160000
findling-cpu 1791123540,8262108387,11337930,7945414,28446170000
findling-cpu 1791123545,8266991020,11339930,7946831,28451190000
findling-cpu 1791123550,8271840214,11341930,7948285,28456200000
findling-cpu 1791123555,8278910578,11343927,7949488,28461220000
findling-cpu 1791123560,8284804722,11345926,7950848,28466230000
findling-cpu 1791123565,8289686835,11347925,7952281,28471250000
findling-cpu 1791123570,8294681174,11349922,7953696,28476260000
findling-cpu 1791123575,8301469261,11351920,7954932,28481270000
findling-cpu 1791123580,8306363767,11353917,7956383,28486290000
findling-cpu 1791123585,8311197152,11355915,7957830,28491300000
findling-cpu 1791123590,8318934927,11357913,7958980,28496310000
findling-cpu 1791123595,8323786408,11359911,7960408,28501330000
findling-cpu 1791123600,8328858136,11361909,7961848,28506340000
findling-cpu 1791123605,8336850111,11363906,7962902,28511350000
findling-cpu 1791123610,8341849335,11365903,7964325,28516370000
findling-cpu 1791123615,8346735823,11367903,7965770,28521380000
findling-cpu 1791123620,8352038042,11369901,7967134,28526400000
findling-cpu 1791123625,8359443263,11371896,7968303,28531410000
findling-cpu 1791123630,8364285819,11373895,7969740,28536430000
findling-cpu 1791123635,8369363032,11375894,7971185,28541440000
findling-cpu 1791123640,8377719325,11377892,7972272,28546450000
findling-cpu 1791123645,8382837249,11379891,7973534,28551470000
findling-cpu 1791123650,8387952194,11381891,7974988,28556480000
findling-cpu 1791123655,8393075342,11383888,7976415,28561490000
findling-cpu 1791123660,8398190623,11385888,7977857,28566510000
findling-cpu 1791123665,8403287497,11387887,7979279,28571520000
findling-cpu 1791123670,8408405955,11389887,7980731,28576540000
findling-cpu 1791123675,8413262905,11391888,7982173,28581550000
findling-cpu 1791123680,8418235819,11393885,7983605,28586560000
findling-cpu 1791123685,8425709271,11395884,7984785,28591580000
findling-cpu 1791123690,8430554513,11397882,7986223,28596590000
findling-cpu 1791123695,8435402744,11399881,7987665,28601610000
findling-cpu 1791123700,8441319018,11401882,7989009,28606620000
findling-cpu 1791123705,8448021078,11403881,7990263,28611630000
findling-cpu 1791123710,8452878683,11405879,7991713,28616650000
findling-cpu 1791123715,8457737520,11407877,7993136,28621660000
findling-cpu 1791123720,8465897040,11409874,7994215,28626680000
findling-cpu 1791123725,8470902428,11411873,7995599,28631690000
findling-cpu 1791123730,8475760214,11413871,7997048,28636700000
findling-cpu 1791123735,8483799785,11415869,7998165,28641720000
findling-cpu 1791123740,8488874278,11417868,7999613,28646730000
findling-cpu 1791123745,8493967627,11419864,8001054,28651740000
findling-cpu 1791123750,8499079408,11421864,8002494,28656760000
findling-cpu 1791123755,8504195144,11423862,8003941,28661770000
findling-cpu 1791123760,8509303799,11425862,8005397,28666780000
findling-cpu 1791123765,8514412243,11427861,8006668,28671800000
findling-cpu 1791123770,8519317414,11429858,8008103,28676820000
findling-cpu 1791123775,8524170760,11431852,8009531,28681830000
findling-cpu 1791123780,8530393509,11433854,8010822,28686840000
findling-cpu 1791123785,8537764769,11435852,8011991,28691860000
findling-cpu 1791123790,8542881500,11437850,8013445,28696870000
findling-cpu 1791123795,8547994657,11439849,8014893,28701890000
findling-cpu 1791123800,8553112769,11441849,8016345,28706900000
findling-cpu 1791123805,8558209521,11443848,8017782,28711910000
findling-cpu 1791123810,8563328472,11445850,8019231,28716930000
findling-cpu 1791123815,8568445119,11447850,8020675,28721950000
findling-cpu 1791123820,8573299364,11449848,8022123,28726960000
findling-cpu 1791123825,8578278832,11451848,8023553,28731970000
findling-cpu 1791123830,8586801811,11453845,8024617,28736990000
findling-cpu 1791123835,8591654317,11455842,8026037,28742000000
findling-cpu 1791123840,8596504075,11457841,8027482,28747010000
findling-cpu 1791123845,8603643503,11459837,8028673,28752030000
findling-cpu 1791123850,8608719907,11461838,8030098,28757040000
findling-cpu 1791123855,8613572367,11463837,8031540,28762060000
findling-cpu 1791123860,8619371394,11465834,8032886,28767070000
findling-cpu 1791123865,8626395673,11467832,8034086,28772090000
findling-cpu 1791123870,8631508548,11469831,8035536,28777100000
findling-cpu 1791123875,8636623471,11471830,8036982,28782110000
findling-cpu 1791123880,8642700071,11473829,8038299,28787130000
findling-cpu 1791123885,8647533753,11475825,8039727,28792140000
findling-cpu 1791123890,8652619162,11477826,8041007,28797150000
findling-cpu 1791123896,8660844381,11479823,8042074,28802170000
findling-cpu 1791123901,8665698845,11481820,8043519,28807180000
findling-cpu 1791123906,8670526568,11483818,8044965,28812190000
findling-cpu 1791123911,8678258274,11485818,8046094,28817210000
findling-cpu 1791123916,8683880002,11487817,8047449,28822230000
findling-cpu 1791123921,8688732644,11489815,8048899,28827250000
findling-cpu 1791123926,8693787671,11491810,8050294,28832260000
findling-cpu 1791123931,8700805558,11493810,8051542,28837270000
findling-cpu 1791123936,8705697402,11495809,8052981,28842290000
findling-cpu 1791123941,8710812568,11497809,8054437,28847300000
findling-cpu 1791123946,8716985126,11499809,8055772,28852310000
findling-cpu 1791123951,8722021059,11501808,8057224,28857330000
findling-cpu 1791123956,8727137626,11503804,8058649,28862340000
findling-cpu 1791123961,8732256019,11505802,8060097,28867350000
findling-cpu 1791123966,8737359577,11507800,8061518,28872370000
findling-cpu 1791123971,8742472529,11509800,8062944,28877380000
findling-cpu 1791123976,8747374203,11511798,8064383,28882400000
findling-cpu 1791123981,8752228013,11513797,8065834,28887410000
findling-cpu 1791123986,8757070380,11515796,8067259,28892420000
findling-cpu 1791123991,8765513820,11517797,8068344,28897440000
findling-cpu 1791123996,8770493405,11519798,8069787,28902450000
findling-cpu 1791124001,8775491568,11521796,8071215,28907460000
findling-cpu 1791124006,8782675306,11523795,8072428,28912480000
findling-cpu 1791124011,8788495435,11525791,8073582,28917490000
findling-cpu 1791124016,8793359344,11527785,8074994,28922510000
findling-cpu 1791124021,8798211007,11529784,8076407,28927520000
findling-cpu 1791124026,8806865788,11531786,8077486,28932530000
findling-cpu 1791124031,8811719162,11533781,8078905,28937550000
findling-cpu 1791124036,8816563632,11535781,8080346,28942560000
findling-cpu 1791124041,8824949753,11537780,8081427,28947570000
findling-cpu 1791124046,8829780063,11539775,8082853,28952590000
findling-cpu 1791124051,8834633433,11541774,8084297,28957600000
findling-cpu 1791124056,8840976229,11543770,8085581,28962620000
findling-cpu 1791124061,8847473467,11545773,8086872,28967630000
findling-cpu 1791124066,8852570173,11547774,8088326,28972650000
findling-cpu 1791124071,8857685673,11549772,8089780,28977660000
findling-cpu 1791124076,8862800985,11551766,8091201,28982680000
findling-cpu 1791124081,8867912763,11553766,8092654,28987690000
findling-cpu 1791124086,8873020244,11555767,8094094,28992700000
findling-cpu 1791124091,8878138729,11557765,8095514,28997720000
findling-cpu 1791124096,8882991536,11559762,8096955,29002730000
findling-cpu 1791124101,8887847525,11561759,8098405,29007740000
findling-cpu 1791124106,8895226058,11563756,8099567,29012760000
findling-cpu 1791124111,8900216648,11565752,8100987,29017770000
findling-cpu 1791124116,8905290454,11567751,8102430,29022780000
findling-cpu 1791124121,8912629027,11569750,8103652,29027800000
findling-cpu 1791124126,8917459979,11571748,8105100,29032810000
findling-cpu 1791124131,8922368812,11573745,8106352,29037820000
findling-cpu 1791124136,8930260973,11575741,8107451,29042840000
findling-cpu 1791124141,8935293917,11577740,8108872,29047850000
findling-cpu 1791124146,8940291625,11579738,8110322,29052870000
findling-cpu 1791124151,8945180625,11581738,8111742,29057880000
findling-cpu 1791124156,8953062601,11583737,8112860,29062890000
findling-cpu 1791124161,8958075761,11585735,8114299,29067910000
findling-cpu 1791124166,8963146051,11587733,8115726,29072920000
findling-cpu 1791124171,8970365354,11589731,8116921,29077940000
findling-cpu 1791124176,8975220023,11591726,8118360,29082950000
findling-cpu 1791124181,8980061654,11593727,8119816,29087960000
findling-cpu 1791124186,8988104279,11595727,8120933,29092980000
findling-cpu 1791124191,8992956370,11597726,8122380,29097990000
findling-cpu 1791124196,8997792880,11599722,8123801,29103010000
findling-cpu 1791124201,9003329393,11601721,8125201,29108020000
findling-cpu 1791124206,9011266256,11603717,8126299,29113030000
findling-cpu 1791124211,9016117774,11605717,8127716,29118050000
findling-cpu 1791124216,9020968462,11607717,8129158,29123060000
findling-cpu 1791124221,9029370555,11609717,8130240,29128080000
findling-cpu 1791124226,9034221853,11611717,8131626,29133090000
findling-cpu 1791124231,9039070581,11613713,8133069,29138100000
findling-cpu 1791124236,9046152333,11615711,8134300,29143120000
findling-cpu 1791124241,9050986202,11617711,8135754,29148130000
findling-cpu 1791124246,9055986859,11619709,8137172,29153140000
findling-cpu 1791124251,9061388113,11621708,8138498,29158170000
findling-cpu 1791124257,9069339112,11623712,8139487,29163190000
findling-cpu 1791124262,9074437849,11625712,8140945,29168210000
findling-cpu 1791124267,9079288854,11627710,8142385,29173220000
findling-cpu 1791124272,9086787290,11629707,8143515,29178240000
findling-cpu 1791124277,9091678383,11631705,8144960,29183250000
findling-cpu 1791124282,9096515796,11633704,8146412,29188260000
findling-cpu 1791124287,9103373560,11635700,8147620,29193280000
findling-cpu 1791124292,9108449015,11637700,8149066,29198290000
findling-cpu 1791124297,9113443394,11639698,8150485,29203300000
findling-cpu 1791124302,9119976942,11641697,8151765,29208320000
findling-cpu 1791124307,9126064271,11643695,8153080,29213330000
findling-cpu 1791124312,9130937613,11645695,8154529,29218350000
findling-cpu 1791124317,9135795141,11647689,8155908,29223360000
findling-cpu 1791124322,9144015260,11649689,8157007,29228370000
findling-cpu 1791124327,9149095171,11651688,8158421,29233390000
findling-cpu 1791124332,9153938353,11653684,8159837,29238400000
findling-cpu 1791124337,9161719543,11655683,8160969,29243420000
findling-cpu 1791124342,9166556789,11657684,8162423,29248430000
findling-cpu 1791124347,9171450307,11659680,8163844,29253440000
findling-cpu 1791124352,9178422263,11661679,8165068,29258460000
findling-cpu 1791124357,9184185639,11663680,8166415,29263470000
findling-cpu 1791124362,9189262910,11665679,8167872,29268490000
findling-cpu 1791124367,9194107724,11667677,8169314,29273500000
findling-cpu 1791124372,9202293949,11669676,8170401,29278520000
findling-cpu 1791124377,9207411933,11671671,8171642,29283530000
findling-cpu 1791124382,9212436688,11673671,8173065,29288550000
findling-cpu 1791124387,9218923394,11675671,8174364,29293560000
findling-cpu 1791124392,9223771583,11677670,8175804,29298570000
findling-cpu 1791124397,9228603395,11679666,8177231,29303590000
findling-cpu 1791124402,9237094831,11681667,8178299,29308600000
findling-cpu 1791124407,9242211905,11683663,8179729,29313620000
findling-cpu 1791124412,9247284228,11685660,8181169,29318630000
findling-cpu 1791124417,9252119521,11687660,8182622,29323640000
findling-cpu 1791124422,9258346990,11689656,8183913,29328660000
findling-cpu 1791124427,9263243827,11691657,8185364,29333670000
findling-cpu 1791124432,9268246869,11693652,8186783,29338690000
findling-cpu 1791124437,9275854324,11695648,8187928,29343700000
findling-cpu 1791124442,9280930075,11697649,8189368,29348710000
findling-cpu 1791124447,9285788413,11699649,8190804,29353730000
findling-cpu 1791124452,9294226208,11701646,8191871,29358740000
findling-cpu 1791124457,9299052573,11703645,8193299,29363760000
findling-cpu 1791124462,9303947384,11705644,8194741,29368770000
findling-cpu 1791124467,9310391287,11707641,8196004,29373780000
findling-cpu 1791124472,9316830132,11709637,8197269,29378800000
findling-cpu 1791124477,9321886266,11711637,8198729,29383810000
findling-cpu 1791124482,9326737116,11713635,8200171,29388830000
findling-cpu 1791124487,9335283172,11715633,8201227,29393840000
findling-cpu 1791124492,9340134482,11717631,8202666,29398850000
findling-cpu 1791124497,9345019998,11719627,8203907,29403870000
findling-cpu 1791124502,9353038192,11721623,8205001,29408880000
findling-cpu 1791124507,9357888274,11723619,8206449,29413890000
findling-cpu 1791124512,9362955125,11725619,8207890,29418910000
findling-cpu 1791124517,9368743055,11727618,8209212,29423930000
findling-cpu 1791124522,9374836435,11729617,8210523,29428940000
findling-cpu 1791124527,9379724657,11731614,8211919,29433950000
findling-cpu 1791124532,9384575569,11733612,8213357,29438970000
findling-cpu 1791124537,9392653587,11735611,8214475,29443990000
findling-cpu 1791124542,9397504197,11737608,8215918,29449000000
findling-cpu 1791124547,9402579828,11739609,8217371,29454010000
findling-cpu 1791124552,9410225327,11741606,8218521,29459030000
findling-cpu 1791124557,9415338704,11743607,8219957,29464040000
findling-cpu 1791124562,9420452666,11745608,8221401,29469060000
findling-cpu 1791124567,9425456822,11747606,8222813,29474070000
findling-cpu 1791124572,9430525308,11749604,8224261,29479080000
findling-cpu 1791124577,9435378320,11751604,8225683,29484100000
findling-cpu 1791124582,9442455217,11753601,8226893,29489110000
findling-cpu 1791124587,9448517020,11755597,8228193,29494130000
findling-cpu 1791124592,9453382640,11757596,8229638,29499140000
findling-cpu 1791124597,9458234529,11759595,8231088,29504160000
findling-cpu 1791124603,9466671311,11761592,8232156,29509170000
findling-cpu 1791124608,9471746112,11763592,8233608,29514180000
findling-cpu 1791124613,9476721917,11765589,8235033,29519200000
findling-cpu 1791124618,9484743705,11767586,8236018,29524210000
findling-cpu 1791124623,9489645327,11769584,8237330,29529220000
findling-cpu 1791124628,9494489319,11771584,8238777,29534240000
findling-cpu 1791124633,9500782553,11773585,8240069,29539250000
findling-cpu 1791124638,9507222940,11775584,8241322,29544270000
findling-cpu 1791124643,9512298873,11777582,8242767,29549280000
findling-cpu 1791124648,9517155185,11779580,8244194,29554290000
findling-cpu 1791124653,9525151385,11781578,8245293,29559310000
findling-cpu 1791124658,9530045848,11783578,8246745,29564320000
findling-cpu 1791124663,9534900126,11785578,8248186,29569330000
findling-cpu 1791124668,9543199413,11787575,8249267,29574350000
findling-cpu 1791124673,9548257085,11789573,8250718,29579360000
findling-cpu 1791124678,9553110088,11791570,8252145,29584370000
findling-cpu 1791124683,9558967230,11793567,8253479,29589390000
findling-cpu 1791124688,9565149061,11795566,8254791,29594400000
findling-cpu 1791124693,9570246868,11797566,8256245,29599420000
findling-cpu 1791124698,9575321194,11799568,8257666,29604430000
findling-cpu 1791124703,9580186971,11801566,8259102,29609440000
findling-cpu 1791124708,9585192983,11803563,8260510,29614460000
findling-cpu 1791124713,9590068525,11805560,8261957,29619470000
findling-cpu 1791124718,9598364903,11807559,8263047,29624480000
findling-cpu 1791124723,9603218645,11809558,8264490,29629500000
findling-cpu 1791124728,9608059511,11811558,8265940,29634510000
findling-cpu 1791124733,9616477014,11813553,8267036,29639520000
findling-cpu 1791124738,9621592283,11815550,8268467,29644540000
findling-cpu 1791124743,9626491159,11817545,8269711,29649550000
findling-cpu 1791124748,9632947649,11819544,8271022,29654560000
findling-cpu 1791124753,9638013995,11821546,8272471,29659580000
findling-cpu 1791124758,9642912220,11823543,8273893,29664600000
findling-cpu 1791124763,9648025671,11825541,8275294,29669610000
findling-cpu 1791124768,9654704130,11827538,8276532,29674630000
findling-cpu 1791124773,9659777638,11829538,8277976,29679640000
findling-cpu 1791124778,9664626900,11831537,8279426,29684660000
findling-cpu 1791124783,9672338907,11833535,8280569,29689670000
findling-cpu 1791124788,9677164830,11835534,8282025,29694680000
findling-cpu 1791124793,9682062931,11837530,8283469,29699700000
findling-cpu 1791124798,9690043200,11839527,8284560,29704710000
findling-cpu 1791124803,9695046215,11841526,8285974,29709730000
findling-cpu 1791124808,9700082819,11843523,8287420,29714740000
findling-cpu 1791124813,9706401996,11845522,8288708,29719760000
findling-cpu 1791124818,9712043213,11847521,8290043,29724770000
findling-cpu 1791124823,9716885196,11849518,8291482,29729780000
findling-cpu 1791124828,9721760949,11851514,8292917,29734800000
findling-cpu 1791124833,9729481303,11853512,8294018,29739810000
findling-cpu 1791124838,9734338149,11855512,8295464,29744830000
findling-cpu 1791124843,9739452429,11857510,8296910,29749840000
findling-cpu 1791124848,9746464246,11859511,8298167,29754850000
findling-cpu 1791124853,9751580519,11861510,8299614,29759870000
findling-cpu 1791124858,9756566393,11863507,8301024,29764880000
findling-cpu 1791124863,9762801213,11865501,8302109,29769890000
findling-cpu 1791124868,9767637768,11867497,8303566,29774910000
findling-cpu 1791124873,9772706373,11869497,8305008,29779920000
findling-cpu 1791124878,9780111781,11871498,8306209,29784940000
findling-cpu 1791124883,9785415643,11873499,8307621,29789960000
findling-cpu 1791124888,9790282458,11875500,8309059,29794970000
findling-cpu 1791124893,9795359172,11877498,8310497,29799990000
findling-cpu 1791124898,9802638736,11879495,8311681,29805000000
findling-cpu 1791124903,9807494237,11881495,8313121,29810010000
findling-cpu 1791124908,9812325528,11883494,8314578,29815030000
findling-cpu 1791124913,9819571906,11885492,8315764,29820040000
findling-cpu 1791124918,9824437967,11887486,8317134,29825060000
findling-cpu 1791124923,9829273045,11889483,8318572,29830070000
findling-cpu 1791124928,9837673975,11891483,8319673,29835080000
findling-cpu 1791124933,9842531339,11893481,8321114,29840100000
findling-cpu 1791124938,9847386038,11895480,8322563,29845110000
findling-cpu 1791124943,9853257648,11897477,8323866,29850130000
findling-cpu 1791124948,9859941537,11899475,8325116,29855140000
findling-cpu 1791124953,9864939811,11901473,8326529,29860150000
findling-cpu 1791124959,9870054338,11903471,8327984,29865170000
findling-cpu 1791124964,9876942256,11905471,8329213,29870180000
findling-cpu 1791124969,9881981873,11907471,8330671,29875190000
findling-cpu 1791124974,9886878002,11909468,8332109,29880210000
findling-cpu 1791124979,9894340645,11911466,8333294,29885220000
findling-cpu 1791124984,9899454524,11913463,8334640,29890240000
findling-cpu 1791124989,9904379197,11915462,8336000,29895250000
findling-cpu 1791124994,9910573391,11917463,8337311,29900260000
findling-cpu 1791124999,9915426074,11919462,8338761,29905280000
findling-cpu 1791125004,9920275399,11921460,8340172,29910290000
findling-cpu 1791125009,9927141216,11923458,8341401,29915310000
findling-cpu 1791125014,9933493733,11925456,8342674,29920320000
findling-cpu 1791125019,9938344336,11927453,8344124,29925340000
findling-cpu 1791125024,9943179611,11929452,8345569,29930350000
findling-cpu 1791125029,9951588747,11931451,8346678,29935360000
findling-cpu 1791125034,9956445152,11933449,8348119,29940380000
findling-cpu 1791125039,9961303051,11935444,8349545,29945390000
findling-cpu 1791125044,9969799211,11937442,8350607,29950400000
findling-cpu 1791125049,9974702644,11939441,8352025,29955420000
findling-cpu 1791125054,9979697663,11941440,8353447,29960430000
findling-cpu 1791125059,9985629989,11943439,8354781,29965450000
findling-cpu 1791125064,9992789298,11945439,8355979,29970460000
findling-cpu 1791125069,9997640739,11947436,8357406,29975470000
findling-cpu 1791125074,10002484158,11949432,8358841,29980490000
findling-cpu 1791125079,10010493706,11951430,8359959,29985500000
findling-cpu 1791125084,10015321159,11953429,8361408,29990520000
findling-cpu 1791125089,10020175495,11955430,8362857,29995530000
findling-cpu 1791125094,10027211413,11957426,8364059,30000540000
findling-cpu 1791125099,10032297429,11959423,8365489,30005560000
findling-cpu 1791125104,10037134795,11961422,8366932,30010570000
findling-cpu 1791125109,10043940915,11963419,8367980,30015590000
findling-cpu 1791125114,10050304251,11965418,8369297,30020600000
findling-cpu 1791125119,10055418206,11967417,8370750,30025610000
findling-cpu 1791125124,10060513904,11969417,8372173,30030630000
findling-cpu 1791125129,10065633332,11971416,8373604,30035640000
findling-cpu 1791125134,10070745567,11973416,8375012,30040650000
findling-cpu 1791125139,10075861263,11975414,8376467,30045670000
findling-cpu 1791125144,10080959141,11977412,8377917,30050680000
findling-cpu 1791125149,10085848447,11979411,8379367,30055700000
findling-cpu 1791125154,10090699407,11981406,8380808,30060710000
findling-cpu 1791125159,10097787266,11983405,8381999,30065720000
findling-cpu 1791125164,10102638067,11985403,8383444,30070740000
findling-cpu 1791125169,10107702428,11987400,8384882,30075750000
findling-cpu 1791125174,10115905484,11989398,8385958,30080760000
findling-cpu 1791125179,10121019467,11991396,8387413,30085780000
findling-cpu 1791125184,10125889561,11993396,8388833,30090790000
findling-cpu 1791125189,10132476050,11995394,8390102,30095800000
findling-cpu 1791125194,10137325754,11997390,8391538,30100820000
findling-cpu 1791125199,10142182989,11999388,8392987,30105830000
findling-cpu 1791125204,10148167552,12001387,8394313,30110850000
findling-cpu 1791125209,10155320013,12003388,8395532,30115860000
findling-cpu 1791125214,10160177518,12005385,8396965,30120870000
findling-cpu 1791125219,10165190518,12007380,8398334,30125890000
findling-cpu 1791125224,10173375736,12009381,8399454,30130900000
findling-cpu 1791125229,10178239155,12011375,8400699,30135910000
findling-cpu 1791125234,10183086561,12013373,8402140,30140930000
findling-cpu 1791125239,10190910474,12015372,8403285,30145940000
findling-cpu 1791125244,10195806298,12017370,8404699,30150960000
findling-cpu 1791125249,10200654707,12019364,8406125,30155970000
findling-cpu 1791125254,10206607284,12021361,8407445,30160990000
findling-cpu 1791125259,10213623037,12023362,8408692,30166010000
findling-cpu 1791125264,10218624850,12025361,8410129,30171020000
findling-cpu 1791125269,10223481978,12027359,8411577,30176030000
findling-cpu 1791125274,10231870254,12029360,8412636,30181050000
findling-cpu 1791125279,10236742319,12031358,8414073,30186060000
findling-cpu 1791125284,10241591995,12033354,8415509,30191070000
findling-cpu 1791125289,10249814925,12035350,8416585,30196090000
findling-cpu 1791125294,10254843662,12037350,8418030,30201100000
findling-cpu 1791125299,10259723159,12039351,8419486,30206110000
findling-cpu 1791125304,10265157265,12041352,8420866,30211130000
findling-cpu 1791125309,10271044671,12043352,8422215,30216150000
findling-cpu 1791125314,10276039073,12045349,8423627,30221160000
findling-cpu 1791125320,10280912173,12047350,8425086,30226170000
findling-cpu 1791125325,10287720323,12049347,8426318,30231190000
findling-cpu 1791125330,10292574033,12051347,8427766,30236200000
findling-cpu 1791125335,10297422165,12053345,8429206,30241210000
findling-cpu 1791125340,10305722620,12055343,8430311,30246230000
findling-cpu 1791125345,10310797129,12057340,8431751,30251240000
findling-cpu 1791125350,10315649005,12059338,8433075,30256260000
findling-cpu 1791125355,10322727923,12061336,8434214,30261270000
findling-cpu 1791125360,10327826268,12063337,8435675,30266280000
findling-cpu 1791125365,10332940610,12065334,8437092,30271300000
findling-cpu 1791125370,10338057285,12067334,8438522,30276310000
findling-cpu 1791125375,10343171657,12069331,8439966,30281320000
findling-cpu 1791125380,10348230904,12071331,8441424,30286340000
findling-cpu 1791125385,10354436637,12073330,8442727,30291350000
findling-cpu 1791125390,10359546206,12075330,8444138,30296370000
findling-cpu 1791125395,10364661697,12077327,8445584,30301380000
findling-cpu 1791125400,10369758064,12079324,8447023,30306400000
findling-cpu 1791125405,10375955779,12081323,8448344,30311410000
findling-cpu 1791125410,10381081519,12083322,8449763,30316420000
findling-cpu 1791125415,10386195365,12085321,8451212,30321440000
findling-cpu 1791125420,10391043509,12087320,8452659,30326450000
findling-cpu 1791125425,10395892238,12089318,8454099,30331460000
findling-cpu 1791125430,10400903340,12091316,8455501,30336480000
findling-cpu 1791125435,10409191188,12093314,8456554,30341490000
findling-cpu 1791125440,10414059614,12095316,8458006,30346510000
findling-cpu 1791125445,10419174366,12097314,8459454,30351520000
findling-cpu 1791125450,10425332018,12099314,8460792,30356530000
findling-cpu 1791125455,10430446892,12101312,8462238,30361550000
findling-cpu 1791125460,10435542278,12103309,8463678,30366560000
findling-cpu 1791125465,10440661287,12105308,8465116,30371570000
findling-cpu 1791125470,10445774661,12107309,8466569,30376590000
findling-cpu 1791125475,10450907035,12109307,8467825,30381600000
findling-cpu 1791125480,10455975264,12111306,8469280,30386610000
findling-cpu 1791125485,10460824801,12113301,8470719,30391630000
findling-cpu 1791125490,10465815415,12115297,8472095,30396640000
findling-cpu 1791125495,10474234247,12117297,8473170,30401650000
findling-cpu 1791125500,10479066614,12119298,8474625,30406670000
findling-cpu 1791125505,10483920730,12121295,8476066,30411680000
findling-cpu 1791125510,10488771353,12123294,8477512,30416700000
findling-cpu 1791125515,10497126136,12125292,8478592,30421710000
findling-cpu 1791125520,10502013361,12127286,8479943,30426720000
findling-cpu 1791125525,10506925447,12129282,8481340,30431740000
findling-cpu 1791125530,10515283935,12131274,8482354,30436750000
findling-cpu 1791125535,10520203906,12133275,8483753,30441770000
findling-cpu 1791125540,10525098221,12135273,8485168,30446790000
findling-cpu 1791125545,10532294155,12137270,8486335,30451800000
findling-cpu 1791125550,10537453869,12139268,8487703,30456810000
findling-cpu 1791125555,10542610437,12141269,8489104,30461830000
findling-cpu 1791125560,10547776656,12143267,8490515,30466840000
findling-cpu 1791125565,10552950564,12145265,8491899,30471850000
findling-cpu 1791125570,10558066164,12147263,8493353,30476870000
findling-cpu 1791125575,10563532684,12149262,8494734,30481880000
findling-cpu 1791125580,10569121258,12151262,8496110,30486900000
findling-cpu 1791125585,10573963859,12153257,8497546,30491910000
findling-cpu 1791125590,10578818565,12155257,8498991,30496930000
findling-cpu 1791125595,10585471469,12157254,8500051,30501940000
findling-cpu 1791125600,10590520472,12159257,8501480,30506950000
findling-cpu 1791125605,10595376794,12161254,8502917,30511970000
findling-cpu 1791125610,10603627699,12163249,8503962,30516980000
findling-cpu 1791125615,10608683617,12165248,8505411,30521990000
findling-cpu 1791125620,10613538973,12167246,8506858,30527010000
findling-cpu 1791125625,10621733704,12169244,8507952,30532020000
findling-cpu 1791125630,10626583280,12171242,8509400,30537040000
findling-cpu 1791125635,10631460544,12173239,8510847,30542050000
findling-cpu 1791125640,10636666831,12175237,8512229,30547060000
findling-cpu 1791125645,10644427173,12177234,8513369,30552080000
findling-cpu 1791125650,10649513523,12179234,8514807,30557090000
findling-cpu 1791125655,10654349050,12181231,8516258,30562100000
findling-cpu 1791125660,10662302595,12183230,8517381,30567120000
findling-cpu 1791125665,10667194419,12185231,8518813,30572130000
findling-cpu 1791125670,10672310396,12187229,8520216,30577150000
findling-cpu 1791125675,10678506735,12189228,8521550,30582160000
findling-cpu 1791125681,10683622705,12191226,8522997,30587170000
findling-cpu 1791125686,10688736360,12193227,8524453,30592190000
findling-cpu 1791125691,10693855231,12195227,8525896,30597200000
findling-cpu 1791125696,10698950839,12197227,8527352,30602210000
findling-cpu 1791125701,10704059074,12199225,8528782,30607230000
findling-cpu 1791125706,10709176959,12201224,8530227,30612240000
findling-cpu 1791125711,10714292487,12203223,8531672,30617260000
findling-cpu 1791125716,10719392169,12205223,8532977,30622270000
findling-cpu 1791125721,10724534943,12207225,8534383,30627290000
findling-cpu 1791125726,10729616154,12209223,8535831,30632310000
findling-cpu 1791125731,10734504678,12211219,8537225,30637320000
findling-cpu 1791125736,10741437706,12213218,8538453,30642340000
findling-cpu 1791125741,10746437391,12215215,8539841,30647350000
findling-cpu 1791125746,10751427640,12217216,8541294,30652360000
findling-cpu 1791125751,10756561618,12219215,8542706,30657380000
findling-cpu 1791125756,10763067380,12221212,8543980,30662390000
findling-cpu 1791125761,10767911214,12223208,8545404,30667410000
findling-cpu 1791125766,10772801564,12225207,8546849,30672420000
findling-cpu 1791125771,10781465709,12227206,8547891,30677430000
findling-cpu 1791125776,10786520953,12229206,8549350,30682450000
findling-cpu 1791125781,10791413408,12231205,8550787,30687460000
findling-cpu 1791125786,10797859618,12233203,8552093,30692470000
findling-cpu 1791125791,10802975798,12235202,8553490,30697490000
findling-cpu 1791125796,10808071843,12237201,8554948,30702500000
findling-cpu 1791125801,10813194629,12239202,8556390,30707510000
findling-cpu 1791125806,10818309941,12241203,8557847,30712530000
findling-cpu 1791125811,10823165955,12243201,8559286,30717540000
findling-cpu 1791125816,10829524765,12245199,8560599,30722560000
findling-cpu 1791125821,10834507584,12247198,8561970,30727570000
findling-cpu 1791125826,10839382611,12249195,8563415,30732580000
findling-cpu 1791125831,10845754813,12251194,8564694,30737600000
findling-cpu 1791125836,10852178950,12253191,8565994,30742610000
findling-cpu 1791125841,10857114482,12255191,8567229,30747630000
findling-cpu 1791125846,10861988799,12257187,8568674,30752640000
findling-cpu 1791125851,10870008339,12259183,8569743,30757650000
findling-cpu 1791125856,10875050871,12261185,8571197,30762670000
findling-cpu 1791125861,10880073716,12263183,8572619,30767680000
findling-cpu 1791125866,10888301322,12265184,8573717,30772690000
findling-cpu 1791125871,10893192202,12267183,8575157,30777710000
findling-cpu 1791125876,10898111070,12269182,8576611,30782720000
findling-cpu 1791125881,10904485455,12271179,8577880,30787740000
findling-cpu 1791125886,10911552814,12273181,8579102,30792750000
findling-cpu 1791125891,10916639345,12275182,8580533,30797760000
findling-cpu 1791125896,10921549851,12277180,8581990,30802780000
findling-cpu 1791125901,10925738730,12279179,8583496,30807790000
findling-cpu 1791125906,10925837890,12281177,8585447,30812810000
findling-cpu 1791125911,10925937043,12283174,8587357,30817820000
findling-cpu 1791125916,10926026858,12285174,8589292,30822840000
findling-cpu 1791125921,10926126170,12287172,8591239,30827850000
findling-cpu 1791125926,10926224893,12289170,8593197,30832860000
findling-cpu 1791125931,10926332784,12291168,8595139,30837880000
findling-cpu 1791125936,10926413989,12293167,8597095,30842890000
findling-cpu 1791125941,10926513167,12295163,8599028,30847900000
findling-cpu 1791125946,10926629049,12297161,8600962,30852920000
findling-cpu 1791125951,10926728357,12299158,8602910,30857930000
findling-cpu 1791125956,10926808278,12301157,8604875,30862950000
findling-cpu 1791125961,10926923115,12303153,8606618,30867960000
findling-cpu 1791125966,10927021774,12305149,8608567,30872970000
findling-cpu 1791125971,10927120508,12307144,8610501,30877990000
findling-cpu 1791125976,10927203663,12309143,8612426,30883000000
findling-cpu 1791125981,10927302564,12311140,8614375,30888010000
findling-cpu 1791125986,10927400409,12313138,8616333,30893030000
findling-cpu 1791125991,10927509591,12315137,8618275,30898040000
findling-cpu 1791125996,10927591327,12317135,8620228,30903050000
findling-cpu 1791126001,10927689772,12319132,8622164,30908070000
findling-cpu 1791126006,10927805669,12321129,8624098,30913080000
findling-cpu 1791126011,10927911322,12323124,8626034,30918100000
findling-cpu 1791126016,10927991605,12325123,8627998,30923110000
findling-cpu 1791126021,10928093114,12327120,8629940,30928120000
findling-cpu 1791126026,10928191981,12329119,8631887,30933140000
findling-cpu 1791126031,10928290555,12331114,8633822,30938150000
findling-cpu 1791126037,10928374332,12333112,8635745,30943170000
findling-cpu 1791126042,10928472935,12335108,8637660,30948180000
findling-cpu 1791126047,10928571935,12337109,8639616,30953190000
findling-cpu 1791126052,10928680237,12339105,8641558,30958210000
findling-cpu 1791126057,10928761985,12341104,8643508,30963220000
findling-cpu 1791126062,10928859704,12343102,8645448,30968240000
findling-cpu 1791126067,10928961742,12345101,8647394,30973250000
findling-cpu 1791126072,10929060542,12347100,8649342,30978260000
findling-cpu 1791126077,10929139918,12349098,8651301,30983280000
findling-cpu 1791126082,10929247834,12351095,8653076,30988290000
findling-cpu 1791126087,10929352358,12353092,8654999,30993300000
findling-cpu 1791126092,10929451569,12355091,8656937,30998320000
findling-cpu 1791126097,10929553073,12357087,8658854,31003330000
findling-cpu 1791126102,10929634815,12359086,8660810,31008350000
findling-cpu 1791126107,10929733488,12361086,8662766,31013360000
findling-cpu 1791126112,10929840915,12363082,8664707,31018370000
findling-cpu 1791126117,10929940550,12365077,8666613,31023390000
findling-cpu 1791126122,10930021360,12367076,8668560,31028400000
findling-cpu 1791126127,10930137696,12369073,8670493,31033410000
findling-cpu 1791126132,10930243326,12371072,8672410,31038430000
findling-cpu 1791126137,10930342221,12373069,8674366,31043440000
findling-cpu 1791126142,10930426014,12375066,8676317,31048460000
findling-cpu 1791126147,10930525588,12377062,8678259,31053470000
findling-cpu 1791126152,10930624956,12379059,8680198,31058480000
findling-cpu 1791126157,10930726548,12381055,8682115,31063500000
findling-cpu 1791126162,10930807440,12383054,8684070,31068510000
findling-cpu 1791126167,10930914016,12385052,8686022,31073520000
findling-cpu 1791126172,10931021889,12387050,8687963,31078540000
findling-cpu 1791126177,10931121642,12389047,8689907,31083550000
findling-cpu 1791126182,10931201980,12391044,8691851,31088570000
findling-cpu 1791126187,10931304353,12393040,8693799,31093580000
findling-cpu 1791126192,10931404510,12395039,8695746,31098590000
findling-cpu 1791126197,10931502817,12397038,8697704,31103610000
findling-cpu 1791126202,10931586398,12399037,8699639,31108620000
findling-cpu summary samples=1814 mean_cores=1.200 max_cores=2.961 reason=signal
