findling-rss timestamp,anon,file,slab,current,peak
findling-rss 1791117110,141664256,701947904,20110264,865075200,2052411392
findling-rss 1791117112,141692928,702386176,20138960,865808384,2052411392
findling-rss 1791117114,141692928,702386176,20140320,865976320,2052411392
findling-rss 1791117116,141692928,702386176,20141680,865538048,2052411392
findling-rss 1791117118,141692928,702386176,20137224,865628160,2052411392
findling-rss 1791117120,141692928,702386176,20136408,865914880,2052411392
findling-rss 1791117122,141701120,702386176,20138992,865959936,2052411392
findling-rss 1791117124,141701120,702386176,20139400,865746944,2052411392
findling-rss 1791117126,141701120,702386176,20137224,865988608,2052411392
findling-rss 1791117128,141701120,702386176,20137224,865677312,2052411392
findling-rss 1791117130,141701120,702386176,20140288,866004992,2052411392
findling-rss 1791117132,141701120,702386176,20138040,865947648,2052411392
findling-rss 1791117134,141701120,702386176,20136544,865812480,2052411392
findling-rss 1791117136,141971456,702390272,20143256,866103296,2052411392
findling-rss 1791117139,141971456,702390272,20142576,866308096,2052411392
findling-rss 1791117141,141971456,702390272,20141488,866172928,2052411392
findling-rss 1791117143,141971456,702390272,20142848,865845248,2052411392
findling-rss 1791117145,141971456,702390272,20144472,866242560,2052411392
findling-rss 1791117147,141971456,702390272,20141896,865820672,2052411392
findling-rss 1791117149,141971456,702390272,20140160,866168832,2052411392
findling-rss 1791117151,141971456,702390272,20141520,865927168,2052411392
findling-rss 1791117153,141971456,702390272,20140568,866394112,2052411392
findling-rss 1791117155,141971456,702390272,20139344,866119680,2052411392
findling-rss 1791117157,141971456,702390272,20138800,865992704,2052411392
findling-rss 1791117159,141971456,702390272,20138392,865894400,2052411392
findling-rss 1791117161,141971456,702390272,20138800,866017280,2052411392
findling-rss 1791117163,141971456,702390272,20139480,865697792,2052411392
findling-rss 1791117165,141971456,702390272,20137336,866156544,2052411392
findling-rss 1791117167,141971456,702390272,20139344,866443264,2052411392
findling-rss 1791117169,141971456,702390272,20138800,866099200,2052411392
findling-rss 1791117171,141971456,702390272,20140160,866390016,2052411392
findling-rss 1791117173,141971456,702390272,20156056,866533376,2052411392
findling-rss 1791117175,141971456,702390272,20140704,866017280,2052411392
findling-rss 1791117177,141971456,702390272,20139344,865906688,2052411392
findling-rss 1791117179,141971456,702390272,20140024,866422784,2052411392
findling-rss 1791117181,141971456,702390272,20140160,866160640,2052411392
findling-rss 1791117183,141971456,702390272,20139752,865914880,2052411392
findling-rss 1791117185,141971456,702390272,20140024,865955840,2052411392
findling-rss 1791117187,141971456,702390272,20138696,865812480,2052411392
findling-rss 1791117189,141971456,702390272,20136928,865918976,2052411392
findling-rss 1791117191,141971456,702390272,20138288,866050048,2052411392
findling-rss 1791117193,141971456,702390272,20136520,866160640,2052411392
findling-rss 1791117195,141971456,702390272,20137920,865861632,2052411392
findling-rss 1791117197,141971456,702390272,20137336,866086912,2052411392
findling-rss 1791117199,141971456,702390272,20136520,866148352,2052411392
findling-rss 1791117201,141971456,702390272,20136792,865964032,2052411392
findling-rss 1791117203,141971456,702390272,20136656,866168832,2052411392
findling-rss 1791117205,141971456,702390272,20139720,866267136,2052411392
findling-rss 1791117207,141971456,702390272,20137880,866213888,2052411392
findling-rss 1791117209,141971456,702390272,20137200,866136064,2052411392
findling-rss 1791117211,141971456,702390272,20137608,866160640,2052411392
findling-rss 1791117213,141971456,702390272,20138968,865980416,2052411392
findling-rss 1791117215,141971456,702390272,20182464,867594240,2052411392
findling-rss 1791117217,141971456,702390272,20136248,865771520,2052411392
findling-rss 1791117219,141971456,702390272,20137336,866140160,2052411392
findling-rss 1791117221,141971456,702390272,20137608,865992704,2052411392
findling-rss 1791117223,141971456,702390272,20137200,866074624,2052411392
findling-rss 1791117225,141971456,702390272,20136928,866226176,2052411392
findling-rss 1791117227,141971456,702390272,20136520,866131968,2052411392
findling-rss 1791117229,141971456,702390272,20135840,866017280,2052411392
findling-rss 1791117231,141971456,702390272,20136928,865968128,2052411392
findling-rss 1791117233,141971456,702402560,20142656,866160640,2052411392
findling-rss 1791117235,141971456,702402560,20142248,866177024,2052411392
findling-rss 1791117237,141971456,702402560,20139152,866074624,2052411392
findling-rss 1791117239,141971456,702402560,20136840,866160640,2052411392
findling-rss 1791117241,141971456,702402560,20138200,866336768,2052411392
findling-rss 1791117243,141971456,702402560,20136704,866045952,2052411392
findling-rss 1791117245,141971456,702402560,20137520,866152448,2052411392
findling-rss 1791117247,141971456,702402560,20138880,866045952,2052411392
findling-rss 1791117249,141971456,702402560,20137656,866242560,2052411392
findling-rss 1791117251,141971456,702402560,20136840,865816576,2052411392
findling-rss 1791117253,141971456,702402560,20138200,866066432,2052411392
findling-rss 1791117255,141971456,702402560,20139560,866324480,2052411392
findling-rss 1791117257,141971456,702402560,20138336,866496512,2052411392
findling-rss 1791117259,141971456,702402560,20138272,865579008,2052411392
findling-rss 1791117261,141971456,702402560,20135616,865873920,2052411392
findling-rss 1791117263,141971456,702402560,20136976,865648640,2052411392
findling-rss 1791117265,141971456,702402560,20137792,866308096,2052411392
findling-rss 1791117267,141971456,702402560,20176688,865984512,2052411392
findling-rss 1791117269,141971456,702402560,20137112,865902592,2052411392
findling-rss 1791117271,141971456,702402560,20138472,866144256,2052411392
findling-rss 1791117273,141971456,702402560,20137928,865701888,2052411392
findling-rss 1791117275,141971456,702402560,20136840,865939456,2052411392
findling-rss 1791117277,141971456,702402560,20137928,866140160,2052411392
findling-rss 1791117279,143183872,702402560,20140872,866365440,2052411392
findling-rss 1791117281,141971456,702402560,20137760,866041856,2052411392
findling-rss 1791117283,141971456,702402560,20137656,865714176,2052411392
findling-rss 1791117285,141971456,702402560,20138336,866230272,2052411392
findling-rss 1791117287,141971456,702402560,20136568,865857536,2052411392
findling-rss 1791117289,141971456,702402560,20136976,865914880,2052411392
findling-rss 1791117291,141971456,702402560,20136568,866144256,2052411392
findling-rss 1791117293,141971456,702402560,20137928,866033664,2052411392
findling-rss 1791117295,141971456,702402560,20139288,866074624,2052411392
findling-rss 1791117297,141971456,702402560,20135888,866152448,2052411392
findling-rss 1791117299,141971456,702402560,20136160,866029568,2052411392
findling-rss 1791117301,141971456,702402560,20136840,866041856,2052411392
findling-rss 1791117303,141971456,702402560,20138200,866045952,2052411392
findling-rss 1791117305,141971456,702402560,20139424,866230272,2052411392
findling-rss 1791117307,141971456,702402560,20138880,866107392,2052411392
findling-rss 1791117309,141971456,702402560,20138064,866209792,2052411392
findling-rss 1791117311,141971456,702402560,20139424,866332672,2052411392
findling-rss 1791117313,141971456,702402560,20138064,865742848,2052411392
findling-rss 1791117315,141971456,702402560,20137384,865869824,2052411392
findling-rss 1791117317,141971456,702402560,20136160,866177024,2052411392
findling-rss 1791117319,141971456,702402560,20136840,865955840,2052411392
findling-rss 1791117321,143564800,702402560,20138928,867721216,2052411392
findling-rss 1791117323,141971456,702402560,20138880,865812480,2052411392
findling-rss 1791117325,141971456,702402560,20136704,865906688,2052411392
findling-rss 1791117327,141971456,702402560,20136296,866111488,2052411392
findling-rss 1791117329,141971456,702402560,20137656,866316288,2052411392
findling-rss 1791117331,141971456,702402560,20137656,866271232,2052411392
findling-rss 1791117333,141971456,702402560,20136432,865984512,2052411392
findling-rss 1791117335,141971456,702402560,20137792,866181120,2052411392
findling-rss 1791117337,141971456,702402560,20137248,865918976,2052411392
findling-rss 1791117339,141971456,702402560,20137112,866082816,2052411392
findling-rss 1791117341,141971456,702402560,20138472,865853440,2052411392
findling-rss 1791117343,141971456,702402560,20138064,865579008,2052411392
findling-rss 1791117345,141971456,702402560,20136704,866103296,2052411392
findling-rss 1791117347,141971456,702402560,20137344,866177024,2052411392
findling-rss 1791117349,141971456,702402560,20136840,866242560,2052411392
findling-rss 1791117351,141971456,702402560,20139424,865906688,2052411392
findling-rss 1791117353,141975552,702402560,20142792,865767424,2052411392
findling-rss 1791117355,141975552,702402560,20142928,866185216,2052411392
findling-rss 1791117357,141975552,702402560,20138200,866009088,2052411392
findling-rss 1791117359,141975552,702402560,20138744,865890304,2052411392
findling-rss 1791117361,141975552,702402560,20140104,866140160,2052411392
findling-rss 1791117363,141975552,702402560,20176112,866828288,2052411392
findling-rss 1791117365,141975552,702402560,20137248,866025472,2052411392
findling-rss 1791117367,141975552,702402560,20138808,866177024,2052411392
findling-rss 1791117369,141975552,702402560,20139968,865918976,2052411392
findling-rss 1791117371,141975552,702402560,20139560,866144256,2052411392
findling-rss 1791117373,141975552,702402560,20138336,866091008,2052411392
findling-rss 1791117375,141975552,702402560,20138200,866185216,2052411392
findling-rss 1791117377,141975552,702402560,20138064,866394112,2052411392
findling-rss 1791117379,141975552,702402560,20136296,865599488,2052411392
findling-rss 1791117381,141975552,702402560,20137520,866365440,2052411392
findling-rss 1791117383,141975552,702402560,20138880,866017280,2052411392
findling-rss 1791117385,141975552,702402560,20139560,865968128,2052411392
findling-rss 1791117387,141975552,702402560,20138336,865902592,2052411392
findling-rss 1791117389,141975552,702402560,20136840,865931264,2052411392
findling-rss 1791117391,141975552,702402560,20138200,866127872,2052411392
findling-rss 1791117393,141975552,702402560,20137384,865939456,2052411392
findling-rss 1791117395,141975552,702402560,20135616,866181120,2052411392
findling-rss 1791117397,141975552,702402560,20136976,866045952,2052411392
findling-rss 1791117399,141975552,702402560,20138336,866066432,2052411392
findling-rss 1791117401,141975552,702402560,20137928,866226176,2052411392
findling-rss 1791117403,141975552,702402560,20138064,866193408,2052411392
findling-rss 1791117405,141975552,702402560,20138160,866037760,2052411392
findling-rss 1791117407,141975552,702402560,20152464,866181120,2052411392
findling-rss 1791117409,142000128,702402560,20136704,866168832,2052411392
findling-rss 1791117411,142000128,702402560,20136568,866230272,2052411392
findling-rss 1791117413,142127104,702402560,20140208,866340864,2052411392
findling-rss 1791117415,142127104,702402560,20141568,866099200,2052411392
findling-rss 1791117418,142127104,702402560,20142792,866238464,2052411392
findling-rss 1791117420,142127104,702402560,20139256,866287616,2052411392
findling-rss 1791117422,142127104,702402560,20139936,866250752,2052411392
findling-rss 1791117424,142135296,702402560,20141296,866349056,2052411392
findling-rss 1791117426,142135296,702402560,20140344,866394112,2052411392
findling-rss 1791117428,142135296,702402560,20141224,866242560,2052411392
findling-rss 1791117430,142135296,702402560,20142384,866279424,2052411392
findling-rss 1791117432,142135296,702402560,20140888,866230272,2052411392
findling-rss 1791117434,142135296,702402560,20139936,866103296,2052411392
findling-rss 1791117436,142135296,702402560,20138984,866312192,2052411392
findling-rss 1791117438,142135296,702402560,20139664,866414592,2052411392
findling-rss 1791117440,142135296,702402560,20138984,866574336,2052411392
findling-rss 1791117442,142135296,702402560,20139800,866250752,2052411392
findling-rss 1791117444,142135296,702402560,20139664,866115584,2052411392
findling-rss 1791117446,142135296,702402560,20140752,866447360,2052411392
findling-rss 1791117448,142135296,702402560,20141832,866095104,2052411392
findling-rss 1791117450,142135296,702402560,20142248,866201600,2052411392
findling-rss 1791117452,142139392,702402560,20143608,866119680,2052411392
findling-rss 1791117454,142139392,702402560,20138984,866283520,2052411392
findling-rss 1791117456,142139392,702402560,20139800,865996800,2052411392
findling-rss 1791117458,142139392,702402560,20141160,866607104,2052411392
findling-rss 1791117460,142139392,702402560,20142248,866377728,2052411392
findling-rss 1791117462,142139392,702402560,20140888,866439168,2052411392
findling-rss 1791117464,142139392,702402560,20138200,866533376,2052411392
findling-rss 1791117466,142139392,702402560,20138880,866357248,2052411392
findling-rss 1791117468,142139392,702402560,20136704,866140160,2052411392
findling-rss 1791117470,142188544,702402560,20136976,866598912,2052411392
findling-rss 1791117472,142188544,702402560,20136024,866521088,2052411392
findling-rss 1791117474,142249984,702402560,20141544,866201600,2052411392
findling-rss 1791117476,142249984,702402560,20142224,866447360,2052411392
findling-rss 1791117478,142249984,702402560,20138176,866406400,2052411392
findling-rss 1791117480,142249984,702402560,20139536,866459648,2052411392
findling-rss 1791117482,142249984,702402560,20136952,866344960,2052411392
findling-rss 1791117484,142249984,702402560,20138312,866455552,2052411392
findling-rss 1791117486,142249984,702402560,20138448,866541568,2052411392
findling-rss 1791117488,142249984,702402560,20138040,866545664,2052411392
findling-rss 1791117490,142249984,702402560,20138032,866537472,2052411392
findling-rss 1791117492,142249984,702402560,20138448,866422784,2052411392
findling-rss 1791117494,142249984,702402560,20139808,866648064,2052411392
findling-rss 1791117496,142249984,702402560,20136272,866660352,2052411392
findling-rss 1791117498,142249984,702402560,20137224,866500608,2052411392
findling-rss 1791117500,142249984,702402560,20137088,866721792,2052411392
findling-rss 1791117502,142249984,702402560,20137768,866643968,2052411392
findling-rss 1791117504,142249984,702402560,20139808,866062336,2052411392
findling-rss 1791117506,142249984,702402560,20137224,866529280,2052411392
findling-rss 1791117508,142249984,702402560,20138312,866721792,2052411392
findling-rss 1791117510,142249984,702402560,20137904,866443264,2052411392
findling-rss 1791117512,142249984,702402560,20138584,866390016,2052411392
findling-rss 1791117514,142249984,702402560,20136408,866201600,2052411392
findling-rss 1791117516,142249984,702402560,20137768,866332672,2052411392
findling-rss 1791117518,142249984,702402560,20137632,866361344,2052411392
findling-rss 1791117520,142249984,702402560,20138312,866172928,2052411392
findling-rss 1791117522,142249984,702402560,20139672,866336768,2052411392
findling-rss 1791117524,142249984,702402560,20138176,866271232,2052411392
findling-rss 1791117526,142249984,702402560,20137904,866463744,2052411392
findling-rss 1791117528,142249984,702402560,20137904,866492416,2052411392
findling-rss 1791117530,142278656,702402560,20138176,866488320,2052411392
findling-rss 1791117532,143937536,702402560,20152440,867536896,2052411392
findling-rss 1791117534,142278656,702402560,20137088,866082816,2052411392
findling-rss 1791117536,142278656,702402560,20138448,866422784,2052411392
findling-rss 1791117538,142278656,702402560,20139808,866406400,2052411392
findling-rss 1791117540,142278656,702402560,20139808,866492416,2052411392
findling-rss 1791117542,142282752,702402560,20138448,866041856,2052411392
findling-rss 1791117544,142323712,702402560,20137768,866349056,2052411392
findling-rss 1791117546,142323712,702402560,20139128,866467840,2052411392
findling-rss 1791117548,142327808,702402560,20138448,866316288,2052411392
findling-rss 1791117550,142327808,702402560,20138448,866533376,2052411392
findling-rss 1791117552,142327808,702402560,20138040,866570240,2052411392
findling-rss 1791117554,142327808,702402560,20138720,866504704,2052411392
findling-rss 1791117556,142327808,702402560,20136544,866467840,2052411392
findling-rss 1791117558,142344192,702402560,20136816,866676736,2052411392
findling-rss 1791117560,142344192,702402560,20137496,866770944,2052411392
findling-rss 1791117562,142344192,702402560,20137360,866295808,2052411392
findling-rss 1791117564,142344192,702402560,20137768,866295808,2052411392
findling-rss 1791117566,142344192,702402560,20137360,866705408,2052411392
findling-rss 1791117568,142344192,702402560,20138720,866717696,2052411392
findling-rss 1791117570,142344192,702402560,20138584,866566144,2052411392
findling-rss 1791117572,142344192,702402560,20138040,866553856,2052411392
findling-rss 1791117574,142344192,702402560,20140112,866267136,2052411392
findling-rss 1791117576,142344192,702402560,20139808,866828288,2052411392
findling-rss 1791117578,142344192,702402560,20138584,866533376,2052411392
findling-rss 1791117580,142344192,702402560,20137632,866484224,2052411392
findling-rss 1791117582,142344192,702402560,20138992,866693120,2052411392
findling-rss 1791117584,142344192,702402560,20137632,866357248,2052411392
findling-rss 1791117586,142344192,702402560,20138992,866426880,2052411392
findling-rss 1791117588,142344192,702402560,20136544,866553856,2052411392
findling-rss 1791117590,142348288,702402560,20137360,866553856,2052411392
findling-rss 1791117592,142348288,702402560,20138960,866238464,2052411392
findling-rss 1791117594,142368768,702402560,20140864,866590720,2052411392
findling-rss 1791117596,142368768,702402560,20141544,866590720,2052411392
findling-rss 1791117598,142368768,702402560,20138584,866299904,2052411392
findling-rss 1791117600,142368768,702402560,20138584,866508800,2052411392
findling-rss 1791117602,142368768,702402560,20138584,866549760,2052411392
findling-rss 1791117604,142368768,702402560,20138856,866373632,2052411392
findling-rss 1791117606,142389248,702402560,20139536,866832384,2052411392
findling-rss 1791117608,142393344,702402560,20137496,866480128,2052411392
findling-rss 1791117610,142393344,702402560,20138856,866254848,2052411392
findling-rss 1791117612,142397440,702402560,20138856,866865152,2052411392
findling-rss 1791117614,142397440,702402560,20137360,866447360,2052411392
findling-rss 1791117616,142397440,702402560,20138176,866738176,2052411392
findling-rss 1791117618,142630912,702402560,20137360,866840576,2052411392
findling-rss 1791117620,142630912,702402560,20136816,866766848,2052411392
findling-rss 1791117622,142630912,702402560,20137360,867168256,2052411392
findling-rss 1791117624,142630912,702402560,20138720,866680832,2052411392
findling-rss 1791117626,142630912,702402560,20137496,866668544,2052411392
findling-rss 1791117628,142630912,702402560,20138040,866635776,2052411392
findling-rss 1791117630,142630912,702402560,20139400,866803712,2052411392
findling-rss 1791117632,142630912,702402560,20138584,866615296,2052411392
findling-rss 1791117634,142630912,702402560,20136680,866922496,2052411392
findling-rss 1791117636,216502272,710897664,20940440,950353920,2052411392
findling-rss 1791117638,242991104,720400384,23451008,987811840,2052411392
findling-rss 1791117640,250523648,722464768,23524064,998604800,2052411392
findling-rss 1791117642,251940864,722677760,23567152,1000591360,2052411392
findling-rss 1791117644,256512000,724078592,23646264,1006149632,2052411392
findling-rss 1791117646,256950272,725565440,23687496,1008320512,2052411392
findling-rss 1791117648,816730112,727375872,23737072,1569312768,2052411392
findling-rss 1791117650,1694662656,728752128,23904416,2452074496,2771378176
findling-rss 1791117652,1904742400,729915392,23998376,2664124416,2771378176
findling-rss 1791117654,1887531008,730165248,24127256,2647388160,2771378176
findling-rss 1791117656,1890992128,730521600,24173488,2651512832,2771378176
findling-rss 1791117658,1904472064,731615232,24110272,2665865216,2771378176
findling-rss 1791117660,1963847680,732209152,24125864,2725732352,2771378176
findling-rss 1791117662,1911459840,732680192,24165480,2674077696,2771378176
findling-rss 1791117664,1912598528,733822976,24190152,2676002816,2771378176
findling-rss 1791117666,1914769408,733659136,24220176,2678562816,2771378176
findling-rss 1791117668,1828880384,734437376,24156312,2592911360,2771378176
findling-rss 1791117670,1946820608,734994432,24381528,2711646208,2771378176
findling-rss 1791117672,1906016256,735006720,24401032,2671120384,2771378176
findling-rss 1791117674,1964298240,737636352,24500072,2732068864,2771378176
findling-rss 1791117676,1967058944,736366592,24359456,2733395968,2771378176
findling-rss 1791117679,1912324096,736460800,24382224,2678890496,2771378176
findling-rss 1791117681,1913135104,737120256,24478968,2680459264,2771378176
findling-rss 1791117683,1967665152,737439744,24501200,2735394816,2771378176
findling-rss 1791117685,1913561088,737918976,24538192,2681831424,2771378176
findling-rss 1791117687,1900482560,738312192,24642040,2669228032,2771378176
findling-rss 1791117689,1906388992,738664448,24661504,2675757056,2771378176
findling-rss 1791117691,1962188800,739180544,24698592,2731921408,2771378176
findling-rss 1791117693,1910280192,739688448,24735688,2680336384,2771378176
findling-rss 1791117695,1918078976,740483072,24723368,2688999424,2771378176
findling-rss 1791117697,1918382080,740872192,24755944,2689531904,2771378176
findling-rss 1791117699,1974575104,741257216,24758488,2746511360,2771378176
findling-rss 1791117701,1976344576,741830656,24815992,2747723776,2771378176
findling-rss 1791117703,1836584960,742109184,24788112,2608439296,2771378176
findling-rss 1791117705,1904320512,741818368,25006480,2676867072,2771378176
findling-rss 1791117707,1908797440,742178816,25039088,2681716736,2771378176
findling-rss 1791117709,1964474368,742653952,25076200,2738262016,2771378176
findling-rss 1791117711,1964101632,743481344,25122832,2738937856,2771378176
findling-rss 1791117713,1953230848,743198720,25023408,2718322688,2771378176
findling-rss 1791117715,1917153280,743575552,25026544,2691371008,2771378176
findling-rss 1791117717,1979531264,743739392,25067288,2753990656,2771378176
findling-rss 1791117719,1920028672,744009728,25092912,2695516160,2771378176
findling-rss 1791117721,1902772224,744185856,25206704,2677817344,2771378176
findling-rss 1791117723,1963376640,744439808,25286224,2738978816,2771378176
findling-rss 1791117725,1917419520,745070592,25325656,2693066752,2771378176
findling-rss 1791117727,1973313536,745037824,25347208,2749624320,2771378176
findling-rss 1791117729,1972699136,745353216,25423872,2749284352,2771378176
findling-rss 1791117731,1907408896,745656320,25405416,2684235776,2771378176
findling-rss 1791117733,1966948352,745615360,25297768,2743898112,2771378176
findling-rss 1791117735,1912193024,746070016,25328584,2689294336,2771378176
findling-rss 1791117737,1847136256,746995712,25349376,2625286144,2771378176
findling-rss 1791117739,1908457472,746684416,25470456,2686730240,2771378176
findling-rss 1791117741,1909301248,746979328,25500120,2687569920,2771378176
findling-rss 1791117743,1964359680,747229184,25529840,2743296000,2771378176
findling-rss 1791117745,1913212928,747483136,25572880,2691715072,2771378176
findling-rss 1791117747,1911971840,747896832,25564256,2691186688,2771378176
findling-rss 1791117749,1914376192,748064768,25604248,2693910528,2771378176
findling-rss 1791117751,1914421248,748191744,25509816,2693976064,2771378176
findling-rss 1791117753,1969971200,748556288,25604136,2749808640,2771378176
findling-rss 1791117755,1961361408,748732416,25720624,2741686272,2771378176
findling-rss 1791117757,1909551104,748900352,25794648,2689953792,2771378176
findling-rss 1791117759,1969295360,749121536,25836240,2749972480,2771378176
findling-rss 1791117761,1972031488,749604864,25872288,2753204224,2771378176
findling-rss 1791117763,1923203072,749928448,25873872,2704572416,2772201472
findling-rss 1791117765,1985589248,750112768,25910216,2767650816,2772201472
findling-rss 1791117767,1922768896,750465024,25945192,2704920576,2773020672
findling-rss 1791117769,1929637888,750755840,25856584,2712354816,2781106176
findling-rss 1791117771,1954635776,751222784,25933576,2737164288,2781106176
findling-rss 1791117773,1923149824,751591424,25998880,2706419712,2781106176
findling-rss 1791117775,1980170240,751644672,26024584,2764095488,2781106176
findling-rss 1791117777,1928269824,752402432,26069128,2712424448,2781106176
findling-rss 1791117779,1928208384,752680960,26072416,2713186304,2783383552
findling-rss 1791117781,1983643648,752373760,26095904,2767867904,2783383552
findling-rss 1791117783,1987190784,753029120,26199784,2771820544,2783383552
findling-rss 1791117785,1986834432,752975872,26219648,2771730432,2783383552
findling-rss 1791117787,1932075008,753569792,26143504,2717806592,2794790912
findling-rss 1791117789,1977053184,754130944,26254624,2762944512,2794790912
findling-rss 1791117791,1978208256,754040832,26273320,2764374016,2794790912
findling-rss 1791117793,1925414912,754380800,26325008,2712322048,2794790912
findling-rss 1791117795,1981067264,754728960,26371648,2767880192,2794790912
findling-rss 1791117797,1986523136,754921472,26411720,2773680128,2794790912
findling-rss 1791117799,1989201920,755265536,26444088,2776973312,2794790912
findling-rss 1791117801,1989464064,755712000,26478784,2777661440,2794790912
findling-rss 1791117803,1990029312,756027392,26509952,2778243072,2794790912
findling-rss 1791117805,1960640512,756150272,26582520,2749145088,2794790912
findling-rss 1791117807,1982709760,756281344,26517544,2771349504,2794790912
findling-rss 1791117809,1978843136,756772864,26556216,2754760704,2794790912
findling-rss 1791117811,1930301440,761245696,26680632,2723782656,2794790912
findling-rss 1791117813,1986576384,757243904,26597856,2776092672,2794790912
findling-rss 1791117815,1933230080,757596160,26628952,2722979840,2794790912
findling-rss 1791117817,1934974976,757915648,26661424,2725326848,2794790912
findling-rss 1791117819,1990483968,758259712,26757304,2781761536,2794790912
findling-rss 1791117821,1903828992,759099392,26673936,2695020544,2794790912
findling-rss 1791117823,1929949184,758722560,26887384,2721644544,2794790912
findling-rss 1791117825,1984151552,758874112,26796072,2775642112,2794790912
findling-rss 1791117827,1931108352,759324672,26890248,2723151872,2794790912
findling-rss 1791117829,1958969344,759517184,26903240,2731491328,2794790912
findling-rss 1791117831,1989148672,759857152,26935016,2781945856,2794790912
findling-rss 1791117833,1941934080,760147968,26968816,2734817280,2806083584
findling-rss 1791117835,1933848576,760532992,27001728,2727194624,2806083584
findling-rss 1791117837,1933975552,760877056,27024248,2727702528,2806083584
findling-rss 1791117839,1920937984,761319424,27139176,2715082752,2806083584
findling-rss 1791117841,1984036864,761360384,27163896,2778378240,2806083584
findling-rss 1791117843,1985343488,789372928,27962912,2808676352,2809098240
findling-rss 1791117845,1968627712,761761792,27085192,2763538432,2820120576
findling-rss 1791117848,2025365504,762212352,27182912,2821263360,2822254592
findling-rss 1791117850,1971404800,762671104,27219408,2766921728,2823102464
findling-rss 1791117852,2026840064,763412480,27263944,2823606272,2824011776
findling-rss 1791117854,1972531200,763441152,27278384,2769108992,2825383936
findling-rss 1791117856,1948483584,764055552,27220648,2745294848,2826248192
findling-rss 1791117858,1962172416,763826176,27413704,2759077888,2826248192
findling-rss 1791117860,2024882176,764108800,27444664,2822250496,2826248192
findling-rss 1791117862,1970102272,764784640,27530616,2768564224,2826248192
findling-rss 1791117864,1970339840,764518400,27428704,2768302080,2855563264
findling-rss 1791117866,2026700800,764862464,27458792,2824716288,2855563264
findling-rss 1791117868,2026958848,765263872,27492728,2825486336,2855563264
findling-rss 1791117870,2023714816,765571072,27519624,2823057408,2855563264
findling-rss 1791117872,1970515968,765751296,27534544,2769678336,2855563264
findling-rss 1791117874,2019680256,767021056,27680256,2820218880,2855563264
findling-rss 1791117876,2025517056,766365696,27679088,2825973760,2855563264
findling-rss 1791117878,2026037248,766509056,27696568,2826334208,2855563264
findling-rss 1791117880,2026893312,766836736,27790256,2827300864,2855563264
findling-rss 1791117882,1985175552,767012864,27699592,2786115584,2876542976
findling-rss 1791117884,2040262656,767344640,27731896,2841407488,2876542976
findling-rss 1791117886,2040905728,767692800,27737176,2842689536,2876542976
findling-rss 1791117888,2041438208,767860736,27774704,2843131904,2876542976
findling-rss 1791117890,1966526464,768569344,27719648,2768252928,2876542976
findling-rss 1791117892,2026127360,768811008,27956864,2828288000,2876542976
findling-rss 1791117894,2032136192,768696320,28001120,2829516800,2876542976
findling-rss 1791117896,2046623744,769077248,28039904,2849533952,2876542976
findling-rss 1791117898,2047528960,769470464,28068568,2851209216,2876542976
findling-rss 1791117900,2049347584,769634304,27977296,2853060608,2889056256
findling-rss 1791117902,2049531904,769974272,27981864,2853257216,2889056256
findling-rss 1791117904,2049253376,770134016,28018712,2853396480,2889056256
findling-rss 1791117906,2050789376,770461696,28050088,2855694336,2889056256
findling-rss 1791117908,2005413888,771227648,28121784,2810998784,2889056256
findling-rss 1791117910,2044026880,771391488,28197824,2849161216,2889056256
findling-rss 1791117912,2039468032,771256320,28215272,2845085696,2889056256
findling-rss 1791117914,2042740736,771645440,28285376,2848686080,2889056256
findling-rss 1791117916,2040385536,771964928,28340336,2846732288,2889056256
findling-rss 1791117918,2045612032,810692608,29497816,2892156928,2892156928
findling-rss 1791117920,2045923328,772390912,28262080,2852847616,2893541376
findling-rss 1791117922,2000003072,773095424,28335688,2807209984,2893541376
findling-rss 1791117924,2045943808,773025792,28345656,2853343232,2893541376
findling-rss 1791117926,2038181888,773083136,28423184,2845806592,2893541376
findling-rss 1791117928,2041643008,773783552,28466880,2849865728,2893541376
findling-rss 1791117930,1989177344,774078464,28497560,2797572096,2893541376
findling-rss 1791117932,2053267456,774422528,28531968,2862223360,2893541376
findling-rss 1791117934,2052734976,774832128,28539744,2862219264,2893541376
findling-rss 1791117936,2048905216,774983680,28574368,2858766336,2893541376
findling-rss 1791117938,2037231616,776151040,28509456,2828668928,2905415680
findling-rss 1791117940,2053869568,775884800,28525280,2864226304,2905415680
findling-rss 1791117942,2008829952,775602176,28542832,2818789376,2905415680
findling-rss 1791117944,2044616704,776413184,28645704,2855428096,2905415680
findling-rss 1791117946,2044108800,776478720,28668616,2855100416,2905415680
findling-rss 1791117948,2045562880,776826880,28701376,2857193472,2905415680
findling-rss 1791117950,2046713856,777150464,28703288,2858373120,2905415680
findling-rss 1791117952,2046955520,777334784,28803656,2858786816,2905415680
findling-rss 1791117954,2047922176,778121216,28851384,2860470272,2905415680
findling-rss 1791117956,2044411904,777834496,28744728,2857005056,2905415680
findling-rss 1791117958,2050183168,778166272,28774136,2862915584,2905415680
findling-rss 1791117960,1983680512,778240000,28889384,2831433728,2905415680
findling-rss 1791117962,2159632384,778678272,29035120,2973945856,2973945856
findling-rss 1791117964,2053541888,778690560,29030536,2867056640,2975780864
findling-rss 1791117966,2136616960,778690560,29034520,2951053312,2975780864
findling-rss 1791117968,2140008448,778911744,29033352,2954223616,2975780864
findling-rss 1791117970,1995898880,778907648,29054472,2809880576,2975780864
findling-rss 1791117972,2080866304,778907648,29057152,2894884864,2975780864
findling-rss 1791117974,2135793664,778932224,29050096,2949988352,2975780864
findling-rss 1791117976,2050539520,778956800,29071864,2864721920,2975780864
findling-rss 1791117978,2081734656,778956800,29072736,2940329984,2975780864
findling-rss 1791117980,2087448576,778977280,29067240,2896400384,2975780864
findling-rss 1791117982,2080210944,778993664,29090440,2892890112,2975780864
findling-rss 1791117984,2138054656,778993664,29089152,2952654848,2975780864
findling-rss 1791117986,2137268224,779014144,29084840,2951737344,2975780864
findling-rss 1791117988,2107830272,779018240,29103264,2922135552,2975780864
findling-rss 1791117990,2134126592,779018240,29106416,2938318848,2975780864
findling-rss 1791117992,2138779648,779042816,29099360,2953207808,2975780864
findling-rss 1791117994,2108256256,779042816,29122896,2922733568,2975780864
findling-rss 1791117996,2081972224,779042816,29122864,2896281600,2975780864
findling-rss 1791117998,2082148352,778907648,29037952,2897801216,2975780864
findling-rss 1791118000,2116984832,778919936,29019936,2931212288,2975780864
findling-rss 1791118002,2138796032,778919936,29021120,2952998912,2975780864
findling-rss 1791118004,2136203264,778932224,29015088,2950778880,2975780864
findling-rss 1791118006,2117816320,778944512,29036656,2932183040,2975780864
findling-rss 1791118008,2087845888,778944512,29037432,2902183936,2975780864
findling-rss 1791118010,2138136576,778969088,29032144,2952454144,2975780864
findling-rss 1791118012,2116169728,778960896,29054064,2930606080,2975780864
findling-rss 1791118014,2138247168,778960896,29056752,2952540160,2975780864
findling-rss 1791118016,2133204992,778997760,29051800,2937024512,2975780864
findling-rss 1791118018,2061946880,779644928,29087936,2877079552,2975780864
findling-rss 1791118021,2138554368,779644928,29089728,2953617408,2975780864
findling-rss 1791118023,2061889536,779436032,28979120,2876174336,2975780864
findling-rss 1791118025,2065031168,779771904,29013832,2879881216,2975780864
findling-rss 1791118027,2066194432,780140544,29048240,2881708032,2975780864
findling-rss 1791118029,2066198528,825528320,30398760,2929922048,2975780864
findling-rss 1791118031,2066649088,780595200,28958304,2882412544,2975780864
findling-rss 1791118033,2070159360,780713984,28999584,2885947392,2975780864
findling-rss 1791118035,2039758848,781008896,29123600,2855698432,2975780864
findling-rss 1791118037,2063941632,781135872,29181496,2880536576,2975780864
findling-rss 1791118039,2063290368,781565952,29220920,2880208896,2975780864
findling-rss 1791118041,2008641536,781979648,29254168,2825883648,2975780864
findling-rss 1791118043,2064011264,782372864,29287400,2881978368,2975780864
findling-rss 1791118045,2008395776,782704640,29318368,2826412032,2975780864
findling-rss 1791118047,2065940480,795881472,29725656,2894254080,2975780864
findling-rss 1791118049,2009690112,783400960,29248184,2828066816,2975780864
findling-rss 1791118051,2018484224,783720448,29296720,2836901888,2975780864
findling-rss 1791118053,2062245888,783761408,29371504,2881523712,2975780864
findling-rss 1791118055,2064318464,783921152,29470016,2883911680,2975780864
findling-rss 1791118057,2035630080,784338944,29509792,2842583040,2975780864
findling-rss 1791118059,2068664320,784662528,29538152,2889293824,2975780864
findling-rss 1791118061,2016612352,784994304,29570760,2837757952,2975780864
findling-rss 1791118063,2016931840,785326080,29574544,2837762048,2975780864
findling-rss 1791118065,2010607616,785485824,29611280,2831974400,2975780864
findling-rss 1791118067,2070712320,785592320,29518224,2891988992,2975780864
findling-rss 1791118069,2045042688,785960960,29637936,2866651136,2975780864
findling-rss 1791118071,2065309696,786079744,29705112,2887147520,2975780864
findling-rss 1791118073,2013040640,786395136,29739080,2835312640,2975780864
findling-rss 1791118075,2069155840,786690048,29768464,2891591680,2975780864
findling-rss 1791118077,2074701824,786989056,29776864,2897563648,2975780864
findling-rss 1791118079,2017746944,787312640,29795736,2837295104,2975780864
findling-rss 1791118081,2071126016,787460096,29836648,2894516224,2975780864
findling-rss 1791118083,2018017280,787775488,29875464,2841587712,2975780864
findling-rss 1791118085,2003755008,788185088,29761384,2827522048,2975780864
findling-rss 1791118087,2061602816,788324352,29898176,2885398528,2975780864
findling-rss 1791118089,2013536256,788426752,29916360,2837524480,2975780864
findling-rss 1791118091,2067361792,788758528,29947168,2891935744,2975780864
findling-rss 1791118093,2071203840,789069824,29981272,2896310272,2975780864
findling-rss 1791118095,2015363072,789524480,29983976,2840997888,2975780864
findling-rss 1791118097,2073653248,789676032,30026392,2899451904,2975780864
findling-rss 1791118099,2072858624,789991424,30057304,2899140608,2975780864
findling-rss 1791118101,2074492928,797614080,30285520,2908233728,2975780864
findling-rss 1791118103,2063015936,790355968,30184416,2889498624,2975780864
findling-rss 1791118105,2061254656,790437888,30090528,2877599744,2975780864
findling-rss 1791118107,2010476544,790814720,30185224,2837536768,2975780864
findling-rss 1791118109,2014654464,791101440,30188216,2841800704,2975780864
findling-rss 1791118111,2070745088,791298048,30225368,2898595840,2975780864
findling-rss 1791118113,2162241536,791986176,30395296,2991259648,2991259648
findling-rss 1791118115,2126295040,792002560,30395200,2954985472,3010985984
findling-rss 1791118117,2214539264,792002560,30396016,3043606528,3043713024
findling-rss 1791118119,2194026496,792059904,30389520,3022946304,3045351424
findling-rss 1791118121,2216243200,792059904,30393152,3044986880,3047075840
findling-rss 1791118123,2196721664,792100864,30417496,3025690624,3047075840
findling-rss 1791118125,2191978496,792158208,30415136,3021045760,3047075840
findling-rss 1791118127,2010423296,791810048,30295320,2838355968,3047075840
findling-rss 1791118129,2160726016,792154112,30436016,2990047232,3047075840
findling-rss 1791118131,2210160640,792190976,30464784,3038752768,3047075840
findling-rss 1791118133,2064125952,792821760,30352720,2893463552,3047075840
findling-rss 1791118135,2274377728,794124288,30704296,3106328576,3108442112
findling-rss 1791118137,2194497536,794177536,30583608,3025539072,3111268352
findling-rss 1791118139,2214825984,794177536,30585536,3046158336,3111268352
findling-rss 1791118141,2159407104,794193920,30607992,2990837760,3111268352
findling-rss 1791118143,2194513920,794210304,30602344,3026083840,3111268352
findling-rss 1791118145,2220568576,794210304,30604184,3052044288,3111268352
findling-rss 1791118147,2213937152,794218496,30624032,3045265408,3111268352
findling-rss 1791118149,2138681344,794251264,30617040,2970230784,3111268352
findling-rss 1791118151,2213007360,794251264,30619376,3044065280,3111268352
findling-rss 1791118153,2214096896,794238976,30641456,3045945344,3111268352
findling-rss 1791118155,2139103232,794693632,30646568,2970800128,3111268352
findling-rss 1791118157,2215829504,794693632,30648568,3047661568,3111268352
findling-rss 1791118159,2216968192,794693632,30670576,3048574976,3111268352
findling-rss 1791118161,2194321408,794730496,30665624,3026182144,3111268352
findling-rss 1791118163,2214309888,794730496,30665488,3046154240,3111268352
findling-rss 1791118165,2214096896,794718208,30687976,3045847040,3111268352
findling-rss 1791118167,2194317312,794746880,30681008,3026194432,3111268352
findling-rss 1791118169,2066964480,794402816,30567080,2898558976,3111268352
findling-rss 1791118171,2159448064,794750976,30703968,2991374336,3111268352
findling-rss 1791118173,2158440448,794787840,30699288,2988896256,3111268352
findling-rss 1791118175,2100609024,794775552,30594264,2930941952,3111268352
findling-rss 1791118177,2214989824,794775552,30720416,3047411712,3111268352
findling-rss 1791118179,2211311616,794640384,30598128,3043479552,3111268352
findling-rss 1791118181,2119122944,794640384,30497248,2950266880,3111268352
findling-rss 1791118183,2216321024,794640384,30623128,3048255488,3111268352
findling-rss 1791118185,2213773312,794681344,30618424,3045769216,3111268352
findling-rss 1791118187,2125348864,794681344,30638568,2956034048,3111268352
findling-rss 1791118189,2219536384,794681344,30638928,3051548672,3111268352
findling-rss 1791118191,2158546944,794714112,30634576,2990497792,3111268352
findling-rss 1791118193,2119135232,794714112,30530680,2950369280,3111268352
findling-rss 1791118196,2214666240,794714112,30660200,3046969344,3111268352
findling-rss 1791118198,2214318080,794742784,30655248,3046293504,3111268352
findling-rss 1791118200,2119147520,794742784,30546872,2950766592,3111268352
findling-rss 1791118202,2164027392,794755072,30673592,2996273152,3111268352
findling-rss 1791118204,2159570944,794779648,30669416,2991341568,3111268352
findling-rss 1791118206,2117922816,794783744,30564808,2949484544,3111268352
findling-rss 1791118208,2214952960,794783744,30691920,3047137280,3111268352
findling-rss 1791118210,2213486592,794800128,30684456,3045552128,3111268352
findling-rss 1791118212,2120232960,794804224,30690576,2950684672,3111268352
findling-rss 1791118214,2217213952,794804224,30708096,3049496576,3111268352
findling-rss 1791118216,2214694912,794836992,30703328,3046481920,3111268352
findling-rss 1791118218,2130739200,794836992,30722784,2962497536,3111268352
findling-rss 1791118220,2215600128,794836992,30725440,3047354368,3111268352
findling-rss 1791118222,2214809600,794697728,30602552,3046289408,3111268352
findling-rss 1791118224,2130866176,794697728,30625848,2962620416,3111268352
findling-rss 1791118226,2215260160,794697728,30623608,3047399424,3111268352
findling-rss 1791118228,2159206400,794734592,30620288,2990682112,3111268352
findling-rss 1791118230,2145988608,794734592,30641112,2977800192,3111268352
findling-rss 1791118232,2160115712,794734592,30641480,2991828992,3111268352
findling-rss 1791118234,2214019072,794755072,30635128,3046088704,3111268352
findling-rss 1791118236,2186420224,794755072,30655888,3018354688,3111268352
findling-rss 1791118238,2215559168,794755072,30659544,3047505920,3111268352
findling-rss 1791118240,2170314752,794787840,30652072,2995585024,3111268352
findling-rss 1791118242,2195144704,794787840,30670808,3026935808,3111268352
findling-rss 1791118244,2159181824,794787840,30674352,2991468544,3111268352
findling-rss 1791118246,2213703680,794824704,30669944,3045785600,3111268352
findling-rss 1791118248,2139308032,794832896,30689448,2971373568,3111268352
findling-rss 1791118250,2213769216,794832896,30690680,3046060032,3111268352
findling-rss 1791118252,2162577408,794865664,30687112,2995023872,3111268352
findling-rss 1791118254,2194309120,794861568,30708296,3026313216,3111268352
findling-rss 1791118256,2214469632,794861568,30746272,3046367232,3111268352
findling-rss 1791118258,2215636992,794886144,30702632,3047624704,3111268352
findling-rss 1791118260,2207641600,794890240,30724456,3038261248,3111268352
findling-rss 1791118262,2067181568,804184064,30884760,2905538560,3111268352
findling-rss 1791118264,2217304064,794750976,30600640,3049021440,3111268352
findling-rss 1791118266,2212929536,794738688,30623672,3044679680,3111268352
findling-rss 1791118268,2066972672,794427392,30475032,2897555456,3111268352
findling-rss 1791118270,2182053888,794771456,30619800,2999873536,3111268352
findling-rss 1791118272,2214551552,794779648,30639696,3046604800,3111268352
findling-rss 1791118274,2067181568,794456064,30495608,2898087936,3111268352
findling-rss 1791118276,2159222784,794804224,30636744,2990927872,3111268352
findling-rss 1791118278,2214232064,794804224,30659432,3046125568,3111268352
findling-rss 1791118280,2099580928,794836992,30528488,2929377280,3111268352
findling-rss 1791118282,2160427008,794836992,30653008,2992340992,3111268352
findling-rss 1791118284,2215239680,794832896,30675176,3047088128,3111268352
findling-rss 1791118286,2105757696,795295744,30554760,2936250368,3111268352
findling-rss 1791118288,2214977536,795295744,30684416,3047542784,3111268352
findling-rss 1791118290,2197811200,796913664,30736944,3031969792,3111268352
findling-rss 1791118292,2101796864,795414528,30558080,2933968896,3111268352
findling-rss 1791118294,2165211136,795770880,30701944,2998214656,3111268352
findling-rss 1791118296,2214461440,795762688,30723352,3047534592,3111268352
findling-rss 1791118298,2064941056,795443200,30599496,2896998400,3111268352
findling-rss 1791118300,2215616512,795799552,30717992,3048644608,3111268352
findling-rss 1791118302,2195193856,795795456,30739208,3028393984,3111268352
findling-rss 1791118304,2217291776,795795456,30738664,3050336256,3111268352
findling-rss 1791118306,2214645760,795975680,30626792,3047534592,3111268352
findling-rss 1791118308,2154196992,795975680,30624864,2985521152,3111268352
findling-rss 1791118310,2065768448,795283456,30514440,2897760256,3111268352
findling-rss 1791118312,2160312320,795635712,30638552,2993176576,3111268352
findling-rss 1791118314,2208698368,795656192,30641160,3040002048,3111268352
findling-rss 1791118316,2101391360,795672576,30538008,2930946048,3111268352
findling-rss 1791118318,2214600704,795672576,30662800,3047395328,3111268352
findling-rss 1791118320,2213642240,795693056,30651832,3046903808,3111268352
findling-rss 1791118322,2099355648,796884992,30582840,2931621888,3111268352
findling-rss 1791118324,2143744000,796884992,30710336,2978021376,3111268352
findling-rss 1791118326,2154819584,795717632,30671976,2987237376,3111268352
findling-rss 1791118328,2046648320,795717632,30564056,2877206528,3111268352
findling-rss 1791118330,2214404096,795717632,30691288,3047428096,3111268352
findling-rss 1791118332,2212769792,795762688,30687760,3045654528,3111268352
findling-rss 1791118334,2063437824,795766784,30584000,2895863808,3111268352
findling-rss 1791118336,2215780352,795766784,30710016,3048665088,3111268352
findling-rss 1791118338,2214916096,795795456,30703208,3047915520,3111268352
findling-rss 1791118340,2119290880,795791360,30600176,2951753728,3111268352
findling-rss 1791118342,2214879232,795791360,30726392,3048108032,3111268352
findling-rss 1791118344,2160566272,795828224,30720832,2993500160,3111268352
findling-rss 1791118346,2128371712,797941760,30802576,2963075072,3111268352
findling-rss 1791118348,2220666880,797941760,30804808,3055906816,3111268352
findling-rss 1791118350,2185826304,797941760,30804712,3010523136,3111268352
findling-rss 1791118352,2206064640,797941760,30799248,3041398784,3111268352
findling-rss 1791118354,2226487296,797941760,30801856,3061813248,3111268352
findling-rss 1791118356,2225557504,797941760,30801856,3060834304,3111268352
findling-rss 1791118358,2225025024,797941760,30800224,3060449280,3111268352
findling-rss 1791118360,2086502400,797941760,30800264,2919645184,3111268352
findling-rss 1791118362,2222292992,797941760,30803040,3040845824,3111268352
findling-rss 1791118364,2174353408,797941760,30803016,3009662976,3111268352
findling-rss 1791118366,2123419648,795693056,30618736,2954612736,3111268352
findling-rss 1791118368,2218962944,795693056,30618248,3051786240,3111268352
findling-rss 1791118370,2214858752,795697152,30640640,3047759872,3111268352
findling-rss 1791118372,2006192128,795717632,30454808,2837909504,3111268352
findling-rss 1791118374,2094874624,795717632,30665040,2927570944,3111268352
findling-rss 1791118376,2163990528,795746304,30689192,2996862976,3111268352
findling-rss 1791118378,2183757824,795746304,30687832,3016364032,3111268352
findling-rss 1791118380,2184790016,795770880,30683904,3017539584,3111268352
findling-rss 1791118382,2165010432,795774976,30703824,2997673984,3111268352
findling-rss 1791118384,2034987008,795422720,30585120,2890416128,3111268352
findling-rss 1791118386,2185494528,795799552,30700736,3018317824,3111268352
findling-rss 1791118388,2127503360,795803648,30722040,2959802368,3111268352
findling-rss 1791118390,2189783040,795803648,30723400,3022770176,3111268352
findling-rss 1791118392,2182971392,795828224,30716616,3015692288,3111268352
findling-rss 1791118394,2164391936,795820032,30736256,2997293056,3111268352
findling-rss 1791118396,2185445376,795820032,30737456,3018493952,3111268352
findling-rss 1791118398,2174562304,795852800,30733064,3002056704,3111268352
findling-rss 1791118401,2163384320,795860992,30755016,2996162560,3111268352
findling-rss 1791118403,1989263360,795860992,30648016,2821926912,3111268352
findling-rss 1791118405,2193805312,795889664,30751616,3027181568,3111268352
findling-rss 1791118407,2180280320,795676672,30786408,3013185536,3111268352
findling-rss 1791118409,2203922432,795676672,30787768,3036917760,3111268352
findling-rss 1791118411,2139480064,795762688,30672368,2972217344,3111268352
findling-rss 1791118413,2174234624,795762688,30695600,3007135744,3111268352
findling-rss 1791118415,2042662912,795762688,30694376,2944892928,3111268352
findling-rss 1791118417,2191454208,796217344,30700352,3024633856,3111268352
findling-rss 1791118419,2118385664,796209152,30720888,2951688192,3111268352
findling-rss 1791118421,2197012480,796209152,30724280,3030339584,3111268352
findling-rss 1791118423,2141986816,796233728,30716680,2975514624,3111268352
findling-rss 1791118425,2101575680,797396992,30771680,2936184832,3111268352
findling-rss 1791118427,2175877120,797396992,30771552,3010244608,3111268352
findling-rss 1791118429,2138812416,796266496,30733248,2971942912,3111268352
findling-rss 1791118431,2118418432,796258304,30753648,2952110080,3111268352
findling-rss 1791118433,2142392320,796258304,30755984,2975813632,3111268352
findling-rss 1791118435,2196561920,796291072,30754832,3030315008,3111268352
findling-rss 1791118437,2118422528,796291072,30774368,2951385088,3111268352
findling-rss 1791118439,2196217856,796291072,30777384,3029483520,3111268352
findling-rss 1791118441,2138411008,796327936,30766616,2972078080,3111268352
findling-rss 1791118443,2174062592,796319744,30790032,3007438848,3111268352
findling-rss 1791118445,2067365888,796319744,30719280,3001487360,3111268352
findling-rss 1791118447,2190295040,796348416,30783360,3023818752,3111268352
findling-rss 1791118449,2183274496,796344320,30805232,3015475200,3111268352
findling-rss 1791118451,2046316544,804126720,30921184,2886062080,3111268352
findling-rss 1791118453,2201321472,796209152,30685576,3034599424,3111268352
findling-rss 1791118455,2133856256,796209152,30706736,2965594112,3111268352
findling-rss 1791118457,1990512640,795881472,30555296,2822324224,3111268352
findling-rss 1791118459,2138181632,796237824,30700680,2971459584,3111268352
findling-rss 1791118461,2185306112,796229632,30737600,3008561152,3111268352
findling-rss 1791118463,2045747200,795926528,30572896,2877947904,3111268352
findling-rss 1791118465,2138308608,796274688,30719784,2971549696,3111268352
findling-rss 1791118467,2143657984,796270592,30741000,2971672576,3111268352
findling-rss 1791118469,2078859264,796311552,30617208,2910588928,3111268352
findling-rss 1791118471,2193494016,796311552,30736432,3026890752,3111268352
findling-rss 1791118473,2138632192,796319744,30759616,2971901952,3111268352
findling-rss 1791118475,2034814976,796348416,30622920,2865774592,3111268352
findling-rss 1791118477,2195382272,796348416,30810648,3027103744,3111268352
findling-rss 1791118479,2193260544,796336128,30773664,3026485248,3111268352
findling-rss 1791118481,2098458624,796372992,30641656,2931245056,3111268352
findling-rss 1791118483,2196779008,796372992,30769256,3030360064,3111268352
findling-rss 1791118485,2193936384,796360704,30792560,3017904128,3111268352
findling-rss 1791118487,2082189312,797777920,30697568,2915586048,3111268352
findling-rss 1791118489,2194300928,797777920,30823040,3029155840,3111268352
findling-rss 1791118491,2206986240,797777920,30824360,3041914880,3111268352
findling-rss 1791118493,2165129216,797777920,30820840,2981203968,3111268352
findling-rss 1791118495,2206150656,797777920,30822904,3041136640,3111268352
findling-rss 1791118497,2206941184,797777920,30823448,3041931264,3111268352
findling-rss 1791118499,2203947008,797777920,30823312,3038924800,3111268352
findling-rss 1791118501,2088783872,796389376,30681200,2920783872,3111268352
findling-rss 1791118503,2191609856,796807168,30818416,3025342464,3111268352
findling-rss 1791118505,2193514496,796684288,30697712,3027415040,3111268352
findling-rss 1791118507,2098286592,796676096,30598328,2931331072,3111268352
findling-rss 1791118509,2140139520,796676096,30720312,2974232576,3111268352
findling-rss 1791118511,2138542080,796712960,30716040,2972524544,3111268352
findling-rss 1791118513,2042667008,796717056,30610512,2875715584,3111268352
findling-rss 1791118515,2193547264,796717056,30737888,3027238912,3111268352
findling-rss 1791118517,2194079744,796745728,30732576,3028238336,3111268352
findling-rss 1791118519,2097278976,796745728,30625928,2930823168,3111268352
findling-rss 1791118521,2196451328,796745728,30751896,3030290432,3111268352
findling-rss 1791118523,2194612224,796774400,30748024,3028324352,3111268352
findling-rss 1791118525,2107355136,796766208,30769736,2940272640,3111268352
findling-rss 1791118527,2196180992,796766208,30771736,3030364160,3111268352
findling-rss 1791118529,2138451968,796803072,30765016,2972561408,3111268352
findling-rss 1791118531,2069626880,796803072,30787744,2899927040,3111268352
findling-rss 1791118533,2194898944,796803072,30787976,3028729856,3111268352
findling-rss 1791118535,2138644480,796827648,30781736,2972430336,3111268352
findling-rss 1791118537,2051551232,796827648,30805920,2885238784,3111268352
findling-rss 1791118539,2194989056,796827648,30804152,3029008384,3111268352
findling-rss 1791118541,2138980352,796864512,30798656,2973044736,3111268352
findling-rss 1791118543,2131349504,796860416,30819232,2961387520,3111268352
findling-rss 1791118545,2194198528,796860416,30821912,3028287488,3111268352
findling-rss 1791118547,2139009024,796717056,30701136,2972962816,3111268352
findling-rss 1791118549,2071228416,796729344,30721888,2904743936,3111268352
findling-rss 1791118551,2199781376,796729344,30723208,3033604096,3111268352
findling-rss 1791118553,2193727488,796766208,30716328,3027525632,3111268352
findling-rss 1791118555,2125754368,796758016,30740144,2959613952,3111268352
findling-rss 1791118557,2192338944,796758016,30744904,3025592320,3111268352
findling-rss 1791118559,2139406336,796794880,30738728,2973085696,3111268352
findling-rss 1791118561,2092552192,796798976,30755680,2926407680,3111268352
findling-rss 1791118563,2195001344,796798976,30755712,3029413888,3111268352
findling-rss 1791118565,2192711680,796819456,30752312,3026722816,3111268352
findling-rss 1791118567,2168463360,796819456,30775992,2996805632,3111268352
findling-rss 1791118569,2139308032,796819456,30773272,2973429760,3111268352
findling-rss 1791118571,2194071552,796844032,30768488,3027873792,3111268352
findling-rss 1791118573,2118680576,796852224,30789376,2952798208,3111268352
findling-rss 1791118575,2138812416,796852224,30791168,2972876800,3111268352
findling-rss 1791118577,2192834560,796868608,30784568,3026857984,3111268352
findling-rss 1791118579,2118688768,796876800,30807104,2952605696,3111268352
findling-rss 1791118581,2195316736,796876800,30807208,3029254144,3111268352
findling-rss 1791118583,2194944000,796901376,30798960,3029037056,3111268352
findling-rss 1791118585,2118680576,796905472,30818336,2952617984,3111268352
findling-rss 1791118587,2197327872,796905472,30820944,3031506944,3111268352
findling-rss 1791118589,2193633280,796774400,30702048,3027644416,3111268352
findling-rss 1791118591,2118692864,796778496,30723856,2952531968,3111268352
findling-rss 1791118593,2200244224,796794880,30725320,3034427392,3111268352
findling-rss 1791118595,2193625088,796815360,30719624,3027640320,3111268352
findling-rss 1791118597,2124189696,796819456,30742968,2955685888,3111268352
findling-rss 1791118599,2139033600,796819456,30780120,2973106176,3111268352
findling-rss 1791118601,2143850496,796852224,30736704,2977824768,3111268352
findling-rss 1791118603,2174124032,797904896,30785432,3009413120,3111268352
findling-rss 1791118605,2138869760,797904896,30788584,2973806592,3111268352
findling-rss 1791118607,2148646912,797904896,30787608,2983415808,3111268352
findling-rss 1791118609,2204430336,797904896,30787472,3039514624,3111268352
findling-rss 1791118611,2147512320,797904896,30786832,2982088704,3111268352
findling-rss 1791118613,2151239680,797904896,30791888,2986504192,3111268352
findling-rss 1791118616,2193309696,796876800,30757544,3027484672,3111268352
findling-rss 1791118618,2135461888,796880896,30779440,2968928256,3111268352
findling-rss 1791118620,2195124224,796880896,30780888,3029250048,3111268352
findling-rss 1791118622,2138382336,796909568,30774784,2972516352,3111268352
findling-rss 1791118624,2138017792,796909568,30795176,2971922432,3111268352
findling-rss 1791118626,2195750912,796909568,30796768,3029716992,3111268352
findling-rss 1791118628,2194624512,796942336,30790640,3028697088,3111268352
findling-rss 1791118630,2118717440,796934144,30814168,2938568704,3111268352
findling-rss 1791118632,2195853312,796934144,30811880,3030216704,3111268352
findling-rss 1791118634,2193117184,797405184,30821728,3027951616,3111268352
findling-rss 1791118636,2174636032,797409280,30842192,3009335296,3111268352
findling-rss 1791118638,2179805184,797409280,30842920,2997526528,3111268352
findling-rss 1791118640,2139795456,797261824,30720360,2997547008,3111268352
findling-rss 1791118642,2174636032,798674944,30782704,3010322432,3111268352
findling-rss 1791118644,2195234816,798674944,30780328,3031134208,3111268352
findling-rss 1791118646,2149711872,798674944,30781688,2985472000,3111268352
findling-rss 1791118648,2205241344,798674944,30780576,3041423360,3111268352
findling-rss 1791118650,2139062272,798674944,30776592,2975031296,3111268352
findling-rss 1791118652,2208567296,798674944,30779000,3044483072,3111268352
findling-rss 1791118654,2205900800,798674944,30779680,3042041856,3111268352
findling-rss 1791118656,2093375488,797298688,30737096,2927710208,3111268352
findling-rss 1791118658,2140033024,797298688,30741008,2974773248,3111268352
findling-rss 1791118660,2195849216,797306880,30760016,3030028288,3111268352
findling-rss 1791118662,2140725248,801861632,30917624,2980327424,3111268352
findling-rss 1791118664,2194288640,801861632,30876048,3033141248,3111268352
findling-rss 1791118666,2204819456,801861632,30876320,3043733504,3111268352
findling-rss 1791118668,2205077504,801861632,30874960,3044241408,3111268352
findling-rss 1791118670,2111336448,801861632,30750304,2949808128,3111268352
findling-rss 1791118672,2151763968,801861632,30876560,2991079424,3111268352
findling-rss 1791118674,2207100928,801861632,30877000,3046162432,3111268352
findling-rss 1791118676,2187022336,801861632,30882512,3026067456,3111268352
findling-rss 1791118678,2207223808,801861632,30894248,3046600704,3111268352
findling-rss 1791118680,2154504192,801878016,30876904,2993438720,3111268352
findling-rss 1791118682,2154881024,801878016,30876904,2994221056,3111268352
findling-rss 1791118684,2141876224,801878016,30875720,2980802560,3111268352
findling-rss 1791118686,2203267072,801878016,30878128,3042385920,3111268352
findling-rss 1791118688,2206461952,801878016,30876632,3045855232,3111268352
findling-rss 1791118690,2153033728,801878016,30894352,2991857664,3111268352
findling-rss 1791118692,2112090112,801878016,30753064,2950885376,3111268352
findling-rss 1791118694,2209562624,801878016,30878128,3048443904,3111268352
findling-rss 1791118696,2209484800,801878016,30876496,3048439808,3111268352
findling-rss 1791118698,2136723456,801878016,30875248,2975866880,3111268352
findling-rss 1791118700,2158452736,801878016,30876360,2997583872,3111268352
findling-rss 1791118702,2148900864,797351936,30776288,2983436288,3111268352
findling-rss 1791118704,2050199552,797048832,30634504,2884022272,3111268352
findling-rss 1791118706,2049785856,797048832,30634776,2883395584,3111268352
findling-rss 1791118708,2050199552,797048832,30636136,2883850240,3111268352
findling-rss 1791118710,2049576960,797048832,30633280,2882772992,3111268352
findling-rss 1791118712,2050195456,797048832,30632872,2883719168,3111268352
findling-rss 1791118714,2048552960,797048832,30634232,2882453504,3111268352
findling-rss 1791118716,2048348160,797048832,30634640,2881748992,3111268352
findling-rss 1791118718,2050203648,797048832,30633960,2883874816,3111268352
findling-rss 1791118720,1994354688,797048832,30634096,2838798336,3111268352
findling-rss 1791118722,2049581056,797048832,30633960,2883457024,3111268352
findling-rss 1791118724,2050207744,797048832,30635320,2883870720,3111268352
findling-rss 1791118726,2048561152,797065216,30636040,2882113536,3111268352
findling-rss 1791118728,2050207744,797065216,30634784,2883776512,3111268352
findling-rss 1791118730,2050207744,797065216,30634408,2884108288,3111268352
findling-rss 1791118732,2050207744,797065216,30633456,2884079616,3111268352
findling-rss 1791118734,2049376256,797065216,30633456,2883067904,3111268352
findling-rss 1791118736,2050207744,797065216,30634000,2883956736,3111268352
findling-rss 1791118738,1994358784,797065216,30634272,2843488256,3111268352
findling-rss 1791118740,2048356352,797065216,30634816,2881900544,3111268352
findling-rss 1791118742,2048974848,797065216,30632912,2882412544,3111268352
findling-rss 1791118744,2048987136,797065216,30633320,2882842624,3111268352
findling-rss 1791118746,2050224128,797065216,30634680,2884304896,3111268352
findling-rss 1791118748,2050224128,797065216,30635360,2884038656,3111268352
findling-rss 1791118750,1994375168,797065216,30633728,2828128256,3111268352
findling-rss 1791118752,2044219392,797065216,30635088,2865016832,3111268352
findling-rss 1791118754,1994375168,797065216,30632640,2827939840,3111268352
findling-rss 1791118756,1994375168,797065216,30634000,2828013568,3111268352
findling-rss 1791118758,1994375168,797065216,30634952,2827698176,3111268352
findling-rss 1791118760,1994375168,797065216,30634272,2828083200,3111268352
findling-rss 1791118762,1994375168,797065216,30634272,2827948032,3111268352
findling-rss 1791118764,2089537536,797413376,30773160,2923806720,3111268352
findling-rss 1791118766,2046443520,797425664,30669064,2880667648,3111268352
findling-rss 1791118768,2092433408,797425664,30795760,2927030272,3111268352
findling-rss 1791118770,2090139648,797454336,30786880,2924871680,3111268352
findling-rss 1791118772,2005204992,797437952,30810024,2839556096,3111268352
findling-rss 1791118774,2093441024,797437952,30810072,2927951872,3111268352
findling-rss 1791118776,2090283008,797466624,30804944,2924969984,3111268352
findling-rss 1791118778,2070274048,797470720,30826904,2904686592,3111268352
findling-rss 1791118780,2091151360,797470720,30828816,2925916160,3111268352
findling-rss 1791118782,2094239744,797511680,30819760,2928812032,3111268352
findling-rss 1791118784,2126110720,799600640,30904296,2963005440,3111268352
findling-rss 1791118786,2096869376,799600640,30899976,2933223424,3111268352
findling-rss 1791118788,2091552768,799600640,30900656,2928271360,3111268352
findling-rss 1791118790,2141958144,799600640,30900792,2978938880,3111268352
findling-rss 1791118792,2070286336,799600640,30901064,2906746880,3111268352
findling-rss 1791118794,2090881024,799600640,30901744,2927493120,3111268352
findling-rss 1791118796,2142744576,799600640,30906352,2979659776,3111268352
findling-rss 1791118798,2151878656,799600640,30905928,2988666880,3111268352
findling-rss 1791118800,2098049024,799600640,30901944,2934366208,3111268352
findling-rss 1791118802,2154938368,799600640,30900896,2991751168,3111268352
findling-rss 1791118804,2090655744,797417472,30738704,2925092864,3111268352
findling-rss 1791118806,2070302720,797401088,30760656,2904772608,3111268352
findling-rss 1791118808,2090643456,797401088,30798400,2926256128,3111268352
findling-rss 1791118810,2090852352,797437952,30753936,2925285376,3111268352
findling-rss 1791118812,2070294528,797429760,30774624,2904920064,3111268352
findling-rss 1791118814,1994395648,797110272,30626376,2827730944,3111268352
findling-rss 1791118816,2089984000,797458432,30773304,2924662784,3111268352
findling-rss 1791118818,2089934848,797466624,30793184,2924756992,3111268352
findling-rss 1791118820,2046464000,797499392,30662240,2880778240,3111268352
findling-rss 1791118822,2090762240,797499392,30788360,2925109248,3111268352
findling-rss 1791118824,2090696704,797495296,30809080,2925375488,3111268352
findling-rss 1791118826,2021347328,799608832,30863680,2857881600,3111268352
findling-rss 1791118828,2096148480,799608832,30868840,2932850688,3111268352
findling-rss 1791118830,2090364928,799608832,30865544,2927083520,3111268352
findling-rss 1791118832,2122362880,799608832,30861984,2959060992,3111268352
findling-rss 1791118834,2046603264,799608832,30738288,2883100672,3111268352
findling-rss 1791118836,2090393600,799608832,30861984,2927005696,3111268352
findling-rss 1791118838,2142314496,799608832,30863584,2979024896,3111268352
findling-rss 1791118840,2132123648,799608832,30865216,2968829952,3111268352
findling-rss 1791118842,2155438080,799608832,30862496,2992234496,3111268352
findling-rss 1791118844,2153074688,799608832,30863344,2989649920,3111268352
findling-rss 1791118846,2090266624,797540352,30825744,2924765184,3111268352
findling-rss 1791118848,2046464000,797560832,30731776,2880880640,3111268352
findling-rss 1791118850,2090270720,797560832,30821312,2924834816,3111268352
findling-rss 1791118852,2090188800,797564928,30843976,2924675072,3111268352
findling-rss 1791118854,2044194816,797589504,30838544,2874445824,3111268352
findling-rss 1791118857,2090577920,797589504,30839880,2925363200,3111268352
findling-rss 1791118859,2090229760,797581312,30862256,2924883968,3111268352
findling-rss 1791118861,2070302720,800944128,30837000,2908495872,3111268352
findling-rss 1791118863,2090762240,800944128,30836752,2928586752,3111268352
findling-rss 1791118865,2140704768,800944128,30834416,2978873344,3111268352
findling-rss 1791118867,2142773248,800944128,30835392,2981134336,3111268352
findling-rss 1791118869,2071724032,800944128,30838744,2909753344,3111268352
findling-rss 1791118871,2094608384,800944128,30836824,2933125120,3111268352
findling-rss 1791118873,2147119104,800944128,30833760,2985250816,3111268352
findling-rss 1791118875,2151641088,800944128,30835392,2989883392,3111268352
findling-rss 1791118877,2083876864,800944128,30833544,2915491840,3111268352
findling-rss 1791118879,2153238528,800944128,30834136,2991288320,3111268352
findling-rss 1791118881,2154582016,800944128,30834576,2992754688,3111268352
findling-rss 1791118883,2153066496,800944128,30834736,2991202304,3111268352
findling-rss 1791118885,2058379264,800944128,30714968,2896420864,3111268352
findling-rss 1791118887,2153906176,800944128,30834032,2992115712,3111268352
findling-rss 1791118889,2154643456,800944128,30831344,2992685056,3111268352
findling-rss 1791118891,2070306816,797466624,30757896,2904915968,3111268352
findling-rss 1791118893,2090426368,797466624,30759536,2924994560,3111268352
findling-rss 1791118895,2096160768,797495296,30758472,2930569216,3111268352
findling-rss 1791118897,2086334464,797507584,30778056,2920898560,3111268352
findling-rss 1791118899,1994399744,797175808,30632160,2828500992,3111268352
findling-rss 1791118901,2194219008,797315072,30770360,3028611072,3111268352
findling-rss 1791118903,2089783296,797528064,30797952,2924285952,3111268352
findling-rss 1791118905,1994399744,797208576,30652776,2828251136,3111268352
findling-rss 1791118907,2090909696,797560832,30791712,2925805568,3111268352
findling-rss 1791118909,2089648128,797564928,30813696,2924380160,3111268352
findling-rss 1791118911,2046468096,797589504,30678496,2880823296,3111268352
findling-rss 1791118913,2090725376,797589504,30807728,2925527040,3111268352
findling-rss 1791118915,2090598400,797589504,30834344,2925039616,3111268352
findling-rss 1791118917,2021335040,797609984,30830568,2856116224,3111268352
findling-rss 1791118919,2090778624,797609984,30832104,2925637632,3111268352
findling-rss 1791118921,2090233856,797622272,30850336,2925195264,3111268352
findling-rss 1791118923,2070323200,797655040,30845256,2905088000,3111268352
findling-rss 1791118925,2096828416,797655040,30845528,2931576832,3111268352
findling-rss 1791118927,2091114496,797642752,30867064,2925588480,3111268352
findling-rss 1791118929,2125725696,797483008,30745472,2960265216,3111268352
findling-rss 1791118931,2093969408,797483008,30744248,2928549888,3111268352
findling-rss 1791118933,2126729216,798666752,30797840,2962444288,3111268352
findling-rss 1791118935,2070290432,797507584,30759872,2904748032,3111268352
findling-rss 1791118937,1994403840,797159424,30650208,2827960320,3111268352
findling-rss 1791118939,2090729472,797515776,30782520,2925420544,3111268352
findling-rss 1791118941,2124587008,797511680,30775536,2959261696,3111268352
findling-rss 1791118943,2003705856,797548544,30799248,2837606400,3111268352
findling-rss 1791118945,2146451456,797962240,30812776,2981425152,3111268352
findling-rss 1791118947,2105098240,797990912,30808008,2939408384,3111268352
findling-rss 1791118949,2041044992,797982720,30828632,2872229888,3111268352
findling-rss 1791118951,2110320640,797982720,30829112,2945388544,3111268352
findling-rss 1791118953,2103607296,798007296,30825456,2938695680,3111268352
findling-rss 1791118955,2048106496,798007296,30841160,2883158016,3111268352
findling-rss 1791118957,2107789312,798007296,30844112,2943131648,3111268352
findling-rss 1791118959,2109468672,798044160,30840216,2944720896,3111268352
findling-rss 1791118961,2066747392,798035968,30861296,2898337792,3111268352
findling-rss 1791118963,2111348736,798035968,30862256,2946379776,3111268352
findling-rss 1791118965,2104209408,798068736,30854640,2939138048,3111268352
findling-rss 1791118967,2084151296,798064640,30877368,2918969344,3111268352
findling-rss 1791118969,2103386112,798064640,30876416,2938855424,3111268352
findling-rss 1791118971,2104233984,797925376,30755248,2938908672,3111268352
findling-rss 1791118973,2086871040,797925376,30772096,2920513536,3111268352
findling-rss 1791118975,2008260608,797601792,30624024,2842046464,3111268352
findling-rss 1791118977,2104553472,797949952,30768464,2939473920,3111268352
findling-rss 1791118979,2138877952,798281728,30794520,2974404608,3111268352
findling-rss 1791118981,2042871808,797949952,30646872,2877583360,3111268352
findling-rss 1791118983,2104426496,798302208,30788912,2939473920,3111268352
findling-rss 1791118985,2103537664,798646272,30820736,2939146240,3111268352
findling-rss 1791118987,2084159488,798646272,30821064,2919800832,3111268352
findling-rss 1791118989,2104770560,798646272,30822424,2940338176,3111268352
findling-rss 1791118991,2105905152,798330880,30806472,2941186048,3111268352
findling-rss 1791118993,2084151296,798334976,30826136,2919464960,3111268352
findling-rss 1791118995,2008264704,798011392,30678680,2842849280,3111268352
findling-rss 1791118997,2109661184,798367744,30823456,2944761856,3111268352
findling-rss 1791118999,2103443456,798359552,30843408,2938769408,3111268352
findling-rss 1791119001,2008264704,798040064,30693112,2842669056,3111268352
findling-rss 1791119003,2105212928,798396416,30837640,2940674048,3111268352
findling-rss 1791119005,2103173120,798392320,30860896,2938658816,3111268352
findling-rss 1791119007,2008264704,804360192,30888480,2849591296,3111268352
findling-rss 1791119009,2104172544,805412864,31048688,2946908160,3111268352
findling-rss 1791119011,2104082432,805412864,31049864,2946793472,3111268352
findling-rss 1791119013,2136236032,805412864,31047040,2979016704,3111268352
findling-rss 1791119015,2157404160,805412864,31048264,3000094720,3111268352
findling-rss 1791119017,2103840768,805412864,31048128,2946490368,3111268352
findling-rss 1791119019,2156032000,805412864,31045736,2998726656,3111268352
findling-rss 1791119021,2098917376,805412864,31044016,2941276160,3111268352
findling-rss 1791119023,2166161408,805412864,31046968,3008741376,3111268352
findling-rss 1791119025,2167037952,805412864,31045984,3009961984,3111268352
findling-rss 1791119027,2167291904,805412864,31043696,3009925120,3111268352
findling-rss 1791119029,2083491840,805412864,31042896,2925985792,3111268352
findling-rss 1791119031,2168934400,805412864,31046304,3011174400,3111268352
findling-rss 1791119033,2168582144,805412864,31043552,3011506176,3111268352
findling-rss 1791119035,2148188160,805412864,31045248,2991235072,3111268352
findling-rss 1791119037,2072387584,805412864,30926064,2914832384,3111268352
findling-rss 1791119039,2169012224,805412864,31049096,3011637248,3111268352
findling-rss 1791119041,2169503744,805412864,31041120,3012534272,3111268352
findling-rss 1791119043,2149257216,805412864,31045712,2991964160,3111268352
findling-rss 1791119045,2169810944,805412864,31044760,3012562944,3111268352
findling-rss 1791119047,2120708096,805412864,31044640,2963517440,3111268352
findling-rss 1791119049,2115796992,805412864,31045184,2958573568,3111268352
findling-rss 1791119051,2140073984,805412864,31061200,2982862848,3111268352
findling-rss 1791119053,2161602560,805412864,31044080,3004231680,3111268352
findling-rss 1791119055,2169712640,805412864,31046280,3012460544,3111268352
findling-rss 1791119057,2171170816,805412864,31046664,3013484544,3111268352
findling-rss 1791119059,2116857856,805412864,31042648,2959499264,3111268352
findling-rss 1791119061,2171416576,805412864,31045000,3013914624,3111268352
findling-rss 1791119063,2171068416,805412864,31043536,3013877760,3111268352
findling-rss 1791119065,2104139776,798449664,30876688,2939789312,3111268352
findling-rss 1791119067,2008403968,854859776,32419544,2902036480,3111268352
findling-rss 1791119069,2104999936,798326784,30757080,2940346368,3111268352
findling-rss 1791119071,2104070144,798322688,30780336,2939715584,3111268352
findling-rss 1791119073,2060472320,798351360,30658840,2895405056,3111268352
findling-rss 1791119075,2107179008,798351360,30774072,2942263296,3111268352
findling-rss 1791119077,2105081856,798343168,30796280,2940755968,3111268352
findling-rss 1791119079,2020020224,798384128,30787808,2855272448,3111268352
findling-rss 1791119081,2105196544,798384128,30790744,2940801024,3111268352
findling-rss 1791119083,2104786944,798384128,30812088,2940194816,3111268352
findling-rss 1791119085,2075615232,798412800,30806752,2911223808,3111268352
findling-rss 1791119087,2105393152,798412800,30807712,2940706816,3111268352
findling-rss 1791119089,2103402496,798404608,30830040,2938712064,3111268352
findling-rss 1791119091,2084294656,798429184,30823952,2919698432,3111268352
findling-rss 1791119093,2110390272,798429184,30822032,2945839104,3111268352
findling-rss 1791119095,2109063168,798433280,30845920,2944610304,3111268352
findling-rss 1791119097,2100600832,798466048,30840560,2935758848,3111268352
findling-rss 1791119099,2058010624,798470144,30738048,2892361728,3111268352
findling-rss 1791119101,2104631296,798470144,30863928,2940444672,3111268352
findling-rss 1791119103,2103623680,798486528,30858416,2939523072,3111268352
findling-rss 1791119105,2060472320,798490624,30753024,2895839232,3111268352
findling-rss 1791119107,2104451072,798490624,30881080,2940342272,3111268352
findling-rss 1791119109,2105679872,798363648,30758832,2941083648,3111268352
findling-rss 1791119111,2053406720,798339072,30779312,2887852032,3111268352
findling-rss 1791119113,2142597120,798339072,30779952,2978004992,3111268352
findling-rss 1791119115,2104156160,798388224,30776080,2939752448,3111268352
findling-rss 1791119117,2066870272,798371840,30796528,2899668992,3111268352
findling-rss 1791119119,2103889920,798371840,30797096,2938994688,3111268352
findling-rss 1791119121,2104070144,798408704,30791600,2939195392,3111268352
findling-rss 1791119123,2119962624,798425088,30813312,2955186176,3111268352
findling-rss 1791119125,2044272640,798089216,30688016,2879098880,3111268352
findling-rss 1791119128,2105446400,798433280,30806920,2940911616,3111268352
findling-rss 1791119130,2106560512,798441472,30828424,2941997056,3111268352
findling-rss 1791119132,2009665536,798117888,30682656,2844135424,3111268352
findling-rss 1791119134,2106085376,798470144,30824984,2941501440,3111268352
findling-rss 1791119136,2105339904,798482432,30847192,2941198336,3111268352
findling-rss 1791119138,2060722176,798507008,30711208,2894536704,3111268352
findling-rss 1791119140,2144522240,798507008,30842432,2980098048,3111268352
findling-rss 1791119142,2105171968,798494720,30863712,2940469248,3111268352
findling-rss 1791119144,2061737984,798523392,30730376,2897141760,3111268352
findling-rss 1791119146,2108342272,798523392,30857936,2944016384,3111268352
findling-rss 1791119148,2105180160,798523392,30881480,2941095936,3111268352
findling-rss 1791119150,2078420992,856526848,32561352,2970902528,3111268352
findling-rss 1791119152,2147876864,799567872,30792328,2984648704,3111268352
findling-rss 1791119154,2105192448,798392320,30781200,2940882944,3111268352
findling-rss 1791119156,2073944064,798416896,30778232,2906017792,3111268352
findling-rss 1791119158,2105257984,798416896,30779688,2940821504,3111268352
findling-rss 1791119160,2104967168,798412800,30801312,2940104704,3111268352
findling-rss 1791119162,2059456512,798453760,30792144,2894495744,3111268352
findling-rss 1791119164,2110099456,798453760,30794192,2945441792,3111268352
findling-rss 1791119166,2105937920,802635776,30932968,2945843200,3111268352
findling-rss 1791119168,2091692032,802635776,30926096,2929827840,3111268352
findling-rss 1791119170,2059882496,802635776,30801680,2898325504,3111268352
findling-rss 1791119172,2157133824,802635776,30928136,2996969472,3111268352
findling-rss 1791119174,2108776448,802635776,30928120,2948427776,3111268352
findling-rss 1791119176,2137645056,802635776,30927688,2977386496,3111268352
findling-rss 1791119178,2163757056,802635776,30928784,3003187200,3111268352
findling-rss 1791119180,2167508992,802635776,30928648,3007324160,3111268352
findling-rss 1791119182,2168979456,802635776,30930008,3008708608,3111268352
findling-rss 1791119184,2123452416,802635776,30927016,2963349504,3111268352
findling-rss 1791119186,2169577472,802635776,30929328,3009474560,3111268352
findling-rss 1791119188,2170359808,802635776,30930416,3010060288,3111268352
findling-rss 1791119190,2157285376,802635776,30931392,2995724288,3111268352
findling-rss 1791119192,2073669632,802635776,30803824,2912751616,3111268352
findling-rss 1791119194,2169954304,802635776,30928064,3009683456,3111268352
findling-rss 1791119196,2169974784,802635776,30928000,3009753088,3111268352
findling-rss 1791119198,2149564416,802635776,30925272,2989518848,3111268352
findling-rss 1791119200,2143973376,802635776,30925688,2984259584,3111268352
findling-rss 1791119202,2105901056,798502912,30811560,2941259776,3111268352
findling-rss 1791119204,2104672256,798507008,30834208,2940231680,3111268352
findling-rss 1791119206,2009690112,798175232,30686744,2844815360,3111268352
findling-rss 1791119208,2109927424,798527488,30828672,2945191936,3111268352
findling-rss 1791119210,2105131008,798519296,30849248,2940882944,3111268352
findling-rss 1791119212,2061762560,798556160,30716272,2897158144,3111268352
findling-rss 1791119214,2105819136,798556160,30847512,2941550592,3111268352
findling-rss 1791119216,2105651200,798556160,30869792,2941276160,3111268352
findling-rss 1791119218,2059485184,798580736,30861504,2895294464,3111268352
findling-rss 1791119220,2106109952,798580736,30863552,2941808640,3111268352
findling-rss 1791119222,2105266176,798576640,30886912,2941087744,3111268352
findling-rss 1791119224,2085629952,798453760,30763360,2920755200,3111268352
findling-rss 1791119226,2106314752,798453760,30765408,2941804544,3111268352
findling-rss 1791119228,2105864192,798449664,30786896,2941140992,3111268352
findling-rss 1791119230,2105024512,798490624,30781528,2940264448,3111268352
findling-rss 1791119232,2036154368,798470144,30677760,2867593216,3111268352
findling-rss 1791119234,2107179008,798470144,30803776,2942574592,3111268352
findling-rss 1791119236,2104741888,798507008,30797928,2940526592,3111268352
findling-rss 1791119238,2011942912,798511104,30817736,2846932992,3111268352
findling-rss 1791119240,2106810368,798511104,30819720,2942271488,3111268352
findling-rss 1791119242,2073616384,798543872,30882640,2909278208,3111268352
findling-rss 1791119244,2121555968,798543872,30883872,2957283328,3111268352
findling-rss 1791119246,2153369600,798535680,30906336,2989293568,3111268352
findling-rss 1791119248,2133422080,798556160,30900000,2969174016,3111268352
findling-rss 1791119250,2153631744,798556160,30900256,2989375488,3111268352
findling-rss 1791119252,2152722432,798564352,30925688,2988425216,3111268352
findling-rss 1791119254,2152628224,798588928,30916488,2987421696,3111268352
findling-rss 1791119256,2018213888,798593024,30813104,2849890304,3111268352
findling-rss 1791119258,2154262528,798593024,30939592,2990616576,3111268352
findling-rss 1791119260,2153316352,798625792,30934120,2989080576,3111268352
findling-rss 1791119262,2068922368,798617600,30953512,2904707072,3111268352
findling-rss 1791119264,2155884544,798617600,30952944,2991656960,3111268352
findling-rss 1791119266,2159677440,798482432,30835264,2995154944,3111268352
findling-rss 1791119268,2129842176,798482432,30854352,2965123072,3111268352
findling-rss 1791119270,2153316352,798482432,30855808,2988769280,3111268352
findling-rss 1791119272,2153107456,798515200,30851152,2988646400,3111268352
findling-rss 1791119274,2133458944,798523392,30873792,2969178112,3111268352
findling-rss 1791119276,2153771008,798523392,30873216,2990006272,3111268352
findling-rss 1791119278,2157744128,798543872,30871488,2993344512,3111268352
findling-rss 1791119280,2137243648,800284672,30940136,2973241344,3111268352
findling-rss 1791119282,2067320832,800284672,30817024,2904231936,3111268352
findling-rss 1791119284,2200625152,800284672,30939360,3038429184,3111268352
findling-rss 1791119286,2163904512,800284672,30938240,3001597952,3111268352
findling-rss 1791119288,2145337344,800284672,30937560,2983079936,3111268352
findling-rss 1791119290,2165919744,800284672,30938136,3003273216,3111268352
findling-rss 1791119292,2166157312,800284672,30940336,3003695104,3111268352
findling-rss 1791119294,2165481472,800284672,30936776,3003113472,3111268352
findling-rss 1791119296,2059137024,798584832,30875864,2894319616,3111268352
findling-rss 1791119298,2153652224,798584832,30882152,2989330432,3111268352
findling-rss 1791119300,2153521152,798580736,30906736,2988806144,3111268352
findling-rss 1791119302,2069323776,798621696,30919008,2904952832,3111268352
findling-rss 1791119304,2141863936,798621696,30922352,2977705984,3111268352
findling-rss 1791119306,2155515904,798613504,30944472,2991493120,3111268352
findling-rss 1791119308,2108870656,798638080,30937680,2944626688,3111268352
findling-rss 1791119310,2155085824,798638080,30940000,2990772224,3111268352
findling-rss 1791119312,2155511808,798633984,30960960,2991497216,3111268352
findling-rss 1791119314,2134994944,798670848,30955720,2970918912,3111268352
findling-rss 1791119316,2059087872,798670848,30846040,2925522944,3111268352
findling-rss 1791119318,2155573248,798666752,30977208,2991554560,3111268352
findling-rss 1791119320,2154721280,798535680,30853944,2990444544,3111268352
findling-rss 1791119322,2058293248,798535680,30751168,2892279808,3111268352
findling-rss 1791119324,2161782784,798535680,30878560,2997800960,3111268352
findling-rss 1791119326,2154889216,798560256,30873528,2990383104,3111268352
findling-rss 1791119328,2059104256,798560256,30769656,2894336000,3111268352
findling-rss 1791119330,2155335680,798560256,30895264,2990923776,3111268352
findling-rss 1791119332,2137276416,798568448,30890008,2973110272,3111268352
findling-rss 1791119334,2098937856,798588928,30913112,2934726656,3111268352
findling-rss 1791119336,2155536384,798588928,30912368,2991652864,3111268352
findling-rss 1791119338,2155716608,798629888,30905896,2991783936,3111268352
findling-rss 1791119340,2135011328,798617600,30927424,2970644480,3111268352
findling-rss 1791119342,2155184128,798617600,30928792,2991046656,3111268352
findling-rss 1791119344,2155151360,798642176,30922824,2991001600,3111268352
findling-rss 1791119346,2152898560,798650368,30946432,2988761088,3111268352
findling-rss 1791119348,2007044096,798322688,30798112,2842071040,3111268352
findling-rss 1791119350,2211528704,798679040,30940288,3047620608,3111268352
findling-rss 1791119352,2155606016,800071680,31001616,2992906240,3111268352
findling-rss 1791119354,2106265600,800071680,31000768,2943270912,3111268352
findling-rss 1791119356,2168889344,800071680,30999696,3006558208,3111268352
findling-rss 1791119358,2166943744,800071680,30998608,3004284928,3111268352
findling-rss 1791119360,2166386688,800071680,30997920,3003621376,3111268352
findling-rss 1791119362,2081660928,800071680,30995296,2918412288,3111268352
findling-rss 1791119364,2167349248,800071680,30996192,3004899328,3111268352
findling-rss 1791119366,2154442752,800464896,31006504,2992095232,3111268352
findling-rss 1791119368,2136064000,800464896,31005936,2970808320,3111268352
findling-rss 1791119370,2164768768,800464896,31004736,3002372096,3111268352
findling-rss 1791119372,2165477376,800464896,31006080,3003232256,3111268352
findling-rss 1791119374,2167144448,800464896,31004856,3004817408,3111268352
findling-rss 1791119376,2112839680,800464896,31009360,2949398528,3111268352
findling-rss 1791119378,2171400192,800464896,31006168,3009064960,3111268352
findling-rss 1791119380,2166882304,800464896,31005128,3004317696,3111268352
findling-rss 1791119382,2149752832,800116736,31018152,2986123264,3111268352
findling-rss 1791119384,2067656704,800116736,30893504,2903523328,3111268352
findling-rss 1791119386,2164723712,800116736,31019264,3001925632,3111268352
findling-rss 1791119388,2165432320,800116736,31014520,3003019264,3111268352
findling-rss 1791119390,2146955264,800116736,31014584,2984513536,3111268352
findling-rss 1791119392,2169384960,800116736,31014112,3006943232,3111268352
findling-rss 1791119394,2167238656,800116736,31015064,3004710912,3111268352
findling-rss 1791119396,2154274816,798584832,30862024,2989961216,3111268352
findling-rss 1791119398,2059145216,798932992,30768032,2894725120,3111268352
findling-rss 1791119401,2155171840,798932992,30891280,2991304704,3111268352
findling-rss 1791119403,2164862976,798932992,30889704,3001540608,3111268352
findling-rss 1791119405,2135040000,798625792,30873848,2970566656,3111268352
findling-rss 1791119407,2157543424,798625792,30875504,2993500160,3111268352
findling-rss 1791119409,2154795008,798621696,30897128,2990592000,3111268352
findling-rss 1791119411,2150690816,798650368,30891544,2985414656,3111268352
findling-rss 1791119413,2043105280,798646272,30787696,2877284352,3111268352
findling-rss 1791119415,2154614784,798646272,30913576,2990755840,3111268352
findling-rss 1791119417,2154283008,798674944,30924160,2990075904,3111268352
findling-rss 1791119419,2094153728,798679040,30927568,2926972928,3111268352
findling-rss 1791119421,2154098688,798679040,30930992,2990354432,3111268352
findling-rss 1791119423,2154504192,798711808,30924520,2990575616,3111268352
findling-rss 1791119425,2135052288,798707712,30945304,2971136000,3111268352
findling-rss 1791119427,2159730688,798707712,30943240,2995646464,3111268352
findling-rss 1791119429,2155294720,798740480,30939480,2991448064,3111268352
findling-rss 1791119431,2190925824,798744576,30965216,3026890752,3111268352
findling-rss 1791119433,2007097344,798412800,30839408,2842406912,3111268352
findling-rss 1791119435,2154987520,798773248,30960592,2991034368,3111268352
findling-rss 1791119437,2155646976,798765056,30980920,2991697920,3111268352
findling-rss 1791119439,2007097344,855465984,32528960,2901250048,3111268352
findling-rss 1791119441,2155544576,798621696,30859672,2991329280,3111268352
findling-rss 1791119443,2155110400,799330304,30898384,2991640576,3111268352
findling-rss 1791119445,2144849920,799330304,30897952,2981109760,3111268352
findling-rss 1791119447,2214445056,799330304,30899864,3045621760,3111268352
findling-rss 1791119449,2166693888,799330304,30899592,3003260928,3111268352
findling-rss 1791119451,2144849920,798654464,30875624,2979147776,3111268352
findling-rss 1791119453,2161889280,798654464,30875624,2997628928,3111268352
findling-rss 1791119455,2157002752,798654464,30897888,2993045504,3111268352
findling-rss 1791119457,2151149568,798683136,30894120,2986958848,3111268352
findling-rss 1791119459,2056691712,798687232,30789264,2890940416,3111268352
findling-rss 1791119461,2155151360,798687232,30915256,2991226880,3111268352
findling-rss 1791119463,2207444992,798711808,30907640,3043737600,3111268352
findling-rss 1791119465,2059190272,798711808,30805576,2895060992,3111268352
findling-rss 1791119467,2155601920,798711808,30931416,2991849472,3111268352
findling-rss 1791119469,2154741760,798736384,30924904,2990501888,3111268352
findling-rss 1791119471,2108973056,798736384,30946768,2945024000,3111268352
findling-rss 1791119473,2155253760,798736384,30948680,2991218688,3111268352
findling-rss 1791119475,2154872832,798769152,30944160,2990694400,3111268352
findling-rss 1791119477,2135085056,798769152,30966048,2971070464,3111268352
findling-rss 1791119479,2007126016,798441472,30827136,2842501120,3111268352
findling-rss 1791119481,2155315200,798810112,30958064,2991218688,3111268352
findling-rss 1791119483,2154897408,798822400,30979992,2990215168,3111268352
findling-rss 1791119485,2007138304,820260864,31515648,2863075328,3111268352
findling-rss 1791119487,2155659264,798646272,30859016,2991321088,3111268352
findling-rss 1791119489,2155388928,798654464,30882352,2991042560,3111268352
findling-rss 1791119491,2059214848,798674944,30747616,2894688256,3111268352
findling-rss 1791119493,2155270144,798674944,30873568,2991431680,3111268352
findling-rss 1791119495,2155450368,798683136,30895800,2991714304,3111268352
findling-rss 1791119497,2096992256,798720000,30894416,2932195328,3111268352
findling-rss 1791119499,2154868736,798720000,30894352,2990895104,3111268352
findling-rss 1791119501,2155905024,799420416,30935376,2992664576,3111268352
findling-rss 1791119503,2144890880,799420416,30932496,2981646336,3111268352
findling-rss 1791119505,2069143552,799420416,30811544,2905260032,3111268352
findling-rss 1791119507,2165878784,799420416,30934152,3002617856,3111268352
findling-rss 1791119509,2155040768,798748672,30910976,2991058944,3111268352
findling-rss 1791119511,2070306816,798748672,30930576,2905939968,3111268352
findling-rss 1791119513,2154520576,798748672,30931304,2990813184,3111268352
findling-rss 1791119515,2154680320,798769152,30929984,2990575616,3111268352
findling-rss 1791119517,2135117824,798773248,30954808,2971107328,3111268352
findling-rss 1791119519,2155597824,798773248,30952784,2991476736,3111268352
findling-rss 1791119521,2155028480,798797824,30945200,2991185920,3111268352
findling-rss 1791119523,2153943040,798801920,30966600,2989105152,3111268352
findling-rss 1791119525,2007158784,798478336,30823872,2842275840,3111268352
findling-rss 1791119527,2154881024,798834688,30964656,2991058944,3111268352
findling-rss 1791119529,2210021376,800567296,31036248,3048042496,3111268352
findling-rss 1791119531,2097074176,800567296,31032360,2934546432,3111268352
findling-rss 1791119533,2165088256,800567296,31031896,3003019264,3111268352
findling-rss 1791119535,2166398976,800567296,31033472,3004182528,3111268352
findling-rss 1791119537,2167279616,800567296,31033960,3005394944,3111268352
findling-rss 1791119539,2082443264,800567296,31031552,2920103936,3111268352
findling-rss 1791119541,2167304192,800567296,31030944,3005419520,3111268352
findling-rss 1791119543,2171678720,800567296,31032784,3009785856,3111268352
findling-rss 1791119545,2135179264,798699520,30862184,2963746816,3111268352
findling-rss 1791119547,2156494848,798699520,30862616,2992594944,3111268352
findling-rss 1791119549,2155393024,798699520,30886408,2991767552,3111268352
findling-rss 1791119551,2135146496,798724096,30881992,2971156480,3111268352
findling-rss 1791119553,2161864704,798724096,30880288,2997841920,3111268352
findling-rss 1791119555,2155139072,798728192,30903784,2990903296,3111268352
findling-rss 1791119557,2135126016,798744576,30892456,2971009024,3111268352
findling-rss 1791119559,2043240448,798748672,30788992,2877317120,3111268352
findling-rss 1791119561,2208071680,798748672,30919152,3044483072,3111268352
findling-rss 1791119563,2155192320,798781440,30913408,2990874624,3111268352
findling-rss 1791119565,2070024192,798785536,30934632,2905792512,3111268352
findling-rss 1791119567,2155565056,798785536,30935768,2991632384,3111268352
findling-rss 1791119569,2155806720,798814208,30929400,2991845376,3111268352
findling-rss 1791119571,2149310464,798601216,30945096,2985197568,3111268352
findling-rss 1791119573,2218102784,798601216,30943168,3054018560,3111268352
findling-rss 1791119575,2154917888,798838784,30944384,2991063040,3111268352
findling-rss 1791119577,2126450688,798830592,30965080,2962685952,3111268352
findling-rss 1791119579,2157633536,798830592,30964944,2993127424,3111268352
findling-rss 1791119581,2155048960,798871552,30960648,2991132672,3111268352
findling-rss 1791119583,2135175168,798871552,30979664,2971529216,3111268352
findling-rss 1791119585,2154795008,798871552,30982112,2990985216,3111268352
findling-rss 1791119587,2154209280,798736384,30860664,2989924352,3111268352
findling-rss 1791119589,2154700800,799801344,30913488,2991452160,3111268352
findling-rss 1791119591,2070405120,799801344,30898304,2906488832,3111268352
findling-rss 1791119593,2170269696,799801344,30913832,3007172608,3111268352
findling-rss 1791119595,2165727232,799801344,30912472,3002789888,3111268352
findling-rss 1791119597,2093600768,799801344,30913992,2930475008,3111268352
findling-rss 1791119599,2113978368,799801344,30911792,2951196672,3111268352
findling-rss 1791119601,2157690880,798769152,30879336,2993684480,3111268352
findling-rss 1791119603,2154946560,798769152,30901064,2990673920,3111268352
findling-rss 1791119605,2018136064,798797824,30762856,2850185216,3111268352
findling-rss 1791119607,2155233280,798797824,30895080,2991345664,3111268352
findling-rss 1791119609,2155622400,798801920,30918152,2991607808,3111268352
findling-rss 1791119611,2115137536,798834688,30787616,2950557696,3111268352
findling-rss 1791119613,2155745280,798834688,30913768,2991636480,3111268352
findling-rss 1791119615,2155876352,802340864,31034368,2995666944,3111268352
findling-rss 1791119617,2136326144,802340864,31030832,2975621120,3111268352
findling-rss 1791119619,2165460992,802340864,31031240,3004735488,3111268352
findling-rss 1791119621,2164756480,802340864,31028960,3004428288,3111268352
findling-rss 1791119623,2166480896,802340864,31028280,3006054400,3111268352
findling-rss 1791119625,2109554688,802340864,31028320,2949160960,3111268352
findling-rss 1791119627,2167517184,802340864,31031240,3007164416,3111268352
findling-rss 1791119629,2167730176,802340864,31031240,3007160320,3111268352
findling-rss 1791119631,2168074240,802340864,31031120,3007840256,3111268352
findling-rss 1791119633,2045693952,802340864,31028848,2885120000,3111268352
findling-rss 1791119635,2114576384,802340864,31031512,2954027008,3111268352
findling-rss 1791119637,2120806400,802340864,31035664,2960404480,3111268352
findling-rss 1791119639,2145419264,802340864,31075160,2983813120,3111268352
findling-rss 1791119641,2072952832,802340864,30910264,2912280576,3111268352
findling-rss 1791119643,2168963072,802340864,31033584,3008679936,3111268352
findling-rss 1791119645,2154852352,798867456,30932440,2990608384,3111268352
findling-rss 1791119647,2087784448,798875648,30952416,2923839488,3111268352
findling-rss 1791119649,2155438080,798875648,30953312,2991702016,3111268352
findling-rss 1791119651,2156531712,798912512,30948376,2992889856,3111268352
findling-rss 1791119653,2135187456,798912512,30969120,2971422720,3111268352
findling-rss 1791119655,2155061248,798912512,30972240,2991120384,3111268352
findling-rss 1791119657,2208825344,798941184,30964104,3045511168,3111268352
findling-rss 1791119659,2136629248,798945280,30985976,2973057024,3111268352
findling-rss 1791119661,2160930816,798945280,30986360,2997092352,3111268352
findling-rss 1791119663,2155401216,798801920,30864168,2991509504,3111268352
findling-rss 1791119665,2154418176,798801920,30885200,2990489600,3111268352
findling-rss 1791119667,2007232512,798478336,30741904,2842439680,3111268352
findling-rss 1791119670,2155343872,798834688,30882336,2990936064,3111268352
findling-rss 1791119672,2138128384,798834688,30904568,2974425088,3111268352
findling-rss 1791119674,2060791808,798855168,30880296,2896674816,3111268352
findling-rss 1791119676,2210926592,798855168,30898256,3046936576,3111268352
findling-rss 1791119678,2155315200,798859264,30920624,2991521792,3111268352
findling-rss 1791119680,2135224320,798892032,30912728,2971533312,3111268352
findling-rss 1791119682,2155773952,798892032,30915864,2992009216,3111268352
findling-rss 1791119684,2137923584,798900224,30939680,2973872128,3111268352
findling-rss 1791119686,2139848704,798916608,30929584,2974797824,3111268352
findling-rss 1791119688,2033782784,798916608,30831336,2866425856,3111268352
findling-rss 1791119690,2155339776,798916608,30953640,2991747072,3111268352
findling-rss 1791119692,2155065344,798945280,30948192,3030970368,3111268352
findling-rss 1791119694,2068799488,798953472,30968304,2904797184,3111268352
findling-rss 1791119696,2155409408,798953472,30970016,2991697920,3111268352
findling-rss 1791119698,2155470848,798973952,30965568,2991738880,3111268352
findling-rss 1791119700,2110509056,802480128,31080168,2949079040,3111268352
findling-rss 1791119702,2156011520,802480128,31085976,2995908608,3111268352
findling-rss 1791119704,2166190080,802480128,31084672,3005710336,3111268352
findling-rss 1791119706,2166063104,802480128,31083312,3005915136,3111268352
findling-rss 1791119708,2134007808,802480128,31080632,2973544448,3111268352
findling-rss 1791119710,2167287808,802480128,31080624,3007332352,3111268352
findling-rss 1791119712,2167934976,802480128,31079944,3007700992,3111268352
findling-rss 1791119714,2147098624,802480128,31079480,2987094016,3111268352
findling-rss 1791119716,2071199744,802480128,30955688,2910515200,3111268352
findling-rss 1791119718,2114740224,802480128,31080760,2954399744,3111268352
findling-rss 1791119720,2115395584,802480128,31079536,2954280960,3111268352
findling-rss 1791119722,2138755072,802480128,31078856,2978840576,3111268352
findling-rss 1791119724,2159116288,802480128,31079944,2999033856,3111268352
findling-rss 1791119726,2168500224,802480128,31081192,3008438272,3111268352
findling-rss 1791119728,2169282560,802480128,31079264,3009155072,3111268352
findling-rss 1791119730,2034667520,856260608,32551864,2928365568,3111268352
findling-rss 1791119732,2162659328,798859264,30866008,2998853632,3111268352
findling-rss 1791119734,2216931328,798638080,30883056,3053031424,3111268352
findling-rss 1791119736,2051805184,798887936,30752336,2887647232,3111268352
findling-rss 1791119738,2155147264,798887936,30882992,2991378432,3111268352
findling-rss 1791119740,2154962944,798883840,30920904,2992816128,3111268352
findling-rss 1791119742,2080182272,798908416,30897464,2911285248,3111268352
findling-rss 1791119744,2154921984,798908416,30899448,2990710784,3111268352
findling-rss 1791119746,2154508288,798904320,30919728,2990276608,3111268352
findling-rss 1791119748,2135207936,798932992,30913712,2971115520,3111268352
findling-rss 1791119750,2155274240,798932992,30915624,2991288320,3111268352
findling-rss 1791119752,2155679744,798937088,30932864,2992115712,3111268352
findling-rss 1791119754,2135216128,798973952,30929832,2971508736,3111268352
findling-rss 1791119756,2129952768,798973952,30933744,2978762752,3111268352
findling-rss 1791119758,2154287104,798965760,30959032,2990583808,3111268352
findling-rss 1791119760,2137731072,800161792,30986632,2975272960,3111268352
findling-rss 1791119762,2144755712,800161792,30983296,2982060032,3111268352
findling-rss 1791119764,2155794432,799002624,30973008,2992271360,3111268352
findling-rss 1791119766,2155638784,799027200,30963736,2991976448,3111268352
findling-rss 1791119768,2059309056,799027200,30860272,2895073280,3111268352
findling-rss 1791119770,2155798528,799027200,30989440,2992185344,3111268352
findling-rss 1791119772,2209181696,798892032,30868128,3045273600,3111268352
findling-rss 1791119774,2086244352,798892032,30887064,2921951232,3111268352
findling-rss 1791119776,2155245568,798892032,30889456,2991501312,3111268352
findling-rss 1791119778,2155335680,802402304,30982200,2995056640,3111268352
findling-rss 1791119780,2144960512,802402304,31018544,2984910848,3111268352
findling-rss 1791119782,2165800960,802402304,30978120,3005542400,3111268352
findling-rss 1791119784,2166349824,802402304,30978960,3006345216,3111268352
findling-rss 1791119786,2166927360,802402304,30980024,3006943232,3111268352
findling-rss 1791119788,2176823296,802402304,30978368,3016437760,3111268352
findling-rss 1791119790,2167570432,802402304,30979752,3007352832,3111268352
findling-rss 1791119792,2167889920,802402304,30981112,3007721472,3111268352
findling-rss 1791119794,2114387968,802402304,30975976,2954240000,3111268352
findling-rss 1791119796,2056073216,802402304,30975760,2895224832,3111268352
findling-rss 1791119798,2114674688,802402304,30993096,2954031104,3111268352
findling-rss 1791119800,2158546944,802402304,30976520,2998128640,3111268352
findling-rss 1791119802,2167767040,802402304,30975272,3007721472,3111268352
findling-rss 1791119804,2073690112,802402304,30855544,2912919552,3111268352
findling-rss 1791119806,2169032704,802402304,30976792,3008675840,3111268352
findling-rss 1791119808,2154438656,798941184,30901352,2990510080,3111268352
findling-rss 1791119810,2099384320,798957568,30900400,2935238656,3111268352
findling-rss 1791119812,2154995712,798957568,30902656,2991521792,3111268352
findling-rss 1791119814,2155409408,798965760,30927304,2991779840,3111268352
findling-rss 1791119816,2135224320,798998528,30923664,2971549696,3111268352
findling-rss 1791119818,2138636288,798998528,30919008,2992467968,3111268352
findling-rss 1791119820,2154971136,798994432,30944272,2991509504,3111268352
findling-rss 1791119822,2149412864,802873344,31045032,2988167168,3111268352
findling-rss 1791119824,2069069824,802873344,30920952,2908786688,3111268352
findling-rss 1791119826,2165342208,802873344,31043832,3005554688,3111268352
findling-rss 1791119828,2166571008,802873344,31042064,3007070208,3111268352
findling-rss 1791119830,2147110912,802873344,31041648,2987683840,3111268352
findling-rss 1791119832,2071212032,802873344,30922448,2911305728,3111268352
findling-rss 1791119834,2167406592,802873344,31044240,3007938560,3111268352
findling-rss 1791119836,2167246848,802873344,31043016,3007447040,3111268352
findling-rss 1791119838,2094284800,802873344,31043968,2934284288,3111268352
findling-rss 1791119840,2114600960,802873344,31042880,2954838016,3111268352
findling-rss 1791119842,2113769472,802873344,31045352,2953035776,3111268352
findling-rss 1791119844,2159247360,802873344,31044392,2999410688,3111268352
findling-rss 1791119846,2148462592,802873344,31041920,2988847104,3111268352
findling-rss 1791119848,2168442880,802873344,31043120,3008905216,3111268352
findling-rss 1791119850,2174803968,802873344,31044256,3015004160,3111268352
findling-rss 1791119852,2170527744,802873344,31044856,3010646016,3111268352
findling-rss 1791119854,2070294528,799043584,30962720,2906628096,3111268352
findling-rss 1791119856,2155610112,799043584,30961712,2991988736,3111268352
findling-rss 1791119858,2154987520,799080448,30957016,2991230976,3111268352
findling-rss 1791119860,2135207936,799084544,30980288,2971672576,3111268352
findling-rss 1791119862,2160037888,799084544,30981888,2996322304,3111268352
findling-rss 1791119864,2155294720,799100928,30972224,2991767552,3111268352
findling-rss 1791119866,2135207936,799100928,30991488,2971836416,3111268352
findling-rss 1791119868,2019676160,799100928,30882976,2924064768,3111268352
findling-rss 1791119870,2156847104,798961664,30870024,2992672768,3111268352
findling-rss 1791119872,2154827776,798961664,30893000,2991296512,3111268352
findling-rss 1791119874,2007244800,798633984,30745248,2842509312,3111268352
findling-rss 1791119876,2155110400,798982144,30887312,2991566848,3111268352
findling-rss 1791119878,2155454464,798978048,30912592,2991742976,3111268352
findling-rss 1791119880,2078564352,799010816,30906616,2910998528,3111268352
findling-rss 1791119882,2206896128,799010816,30907992,3043250176,3111268352
findling-rss 1791119884,2155810816,799019008,30926784,2992119808,3111268352
findling-rss 1791119886,2126512128,799047680,30921056,2962538496,3111268352
findling-rss 1791119888,2161475584,799047680,30920928,2997882880,3111268352
findling-rss 1791119890,2154991616,799051776,30943744,2991214592,3111268352
findling-rss 1791119892,2135216128,799068160,30936440,2971381760,3111268352
findling-rss 1791119894,2129539072,799068160,30938456,2974998528,3111268352
findling-rss 1791119896,2155192320,799072256,30961696,2991325184,3111268352
findling-rss 1791119898,2198331392,799092736,30952896,3034587136,3111268352
findling-rss 1791119900,2063876096,799105024,30974072,2898452480,3111268352
findling-rss 1791119902,2155393024,799105024,30978952,2991771648,3111268352
findling-rss 1791119904,2155483136,799137792,30970448,2991710208,3111268352
findling-rss 1791119906,2127769600,799125504,30990888,2962898944,3111268352
findling-rss 1791119908,2157195264,799125504,30994024,2993766400,3111268352
findling-rss 1791119910,2155282432,798998528,30873032,2991517696,3111268352
findling-rss 1791119912,2135965696,798994432,30896136,2972114944,3111268352
findling-rss 1791119914,2007990272,798674944,30744344,2842959872,3111268352
findling-rss 1791119916,2207817728,799027200,30890936,3044397056,3111268352
findling-rss 1791119918,2146918400,799027200,30913016,2981728256,3111268352
findling-rss 1791119920,2008113152,798703616,30762536,2843291648,3111268352
findling-rss 1791119922,2155937792,799055872,30908312,2991898624,3111268352
findling-rss 1791119924,2155896832,799059968,30927144,2991939584,3111268352
findling-rss 1791119926,2055860224,799088640,30794032,2890964992,3111268352
findling-rss 1791119928,2157400064,799088640,30923488,2993418240,3111268352
findling-rss 1791119930,2156498944,799088640,30946312,2992762880,3111268352
findling-rss 1791119932,2116034560,799121408,30810704,2952179712,3111268352
findling-rss 1791119934,2156335104,799121408,30940704,2992656384,3111268352
findling-rss 1791119936,2156236800,799117312,30961256,2992599040,3111268352
findling-rss 1791119938,2087129088,799141888,30955600,2923790336,3111268352
findling-rss 1791119941,2156724224,799141888,30957720,2993209344,3111268352
findling-rss 1791119943,2155716608,799137792,30978800,2992291840,3111268352
findling-rss 1791119945,2136088576,799170560,30971960,2972635136,3111268352
findling-rss 1791119947,2155823104,799170560,30970640,2992345088,3111268352
findling-rss 1791119949,2156896256,799174656,30993456,2992979968,3111268352
findling-rss 1791119951,2136092672,799027200,30874320,2972712960,3111268352
findling-rss 1791119953,2085801984,799027200,30875640,2966315008,3111268352
findling-rss 1791119955,2218377216,798810112,30891368,3054755840,3111268352
findling-rss 1791119957,2153844736,799055872,30889680,2989895680,3111268352
findling-rss 1791119959,2035494912,799055872,30786216,2870337536,3111268352
findling-rss 1791119961,2157121536,799055872,30913472,2993373184,3111268352
findling-rss 1791119963,2155773952,799084544,30907728,2992132096,3111268352
findling-rss 1791119965,2060201984,799088640,30803472,2896359424,3111268352
findling-rss 1791119967,2211799040,799088640,30930648,3048402944,3111268352
findling-rss 1791119969,2156052480,799117312,30924288,2992435200,3111268352
findling-rss 1791119971,2099884032,799109120,30944344,2935910400,3111268352
findling-rss 1791119973,2156294144,799109120,30947296,2992877568,3111268352
findling-rss 1791119975,2155364352,799137792,30941696,2992123904,3111268352
findling-rss 1791119977,2136109056,799133696,30964816,2972459008,3111268352
findling-rss 1791119979,2130837504,799133696,30964272,2967273472,3111268352
findling-rss 1791119981,2157203456,799178752,30960784,2993733632,3111268352
findling-rss 1791119983,2155560960,799174656,30979672,2992107520,3111268352
findling-rss 1791119985,2008141824,798846976,30833408,2843607040,3111268352
findling-rss 1791119987,2157010944,799199232,30974592,2993725440,3111268352
findling-rss 1791119989,2156429312,799203328,30997200,2992947200,3111268352
findling-rss 1791119991,2060214272,799055872,30843336,2910433280,3111268352
findling-rss 1791119993,2156957696,799055872,30876768,2993246208,3111268352
findling-rss 1791119995,2156216320,799064064,30897576,2992803840,3111268352
findling-rss 1791119997,2101964800,799092736,30890960,2938052608,3111268352
findling-rss 1791119999,2196418560,799092736,30894168,3033001984,3111268352
findling-rss 1791120001,2155827200,799096832,30915472,2992144384,3111268352
findling-rss 1791120003,2136150016,799137792,30912744,2972401664,3111268352
findling-rss 1791120005,2157924352,799137792,30913752,2993696768,3111268352
findling-rss 1791120007,2155986944,800530432,30969904,2993553408,3111268352
findling-rss 1791120009,2165919744,800530432,30971128,3003682816,3111268352
findling-rss 1791120011,2120138752,800530432,30969904,2957799424,3111268352
findling-rss 1791120013,2170851328,800530432,30968328,3008643072,3111268352
findling-rss 1791120015,2166411264,800530432,30967896,3004473344,3111268352
findling-rss 1791120017,2167803904,800530432,30970872,3005521920,3111268352
findling-rss 1791120019,2021511168,799170560,30799664,2853625856,3111268352
findling-rss 1791120021,2155896832,799170560,30927824,2992332800,3111268352
findling-rss 1791120023,2156875776,799178752,30950176,2993152000,3111268352
findling-rss 1791120025,2060242944,800239616,30850096,2897166336,3111268352
findling-rss 1791120027,2162737152,800239616,30974720,3000373248,3111268352
findling-rss 1791120029,2166358016,800239616,30973904,3003932672,3111268352
findling-rss 1791120031,2146967552,800239616,30972112,2984165376,3111268352
findling-rss 1791120033,2152833024,800239616,30973632,3007848448,3111268352
findling-rss 1791120035,2168307712,800239616,30974576,3005927424,3111268352
findling-rss 1791120037,2155606016,799203328,30967712,2992078848,3111268352
findling-rss 1791120039,1964646400,799232000,30790904,2800209920,3111268352
findling-rss 1791120041,2121207808,799232000,31030816,2957737984,3111268352
findling-rss 1791120043,2134700032,799236096,31054264,2971512832,3111268352
findling-rss 1791120045,2156056576,799236096,31055624,2993020928,3111268352
findling-rss 1791120047,2154110976,799260672,31046576,2990850048,3111268352
findling-rss 1791120049,2154340352,799268864,31067544,2990632960,3111268352
findling-rss 1791120051,2006716416,856391680,32639984,2901635072,3111268352
findling-rss 1791120053,2154606592,799100928,30947560,2991058944,3111268352
findling-rss 1791120055,2154848256,799096832,30968096,2991366144,3111268352
findling-rss 1791120057,2058792960,799133696,30834088,2894245888,3111268352
findling-rss 1791120059,2160001024,799133696,30963760,2996674560,3111268352
findling-rss 1791120061,2155175936,799129600,30986280,2991538176,3111268352
findling-rss 1791120063,2086436864,799158272,30977744,2922119168,3111268352
findling-rss 1791120065,2155794432,799158272,30980680,2991931392,3111268352
findling-rss 1791120067,2155048960,799150080,31003280,2991374336,3111268352
findling-rss 1791120069,2126008320,799186944,30995056,2962305024,3111268352
findling-rss 1791120071,2154672128,799186944,30998192,2991046656,3111268352
findling-rss 1791120073,2155196416,799191040,31019904,2991792128,3111268352
findling-rss 1791120075,2134708224,799215616,31011072,2971074560,3111268352
findling-rss 1791120077,2006736896,798863360,30896696,2842464256,3111268352
findling-rss 1791120079,2154778624,799211520,31031104,2990841856,3111268352
findling-rss 1791120081,2205474816,799240192,31029296,3042390016,3111268352
findling-rss 1791120083,2069569536,799244288,31050384,2905632768,3111268352
findling-rss 1791120085,2154098688,799244288,31051144,2990804992,3111268352
findling-rss 1791120087,2155114496,799268864,31046824,2991505408,3111268352
findling-rss 1791120089,2134745088,799277056,31067400,2971516928,3111268352
findling-rss 1791120091,2155368448,799277056,31069176,2992029696,3111268352
findling-rss 1791120093,2155053056,799133696,30947720,2991431680,3111268352
findling-rss 1791120095,2134728704,799125504,30969360,2970775552,3111268352
findling-rss 1791120097,2043961344,798806016,30826160,2879238144,3111268352
findling-rss 1791120099,2154635264,799162368,30967240,2991202304,3111268352
findling-rss 1791120101,2155167744,799162368,30985880,2991374336,3111268352
findling-rss 1791120103,2006765568,798834688,30842584,2842521600,3111268352
findling-rss 1791120105,2160918528,799186944,30982496,2997596160,3111268352
findling-rss 1791120107,2155061248,799182848,31041760,2993299456,3111268352
findling-rss 1791120109,2046062592,799215616,30869280,2880843776,3111268352
findling-rss 1791120111,2154643456,799215616,30997712,2991292416,3111268352
findling-rss 1791120113,2154405888,799219712,31025920,2991005696,3111268352
findling-rss 1791120115,2076188672,799248384,31017096,2909741056,3111268352
findling-rss 1791120117,2156138496,799248384,31021104,2992562176,3111268352
findling-rss 1791120119,2154029056,799240192,31043176,2990714880,3111268352
findling-rss 1791120121,2134732800,799268864,31038096,2971066368,3111268352
findling-rss 1791120123,2155495424,799268864,31031248,2992259072,3111268352
findling-rss 1791120125,2155352064,799268864,31053800,2992009216,3111268352
findling-rss 1791120127,2134757376,799301632,31069568,2971738112,3111268352
findling-rss 1791120129,2006769664,801046528,30995896,2844532736,3111268352
findling-rss 1791120131,2208694272,803524608,31192688,3049558016,3111268352
findling-rss 1791120133,2164137984,803524608,31193120,3004968960,3111268352
findling-rss 1791120135,2145574912,803524608,31191328,2986471424,3111268352
findling-rss 1791120137,2166554624,803524608,31189040,3007660032,3111268352
findling-rss 1791120139,2167623680,803524608,31189584,3008212992,3111268352
findling-rss 1791120141,2166194176,803524608,31186184,3007328256,3111268352
findling-rss 1791120143,2099331072,803524608,31185728,2940268544,3111268352
findling-rss 1791120145,2166349824,803524608,31185944,3007553536,3111268352
findling-rss 1791120147,2114187264,803524608,31189464,2955255808,3111268352
findling-rss 1791120149,2113150976,803524608,31189176,2954035200,3111268352
findling-rss 1791120151,2069123072,803524608,31187200,2909061120,3111268352
findling-rss 1791120153,2158870528,803524608,31190152,2999939072,3111268352
findling-rss 1791120155,2168926208,803524608,31191512,3010039808,3111268352
findling-rss 1791120157,2151514112,803524608,31189040,2991173632,3111268352
findling-rss 1791120159,2073239552,803524608,31066840,2913792000,3111268352
findling-rss 1791120161,2175754240,803524608,31190552,3017084928,3111268352
findling-rss 1791120163,2169593856,803524608,31190688,3010617344,3111268352
findling-rss 1791120165,2098954240,799191040,30953312,2937929728,3111268352
findling-rss 1791120167,2155118592,799191040,30954200,2991525888,3111268352
findling-rss 1791120169,2154827776,799195136,30972696,2991575040,3111268352
findling-rss 1791120171,2134757376,799211520,30964168,2970849280,3111268352
findling-rss 1791120173,2154745856,799211520,30966840,2991218688,3111268352
findling-rss 1791120175,2155339776,799223808,30989512,2991751168,3111268352
findling-rss 1791120177,2138173440,799248384,30983216,2975080448,3111268352
findling-rss 1791120179,2141093888,799248384,30983408,2995093504,3111268352
findling-rss 1791120181,2140942336,799215616,31005016,2977701888,3111268352
findling-rss 1791120183,2158018560,799277056,31001344,2994663424,3111268352
findling-rss 1791120185,2062266368,799272960,30897528,2898345984,3111268352
findling-rss 1791120187,2160058368,799272960,31024040,2996842496,3111268352
findling-rss 1791120189,2158407680,799305728,31016928,2994855936,3111268352
findling-rss 1791120191,2090348544,799301632,31037664,2926899200,3111268352
findling-rss 1791120193,2192482304,799301632,31040440,3028992000,3111268352
findling-rss 1791120195,2158407680,799338496,31034016,2994876416,3111268352
findling-rss 1791120197,2089209856,800038912,31075912,2926198784,3111268352
findling-rss 1791120199,2159386624,800038912,31074768,2996789248,3111268352
findling-rss 1791120201,2172801024,800038912,31074632,3010383872,3111268352
findling-rss 1791120203,2162241536,800038912,31076008,2997755904,3111268352
findling-rss 1791120205,2010202112,799010816,30907864,2845831168,3111268352
findling-rss 1791120207,2220322816,799145984,31066752,3056836608,3111268352
findling-rss 1791120210,2158567424,799358976,31093736,2995294208,3111268352
findling-rss 1791120212,2011320320,856637440,32668768,2906849280,3111268352
findling-rss 1791120214,2159529984,799223808,30972872,2995793920,3111268352
findling-rss 1791120216,2159824896,799236096,30996592,2996215808,3111268352
findling-rss 1791120218,2050080768,799252480,30859160,2884567040,3111268352
findling-rss 1791120220,2160148480,799252480,30990400,2997047296,3111268352
findling-rss 1791120222,2159493120,799256576,31012928,2996224000,3111268352
findling-rss 1791120224,2091515904,799281152,31003872,2927837184,3111268352
findling-rss 1791120226,2159931392,799281152,31006808,2996441088,3111268352
findling-rss 1791120228,2214928384,799285248,31030424,3051872256,3111268352
findling-rss 1791120230,2139320320,799313920,31019800,2975518720,3111268352
findling-rss 1791120232,2159812608,799313920,31021712,2996703232,3111268352
findling-rss 1791120234,2163429376,799318016,31044528,2999693312,3111268352
findling-rss 1791120236,2139316224,799338496,31037744,2975858688,3111268352
findling-rss 1791120238,2160459776,799338496,31044792,2997166080,3111268352
findling-rss 1791120240,2160250880,799338496,31065848,2996809728,3111268352
findling-rss 1791120242,2158784512,799379456,31060072,2995699712,3111268352
findling-rss 1791120244,2118234112,799363072,30953048,2954944512,3111268352
findling-rss 1791120246,2158981120,799363072,31076344,2996072448,3111268352
findling-rss 1791120248,2159296512,799399936,31073040,2996154368,3111268352
findling-rss 1791120250,2104270848,799399936,31093320,2940739584,3111268352
findling-rss 1791120252,2159300608,799399936,31094728,2996039680,3111268352
findling-rss 1791120254,2159894528,799264768,30974096,2996277248,3111268352
findling-rss 1791120256,2139332608,799264768,30993408,2976088064,3111268352
findling-rss 1791120258,2133057536,799264768,30995864,2969833472,3111268352
findling-rss 1791120260,2159173632,799301632,30989960,2995556352,3111268352
findling-rss 1791120262,2158628864,799297536,31011992,2995671040,3111268352
findling-rss 1791120264,2011361280,798973952,30865432,2846867456,3111268352
findling-rss 1791120266,2165108736,799330304,31006656,3001757696,3111268352
findling-rss 1791120268,2158440448,799313920,31029048,2995216384,3111268352
findling-rss 1791120270,2063437824,800391168,30923752,2901114880,3111268352
findling-rss 1791120272,2158358528,800391168,31051472,2996424704,3111268352
findling-rss 1791120274,2168737792,800391168,31048888,3006656512,3111268352
findling-rss 1791120276,2159751168,800391168,31047928,2996514816,3111268352
findling-rss 1791120278,2075283456,800391168,30929648,2912600064,3111268352
findling-rss 1791120280,2172080128,800391168,31053344,3010007040,3111268352
findling-rss 1791120282,2159157248,799354880,31046680,2995933184,3111268352
findling-rss 1791120284,2095423488,799404032,31041056,2928967680,3111268352
findling-rss 1791120286,2160357376,799404032,31042496,2997166080,3111268352
findling-rss 1791120288,2158247936,799391744,31066272,2994888704,3111268352
findling-rss 1791120290,2139361280,799424512,31055624,2976038912,3111268352
findling-rss 1791120292,2159861760,799424512,31057880,2996944896,3111268352
findling-rss 1791120294,2160107520,799412224,31080504,2996989952,3111268352
findling-rss 1791120296,2140749824,799457280,31077248,2977304576,3111268352
findling-rss 1791120298,2063466496,799436800,30971344,2899845120,3111268352
findling-rss 1791120300,2158784512,799436800,31097768,2995806208,3111268352
findling-rss 1791120302,2165186560,799301632,30975624,3001999360,3111268352
findling-rss 1791120304,2090405888,799301632,30996056,2926899200,3111268352
findling-rss 1791120306,2158682112,799301632,30998992,2995359744,3111268352
findling-rss 1791120308,2142322688,799346688,30994376,2978820096,3111268352
findling-rss 1791120310,2193362944,799334400,31014416,3030106112,3111268352
findling-rss 1791120312,2159689728,799334400,31014712,2996666368,3111268352
findling-rss 1791120314,2165276672,799354880,31007680,3002310656,3111268352
findling-rss 1791120316,2139394048,799363072,31029904,2976272384,3111268352
findling-rss 1791120318,2161700864,799363072,31032224,2998599680,3111268352
findling-rss 1791120320,2160009216,799399936,31025368,2996723712,3111268352
findling-rss 1791120322,2155786240,799395840,31047128,2992283648,3111268352
findling-rss 1791120324,2011410432,799068160,30897016,2846838784,3111268352
findling-rss 1791120326,2213978112,799424512,31042224,3050909696,3111268352
findling-rss 1791120328,2158833664,799416320,31064688,2995535872,3111268352
findling-rss 1791120330,2049953792,799461376,30928328,2884935680,3111268352
findling-rss 1791120332,2159763456,799461376,31059704,2996502528,3111268352
findling-rss 1791120334,2159456256,799449088,31082720,2996621312,3111268352
findling-rss 1791120336,2072760320,799481856,31073632,2908626944,3111268352
findling-rss 1791120338,2160287744,799481856,31076568,2997305344,3111268352
findling-rss 1791120340,2160144384,799481856,31097080,2997067776,3111268352
findling-rss 1791120342,2113277952,799330304,30972488,2949574656,3111268352
findling-rss 1791120344,2160398336,799342592,30977152,2997010432,3111268352
findling-rss 1791120346,2159681536,799346688,30999104,2996363264,3111268352
findling-rss 1791120348,2139394048,799371264,30995064,2975916032,3111268352
findling-rss 1791120350,2159464448,799371264,30992760,2996121600,3111268352
findling-rss 1791120352,2159493120,799379456,31016504,2996305920,3111268352
findling-rss 1791120354,2158522368,799408128,31007768,2995134464,3111268352
findling-rss 1791120356,2060537856,799408128,30906944,2895581184,3111268352
findling-rss 1791120358,2160377856,799408128,31037336,2996981760,3111268352
findling-rss 1791120360,2204987392,799424512,31031720,3041964032,3111268352
findling-rss 1791120362,2103095296,799432704,31051968,2939752448,3111268352
findling-rss 1791120364,2165182464,799432704,31048544,3002028032,3111268352
findling-rss 1791120366,2159321088,799457280,31044720,2996088832,3111268352
findling-rss 1791120368,2139435008,799461376,31104816,2976776192,3111268352
findling-rss 1791120370,2166939648,799461376,31065512,3003756544,3111268352
findling-rss 1791120372,2160365568,799490048,31061560,2997575680,3111268352
findling-rss 1791120374,2143727616,799494144,31078928,2978848768,3111268352
findling-rss 1791120376,2219827200,799494144,31080312,3056898048,3111268352
findling-rss 1791120378,2166288384,799522816,31078096,3003138048,3111268352
findling-rss 1791120380,2145992704,799522816,31098976,2981634048,3111268352
findling-rss 1791120382,2011455488,799621120,30986168,2848043008,3111268352
findling-rss 1791120384,2159525888,799379456,30977480,2996064256,3111268352
findling-rss 1791120386,2159546368,799383552,31001472,2996338688,3111268352
findling-rss 1791120388,2055438336,799203328,30869648,2887847936,3111268352
findling-rss 1791120390,2221461504,799203328,30988208,3058479104,3111268352
findling-rss 1791120392,2159591424,800120832,31036912,2996875264,3111268352
findling-rss 1791120394,2112737280,800120832,31036144,2950139904,3111268352
findling-rss 1791120396,2169380864,800120832,31038256,3006935040,3111268352
findling-rss 1791120398,2170466304,800120832,31050480,3007864832,3111268352
findling-rss 1791120400,2139439104,799444992,31011000,2976321536,3111268352
findling-rss 1791120402,2159882240,799444992,31012384,2996383744,3111268352
findling-rss 1791120404,2159616000,799449088,31035712,2996576256,3111268352
findling-rss 1791120406,2158395392,799469568,31028544,2995146752,3111268352
findling-rss 1791120408,2063536128,799477760,30922552,2900041728,3111268352
findling-rss 1791120410,2160848896,799477760,31051728,2997989376,3111268352
findling-rss 1791120412,2158813184,799498240,31044760,2995539968,3111268352
findling-rss 1791120414,2079363072,799506432,31069384,2912395264,3111268352
findling-rss 1791120416,2164940800,799506432,31071520,3001843712,3111268352
findling-rss 1791120418,2160181248,799531008,31064752,2997002240,3111268352
findling-rss 1791120420,2113318912,799531008,31086736,2950148096,3111268352
findling-rss 1791120422,2159468544,799531008,31088512,2996383744,3111268352
findling-rss 1791120424,2159394816,799555584,31082376,2996101120,3111268352
findling-rss 1791120426,2139447296,799973376,31115888,2976899072,3111268352
findling-rss 1791120428,2159095808,799973376,31116424,2996772864,3111268352
findling-rss 1791120430,2159230976,799825920,30992984,2996658176,3111268352
findling-rss 1791120432,2158112768,799825920,31013320,2995281920,3111268352
findling-rss 1791120434,2011463680,799506432,30870136,2847518720,3111268352
findling-rss 1791120436,2164989952,799862784,31010704,3002109952,3111268352
findling-rss 1791120438,2158968832,799862784,31029632,2996072448,3111268352
findling-rss 1791120440,2063536128,799883264,30898760,2900602880,3111268352
findling-rss 1791120442,2206736384,799883264,31027576,3044093952,3111268352
findling-rss 1791120444,2159300608,799891456,31049136,2996723712,3111268352
findling-rss 1791120446,2072399872,799916032,31039464,2909241344,3111268352
findling-rss 1791120448,2163564544,799916032,31078456,3002142720,3111268352
findling-rss 1791120450,2160103424,799916032,31067216,2997284864,3111268352
findling-rss 1791120452,2091380736,799948800,31058808,2928746496,3111268352
findling-rss 1791120454,2160291840,799948800,31060112,2997645312,3111268352
findling-rss 1791120456,2159415296,799936512,31081752,2996965376,3111268352
findling-rss 1791120458,2192809984,799965184,31074816,3030188032,3111268352
findling-rss 1791120460,2159550464,799965184,31078232,2996654080,3111268352
findling-rss 1791120462,2161520640,799977472,31100688,2998861824,3111268352
findling-rss 1791120464,2139443200,804536320,31221048,2981507072,3111268352
findling-rss 1791120466,2160427008,804536320,31217920,3002441728,3111268352
findling-rss 1791120468,2170331136,804536320,31217560,3012407296,3111268352
findling-rss 1791120470,2169716736,804536320,31215912,3011477504,3111268352
findling-rss 1791120472,2151313408,804536320,31210488,2993266688,3111268352
findling-rss 1791120474,2171699200,804536320,31211560,3013709824,3111268352
findling-rss 1791120476,2171187200,804536320,31214792,3013443584,3111268352
findling-rss 1791120478,2171305984,804536320,31219824,3013406720,3111268352
findling-rss 1791120481,2098528256,804536320,31216344,2940772352,3111268352
findling-rss 1791120483,2118664192,804536320,31218464,2960482304,3111268352
findling-rss 1791120485,2118967296,804536320,31214704,2961063936,3111268352
findling-rss 1791120487,2162601984,804536320,31215584,3004719104,3111268352
findling-rss 1791120489,2116882432,804536320,31217352,2961408000,3111268352
findling-rss 1791120491,2172399616,804536320,31217480,3014569984,3111268352
findling-rss 1791120493,2173759488,804536320,31214704,3015819264,3111268352
findling-rss 1791120495,2173243392,804536320,31215776,3015327744,3111268352
findling-rss 1791120497,2105765888,804536320,31214200,2947510272,3111268352
findling-rss 1791120499,2173558784,804536320,31216456,3015524352,3111268352
findling-rss 1791120501,2121269248,804536320,31216320,2963406848,3111268352
findling-rss 1791120503,2156670976,800010240,31114888,2993815552,3111268352
findling-rss 1791120505,2011475968,803250176,31095552,2850643968,3111268352
findling-rss 1791120507,2164477952,799838208,31000448,3001704448,3111268352
findling-rss 1791120509,2155458560,805449728,31176456,2998140928,3111268352
findling-rss 1791120511,2073313280,805449728,31054376,2915762176,3111268352
findling-rss 1791120513,2170204160,805449728,31175216,3013115904,3111268352
findling-rss 1791120515,2170626048,805449728,31176576,3013386240,3111268352
findling-rss 1791120517,2151366656,805449728,31174120,2994270208,3111268352
findling-rss 1791120519,2075443200,805449728,31066864,2917978112,3111268352
findling-rss 1791120521,2171564032,805449728,31176728,3014803456,3111268352
findling-rss 1791120523,2171846656,805449728,31174264,3015012352,3111268352
findling-rss 1791120525,2099625984,805449728,31196632,2942111744,3111268352
findling-rss 1791120527,2119770112,805449728,31177392,2962796544,3111268352
findling-rss 1791120529,2125590528,805449728,31177272,2968711168,3111268352
findling-rss 1791120531,2165272576,805449728,31175240,3007893504,3111268352
findling-rss 1791120533,2117226496,805449728,31174328,2960388096,3111268352
findling-rss 1791120535,2174267392,805449728,31175240,3016884224,3111268352
findling-rss 1791120537,2175434752,805449728,31176872,3018076160,3111268352
findling-rss 1791120539,2173878272,805449728,31175832,3016773632,3111268352
findling-rss 1791120541,2078990336,805449728,31053832,2921267200,3111268352
findling-rss 1791120543,2178924544,805449728,31175968,3021877248,3111268352
findling-rss 1791120545,2122133504,805449728,31177352,2965049344,3111268352
findling-rss 1791120547,2102079488,805449728,31178224,2944983040,3111268352
findling-rss 1791120549,2123767808,805449728,31176440,2966577152,3111268352
findling-rss 1791120551,2167017472,805449728,31193176,3010088960,3111268352
findling-rss 1791120553,2176503808,805449728,31175896,3019386880,3111268352
findling-rss 1791120555,2069364736,799899648,31017104,2903957504,3111268352
findling-rss 1791120557,2162180096,799899648,31018816,2999267328,3111268352
findling-rss 1791120559,2161631232,799895552,31042360,2999328768,3111268352
findling-rss 1791120561,2093101056,799924224,31034232,2930225152,3111268352
findling-rss 1791120563,2160480256,799924224,31035144,2997583872,3111268352
findling-rss 1791120565,2160238592,799916032,31057744,2997624832,3111268352
findling-rss 1791120567,2140545024,799948800,31052800,2977796096,3111268352
findling-rss 1791120569,2160406528,799948800,31053208,2997800960,3111268352
findling-rss 1791120571,2164781056,799956992,31076456,3002208256,3111268352
findling-rss 1791120573,2140549120,799977472,31067584,2977546240,3111268352
findling-rss 1791120575,2012573696,799625216,30954536,2849058816,3111268352
findling-rss 1791120577,2160672768,799973376,31091256,2998145024,3111268352
findling-rss 1791120579,2159759360,799997952,31085576,2997354496,3111268352
findling-rss 1791120581,2072850432,800010240,31107688,2907602944,3111268352
findling-rss 1791120583,2162675712,800010240,31107376,3000311808,3111268352
findling-rss 1791120585,2216017920,803889152,31206784,3057532928,3111268352
findling-rss 1791120587,2118934528,803889152,31206568,2957541376,3111268352
findling-rss 1791120589,2170404864,803889152,31207888,3011710976,3111268352
findling-rss 1791120591,2171224064,803889152,31207328,3012751360,3111268352
findling-rss 1791120593,2172420096,803889152,31204872,3013857280,3111268352
findling-rss 1791120595,2104340480,803889152,31206432,2945609728,3111268352
findling-rss 1791120597,2172248064,803889152,31208008,3013562368,3111268352
findling-rss 1791120599,2172583936,803889152,31212344,3014291456,3111268352
findling-rss 1791120601,2171621376,803889152,31213960,3012874240,3111268352
findling-rss 1791120603,2076893184,803889152,31085944,2918051840,3111268352
findling-rss 1791120605,2173050880,803889152,31206920,3014807552,3111268352
findling-rss 1791120607,2173812736,803889152,31207464,3015315456,3111268352
findling-rss 1791120609,2160664576,803889152,31209064,3000709120,3111268352
findling-rss 1791120611,2079035392,803889152,31083456,2919813120,3111268352
findling-rss 1791120613,2175365120,803889152,31209928,3016876032,3111268352
findling-rss 1791120615,2174611456,803889152,31208688,3015999488,3111268352
findling-rss 1791120617,2140573696,800055296,31125088,2977882112,3111268352
findling-rss 1791120619,2167504896,800055296,31123104,3004964864,3111268352
findling-rss 1791120621,2161434624,799907840,30994416,2999005184,3111268352
findling-rss 1791120623,2140565504,799907840,31015856,2977800192,3111268352
findling-rss 1791120625,2099859456,799907840,31016016,2971975680,3111268352
findling-rss 1791120627,2149224448,799952896,31011872,2986561536,3111268352
findling-rss 1791120629,2163314688,799940608,31033640,3000668160,3111268352
findling-rss 1791120631,2012598272,799612928,30884440,2849009664,3111268352
findling-rss 1791120633,2160680960,803475456,31125832,3001724928,3111268352
findling-rss 1791120635,2169929728,803475456,31122696,3010777088,3111268352
findling-rss 1791120637,2103140352,803475456,31122744,2943594496,3111268352
findling-rss 1791120639,2171060224,803475456,31125696,3012186112,3111268352
findling-rss 1791120641,2172866560,803475456,31127024,3013664768,3111268352
findling-rss 1791120643,2172252160,803475456,31126056,3013169152,3111268352
findling-rss 1791120645,2076536832,803475456,31004040,2917404672,3111268352
findling-rss 1791120647,2173915136,803475456,31125832,3015008256,3111268352
findling-rss 1791120649,2119974912,803475456,31127000,2960752640,3111268352
findling-rss 1791120651,2099699712,803475456,31124624,2940624896,3111268352
findling-rss 1791120653,2126856192,803475456,31123248,2968088576,3111268352
findling-rss 1791120655,2168352768,803475456,31123384,3009347584,3111268352
findling-rss 1791120657,2173816832,803475456,31125768,3014565888,3111268352
findling-rss 1791120659,2148777984,803475456,31123112,2987114496,3111268352
findling-rss 1791120661,2175242240,803475456,31124168,3016175616,3111268352
findling-rss 1791120663,2160635904,799981568,31051400,2997792768,3111268352
findling-rss 1791120665,2140401664,799985664,31046296,2977812480,3111268352
findling-rss 1791120667,2047217664,799662080,30931832,2883371008,3111268352
findling-rss 1791120669,2160242688,800014336,31070312,2997719040,3111268352
findling-rss 1791120671,2160189440,800038912,31065432,2997940224,3111268352
findling-rss 1791120673,2064805888,800038912,31012760,2901905408,3111268352
findling-rss 1791120675,2160300032,800038912,31088416,2997682176,3111268352
findling-rss 1791120677,2160025600,800067584,31082248,2997731328,3111268352
findling-rss 1791120679,2093580288,802856960,31177728,2933559296,3111268352
findling-rss 1791120681,2160951296,802856960,31177944,3001327616,3111268352
findling-rss 1791120683,2170232832,802856960,31175392,3010600960,3111268352
findling-rss 1791120685,2150711296,802856960,31175936,2991075328,3111268352
findling-rss 1791120687,2074824704,802856960,31051952,2914820096,3111268352
findling-rss 1791120689,2170347520,802856960,31177296,3010842624,3111268352
findling-rss 1791120691,2172506112,802856960,31175392,3013013504,3111268352
findling-rss 1791120693,2153152512,802856960,31175952,2993356800,3111268352
findling-rss 1791120695,2077245440,802856960,31066040,2921713664,3111268352
findling-rss 1791120697,2174275584,802856960,31175000,3015004160,3111268352
findling-rss 1791120699,2175279104,802856960,31177184,3015647232,3111268352
findling-rss 1791120701,2100367360,802856960,31173344,2940362752,3111268352
findling-rss 1791120703,2120253440,802856960,31175600,2960678912,3111268352
findling-rss 1791120705,2161266688,800120832,31099184,2998767616,3111268352
findling-rss 1791120707,2140606464,800120832,31121736,2978201600,3111268352
findling-rss 1791120709,2193690624,800120832,31120496,3033862144,3111268352
findling-rss 1791120711,2160480256,799969280,30996096,2997903360,3111268352
findling-rss 1791120713,2148737024,799977472,31022144,2984824832,3111268352
findling-rss 1791120715,2012631040,799649792,30873184,2848940032,3111268352
findling-rss 1791120717,2160902144,800010240,31019456,2998665216,3111268352
findling-rss 1791120719,2160701440,800002048,31042928,2998489088,3111268352
findling-rss 1791120721,2027888640,800030720,30909824,2861359104,3111268352
findling-rss 1791120723,2163765248,800030720,31032152,3001200640,3111268352
findling-rss 1791120725,2159751168,800026624,31055560,2997260288,3111268352
findling-rss 1791120727,2064707584,800055296,30922672,2902003712,3111268352
findling-rss 1791120729,2163372032,800055296,31050224,3000893440,3111268352
findling-rss 1791120731,2160373760,800051200,31071176,2997862400,3111268352
findling-rss 1791120733,2104586240,800096256,31107656,2943328256,3111268352
findling-rss 1791120735,2160873472,800096256,31067400,2998325248,3111268352
findling-rss 1791120737,2161192960,800092160,31089536,2998857728,3111268352
findling-rss 1791120739,2140631040,800120832,31080560,2978156544,3111268352
findling-rss 1791120741,2160238592,800120832,31081752,2997415936,3111268352
findling-rss 1791120743,2164719616,800112640,31104408,3002396672,3111268352
findling-rss 1791120745,2140602368,800141312,31099520,2978004992,3111268352
findling-rss 1791120747,2040786944,800145408,30997136,2876706816,3111268352
findling-rss 1791120749,2164350976,800145408,31121896,3002011648,3111268352
findling-rss 1791120751,2160353280,800002048,31001520,2997727232,3111268352
findling-rss 1791120754,2064740352,799997952,30896416,2901368832,3111268352
findling-rss 1791120756,2161844224,799997952,31022856,2999472128,3111268352
findling-rss 1791120758,2163736576,800382976,31027640,3001401344,3111268352
findling-rss 1791120760,2158084096,800382976,31026592,2992746496,3111268352
findling-rss 1791120762,2170257408,800382976,31028560,3008294912,3111268352
findling-rss 1791120764,2160812032,800026624,31036808,2998251520,3111268352
findling-rss 1791120766,2140639232,800063488,31028432,2978103296,3111268352
findling-rss 1791120768,2160791552,800063488,31031464,2998083584,3111268352
findling-rss 1791120770,2161033216,800067584,31054704,2998398976,3111268352
findling-rss 1791120772,2160431104,800092160,31048056,2997927936,3111268352
findling-rss 1791120774,2064748544,800092160,30942824,2901573632,3111268352
findling-rss 1791120776,2214187008,800092160,31069520,3051749376,3111268352
findling-rss 1791120778,2163544064,800116736,31065048,3001204736,3111268352
findling-rss 1791120780,2075324416,800120832,31085728,2912288768,3111268352
findling-rss 1791120782,2162532352,800120832,31088528,2999767040,3111268352
findling-rss 1791120784,2160615424,800149504,31082008,2998140928,3111268352
findling-rss 1791120786,2131951616,800145408,31102112,2969710592,3111268352
findling-rss 1791120788,2160746496,800145408,31101200,2998087680,3111268352
findling-rss 1791120790,2160623616,800174080,31096296,2998165504,3111268352
findling-rss 1791120792,2140643328,801595392,31155664,2979778560,3111268352
findling-rss 1791120794,2074513408,801595392,31037520,2913275904,3111268352
findling-rss 1791120796,2171428864,801595392,31161232,3010453504,3111268352
findling-rss 1791120798,2170646528,801595392,31162576,3009961984,3111268352
findling-rss 1791120800,2099113984,801595392,31159584,2938150912,3111268352
findling-rss 1791120802,2119643136,801595392,31158904,2958917632,3111268352
findling-rss 1791120804,2119479296,801595392,31159312,2958573568,3111268352
findling-rss 1791120806,2161242112,800055296,30999400,2998362112,3111268352
findling-rss 1791120808,2046287872,800055296,30894104,2882039808,3111268352
findling-rss 1791120810,2143629312,800055296,31021208,2980786176,3111268352
findling-rss 1791120812,2160566272,800079872,31017312,2997948416,3111268352
findling-rss 1791120814,2091704320,800079872,31036944,2928861184,3111268352
findling-rss 1791120816,2160852992,800079872,31040168,2998079488,3111268352
findling-rss 1791120818,2160766976,800112640,31031024,2998161408,3111268352
findling-rss 1791120820,2140667904,800108544,31052640,2978537472,3111268352
findling-rss 1791120822,2161094656,800108544,31055776,2998538240,3111268352
findling-rss 1791120824,2167103488,800141312,31049488,3004682240,3111268352
findling-rss 1791120826,2140688384,800145408,31071880,2978127872,3111268352
findling-rss 1791120828,2161164288,800145408,31072936,2998734848,3111268352
findling-rss 1791120830,2159890432,800165888,31066072,2997473280,3111268352
findling-rss 1791120832,2159861760,800161792,31086624,2997059584,3111268352
findling-rss 1791120834,2012696576,799842304,30938056,2849386496,3111268352
findling-rss 1791120836,2160390144,800190464,31081976,2998345728,3111268352
findling-rss 1791120838,2160467968,800194560,31104912,2998075392,3111268352
findling-rss 1791120840,2063675392,800223232,30973736,2899787776,3111268352
findling-rss 1791120842,2209542144,800223232,31103512,3047276544,3111268352
findling-rss 1791120844,2160599040,800231424,31124128,2998333440,3111268352
findling-rss 1791120846,1976971264,828440576,31839824,2872459264,3111268352
findling-rss 1791120848,2132697088,800083968,31067064,2970173440,3111268352
findling-rss 1791120850,2139238400,805679104,31244528,2982629376,3111268352
findling-rss 1791120852,2159902720,805679104,31243560,3003465728,3111268352
findling-rss 1791120854,2168946688,805679104,31244128,3012411392,3111268352
findling-rss 1791120856,2169753600,805679104,31242272,3013296128,3111268352
findling-rss 1791120858,2125008896,805679104,31241088,2968481792,3111268352
findling-rss 1791120860,2170494976,805679104,31244256,3013718016,3111268352
findling-rss 1791120862,2171461632,805679104,31240160,3014500352,3111268352
findling-rss 1791120864,2171580416,805679104,31241536,3014553600,3111268352
findling-rss 1791120866,2117025792,805679104,31239672,2960048128,3111268352
findling-rss 1791120868,2171715584,805679104,31242608,3015049216,3111268352
findling-rss 1791120870,2171867136,805679104,31242200,3015073792,3111268352
findling-rss 1791120872,2171752448,805679104,31241248,3015168000,3111268352
findling-rss 1791120874,2105286656,805679104,31240352,2942681088,3111268352
findling-rss 1791120876,2173050880,805679104,31242472,3016966144,3111268352
findling-rss 1791120878,2173689856,805679104,31240720,3016871936,3111268352
findling-rss 1791120880,2155642880,805679104,31240288,2997714944,3111268352
findling-rss 1791120882,2077708288,805679104,31119048,2920591360,3111268352
findling-rss 1791120884,2121236480,805679104,31242744,2964189184,3111268352
findling-rss 1791120886,2120839168,805679104,31240128,2963984384,3111268352
findling-rss 1791120888,2144833536,805679104,31241464,2987851776,3111268352
findling-rss 1791120890,2171535360,805679104,31238368,3014799360,3111268352
findling-rss 1791120892,2175049728,805679104,31237744,3018698752,3111268352
findling-rss 1791120894,2176794624,805679104,31238584,3020075008,3111268352
findling-rss 1791120896,2068393984,800137216,31080960,2902478848,3111268352
findling-rss 1791120898,2159239168,800137216,31086840,2996625408,3111268352
findling-rss 1791120900,2159624192,800145408,31107712,2997211136,3111268352
findling-rss 1791120902,2155364352,799961088,31114568,2992717824,3111268352
findling-rss 1791120904,2278068224,799961088,31114512,3116113920,3116118016
findling-rss 1791120906,2161577984,800178176,31144360,2999062528,3116118016
findling-rss 1791120908,2140397568,800198656,31139248,2977890304,3116118016
findling-rss 1791120910,2159874048,800198656,31139792,2997534720,3116118016
findling-rss 1791120912,2160467968,800198656,31161104,2998173696,3116118016
findling-rss 1791120914,2156023808,800231424,31153584,2993135616,3116118016
findling-rss 1791120916,2012438528,801976320,31098064,2851491840,3116118016
findling-rss 1791120918,2160721920,803368960,31263840,3001872384,3116118016
findling-rss 1791120920,2193653760,803368960,31264792,3024502784,3116118016
findling-rss 1791120922,2142580736,803368960,31259480,2983649280,3116118016
findling-rss 1791120924,2171273216,803368960,31262616,3012423680,3116118016
findling-rss 1791120926,2172403712,803368960,31262480,3013361664,3116118016
findling-rss 1791120928,2171904000,803368960,31263176,3012800512,3116118016
findling-rss 1791120930,2118135808,803368960,31264992,2958766080,3116118016
findling-rss 1791120932,2180206592,803368960,31264656,3021295616,3116118016
findling-rss 1791120934,2172928000,803368960,31263448,3013873664,3116118016
findling-rss 1791120936,2172887040,803368960,31261096,3013824512,3116118016
findling-rss 1791120938,2087211008,803368960,31262672,2927849472,3116118016
findling-rss 1791120940,2173485056,803368960,31263432,3014459392,3116118016
findling-rss 1791120942,2173771776,803368960,31262632,3015213056,3116118016
findling-rss 1791120944,2131742720,800280576,31172704,2969554944,3116118016
findling-rss 1791120946,2160836608,800280576,31175536,2998370304,3116118016
findling-rss 1791120948,2167287808,800276480,31195264,3005386752,3116118016
findling-rss 1791120950,2140463104,800321536,31191256,2978574336,3116118016
findling-rss 1791120952,2160893952,800321536,31189472,2998628352,3116118016
findling-rss 1791120954,2160476160,800317440,31212336,2998374400,3116118016
findling-rss 1791120956,2140434432,800178176,31084376,2977955840,3116118016
findling-rss 1791120958,2142584832,800178176,31086616,2997477376,3116118016
findling-rss 1791120960,2160717824,800190464,31111512,2998456320,3116118016
findling-rss 1791120962,2159181824,800206848,31109608,2996924416,3116118016
findling-rss 1791120964,2064551936,800210944,31005336,2901950464,3116118016
findling-rss 1791120966,2160881664,800210944,31127848,2998702080,3116118016
findling-rss 1791120968,2201935872,800235520,31123784,3039514624,3116118016
findling-rss 1791120970,2097299456,800235520,31143264,2931023872,3116118016
findling-rss 1791120972,2160222208,800235520,31144840,2998165504,3116118016
findling-rss 1791120974,2160971776,800264192,31140752,2999066624,3116118016
findling-rss 1791120976,2140463104,800264192,31160168,2978086912,3116118016
findling-rss 1791120978,2164453376,800264192,31160720,3002052608,3116118016
findling-rss 1791120980,2160881664,800296960,31156760,2998616064,3116118016
findling-rss 1791120982,2202341376,800088064,31166944,3040034816,3116118016
findling-rss 1791120984,2263764992,800088064,31172360,3101900800,3116118016
findling-rss 1791120986,2160054272,800321536,31173056,2997932032,3116118016
findling-rss 1791120988,2157948928,800325632,31194104,2995666944,3116118016
findling-rss 1791120990,2012487680,800002048,31046488,2849361920,3116118016
findling-rss 1791120992,2160775168,800346112,31189368,2998571008,3116118016
findling-rss 1791120994,2161700864,800346112,31212328,2999181312,3116118016
findling-rss 1791120996,2064564224,858521600,32787840,2961862656,3116118016
findling-rss 1791120998,2165809152,800210944,31090200,3003830272,3116118016
findling-rss 1791121000,2160599040,800215040,31111384,2998280192,3116118016
findling-rss 1791121002,2149163008,800235520,31104920,2986835968,3116118016
findling-rss 1791121004,2161430528,800235520,31107328,2998820864,3116118016
findling-rss 1791121006,2160545792,800247808,31127768,2998145024,3116118016
findling-rss 1791121008,2140475392,800264192,31123752,2978193408,3116118016
findling-rss 1791121010,2160709632,800264192,31122528,2998595584,3116118016
findling-rss 1791121012,2160119808,800272384,31145304,2997682176,3116118016
findling-rss 1791121014,2155839488,800301056,31143648,2993606656,3116118016
findling-rss 1791121016,2051387392,800296960,31038200,2887147520,3116118016
findling-rss 1791121018,2199404544,800296960,31164032,3037593600,3116118016
findling-rss 1791121021,2144149504,801492992,31194592,2983104512,3116118016
findling-rss 1791121023,2047119360,799973376,31044032,2884030464,3116118016
findling-rss 1791121025,2166272000,800321536,31179696,3004211200,3116118016
findling-rss 1791121027,2160259072,800354304,31175416,2998018048,3116118016
findling-rss 1791121029,2064592896,800354304,31072768,2902228992,3116118016
findling-rss 1791121031,2161483776,800354304,31199096,2999463936,3116118016
findling-rss 1791121033,2160271360,800387072,31193992,2997981184,3116118016
findling-rss 1791121035,2144612352,800374784,31215792,2969505792,3116118016
findling-rss 1791121037,2160717824,800374784,31215392,2998620160,3116118016
findling-rss 1791121039,2161180672,800251904,31093600,2999009280,3116118016
findling-rss 1791121041,2140520448,800251904,31111624,2978586624,3116118016
findling-rss 1791121043,2160996352,800251904,31114928,2998722560,3116118016
findling-rss 1791121045,2147561472,800296960,31111360,2985439232,3116118016
findling-rss 1791121047,2158194688,800280576,31129360,2995986432,3116118016
findling-rss 1791121049,2012540928,799956992,30980024,2849464320,3116118016
findling-rss 1791121051,2219089920,800313344,31126832,3056496640,3116118016
findling-rss 1791121053,2159894528,800313344,31149656,2997768192,3116118016
findling-rss 1791121055,2012540928,799985664,31001672,2849206272,3116118016
findling-rss 1791121057,2163433472,800342016,31145312,3001745408,3116118016
findling-rss 1791121059,2159824896,800342016,31167168,2997825536,3116118016
findling-rss 1791121061,2040459264,800366592,31034008,2876796928,3116118016
findling-rss 1791121063,2167640064,800366592,31161216,3005329408,3116118016
findling-rss 1791121065,2142552064,800374784,31180968,2980515840,3116118016
findling-rss 1791121067,2064617472,800395264,31050688,2902126592,3116118016
findling-rss 1791121069,2210738176,800407552,31175816,3048878080,3116118016
findling-rss 1791121071,2160107520,800411648,31197664,2998034432,3116118016
findling-rss 1791121073,2074451968,800436224,31189304,2912096256,3116118016
findling-rss 1791121075,2164252672,800436224,31192624,3002134528,3116118016
findling-rss 1791121077,2159763456,800428032,31213880,2997657600,3116118016
findling-rss 1791121079,2104422400,800292864,31090864,2942050304,3116118016
findling-rss 1791121081,2160365568,800292864,31095128,2998059008,3116118016
findling-rss 1791121083,2161012736,801349632,31148072,2999787520,3116118016
findling-rss 1791121085,2221322240,801349632,31148136,3059617792,3116118016
findling-rss 1791121087,2075492352,801349632,31025328,2914107392,3116118016
findling-rss 1791121089,2171117568,801349632,31141336,3010056192,3116118016
findling-rss 1791121091,2172977152,801349632,31142712,3011792896,3116118016
findling-rss 1791121093,2114428928,800333824,31111472,2952286208,3116118016
findling-rss 1791121095,2162319360,800333824,31111200,3000258560,3116118016
findling-rss 1791121097,2144505856,801513472,31167032,2983448576,3116118016
findling-rss 1791121099,2166976512,800145408,31118072,3004395520,3116118016
findling-rss 1791121101,2222657536,800145408,31120736,3060248576,3116339200
findling-rss 1791121103,2160791552,800354304,31149488,2998542336,3116339200
findling-rss 1791121105,2140553216,800391168,31142272,2978398208,3116339200
findling-rss 1791121107,2160115712,800391168,31143384,2998075392,3116339200
findling-rss 1791121109,2167574528,800391168,31167280,3005472768,3116339200
findling-rss 1791121111,2156625920,800419840,31158728,2994417664,3116339200
findling-rss 1791121113,2047008768,800423936,31053280,2883342336,3116339200
findling-rss 1791121115,2161348608,800423936,31181336,2999169024,3116339200
findling-rss 1791121117,2203713536,800444416,31174720,3041812480,3116339200
findling-rss 1791121119,2064654336,801849344,31112056,2903343104,3116339200
findling-rss 1791121121,2160566272,801849344,31239112,3000217600,3116339200
findling-rss 1791121123,2170585088,801849344,31239536,3010084864,3116339200
findling-rss 1791121125,2154246144,801849344,31240064,2992726016,3116339200
findling-rss 1791121127,2076536832,801849344,31117048,2915643392,3116339200
findling-rss 1791121129,2171568128,801849344,31238568,3010826240,3116339200
findling-rss 1791121131,2172313600,801849344,31239248,3011686400,3116339200
findling-rss 1791121133,2104033280,800485376,31194792,2941480960,3116339200
findling-rss 1791121135,2160828416,800485376,31212984,2998448128,3116339200
findling-rss 1791121137,2160582656,801546240,31247240,2999390208,3116339200
findling-rss 1791121139,2169888768,801546240,31245872,3008692224,3116339200
findling-rss 1791121141,2085023744,801546240,31247432,2923495424,3116339200
findling-rss 1791121143,2171457536,801546240,31249520,3010777088,3116339200
findling-rss 1791121145,2173399040,801546240,31249008,3012784128,3116339200
findling-rss 1791121147,2140987392,800346112,31093336,2978689024,3116339200
findling-rss 1791121149,2161188864,800346112,31096168,2999070720,3116339200
findling-rss 1791121151,2161004544,800354304,31120272,2999066624,3116339200
findling-rss 1791121153,2140999680,800378880,31112616,2978947072,3116339200
findling-rss 1791121155,2166132736,800378880,31112464,3004309504,3116339200
findling-rss 1791121157,2160443392,800382976,31134464,2998603776,3116339200
findling-rss 1791121159,2159722496,800403456,31128088,2997960704,3116339200
findling-rss 1791121161,2075045888,800407552,31149592,2912223232,3116339200
findling-rss 1791121163,2161565696,800407552,31151648,2999836672,3116339200
findling-rss 1791121165,2161451008,800444416,31145688,2999349248,3116339200
findling-rss 1791121167,2114891776,800436224,31166224,2952540160,3116339200
findling-rss 1791121169,2161205248,800436224,31167744,2999123968,3116339200
findling-rss 1791121171,2161664000,800477184,31162496,2999693312,3116339200
findling-rss 1791121173,2141028352,800477184,31184368,2978918400,3116339200
findling-rss 1791121175,2161582080,800477184,31185032,2999603200,3116339200
findling-rss 1791121177,2160668672,800505856,31180096,2998525952,3116339200
findling-rss 1791121179,2158686208,800501760,31199976,2996703232,3116339200
findling-rss 1791121181,2013044736,800182272,31052272,2849677312,3116339200
findling-rss 1791121183,2160713728,800534528,31195328,2998902784,3116339200
findling-rss 1791121185,2161094656,800534528,31218912,2999209984,3116339200
findling-rss 1791121187,2047090688,858845184,32816536,2943631360,3116339200
findling-rss 1791121189,2161389568,800378880,31097072,2998968320,3116339200
findling-rss 1791121191,2160717824,800374784,31119296,2998951936,3116339200
findling-rss 1791121193,2076516352,800403456,31112608,2914144256,3116339200
findling-rss 1791121195,2161319936,800403456,31115000,2999255040,3116339200
findling-rss 1791121197,2165194752,800407552,31137392,3003088896,3116339200
findling-rss 1791121199,2092097536,800436224,31133448,2929950720,3116339200
findling-rss 1791121201,2160799744,800436224,31135856,2998853632,3116339200
findling-rss 1791121203,2160844800,800436224,31156520,2998722560,3116339200
findling-rss 1791121205,2114940928,800464896,31150080,2952740864,3116339200
findling-rss 1791121207,2166337536,800464896,31151192,3004010496,3116339200
findling-rss 1791121209,2161332224,800460800,31173920,2999443456,3116339200
findling-rss 1791121211,2141032448,800477184,31162592,2978828288,3116339200
findling-rss 1791121213,2160873472,800477184,31161248,2998779904,3116339200
findling-rss 1791121215,2215899136,801181696,31205176,3055038464,3116339200
findling-rss 1791121217,2170982400,801181696,31201696,3009818624,3116339200
findling-rss 1791121219,2114183168,801181696,31201088,2952720384,3116339200
findling-rss 1791121221,2178011136,801181696,31201432,3016945664,3116339200
findling-rss 1791121223,2161418240,800526336,31181784,2999455744,3116339200
findling-rss 1791121225,2141065216,800526336,31201064,2978959360,3116339200
findling-rss 1791121227,2166861824,800526336,31202424,3004862464,3116339200
findling-rss 1791121229,2144718848,801734656,31231352,2984013824,3116339200
findling-rss 1791121231,2153607168,800550912,31219464,2991726592,3116339200
findling-rss 1791121233,2161123328,800550912,31221056,2998755328,3116339200
findling-rss 1791121235,2160865280,800407552,31099136,2998665216,3116339200
findling-rss 1791121237,2141069312,800407552,31118480,2978783232,3116339200
findling-rss 1791121239,2025521152,800407552,31010496,2903089152,3116339200
findling-rss 1791121241,2161025024,800436224,31114960,2998931456,3116339200
findling-rss 1791121243,2160078848,800432128,31138472,2998329344,3116339200
findling-rss 1791121245,2013089792,800112640,30990144,2849898496,3116339200
findling-rss 1791121247,2208903168,800464896,31131072,3046600704,3116339200
findling-rss 1791121249,2161397760,800464896,31154056,2999390208,3116339200
findling-rss 1791121251,2074464256,800493568,31146352,2912055296,3116339200
findling-rss 1791121253,2164957184,800493568,31149152,3002847232,3116339200
findling-rss 1791121255,2160492544,800493568,31171040,2998317056,3116339200
findling-rss 1791121257,2114961408,800522240,31161896,2952900608,3116339200
findling-rss 1791121259,2162044928,800522240,31165048,3000037376,3116339200
findling-rss 1791121261,2161340416,800530432,31186600,2999648256,3116339200
findling-rss 1791121263,2141065216,800550912,31180632,2979020800,3116339200
findling-rss 1791121265,2161717248,800550912,31183768,2999791616,3116339200
findling-rss 1791121267,2168803328,800550912,31205368,3007004672,3116339200
findling-rss 1791121269,2141065216,800583680,31199096,2979213312,3116339200
findling-rss 1791121271,2161369088,800583680,31199776,2999574528,3116339200
findling-rss 1791121273,2160738304,800591872,31220360,2998870016,3116339200
findling-rss 1791121275,2158899200,800436224,31099592,2996346880,3116339200
findling-rss 1791121277,2064498688,800448512,30995632,2900889600,3116339200
findling-rss 1791121279,2161479680,800448512,31122072,2999300096,3116339200
findling-rss 1791121281,2204237824,800468992,31114344,3042435072,3116339200
findling-rss 1791121283,2079903744,800477184,31133944,2914942976,3116339200
findling-rss 1791121285,2161569792,800477184,31135520,2999566336,3116339200
findling-rss 1791121287,2161438720,800493568,31131896,2999349248,3116339200
findling-rss 1791121290,2141093888,800501760,31153408,2979115008,3116339200
findling-rss 1791121292,2163412992,800501760,31156528,3001331712,3116339200
findling-rss 1791121294,2161389568,800534528,31150000,2999877632,3116339200
findling-rss 1791121296,2141036544,800514048,31170768,2979098624,3116339200
findling-rss 1791121298,2053578752,800202752,31035992,2890682368,3116339200
findling-rss 1791121300,2160820224,800559104,31164544,2999291904,3116339200
findling-rss 1791121302,2160623616,800550912,31189088,2998943744,3116339200
findling-rss 1791121304,2047746048,800583680,31054072,2884046848,3116339200
findling-rss 1791121306,2161340416,800583680,31182864,2999558144,3116339200
findling-rss 1791121308,2160914432,800575488,31205920,2998980608,3116339200
findling-rss 1791121310,2065444864,800616448,31134616,2902958080,3116339200
findling-rss 1791121312,2160959488,800616448,31197288,2999091200,3116339200
findling-rss 1791121314,2161713152,800612352,31221328,2999832576,3116339200
findling-rss 1791121316,2105503744,800477184,31139488,2943361024,3116339200
findling-rss 1791121318,2162171904,800477184,31102296,3000344576,3116339200
findling-rss 1791121320,2162024448,800473088,31126584,3000434688,3116339200
findling-rss 1791121322,2141065216,800501760,31121560,2978848768,3116339200
findling-rss 1791121324,2161168384,800501760,31123336,2999324672,3116339200
findling-rss 1791121326,2166906880,800497664,31141456,3004620800,3116339200
findling-rss 1791121328,2141065216,800538624,31141144,2979078144,3116339200
findling-rss 1791121330,2013093888,800182272,31025184,2849734656,3116339200
findling-rss 1791121332,2167214080,800534528,31162832,3005329408,3116339200
findling-rss 1791121334,2160336896,800555008,31152976,2998673408,3116339200
findling-rss 1791121336,2065166336,800563200,31068136,2902937600,3116339200
findling-rss 1791121338,2165153792,800563200,31175480,3003600896,3116339200
findling-rss 1791121340,2160943104,800587776,31170192,2999365632,3116339200
findling-rss 1791121342,2087079936,800600064,31190080,2925076480,3116339200
findling-rss 1791121344,2145206272,800600064,31191928,2983059456,3116339200
findling-rss 1791121346,2161053696,800616448,31187432,2999382016,3116339200
findling-rss 1791121348,2195267584,800624640,31206656,3033522176,3116339200
findling-rss 1791121350,2161156096,800624640,31206296,2999783424,3116339200
findling-rss 1791121352,2163376128,800649216,31202608,3001749504,3116339200
findling-rss 1791121354,2141069312,800649216,31226728,2979196928,3116339200
findling-rss 1791121356,2013093888,800444416,31104784,2850758656,3116339200
findling-rss 1791121358,2161684480,800518144,31105064,2999881728,3116339200
findling-rss 1791121360,2160418816,800509952,31123832,2998484992,3116339200
findling-rss 1791121362,2013093888,800186368,30991376,2849751040,3116339200
findling-rss 1791121364,2204041216,800538624,31118968,3031953408,3116339200
findling-rss 1791121366,2160922624,800542720,31140968,2999320576,3116339200
findling-rss 1791121368,2038001664,800538624,31005968,2874609664,3116339200
findling-rss 1791121370,2143432704,800538624,31132776,2981367808,3116339200
findling-rss 1791121372,2160844800,800575488,31157080,2998792192,3116339200
findling-rss 1791121374,2093182976,800600064,31150488,2931183616,3116339200
findling-rss 1791121376,2161840128,800600064,31151464,2999918592,3116339200
findling-rss 1791121378,2161614848,800591872,31170584,2999513088,3116339200
findling-rss 1791121380,2141052928,800976896,31172184,2979508224,3116339200
findling-rss 1791121382,2160205824,800976896,31176376,2998796288,3116339200
findling-rss 1791121384,2170519552,800976896,31177736,3008962560,3116339200
findling-rss 1791121386,2160238592,800624640,31190264,2998554624,3116339200
findling-rss 1791121388,2065170432,800661504,31057848,2902749184,3116339200
findling-rss 1791121390,2161389568,800661504,31187080,2999308288,3116339200
findling-rss 1791121392,2160607232,800661504,31208440,2999107584,3116339200
findling-rss 1791121394,2102210560,800690176,31204416,2939875328,3116339200
findling-rss 1791121396,2161102848,800690176,31205576,2999029760,3116339200
findling-rss 1791121398,2207436800,800686080,31224480,3045654528,3116339200
findling-rss 1791121400,2132365312,800546816,31101624,2969944064,3116339200
findling-rss 1791121402,2167341056,800546816,31103280,3005337600,3116339200
findling-rss 1791121404,2161029120,800538624,31123160,2998915072,3116339200
findling-rss 1791121406,2141077504,800571392,31117816,2979315712,3116339200
findling-rss 1791121408,2165874688,800571392,31117552,3003555840,3116339200
findling-rss 1791121410,2163179520,805163008,31265808,3005902848,3116339200
findling-rss 1791121412,2171314176,805163008,31266336,3013971968,3116339200
findling-rss 1791121414,2159603712,805163008,31265472,3002204160,3116339200
findling-rss 1791121416,2170339328,805163008,31264048,3013165056,3116339200
findling-rss 1791121418,2173194240,805163008,31262256,3016114176,3116339200
findling-rss 1791121420,2172887040,805163008,31261312,3015626752,3116339200
findling-rss 1791121422,2077425664,805163008,31141584,2919612416,3116339200
findling-rss 1791121424,2176417792,805163008,31265280,3019120640,3116339200
findling-rss 1791121426,2174410752,805163008,31265984,3017236480,3116339200
findling-rss 1791121428,2100678656,805163008,31264928,2943238144,3116339200
findling-rss 1791121430,2053615616,805163008,31139776,2894622720,3116339200
findling-rss 1791121432,2125508608,805163008,31263240,2968334336,3116339200
findling-rss 1791121434,2166239232,805163008,31263920,3009093632,3116339200
findling-rss 1791121436,2154897408,805163008,31264192,2997649408,3116339200
findling-rss 1791121438,2181595136,805163008,31264872,3024519168,3116339200
findling-rss 1791121440,2176348160,805163008,31267968,3019149312,3116339200
findling-rss 1791121442,2176868352,805163008,31266912,3019546624,3116339200
findling-rss 1791121444,2120343552,805163008,31266680,2962825216,3116339200
findling-rss 1791121446,2176761856,805163008,31265008,3019325440,3116339200
findling-rss 1791121448,2112446464,800632832,31136056,2950062080,3116339200
findling-rss 1791121450,2092339200,800636928,31163416,2930192384,3116339200
findling-rss 1791121452,2113171456,800636928,31164504,2951045120,3116339200
findling-rss 1791121454,2112851968,800669696,31154576,2950971392,3116339200
findling-rss 1791121456,2101501952,800657408,31177504,2938204160,3116339200
findling-rss 1791121458,2016428032,800337920,31025032,2853289984,3116339200
findling-rss 1791121460,2268151808,800481280,31164416,3106238464,3116339200
findling-rss 1791121462,2097655808,800698368,31190448,2934571008,3116339200
findling-rss 1791121464,2115977216,800698368,31192456,2954104832,3116339200
findling-rss 1791121466,2112835584,800718848,31187744,2951127040,3116339200
findling-rss 1791121468,2105696256,800714752,31211168,2942726144,3116339200
findling-rss 1791121470,2016698368,800395264,31060552,2853593088,3116339200
findling-rss 1791121472,2112409600,800743424,31204784,2950594560,3116339200
findling-rss 1791121474,2112761856,800747520,31228264,2951041024,3116339200
findling-rss 1791121476,2068770816,800604160,30977744,2906316800,3116339200
findling-rss 1791121478,2114523136,800604160,31105848,2952404992,3116339200
findling-rss 1791121480,2113130496,800608256,31126288,2951352320,3116339200
findling-rss 1791121482,2068246528,800632832,31119496,2904309760,3116339200
findling-rss 1791121484,2113130496,800632832,31119792,2951196672,3116339200
findling-rss 1791121486,2112901120,800985088,31153320,2951254016,3116339200
findling-rss 1791121488,2112249856,800985088,31154152,2950414336,3116339200
findling-rss 1791121490,2016710656,800313344,30995880,2853691392,3116339200
findling-rss 1791121492,2112237568,800669696,31138584,2950017024,3116339200
findling-rss 1791121494,2111631360,800669696,31159976,2949836800,3116339200
findling-rss 1791121496,2068779008,800702464,31025680,2906587136,3116339200
findling-rss 1791121498,2113171456,800702464,31155472,2951417856,3116339200
findling-rss 1791121500,2112688128,800694272,31175624,2950750208,3116339200
findling-rss 1791121502,2056581120,800735232,31167704,2894790656,3116339200
findling-rss 1791121504,2112720896,800735232,31169568,2950758400,3116339200
findling-rss 1791121506,2147631104,800743424,31194160,2986061824,3116339200
findling-rss 1791121508,2092634112,800759808,31184520,2930638848,3116339200
findling-rss 1791121510,2118447104,800759808,31188168,2956488704,3116339200
findling-rss 1791121512,2115698688,800751616,31210648,2953969664,3116339200
findling-rss 1791121514,2092621824,800788480,31206648,2930790400,3116339200
findling-rss 1791121516,2117144576,800788480,31204280,2955538432,3116339200
findling-rss 1791121518,2118647808,802549760,31277616,2958737408,3116339200
findling-rss 1791121520,2112114688,802549760,31275032,2951745536,3116339200
findling-rss 1791121522,2070220800,802549760,31262360,2909253632,3116339200
findling-rss 1791121524,2165399552,802549760,31274488,3005472768,3116339200
findling-rss 1791121526,2112708608,802557952,31275048,2952491008,3116339200
findling-rss 1791121528,2144702464,802557952,31272392,2984534016,3116339200
findling-rss 1791121530,2165182464,802557952,31275496,3005812736,3116339200
findling-rss 1791121532,2174500864,802557952,31276632,3014848512,3116339200
findling-rss 1791121534,2112356352,801382400,31124768,2951098368,3116339200
findling-rss 1791121536,2068787200,801382400,31000112,2906923008,3116339200
findling-rss 1791121538,2112970752,801382400,31124768,2951585792,3116339200
findling-rss 1791121540,2170146816,801382400,31124896,3008884736,3116339200
findling-rss 1791121542,2092613632,800661504,31127312,2930774016,3116339200
findling-rss 1791121544,2112376832,800661504,31126520,2950242304,3116339200
findling-rss 1791121546,2117992448,800698368,31122432,2956197888,3116339200
findling-rss 1791121548,2095169536,800698368,31146344,2931781632,3116339200
findling-rss 1791121550,2016727040,800374784,30993080,2853687296,3116339200
findling-rss 1791121552,2112999424,800731136,31139480,2951127040,3116339200
findling-rss 1791121555,2112442368,800731136,31161792,2950602752,3116339200
findling-rss 1791121557,2057621504,800751616,31025848,2894225408,3116339200
findling-rss 1791121559,2164105216,800751616,31156800,3002368000,3116339200
findling-rss 1791121561,2113044480,800768000,31181400,2951376896,3116339200
findling-rss 1791121563,2028179456,800784384,31175536,2866036736,3116339200
findling-rss 1791121565,2112483328,800784384,31176976,2950578176,3116339200
findling-rss 1791121567,2112225280,800780288,31194160,2950443008,3116339200
findling-rss 1791121569,2092638208,800808960,31189096,2930741248,3116339200
findling-rss 1791121571,2111852544,800808960,31189240,2950066176,3116339200
findling-rss 1791121573,2113830912,800808960,31212760,2951815168,3116339200
findling-rss 1791121575,2130358272,802242560,31247720,2970189824,3116339200
findling-rss 1791121577,2016927744,802242560,31245032,2909229056,3116339200
findling-rss 1791121579,2112794624,802242560,31246048,2952519680,3116339200
findling-rss 1791121581,2164887552,802242560,31245576,3004723200,3116339200
findling-rss 1791121583,2092646400,802242560,31243856,2932191232,3116339200
findling-rss 1791121585,2112499712,802242560,31243672,2952044544,3116339200
findling-rss 1791121587,2164424704,802242560,31244864,3004334080,3116339200
findling-rss 1791121589,2113093632,800841728,31229160,2951421952,3116339200
findling-rss 1791121591,2068815872,859488256,32817920,2967150592,3116339200
findling-rss 1791121593,2113626112,800722944,31106736,2951626752,3116339200
findling-rss 1791121595,2112753664,800718848,31129328,2950713344,3116339200
findling-rss 1791121597,2054553600,800747520,31125288,2892087296,3116339200
findling-rss 1791121599,2115407872,800747520,31122912,2953682944,3116339200
findling-rss 1791121601,2113167360,800747520,31146280,2951135232,3116339200
findling-rss 1791121603,1984573440,800780288,31014080,2822373376,3116339200
findling-rss 1791121605,2126786560,800780288,31208584,2965409792,3116339200
findling-rss 1791121607,2155630592,800780288,31229888,2993971200,3116339200
findling-rss 1791121609,2011967488,800452608,31080840,2849099776,3116339200
findling-rss 1791121611,2160279552,800804864,31226088,2998640640,3116339200
findling-rss 1791121613,2165850112,800800768,31246248,3004440576,3116339200
findling-rss 1791121615,2053156864,800833536,31114688,2890043392,3116339200
findling-rss 1791121617,2159693824,800833536,31244384,2998145024,3116339200
findling-rss 1791121619,2159882240,800837632,31266672,2998325248,3116339200
findling-rss 1791121621,2060156928,800833536,31257736,2896265216,3116339200
findling-rss 1791121623,2157826048,800833536,31260744,3036209152,3116339200
findling-rss 1791121625,2163040256,800866304,31283368,3001487360,3116339200
findling-rss 1791121627,2104713216,800882688,31274920,2942824448,3116339200
findling-rss 1791121629,2160312320,800882688,31275168,2998874112,3116339200
findling-rss 1791121631,2159722496,800890880,31296144,2998296576,3116339200
findling-rss 1791121633,2139942912,800739328,31179584,2978381824,3116339200
findling-rss 1791121635,2011983872,800395264,31079880,2849759232,3116339200
findling-rss 1791121637,2162532352,800747520,31196648,3000672256,3116339200
findling-rss 1791121639,2160164864,800772096,31192352,2998370304,3116339200
findling-rss 1791121641,2064064512,800768000,31089656,2901950464,3116339200
findling-rss 1791121643,2160472064,800768000,31216456,2999050240,3116339200
findling-rss 1791121645,2166009856,800796672,31210360,3004088320,3116339200
findling-rss 1791121647,2091683840,800796672,31231336,2929496064,3116339200
findling-rss 1791121649,2160705536,800796672,31234272,2999169024,3116339200
findling-rss 1791121651,2160377856,802938880,31286904,3000889344,3116339200
findling-rss 1791121653,2149748736,802938880,31284960,2990112768,3116339200
findling-rss 1791121655,2170372096,802938880,31287568,3011108864,3116339200
findling-rss 1791121657,2224480256,802938880,31289176,3065344000,3116339200
findling-rss 1791121659,2171469824,802938880,31286360,3012018176,3116339200
findling-rss 1791121661,2117623808,802938880,31286272,2957955072,3116339200
findling-rss 1791121663,2172203008,802938880,31288384,3012608000,3116339200
findling-rss 1791121665,2172678144,802938880,31283512,3013050368,3116339200
findling-rss 1791121667,2170957824,802938880,31284336,3011575808,3116339200
findling-rss 1791121669,2073571328,800841728,31247696,2911461376,3116339200
findling-rss 1791121671,2161000448,800841728,31248184,2999783424,3116339200
findling-rss 1791121673,2159857664,802263040,31282000,2999562240,3116339200
findling-rss 1791121675,2123640832,802263040,31280480,2963210240,3116339200
findling-rss 1791121677,2170834944,802263040,31281456,3010621440,3116339200
findling-rss 1791121679,2171510784,802263040,31281880,3011260416,3116339200
findling-rss 1791121681,2170810368,802263040,31284680,3010543616,3116339200
findling-rss 1791121683,2104852480,802263040,31282976,2944458752,3116339200
findling-rss 1791121685,2175991808,802263040,31282376,3015868416,3116339200
findling-rss 1791121687,2166157312,800866304,31265016,3004039168,3116339200
findling-rss 1791121689,2131279872,800907264,31261064,2969505792,3116339200
findling-rss 1791121691,2163642368,800907264,31260800,3001991168,3116339200
findling-rss 1791121693,2163179520,800907264,31286312,3001860096,3116339200
findling-rss 1791121695,2139975680,800935936,31282768,2978525184,3116339200
findling-rss 1791121697,2160054272,800935936,31282904,2998628352,3116339200
findling-rss 1791121699,2165620736,800935936,31301544,3004207104,3116339200
findling-rss 1791121701,2152275968,800776192,31173376,2989129728,3116339200
findling-rss 1791121703,2115461120,800788480,31072568,2953355264,3116339200
findling-rss 1791121705,2160627712,800788480,31198176,2998870016,3116339200
findling-rss 1791121707,2159329280,801153024,31202472,2998198272,3116339200
findling-rss 1791121709,2113814528,801153024,31202240,2953089024,3116339200
findling-rss 1791121711,2174824448,801153024,31201368,3013132288,3116339200
findling-rss 1791121713,2160832512,800817152,31214480,2999283712,3116339200
findling-rss 1791121715,2139987968,800841728,31210312,2978115584,3116339200
findling-rss 1791121717,2160582656,800841728,31211400,2998964224,3116339200
findling-rss 1791121719,2159857664,800837632,31233160,2997907456,3116339200
findling-rss 1791121721,2193379328,800866304,31224424,3031785472,3116339200
findling-rss 1791121723,2012020736,800866304,31118920,2895618048,3116339200
findling-rss 1791121725,2160648192,800866304,31248512,2998906880,3116339200
findling-rss 1791121727,2159480832,800894976,31243592,2998276096,3116339200
findling-rss 1791121729,2091028480,800903168,31264792,2929745920,3116339200
findling-rss 1791121731,2160648192,800903168,31266776,2999574528,3116339200
findling-rss 1791121733,2159783936,800931840,31259560,2998530048,3116339200
findling-rss 1791121735,2140012544,800927744,31283768,2978316288,3116339200
findling-rss 1791121737,2211205120,800927744,31282272,3049963520,3116339200
findling-rss 1791121739,2160852992,800960512,31277448,2999255040,3116339200
findling-rss 1791121741,2140741632,800960512,31298392,2979405824,3116339200
findling-rss 1791121743,2166521856,800960512,31299760,3004878848,3116339200
findling-rss 1791121745,2161385472,800813056,31177520,2999685120,3116339200
findling-rss 1791121747,2142244864,800788480,31200016,2980470784,3116339200
findling-rss 1791121749,2047361024,800489472,31075592,2885095424,3116339200
findling-rss 1791121751,2165972992,800845824,31193240,3004256256,3116339200
findling-rss 1791121753,2160918528,800841728,31216224,2999312384,3116339200
findling-rss 1791121755,2050732032,800870400,31081136,2887409664,3116339200
findling-rss 1791121757,2164445184,800870400,31210912,3002548224,3116339200
findling-rss 1791121759,2160922624,800878592,31235064,2999410688,3116339200
findling-rss 1791121761,2064838656,800899072,31100096,2903130112,3116339200
findling-rss 1791121763,2161618944,800899072,31227472,3000119296,3116339200
findling-rss 1791121765,2160201728,800899072,31249616,2998693888,3116339200
findling-rss 1791121767,2132029440,800923648,31239576,2970419200,3116339200
findling-rss 1791121769,2162110464,800923648,31242736,3000582144,3116339200
findling-rss 1791121771,2217500672,800931840,31267240,3055738880,3116339200
findling-rss 1791121773,2140741632,800960512,31259360,2979454976,3116339200
findling-rss 1791121775,2035302400,800960512,31155344,2934464512,3116339200
findling-rss 1791121777,2161205248,800948224,31283328,2999873536,3116339200
findling-rss 1791121779,2160500736,800985088,31278648,2999271424,3116339200
findling-rss 1791121781,2064842752,800980992,31171808,2902921216,3116339200
findling-rss 1791121783,2161086464,800980992,31299456,2999652352,3116339200
findling-rss 1791121785,2160869376,800854016,31178888,2999128064,3116339200
findling-rss 1791121787,2091782144,800849920,31201280,2930098176,3116339200
findling-rss 1791121789,2161180672,800849920,31202896,2999570432,3116339200
findling-rss 1791121791,2143346688,800854016,31195368,2981740544,3116339200
findling-rss 1791121793,2140745728,800870400,31214992,2979250176,3116339200
findling-rss 1791121795,2167640064,800870400,31218144,3006042112,3116339200
findling-rss 1791121797,2161717248,800907264,31212376,2999939072,3116339200
findling-rss 1791121799,2140749824,800903168,31233184,2979053568,3116339200
findling-rss 1791121801,2012782592,800579584,31087232,2849914880,3116339200
findling-rss 1791121803,2212524032,800927744,31233168,3051474944,3116339200
findling-rss 1791121805,2160726016,800940032,31251664,2999201792,3116339200
findling-rss 1791121807,2044473344,800960512,31117784,2881843200,3116339200
findling-rss 1791121809,2161750016,800960512,31246880,3000360960,3116339200
findling-rss 1791121811,2161197056,800964608,31266824,2999754752,3116339200
findling-rss 1791121813,2076516352,800989184,31260504,2914914304,3116339200
findling-rss 1791121815,2160787456,800989184,31267320,2999308288,3116339200
findling-rss 1791121817,2159980544,800989184,31287728,2998763520,3116339200
findling-rss 1791121819,2132078592,801021952,31300352,2970959872,3116339200
findling-rss 1791121821,2160975872,801021952,31278072,2999816192,3116339200
findling-rss 1791121824,2160660480,801017856,31300920,2999361536,3116339200
findling-rss 1791121826,2140786688,810340352,31437664,2988683264,3116339200
findling-rss 1791121828,2161025024,810340352,31439592,3009101824,3116339200
findling-rss 1791121830,2170585088,810340352,31438448,3018854400,3116339200
findling-rss 1791121832,2171162624,810340352,31436504,3018969088,3116339200
findling-rss 1791121834,2114117632,810340352,31435448,2961612800,3116339200
findling-rss 1791121836,2172506112,810340352,31435816,3020587008,3116339200
findling-rss 1791121838,2171990016,810340352,31454960,3019689984,3116339200
findling-rss 1791121840,2172280832,810340352,31454656,3020771328,3116339200
findling-rss 1791121842,2033348608,810340352,31436848,2880847872,3116339200
findling-rss 1791121844,2120237056,810340352,31440760,2968055808,3116339200
findling-rss 1791121846,2120245248,810340352,31438488,2968256512,3116339200
findling-rss 1791121848,2144317440,810340352,31438072,2991906816,3116339200
findling-rss 1791121850,2068566016,810340352,31316016,2916089856,3116339200
findling-rss 1791121852,2174222336,810340352,31436992,3022266368,3116339200
findling-rss 1791121854,2175488000,810340352,31437128,3024003072,3116339200
findling-rss 1791121856,2155180032,810340352,31438368,3003138048,3116339200
findling-rss 1791121858,2176569344,810340352,31438896,3024527360,3116339200
findling-rss 1791121860,2175569920,810340352,31440272,3023695872,3116339200
findling-rss 1791121862,2122772480,810340352,31440952,2970660864,3116339200
findling-rss 1791121864,2076278784,810340352,31438352,2924400640,3116339200
findling-rss 1791121866,2122653696,810340352,31439464,2970693632,3116339200
findling-rss 1791121868,2166435840,810340352,31439184,3014332416,3116339200
findling-rss 1791121870,2176126976,810340352,31440528,3024240640,3116339200
findling-rss 1791121872,2121121792,810340352,31437592,2969300992,3116339200
findling-rss 1791121874,2181574656,810340352,31438728,3029815296,3116339200
findling-rss 1791121876,2177662976,810340352,31440216,3026092032,3116339200
findling-rss 1791121878,2177167360,810340352,31439848,3025137664,3116339200
findling-rss 1791121880,2039709696,810340352,31438800,2887655424,3116339200
findling-rss 1791121882,2124804096,810340352,31436824,2973278208,3116339200
findling-rss 1791121884,2130378752,810340352,31434712,2978316288,3116339200
findling-rss 1791121886,2149249024,810340352,31434304,2997514240,3116339200
findling-rss 1791121888,2073489408,810340352,31308528,2920779776,3116339200
findling-rss 1791121890,2177699840,810340352,31435664,3025731584,3116339200
findling-rss 1791121892,2179555328,810340352,31437304,3027558400,3116339200
findling-rss 1791121894,2161086464,810340352,31436344,3009511424,3116339200
findling-rss 1791121896,2085212160,810340352,31314824,2933104640,3116339200
findling-rss 1791121898,2187423744,810340352,31438808,3035975680,3116339200
findling-rss 1791121900,2180632576,810340352,31435800,3028520960,3116339200
findling-rss 1791121902,2129461248,800890880,31199976,2966966272,3116339200
findling-rss 1791121904,2154545152,800890880,31201176,2992988160,3116339200
findling-rss 1791121906,2114928640,800960512,31199648,2953097216,3116339200
findling-rss 1791121908,2094411776,800964608,31221336,2932666368,3116339200
findling-rss 1791121910,2018488320,800628736,31098880,2856099840,3116339200
findling-rss 1791121912,2114539520,800993280,31215504,2952978432,3116339200
findling-rss 1791121914,2113658880,800989184,31241040,2952425472,3116339200
findling-rss 1791121916,2018492416,800665600,31092080,2855890944,3116339200
findling-rss 1791121918,2114916352,801021952,31235584,2953428992,3116339200
findling-rss 1791121920,2114994176,801021952,31258392,2953793536,3116339200
findling-rss 1791121922,2069233664,801054720,31163208,2905890816,3116339200
findling-rss 1791121924,2119065600,801054720,31254792,2957230080,3116339200
findling-rss 1791121926,2113560576,801042432,31275000,2952265728,3116339200
findling-rss 1791121928,2070573056,801075200,31142152,2908708864,3116339200
findling-rss 1791121930,2154414080,801075200,31268304,2992775168,3116339200
findling-rss 1791121932,2114240512,801075200,31290040,2953089024,3116339200
findling-rss 1791121934,2045825024,801103872,31284512,2884132864,3116339200
findling-rss 1791121936,2115936256,801103872,31284184,2954534912,3116339200
findling-rss 1791121938,2114568192,801095680,31310016,2953314304,3116339200
findling-rss 1791121940,2094403584,800964608,31188600,2932973568,3116339200
findling-rss 1791121942,2114539520,800964608,31199224,2952785920,3116339200
findling-rss 1791121944,2115026944,800968704,31206792,2953293824,3116339200
findling-rss 1791121946,2128818176,800968704,31197752,2967343104,3116339200
findling-rss 1791121948,2148634624,800968704,31199544,2987065344,3116339200
findling-rss 1791121950,2114465792,801001472,31223736,2953019392,3116339200
findling-rss 1791121952,2113794048,801021952,31217656,2952151040,3116339200
findling-rss 1791121954,2023661568,801026048,31238064,2858504192,3116339200
findling-rss 1791121956,2112552960,801026048,31241000,2951090176,3116339200
findling-rss 1791121958,2112147456,801046528,31236568,2950647808,3116339200
findling-rss 1791121960,2055643136,801054720,31258712,2894008320,3116339200
findling-rss 1791121962,2111774720,801054720,31253240,2950184960,3116339200
findling-rss 1791121964,2112196608,801079296,31251184,2950815744,3116339200
findling-rss 1791121966,2091954176,801079296,31271688,2930466816,3116339200
findling-rss 1791121968,2111606784,801079296,31274824,2950221824,3116339200
findling-rss 1791121970,2111778816,801112064,31268264,2950549504,3116339200
findling-rss 1791121972,2111692800,801103872,31290936,2950434816,3116339200
findling-rss 1791121974,2016075776,800784384,31139192,2853715968,3116339200
findling-rss 1791121976,2112516096,801136640,31282096,2951127040,3116339200
findling-rss 1791121978,2112344064,801136640,31304864,2950889472,3116339200
findling-rss 1791121980,2022166528,860049408,32902024,2914906112,3116339200
findling-rss 1791121982,2111651840,800997376,31184216,2949861376,3116339200
findling-rss 1791121984,2112589824,801005568,31203320,2951102464,3116339200
findling-rss 1791121986,2050682880,802189312,31107312,2889904128,3116339200
findling-rss 1791121988,2151407616,802189312,31234176,2991181824,3116339200
findling-rss 1791121990,2111377408,801021952,31220656,2949861376,3116339200
findling-rss 1791121992,2016661504,801050624,31194528,2858803200,3116339200
findling-rss 1791121994,2116837376,801050624,31216568,2955255808,3116339200
findling-rss 1791121996,2161807360,801050624,31236944,3000811520,3116339200
findling-rss 1791121998,2021359616,801087488,31231232,2858696704,3116339200
findling-rss 1791122000,2112335872,801087488,31232776,2950950912,3116339200
findling-rss 1791122002,2111787008,801083392,31254264,2950451200,3116339200
findling-rss 1791122004,2091991040,801112064,31246392,2930569216,3116339200
findling-rss 1791122006,2113060864,801112064,31248576,2951987200,3116339200
findling-rss 1791122008,2111729664,801120256,31272184,2950307840,3116339200
findling-rss 1791122010,2092011520,801140736,31265944,2930765824,3116339200
findling-rss 1791122012,2045808640,801144832,31163048,2882695168,3116339200
findling-rss 1791122014,2114633728,801144832,31289160,2953240576,3116339200
findling-rss 1791122016,2111275008,801169408,31282592,2949963776,3116339200
findling-rss 1791122018,2016362496,801169408,31240248,2891378688,3116339200
findling-rss 1791122020,2111913984,801169408,31306016,2950479872,3116339200
findling-rss 1791122022,2111815680,801021952,31184456,2949918720,3116339200
findling-rss 1791122024,2092019712,801034240,31205392,2930429952,3116339200
findling-rss 1791122026,2114244608,801034240,31205536,2952802304,3116339200
findling-rss 1791122028,2112872448,804892672,31303904,2955177984,3116339200
findling-rss 1791122030,2146836480,804892672,31301144,2989490176,3116339200
findling-rss 1791122032,2113703936,804892672,31302120,2956197888,3116339200
findling-rss 1791122034,2167988224,804892672,31302528,3010084864,3116339200
findling-rss 1791122036,2111291392,804892672,31303608,2954022912,3116339200
findling-rss 1791122038,2117963776,804892672,31302112,2958884864,3116339200
findling-rss 1791122040,2164252672,804892672,31309160,3007299584,3116339200
findling-rss 1791122042,2174124032,804892672,31305896,3016744960,3116339200
findling-rss 1791122044,2174558208,804892672,31304800,3017281536,3116339200
findling-rss 1791122046,2108968960,804892672,31300000,2951372800,3116339200
findling-rss 1791122048,2175848448,804892672,31302936,3018219520,3116339200
findling-rss 1791122050,2176811008,804892672,31304024,3019431936,3116339200
findling-rss 1791122052,2174865408,804892672,31305248,3017641984,3116339200
findling-rss 1791122054,2083893248,804892672,31301088,2924576768,3116339200
findling-rss 1791122056,2177130496,804892672,31302136,3019427840,3116339200
findling-rss 1791122058,2175975424,804892672,31305760,3018604544,3116339200
findling-rss 1791122060,2092040192,801075200,31225760,2930442240,3116339200
findling-rss 1791122062,2117517312,801075200,31224248,2956124160,3116339200
findling-rss 1791122064,2147389440,802283520,31249952,2987323392,3116339200
findling-rss 1791122066,2092019712,801107968,31239992,2930491392,3116339200
findling-rss 1791122068,2111528960,801107968,31240968,2950029312,3116339200
findling-rss 1791122070,2112118784,801132544,31235680,2950598656,3116339200
findling-rss 1791122072,2102226944,801132544,31255640,2939764736,3116339200
findling-rss 1791122074,2016124928,800813056,31106712,2853629952,3116339200
findling-rss 1791122076,2167300096,801165312,31253712,3005923328,3116339200
findling-rss 1791122078,2112106496,801161216,31275896,2950864896,3116339200
findling-rss 1791122080,2053898240,801193984,31141176,2891427840,3116339200
findling-rss 1791122082,2112466944,801193984,31270424,2951086080,3116339200
findling-rss 1791122084,2112069632,801193984,31306680,2951090176,3116339200
findling-rss 1791122086,2025791488,801222656,31284304,2864480256,3116339200
findling-rss 1791122088,2111991808,801222656,31286696,2950569984,3116339200
findling-rss 1791122090,2111582208,801226752,31310464,2950377472,3116339200
findling-rss 1791122092,2092015616,801087488,31181200,2930860032,3116339200
findling-rss 1791122095,2111905792,801099776,31184504,2949931008,3116339200
findling-rss 1791122097,2112225280,801095680,31207760,2950778880,3116339200
findling-rss 1791122099,2092036096,801136640,31202256,2930741248,3116339200
findling-rss 1791122101,2118746112,801136640,31203616,2957312000,3116339200
findling-rss 1791122103,2112774144,801136640,31225472,2951376896,3116339200
findling-rss 1791122105,2115727360,801157120,31220888,2953625600,3116339200
findling-rss 1791122107,2068197376,801157120,31117120,2906468352,3116339200
findling-rss 1791122109,2112024576,801157120,31241128,2950758400,3116339200
findling-rss 1791122111,2165538816,801189888,31238040,3004076032,3116339200
findling-rss 1791122113,2196152320,800972800,31145784,3033018368,3116339200
findling-rss 1791122115,2215837696,800972800,31272248,3054473216,3116339200
findling-rss 1791122117,2112901120,801218560,31274232,2951569408,3116339200
findling-rss 1791122119,2088648704,801226752,31294416,2926501888,3116339200
findling-rss 1791122121,2148376576,801226752,31296808,2987327488,3116339200
findling-rss 1791122123,2113400832,801243136,31288608,2952364032,3116339200
findling-rss 1791122125,2093006848,801247232,31306976,2931847168,3116339200
findling-rss 1791122127,2171490304,801247232,31307544,3010797568,3116339200
findling-rss 1791122129,2147729408,801280000,31305088,2986729472,3116339200
findling-rss 1791122131,2093027328,801275904,31326632,2931482624,3116339200
findling-rss 1791122133,2017124352,815267840,31628208,2868670464,3116339200
findling-rss 1791122135,2116263936,801136640,31205080,2954952704,3116339200
findling-rss 1791122137,2113130496,801128448,31228224,2951704576,3116339200
findling-rss 1791122139,2065391616,801157120,31095856,2902470656,3116339200
findling-rss 1791122141,2113413120,801157120,31223864,2952101888,3116339200
findling-rss 1791122143,2112516096,801157120,31244920,2951221248,3116339200
findling-rss 1791122145,2069192704,801198080,31112568,2907316224,3116339200
findling-rss 1791122147,2113736704,801198080,31240216,2952466432,3116339200
findling-rss 1791122149,2113314816,801193984,31263336,2951929856,3116339200
findling-rss 1791122151,2057355264,801218560,31255928,2895859712,3116339200
findling-rss 1791122153,2112724992,801218560,31255192,2951856128,3116339200
findling-rss 1791122155,2112790528,801210368,31277656,2951577600,3116339200
findling-rss 1791122157,2093027328,801247232,31270424,2932060160,3116339200
findling-rss 1791122159,2087157760,801247232,31270528,2925891584,3116339200
findling-rss 1791122161,2113650688,801243136,31299056,2952249344,3116339200
findling-rss 1791122163,2113015808,801271808,31293768,2951004160,3116339200
findling-rss 1791122165,2069209088,801271808,31191824,2908123136,3116339200
findling-rss 1791122167,2119544832,801271808,31311192,2958295040,3116339200
findling-rss 1791122169,2113167360,801300480,31308296,2952011776,3116339200
findling-rss 1791122171,2028646400,801304576,31329928,2867146752,3116339200
findling-rss 1791122173,2113646592,801304576,31332984,2952396800,3116339200
findling-rss 1791122175,2113015808,801157120,31206912,2951327744,3116339200
findling-rss 1791122177,2091417600,801157120,31228912,2924212224,3116339200
findling-rss 1791122179,2113310720,801157120,31230416,2951827456,3116339200
findling-rss 1791122181,2112942080,801189888,31228992,2951720960,3116339200
findling-rss 1791122183,2093387776,801185792,31248160,2931728384,3116339200
findling-rss 1791122185,2086690816,801185792,31251040,2925473792,3116339200
findling-rss 1791122187,2113138688,801210368,31242248,2951647232,3116339200
findling-rss 1791122189,2112237568,801218560,31263408,2950721536,3116339200
findling-rss 1791122191,2017157120,800894976,31114296,2854727680,3116339200
findling-rss 1791122193,2112864256,801243136,31257952,2951725056,3116339200
findling-rss 1791122195,2113437696,801259520,31280544,2952286208,3116339200
findling-rss 1791122197,2069225472,801284096,31146704,2907840512,3116339200
findling-rss 1791122199,2113761280,801284096,31276448,2952712192,3116339200
findling-rss 1791122201,2115006464,801284096,31297960,2953801728,3116339200
findling-rss 1791122203,2028732416,801308672,31289432,2866978816,3116339200
findling-rss 1791122205,2116059136,801308672,31292112,2954989568,3116339200
findling-rss 1791122207,2113105920,801312768,31313688,2952024064,3116339200
findling-rss 1791122209,2084380672,801337344,31307032,2922934272,3116339200
findling-rss 1791122211,2164944896,801337344,31307312,3003858944,3116339200
findling-rss 1791122213,2113458176,802742272,31367208,2953920512,3116339200
findling-rss 1791122215,2112229376,802742272,31371392,2952527872,3116339200
findling-rss 1791122217,2069241856,802742272,31248904,2909278208,3116339200
findling-rss 1791122219,2118012928,802742272,31371784,2958381056,3116339200
findling-rss 1791122221,2164686848,802742272,31373144,3005153280,3116339200
findling-rss 1791122223,2093072384,802742272,31368888,2933284864,3116339200
findling-rss 1791122225,2113253376,802742272,31367328,2953572352,3116339200
findling-rss 1791122227,2113880064,801202176,31212328,2952810496,3116339200
findling-rss 1791122229,2110570496,801206272,31232672,2949324800,3116339200
findling-rss 1791122231,2017177600,800878592,31083520,2854875136,3116339200
findling-rss 1791122233,2113433600,801230848,31229568,2951794688,3116339200
findling-rss 1791122235,2112868352,801226752,31249560,2951364608,3116339200
findling-rss 1791122237,2069250048,801263616,31116192,2907504640,3116339200
findling-rss 1791122239,2113761280,801263616,31245968,2952634368,3116339200
findling-rss 1791122241,2112557056,801263616,31269352,2951073792,3116339200
findling-rss 1791122243,2107428864,802455552,31166488,2946994176,3116339200
findling-rss 1791122245,2148687872,802455552,31293184,2988314624,3116339200
findling-rss 1791122247,2112618496,801284096,31283360,2951262208,3116339200
findling-rss 1791122249,2045059072,801320960,31276424,2884030464,3116339200
findling-rss 1791122251,2114891776,801320960,31279360,2953609216,3116339200
findling-rss 1791122253,2112880640,801316864,31299760,2951524352,3116339200
findling-rss 1791122255,2093092864,801345536,31294832,2931818496,3116339200
findling-rss 1791122257,2115969024,801345536,31295128,2954870784,3116339200
findling-rss 1791122259,2119495680,801341440,31317840,2958499840,3116339200
findling-rss 1791122261,2093109248,801374208,31311928,2931884032,3116339200
findling-rss 1791122263,2113265664,801374208,31311928,2951790592,3116339200
findling-rss 1791122265,2118819840,801374208,31332504,2957877248,3116339200
findling-rss 1791122267,2093113344,801239040,31208464,2931499008,3116339200
findling-rss 1791122269,2086514688,801239040,31211600,2925449216,3116339200
findling-rss 1791122271,2113327104,801239040,31232320,2952339456,3116339200
findling-rss 1791122273,2112028672,801255424,31225784,2950426624,3116339200
findling-rss 1791122275,2069278720,801255424,31122184,2907738112,3116339200
findling-rss 1791122277,2112765952,801255424,31249256,2951880704,3116339200
findling-rss 1791122279,2113343488,801288192,31242320,2952224768,3116339200
findling-rss 1791122281,2045919232,801296384,31270232,2884599808,3116339200
findling-rss 1791122283,2114392064,801296384,31268736,2952896512,3116339200
findling-rss 1791122285,2117353472,801320960,31264880,2956222464,3116339200
findling-rss 1791122287,2084425728,801316864,31282104,2923151360,3116339200
findling-rss 1791122289,2114064384,801316864,31284560,2953261056,3116339200
findling-rss 1791122291,2113069056,801337344,31275776,2952228864,3116339200
findling-rss 1791122293,2145918976,801353728,31297240,2985136128,3116339200
findling-rss 1791122295,2113671168,801353728,31299304,2952396800,3116339200
findling-rss 1791122297,2119974912,801374208,31293496,2958848000,3116339200
findling-rss 1791122299,2109386752,801370112,31315256,2948214784,3116339200
findling-rss 1791122301,2017226752,801050624,31167632,2854989824,3116339200
findling-rss 1791122303,2112954368,801402880,31313968,2951770112,3116339200
findling-rss 1791122305,2112679936,801402880,31333384,2951331840,3116339200
findling-rss 1791122307,2069307392,860573696,32939248,2968850432,3116339200
findling-rss 1791122309,2169622528,801275904,31212064,3008413696,3116339200
findling-rss 1791122311,2112520192,801267712,31231944,2951344128,3116339200
findling-rss 1791122313,2018512896,801288192,31208320,2856550400,3116339200
findling-rss 1791122315,2112167936,801288192,31228192,2951028736,3116339200
findling-rss 1791122317,2112815104,801292288,31250160,2951708672,3116339200
findling-rss 1791122319,2093142016,801320960,31245336,2932006912,3116339200
findling-rss 1791122321,2113572864,801320960,31245632,2952400896,3116339200
findling-rss 1791122323,2112610304,803061760,31316104,2953625600,3116339200
findling-rss 1791122325,2113327104,803061760,31314704,2953887744,3116339200
findling-rss 1791122327,2044182528,803061760,31311392,2884542464,3116339200
findling-rss 1791122329,2115133440,803061760,31313504,2955800576,3116339200
findling-rss 1791122331,2164858880,803061760,31314880,3005526016,3116339200
findling-rss 1791122333,2093146112,803061760,31313640,2933743616,3116339200
findling-rss 1791122335,2118623232,803061760,31314728,2958974976,3116339200
findling-rss 1791122337,2165284864,803061760,31314048,3005861888,3116339200
findling-rss 1791122339,2111864832,801370112,31262488,2950991872,3116339200
findling-rss 1791122341,2070761472,801370112,31159872,2909245440,3116339200
findling-rss 1791122343,2114588672,801370112,31284848,2953916416,3116339200
findling-rss 1791122345,2060181504,801398784,31363712,2899230720,3116339200
findling-rss 1791122347,2127605760,801398784,31350080,2966265856,3116339200
findling-rss 1791122349,2160713728,801394688,31370824,2999742464,3116339200
findling-rss 1791122351,2141048832,801419264,31362128,2979979264,3116339200
findling-rss 1791122353,2161266688,801419264,31364584,3000487936,3116339200
findling-rss 1791122355,2160615424,801419264,31388088,2999717888,3116339200
findling-rss 1791122357,2141069312,801464320,31382040,2980282368,3116339200
findling-rss 1791122359,2013077504,801099776,31267656,2851328000,3116339200
findling-rss 1791122361,2163138560,801456128,31442136,3003060224,3116339200
findling-rss 1791122363,2160234496,801320960,31278832,2999308288,3116339200
findling-rss 1791122366,2065158144,801316864,31177440,2903404544,3116339200
findling-rss 1791122368,2166026240,801316864,31304288,3004690432,3116339200
findling-rss 1791122370,2161377280,801341440,31297776,3000733696,3116339200
findling-rss 1791122372,2076844032,801349632,31319776,2915643392,3116339200
findling-rss 1791122374,2161373184,801349632,31320960,3000311808,3116339200
findling-rss 1791122376,2181754880,801370112,31314048,3010285568,3116339200
findling-rss 1791122378,2092777472,801370112,31335840,2930966528,3116339200
findling-rss 1791122380,2163798016,801370112,31336736,3002818560,3116339200
findling-rss 1791122382,2162933760,801402880,31331336,3001647104,3116339200
findling-rss 1791122384,2105368576,801402880,31351424,2944393216,3116339200
findling-rss 1791122386,2161483776,801402880,31352824,3000639488,3116339200
findling-rss 1791122388,2160472064,801435648,31346304,2999189504,3116339200
findling-rss 1791122390,2141065216,801427456,31367400,2980352000,3116339200
findling-rss 1791122392,2214305792,801427456,31370536,3053502464,3116339200
findling-rss 1791122394,2160824320,801460224,31364112,3000389632,3116339200
findling-rss 1791122396,2141102080,801468416,31385680,2980352000,3116339200
findling-rss 1791122398,2013110272,801136640,31235712,2851450880,3116339200
findling-rss 1791122400,2161070080,801484800,31380424,3000365056,3116339200
findling-rss 1791122402,2161741824,801492992,31406864,3000881152,3116339200
findling-rss 1791122404,2013114368,860377088,33022256,2912751616,3116339200
findling-rss 1791122406,2161500160,801345536,31287880,3000819712,3116339200
findling-rss 1791122408,2161360896,801349632,31306648,3000041472,3116339200
findling-rss 1791122410,2065199104,801374208,31169880,2903461888,3116339200
findling-rss 1791122412,2162667520,801374208,31299520,3001741312,3116339200
findling-rss 1791122414,2224103424,801157120,31335040,3062960128,3116339200
findling-rss 1791122416,2075320320,801398784,31330880,2914050048,3116339200
findling-rss 1791122418,2167984128,801398784,31334720,3007086592,3116339200
findling-rss 1791122420,2161590272,801402880,31358064,3000672256,3116339200
findling-rss 1791122422,2133803008,801431552,31422712,2973835264,3116339200
findling-rss 1791122424,2167427072,801431552,31347344,3006578688,3116339200
findling-rss 1791122426,2161901568,801431552,31377040,3001204736,3116339200
findling-rss 1791122428,2142195712,801456128,31370520,2981195776,3116339200
findling-rss 1791122430,2162262016,801456128,31369880,3001663488,3116339200
findling-rss 1791122432,2165075968,801460224,31393496,3004190720,3116339200
findling-rss 1791122434,2157404160,801488896,31385192,2995134464,3116339200
findling-rss 1791122436,2060021760,801488896,31281472,2897358848,3116339200
findling-rss 1791122438,2167799808,801488896,31408248,3007209472,3116339200
findling-rss 1791122440,2161782784,801517568,31401344,3000864768,3116339200
findling-rss 1791122442,2123673600,801525760,31363520,2961522688,3116339200
findling-rss 1791122444,2163826688,801525760,31423200,3003203584,3116339200
findling-rss 1791122446,2162634752,801382400,31302448,3001434112,3116339200
findling-rss 1791122448,2105815040,801370112,31323768,2944757760,3116339200
findling-rss 1791122450,2161942528,801370112,31323576,3001339904,3116339200
findling-rss 1791122452,2162540544,801411072,31319960,3001303040,3116339200
findling-rss 1791122454,2142232576,801419264,31342056,2981367808,3116339200
findling-rss 1791122456,2162122752,801419264,31341376,3001122816,3116339200
findling-rss 1791122458,2215063552,801439744,31335976,3054383104,3116339200
findling-rss 1791122460,2160197632,801439744,31357576,2999357440,3116339200
findling-rss 1791122462,2015526912,801116160,31208984,2852806656,3116339200
findling-rss 1791122464,2162069504,801472512,31354024,3001348096,3116339200
findling-rss 1791122466,2162798592,802160640,31393768,3003092992,3116339200
findling-rss 1791122468,2116329472,802160640,31392048,2959015936,3116339200
findling-rss 1791122470,2172809216,802160640,31395072,3012636672,3116339200
findling-rss 1791122472,2172428288,802160640,31394712,3012485120,3116339200
findling-rss 1791122474,2142232576,801492992,31371920,2981175296,3116339200
findling-rss 1791122476,2014261248,801562624,31268920,2852839424,3116339200
findling-rss 1791122478,2162302976,801914880,31404848,3002212352,3116339200
findling-rss 1791122480,2161426432,801939456,31400120,3000778752,3116339200
findling-rss 1791122482,2078056448,801914880,31423000,2916909056,3116339200
findling-rss 1791122484,2144997376,801914880,31420696,2984554496,3116339200
findling-rss 1791122486,2162266112,801972224,31415432,3001851904,3116339200
findling-rss 1791122488,2142253056,801976320,31432936,2982199296,3116339200
findling-rss 1791122490,2162921472,801976320,31436072,3002667008,3116339200
findling-rss 1791122492,2217971712,801841152,31317400,3057946624,3116339200
findling-rss 1791122494,2142236672,801832960,31338912,2981732352,3116339200
findling-rss 1791122496,2014281728,801509376,31216072,2853400576,3116339200
findling-rss 1791122498,2161274880,801857536,31333216,3000532992,3116339200
findling-rss 1791122500,2161643520,803262464,31395680,3002769408,3116339200
findling-rss 1791122502,2114293760,803262464,31394816,2955173888,3116339200
findling-rss 1791122504,2175750144,803262464,31395296,3016908800,3116339200
findling-rss 1791122506,2173939712,803262464,31393776,3015192576,3116339200
findling-rss 1791122508,2173214720,803262464,31391168,3012923392,3116339200
findling-rss 1791122510,2078273536,803262464,31266288,2918703104,3116339200
findling-rss 1791122512,2175520768,803262464,31390272,3016646656,3116339200
findling-rss 1791122514,2161786880,801902592,31353792,3001327616,3116339200
findling-rss 1791122516,2107023360,801906688,31374640,2946068480,3116339200
findling-rss 1791122518,2162688000,801906688,31376080,3002204160,3116339200
findling-rss 1791122520,2162388992,801927168,31371464,3001843712,3116339200
findling-rss 1791122522,2125430784,803074048,31430480,2966159360,3116339200
findling-rss 1791122524,2145603584,803074048,31430344,2986434560,3116339200
findling-rss 1791122526,2162356224,801959936,31393848,3002286080,3116339200
findling-rss 1791122528,2142269440,801959936,31406632,2982236160,3116339200
findling-rss 1791122530,2169040896,801959936,31409768,3008942080,3116339200
findling-rss 1791122532,2162257920,801984512,31405264,3002118144,3116339200
findling-rss 1791122534,2142281728,812191744,31713224,2992214016,3116339200
findling-rss 1791122536,2067296256,812191744,31583528,2916581376,3116339200
findling-rss 1791122538,2172895232,812191744,31704912,3023200256,3116339200
findling-rss 1791122540,2173566976,812191744,31706992,3024175104,3116339200
findling-rss 1791122542,2154201088,812191744,31705880,3004289024,3116339200
findling-rss 1791122544,2176172032,812191744,31704248,3026272256,3116339200
findling-rss 1791122546,2181378048,812191744,31703824,3031875584,3116339200
findling-rss 1791122548,2173857792,812191744,31708960,3024138240,3116339200
findling-rss 1791122550,2145492992,812191744,31708688,2995712000,3116339200
findling-rss 1791122552,2175717376,812191744,31704424,3026006016,3116339200
findling-rss 1791122554,2174185472,812191744,31701272,3024265216,3116339200
findling-rss 1791122556,2175320064,812191744,31705608,3025891328,3116339200
findling-rss 1791122558,2120220672,812191744,31705376,2970243072,3116339200
findling-rss 1791122560,2176860160,812191744,31705936,3027259392,3116339200
findling-rss 1791122562,2176679936,812191744,31704232,3027021824,3116339200
findling-rss 1791122564,2175578112,812191744,31703120,3025747968,3116339200
findling-rss 1791122566,2055737344,812191744,31703472,2905591808,3116339200
findling-rss 1791122568,2124779520,812191744,31704512,2974629888,3116339200
findling-rss 1791122570,2124906496,812191744,31706136,2974973952,3116339200
findling-rss 1791122572,2163658752,812191744,31703392,3013738496,3116339200
findling-rss 1791122574,2081808384,812191744,31576792,2931826688,3116339200
findling-rss 1791122576,2177269760,812191744,31699128,3027574784,3116339200
findling-rss 1791122578,2178519040,812191744,31699368,3028905984,3116339200
findling-rss 1791122580,2158788608,812191744,31699008,3009003520,3116339200
findling-rss 1791122582,2082877440,812191744,31576656,2932666368,3116339200
findling-rss 1791122584,2179264512,812191744,31699808,3029483520,3116339200
findling-rss 1791122586,2178969600,812191744,31701032,3029082112,3116339200
findling-rss 1791122588,2159177728,812191744,31698984,3009634304,3116339200
findling-rss 1791122590,2179874816,812191744,31698056,3030081536,3116339200
findling-rss 1791122592,2180780032,812191744,31699944,3031179264,3116339200
findling-rss 1791122594,2181836800,812191744,31700776,3031838720,3116339200
findling-rss 1791122596,2135191552,812191744,31699936,2984431616,3116339200
findling-rss 1791122598,2185420800,812191744,31701848,3035820032,3116339200
findling-rss 1791122600,2180026368,812191744,31702120,3030433792,3116339200
findling-rss 1791122602,2127413248,812191744,31698464,2977554432,3116339200
findling-rss 1791122604,2059145216,812191744,31699672,2909306880,3116339200
findling-rss 1791122606,2127765504,812191744,31699264,2977992704,3116339200
findling-rss 1791122608,2178605056,812191744,31699808,3029045248,3116339200
findling-rss 1791122610,2177900544,812191744,31697488,3027902464,3116339200
findling-rss 1791122612,2087460864,812191744,31579656,2937073664,3116339200
findling-rss 1791122614,2184273920,812191744,31699416,3034525696,3116339200
findling-rss 1791122616,2115874816,802070528,31419896,2955743232,3116339200
findling-rss 1791122618,2071449600,802070528,31314152,2910629888,3116339200
findling-rss 1791122620,2115477504,802070528,31442432,2955194368,3116339200
findling-rss 1791122622,2114592768,801927168,31319616,2954117120,3116339200
findling-rss 1791122624,2086596608,801939456,31343392,2926198784,3116339200
findling-rss 1791122626,2115817472,801939456,31342544,2955530240,3116339200
findling-rss 1791122628,2114834432,801955840,31334952,2954522624,3116339200
findling-rss 1791122630,2198245376,801746944,31348912,3037663232,3116339200
findling-rss 1791122633,2217775104,801746944,31349888,3057160192,3116339200
findling-rss 1791122635,2115399680,801988608,31348904,2954653696,3116339200
findling-rss 1791122637,2111356928,801984512,31374608,2950844416,3116339200
findling-rss 1791122639,2019405824,801665024,31237840,2858070016,3116339200
findling-rss 1791122641,2118184960,802025472,31369224,2957762560,3116339200
findling-rss 1791122643,2114830336,802013184,31394776,2954260480,3116339200
findling-rss 1791122645,2019409920,801693696,31249064,2858348544,3116339200
findling-rss 1791122647,2115428352,802041856,31384904,2954924032,3116339200
findling-rss 1791122649,2117705728,802045952,31405504,2957725696,3116339200
findling-rss 1791122651,2071486464,802070528,31272912,2910736384,3116339200
findling-rss 1791122653,2115649536,802070528,31401464,2955632640,3116339200
findling-rss 1791122655,2115321856,802074624,31424960,2955038720,3116339200
findling-rss 1791122657,2086625280,802107392,31416728,2926424064,3116339200
findling-rss 1791122659,2115489792,802107392,31419608,2955509760,3116339200
findling-rss 1791122661,2115284992,802099200,31440984,2955022336,3116339200
findling-rss 1791122663,2095341568,801959936,31320768,2934542336,3116339200
findling-rss 1791122665,2119757824,801959936,31321544,2959360000,3116339200
findling-rss 1791122667,2115301376,801959936,31343144,2954842112,3116339200
findling-rss 1791122669,2102611968,801984512,31338752,2941296640,3116339200
findling-rss 1791122671,2061885440,801984512,31237624,2900160512,3116339200
findling-rss 1791122673,2121207808,801984512,31364288,2960953344,3116339200
findling-rss 1791122675,2114666496,802017280,31354120,2954637312,3116339200
findling-rss 1791122677,2030825472,802013184,31371208,2870165504,3116339200
findling-rss 1791122679,2118762496,802013184,31371456,2958766080,3116339200
findling-rss 1791122681,2170322944,802045952,31371904,3009941504,3116339200
findling-rss 1791122683,2059780096,802045952,31392336,2899013632,3116339200
findling-rss 1791122685,2116157440,802045952,31394064,2955792384,3116339200
findling-rss 1791122687,2115964928,802074624,31388264,2955972608,3116339200
findling-rss 1791122689,2095337472,802074624,31407608,2935128064,3116339200
findling-rss 1791122691,2115559424,802074624,31410744,2955411456,3116339200
findling-rss 1791122693,2116456448,802111488,31403768,2956054528,3116339200
findling-rss 1791122695,2113744896,802095104,31424608,2953633792,3116339200
findling-rss 1791122697,2019434496,801779712,31281264,2858426368,3116339200
findling-rss 1791122699,2170249216,802131968,31420360,3010502656,3116339200
findling-rss 1791122701,2115244032,802131968,31442776,2955022336,3116339200
findling-rss 1791122703,2071502848,861609984,33058272,2972491776,3116339200
findling-rss 1791122705,2121621504,801996800,31322160,2961190912,3116339200
findling-rss 1791122707,2115112960,801988608,31342176,2954952704,3116339200
findling-rss 1791122709,2071502848,802029568,31210032,2910920704,3116339200
findling-rss 1791122711,2116419584,802029568,31338952,2956029952,3116339200
findling-rss 1791122713,2115231744,802029568,31362320,2954735616,3116339200
findling-rss 1791122715,2048053248,802054144,31354488,2887716864,3116339200
findling-rss 1791122717,2116313088,802054144,31355264,2956001280,3116339200
findling-rss 1791122719,2120658944,802058240,31377248,2960478208,3116339200
findling-rss 1791122721,2086633472,802086912,31370840,2926043136,3116339200
findling-rss 1791122723,2115633152,802086912,31371392,2955333632,3116339200
findling-rss 1791122725,2115366912,802086912,31393944,2955309056,3116339200
findling-rss 1791122727,2095316992,802107392,31387864,2934980608,3116339200
findling-rss 1791122729,2116440064,802107392,31388408,2956275712,3116339200
findling-rss 1791122731,2115055616,802107392,31409736,2955038720,3116339200
findling-rss 1791122733,2116194304,802144256,31405056,2956296192,3116339200
findling-rss 1791122735,2071502848,802140160,31301752,2911129600,3116339200
findling-rss 1791122737,2115235840,802140160,31428992,2954878976,3116339200
findling-rss 1791122739,2115129344,802177024,31422816,2955079680,3116339200
findling-rss 1791122741,2113437696,802140160,31439936,2952171520,3116339200
findling-rss 1791122743,2153746432,802140160,31440384,2993496064,3116339200
findling-rss 1791122745,2116415488,802009088,31322040,2956144640,3116339200
findling-rss 1791122747,2135822336,802009088,31344456,2975567872,3116339200
findling-rss 1791122749,2114863104,802009088,31343776,2954289152,3116339200
findling-rss 1791122751,2115584000,802041856,31338744,2955206656,3116339200
findling-rss 1791122753,2095341568,802050048,31359536,2934980608,3116339200
findling-rss 1791122755,2118369280,802050048,31361384,2958008320,3116339200
findling-rss 1791122757,2115788800,802078720,31355904,2955358208,3116339200
findling-rss 1791122759,2148298752,803258368,31409728,2989207552,3116339200
findling-rss 1791122761,2125660160,803258368,31411088,2966740992,3116339200
findling-rss 1791122763,2119442432,802103296,31375752,2958733312,3116339200
findling-rss 1791122765,2145742848,802103296,31397696,2985476096,3116339200
findling-rss 1791122767,2054045696,801775616,31259088,2893107200,3116339200
findling-rss 1791122769,2122297344,802123776,31389504,2962096128,3116339200
findling-rss 1791122771,2114785280,802127872,31410280,2954293248,3116339200
findling-rss 1791122773,2070962176,802156544,31277264,2908872704,3116339200
findling-rss 1791122775,2115817472,802156544,31406584,2955530240,3116339200
findling-rss 1791122777,2114719744,802156544,31427960,2954575872,3116339200
findling-rss 1791122779,2046369792,802189312,31421440,2886225920,3116339200
findling-rss 1791122781,2115272704,802189312,31422336,2955390976,3116339200
findling-rss 1791122783,2115289088,802189312,31446456,2954915840,3116339200
findling-rss 1791122785,2086621184,802041856,31323104,2926198784,3116339200
findling-rss 1791122787,2117480448,802041856,31327408,2957029376,3116339200
findling-rss 1791122789,2120998912,802045952,31343728,2960666624,3116339200
findling-rss 1791122791,2095312896,802066432,31341416,2934894592,3116339200
findling-rss 1791122793,2019438592,801722368,31244776,2858369024,3116339200
findling-rss 1791122795,2218430464,801857536,31357904,3057745920,3116339200
findling-rss 1791122797,2101481472,802095104,31355976,2939097088,3116339200
findling-rss 1791122799,2050265088,802099200,31250808,2888503296,3116339200
findling-rss 1791122801,2122776576,802099200,31379320,2962567168,3116339200
findling-rss 1791122803,2112954368,802131968,31375072,2952511488,3116339200
findling-rss 1791122805,2066481152,802832384,31286136,2905636864,3116339200
findling-rss 1791122807,2116079616,802832384,31412592,2956881920,3116339200
findling-rss 1791122809,2122330112,802832384,31412344,2963103744,3116339200
findling-rss 1791122811,2095353856,802832384,31410680,2935775232,3116339200
findling-rss 1791122813,2171682816,802832384,31411776,3012476928,3116339200
findling-rss 1791122815,2115624960,802164736,31392984,2955149312,3116339200
findling-rss 1791122817,2095341568,802164736,31413216,2935394304,3116339200
findling-rss 1791122819,2118475776,802164736,31416232,2958262272,3116339200
findling-rss 1791122821,2149957632,802197504,31409864,2989862912,3116339200
findling-rss 1791122823,2114904064,802193408,31432232,2954698752,3116339200
findling-rss 1791122825,2019442688,801865728,31288392,2858659840,3116339200
findling-rss 1791122827,2118852608,802213888,31430008,2958221312,3116339200
findling-rss 1791122829,2115178496,806764544,31573040,2960113664,3116339200
findling-rss 1791122831,2058760192,806764544,31574560,2903257088,3116339200
findling-rss 1791122833,2115305472,806764544,31576256,2959814656,3116339200
findling-rss 1791122835,2115207168,806764544,31574328,2959855616,3116339200
findling-rss 1791122837,2114510848,806764544,31573816,2958999552,3116339200
findling-rss 1791122839,2071511040,806764544,31450392,2915749888,3116339200
findling-rss 1791122841,2122039296,806764544,31573408,2966630400,3116339200
findling-rss 1791122843,2115387392,806764544,31574648,2960257024,3116339200
findling-rss 1791122845,2147418112,806764544,31574520,2992136192,3116339200
findling-rss 1791122847,2169409536,806764544,31577440,3014021120,3116339200
findling-rss 1791122849,2115399680,806764544,31572864,2960191488,3116339200
findling-rss 1791122851,2114961408,806764544,31574424,2959757312,3116339200
findling-rss 1791122853,2147422208,806764544,31571088,2991775744,3116339200
findling-rss 1791122855,2167857152,806764544,31574224,3012644864,3116339200
findling-rss 1791122857,2179731456,806764544,31572456,3024203776,3116339200
findling-rss 1791122859,2179080192,806764544,31573696,3023814656,3116339200
findling-rss 1791122861,2133209088,806764544,31572032,2976350208,3116339200
findling-rss 1791122863,2183565312,806764544,31575184,3028058112,3116339200
findling-rss 1791122865,2179649536,806764544,31572456,3024838656,3116339200
findling-rss 1791122867,2095333376,802107392,31328344,2935050240,3116339200
findling-rss 1791122869,2089070592,802107392,31328264,2937241600,3116339200
findling-rss 1791122871,2115153920,802103296,31349632,2954555392,3116339200
findling-rss 1791122873,2114752512,802127872,31341200,2954096640,3116339200
findling-rss 1791122875,2028171264,802127872,31360488,2867056640,3116339200
findling-rss 1791122877,2115874816,802127872,31363376,2955677696,3116339200
findling-rss 1791122879,2115227648,802168832,31359096,2955264000,3116339200
findling-rss 1791122881,2058809344,802164736,31377904,2898567168,3116339200
findling-rss 1791122883,2114928640,802164736,31384208,2954547200,3116339200
findling-rss 1791122885,2121584640,802193408,31379984,2961457152,3116339200
findling-rss 1791122887,2073653248,802197504,31400376,2910380032,3116339200
findling-rss 1791122889,2115629056,802197504,31398600,2955345920,3116339200
findling-rss 1791122891,2116096000,802226176,31393088,2956062720,3116339200
findling-rss 1791122893,2095349760,802226176,31411736,2934992896,3116339200
findling-rss 1791122895,2122063872,802226176,31414888,2962137088,3116339200
findling-rss 1791122897,2218831872,802037760,31401600,3058573312,3116339200
findling-rss 1791122900,2095374336,802250752,31431880,2935238656,3116339200
findling-rss 1791122902,2115969024,802250752,31433240,2956079104,3116339200
findling-rss 1791122904,2115883008,802279424,31425000,2956017664,3116339200
findling-rss 1791122906,2114809856,802279424,31446416,2954911744,3116339200
findling-rss 1791122908,2019463168,861552640,33070808,2919780352,3116339200
findling-rss 1791122910,2115985408,802148352,31325880,2955898880,3116339200
findling-rss 1791122912,2115391488,802148352,31348296,2955255808,3116339200
findling-rss 1791122914,2071535616,802177024,31214720,2911092736,3116339200
findling-rss 1791122916,2117955584,802177024,31346432,2957864960,3116339200
findling-rss 1791122918,2115559424,802177024,31365280,2955259904,3116339200
findling-rss 1791122920,2029215744,802205696,31357016,2868617216,3116339200
findling-rss 1791122922,2115309568,802205696,31359784,2954981376,3116339200
findling-rss 1791122924,2115960832,802201600,31382528,2955919360,3116339200
findling-rss 1791122926,2076794880,802226176,31377784,2910306304,3116339200
findling-rss 1791122928,2117742592,802226176,31381952,2957713408,3116339200
findling-rss 1791122930,2115350528,802230272,31399920,2955399168,3116339200
findling-rss 1791122932,2095394816,802263040,31392520,2935328768,3116339200
findling-rss 1791122934,2116186112,802263040,31394840,2956177408,3116339200
findling-rss 1791122936,2121277440,802258944,31413880,2961158144,3116339200
findling-rss 1791122938,2095398912,802291712,31404336,2935066624,3116339200
findling-rss 1791122940,2049736704,802291712,31404800,2929102848,3116339200
findling-rss 1791122942,2115702784,802291712,31428320,2955460608,3116339200
findling-rss 1791122944,2114285568,802304000,31425608,2954084352,3116339200
findling-rss 1791122946,2071560192,802316288,31323160,2911367168,3116339200
findling-rss 1791122948,2122100736,802316288,31448904,2961883136,3116339200
findling-rss 1791122950,2115043328,802177024,31329112,2954919936,3116339200
findling-rss 1791122952,2052366336,802181120,31348568,2889003008,3116339200
findling-rss 1791122954,2118221824,802181120,31349344,2957611008,3116339200
findling-rss 1791122956,2115067904,803590144,31382984,2956017664,3116339200
findling-rss 1791122958,2095382528,803590144,31381616,2936770560,3116339200
findling-rss 1791122960,2119311360,803590144,31382848,2960379904,3116339200
findling-rss 1791122962,2116235264,803590144,31385048,2957606912,3116339200
findling-rss 1791122964,2115158016,803590144,31382440,2956652544,3116339200
findling-rss 1791122966,2061078528,803590144,31384160,2902003712,3116339200
findling-rss 1791122968,2119376896,803590144,31384640,2960334848,3116339200
findling-rss 1791122970,2115715072,802205696,31365112,2956042240,3116339200
findling-rss 1791122972,2095390720,802234368,31359712,2935164928,3116339200
findling-rss 1791122974,2089545728,802234368,31362736,2929741824,3116339200
findling-rss 1791122976,2119507968,802242560,31382520,2959597568,3116339200
findling-rss 1791122978,2114113536,802271232,31377752,2953809920,3116339200
findling-rss 1791122980,2071576576,802279424,31275192,2911248384,3116339200
findling-rss 1791122982,2116521984,802279424,31402200,2956460032,3116339200
findling-rss 1791122984,2114916352,802304000,31395528,2954878976,3116339200
findling-rss 1791122986,2046443520,802299904,31417720,2886246400,3116339200
findling-rss 1791122988,2115579904,802299904,31463352,2957246464,3116339200
findling-rss 1791122990,2115690496,802332672,31412752,2955616256,3116339200
findling-rss 1791122992,2104647680,803491840,31463856,2946121728,3116339200
findling-rss 1791122994,2150760448,803491840,31465240,2992226304,3116339200
findling-rss 1791122996,2116886528,802361344,31428224,2957197312,3116339200
findling-rss 1791122998,2086694912,802353152,31448504,2926788608,3116339200
findling-rss 1791123000,2115436544,802353152,31452120,2955300864,3116339200
findling-rss 1791123002,2115514368,802217984,31328192,2955423744,3116339200
findling-rss 1791123004,2095423488,802217984,31352800,2935242752,3116339200
findling-rss 1791123006,2019524608,801894400,31230096,2858553344,3116339200
findling-rss 1791123008,2165010432,802246656,31344864,3005222912,3116339200
findling-rss 1791123010,2114560000,802263040,31365704,2954616832,3116339200
findling-rss 1791123012,2019536896,801935360,31214920,2858450944,3116339200
findling-rss 1791123014,2115244032,804732928,31430416,2957565952,3116339200
findling-rss 1791123016,2115444736,804732928,31432016,2957889536,3116339200
findling-rss 1791123018,2059624448,804732928,31429664,2903977984,3116339200
findling-rss 1791123020,2115809280,804732928,31430848,2958389248,3116339200
findling-rss 1791123022,2117447680,804732928,31428784,2960023552,3116339200
findling-rss 1791123024,2114842624,804732928,31428376,2957189120,3116339200
findling-rss 1791123026,2031185920,804732928,31427192,2873786368,3116339200
findling-rss 1791123028,2115227648,804732928,31429464,2958057472,3116339200
findling-rss 1791123030,2167300096,804732928,31428936,3009794048,3116339200
findling-rss 1791123032,2110631936,804732928,31427552,2950328320,3116339200
findling-rss 1791123034,2057605120,802091008,31256696,2892677120,3116339200
findling-rss 1791123036,2218946560,802091008,31383728,3058733056,3116339200
findling-rss 1791123038,2111107072,802328576,31384936,2950897664,3116339200
findling-rss 1791123040,2071613440,802332672,31275632,2911117312,3116339200
findling-rss 1791123042,2115862528,802332672,31402528,2955890688,3116339200
findling-rss 1791123044,2115862528,802357248,31397208,2955636736,3116339200
findling-rss 1791123046,2057420800,802353152,31420696,2897051648,3116339200
findling-rss 1791123048,2115432448,802353152,31455720,2955440128,3116339200
findling-rss 1791123050,2115731456,802385920,31413256,2955862016,3116339200
findling-rss 1791123052,2095443968,802381824,31433920,2935513088,3116339200
findling-rss 1791123054,2115424256,802381824,31434472,2955337728,3116339200
findling-rss 1791123056,2174849024,802410496,31429704,3014651904,3116339200
findling-rss 1791123058,2095456256,802418688,31451368,2935427072,3116339200
findling-rss 1791123060,2120507392,802418688,31452480,2961092608,3116339200
findling-rss 1791123062,2116382720,802275328,31330352,2956247040,3116339200
findling-rss 1791123064,2114031616,802283520,31353960,2953105408,3116339200
findling-rss 1791123066,2019557376,801955840,31203424,2858274816,3116339200
findling-rss 1791123068,2117459968,802316288,31348456,2957701120,3116339200
findling-rss 1791123070,2149949440,802275328,31366008,2989666304,3116339200
findling-rss 1791123072,2054168576,801984512,31215664,2893021184,3116339200
findling-rss 1791123074,2115289088,802328576,31362816,2955169792,3116339200
findling-rss 1791123076,2115371008,802344960,31386832,2955505664,3116339200
findling-rss 1791123078,2069938176,802361344,31250712,2908524544,3116339200
findling-rss 1791123080,2115682304,802361344,31381528,2956058624,3116339200
findling-rss 1791123082,2115874816,802361344,31401376,2955497472,3116339200
findling-rss 1791123084,2048454656,802390016,31396104,2888171520,3116339200
findling-rss 1791123086,2116067328,802390016,31397408,2956046336,3116339200
findling-rss 1791123088,2151243776,803561472,31453632,2992480256,3116339200
findling-rss 1791123090,2069348352,802422784,31410016,2909396992,3116339200
findling-rss 1791123092,2116419584,802422784,31413672,2956566528,3116339200
findling-rss 1791123094,2116186112,802418688,31436808,2956169216,3116339200
findling-rss 1791123096,2006220800,802443264,31336920,2843697152,3116339200
findling-rss 1791123098,2127454208,802443264,31497536,2967818240,3116339200
findling-rss 1791123100,2160631808,802455552,31520832,3000762368,3116339200
findling-rss 1791123102,2065231872,862232576,33144896,2966638592,3116339200
findling-rss 1791123104,2161410048,802316288,31397536,3001548800,3116339200
findling-rss 1791123106,2161295360,802316288,31421288,3001331712,3116339200
findling-rss 1791123108,2116677632,802340864,31449144,2956513280,3116339200
findling-rss 1791123110,2162102272,802340864,31415752,3002388480,3116339200
findling-rss 1791123112,2161139712,802344960,31438008,3001348096,3116339200
findling-rss 1791123114,2141143040,803069952,31451696,2982019072,3116339200
findling-rss 1791123116,2162454528,803069952,31453336,3003109376,3116339200
findling-rss 1791123118,2173243392,803069952,31453064,3014135808,3116339200
findling-rss 1791123120,2170970112,803069952,31452384,3011702784,3116339200
findling-rss 1791123122,2156687360,802377728,31460096,2990129152,3116339200
findling-rss 1791123124,2161922048,802377728,31459512,3002040320,3116339200
findling-rss 1791123126,2160574464,802406400,31456496,3000922112,3116339200
findling-rss 1791123128,2141151232,802410496,31474632,2981216256,3116339200
findling-rss 1791123130,2161303552,802410496,31471128,3001253888,3116339200
findling-rss 1791123132,2161172480,802435072,31468392,3001327616,3116339200
findling-rss 1791123134,2147360768,802435072,31489440,2986250240,3116339200
findling-rss 1791123136,2013175808,802111488,31339856,2852024320,3116339200
findling-rss 1791123138,2165694464,802455552,31484592,3006025728,3116339200
findling-rss 1791123140,2160775168,802471936,31508752,3001237504,3116339200
findling-rss 1791123142,2045829120,802488320,31372712,2884292608,3116339200
findling-rss 1791123144,2167783424,802488320,31500040,3007623168,3116339200
findling-rss 1791123146,2161258496,802488320,31523816,3001528320,3116339200
findling-rss 1791123148,2075975680,862310400,33261312,2977619968,3116339200
findling-rss 1791123150,2161602560,802353152,31402232,3001602048,3116339200
findling-rss 1791123152,2160992256,802353152,31424104,3001110528,3116339200
findling-rss 1791123154,2115051520,802381824,31415776,2954784768,3116339200
findling-rss 1791123156,2161369088,802381824,31422296,3002032128,3116339200
findling-rss 1791123158,2161405952,802385920,31444296,3001581568,3116339200
findling-rss 1791123160,2141179904,802418688,31440440,2980962304,3116339200
findling-rss 1791123162,2164850688,802418688,31437344,3004895232,3116339200
findling-rss 1791123164,2161840128,802418688,31455168,3002028032,3116339200
findling-rss 1791123166,2159366144,802443264,31450032,2998747136,3116339200
findling-rss 1791123169,2065276928,802443264,31345600,2904899584,3116339200
findling-rss 1791123171,2161045504,802443264,31472432,3001110528,3116339200
findling-rss 1791123173,2160934912,802463744,31466488,3001126912,3116339200
findling-rss 1791123175,2072485888,802476032,31486440,2912112640,3116339200
findling-rss 1791123177,2162196480,802476032,31488696,3002343424,3116339200
findling-rss 1791123179,2161782784,802500608,31483272,3001982976,3116339200
findling-rss 1791123181,2098388992,803696640,31536552,2934771712,3116339200
findling-rss 1791123183,2144940032,803696640,31539688,2986414080,3116339200
findling-rss 1791123185,2161324032,802533376,31500232,3001757696,3116339200
findling-rss 1791123187,2125565952,803704832,31554328,2966355968,3116339200
findling-rss 1791123189,2191151104,803704832,31555688,3032727552,3116339200
findling-rss 1791123191,2160803840,802377728,31400896,3000717312,3116339200
findling-rss 1791123193,2141188096,802381824,31422056,2980900864,3116339200
findling-rss 1791123195,2161287168,802381824,31421416,3001360384,3116339200
findling-rss 1791123197,2161459200,802414592,31417560,3001450496,3116339200
findling-rss 1791123199,2158931968,802414592,31440992,2998906880,3116339200
findling-rss 1791123201,2013212672,802086912,31291976,2852200448,3116339200
findling-rss 1791123203,2161209344,802439168,31431576,3001274368,3116339200
findling-rss 1791123205,2161045504,802443264,31453168,3001192448,3116339200
findling-rss 1791123207,2065289216,802480128,31324328,2905145344,3116339200
findling-rss 1791123209,2161508352,802480128,31451704,3001643008,3116339200
findling-rss 1791123211,2163814400,802484224,31472208,3003817984,3116339200
findling-rss 1791123213,2093473792,802516992,31462480,2933366784,3116339200
findling-rss 1791123215,2162089984,802516992,31467536,3002667008,3116339200
findling-rss 1791123217,2160799744,802504704,31490720,3000909824,3116339200
findling-rss 1791123219,2132488192,808493056,31648208,2978627584,3116339200
findling-rss 1791123221,2162237440,808493056,31647536,3008335872,3116339200
findling-rss 1791123223,2171334656,808493056,31647536,3018039296,3116339200
findling-rss 1791123225,2171645952,808493056,31648152,3018227712,3116339200
findling-rss 1791123227,2144342016,808493056,31645216,2990784512,3116339200
findling-rss 1791123229,2172514304,808493056,31648368,3019010048,3116339200
findling-rss 1791123231,2172334080,808493056,31646312,3019132928,3116339200
findling-rss 1791123233,2173415424,808493056,31647128,3019771904,3116339200
findling-rss 1791123235,2118754304,808493056,31644056,2964553728,3116339200
findling-rss 1791123237,2173202432,808493056,31647008,3019681792,3116339200
findling-rss 1791123239,2173493248,808493056,31646856,3019796480,3116339200
findling-rss 1791123241,2174210048,808493056,31646688,3020812288,3116339200
findling-rss 1791123243,2118258688,808493056,31650400,2964275200,3116339200
findling-rss 1791123245,2179571712,808493056,31652944,3026071552,3116339200
findling-rss 1791123247,2176557056,808493056,31651496,3022258176,3116339200
findling-rss 1791123249,2175721472,808493056,31645896,3022110720,3116339200
findling-rss 1791123251,2080890880,808493056,31631784,2925957120,3116339200
findling-rss 1791123253,2174222336,808493056,31647888,3020574720,3116339200
findling-rss 1791123255,2176122880,808493056,31647128,3022651392,3116339200
findling-rss 1791123257,2175897600,808493056,31649328,3022458880,3116339200
findling-rss 1791123259,2081738752,808493056,31524824,2928021504,3116339200
findling-rss 1791123261,2178670592,808493056,31643640,3025182720,3116339200
findling-rss 1791123263,2178076672,808493056,31644544,3024916480,3116339200
findling-rss 1791123265,2157625344,808493056,31643352,3004088320,3116339200
findling-rss 1791123267,2018484224,802201600,31380064,2857746432,3116339200
findling-rss 1791123269,2163941376,802549760,31504664,3004596224,3116339200
findling-rss 1791123271,2161258496,802603008,31501920,3001565184,3116339200
findling-rss 1791123273,2065309696,802603008,31401648,2905079808,3116339200
findling-rss 1791123275,2161872896,802603008,31526264,3002155008,3116339200
findling-rss 1791123277,2143526912,802418688,31401376,2983706624,3116339200
findling-rss 1791123279,2115092480,802439168,31426176,2955247616,3116339200
findling-rss 1791123281,2168000512,802439168,31428432,3008122880,3116339200
findling-rss 1791123283,2216513536,802471936,31418160,3056533504,3116339200
findling-rss 1791123285,2150715392,802258944,31453680,2995027968,3116339200
findling-rss 1791123287,2224873472,802258944,31457744,3065024512,3116339200
findling-rss 1791123289,2163544064,802500608,31456872,3003924480,3116339200
findling-rss 1791123291,2142351360,802504704,31477352,2982477824,3116339200
findling-rss 1791123293,2163216384,802504704,31477632,3003363328,3116339200
findling-rss 1791123295,2162110464,802525184,31471568,3002494976,3116339200
findling-rss 1791123297,2142359552,802533376,31495688,2982813696,3116339200
findling-rss 1791123299,2014371840,802201600,31371888,2853658624,3116339200
findling-rss 1791123301,2217951232,802557952,31488904,3058536448,3116339200
findling-rss 1791123303,2161926144,802562048,31511312,3002576896,3116339200
findling-rss 1791123305,2014375936,802234368,31363968,2853629952,3116339200
findling-rss 1791123307,2163208192,802574336,31541400,3003441152,3116339200
findling-rss 1791123309,2161934336,802586624,31529232,3002654720,3116339200
findling-rss 1791123311,2066452480,802623488,31396688,2906152960,3116339200
findling-rss 1791123313,2162790400,802623488,31523744,3003805696,3116339200
findling-rss 1791123315,2163007488,802623488,31545992,3003478016,3116339200
findling-rss 1791123317,2106380288,802467840,31421336,2980483072,3116339200
findling-rss 1791123319,2162319360,802467840,31422248,3002355712,3116339200
findling-rss 1791123321,2225311744,802258944,31440216,3065409536,3116339200
findling-rss 1791123323,2116235264,802504704,31442544,2956283904,3116339200
findling-rss 1791123325,2164654080,802504704,31438896,3005190144,3116339200
findling-rss 1791123327,2162708480,802504704,31462264,3002970112,3116339200
findling-rss 1791123329,2142367744,802533376,31452592,2982596608,3116339200
findling-rss 1791123331,2163998720,802533376,31455968,3004424192,3116339200
findling-rss 1791123333,2162176000,806039552,31574968,3006259200,3116339200
findling-rss 1791123335,2171838464,806039552,31571600,3015667712,3116339200
findling-rss 1791123337,2103533568,806039552,31568936,2947522560,3116339200
findling-rss 1791123339,2179006464,806039552,31572352,3022868480,3116339200
findling-rss 1791123341,2172805120,806039552,31571872,3016740864,3116339200
findling-rss 1791123343,2171023360,806039552,31570104,3014713344,3116339200
findling-rss 1791123345,2180767744,806039552,31571464,3024769024,3116339200
findling-rss 1791123347,2179088384,806039552,31572304,3022983168,3116339200
findling-rss 1791123349,2176102400,806039552,31570104,3020304384,3116339200
findling-rss 1791123351,2156036096,806039552,31569688,3000078336,3116339200
findling-rss 1791123353,2182344704,806039552,31571056,3026296832,3116339200
findling-rss 1791123355,2177282048,806039552,31570784,3021250560,3116339200
findling-rss 1791123357,2121818112,806039552,31570920,2965614592,3116339200
findling-rss 1791123359,2038730752,806039552,31569752,2882367488,3116339200
findling-rss 1791123361,2123087872,806039552,31570648,2966978560,3116339200
findling-rss 1791123363,2162081792,802578432,31478920,3002343424,3116339200
findling-rss 1791123365,2142367744,802578432,31500080,2982526976,3116339200
findling-rss 1791123367,2166566912,802578432,31501440,3006791680,3116339200
findling-rss 1791123369,2162483200,802615296,31492744,3002912768,3116339200
findling-rss 1791123371,2142380032,802607104,31511800,2982703104,3116339200
findling-rss 1791123373,2026385408,802607104,31404376,2906476544,3116339200
findling-rss 1791123375,2165805056,802639872,31507032,3006107648,3116339200
findling-rss 1791123377,2161483776,802631680,31529344,3001962496,3116339200
findling-rss 1791123379,2014412800,802312192,31381696,2853888000,3116339200
findling-rss 1791123381,2204917760,806862848,31642072,3049807872,3116339200
findling-rss 1791123383,2172452864,806862848,31639832,3017105408,3116339200
findling-rss 1791123385,2133061632,806862848,31639488,2971348992,3116339200
findling-rss 1791123387,2172776448,806862848,31639864,3017674752,3116339200
findling-rss 1791123389,2120876032,806862848,31641008,2966040576,3116339200
findling-rss 1791123391,2120888320,806862848,31637168,2965696512,3116339200
findling-rss 1791123393,2092371968,806862848,31638736,2939576320,3116339200
findling-rss 1791123395,2164649984,806862848,31641328,3009716224,3116339200
findling-rss 1791123397,2175528960,806862848,31641224,3020529664,3116339200
findling-rss 1791123399,2174803968,806862848,31638264,3019366400,3116339200
findling-rss 1791123401,2081464320,806862848,31624928,2925666304,3116339200
findling-rss 1791123403,2177949696,806862848,31643072,3022872576,3116339200
findling-rss 1791123405,2176475136,806862848,31641384,3021692928,3116339200
findling-rss 1791123407,2103484416,806862848,31640032,2948005888,3116339200
findling-rss 1791123409,2055770112,806862848,31554352,2899152896,3116339200
findling-rss 1791123411,2123993088,806862848,31639016,2968981504,3116339200
findling-rss 1791123413,2166964224,806862848,31638120,3012116480,3116339200
findling-rss 1791123415,2110767104,803848192,31580640,2951540736,3116339200
findling-rss 1791123417,2147667968,803848192,31582960,2989367296,3116339200
findling-rss 1791123419,2112225280,802545664,31426944,2952581120,3116339200
findling-rss 1791123421,2092421120,802549760,31446728,2932674560,3116339200
findling-rss 1791123423,2117926912,802549760,31446576,2958356480,3116339200
findling-rss 1791123425,2115956736,802578432,31446496,2956455936,3116339200
findling-rss 1791123427,2147483648,802586624,31466784,2987900928,3116339200
findling-rss 1791123429,2114244608,802586624,31467424,2954211328,3116339200
findling-rss 1791123431,2112065536,802603008,31460456,2952245248,3116339200
findling-rss 1791123433,2111283200,802603008,31482048,2952142848,3116339200
findling-rss 1791123435,2016534528,802283520,31338032,2856468480,3116339200
findling-rss 1791123438,2113064960,802639872,31477616,2953220096,3116339200
findling-rss 1791123440,2112954368,802635776,31501312,2953568256,3116339200
findling-rss 1791123442,2058424320,802660352,31367984,2897260544,3116339200
findling-rss 1791123444,2168029184,802660352,31493712,3008188416,3116339200
findling-rss 1791123446,2113196032,802664448,31516784,2953650176,3116339200
findling-rss 1791123448,2027851776,802693120,31509080,2868387840,3116339200
findling-rss 1791123450,2113363968,802693120,31510600,2953859072,3116339200
findling-rss 1791123452,2112737280,802697216,31533864,2953072640,3116339200
findling-rss 1791123454,2083741696,802713600,31525216,2924072960,3116339200
findling-rss 1791123456,2112655360,802713600,31528352,2952859648,3116339200
findling-rss 1791123458,2112782336,802721792,31550992,2953621504,3116339200
findling-rss 1791123460,2092470272,811008000,31657752,2941333504,3116339200
findling-rss 1791123462,2147225600,811008000,31660768,2996555776,3116339200
findling-rss 1791123464,2164600832,811008000,31656736,3013554176,3116339200
findling-rss 1791123466,2112659456,811008000,31656336,2961707008,3116339200
findling-rss 1791123468,2144862208,811008000,31656872,2993815552,3116339200
findling-rss 1791123470,2166865920,811008000,31656720,3015913472,3116339200
findling-rss 1791123472,2175725568,811008000,31655768,3024674816,3116339200
findling-rss 1791123474,2175545344,811008000,31654384,3024568320,3116339200
findling-rss 1791123476,2107224064,811008000,31654040,2955374592,3116339200
findling-rss 1791123478,2176319488,811008000,31656992,3025293312,3116339200
findling-rss 1791123480,2175066112,811008000,31654952,3024322560,3116339200
findling-rss 1791123482,2121691136,811008000,31656312,2970648576,3116339200
findling-rss 1791123484,2079105024,811008000,31533768,2927325184,3116339200
findling-rss 1791123486,2123399168,811008000,31660904,2972647424,3116339200
findling-rss 1791123488,2168156160,811008000,31661040,3017072640,3116339200
findling-rss 1791123490,2157219840,811008000,31652808,3006205952,3116339200
findling-rss 1791123492,2178396160,811008000,31653488,3027308544,3116339200
findling-rss 1791123494,2177769472,811008000,31655688,3026874368,3116339200
findling-rss 1791123496,2178678784,811008000,31653008,3027722240,3116339200
findling-rss 1791123498,2158288896,811008000,31652256,3007496192,3116339200
findling-rss 1791123500,2178560000,811008000,31655392,3027697664,3116339200
findling-rss 1791123502,2179399680,811008000,31653896,3028361216,3116339200
findling-rss 1791123504,2184630272,811008000,31654184,3033542656,3116339200
findling-rss 1791123506,2111758336,811008000,31650552,2960789504,3116339200
findling-rss 1791123508,2179694592,811008000,31651448,3028557824,3116339200
findling-rss 1791123510,2131750912,811008000,31652808,2980786176,3116339200
findling-rss 1791123512,2122964992,811008000,31657112,2970533888,3116339200
findling-rss 1791123514,2074664960,811008000,31530880,2923474944,3116339200
findling-rss 1791123516,2171244544,811008000,31654592,3020210176,3116339200
findling-rss 1791123518,2180571136,811008000,31654368,3029819392,3116339200
findling-rss 1791123520,2161414144,811008000,31653752,3010502656,3116339200
findling-rss 1791123522,2187227136,811008000,31653896,3036520448,3116339200
findling-rss 1791123524,2181816320,811008000,31657560,3030781952,3116339200
findling-rss 1791123526,2180501504,811008000,31658928,3029442560,3116339200
findling-rss 1791123528,2058375168,802603008,31445096,2898538496,3116339200
findling-rss 1791123530,2115162112,802603008,31448032,2955579392,3116339200
findling-rss 1791123532,2115067904,802656256,31444640,2955608064,3116339200
findling-rss 1791123534,2094628864,802652160,31465160,2934657024,3116339200
findling-rss 1791123536,2116730880,802652160,31466392,2957295616,3116339200
findling-rss 1791123538,2152099840,802684928,31462416,2969530368,3116339200
findling-rss 1791123540,2094649344,802684928,31481288,2935029760,3116339200
findling-rss 1791123542,2116567040,802684928,31483744,2957099008,3116339200
findling-rss 1791123544,2114658304,802701312,31477656,2954813440,3116339200
findling-rss 1791123546,2115440640,802709504,31500600,2956107776,3116339200
findling-rss 1791123548,2018725888,802385920,31352840,2858528768,3116339200
findling-rss 1791123550,2121965568,802746368,31495784,2962522112,3116339200
findling-rss 1791123552,2115698688,802742272,31549208,2956013568,3116339200
findling-rss 1791123554,2025639936,802766848,31395440,2862067712,3116339200
findling-rss 1791123556,2114060288,802766848,31532840,2954829824,3116339200
findling-rss 1791123558,2115014656,802762752,31533880,2955554816,3116339200
findling-rss 1791123560,2070851584,802799616,31404040,2910941184,3116339200
findling-rss 1791123562,2119729152,802799616,31528656,2960683008,3116339200
findling-rss 1791123564,2114674688,802803712,31550928,2955153408,3116339200
findling-rss 1791123566,2058244096,802656256,31426504,2898628608,3116339200
findling-rss 1791123568,2115891200,802656256,31426992,2956111872,3116339200
findling-rss 1791123570,2153226240,803831808,31481080,2994753536,3116339200
findling-rss 1791123572,2060623872,802689024,31475080,2900692992,3116339200
findling-rss 1791123574,2115219456,802689024,31444888,2955575296,3116339200
findling-rss 1791123576,2114228224,802676736,31465624,2954141696,3116339200
findling-rss 1791123578,2136899584,802721792,31459160,2975993856,3116339200
findling-rss 1791123580,2053464064,802713600,31357736,2893615104,3116339200
findling-rss 1791123582,2118664192,802713600,31483176,2958110720,3116339200
findling-rss 1791123584,2114179072,802738176,31477392,2954686464,3116339200
findling-rss 1791123586,2029883392,802742272,31498192,2870083584,3116339200
findling-rss 1791123588,2118438912,802754560,31500784,2959036416,3116339200
findling-rss 1791123590,2114199552,802779136,31496272,2954862592,3116339200
findling-rss 1791123592,2068643840,802779136,31517232,2909306880,3116339200
findling-rss 1791123594,2115371008,802779136,31515224,2955956224,3116339200
findling-rss 1791123596,2115010560,802811904,31511096,2955776000,3116339200
findling-rss 1791123598,2094751744,802807808,31531744,2935488512,3116339200
findling-rss 1791123600,2121682944,802807808,31533656,2962440192,3116339200
findling-rss 1791123602,2119004160,802832384,31527296,2959974400,3116339200
findling-rss 1791123604,2096746496,802836480,31553720,2935525376,3116339200
findling-rss 1791123606,2018856960,803176448,31448888,2859020288,3116339200
findling-rss 1791123608,2114686976,802709504,31433600,2954620928,3116339200
findling-rss 1791123610,2114461696,802709504,31451832,2955137024,3116339200
findling-rss 1791123612,2018856960,802381824,31303128,2858512384,3116339200
findling-rss 1791123614,2115117056,802725888,31445624,2955677696,3116339200
findling-rss 1791123616,2115141632,802725888,31468464,2955452416,3116339200
findling-rss 1791123618,2046455808,802758656,31462760,2886250496,3116339200
findling-rss 1791123620,2114859008,802758656,31464200,2955190272,3116339200
findling-rss 1791123622,2114224128,802762752,31484144,2954801152,3116339200
findling-rss 1791123624,2086051840,802787328,31476128,2926702592,3116339200
findling-rss 1791123626,2116759552,802787328,31478144,2957242368,3116339200
findling-rss 1791123628,2150182912,802807808,31501632,2990968832,3116339200
findling-rss 1791123630,2094759936,802820096,31494728,2935484416,3116339200
findling-rss 1791123632,2018861056,802467840,31383616,2858287104,3116339200
findling-rss 1791123634,2114715648,802816000,31518120,2955505664,3116339200
findling-rss 1791123636,2153852928,807075840,31625624,2998972416,3116339200
findling-rss 1791123638,2070933504,807075840,31505744,2915319808,3116339200
findling-rss 1791123640,2115612672,807075840,31629440,2960633856,3116339200
findling-rss 1791123642,2113675264,807075840,31629440,2958622720,3116339200
findling-rss 1791123644,2094751744,807075840,31631176,2939555840,3116339200
findling-rss 1791123646,2044973056,807075840,31509928,2885025792,3116339200
findling-rss 1791123648,2168033280,807075840,31628488,3013095424,3116339200
findling-rss 1791123650,2116087808,807075840,31624728,2961240064,3116339200
findling-rss 1791123652,2146844672,807075840,31625008,2991943680,3116339200
findling-rss 1791123654,2168463360,807075840,31628648,3013177344,3116339200
findling-rss 1791123656,2177241088,807075840,31626856,3022512128,3116339200
findling-rss 1791123658,2176917504,807075840,31628376,3021602816,3116339200
findling-rss 1791123660,2150023168,807075840,31623072,2994999296,3116339200
findling-rss 1791123662,2184814592,807075840,31624848,3030044672,3116339200
findling-rss 1791123664,2181545984,807075840,31623760,3026472960,3116339200
findling-rss 1791123666,2178330624,807075840,31625136,3023376384,3116339200
findling-rss 1791123668,2109771776,807075840,31623552,2954559488,3116339200
findling-rss 1791123670,2181873664,807075840,31626504,3027288064,3116339200
findling-rss 1791123672,2115526656,802865152,31531632,2956267520,3116339200
findling-rss 1791123674,2058457088,802906112,31579208,2900369408,3116339200
findling-rss 1791123676,2114277376,802906112,31531568,2955026432,3116339200
findling-rss 1791123678,2114621440,802910208,31553688,2955264000,3116339200
findling-rss 1791123680,2094768128,802762752,31430200,2934910976,3116339200
findling-rss 1791123682,2115117056,802762752,31431040,2955460608,3116339200
findling-rss 1791123684,2114273280,802758656,31452800,2954780672,3116339200
findling-rss 1791123686,2102992896,802795520,31446776,2942332928,3116339200
findling-rss 1791123688,2067886080,802799616,31344496,2906984448,3116339200
findling-rss 1791123690,2115510272,802799616,31470240,2956144640,3116339200
findling-rss 1791123692,2115330048,802816000,31464472,2955612160,3116339200
findling-rss 1791123694,2063540224,802824192,31359584,2911023104,3116339200
findling-rss 1791123696,2115788800,802824192,31486552,2956537856,3116339200
findling-rss 1791123698,2114351104,802848768,31481944,2955223040,3116339200
findling-rss 1791123700,2068660224,802844672,31502320,2901164032,3116339200
findling-rss 1791123702,2114678784,802844672,31504248,2955264000,3116339200
findling-rss 1791123704,2114883584,802881536,31499448,2955345920,3116339200
findling-rss 1791123707,2094784512,802873344,31520264,2935562240,3116339200
findling-rss 1791123709,2120904704,802873344,31521144,2961461248,3116339200
findling-rss 1791123711,2115477504,802910208,31516912,2956353536,3116339200
findling-rss 1791123713,2094804992,802910208,31537608,2935128064,3116339200
findling-rss 1791123715,2018889728,802566144,31418920,2859036672,3116339200
findling-rss 1791123717,2116083712,802930688,31533248,2957381632,3116339200
findling-rss 1791123719,2114023424,802938880,31555336,2954416128,3116339200
findling-rss 1791123721,2018906112,862826496,33211424,2920992768,3116339200
findling-rss 1791123723,2115551232,802807808,31435232,2955943936,3116339200
findling-rss 1791123725,2114535424,802795520,31459864,2955333632,3116339200
findling-rss 1791123727,2070990848,802824192,31328808,2911305728,3116339200
findling-rss 1791123729,2115272704,802824192,31452424,2955620352,3116339200
findling-rss 1791123731,2115043328,802824192,31475984,2955747328,3116339200
findling-rss 1791123733,2131742720,802639872,31460752,2972078080,3116339200
findling-rss 1791123735,2217869312,802639872,31463544,3058401280,3116339200
findling-rss 1791123737,2114899968,806719488,31598000,2959515648,3116339200
findling-rss 1791123739,2094825472,806719488,31594832,2939367424,3116339200
findling-rss 1791123741,2115194880,806719488,31596624,2959949824,3116339200
findling-rss 1791123743,2115719168,806719488,31595920,2960543744,3116339200
findling-rss 1791123745,2114555904,806719488,31593608,2958934016,3116339200
findling-rss 1791123747,2058588160,806719488,31592040,2903011328,3116339200
findling-rss 1791123749,2114822144,806719488,31592592,2959310848,3116339200
findling-rss 1791123751,2114760704,806719488,31593200,2959421440,3116339200
findling-rss 1791123753,2165796864,806719488,31593488,3010469888,3116339200
findling-rss 1791123755,2107686912,806719488,31593160,2952437760,3116339200
findling-rss 1791123757,2176991232,806719488,31592656,3021598720,3116339200
findling-rss 1791123759,2177327104,806719488,31592112,3021787136,3116339200
findling-rss 1791123761,2178457600,806719488,31591952,3022966784,3116339200
findling-rss 1791123763,2094178304,806719488,31593400,2938839040,3116339200
findling-rss 1791123765,2180141056,806719488,31590104,3024982016,3116339200
findling-rss 1791123767,2179026944,806719488,31593608,3023695872,3116339200
findling-rss 1791123769,2094837760,802910208,31489128,2935377920,3116339200
findling-rss 1791123771,2115117056,802910208,31484672,2955849728,3116339200
findling-rss 1791123773,2114465792,802902016,31508296,2954981376,3116339200
findling-rss 1791123775,2111852544,802930688,31500056,2952306688,3116339200
findling-rss 1791123777,2021679104,802930688,31394360,2858659840,3116339200
findling-rss 1791123779,2115506176,802930688,31518304,2956439552,3116339200
findling-rss 1791123781,2168442880,802963456,31518016,3009519616,3116339200
findling-rss 1791123783,2071011328,806838272,31519760,2915667968,3116339200
findling-rss 1791123785,2116169728,806838272,31644840,2961158144,3116339200
findling-rss 1791123787,2114945024,806838272,31646400,2959593472,3116339200
findling-rss 1791123789,2094833664,806838272,31646048,2939518976,3116339200
findling-rss 1791123791,2114936832,806838272,31647408,2959945728,3116339200
findling-rss 1791123793,2116001792,806838272,31647016,2960736256,3116339200
findling-rss 1791123795,2114736128,806838272,31647680,2959503360,3116339200
findling-rss 1791123797,2111229952,806838272,31644064,2956054528,3116339200
findling-rss 1791123799,2167926784,806838272,31645992,3013070848,3116339200
findling-rss 1791123801,2115014656,806838272,31646424,2959458304,3116339200
findling-rss 1791123803,2166083584,806838272,31645208,3010887680,3116339200
findling-rss 1791123805,2081128448,806838272,31523304,2925752320,3116339200
findling-rss 1791123807,2177302528,806838272,31645776,3022151680,3116339200
findling-rss 1791123809,2178281472,806838272,31646064,3023101952,3116339200
findling-rss 1791123811,2158120960,806838272,31645856,3003035648,3116339200
findling-rss 1791123813,2082201600,806838272,31540152,2937724928,3116339200
findling-rss 1791123815,2177163264,806838272,31646728,3022127104,3116339200
findling-rss 1791123817,2115870720,803012608,31536144,2956771328,3116339200
findling-rss 1791123819,2082426880,804188160,31589192,2924384256,3116339200
findling-rss 1791123821,2150543360,804188160,31591496,2992668672,3116339200
findling-rss 1791123823,2114568192,802877440,31434856,2955309056,3116339200
findling-rss 1791123825,2068733952,802873344,31454704,2909286400,3116339200
findling-rss 1791123827,2175414272,802873344,31456616,3015790592,3116339200
findling-rss 1791123829,2115100672,802902016,31446984,2955333632,3116339200
findling-rss 1791123831,2060357632,802902016,31469048,2900467712,3116339200
findling-rss 1791123833,2116599808,802902016,31470624,2956906496,3116339200
findling-rss 1791123835,2114600960,802930688,31466776,2955317248,3116339200
findling-rss 1791123837,2094878720,802930688,31505824,2935541760,3116339200
findling-rss 1791123839,2116206592,802930688,31488920,2956902400,3116339200
findling-rss 1791123841,2115219456,802959360,31484424,2955890688,3116339200
findling-rss 1791123843,2148323328,802971648,31501968,2989039616,3116339200
findling-rss 1791123845,2053582848,802635776,31360976,2893545472,3116339200
findling-rss 1791123847,2115878912,802992128,31504736,2956488704,3116339200
findling-rss 1791123849,2118746112,802983936,31523696,2959355904,3116339200
findling-rss 1791123851,2071048192,803020800,31387880,2911428608,3116339200
findling-rss 1791123853,2115899392,803020800,31517896,2956582912,3116339200
findling-rss 1791123855,2115760128,803020800,31540344,2956460032,3116339200
findling-rss 1791123857,2046533632,803049472,31536664,2886668288,3116339200
findling-rss 1791123859,2115211264,803049472,31535440,2956271616,3116339200
findling-rss 1791123861,2166231040,803041280,31557632,3007102976,3116339200
findling-rss 1791123863,2058473472,804302848,31471832,2900180992,3116339200
findling-rss 1791123865,2115895296,804302848,31472744,2958036992,3116339200
findling-rss 1791123867,2115551232,804302848,31472952,2957451264,3116339200
findling-rss 1791123869,2112311296,804302848,31473832,2953822208,3116339200
findling-rss 1791123871,2071056384,804302848,31350816,2912571392,3116339200
findling-rss 1791123873,2114396160,804302848,31472144,2956881920,3116339200
findling-rss 1791123875,2114695168,804302848,31474504,2956550144,3116339200
findling-rss 1791123877,2094874624,802906112,31494536,2935554048,3116339200
findling-rss 1791123879,2119290880,802906112,31456936,2959765504,3116339200
findling-rss 1791123881,2113974272,802934784,31453656,2954792960,3116339200
findling-rss 1791123883,2114392064,802934784,31475248,2954653696,3116339200
findling-rss 1791123885,2018996224,802615296,31326952,2858823680,3116339200
findling-rss 1791123887,2120601600,802967552,31473152,2961309696,3116339200
findling-rss 1791123889,2114932736,802963456,31495120,2955476992,3116339200
findling-rss 1791123891,2071072768,803000320,31362088,2911363072,3116339200
findling-rss 1791123893,2158149632,803000320,31485344,2998632448,3116339200
findling-rss 1791123895,2114588672,803000320,31504552,2955431936,3116339200
findling-rss 1791123897,2071076864,803024896,31412136,2911936512,3116339200
findling-rss 1791123899,2114961408,803024896,31502768,2955624448,3116339200
findling-rss 1791123901,2113826816,803020800,31525904,2954817536,3116339200
findling-rss 1791123903,2094936064,803057664,31517392,2935730176,3116339200
findling-rss 1791123905,2115575808,803057664,31519320,2956615680,3116339200
findling-rss 1791123907,2115121152,803049472,31537464,2956087296,3116339200
findling-rss 1791123909,2144923648,803078144,31537384,2985717760,3116339200
findling-rss 1791123911,2019020800,802729984,31421608,2858954752,3116339200
findling-rss 1791123913,2115502080,803082240,31560208,2956550144,3116339200
findling-rss 1791123915,2114916352,802926592,31436552,2955513856,3116339200
findling-rss 1791123917,2071093248,802934784,31334264,2911289344,3116339200
findling-rss 1791123919,2114568192,802934784,31458480,2955272192,3116339200
findling-rss 1791123921,2114379776,802967552,31454416,2955087872,3116339200
findling-rss 1791123923,2047418368,803663872,31494144,2888601600,3116339200
findling-rss 1791123925,2115256320,803663872,31494224,2956853248,3116339200
findling-rss 1791123927,2114502656,803663872,31493952,2956054528,3116339200
findling-rss 1791123929,2166333440,803663872,31495336,3007565824,3116339200
findling-rss 1791123931,2019020800,802643968,31330600,2858557440,3116339200
findling-rss 1791123933,2115870720,804753408,31520280,2958311424,3116339200
findling-rss 1791123935,2114727936,804753408,31519616,2957107200,3116339200
findling-rss 1791123937,2056990720,804753408,31521704,2899415040,3116339200
findling-rss 1791123939,2119561216,804753408,31521640,2961678336,3116339200
findling-rss 1791123941,2114781184,804753408,31519480,2957418496,3116339200
findling-rss 1791123943,2094936064,804753408,31517688,2937479168,3116339200
findling-rss 1791123945,2047021056,804753408,31396176,2888003584,3116339200
findling-rss 1791123947,2167304192,804753408,31519872,3009966080,3116339200
findling-rss 1791123949,2114547712,805814272,31571944,2958180352,3116339200
findling-rss 1791123951,2056323072,805814272,31570672,2899476480,3116339200
findling-rss 1791123953,2116251648,805814272,31571584,2959826944,3116339200
findling-rss 1791123955,2114924544,805814272,31569392,2958622720,3116339200
findling-rss 1791123957,2114174976,805814272,31570768,2958041088,3116339200
findling-rss 1791123959,2069561344,805814272,31442912,2911334400,3116339200
findling-rss 1791123961,2118963200,805814272,31566432,2962620416,3116339200
findling-rss 1791123963,2167103488,805814272,31567792,3011244032,3116339200
findling-rss 1791123965,2094899200,805814272,31569776,2938048512,3116339200
findling-rss 1791123967,2114629632,805814272,31571976,2958024704,3116339200
findling-rss 1791123969,2167136256,805814272,31567128,3011248128,3116339200
findling-rss 1791123972,2176311296,805814272,31568472,3019988992,3116339200
findling-rss 1791123974,2062483456,803057664,31361320,2901700608,3116339200
findling-rss 1791123976,2115727360,803057664,31490464,2956582912,3116339200
findling-rss 1791123978,2114568192,803053568,31512768,2955239424,3116339200
findling-rss 1791123980,2047672320,803094528,31509248,2888372224,3116339200
findling-rss 1791123982,2116280320,803094528,31508200,2957660160,3116339200
findling-rss 1791123984,2115104768,803086336,31530000,2955849728,3116339200
findling-rss 1791123986,2093703168,803106816,31520136,2928590848,3116339200
findling-rss 1791123988,2116022272,803106816,31522816,2957008896,3116339200
findling-rss 1791123990,2115264512,803098624,31545960,2956189696,3116339200
findling-rss 1791123992,2094923776,803139584,31540368,2936156160,3116339200
findling-rss 1791123994,2114949120,803139584,31540712,2955890688,3116339200
findling-rss 1791123996,2115297280,803139584,31561632,2956333056,3116339200
findling-rss 1791123998,2114023424,803004416,31437640,2954690560,3116339200
findling-rss 1791124000,2071101440,802996224,31339424,2911764480,3116339200
findling-rss 1791124002,2114592768,802996224,31461568,2955370496,3116339200
findling-rss 1791124004,2060075008,803024896,31522032,2900860928,3116339200
findling-rss 1791124006,2172657664,803024896,31524016,3013472256,3116339200
findling-rss 1791124008,2161553408,803020800,31544960,3002613760,3116339200
findling-rss 1791124010,2132602880,803057664,31541600,2973212672,3116339200
findling-rss 1791124012,2161512448,803057664,31545216,3002511360,3116339200
findling-rss 1791124014,2161455104,803057664,31566488,3002122240,3116339200
findling-rss 1791124016,2141310976,803082240,31558600,2982150144,3116339200
findling-rss 1791124018,2166779904,803082240,31559960,3007688704,3116339200
findling-rss 1791124020,2164830208,803082240,31581368,3005767680,3116339200
findling-rss 1791124022,2210177024,803115008,31574976,3049742336,3116339200
findling-rss 1791124024,2168270848,803115008,31574864,3009183744,3116339200
findling-rss 1791124026,2163015680,803110912,31598120,3004100608,3116339200
findling-rss 1791124028,2160779264,803131392,31593536,3001700352,3116339200
findling-rss 1791124030,2065420288,803131392,31490072,2905952256,3116339200
findling-rss 1791124032,2160791552,803131392,31616192,3001724928,3116339200
findling-rss 1791124034,2164305920,803168256,31606832,3005100032,3116339200
findling-rss 1791124036,2132611072,803168256,31631192,2973446144,3116339200
findling-rss 1791124038,2162106368,803168256,31627872,3003289600,3116339200
findling-rss 1791124040,2212823040,803033088,31512720,3052724224,3116339200
findling-rss 1791124042,2141339648,803028992,31530592,2982420480,3116339200
findling-rss 1791124044,2135433216,803028992,31532504,2976559104,3116339200
findling-rss 1791124046,2161991680,803053568,31525040,3002798080,3116339200
findling-rss 1791124048,2157056000,803057664,31545912,2997481472,3116339200
findling-rss 1791124050,2013364224,802734080,31397976,2853171200,3116339200
findling-rss 1791124052,2161770496,803090432,31544952,3002839040,3116339200
findling-rss 1791124054,2160771072,803086336,31564096,3001733120,3116339200
findling-rss 1791124056,2027737088,803119104,31434608,2864275456,3116339200
findling-rss 1791124058,2163023872,803119104,31558792,3004239872,3116339200
findling-rss 1791124060,2163449856,806961152,31686984,3008450560,3116339200
findling-rss 1791124062,2103992320,806961152,31687960,2948988928,3116339200
findling-rss 1791124064,2177720320,806961152,31687584,3022581760,3116339200
findling-rss 1791124066,2171817984,806961152,31685752,3016646656,3116339200
findling-rss 1791124068,2153271296,806961152,31685336,2998259712,3116339200
findling-rss 1791124070,2077356032,806961152,31564096,2921848832,3116339200
findling-rss 1791124072,2179858432,806961152,31684272,3024949248,3116339200
findling-rss 1791124074,2173718528,806961152,31685344,3018727424,3116339200
findling-rss 1791124076,2100449280,806961152,31685072,2945085440,3116339200
findling-rss 1791124078,2120220672,806961152,31683848,2965393408,3116339200
findling-rss 1791124080,2121637888,806961152,31685208,2966446080,3116339200
findling-rss 1791124082,2164756480,806961152,31682872,3009622016,3116339200
findling-rss 1791124084,2118782976,806961152,31684448,2963755008,3116339200
findling-rss 1791124086,2175090688,806961152,31687488,3019943936,3116339200
findling-rss 1791124088,2176421888,806961152,31688848,3021672448,3116339200
findling-rss 1791124090,2175651840,806961152,31685832,3020861440,3116339200
findling-rss 1791124092,2037059584,803168256,31446360,2872217600,3116339200
findling-rss 1791124094,2162126848,803168256,31577280,3003232256,3116339200
findling-rss 1791124096,2160947200,803164160,31598824,3001995264,3116339200
findling-rss 1791124098,2092539904,803192832,31591912,2933338112,3116339200
findling-rss 1791124100,2161373184,803192832,31589800,3002544128,3116339200
findling-rss 1791124102,2212818944,803188736,31611696,3054379008,3116339200
findling-rss 1791124104,2121072640,803237888,31606904,2956165120,3116339200
findling-rss 1791124106,2162249728,803237888,31609376,3003125760,3116339200
findling-rss 1791124108,2161545216,803237888,31632968,3002937344,3116339200
findling-rss 1791124110,2141372416,803098624,31507120,2982350848,3116339200
findling-rss 1791124112,2161659904,803098624,31510736,3002482688,3116339200
findling-rss 1791124114,2161258496,804130816,31578448,3003424768,3116339200
findling-rss 1791124116,2170613760,804130816,31561168,3012268032,3116339200
findling-rss 1791124118,2152140800,804130816,31562824,2994044928,3116339200
findling-rss 1791124120,2172616704,804130816,31558992,3014742016,3116339200
findling-rss 1791124122,2172948480,804130816,31560512,3015200768,3116339200
findling-rss 1791124124,2161057792,803123200,31525160,3002007552,3116339200
findling-rss 1791124126,2065453056,803131392,31423832,2905915392,3116339200
findling-rss 1791124128,2161823744,803131392,31551208,3002900480,3116339200
findling-rss 1791124130,2160930816,803160064,31543720,3001790464,3116339200
findling-rss 1791124132,2102210560,803160064,31566144,2941480960,3116339200
findling-rss 1791124134,2161524736,803160064,31569608,3002699776,3116339200
findling-rss 1791124136,2211602432,803196928,31559960,3052826624,3116339200
findling-rss 1791124138,2141360128,803188736,31583048,2982555648,3116339200
findling-rss 1791124140,2161401856,803188736,31582016,3002785792,3116339200
findling-rss 1791124142,2161483776,803217408,31577792,3002327040,3116339200
findling-rss 1791124144,2141372416,803217408,31599656,2982580224,3116339200
findling-rss 1791124146,2013396992,802893824,31448984,2853859328,3116339200
findling-rss 1791124148,2161586176,803250176,31594056,3002925056,3116339200
findling-rss 1791124150,2161094656,803254272,31615184,3002499072,3116339200
findling-rss 1791124152,2051108864,802922496,31472200,2891579392,3116339200
findling-rss 1791124154,2162049024,803278848,31611432,3003232256,3116339200
findling-rss 1791124156,2162098176,803278848,31632080,3003420672,3116339200
findling-rss 1791124158,2051743744,864165888,33280944,2954084352,3116339200
findling-rss 1791124160,2161704960,803487744,31524696,3002839040,3116339200
findling-rss 1791124162,2171572224,803487744,31524152,3012698112,3116339200
findling-rss 1791124164,2141380608,803135488,31529888,2982313984,3116339200
findling-rss 1791124166,2164801536,803135488,31531664,3005493248,3116339200
findling-rss 1791124168,2161610752,803164160,31529088,3002368000,3116339200
findling-rss 1791124170,2124791808,803151872,31573456,2965659648,3116339200
findling-rss 1791124172,2149724160,803151872,31552736,2990329856,3116339200
findling-rss 1791124174,2162954240,803196928,31547272,3003908096,3116339200
findling-rss 1791124176,2161856512,803201024,31569920,3003219968,3116339200
findling-rss 1791124178,2014502912,802881536,31416360,2854236160,3116339200
findling-rss 1791124180,2164535296,803237888,31563464,3005845504,3116339200
findling-rss 1791124182,2162229248,803237888,31584520,3003047936,3116339200
findling-rss 1791124184,2014502912,802910208,31442320,2854379520,3116339200
findling-rss 1791124186,2163867648,803262464,31580464,3005403136,3116339200
findling-rss 1791124188,2162368512,803262464,31601520,3003572224,3116339200
findling-rss 1791124190,2066575360,803291136,31468200,2907332608,3116339200
findling-rss 1791124192,2162970624,803291136,31596856,3004338176,3116339200
findling-rss 1791124194,2162688000,803291136,31617960,3003871232,3116339200
findling-rss 1791124196,2104971264,803311616,31611376,2945875968,3116339200
findling-rss 1791124198,2161983488,803311616,31613768,3003351040,3116339200
findling-rss 1791124200,2162929664,803315712,31695080,3005906944,3116339200
findling-rss 1791124202,2133757952,803176448,31510992,2974711808,3116339200
findling-rss 1791124204,2162184192,803176448,31515880,3003711488,3116339200
findling-rss 1791124206,2161532928,803180544,31539360,3002601472,3116339200
findling-rss 1791124208,2155278336,803217408,31535840,2995326976,3116339200
findling-rss 1791124210,2066239488,803213312,31426560,2906017792,3116339200
findling-rss 1791124212,2166743040,803213312,31551728,3007995904,3116339200
findling-rss 1791124214,2163150848,803246080,31547208,3004461056,3116339200
findling-rss 1791124216,2093531136,803246080,31568032,2934652928,3116339200
findling-rss 1791124218,2215170048,803246080,31570968,3056308224,3116339200
findling-rss 1791124220,2165469184,803274752,31565248,3006816256,3116339200
findling-rss 1791124222,2076794880,803266560,31581832,2917859328,3116339200
findling-rss 1791124224,2162536448,803266560,31584584,3003965440,3116339200
findling-rss 1791124226,2162307072,803291136,31580248,3003658240,3116339200
findling-rss 1791124228,2142511104,803299328,31600704,2983804928,3116339200
findling-rss 1791124230,2163318784,803299328,31598704,3004448768,3116339200
findling-rss 1791124232,2162573312,803323904,31594384,3003658240,3116339200
findling-rss 1791124234,2142531584,803332096,31618024,2983813120,3116339200
findling-rss 1791124236,2163478528,803332096,31618336,3004874752,3116339200
findling-rss 1791124238,2161557504,803360768,31613976,3002703872,3116339200
findling-rss 1791124241,2161922048,803360768,31635024,3003375616,3116339200
findling-rss 1791124243,2014547968,863641600,33288656,2917310464,3116339200
findling-rss 1791124245,2162794496,803217408,31515600,3004006400,3116339200
findling-rss 1791124247,2162524160,803213312,31537344,3003777024,3116339200
findling-rss 1791124249,2066624512,803229696,31405184,2907242496,3116339200
findling-rss 1791124251,2164121600,803229696,31531288,3004944384,3116339200
findling-rss 1791124253,2220417024,804278272,31581560,3062861824,3116339200
findling-rss 1791124255,2115928064,804278272,31584152,2957762560,3116339200
findling-rss 1791124257,2173362176,804278272,31586016,3015667712,3116339200
findling-rss 1791124259,2178805760,804278272,31581696,3021139968,3116339200
findling-rss 1791124261,2174251008,804278272,31581424,3016749056,3116339200
findling-rss 1791124263,2014900224,802926592,31406080,2855272448,3116339200
findling-rss 1791124265,2162536448,803282944,31550672,3003920384,3116339200
findling-rss 1791124267,2161885184,803282944,31571168,3003031552,3116339200
findling-rss 1791124269,2092879872,803307520,31435880,2932310016,3116339200
findling-rss 1791124271,2162688000,803307520,31565336,3003498496,3116339200
findling-rss 1791124273,2162368512,803311616,31588832,3003998208,3116339200
findling-rss 1791124275,2066640896,803332096,31455312,2907615232,3116339200
findling-rss 1791124277,2167214080,803332096,31583744,3008430080,3116339200
findling-rss 1791124279,2224967680,803127296,31617896,3066351616,3116339200
findling-rss 1791124281,2076323840,803368960,31614704,2917146624,3116339200
findling-rss 1791124283,2164064256,803368960,31620040,3005726720,3116339200
findling-rss 1791124285,2163384320,803364864,31640184,3004579840,3116339200
findling-rss 1791124287,2117464064,803385344,31634064,2958528512,3116339200
findling-rss 1791124289,2164162560,803385344,31635448,3005485056,3116339200
findling-rss 1791124291,2147368960,804573184,31690552,2990014464,3116339200
findling-rss 1791124293,2143588352,803258368,31536544,2984484864,3116339200
findling-rss 1791124295,2163814400,803258368,31536544,3004919808,3116339200
findling-rss 1791124297,2170626048,803258368,31558144,3011653632,3116339200
findling-rss 1791124299,2143600640,803282944,31549096,2984689664,3116339200
findling-rss 1791124301,2163818496,803282944,31550816,3004805120,3116339200
findling-rss 1791124303,2163867648,803282944,31574456,3005116416,3116339200
findling-rss 1791124305,2159198208,803315712,31567072,3000385536,3116339200
findling-rss 1791124307,2057527296,803311616,31464728,2896986112,3116339200
findling-rss 1791124309,2163130368,803311616,31592104,3004461056,3116339200
findling-rss 1791124311,2162851840,803336192,31586888,3003908096,3116339200
findling-rss 1791124313,2096459776,803344384,31606112,2937565184,3116339200
findling-rss 1791124315,2163888128,803344384,31609832,3005038592,3116339200
findling-rss 1791124317,2163232768,803364864,31604024,3004702720,3116339200
findling-rss 1791124319,2171838464,803377152,31628208,2996416512,3116339200
findling-rss 1791124321,2164359168,803377152,31627592,3005947904,3116339200
findling-rss 1791124323,2163093504,803401728,31621640,3004424192,3116339200
findling-rss 1791124325,2143604736,803397632,31645640,2984923136,3116339200
findling-rss 1791124327,2015641600,803074048,31498112,2855878656,3116339200
findling-rss 1791124329,2169729024,803422208,31642680,3011358720,3116339200
findling-rss 1791124331,2163212288,803430400,31657904,3004547072,3116339200
findling-rss 1791124333,2015641600,863789056,33318752,2918916096,3116339200
findling-rss 1791124335,2219720704,803291136,31539584,3061149696,3116339200
findling-rss 1791124337,2163363840,803287040,31562832,3004604416,3116339200
findling-rss 1791124339,2067714048,803311616,31444952,2908622848,3116339200
findling-rss 1791124341,2163290112,803311616,31555752,3004493824,3116339200
findling-rss 1791124343,2163617792,803319808,31579592,3005108224,3116339200
findling-rss 1791124345,2108395520,803348480,31570160,2949058560,3116339200
findling-rss 1791124347,2169602048,803348480,31571888,3010883584,3116339200
findling-rss 1791124349,2163421184,803344384,31593648,3004792832,3116339200
findling-rss 1791124351,2143637504,803373056,31585864,2984919040,3116339200
findling-rss 1791124353,2164903936,803373056,31588336,3006455808,3116339200
findling-rss 1791124355,2163470336,803385344,31609296,3004760064,3116339200
findling-rss 1791124357,2205507584,803188736,31600024,3046842368,3116339200
findling-rss 1791124359,2225762304,803188736,31601208,3067129856,3116339200
findling-rss 1791124361,2164264960,803409920,31629168,3005751296,3116339200
findling-rss 1791124363,2143952896,803438592,31619528,2984906752,3116339200
findling-rss 1791124365,2023153664,803442688,31513544,2857046016,3116339200
findling-rss 1791124367,2164125696,803442688,31639104,3005181952,3116339200
findling-rss 1791124369,2216071168,803459072,31637232,3057631232,3116339200
findling-rss 1791124371,2067738624,804499456,31561312,2909728768,3116339200
findling-rss 1791124373,2163249152,804499456,31687824,3005698048,3116339200
findling-rss 1791124375,2173775872,804499456,31690240,3016310784,3116339200
findling-rss 1791124377,2159771648,804499456,31690888,3001307136,3116339200
findling-rss 1791124379,2079649792,804499456,31565312,2921734144,3116339200
findling-rss 1791124381,2175078400,804499456,31686736,3017670656,3116339200
findling-rss 1791124383,2164301824,803323904,31538472,3005607936,3116339200
findling-rss 1791124385,2095955968,803319808,31558912,2936635392,3116339200
findling-rss 1791124387,2163982336,803319808,31560576,3005353984,3116339200
findling-rss 1791124389,2163245056,803352576,31554216,3004444672,3116339200
findling-rss 1791124391,2143649792,803348480,31576216,2984878080,3116339200
findling-rss 1791124393,2163634176,803348480,31575296,3004870656,3116339200
findling-rss 1791124395,2163650560,803381248,31571472,3005186048,3116339200
findling-rss 1791124397,2163134464,803381248,31593872,3004649472,3116339200
findling-rss 1791124399,2015682560,803057664,31483752,2857619456,3116339200
findling-rss 1791124401,2219995136,804454400,31617368,3062636544,3116339200
findling-rss 1791124403,2173231104,804454400,31615976,3015581696,3116339200
findling-rss 1791124405,2154463232,804454400,31613984,2996953088,3116339200
findling-rss 1791124407,2174992384,804454400,31614776,3017502720,3116339200
findling-rss 1791124409,2175365120,804454400,31616160,3017674752,3116339200
findling-rss 1791124411,2163777536,803405824,31610184,3005300736,3116339200
findling-rss 1791124413,2067750912,803450880,31476936,2908565504,3116339200
findling-rss 1791124415,2164396032,803450880,31607632,3005919232,3116339200
findling-rss 1791124417,2202243072,804618240,31661024,3044917248,3116339200
findling-rss 1791124419,2067750912,803471360,31495176,2908794880,3116339200
findling-rss 1791124421,2163331072,803471360,31622840,3004891136,3116339200
findling-rss 1791124423,2163654656,803475456,31644144,3005300736,3116339200
findling-rss 1791124425,2134958080,803508224,31636488,2976387072,3116339200
findling-rss 1791124427,2166743040,803508224,31637448,3008380928,3116339200
findling-rss 1791124429,2169663488,803504128,31661696,3011440640,3116339200
findling-rss 1791124431,2134953984,803348480,31535872,2976141312,3116339200
findling-rss 1791124433,2213924864,803348480,31538600,3055235072,3116339200
findling-rss 1791124435,2164011008,803340288,31558344,3005001728,3116339200
findling-rss 1791124437,2143653888,803368960,31554528,2984996864,3116339200
findling-rss 1791124439,2164506624,803368960,31554800,3005407232,3116339200
findling-rss 1791124441,2163290112,803373056,31578704,3004522496,3116339200
findling-rss 1791124443,2143653888,803401728,31569016,2984648704,3116339200
findling-rss 1791124445,2015678464,803049472,31461240,2855837696,3116339200
findling-rss 1791124447,2169327616,803397632,31598232,3010617344,3116339200
findling-rss 1791124449,2163736576,803434496,31591376,3004772352,3116339200
findling-rss 1791124451,2062913536,803430400,31484072,2902556672,3116339200
findling-rss 1791124453,2165022720,803430400,31609360,3006443520,3116339200
findling-rss 1791124455,2163310592,803467264,31604816,3004645376,3116339200
findling-rss 1791124457,2083536896,803463168,31627936,2920923136,3116339200
findling-rss 1791124459,2163580928,803463168,31627256,3005497344,3116339200
findling-rss 1791124461,2163445760,803487744,31622120,3005054976,3116339200
findling-rss 1791124463,2134949888,803495936,31642832,2976559104,3116339200
findling-rss 1791124465,2163929088,803495936,31644488,3005575168,3116339200
findling-rss 1791124467,2164740096,803520512,31637952,3006107648,3116339200
findling-rss 1791124469,2143649792,803516416,31659992,2985177088,3116339200
findling-rss 1791124471,2098032640,803516416,31660944,2979336192,3116339200
findling-rss 1791124473,2163191808,803385344,31539008,3004403712,3116339200
findling-rss 1791124475,2161274880,803385344,31562024,3002445824,3116339200
findling-rss 1791124477,2015682560,803049472,31413816,2855780352,3116339200
findling-rss 1791124479,2164166656,803401728,31555440,3005743104,3116339200
findling-rss 1791124481,2164924416,803405824,31577400,3006369792,3116339200
findling-rss 1791124483,2071531520,803078144,31433792,2912051200,3116339200
findling-rss 1791124485,2164199424,803434496,31572504,3005906944,3116339200
findling-rss 1791124487,2164494336,803438592,31594896,3006099456,3116339200
findling-rss 1791124489,2067755008,803459072,31461128,2908856320,3116339200
findling-rss 1791124491,2162896896,803459072,31587592,3004215296,3116339200
findling-rss 1791124493,2164318208,803463168,31610952,3005595648,3116339200
findling-rss 1791124495,2094563328,803487744,31603784,2929078272,3116339200
findling-rss 1791124497,2164568064,803487744,31606464,3005882368,3116339200
findling-rss 1791124499,2163421184,803487744,31628472,3005452288,3116339200
findling-rss 1791124501,2172588032,803520512,31623896,3014049792,3116339200
findling-rss 1791124504,2166198272,803520512,31622184,3007528960,3116339200
findling-rss 1791124506,2163798016,803516416,31643960,3005734912,3116339200
findling-rss 1791124508,2143666176,803545088,31638216,2985041920,3116339200
findling-rss 1791124510,2163306496,803545088,31639448,3005063168,3116339200
findling-rss 1791124512,2163445760,803545088,31660640,3004801024,3116339200
findling-rss 1791124514,2160087040,803418112,31542280,3001036800,3116339200
findling-rss 1791124516,2041835520,803409920,31436816,2877890560,3116339200
findling-rss 1791124518,2222743552,803409920,31564912,3064238080,3116339200
findling-rss 1791124520,2163048448,803442688,31553816,3004526592,3116339200
findling-rss 1791124522,2067775488,803442688,31453528,2908409856,3116339200
findling-rss 1791124524,2163810304,803442688,31578280,3005325312,3116339200
findling-rss 1791124526,2163593216,803479552,31574144,3005001728,3116339200
findling-rss 1791124528,2067783680,803471360,31469504,2909040640,3116339200
findling-rss 1791124530,2164281344,803471360,31594024,3006103552,3116339200
findling-rss 1791124532,2163744768,803491840,31589592,3005071360,3116339200
findling-rss 1791124534,2114998272,803500032,31612392,2949570560,3116339200
findling-rss 1791124536,2163879936,803500032,31612800,3005452288,3116339200
findling-rss 1791124538,2164322304,803520512,31607760,3005521920,3116339200
findling-rss 1791124540,2143719424,803528704,31628768,2985422848,3116339200
findling-rss 1791124542,2164183040,803528704,31628776,3005505536,3116339200
findling-rss 1791124544,2163822592,803557376,31622696,3004862464,3116339200
findling-rss 1791124546,2163089408,803549184,31642528,3004538880,3116339200
findling-rss 1791124548,2015727616,803229696,31498688,2856161280,3116339200
findling-rss 1791124550,2163982336,805310464,31687144,3007492096,3116339200
findling-rss 1791124552,2173018112,805310464,31688264,3016663040,3116339200
findling-rss 1791124554,2128420864,805310464,31688360,2971783168,3116339200
findling-rss 1791124556,2179223552,805310464,31686224,3022921728,3116339200
findling-rss 1791124558,2179174400,805310464,31687824,3022372864,3116339200
findling-rss 1791124560,2174738432,805310464,31685408,3018035200,3116339200
findling-rss 1791124562,2088075264,805310464,31686832,2930163712,3116339200
findling-rss 1791124564,2176016384,805310464,31685032,3019141120,3116339200
findling-rss 1791124566,2164424704,803577856,31663576,3006169088,3116339200
findling-rss 1791124568,2110685184,803450880,31542648,2950598656,3116339200
findling-rss 1791124570,2163994624,803450880,31544768,3005288448,3116339200
findling-rss 1791124572,2163167232,803446784,31563704,3004334080,3116339200
findling-rss 1791124574,2143723520,803479552,31558096,2985328640,3116339200
findling-rss 1791124576,2164097024,803479552,31557688,3005321216,3116339200
findling-rss 1791124578,2164801536,803475456,31579448,3006042112,3116339200
findling-rss 1791124580,2162442240,803495936,31571320,3003867136,3116339200
findling-rss 1791124582,2107424768,803504128,31468904,2948698112,3116339200
findling-rss 1791124584,2164559872,803917824,31607960,3006730240,3116339200
findling-rss 1791124586,2163933184,803946496,31602920,3005607936,3116339200
findling-rss 1791124588,2107396096,803942400,31622832,2949226496,3116339200
findling-rss 1791124590,2164568064,803942400,31625224,3006472192,3116339200
findling-rss 1791124592,2170171392,803983360,31620808,3011891200,3116339200
findling-rss 1791124594,2135035904,803971072,31641920,2977034240,3116339200
findling-rss 1791124596,2164133888,803971072,31642976,3006160896,3116339200
findling-rss 1791124598,2164637696,803995648,31636768,3006464000,3116339200
findling-rss 1791124600,2197131264,804007936,31657184,3038912512,3116339200
findling-rss 1791124602,2167574528,804007936,31659248,3009441792,3116339200
findling-rss 1791124604,2164215808,804040704,31653656,3006156800,3116339200
findling-rss 1791124606,2161176576,804032512,31676752,3003023360,3116339200
findling-rss 1791124608,2015768576,850853888,32955280,2900779008,3116339200
findling-rss 1791124610,2168164352,803889152,31552936,3010093056,3116339200
findling-rss 1791124612,2224771072,803684352,31570312,3066564608,3116339200
findling-rss 1791124614,2060333056,803573760,31434536,2901368832,3116339200
findling-rss 1791124616,2164101120,803930112,31573568,3006050304,3116339200
findling-rss 1791124618,2163101696,803917824,31592808,3004702720,3116339200
findling-rss 1791124620,2067841024,803958784,31468376,2909491200,3116339200
findling-rss 1791124622,2164912128,803958784,31595112,3006685184,3116339200
findling-rss 1791124624,2163613696,803954688,31613168,3005190144,3116339200
findling-rss 1791124626,2107043840,803983360,31608032,2948689920,3116339200
findling-rss 1791124628,2163445760,803983360,31605528,3005374464,3116339200
findling-rss 1791124630,2164334592,803983360,31626208,3006525440,3116339200
findling-rss 1791124632,2143760384,804016128,31625192,2985693184,3116339200
findling-rss 1791124634,2169851904,804016128,31623424,3011878912,3116339200
findling-rss 1791124636,2163937280,804007936,31645480,3005919232,3116339200
findling-rss 1791124638,2143752192,804028416,31635632,2986123264,3116339200
findling-rss 1791124640,2015793152,803688448,31524776,2856751104,3116339200
findling-rss 1791124642,2163265536,804040704,31663392,3005325312,3116339200
findling-rss 1791124644,2162733056,804069376,31653152,3004784640,3116339200
findling-rss 1791124646,2067869696,804077568,31553056,2909630464,3116339200
findling-rss 1791124648,2163712000,804077568,31679480,3006013440,3116339200
findling-rss 1791124650,2208989184,803917824,31556680,3050930176,3116339200
findling-rss 1791124652,2093105152,803934208,31578512,2929303552,3116339200
findling-rss 1791124654,2163798016,803934208,31581464,3005894656,3116339200
findling-rss 1791124656,2164236288,803958784,31576568,3006103552,3116339200
findling-rss 1791124658,2096533504,803958784,31594008,2938519552,3116339200
findling-rss 1791124660,2164183040,803958784,31596944,3006316544,3116339200
findling-rss 1791124662,2163945472,803979264,31590472,3006029824,3116339200
findling-rss 1791124664,2143801344,803987456,31609856,2985918464,3116339200
findling-rss 1791124666,2209210368,803987456,31611496,3051298816,3116339200
findling-rss 1791124668,2108649472,804012032,31672272,2950664192,3116339200
findling-rss 1791124670,2129780736,804012032,31671512,2971553792,3116339200
findling-rss 1791124672,2163154944,804012032,31692840,3005255680,3116339200
findling-rss 1791124674,2161332224,804036608,31690720,3002200064,3116339200
findling-rss 1791124676,2041065472,804048896,31586568,2879750144,3116339200
findling-rss 1791124678,2165129216,804048896,31711632,3007586304,3116339200
findling-rss 1791124680,2162794496,805830656,31752464,3007123456,3116339200
findling-rss 1791124682,2085445632,805830656,31754040,2928979968,3116339200
findling-rss 1791124684,2174283776,805830656,31756568,3018362880,3116339200
findling-rss 1791124686,2173353984,805830656,31760208,3017678848,3116339200
findling-rss 1791124688,2154340352,805830656,31759256,2998001664,3116339200
findling-rss 1791124690,2178179072,805830656,31756232,3022118912,3116339200
findling-rss 1791124692,2178670592,805830656,31752656,3022299136,3116339200
findling-rss 1791124694,2174324736,805830656,31753352,3018358784,3116339200
findling-rss 1791124696,2133696512,804061184,31726144,2975272960,3116339200
findling-rss 1791124698,2162794496,804061184,31725736,3004968960,3116339200
findling-rss 1791124700,2162360320,804106240,31726256,3004588032,3116339200
findling-rss 1791124702,2142400512,804110336,31744408,2984534016,3116339200
findling-rss 1791124704,2138148864,804110336,31747560,2980392960,3116339200
findling-rss 1791124706,2162462720,803975168,31623960,3004379136,3116339200
findling-rss 1791124708,2161414144,803975168,31647464,3003682816,3116339200
findling-rss 1791124710,2046423040,804007936,31510128,2886668288,3116339200
findling-rss 1791124712,2162864128,804007936,31641872,3004850176,3116339200
findling-rss 1791124714,2218631168,804003840,31664664,3060502528,3116339200
findling-rss 1791124716,2076798976,804040704,31658720,2918211584,3116339200
findling-rss 1791124718,2163634176,804040704,31659200,3005800448,3116339200
findling-rss 1791124720,2162098176,804040704,31680824,3003858944,3116339200
findling-rss 1791124722,2116321280,804069376,31673448,2958516224,3116339200
findling-rss 1791124724,2165768192,804069376,31675648,3008024576,3116339200
findling-rss 1791124726,2162311168,804065280,31697136,3004542976,3116339200
findling-rss 1791124728,2142445568,804098048,31690944,2984513536,3116339200
findling-rss 1791124730,2164310016,804098048,31691920,3006525440,3116339200
findling-rss 1791124732,2163548160,805150720,31743528,3006849024,3116339200
findling-rss 1791124734,2172620800,805150720,31741128,3015974912,3116339200
findling-rss 1791124736,2116952064,805150720,31741720,2959982592,3116339200
findling-rss 1791124738,2174894080,805150720,31739480,3018047488,3116339200
findling-rss 1791124740,2173521920,805150720,31738392,3017166848,3116339200
findling-rss 1791124742,2142445568,805187584,31742168,2985664512,3116339200
findling-rss 1791124744,2168758272,805187584,31744352,3011870720,3116339200
findling-rss 1791124746,2174214144,805187584,31741936,3017830400,3116339200
findling-rss 1791124748,2173087744,805187584,31743296,3016159232,3116339200
findling-rss 1791124750,2105303040,805187584,31739408,2942976000,3116339200
findling-rss 1791124752,2174308352,805187584,31741352,3017486336,3116339200
findling-rss 1791124754,2162413568,804134912,31733936,3004686336,3116339200
findling-rss 1791124756,2142437376,804171776,31729568,2984300544,3116339200
findling-rss 1791124758,2167488512,804171776,31733248,3009691648,3116339200
findling-rss 1791124760,2165297152,804175872,31750656,3007422464,3116339200
findling-rss 1791124762,2142437376,804032512,31622968,2984271872,3116339200
findling-rss 1791124764,2161946624,804032512,31625528,3003973632,3116339200
findling-rss 1791124766,2167656448,804036608,31648464,3009638400,3116339200
findling-rss 1791124768,2159493120,804057088,31643576,3001454592,3116339200
findling-rss 1791124770,2058735616,804057088,31538376,2899030016,3116339200
findling-rss 1791124772,2162221056,804057088,31665752,3004104704,3116339200
findling-rss 1791124775,2161750016,804089856,31660824,3003826176,3116339200
findling-rss 1791124777,2106134528,804089856,31682504,2948124672,3116339200
findling-rss 1791124779,2163613696,804089856,31684216,3005214720,3116339200
findling-rss 1791124781,2161717248,804118528,31675616,3004133376,3116339200
findling-rss 1791124783,2134138880,804122624,31700576,2976268288,3116339200
findling-rss 1791124785,2163589120,804122624,31698688,3005800448,3116339200
findling-rss 1791124787,2163101696,804147200,31694896,3005603840,3116339200
findling-rss 1791124789,2130251776,804122624,31715080,2971262976,3116339200
findling-rss 1791124791,2049470464,803823616,31564592,2890436608,3116339200
findling-rss 1791124793,2163277824,804175872,31711336,3005505536,3116339200
findling-rss 1791124795,2162171904,804179968,31732216,3004628992,3116339200
findling-rss 1791124797,2074341376,804184064,31598992,2913738752,3116339200
findling-rss 1791124799,2147835904,804184064,31725488,2990305280,3116339200
findling-rss 1791124801,2162503680,804200448,31748296,3004665856,3116339200
findling-rss 1791124803,2088103936,865267712,33521184,2988003328,3116339200
findling-rss 1791124805,2162421760,804061184,31628896,3004305408,3116339200
findling-rss 1791124807,2225950720,803860480,31666600,3068174336,3116339200
findling-rss 1791124809,2106380288,804093952,31665840,2948087808,3116339200
findling-rss 1791124811,2163716096,804093952,31664320,3005714432,3116339200
findling-rss 1791124813,2224697344,804093952,31687008,3067064320,3116339200
findling-rss 1791124815,2143956992,804126720,31681128,2986217472,3116339200
findling-rss 1791124817,2164649984,804126720,31681264,3006676992,3116339200
findling-rss 1791124819,2164584448,804118528,31702520,3006730240,3116339200
findling-rss 1791124821,2159853568,804151296,31695936,3001741312,3116339200
findling-rss 1791124823,2060697600,804151296,31595784,2901135360,3116339200
findling-rss 1791124825,2164801536,804151296,31719312,3007389696,3116339200
findling-rss 1791124827,2163814400,804184064,31712752,3006021632,3116339200
findling-rss 1791124829,2079834112,804184064,31734120,2921758720,3116339200
findling-rss 1791124831,2164297728,804184064,31735848,3006676992,3116339200
findling-rss 1791124833,2164318208,804216832,31731208,3006676992,3116339200
findling-rss 1791124835,2143956992,804208640,31754488,2986291200,3116339200
findling-rss 1791124837,2163085312,804208640,31754008,3005235200,3116339200
findling-rss 1791124839,2164469760,805990400,31796184,3008344064,3116339200
findling-rss 1791124841,2172551168,805990400,31794640,3016577024,3116339200
findling-rss 1791124843,2080161792,805990400,31782312,2922766336,3116339200
findling-rss 1791124845,2177425408,805990400,31796280,3021578240,3116339200
findling-rss 1791124847,2176032768,805990400,31796760,3020025856,3116339200
findling-rss 1791124849,2155900928,805990400,31793144,3000053760,3116339200
findling-rss 1791124851,2177130496,805990400,31796296,3021213696,3116339200
findling-rss 1791124853,2176118784,805990400,31795496,3020320768,3116339200
findling-rss 1791124855,2164289536,804249600,31769808,3006828544,3116339200
findling-rss 1791124857,2062802944,865357824,33434680,2966552576,3116339200
findling-rss 1791124859,2164936704,804102144,31650768,3006578688,3116339200
findling-rss 1791124861,2164264960,804102144,31668920,3006418944,3116339200
findling-rss 1791124863,2105233408,804126720,31666104,2946822144,3116339200
findling-rss 1791124865,2163617792,804126720,31668496,3005718528,3116339200
findling-rss 1791124867,2166530048,804130816,31691992,3008679936,3116339200
findling-rss 1791124869,2143989760,804155392,31680592,2985996288,3116339200
findling-rss 1791124871,2164350976,804155392,31681592,3006525440,3116339200
findling-rss 1791124873,2163748864,805920768,31753464,3007692800,3116339200
findling-rss 1791124875,2173861888,805920768,31755064,3017805824,3116339200
findling-rss 1791124877,2089164800,805920768,31750256,2933043200,3116339200
findling-rss 1791124879,2176204800,805920768,31751832,3020455936,3116339200
findling-rss 1791124881,2179297280,805920768,31751016,3023532032,3116339200
findling-rss 1791124883,2102382592,805920768,31751288,2946383872,3116339200
findling-rss 1791124885,2122911744,805920768,31753464,2966704128,3116339200
findling-rss 1791124887,2166644736,805920768,31752920,3010711552,3116339200
findling-rss 1791124889,2164305920,804208640,31700104,3006889984,3116339200
findling-rss 1791124891,2050633728,805376000,31629240,2893848576,3116339200
findling-rss 1791124893,2147606528,805376000,31750736,2991042560,3116339200
findling-rss 1791124895,2162774016,804225024,31716600,3004698624,3116339200
findling-rss 1791124897,2079330304,804229120,31738760,2921181184,3116339200
findling-rss 1791124899,2164408320,804229120,31740624,3006894080,3116339200
findling-rss 1791124901,2163761152,804257792,31733272,3006423040,3116339200
findling-rss 1791124903,2143997952,804261888,31755384,2986160128,3116339200
findling-rss 1791124905,2163625984,804261888,31758024,3006074880,3116339200
findling-rss 1791124907,2163834880,804286464,31751072,3006189568,3116339200
findling-rss 1791124909,2144026624,804282368,31772816,2986561536,3116339200
findling-rss 1791124911,2169536512,804282368,31771184,3011764224,3116339200
findling-rss 1791124913,2147168256,805298176,31681744,2990284800,3116339200
findling-rss 1791124915,2144030720,804134912,31673472,2986602496,3116339200
findling-rss 1791124917,2167652352,804134912,31673320,3010105344,3116339200
findling-rss 1791124919,2164183040,804163584,31668704,3006074880,3116339200
findling-rss 1791124921,2205917184,803950592,31683504,3048181760,3116339200
findling-rss 1791124923,2161565696,803950592,31685960,3046043648,3116339200
findling-rss 1791124925,2164695040,804192256,31687576,3007029248,3116339200
findling-rss 1791124927,2214899712,804200448,31712312,3057262592,3116339200
findling-rss 1791124929,2016063488,803864576,31563592,2857545728,3116339200
findling-rss 1791124931,2164490240,804220928,31701944,3006861312,3116339200
findling-rss 1791124933,2163507200,804212736,31725024,3005722624,3116339200
findling-rss 1791124935,2079232000,804245504,31719672,2921422848,3116339200
findling-rss 1791124937,2164187136,804245504,31720160,3006189568,3116339200
findling-rss 1791124939,2164895744,804241408,31745464,3007193088,3116339200
findling-rss 1791124941,2144034816,804274176,31733312,2986471424,3116339200
findling-rss 1791124943,2164592640,804274176,31735496,3007012864,3116339200
findling-rss 1791124945,2168168448,804270080,31758072,3010486272,3116339200
findling-rss 1791124947,2144055296,804302848,31750128,2986422272,3116339200
findling-rss 1791124949,2164551680,804302848,31752736,3007262720,3116339200
findling-rss 1791124951,2146996224,804278272,31772888,2989338624,3116339200
findling-rss 1791124953,2163683328,804868096,31672192,3006640128,3116339200
findling-rss 1791124955,2081382400,804868096,31671688,2922610688,3116339200
findling-rss 1791124957,2174275584,804868096,31669488,3017478144,3116339200
findling-rss 1791124959,2174418944,804868096,31670168,3017334784,3116339200
findling-rss 1791124961,2144030720,804159488,31673304,2986258432,3116339200
findling-rss 1791124963,2167377920,804159488,31675080,3009445888,3116339200
findling-rss 1791124965,2163589120,804196352,31667080,3005784064,3116339200
findling-rss 1791124967,2163482624,804192256,31690760,3005870080,3116339200
findling-rss 1791124969,2016079872,803868672,31540608,2857041920,3116339200
findling-rss 1791124971,2164649984,805986304,31733840,3008782336,3116339200
findling-rss 1791124973,2173980672,805986304,31735080,3018051584,3116339200
findling-rss 1791124975,2154164224,805986304,31732344,2998210560,3116339200
findling-rss 1791124977,2174496768,805986304,31733472,3019034624,3116339200
findling-rss 1791124979,2175561728,805986304,31732072,3019595776,3116339200
findling-rss 1791124981,2175438848,805986304,31730008,3019239424,3116339200
findling-rss 1791124983,2120560640,805986304,31730632,2964361216,3116339200
findling-rss 1791124985,2177626112,805986304,31732312,3021893632,3116339200
findling-rss 1791124987,2163609600,804225024,31706872,3005960192,3116339200
findling-rss 1791124989,2145009664,804257792,31704176,2987515904,3116339200
findling-rss 1791124991,2165219328,804257792,31703536,3007414272,3116339200
findling-rss 1791124993,2165129216,804253696,31723528,3007488000,3116339200
findling-rss 1791124995,2164469760,804294656,31718416,3006787584,3116339200
findling-rss 1791124997,2069123072,804290560,31616136,2911199232,3116339200
findling-rss 1791124999,2165075968,804290560,31741672,3007557632,3116339200
findling-rss 1791125001,2164375552,804323328,31737464,3006537728,3116339200
findling-rss 1791125003,2101694464,804315136,31757072,2940686336,3116339200
findling-rss 1791125005,2168950784,804315136,31758528,3011461120,3116339200
findling-rss 1791125007,2164625408,804343808,31750768,3007291392,3116339200
findling-rss 1791125009,2118934528,804347904,31772864,2960982016,3116339200
findling-rss 1791125011,2164985856,804347904,31774488,3007377408,3116339200
findling-rss 1791125013,2164891648,804208640,31651592,3007098880,3116339200
findling-rss 1791125015,2145046528,804204544,31674864,2987122688,3116339200
findling-rss 1791125017,2069143552,804204544,31674168,2942640128,3116339200
findling-rss 1791125019,2165747712,804229120,31667944,3008020480,3116339200
findling-rss 1791125021,2164301824,804237312,31689064,3006545920,3116339200
findling-rss 1791125023,2056028160,804261888,31551776,2896891904,3116339200
findling-rss 1791125025,2208116736,804261888,31684600,3050360832,3116339200
findling-rss 1791125027,2165653504,804278272,31708432,3008135168,3116339200
findling-rss 1791125029,2069147648,804302848,31572944,2910978048,3116339200
findling-rss 1791125031,2165911552,804302848,31701768,3008147456,3116339200
findling-rss 1791125033,2164572160,804298752,31725432,3007102976,3116339200
findling-rss 1791125035,2118946816,804335616,31719392,2961289216,3116339200
findling-rss 1791125037,2168799232,804335616,31718024,3011133440,3116339200
findling-rss 1791125039,2166980608,804331520,31740352,3009413120,3116339200
findling-rss 1791125041,2192519168,804360192,31732008,3035029504,3116339200
findling-rss 1791125044,2168012800,804360192,31735160,3010232320,3116339200
findling-rss 1791125046,2166185984,804356096,31758280,3008172032,3116339200
findling-rss 1791125048,2162282496,804388864,31755184,3004923904,3116339200
findling-rss 1791125050,2069147648,804372480,31649848,2911473664,3116339200
findling-rss 1791125052,2170228736,804372480,31769984,3012833280,3116339200
findling-rss 1791125054,2164428800,804249600,31651624,3006676992,3116339200
findling-rss 1791125056,2097262592,804261888,31676448,2939330560,3116339200
findling-rss 1791125058,2171019264,804261888,31675192,3013345280,3116339200
findling-rss 1791125060,2215731200,804286464,31669904,3057905664,3116339200
findling-rss 1791125062,2078584832,804282368,31689000,2920501248,3116339200
findling-rss 1791125064,2165035008,804282368,31691952,3007090688,3116339200
findling-rss 1791125066,2166046720,804311040,31684720,3008331776,3116339200
findling-rss 1791125068,2136350720,804315136,31706424,2978865152,3116339200
findling-rss 1791125070,2165678080,804315136,31708336,3008045056,3116339200
findling-rss 1791125072,2165587968,804343808,31703536,3008196608,3116339200
findling-rss 1791125074,2145042432,804343808,31724624,2987286528,3116339200
findling-rss 1791125076,2219585536,804343808,31724712,3062038528,3116339200
findling-rss 1791125078,2164846592,804384768,31720056,3007434752,3116339200
findling-rss 1791125080,2145050624,804376576,31739928,2987765760,3116339200
findling-rss 1791125082,2169053184,804376576,31740072,3011670016,3116339200
findling-rss 1791125084,2165854208,804405248,31736528,3008385024,3116339200
findling-rss 1791125086,2146955264,804372480,31758800,2989641728,3116339200
findling-rss 1791125088,2051682304,804077568,31604512,2893107200,3116339200
findling-rss 1791125090,2165420032,804425728,31751400,3008282624,3116339200
findling-rss 1791125092,2164871168,804433920,31772152,3007635456,3116339200
findling-rss 1791125094,2017075200,862953472,33389328,2914652160,3116339200
findling-rss 1791125096,2166194176,804294656,31652584,3008266240,3116339200
findling-rss 1791125098,2164830208,804290560,31673368,3007197184,3116339200
findling-rss 1791125100,2050650112,804331520,31542648,2891501568,3116339200
findling-rss 1791125102,2147966976,804331520,31669440,2990059520,3116339200
findling-rss 1791125104,2164998144,804315136,31692968,3007188992,3116339200
findling-rss 1791125106,2095058944,804347904,31685240,2931376128,3116339200
findling-rss 1791125108,2165202944,804347904,31691952,3007942656,3116339200
findling-rss 1791125110,2165198848,808894464,31836376,3012038656,3116339200
findling-rss 1791125112,2154831872,808894464,31833280,3001815040,3116339200
findling-rss 1791125114,2179612672,808894464,31831408,3026849792,3116339200
findling-rss 1791125116,2174799872,808894464,31831832,3021950976,3116339200
findling-rss 1791125118,2175188992,808894464,31833336,3022430208,3116339200
findling-rss 1791125120,2157273088,808894464,31832088,3004313600,3116339200
findling-rss 1791125122,2161299456,808894464,31830456,3025956864,3116339200
findling-rss 1791125124,2177032192,808894464,31829776,3024068608,3116339200
findling-rss 1791125126,2177335296,808894464,31830048,3024412672,3116339200
findling-rss 1791125128,2157281280,808894464,31828952,3004473344,3116339200
findling-rss 1791125130,2177863680,808894464,31831952,3024961536,3116339200
findling-rss 1791125132,2180341760,808894464,31829912,3027693568,3116339200
findling-rss 1791125134,2179522560,808894464,31831272,3026796544,3116339200
findling-rss 1791125136,2112663552,808894464,31833808,2959613952,3116339200
findling-rss 1791125138,2182385664,808894464,31831840,3030011904,3116339200
findling-rss 1791125140,2181021696,808894464,31831272,3028180992,3116339200
findling-rss 1791125142,2179194880,808894464,31830176,3026378752,3116339200
findling-rss 1791125144,2044248064,808894464,31708664,2930438144,3116339200
findling-rss 1791125146,2126987264,808894464,31832224,2974048256,3116339200
findling-rss 1791125148,2164944896,804405248,31706448,3007717376,3116339200
findling-rss 1791125150,2108645376,804401152,31727296,2950844416,3116339200
findling-rss 1791125152,2167566336,804401152,31726048,3010170880,3116339200
findling-rss 1791125154,2164416512,804438016,31719328,3006922752,3116339200
findling-rss 1791125156,2145054720,804429824,31743800,2987683840,3116339200
findling-rss 1791125158,2165956608,804429824,31744800,3007799296,3116339200
findling-rss 1791125160,2164654080,804470784,31739440,3007336448,3116339200
findling-rss 1791125162,2160816128,804466688,31759080,3002392576,3116339200
findling-rss 1791125164,2017095680,804139008,31612872,2858270720,3116339200
findling-rss 1791125166,2165125120,804495360,31760288,3007987712,3116339200
findling-rss 1791125168,2163761152,804491264,31782168,3006349312,3116339200
findling-rss 1791125170,2069168128,865828864,33452968,2974461952,3116339200
findling-rss 1791125172,2213425152,804352000,31657056,3055742976,3116339200
findling-rss 1791125174,2169835520,805380096,31706512,3013263360,3116339200
findling-rss 1791125176,2128732160,805380096,31706496,2971987968,3116339200
findling-rss 1791125178,2176008192,805380096,31707064,3018805248,3116339200
findling-rss 1791125180,2175344640,805380096,31706496,3018866688,3116339200
findling-rss 1791125182,2174763008,805380096,31708128,3017854976,3116339200
findling-rss 1791125184,2069168128,804384768,31547144,2911027200,3116339200
findling-rss 1791125186,2165379072,804384768,31674096,3007561728,3116339200
findling-rss 1791125188,2179883008,804384768,31695832,3062067200,3116339200
findling-rss 1791125190,2109440000,804425728,31689960,2955288576,3116339200
findling-rss 1791125192,2165690368,804425728,31692096,3008086016,3116339200
findling-rss 1791125194,2165927936,804421632,31715080,3008294912,3116339200
findling-rss 1791125196,2145091584,804450304,31709144,2987700224,3116339200
findling-rss 1791125198,2169737216,804450304,31744808,3012444160,3116339200
findling-rss 1791125200,2164285440,804450304,31729736,3007283200,3116339200
findling-rss 1791125202,2147729408,804474880,31723744,2989142016,3116339200
findling-rss 1791125204,2088017920,804470784,31620448,2923995136,3116339200
findling-rss 1791125206,2164805632,804470784,31747824,3007504384,3116339200
findling-rss 1791125208,2164912128,804503552,31740448,3007500288,3116339200
findling-rss 1791125210,2090459136,804495360,31761200,2927460352,3116339200
findling-rss 1791125212,2164801536,804495360,31764152,3007553536,3116339200
findling-rss 1791125214,2165444608,804532224,31760784,3008016384,3116339200
findling-rss 1791125216,2145071104,804532224,31782048,2987896832,3116339200
findling-rss 1791125218,2164854784,804532224,31794640,3007746048,3116339200
findling-rss 1791125220,2171498496,804392960,31656672,3013566464,3116339200
findling-rss 1791125222,2145099776,804392960,31681216,2987540480,3116339200
findling-rss 1791125224,2170724352,804392960,31680936,3013378048,3116339200
findling-rss 1791125226,2165288960,804413440,31676536,3007746048,3116339200
findling-rss 1791125228,2145087488,804417536,31703096,2987380736,3116339200
findling-rss 1791125230,2017120256,804098048,31551576,2858618880,3116339200
findling-rss 1791125232,2165768192,804446208,31697104,3008323584,3116339200
findling-rss 1791125234,2164084736,804450304,31715144,3006857216,3116339200
findling-rss 1791125236,2069192704,804483072,31585152,2911199232,3116339200
findling-rss 1791125238,2210246656,804483072,31710248,3052957696,3116339200
findling-rss 1791125240,2165383168,804483072,31732544,3008270336,3116339200
findling-rss 1791125242,2078470144,804503552,31726504,2920198144,3116339200
findling-rss 1791125244,2165530624,804503552,31725632,3007803392,3116339200
findling-rss 1791125246,2166210560,804511744,31748344,3008622592,3116339200
findling-rss 1791125248,2136387584,804536320,31742432,2979057664,3116339200
findling-rss 1791125250,2165653504,804536320,31743488,3008270336,3116339200
findling-rss 1791125252,2165850112,804532224,31767432,3008585728,3116339200
findling-rss 1791125254,2198908928,804569088,31758568,3041906688,3116339200
findling-rss 1791125256,2169126912,804569088,31759928,3011731456,3116339200
findling-rss 1791125258,2166018048,804560896,31782120,3008839680,3116339200
findling-rss 1791125260,2162192384,804425728,31660104,3004452864,3116339200
findling-rss 1791125262,2017136640,804073472,31547288,2858295296,3116339200
findling-rss 1791125264,2165555200,804433920,31682472,3008024576,3116339200
findling-rss 1791125266,2165202944,804454400,31676256,3007811584,3116339200
findling-rss 1791125268,2069221376,804450304,31576656,2911555584,3116339200
findling-rss 1791125270,2165268480,804450304,31696824,3007868928,3116339200
findling-rss 1791125272,2165678080,804491264,31693520,3007774720,3116339200
findling-rss 1791125274,2096152576,804478976,31714088,2938613760,3116339200
findling-rss 1791125276,2165182464,804478976,31715392,3007918080,3116339200
findling-rss 1791125278,2165002240,804511744,31708016,3007827968,3116339200
findling-rss 1791125280,2143322112,804503552,31728024,2980220928,3116339200
findling-rss 1791125282,2164854784,804503552,31728472,3007528960,3116339200
findling-rss 1791125284,2165047296,804536320,31722456,3007799296,3116339200
findling-rss 1791125286,2160779264,804536320,31749736,3003604992,3116339200
findling-rss 1791125288,2064252928,804216832,31615904,2906116096,3116339200
findling-rss 1791125290,2228027392,804360192,31740288,3070681088,3123617792
findling-rss 1791125292,2145128448,804569088,31764112,2988138496,3123617792
findling-rss 1791125294,2017161216,804245504,31616904,2858610688,3123617792
findling-rss 1791125296,2167795712,804601856,31759048,3010695168,3123617792
findling-rss 1791125298,2164727808,805994496,31818144,3008815104,3123617792
findling-rss 1791125300,2079023104,805994496,31698960,2922852352,3123617792
findling-rss 1791125302,2175090688,805994496,31820616,3019337728,3123617792
findling-rss 1791125304,2215866368,805994496,31820072,3060289536,3123617792
findling-rss 1791125306,2169589760,805994496,31818984,3012603904,3123617792
findling-rss 1791125308,2080763904,805994496,31696784,2924339200,3123617792
findling-rss 1791125311,2176262144,805994496,31820496,3020627968,3123617792
findling-rss 1791125313,2164965376,804466688,31660288,3007492096,3123617792
findling-rss 1791125315,2118799360,804474880,31681776,2961276928,3123617792
findling-rss 1791125317,2147565568,804474880,31683120,2990067712,3123617792
findling-rss 1791125319,2165362688,804495360,31678208,3007434752,3123617792
findling-rss 1791125321,2151071744,804499456,31697432,2991505408,3123617792
findling-rss 1791125323,2165575680,804499456,31699424,3008319488,3123617792
findling-rss 1791125325,2167459840,804524032,31693528,3009916928,3123617792
findling-rss 1791125327,2164629504,804528128,31717824,3007635456,3123617792
findling-rss 1791125329,2017173504,804200448,31564176,2858409984,3123617792
findling-rss 1791125331,2165735424,804552704,31711552,3008147456,3123617792
findling-rss 1791125333,2164928512,804548608,31733768,3007791104,3123617792
findling-rss 1791125335,2059788288,805265408,31616352,2901921792,3123617792
findling-rss 1791125337,2221170688,805265408,31746168,3064909824,3123617792
findling-rss 1791125339,2174537728,805265408,31745760,3017887744,3123617792
findling-rss 1791125341,2154893312,805265408,31744672,2998484992,3123617792
findling-rss 1791125343,2174500864,805265408,31746464,3018010624,3123617792
findling-rss 1791125345,2165878784,804581376,31748248,3008811008,3123617792
findling-rss 1791125347,2145157120,804614144,31743224,2987778048,3123617792
findling-rss 1791125349,2169888768,804614144,31745000,3012599808,3123617792
findling-rss 1791125351,2168492032,804614144,31770104,3011190784,3123617792
findling-rss 1791125353,2157301760,807800832,31846776,3001856000,3123617792
findling-rss 1791125355,2079031296,807800832,31729896,2924404736,3123617792
findling-rss 1791125357,2174980096,807800832,31848728,3020705792,3123617792
findling-rss 1791125359,2181361664,807800832,31849408,3027193856,3123617792
findling-rss 1791125361,2155311104,807800832,31845864,3001327616,3123617792
findling-rss 1791125363,2175975424,807800832,31846976,3022147584,3123617792
findling-rss 1791125365,2176942080,807800832,31847704,3022790656,3123617792
findling-rss 1791125367,2177843200,807800832,31847656,3023953920,3123617792
findling-rss 1791125369,2157789184,807800832,31845592,3004153856,3123617792
findling-rss 1791125371,2178363392,807800832,31846960,3024261120,3123617792
findling-rss 1791125373,2178383872,807800832,31847368,3024281600,3123617792
findling-rss 1791125375,2177605632,807800832,31846976,3023724544,3123617792
findling-rss 1791125377,2110361600,807800832,31849296,2955939840,3123617792
findling-rss 1791125379,2178572288,807800832,31849776,3024797696,3123617792
findling-rss 1791125381,2165497856,804655104,31784224,3008151552,3123617792
findling-rss 1791125383,2145198080,804524032,31659792,2987651072,3123617792
findling-rss 1791125385,2219806720,804524032,31661160,3062538240,3123617792
findling-rss 1791125387,2164948992,804511744,31682560,3007729664,3123617792
findling-rss 1791125389,2145173504,807714816,31764296,2991001600,3123617792
findling-rss 1791125391,2165968896,807714816,31766768,3012104192,3123617792
findling-rss 1791125393,2175934464,807714816,31765680,3022049280,3123617792
findling-rss 1791125395,2174701568,807714816,31764552,3020480512,3123617792
findling-rss 1791125397,2155311104,807714816,31764456,3000979456,3123617792
findling-rss 1791125399,2177830912,807714816,31761496,3023466496,3123617792
findling-rss 1791125401,2177404928,807714816,31762584,3023286272,3123617792
findling-rss 1791125403,2178318336,807714816,31784528,3024248832,3123617792
findling-rss 1791125405,2120167424,807714816,31760584,2965065728,3123617792
findling-rss 1791125407,2184663040,807714816,31767176,3030761472,3123617792
findling-rss 1791125409,2179059712,807714816,31766656,3024490496,3123617792
findling-rss 1791125411,2176901120,807714816,31765680,3022426112,3123617792
findling-rss 1791125413,2083237888,807714816,31639568,2928427008,3123617792
findling-rss 1791125415,2125975552,807714816,31762040,2971660288,3123617792
findling-rss 1791125417,2165833728,804552704,31700080,3008565248,3123617792
findling-rss 1791125419,2119352320,804601856,31694912,2961969152,3123617792
findling-rss 1791125421,2165542912,804601856,31698304,3008106496,3123617792
findling-rss 1791125423,2166345728,804593664,31718624,3009249280,3123617792
findling-rss 1791125425,2145443840,804622336,31711672,2987692032,3123617792
findling-rss 1791125427,2165346304,804622336,31713584,3008339968,3123617792
findling-rss 1791125429,2164641792,804622336,31736816,3007369216,3123617792
findling-rss 1791125431,2165391360,804646912,31729488,3008016384,3123617792
findling-rss 1791125433,2069557248,804655104,31626520,2912141312,3123617792
findling-rss 1791125435,2171006976,804655104,31752672,3013865472,3123617792
findling-rss 1791125437,2034352128,809603072,31824456,2898964480,3123617792
findling-rss 1791125439,2133495808,809603072,31951472,2981199872,3123617792
findling-rss 1791125441,2165600256,809603072,31952848,3013558272,3123617792
findling-rss 1791125443,2154860544,809603072,31952416,3002793984,3123617792
findling-rss 1791125445,2175053824,809603072,31954872,3023077376,3123617792
findling-rss 1791125447,2175803392,809603072,31947936,3024195584,3123617792
findling-rss 1791125449,2175942656,809603072,31948080,3023523840,3123617792
findling-rss 1791125451,2116968448,809603072,31948408,2963968000,3123617792
findling-rss 1791125453,2176073728,809603072,31950520,3024113664,3123617792
findling-rss 1791125455,2176004096,809603072,31947528,3023781888,3123617792
findling-rss 1791125457,2175934464,809603072,31948480,3023646720,3123617792
findling-rss 1791125459,2089078784,809603072,31951616,2935857152,3123617792
findling-rss 1791125461,2177056768,809603072,31950112,3024654336,3123617792
findling-rss 1791125463,2178363392,809603072,31949432,3026186240,3123617792
findling-rss 1791125465,2173984768,809603072,31947248,3021873152,3123617792
findling-rss 1791125467,2082476032,809603072,31827912,2929725440,3123617792
findling-rss 1791125469,2178912256,809603072,31947544,3026763776,3123617792
findling-rss 1791125471,2124910592,809603072,31948888,2972602368,3123617792
findling-rss 1791125473,2105212928,809603072,31952936,2953166848,3123617792
findling-rss 1791125475,2029465600,809603072,31951304,2934272000,3123617792
findling-rss 1791125477,2168782848,809603072,31946216,3016568832,3123617792
findling-rss 1791125479,2164236288,804700160,31850224,3007463424,3123617792
findling-rss 1791125481,2078396416,804741120,31832552,2920656896,3123617792
findling-rss 1791125483,2164137984,804741120,31834400,3007102976,3123617792
findling-rss 1791125485,2163449856,804741120,31855184,3006504960,3123617792
findling-rss 1791125487,2143981568,804581376,31728016,2984751104,3123617792
findling-rss 1791125489,2167660544,804581376,31731016,3010338816,3123617792
findling-rss 1791125491,2163548160,804577280,31752640,3006300160,3123617792
findling-rss 1791125493,2143997952,804610048,31747776,2986594304,3123617792
findling-rss 1791125495,2016038912,804261888,31632728,2857930752,3123617792
findling-rss 1791125497,2163789824,804614144,31770120,3006484480,3123617792
findling-rss 1791125499,2163466240,804646912,31783032,3006312448,3123617792
findling-rss 1791125501,2079801344,804642816,31782352,2922500096,3123617792
findling-rss 1791125503,2163978240,804642816,31787792,3006795776,3123617792
findling-rss 1791125505,2163511296,804675584,31783248,3006210048,3123617792
findling-rss 1791125507,2143997952,804667392,31800912,2986557440,3123617792
findling-rss 1791125509,2168418304,804667392,31804064,3011493888,3123617792
findling-rss 1791125511,2163605504,804696064,31798072,3006693376,3123617792
findling-rss 1791125513,2144043008,804704256,31819504,2986823680,3123617792
findling-rss 1791125515,2164998144,804704256,31821904,3007668224,3123617792
findling-rss 1791125517,2163961856,804728832,31817024,3006701568,3123617792
findling-rss 1791125519,2163118080,804720640,31838808,3006238720,3123617792
findling-rss 1791125521,2016063488,804405248,31702560,2857811968,3123617792
findling-rss 1791125523,2163834880,804753408,31833064,3006496768,3123617792
findling-rss 1791125525,2164150272,804753408,31856296,3007062016,3123617792
findling-rss 1791125527,2097504256,866357248,33519344,2991865856,3123617792
findling-rss 1791125529,2164322304,804618240,31738080,3007217664,3123617792
findling-rss 1791125531,2164350976,804626432,31761008,3007356928,3123617792
findling-rss 1791125533,2068611072,804646912,31716176,2910580736,3123617792
findling-rss 1791125535,2164162560,804646912,31751240,3006701568,3123617792
findling-rss 1791125537,2170650624,804655104,31773952,3013595136,3123617792
findling-rss 1791125539,2108182528,804683776,31769152,2950561792,3123617792
findling-rss 1791125541,2163810304,804683776,31767104,3006353408,3123617792
findling-rss 1791125543,2164400128,808546304,31895320,3010998272,3123617792
findling-rss 1791125545,2169679872,808546304,31890928,3016404992,3123617792
findling-rss 1791125547,2078990336,808546304,31768192,2925232128,3123617792
findling-rss 1791125549,2180075520,808546304,31892856,3026903040,3123617792
findling-rss 1791125551,2176860160,808546304,31892992,3024031744,3123617792
findling-rss 1791125553,2155945984,808546304,31893680,3002695680,3123617792
findling-rss 1791125555,2176765952,808546304,31892856,3023679488,3123617792
findling-rss 1791125557,2176225280,808546304,31893536,3022741504,3123617792
findling-rss 1791125559,2123165696,808546304,31894488,2969853952,3123617792
findling-rss 1791125561,2103119872,808546304,31891352,2949574656,3123617792
findling-rss 1791125563,2123329536,808546304,31893536,2969956352,3123617792
findling-rss 1791125565,2168934400,808546304,31892040,3015987200,3123617792
findling-rss 1791125567,2176835584,808546304,31893400,3023900672,3123617792
findling-rss 1791125569,2149707776,808546304,31893400,2996649984,3123617792
findling-rss 1791125571,2178879488,808546304,31894512,3025670144,3123617792
findling-rss 1791125573,2178371584,808546304,31893672,3025117184,3123617792
findling-rss 1791125575,2144038912,804728832,31785704,2986987520,3123617792
findling-rss 1791125577,2148732928,804728832,31786384,3008794624,3123617792
findling-rss 1791125579,2164408320,804732928,31805680,3007639552,3123617792
findling-rss 1791125582,2153279488,804757504,31798480,2994888704,3123617792
findling-rss 1791125584,2016071680,804405248,31686112,2857791488,3123617792
findling-rss 1791125586,2163826688,804749312,31822448,3007078400,3123617792
findling-rss 1791125588,2163281920,804782080,31816560,3006287872,3123617792
findling-rss 1791125590,2050990080,805974016,31809888,2894491648,3123617792
findling-rss 1791125592,2148241408,805974016,31870016,2992455680,3123617792
findling-rss 1791125594,2164449280,804806656,31832744,3007705088,3123617792
findling-rss 1791125596,2083663872,804818944,31857832,2922672128,3123617792
findling-rss 1791125598,2164232192,804818944,31859816,3007348736,3123617792
findling-rss 1791125600,2164002816,804671488,31734568,3006722048,3123617792
findling-rss 1791125602,2117955584,804671488,31753968,2960535552,3123617792
findling-rss 1791125604,2164715520,804671488,31754944,3007606784,3123617792
findling-rss 1791125606,2164695040,804704256,31749472,3007254528,3123617792
findling-rss 1791125608,2199068672,804704256,31769664,3041779712,3123617792
findling-rss 1791125610,2165792768,804716544,31772224,3008638976,3123617792
findling-rss 1791125612,2163662848,804732928,31767936,3006660608,3123617792
findling-rss 1791125614,2144059392,804741120,31791272,2986725376,3123617792
findling-rss 1791125616,2016092160,804413440,31668024,2858487808,3123617792
findling-rss 1791125618,2164744192,804777984,31784008,3007832064,3123617792
findling-rss 1791125620,2163191808,804765696,31803752,3006124032,3123617792
findling-rss 1791125622,2027032576,804802560,31670408,2864857088,3123617792
findling-rss 1791125624,2216214528,804802560,31800984,3059380224,3123617792
findling-rss 1791125626,2163802112,804798464,31823696,3007217664,3123617792
findling-rss 1791125628,2068168704,804835328,31688744,2910691328,3123617792
findling-rss 1791125630,2164109312,804835328,31817728,3007328256,3123617792
findling-rss 1791125632,2164101120,804827136,31839160,3007098880,3123617792
findling-rss 1791125634,2105995264,804855808,31833096,2948648960,3123617792
findling-rss 1791125636,2164056064,804855808,31835088,3006894080,3123617792
findling-rss 1791125638,2164080640,804855808,31855320,3007193088,3123617792
findling-rss 1791125640,2144079872,804712448,31731872,2987048960,3123617792
findling-rss 1791125642,2217463808,804712448,31735008,3060277248,3123617792
findling-rss 1791125644,2168016896,804712448,31756744,3011125248,3123617792
findling-rss 1791125646,2144063488,804741120,31750872,2986967040,3123617792
findling-rss 1791125648,2167873536,804741120,31753576,3010666496,3123617792
findling-rss 1791125650,2164494336,804741120,31777216,3007242240,3123617792
findling-rss 1791125652,2161233920,804777984,31768776,3004215296,3123617792
findling-rss 1791125654,2068189184,804777984,31664888,2910650368,3123617792
findling-rss 1791125656,2163625984,804777984,31790632,3006574592,3123617792
findling-rss 1791125658,2220302336,804806656,31785008,3063492608,3123617792
findling-rss 1791125660,2096898048,804806656,31802224,2939928576,3123617792
findling-rss 1791125662,2170867712,804806656,31803408,3014168576,3123617792
findling-rss 1791125664,2163539968,812576768,32015480,3014627328,3123617792
findling-rss 1791125666,2127761408,812576768,32010424,2978684928,3123617792
findling-rss 1791125668,2173952000,812576768,32009648,3024764928,3123617792
findling-rss 1791125670,2175029248,812576768,32010432,3026202624,3123617792
findling-rss 1791125672,2174603264,812576768,32011576,3025694720,3123617792
findling-rss 1791125674,2105241600,812576768,32013872,2956066816,3123617792
findling-rss 1791125676,2174791680,812576768,32012336,3025702912,3123617792
findling-rss 1791125678,2176516096,812576768,32012880,3027800064,3123617792
findling-rss 1791125680,2175721472,812576768,32013576,3025891328,3123617792
findling-rss 1791125682,2081181696,812576768,31891224,2931814400,3123617792
findling-rss 1791125684,2179334144,812576768,32014920,3030355968,3123617792
findling-rss 1791125686,2177724416,812576768,32014944,3028733952,3123617792
findling-rss 1791125688,2104258560,812576768,32012744,2954993664,3123617792
findling-rss 1791125690,2124591104,812576768,32015896,2975399936,3123617792
findling-rss 1791125692,2124468224,812576768,32011520,2975191040,3123617792
findling-rss 1791125694,2169147392,812576768,32012896,3019902976,3123617792
findling-rss 1791125696,2158469120,812576768,32013080,3009368064,3123617792
findling-rss 1791125698,2179751936,812576768,32012440,3030405120,3123617792
findling-rss 1791125700,2180300800,812576768,32014544,3031457792,3123617792
findling-rss 1791125702,2180050944,812576768,32012192,3031105536,3123617792
findling-rss 1791125704,2150809600,812576768,32010168,3000324096,3123617792
findling-rss 1791125706,2179231744,812576768,32011960,3030278144,3123617792
findling-rss 1791125708,2127437824,812576768,32011280,2978398208,3123617792
findling-rss 1791125710,2126430208,812576768,32010872,2977357824,3123617792
findling-rss 1791125712,2104381440,812576768,32010232,2954969088,3123617792
findling-rss 1791125714,2172547072,812576768,32011008,3023638528,3123617792
findling-rss 1791125716,2181394432,812576768,32012608,3032195072,3123617792
findling-rss 1791125718,2181328896,812576768,32013968,3032313856,3123617792
findling-rss 1791125720,2087174144,812576768,31892992,2937540608,3123617792
findling-rss 1791125722,2185543680,812576768,32009512,3036237824,3123617792
findling-rss 1791125724,2184204288,812576768,32010872,3035176960,3123617792
findling-rss 1791125726,2144088064,804847616,31819520,2986680320,3123617792
findling-rss 1791125728,2164727808,804847616,31821720,3007729664,3123617792
findling-rss 1791125730,2164359168,804913152,31820424,3007336448,3123617792
findling-rss 1791125732,2154086400,804909056,31844360,2996051968,3123617792
findling-rss 1791125734,2016157696,804581376,31692752,2857881600,3123617792
findling-rss 1791125736,2164322304,804937728,31837280,3007193088,3123617792
findling-rss 1791125738,2163728384,804929536,31860424,3006865408,3123617792
findling-rss 1791125740,2016165888,866316288,33534760,2921926656,3123617792
findling-rss 1791125742,2164178944,804794368,31738024,3007074304,3123617792
findling-rss 1791125744,2164498432,804798464,31761504,3007508480,3123617792
findling-rss 1791125746,2079170560,804827136,31753240,2921787392,3123617792
findling-rss 1791125748,2163970048,804827136,31755632,3006877696,3123617792
findling-rss 1791125750,2147160064,805990400,31810336,2991181824,3123617792
findling-rss 1791125752,2096021504,804847616,31769712,2938761216,3123617792
findling-rss 1791125754,2164359168,804847616,31772648,3007098880,3123617792
findling-rss 1791125756,2165501952,804864000,31794016,3008151552,3123617792
findling-rss 1791125758,2135449600,804880384,31788232,2978390016,3123617792
findling-rss 1791125760,2163970048,804880384,31787144,3006955520,3123617792
findling-rss 1791125762,2165440512,804880384,31809848,3008364544,3123617792
findling-rss 1791125764,2144153600,805969920,31833928,2988486656,3123617792
findling-rss 1791125766,2146775040,805969920,31834552,3008020480,3123617792
findling-rss 1791125768,2228592640,805969920,31837712,3073028096,3123617792
findling-rss 1791125770,2175029248,805969920,31837032,3019091968,3123617792
findling-rss 1791125772,2156052480,805969920,31832840,3000070144,3123617792
findling-rss 1791125774,2176974848,805969920,31834208,3021504512,3123617792
findling-rss 1791125776,2164551680,804904960,31828944,3007582208,3123617792
findling-rss 1791125778,2144165888,808448000,31920848,2991104000,3123617792
findling-rss 1791125780,2068398080,808448000,31798496,2914365440,3123617792
findling-rss 1791125782,2173444096,808448000,31917840,3020345344,3123617792
findling-rss 1791125784,2174971904,808448000,31919416,3021910016,3123617792
findling-rss 1791125786,2156072960,808448000,31916752,3002298368,3123617792
findling-rss 1791125788,2182500352,808448000,31918656,3029352448,3123617792
findling-rss 1791125790,2180308992,808448000,31914880,3027300352,3123617792
findling-rss 1791125792,2176270336,808448000,31916120,3023097856,3123617792
findling-rss 1791125794,2117545984,808448000,31915624,2963787776,3123617792
findling-rss 1791125796,2176573440,808448000,31918576,3023147008,3123617792
findling-rss 1791125798,2176421888,808448000,31913352,3022819328,3123617792
findling-rss 1791125800,2176737280,808448000,31917896,3023589376,3123617792
findling-rss 1791125802,2092322816,808448000,31917936,2937245696,3123617792
findling-rss 1791125804,2178228224,808448000,31916920,3024826368,3123617792
findling-rss 1791125806,2178367488,808448000,31918008,3025092608,3123617792
findling-rss 1791125808,2144169984,804962304,31841344,2987413504,3123617792
findling-rss 1791125810,2016198656,804642816,31695560,2858135552,3123617792
findling-rss 1791125812,2163937280,804990976,31842448,3006910464,3123617792
findling-rss 1791125814,2163757056,804995072,31866336,3007012864,3123617792
findling-rss 1791125816,2016198656,866467840,33562488,2922479616,3123617792
findling-rss 1791125818,2164228096,804864000,31740016,3007209472,3123617792
findling-rss 1791125820,2164330496,804847616,31761352,3007074304,3123617792
findling-rss 1791125822,2079465472,804880384,31755000,2922319872,3123617792
findling-rss 1791125824,2166292480,804880384,31755864,3009482752,3123617792
findling-rss 1791125826,2165190656,804892672,31779992,3008495616,3123617792
findling-rss 1791125828,2118053888,804909056,31771464,2960867328,3123617792
findling-rss 1791125830,2217119744,804909056,31771880,3060207616,3123617792
findling-rss 1791125832,2165329920,804925440,31795832,3008380928,3123617792
findling-rss 1791125834,2144190464,804945920,31790040,2987233280,3123617792
findling-rss 1791125836,2166296576,804945920,31789344,3009380352,3123617792
findling-rss 1791125838,2163924992,804937728,31815856,3006906368,3123617792
findling-rss 1791125840,2163134464,804966400,31810424,3006304256,3123617792
findling-rss 1791125842,2069250048,804966400,31708192,2910973952,3123617792
findling-rss 1791125844,2164031488,804966400,31828504,3007078400,3123617792
findling-rss 1791125846,2164236288,805003264,31823144,3007037440,3123617792
findling-rss 1791125848,2118103040,805007360,31843760,2960986112,3123617792
findling-rss 1791125850,2164752384,805007360,31844992,3007975424,3123617792
findling-rss 1791125852,2146447360,804999168,31838336,2989318144,3123617792
findling-rss 1791125855,2146992128,805031936,31862816,2988863488,3123617792
findling-rss 1791125857,2016227328,819425280,32173504,2872578048,3123617792
findling-rss 1791125859,2163720192,804892672,31743648,3006664704,3123617792
findling-rss 1791125861,2146508800,804864000,31764400,2989113344,3123617792
findling-rss 1791125863,2069733376,804929536,31627456,2911952896,3123617792
findling-rss 1791125865,2219945984,804929536,31758784,3062956032,3123617792
findling-rss 1791125867,2163589120,804929536,31784584,3006509056,3123617792
findling-rss 1791125869,2118107136,804954112,31776280,2957991936,3123617792
findling-rss 1791125871,2164539392,804954112,31779656,3007623168,3123617792
findling-rss 1791125873,2168848384,804950016,31801760,3011764224,3123617792
findling-rss 1791125875,2144219136,804986880,31790064,2987077632,3123617792
findling-rss 1791125877,2169958400,804986880,31795408,3013238784,3123617792
findling-rss 1791125879,2164584448,804990976,31818552,3007631360,3123617792
findling-rss 1791125881,2193031168,805003264,31812112,3035992064,3123617792
findling-rss 1791125883,2163884032,805003264,31811360,3006631936,3123617792
findling-rss 1791125885,2164215808,805019648,31834496,3007275008,3123617792
findling-rss 1791125887,2163818496,805048320,31826864,3007438848,3123617792
findling-rss 1791125889,2068316160,805031936,31728232,2910953472,3123617792
findling-rss 1791125891,2166841344,805031936,31855624,3010076672,3123617792
findling-rss 1791125893,2146922496,805076992,31865928,2990039040,3123617792
findling-rss 1791125895,2145202176,805064704,31886160,2988634112,3123617792
findling-rss 1791125897,2165723136,805064704,31885624,3009257472,3123617792
findling-rss 1791125899,2068217856,804577280,31628280,2910584832,3123617792
findling-rss 1791125901,2017234944,804577280,31628688,2859593728,3123617792
findling-rss 1791125903,2017234944,804577280,31628008,2859732992,3123617792
findling-rss 1791125905,2017234944,804577280,31628688,2859401216,3123617792
findling-rss 1791125907,2017234944,804577280,31627328,2859372544,3123617792
findling-rss 1791125909,2017234944,804577280,31626784,2859024384,3123617792
findling-rss 1791125911,2017234944,804577280,31627600,2859319296,3123617792
findling-rss 1791125913,2017234944,804577280,31628280,2859454464,3123617792
findling-rss 1791125915,2017234944,804577280,31629368,2859184128,3123617792
findling-rss 1791125917,2017234944,804577280,31628280,2859335680,3123617792
findling-rss 1791125919,2017234944,804577280,31628688,2859040768,3123617792
findling-rss 1791125921,2017234944,804577280,31627736,2859315200,3123617792
findling-rss 1791125923,2017234944,804577280,31629096,2859450368,3123617792
findling-rss 1791125925,2017234944,804577280,31625592,2859220992,3123617792
findling-rss 1791125927,2017234944,804577280,31626952,2859298816,3123617792
findling-rss 1791125929,2017234944,804577280,31623040,2859225088,3123617792
findling-rss 1791125931,2017234944,804577280,31626680,2859298816,3123617792
findling-rss 1791125933,2017234944,804577280,31626136,2859429888,3123617792
findling-rss 1791125935,2017234944,804577280,31627496,2859249664,3123617792
findling-rss 1791125937,2017234944,804577280,31627224,2859741184,3123617792
findling-rss 1791125939,2017234944,804577280,31626040,2859192320,3123617792
findling-rss 1791125941,2017234944,804577280,31623992,2859380736,3123617792
findling-rss 1791125943,2017234944,804577280,31625184,2859167744,3123617792
findling-rss 1791125945,2017234944,804577280,31625864,2859106304,3123617792
findling-rss 1791125947,2017234944,804577280,31626680,2859188224,3123617792
findling-rss 1791125949,2017234944,804577280,31626680,2859204608,3123617792
findling-rss 1791125951,2017234944,804577280,31626680,2859225088,3123617792
findling-rss 1791125953,2017234944,804577280,31627224,2859335680,3123617792
findling-rss 1791125955,2017234944,804577280,31626000,2859274240,3123617792
findling-rss 1791125957,2017234944,804577280,31627360,2859474944,3123617792
findling-rss 1791125959,2017234944,804577280,31625592,2859282432,3123617792
findling-rss 1791125961,2017234944,804577280,31630184,2859241472,3123617792
findling-rss 1791125963,2017234944,804577280,31629232,2859458560,3123617792
findling-rss 1791125965,2018611200,804577280,31630168,2860572672,3123617792
findling-rss 1791125967,2017234944,804577280,31625456,2859151360,3123617792
findling-rss 1791125969,2017234944,804577280,31625456,2859163648,3123617792
findling-rss 1791125971,2017234944,804577280,31625048,2859442176,3123617792
findling-rss 1791125973,2017234944,804577280,31625728,2859573248,3123617792
findling-rss 1791125975,2017234944,804577280,31626952,2858967040,3123617792
findling-rss 1791125977,2017234944,804577280,31625320,2859196416,3123617792
findling-rss 1791125979,2017234944,804577280,31626000,2859507712,3123617792
findling-rss 1791125981,2017234944,804577280,31624912,2859155456,3123617792
findling-rss 1791125983,2017234944,804577280,31626272,2859241472,3123617792
findling-rss 1791125985,2017234944,804577280,31626000,2859462656,3123617792
findling-rss 1791125987,2017234944,804577280,31626680,2859433984,3123617792
findling-rss 1791125989,2017234944,804577280,31627224,2859630592,3123617792
findling-rss 1791125991,2017234944,804577280,31623992,2859429888,3123617792
findling-rss 1791125993,2017234944,804577280,31623720,2859507712,3123617792
findling-rss 1791125995,2017234944,804577280,31623992,2859343872,3123617792
findling-rss 1791125997,2017234944,804577280,31622496,2858909696,3123617792
findling-rss 1791125999,2017234944,804577280,31623176,2859032576,3123617792
findling-rss 1791126001,2017234944,804577280,31622088,2859433984,3123617792
findling-rss 1791126003,2017234944,804577280,31625592,2859237376,3123617792
findling-rss 1791126005,2017234944,804577280,31624912,2859700224,3123617792
findling-rss 1791126007,2017234944,804577280,31625184,2859286528,3123617792
findling-rss 1791126009,2017234944,804577280,31628552,2859442176,3123617792
findling-rss 1791126011,2017234944,804577280,31629232,2859663360,3123617792
findling-rss 1791126013,2017234944,804577280,31625728,2859372544,3123617792
findling-rss 1791126015,2017234944,804577280,31627088,2859065344,3123617792
findling-rss 1791126017,2017234944,804577280,31628448,2859458560,3123617792
findling-rss 1791126019,2017234944,804577280,31626136,2859413504,3123617792
findling-rss 1791126021,2017234944,804577280,31624776,2859569152,3123617792
findling-rss 1791126023,2017234944,804577280,31626136,2859134976,3123617792
findling-rss 1791126025,2017234944,804577280,31627496,2858991616,3123617792
findling-rss 1791126027,2017234944,804577280,31625184,2859446272,3123617792
findling-rss 1791126029,2017234944,804577280,31625184,2859450368,3123617792
findling-rss 1791126031,2017234944,804577280,31626000,2859364352,3123617792
findling-rss 1791126033,2017234944,804577280,31624912,2859372544,3123617792
findling-rss 1791126035,2017234944,804577280,31626000,2859180032,3123617792
findling-rss 1791126037,2017234944,804577280,31627088,2859417600,3123617792
findling-rss 1791126039,2017234944,804577280,31628448,2859417600,3123617792
findling-rss 1791126041,2017234944,804577280,31629808,2859245568,3123617792
findling-rss 1791126043,2017234944,804577280,31626408,2859229184,3123617792
findling-rss 1791126045,2017234944,804577280,31623856,2859581440,3123617792
findling-rss 1791126047,2017234944,804577280,31625216,2859212800,3123617792
findling-rss 1791126049,2018664448,804577280,31625808,2860748800,3123617792
findling-rss 1791126051,2017234944,804577280,31623176,2858967040,3123617792
findling-rss 1791126053,2017234944,804577280,31624536,2859147264,3123617792
findling-rss 1791126055,2017234944,804577280,31624264,2859094016,3123617792
findling-rss 1791126057,2017234944,804577280,31622360,2859163648,3123617792
findling-rss 1791126059,2017234944,804577280,31621816,2859175936,3123617792
findling-rss 1791126061,2017234944,804577280,31622904,2859315200,3123617792
findling-rss 1791126063,2017234944,804577280,31624264,2859450368,3123617792
findling-rss 1791126065,2017234944,804577280,31625624,2859233280,3123617792
findling-rss 1791126067,2017234944,804577280,31622904,2859270144,3123617792
findling-rss 1791126069,2017234944,804577280,31623176,2859425792,3123617792
findling-rss 1791126071,2017234944,804577280,31623856,2859241472,3123617792
findling-rss 1791126073,2017234944,804577280,31623720,2859106304,3123617792
findling-rss 1791126075,2017234944,804577280,31624472,2859585536,3123617792
findling-rss 1791126077,2017234944,804577280,31622768,2859085824,3123617792
findling-rss 1791126079,2017234944,804577280,31624128,2859794432,3123617792
findling-rss 1791126081,2017234944,804577280,31622768,2858979328,3123617792
findling-rss 1791126083,2017234944,804577280,31626408,2859511808,3123617792
findling-rss 1791126085,2017234944,804577280,31626544,2859515904,3123617792
findling-rss 1791126087,2017234944,804577280,31622768,2858975232,3123617792
findling-rss 1791126089,2017234944,804577280,31621544,2859503616,3123617792
findling-rss 1791126091,2017234944,804577280,31622224,2859216896,3123617792
findling-rss 1791126093,2017234944,804577280,31622904,2859102208,3123617792
findling-rss 1791126095,2017234944,804577280,31623584,2859692032,3123617792
findling-rss 1791126097,2017234944,804577280,31623856,2859630592,3123617792
findling-rss 1791126099,2017234944,804577280,31622088,2859634688,3123617792
findling-rss 1791126101,2017234944,804577280,31623448,2859507712,3123617792
findling-rss 1791126103,2017234944,804577280,31624400,2859491328,3123617792
findling-rss 1791126105,2017234944,804577280,31623720,2859524096,3123617792
findling-rss 1791126107,2017234944,804577280,31625080,2859216896,3123617792
findling-rss 1791126109,2017234944,804577280,31624128,2859175936,3123617792
findling-rss 1791126111,2017234944,804577280,31625488,2859462656,3123617792
findling-rss 1791126113,2017234944,804577280,31621272,2859057152,3123617792
findling-rss 1791126115,2017234944,804577280,31622360,2859585536,3123617792
findling-rss 1791126117,2017234944,804577280,31623176,2859700224,3123617792
findling-rss 1791126119,2017234944,804577280,31623176,2859229184,3123617792
findling-rss 1791126121,2017234944,804577280,31624536,2859425792,3123617792
findling-rss 1791126123,2017234944,804577280,31626544,2859536384,3123617792
findling-rss 1791126125,2017234944,804577280,31626136,2859212800,3123617792
findling-rss 1791126127,2017234944,804577280,31627496,2859524096,3123617792
findling-rss 1791126130,2017234944,804577280,31628688,2859577344,3123617792
findling-rss 1791126132,2017234944,804577280,31630048,2859438080,3123617792
findling-rss 1791126134,2017234944,804577280,31625456,2859515904,3123617792
findling-rss 1791126136,2017234944,804577280,31626000,2859118592,3123617792
findling-rss 1791126138,2017234944,804577280,31625592,2859192320,3123617792
findling-rss 1791126140,2017234944,804577280,31625728,2859290624,3123617792
findling-rss 1791126142,2017234944,804577280,31627088,2858930176,3123617792
findling-rss 1791126144,2017234944,804577280,31625728,2859347968,3123617792
findling-rss 1791126146,2017234944,804577280,31627328,2859384832,3123617792
findling-rss 1791126148,2017234944,804577280,31625320,2859446272,3123617792
findling-rss 1791126150,2017234944,804577280,31625456,2859315200,3123617792
findling-rss 1791126152,2017234944,804577280,31626816,2859094016,3123617792
findling-rss 1791126154,2017234944,804577280,31640536,2859249664,3123617792
findling-rss 1791126156,2017234944,804577280,31624640,2859184128,3123617792
findling-rss 1791126158,2017234944,804577280,31626000,2859458560,3123617792
findling-rss 1791126160,2017234944,804577280,31624640,2859212800,3123617792
findling-rss 1791126162,2017234944,804577280,31625456,2859503616,3123617792
findling-rss 1791126164,2017234944,804577280,31625456,2859167744,3123617792
findling-rss 1791126166,2017234944,804577280,31627088,2859229184,3123617792
findling-rss 1791126168,2017234944,804577280,31626544,2859417600,3123617792
findling-rss 1791126170,2017234944,804577280,31627088,2859433984,3123617792
findling-rss 1791126172,2017234944,804577280,31625320,2859212800,3123617792
findling-rss 1791126174,2017234944,804577280,31626680,2859618304,3123617792
findling-rss 1791126176,2017234944,804577280,31627360,2859421696,3123617792
findling-rss 1791126178,2017234944,804577280,31627496,2859069440,3123617792
findling-rss 1791126180,2017234944,804577280,31624776,2859507712,3123617792
findling-rss 1791126182,2017234944,804577280,31626136,2859634688,3123617792
findling-rss 1791126184,2017234944,804577280,31626000,2859294720,3123617792
findling-rss 1791126186,2017234944,804577280,31625320,2859425792,3123617792
findling-rss 1791126188,2017234944,804577280,31626680,2859307008,3123617792
findling-rss 1791126190,2017234944,804577280,31625456,2859261952,3123617792
findling-rss 1791126192,2017234944,804577280,31626408,2859532288,3123617792
findling-rss 1791126194,2017234944,804577280,31626816,2859753472,3123617792
findling-rss 1791126196,2018914304,804577280,31661456,2860646400,3123617792
findling-rss 1791126198,2017234944,804577280,31625768,2859257856,3123617792
findling-rss 1791126200,2017234944,804577280,31625904,2859319296,3123617792
findling-rss 1791126202,2017234944,804577280,31624952,2859819008,3123617792
findling-rss summary samples=4529 max_anon=2278068224 peak=3123617792 events=[low=0 high=0 max=0 oom=0 oom_kill=0 oom_group_kill=0 sock_throttled=0] oom_killed=false
