findling-rss timestamp,anon,file,slab,current,peak
findling-rss 1791045445,134692864,62963712,7238816,207060992,2506248192
findling-rss 1791045447,134692864,63725568,7274552,208691200,2506248192
findling-rss 1791045449,134692864,63725568,7274552,209862656,2506248192
findling-rss 1791045451,134692864,63725568,7275200,209940480,2506248192
findling-rss 1791045453,134692864,63725568,7272272,208728064,2506248192
findling-rss 1791045455,134692864,63725568,7273632,208879616,2506248192
findling-rss 1791045457,135217152,63733760,7281760,209866752,2506248192
findling-rss 1791045459,135217152,63733760,7279144,208998400,2506248192
findling-rss 1791045461,135217152,63733760,7280504,209653760,2506248192
findling-rss 1791045463,135217152,63733760,7280944,209113088,2506248192
findling-rss 1791045465,135217152,63733760,7277408,209534976,2506248192
findling-rss 1791045467,135217152,63733760,7280472,210333696,2506248192
findling-rss 1791045469,135217152,63733760,7278328,209969152,2506248192
findling-rss 1791045471,135217152,63733760,7276080,210567168,2506248192
findling-rss 1791045473,137043968,63733760,7280400,211714048,2506248192
findling-rss 1791045475,137043968,63733760,7279584,211513344,2506248192
findling-rss 1791045477,137043968,63733760,7279960,211705856,2506248192
findling-rss 1791045479,137043968,63733760,7279984,212209664,2506248192
findling-rss 1791045481,137043968,63733760,7279552,211562496,2506248192
findling-rss 1791045483,137043968,63733760,7278872,211611648,2506248192
findling-rss 1791045485,137043968,63733760,7279448,210726912,2506248192
findling-rss 1791045487,137043968,63733760,7278976,211800064,2506248192
findling-rss 1791045489,137043968,63733760,7280336,212127744,2506248192
findling-rss 1791045491,139022336,63733760,7278224,213323776,2506248192
findling-rss 1791045493,139022336,63733760,7278224,213155840,2506248192
findling-rss 1791045495,139022336,63733760,7279584,213336064,2506248192
findling-rss 1791045497,139022336,63733760,7278224,212987904,2506248192
findling-rss 1791045499,139022336,63733760,7280064,213413888,2506248192
findling-rss 1791045501,139022336,63733760,7280528,213336064,2506248192
findling-rss 1791045503,139022336,63733760,7280944,213377024,2506248192
findling-rss 1791045505,139022336,63733760,7280672,213856256,2506248192
findling-rss 1791045507,139022336,63733760,7278736,213327872,2506248192
findling-rss 1791045509,139022336,63733760,7280336,213635072,2506248192
findling-rss 1791045511,139022336,63733760,7282920,213495808,2506248192
findling-rss 1791045513,139022336,63733760,7281080,213307392,2506248192
findling-rss 1791045515,139022336,63733760,7282440,213078016,2506248192
findling-rss 1791045517,139022336,63733760,7282408,213000192,2506248192
findling-rss 1791045519,139022336,63733760,7283528,213450752,2506248192
findling-rss 1791045521,139022336,63733760,7282936,213082112,2506248192
findling-rss 1791045523,139022336,63733760,7284232,213692416,2506248192
findling-rss 1791045525,139022336,63733760,7278480,213565440,2506248192
findling-rss 1791045527,139022336,63733760,7276680,213454848,2506248192
findling-rss 1791045529,139022336,63733760,7279552,213798912,2506248192
findling-rss 1791045531,139022336,63733760,7278856,213712896,2506248192
findling-rss 1791045533,139374592,63733760,7281232,213999616,2506248192
findling-rss 1791045535,139374592,63733760,7288768,213680128,2506248192
findling-rss 1791045537,139374592,63733760,7275488,213884928,2506248192
findling-rss 1791045539,139374592,63733760,7276608,213499904,2506248192
findling-rss 1791045541,139374592,63733760,7277392,213676032,2506248192
findling-rss 1791045543,139374592,63733760,7276880,213094400,2506248192
findling-rss 1791045545,139374592,63733760,7277560,213733376,2506248192
findling-rss 1791045547,139374592,63733760,7274664,213663744,2506248192
findling-rss 1791045549,139374592,63733760,7275760,214130688,2506248192
findling-rss 1791045551,139698176,63733760,7277800,214523904,2506248192
findling-rss 1791045553,139698176,63733760,7279160,213983232,2506248192
findling-rss 1791045555,139698176,63733760,7279400,214593536,2506248192
findling-rss 1791045557,139698176,63733760,7279880,213757952,2506248192
findling-rss 1791045559,139698176,63733760,7280560,214130688,2506248192
findling-rss 1791045561,139698176,63733760,7281200,214142976,2506248192
findling-rss 1791045564,139698176,63733760,7279672,214200320,2506248192
findling-rss 1791045566,139698176,63733760,7280792,214159360,2506248192
findling-rss 1791045568,139698176,63733760,7283576,214450176,2506248192
findling-rss 1791045570,139698176,63733760,7283992,214376448,2506248192
findling-rss 1791045572,139698176,63733760,7282912,214278144,2506248192
findling-rss 1791045574,139698176,63733760,7278856,213684224,2506248192
findling-rss 1791045576,139698176,63733760,7276984,213602304,2506248192
findling-rss 1791045578,139698176,63733760,7278824,214097920,2506248192
findling-rss 1791045580,139698176,63733760,7282240,214667264,2506248192
findling-rss 1791045582,139698176,63733760,7290808,213794816,2506248192
findling-rss 1791045584,139698176,63733760,7282248,213987328,2506248192
findling-rss 1791045586,139698176,63733760,7279432,213397504,2506248192
findling-rss 1791045588,139698176,63733760,7279432,214147072,2506248192
findling-rss 1791045590,139698176,63733760,7276816,214220800,2506248192
findling-rss 1791045592,139698176,63733760,7277936,214200320,2506248192
findling-rss 1791045594,139698176,63733760,7280288,213405696,2506248192
findling-rss 1791045596,139698176,63733760,7278240,213684224,2506248192
findling-rss 1791045598,139698176,63733760,7278312,213876736,2506248192
findling-rss 1791045600,139698176,63733760,7276952,213860352,2506248192
findling-rss 1791045602,139698176,63733760,7276784,213946368,2506248192
findling-rss 1791045604,139698176,63733760,7273848,214114304,2506248192
findling-rss 1791045606,139698176,63733760,7271304,214171648,2506248192
findling-rss 1791045608,139698176,63733760,7269944,213688320,2506248192
findling-rss 1791045610,139698176,63733760,7271304,213323776,2506248192
findling-rss 1791045612,139698176,63733760,7272664,213970944,2506248192
findling-rss 1791045614,139698176,63733760,7274024,213733376,2506248192
findling-rss 1791045616,139698176,63733760,7274024,213622784,2506248192
findling-rss 1791045618,139698176,63733760,7275864,214032384,2506248192
findling-rss 1791045620,139698176,63733760,7276984,214265856,2506248192
findling-rss 1791045622,139698176,63733760,7278824,214319104,2506248192
findling-rss 1791045624,139698176,63733760,7277464,213966848,2506248192
findling-rss 1791045626,139698176,63733760,7275560,214110208,2506248192
findling-rss 1791045628,139698176,63733760,7316944,215101440,2506248192
findling-rss 1791045630,139698176,63733760,7273208,214147072,2506248192
findling-rss 1791045632,139698176,63733760,7275552,214233088,2506248192
findling-rss 1791045634,139698176,63733760,7273888,213479424,2506248192
findling-rss 1791045636,139698176,63733760,7274160,213876736,2506248192
findling-rss 1791045638,139698176,63733760,7275520,213999616,2506248192
findling-rss 1791045640,139698176,63733760,7276880,213950464,2506248192
findling-rss 1791045642,139698176,63733760,7278504,214335488,2506248192
findling-rss 1791045644,139698176,63733760,7280536,214552576,2506248192
findling-rss 1791045646,139698176,63733760,7275792,214450176,2506248192
findling-rss 1791045648,139698176,63733760,7276712,214179840,2506248192
findling-rss 1791045650,139698176,63733760,7278176,213893120,2506248192
findling-rss 1791045652,139698176,63733760,7277392,213524480,2506248192
findling-rss 1791045654,139698176,63733760,7276200,214683648,2506248192
findling-rss 1791045656,139698176,63733760,7271576,214913024,2506248192
findling-rss 1791045658,139698176,63733760,7273416,214609920,2506248192
findling-rss 1791045660,139698176,63733760,7273440,214368256,2506248192
findling-rss 1791045662,139698176,63733760,7275040,214364160,2506248192
findling-rss 1791045664,139698176,63733760,7275656,213471232,2506248192
findling-rss 1791045666,139698176,63733760,7275112,213684224,2506248192
findling-rss 1791045668,139702272,63733760,7274608,213606400,2506248192
findling-rss 1791045670,139702272,63733760,7275728,214269952,2506248192
findling-rss 1791045672,139747328,63733760,7277296,213925888,2506248192
findling-rss 1791045674,140861440,63733760,7277896,214339584,2506248192
findling-rss 1791045676,139747328,63733760,7277936,214413312,2506248192
findling-rss 1791045678,139747328,63733760,7279800,214319104,2506248192
findling-rss 1791045680,139747328,63733760,7281136,213860352,2506248192
findling-rss 1791045682,139755520,63733760,7281544,213000192,2506248192
findling-rss 1791045684,139759616,63733760,7281544,213925888,2506248192
findling-rss 1791045686,139780096,63733760,7278720,213504000,2506248192
findling-rss 1791045688,139780096,63733760,7282632,214441984,2506248192
findling-rss 1791045690,139780096,63733760,7282192,214650880,2506248192
findling-rss 1791045692,139780096,63733760,7279128,214278144,2506248192
findling-rss 1791045694,139780096,63733760,7276480,214028288,2506248192
findling-rss 1791045696,139780096,63733760,7287952,214958080,2506248192
findling-rss 1791045698,139780096,63733760,7277840,214056960,2506248192
findling-rss 1791045700,139780096,63733760,7278960,214081536,2506248192
findling-rss 1791045702,139780096,63733760,7279840,213413888,2506248192
findling-rss 1791045704,139780096,63733760,7276848,214851584,2506248192
findling-rss 1791045706,139780096,63733760,7275488,214462464,2506248192
findling-rss 1791045708,139780096,63733760,7276848,213860352,2506248192
findling-rss 1791045710,139780096,63733760,7277192,214278144,2506248192
findling-rss 1791045712,139780096,63733760,7276848,212213760,2506248192
findling-rss 1791045714,139780096,63733760,7278984,214372352,2506248192
findling-rss 1791045716,139780096,63733760,7279840,214159360,2506248192
findling-rss 1791045718,139780096,63733760,7281440,214405120,2506248192
findling-rss 1791045720,139780096,63733760,7280112,214011904,2506248192
findling-rss 1791045722,139780096,63733760,7277496,214384640,2506248192
findling-rss 1791045724,139780096,63733760,7277120,214061056,2506248192
findling-rss 1791045726,139780096,63733760,7277256,214163456,2506248192
findling-rss 1791045728,140394496,63741952,7277336,215097344,2506248192
findling-rss 1791045730,140398592,63746048,7278808,214925312,2506248192
findling-rss 1791045732,142426112,63746048,7279960,216379392,2506248192
findling-rss 1791045734,142450688,63746048,7278400,216432640,2506248192
findling-rss 1791045736,142458880,63746048,7277248,216268800,2506248192
findling-rss 1791045738,142458880,63746048,7278608,216752128,2506248192
findling-rss 1791045740,142458880,63746048,7279992,217378816,2506248192
findling-rss 1791045742,142458880,63746048,7326120,218361856,2506248192
findling-rss 1791045744,142458880,63746048,7281832,216530944,2506248192
findling-rss 1791045746,142458880,63746048,7282208,216834048,2506248192
findling-rss 1791045748,142458880,63746048,7283328,216735744,2506248192
findling-rss 1791045750,142458880,63746048,7282584,216657920,2506248192
findling-rss 1791045752,142458880,63746048,7284184,216293376,2506248192
findling-rss 1791045754,142458880,63746048,7278944,217595904,2506248192
findling-rss 1791045756,142458880,63746048,7279624,217059328,2506248192
findling-rss 1791045758,142458880,63746048,7280648,217317376,2506248192
findling-rss 1791045760,142458880,63746048,7282248,216862720,2506248192
findling-rss 1791045762,142458880,63746048,7283368,217026560,2506248192
findling-rss 1791045764,142458880,63746048,7284112,217104384,2506248192
findling-rss 1791045766,142458880,63746048,7282888,216514560,2506248192
findling-rss 1791045768,142458880,63746048,7284488,217300992,2506248192
findling-rss 1791045770,142458880,63746048,7286312,217350144,2506248192
findling-rss 1791045772,142458880,63746048,7283568,217255936,2506248192
findling-rss 1791045774,142458880,63746048,7282040,216788992,2506248192
findling-rss 1791045776,142458880,63746048,7278840,216838144,2506248192
findling-rss 1791045778,142458880,63746048,7280680,217223168,2506248192
findling-rss 1791045780,142458880,63746048,7280064,216330240,2506248192
findling-rss 1791045782,142458880,63746048,7278776,216788992,2506248192
findling-rss 1791045784,142458880,63746048,7275808,216350720,2506248192
findling-rss 1791045786,142458880,63746048,7276224,217223168,2506248192
findling-rss 1791045788,142458880,63746048,7277408,216567808,2506248192
findling-rss 1791045790,142458880,63746048,7278128,216870912,2506248192
findling-rss 1791045792,142458880,63746048,7277344,216473600,2506248192
findling-rss 1791045794,142458880,63746048,7276464,216895488,2506248192
findling-rss 1791045796,142458880,63746048,7273536,216276992,2506248192
findling-rss 1791045798,142458880,63746048,7275136,217116672,2506248192
findling-rss 1791045800,142458880,63746048,7276864,217063424,2506248192
findling-rss 1791045802,142458880,63746048,7277344,217182208,2506248192
findling-rss 1791045804,142458880,63746048,7278232,216489984,2506248192
findling-rss 1791045806,142458880,63746048,7279352,216866816,2506248192
findling-rss 1791045808,142471168,63746048,7284648,217493504,2506248192
findling-rss 1791045810,142471168,63746048,7327840,217411584,2506248192
findling-rss 1791045812,142471168,63746048,7281928,217296896,2506248192
findling-rss 1791045814,142471168,63746048,7277344,216752128,2506248192
findling-rss 1791045816,142471168,63746048,7276528,216940544,2506248192
findling-rss 1791045818,142471168,63746048,7277448,217128960,2506248192
findling-rss 1791045820,142471168,63746048,7278024,216858624,2506248192
findling-rss 1791045822,142471168,63746048,7280104,216813568,2506248192
findling-rss 1791045824,142471168,63746048,7280200,216997888,2506248192
findling-rss 1791045826,142471168,63746048,7277616,216887296,2506248192
findling-rss 1791045828,142471168,63746048,7276392,216711168,2506248192
findling-rss 1791045830,142471168,63746048,7278232,216817664,2506248192
findling-rss 1791045832,142471168,63746048,7278872,217014272,2506248192
findling-rss 1791045834,142471168,63746048,7278840,215187456,2506248192
findling-rss 1791045836,142471168,63746048,7280200,216903680,2506248192
findling-rss 1791045838,142471168,63746048,7276976,216780800,2506248192
findling-rss 1791045840,142471168,63746048,7278096,216678400,2506248192
findling-rss 1791045843,142471168,63746048,7278944,216862720,2506248192
findling-rss 1791045845,142471168,63746048,7277208,215957504,2506248192
findling-rss 1791045847,142471168,63746048,7278568,216895488,2506248192
findling-rss 1791045849,142471168,63746048,7280168,216948736,2506248192
findling-rss 1791045851,142471168,63746048,7281112,217010176,2506248192
findling-rss 1791045853,142471168,63746048,7282208,217223168,2506248192
findling-rss 1791045855,142471168,63746048,7282952,217538560,2506248192
findling-rss 1791045857,142483456,63746048,7291984,216436736,2506248192
findling-rss 1791045859,142483456,63746048,7279384,216965120,2506248192
findling-rss 1791045861,142483456,63746048,7280984,216948736,2506248192
findling-rss 1791045863,142483456,63746048,7283168,216584192,2506248192
findling-rss 1791045865,142483456,63746048,7282208,216338432,2506248192
findling-rss 1791045867,142483456,63746048,7279928,216645632,2506248192
findling-rss 1791045869,142483456,63746048,7279248,216256512,2506248192
findling-rss 1791045871,142483456,63746048,7279072,216530944,2506248192
findling-rss 1791045873,142483456,63746048,7280672,216399872,2506248192
findling-rss 1791045875,142483456,63746048,7280776,216891392,2506248192
findling-rss 1791045877,142483456,63746048,7279112,216891392,2506248192
findling-rss 1791045879,142483456,63746048,7281016,216707072,2506248192
findling-rss 1791045881,142483456,63746048,7280712,216592384,2506248192
findling-rss 1791045883,142483456,63746048,7280032,216862720,2506248192
findling-rss 1791045885,142483456,63746048,7280840,216449024,2506248192
findling-rss 1791045887,142487552,63746048,7280336,216903680,2506248192
findling-rss 1791045889,142487552,63746048,7280336,216776704,2506248192
findling-rss 1791045891,142487552,63746048,7281936,216920064,2506248192
findling-rss 1791045893,142487552,63746048,7283296,216465408,2506248192
findling-rss 1791045895,142729216,63746048,7284112,216637440,2506248192
findling-rss 1791045897,142729216,63746048,7280744,216432640,2506248192
findling-rss 1791045899,142729216,63746048,7282168,216907776,2506248192
findling-rss 1791045901,142729216,63746048,7278264,216711168,2506248192
findling-rss 1791045903,142729216,63746048,7291136,216948736,2506248192
findling-rss 1791045905,142729216,63746048,7277480,216412160,2506248192
findling-rss 1791045907,142729216,63746048,7275304,216358912,2506248192
findling-rss 1791045909,142729216,63746048,7275984,217128960,2506248192
findling-rss 1791045911,142729216,63746048,7274760,217219072,2506248192
findling-rss 1791045913,142729216,63746048,7276384,217051136,2506248192
findling-rss 1791045915,142729216,63746048,7277000,217264128,2506248192
findling-rss 1791045917,143007744,63746048,7277208,216563712,2506248192
findling-rss 1791045919,143007744,63746048,7276832,217427968,2506248192
findling-rss 1791045921,143007744,63746048,7277952,217645056,2506248192
findling-rss 1791045923,143007744,63746048,7278568,216723456,2506248192
findling-rss 1791045925,143007744,63746048,7280408,217739264,2506248192
findling-rss 1791045927,143007744,63746048,7280608,215982080,2506248192
findling-rss 1791045929,143028224,63746048,7284384,217784320,2506248192
findling-rss 1791045931,143028224,63746048,7283400,218296320,2506248192
findling-rss 1791045933,143040512,63746048,7278024,215986176,2506248192
findling-rss 1791045935,143040512,63746048,7275400,217325568,2506248192
findling-rss 1791045937,143044608,63746048,7275576,217460736,2506248192
findling-rss 1791045939,143048704,63746048,7276496,217485312,2506248192
findling-rss 1791045941,143048704,63746048,7278360,217612288,2506248192
findling-rss 1791045943,143048704,63746048,7279280,217710592,2506248192
findling-rss 1791045945,143048704,63746048,7278560,217718784,2506248192
findling-rss 1791045947,143065088,63746048,7278296,218288128,2506248192
findling-rss 1791045949,143065088,63746048,7322712,218292224,2506248192
findling-rss 1791045951,143065088,63746048,7280816,217894912,2506248192
findling-rss 1791045953,143065088,63746048,7281496,217718784,2506248192
findling-rss 1791045955,143339520,63746048,7282472,217509888,2506248192
findling-rss 1791045957,143339520,63746048,7280608,215531520,2506248192
findling-rss 1791045959,143339520,63746048,7278296,217317376,2506248192
findling-rss 1791045961,143339520,63746048,7280376,217833472,2506248192
findling-rss 1791045963,143339520,63746048,7281016,216641536,2506248192
findling-rss 1791045965,143339520,63746048,7279480,217755648,2506248192
findling-rss 1791045967,143339520,63746048,7281080,217935872,2506248192
findling-rss 1791045969,143339520,63746048,7279320,217104384,2506248192
findling-rss 1791045971,143339520,63746048,7323256,218210304,2506248192
findling-rss 1791045973,143339520,63746048,7281600,217960448,2506248192
findling-rss 1791045975,143339520,63746048,7283616,217616384,2506248192
findling-rss 1791045977,143339520,63746048,7281560,217899008,2506248192
findling-rss 1791045979,143622144,63746048,7276800,217366528,2506248192
findling-rss 1791045981,143622144,63746048,7278424,217849856,2506248192
findling-rss 1791045983,143622144,63746048,7280000,217812992,2506248192
findling-rss 1791045985,143626240,63746048,7280000,217796608,2506248192
findling-rss 1791045987,143626240,63746048,7281120,217489408,2506248192
findling-rss 1791045989,143626240,63746048,7281280,217600000,2506248192
findling-rss 1791045991,143626240,63746048,7282856,217645056,2506248192
findling-rss 1791045993,143626240,63746048,7288176,217960448,2506248192
findling-rss 1791045995,143630336,63746048,7273056,217427968,2506248192
findling-rss 1791045997,143630336,63746048,7274216,218132480,2506248192
findling-rss 1791045999,143630336,63746048,7274896,218562560,2506248192
findling-rss 1791046001,143630336,63746048,7276736,218021888,2506248192
findling-rss 1791046003,143630336,63746048,7278096,217845760,2506248192
findling-rss 1791046005,143630336,63746048,7278976,217554944,2506248192
findling-rss 1791046007,143630336,63746048,7279080,217550848,2506248192
findling-rss 1791046009,143650816,63746048,7277856,217640960,2506248192
findling-rss 1791046011,143654912,63746048,7278360,217464832,2506248192
findling-rss 1791046013,143654912,63746048,7278400,217862144,2506248192
findling-rss 1791046015,143962112,63746048,7277792,218148864,2506248192
findling-rss 1791046017,143962112,63746048,7277752,218025984,2506248192
findling-rss 1791046019,143962112,63746048,7276056,218021888,2506248192
findling-rss 1791046021,143962112,63746048,7277176,218968064,2506248192
findling-rss 1791046023,143974400,63746048,7275984,217804800,2506248192
findling-rss 1791046025,143974400,63746048,7273704,217985024,2506248192
findling-rss 1791046027,143974400,63746048,7274696,218419200,2506248192
findling-rss 1791046029,143974400,63746048,7275816,218505216,2506248192
findling-rss 1791046031,145166336,63754240,7280120,219668480,2506248192
findling-rss 1791046033,145170432,63754240,7279168,219971584,2506248192
findling-rss 1791046035,145170432,63754240,7281032,219373568,2506248192
findling-rss 1791046037,145170432,63754240,7281440,219561984,2506248192
findling-rss 1791046039,145387520,63754240,7279952,219787264,2506248192
findling-rss 1791046041,145387520,63754240,7276584,219381760,2506248192
findling-rss 1791046043,145387520,63754240,7277128,219320320,2506248192
findling-rss 1791046045,145387520,63754240,7278488,219881472,2506248192
findling-rss 1791046047,145387520,63754240,7283760,220430336,2506248192
findling-rss 1791046049,145387520,63754240,7284040,218656768,2506248192
findling-rss 1791046051,145387520,63754240,7284680,220229632,2506248192
findling-rss 1791046053,145387520,63754240,7281208,220254208,2506248192
findling-rss 1791046055,145387520,63754240,7280352,219922432,2506248192
findling-rss 1791046057,145387520,63754240,7281448,220229632,2506248192
findling-rss 1791046059,145387520,63754240,7282808,219910144,2506248192
findling-rss 1791046061,145387520,63754240,7284408,219848704,2506248192
findling-rss 1791046063,145387520,63754240,7325584,219729920,2506248192
findling-rss 1791046065,145387520,63754240,7280112,219623424,2506248192
findling-rss 1791046067,145387520,63754240,7280664,219832320,2506248192
findling-rss 1791046069,145387520,63754240,7279368,220106752,2506248192
findling-rss 1791046071,145387520,63754240,7278080,220225536,2506248192
findling-rss 1791046073,145387520,63754240,7279000,219758592,2506248192
findling-rss 1791046075,145387520,63754240,7281136,220127232,2506248192
findling-rss 1791046077,145387520,63754240,7279328,219652096,2506248192
findling-rss 1791046079,145387520,63754240,7279744,219385856,2506248192
findling-rss 1791046081,145387520,63754240,7280664,219713536,2506248192
findling-rss 1791046083,145387520,63754240,7280528,219209728,2506248192
findling-rss 1791046085,146669568,63754240,7321344,220844032,2506248192
findling-rss 1791046087,145387520,63754240,7277976,219103232,2506248192
findling-rss 1791046089,145387520,63754240,7277976,218959872,2506248192
findling-rss 1791046091,145387520,63754240,7278240,219488256,2506248192
findling-rss 1791046093,145387520,63754240,7279336,219885568,2506248192
findling-rss 1791046095,145387520,63754240,7276584,220184576,2506248192
findling-rss 1791046097,145387520,63754240,7277024,219856896,2506248192
findling-rss 1791046099,145387520,63754240,7276416,219729920,2506248192
findling-rss 1791046101,145387520,63754240,7274032,220102656,2506248192
findling-rss 1791046103,145387520,63754240,7277936,220327936,2506248192
findling-rss 1791046105,145387520,63754240,7279032,219951104,2506248192
findling-rss 1791046107,145387520,63754240,7281616,219848704,2506248192
findling-rss 1791046109,145387520,63754240,7278832,219533312,2506248192
findling-rss 1791046111,145387520,63754240,7274848,219406336,2506248192
findling-rss 1791046113,145387520,63754240,7274712,218832896,2506248192
findling-rss 1791046115,145387520,63754240,7274848,219222016,2506248192
findling-rss 1791046117,145387520,63754240,7276472,219824128,2506248192
findling-rss 1791046119,145387520,63754240,7276208,219820032,2506248192
findling-rss 1791046122,145387520,63754240,7276992,219639808,2506248192
findling-rss 1791046124,145387520,63754240,7278592,219545600,2506248192
findling-rss 1791046126,145387520,63754240,7279472,220356608,2506248192
findling-rss 1791046128,145387520,63754240,7278896,220078080,2506248192
findling-rss 1791046130,145387520,63754240,7279408,219795456,2506248192
findling-rss 1791046132,145387520,63754240,7279608,219394048,2506248192
findling-rss 1791046134,145387520,63754240,7280968,219090944,2506248192
findling-rss 1791046136,145387520,63754240,7280560,220102656,2506248192
findling-rss 1791046138,145387520,63754240,7281920,220217344,2506248192
findling-rss 1791046140,145387520,63754240,7279440,220385280,2506248192
findling-rss 1791046142,145387520,63754240,7279032,219381760,2506248192
findling-rss 1791046144,145387520,63754240,7277568,219688960,2506248192
findling-rss 1791046146,145387520,63754240,7279888,220196864,2506248192
findling-rss 1791046148,145387520,63754240,7277400,219897856,2506248192
findling-rss 1791046150,145387520,63754240,7280352,219844608,2506248192
findling-rss 1791046152,145387520,63754240,7279440,220110848,2506248192
findling-rss 1791046154,146567168,63754240,7278976,221294592,2506248192
findling-rss 1791046156,145387520,63754240,7278856,220217344,2506248192
findling-rss 1791046158,145387520,63754240,7278792,219332608,2506248192
findling-rss 1791046160,145387520,63754240,7280656,219803648,2506248192
findling-rss 1791046162,145387520,63754240,7279880,219799552,2506248192
findling-rss 1791046164,198504448,64208896,7518080,271781888,2506248192
findling-rss 1791046166,237744128,90566656,10744520,343285760,2506248192
findling-rss 1791046168,253145088,93925376,11157520,361959424,2506248192
findling-rss 1791046170,253997056,95084544,11209680,363687936,2506248192
findling-rss 1791046172,255021056,96600064,11266392,366428160,2506248192
findling-rss 1791046174,258203648,97148928,11295888,369381376,2506248192
findling-rss 1791046176,258600960,98119680,11351920,372064256,2506248192
findling-rss 1791046178,256548864,98349056,11383768,369930240,2506248192
findling-rss 1791046180,501706752,122408960,11577712,638550016,2506248192
findling-rss 1791046182,1319923712,263606272,12322224,1593679872,2506248192
findling-rss 1791046184,1552519168,265654272,12598944,1838415872,2506248192
findling-rss 1791046186,1473560576,266084352,12519008,1759588352,2506248192
findling-rss 1791046188,1538015232,266612736,12529408,1824428032,2506248192
findling-rss 1791046190,1542750208,267079680,12573360,1829445632,2506248192
findling-rss 1791046192,1543716864,268357632,12619840,1832366080,2506248192
findling-rss 1791046194,1406787584,269086720,12661816,1695436800,2506248192
findling-rss 1791046196,1547804672,269950976,12712368,1836756992,2506248192
findling-rss 1791046198,1516167168,270020608,12777400,1805500416,2506248192
findling-rss 1791046200,1535733760,270753792,12853032,1826410496,2506248192
findling-rss 1791046202,1538310144,271429632,12899096,1829040128,2506248192
findling-rss 1791046204,1539448832,271826944,12814544,1831354368,2506248192
findling-rss 1791046206,1563488256,272375808,12835784,1855287296,2506248192
findling-rss 1791046208,1454993408,272961536,12941976,1743892480,2506248192
findling-rss 1791046210,1565241344,273903616,12983496,1859502080,2506248192
findling-rss 1791046212,1564409856,274202624,13013920,1858301952,2506248192
findling-rss 1791046214,1472028672,274800640,13027144,1766944768,2506248192
findling-rss 1791046216,1463898112,274558976,13147464,1758474240,2506248192
findling-rss 1791046218,1580163072,274952192,13180928,1875591168,2506248192
findling-rss 1791046220,1580646400,275701760,13220536,1876267008,2506248192
findling-rss 1791046222,1557430272,283754496,13514264,1852293120,2506248192
findling-rss 1791046224,1588785152,275697664,13199384,1884090368,2506248192
findling-rss 1791046226,1591758848,276074496,13220936,1888247808,2506248192
findling-rss 1791046228,1590050816,276414464,13259464,1887531008,2506248192
findling-rss 1791046230,1591836672,276787200,13307936,1889247232,2506248192
findling-rss 1791046232,1560244224,276828160,13326400,1856856064,2506248192
findling-rss 1791046234,1578500096,277209088,13459936,1876328448,2506248192
findling-rss 1791046236,1584558080,277622784,13503792,1882738688,2506248192
findling-rss 1791046238,1526214656,278413312,13544320,1824690176,2506248192
findling-rss 1791046240,1587089408,289087488,13861376,1897791488,2506248192
findling-rss 1791046242,1588883456,278847488,13465488,1887404032,2506248192
findling-rss 1791046244,1597394944,278765568,13493080,1896583168,2506248192
findling-rss 1791046246,1548619776,279080960,13520936,1848623104,2506248192
findling-rss 1791046248,1526411264,279457792,13616416,1825755136,2506248192
findling-rss 1791046250,1526239232,279523328,13687904,1838272512,2506248192
findling-rss 1791046252,1571790848,279740416,13757336,1872105472,2506248192
findling-rss 1791046254,1570340864,280027136,13780752,1871110144,2506248192
findling-rss 1791046256,1473724416,280379392,13809816,1820577792,2506248192
findling-rss 1791046258,1562222592,284786688,13959992,1867558912,2506248192
findling-rss 1791046260,1562959872,280694784,13740704,1864888320,2506248192
findling-rss 1791046262,1452113920,281128960,13773576,1754173440,2506248192
findling-rss 1791046264,1505492992,282468352,13802800,1808621568,2506248192
findling-rss 1791046266,1562054656,282157056,13919920,1864876032,2506248192
findling-rss 1791046268,1448701952,282460160,13946544,1752584192,2506248192
findling-rss 1791046270,1563459584,282677248,13983016,1866878976,2506248192
findling-rss 1791046272,1566126080,282984448,14008888,1869627392,2506248192
findling-rss 1791046274,1451716608,283340800,14019424,1786789888,2506248192
findling-rss 1791046276,1532493824,283508736,14050696,1836523520,2506248192
findling-rss 1791046278,1475137536,283635712,13958168,1779576832,2506248192
findling-rss 1791046280,1591599104,284000256,14052664,1896353792,2506248192
findling-rss 1791046282,1581678592,284049408,14147392,1887322112,2506248192
findling-rss 1791046284,1579454464,284327936,14237856,1885208576,2506248192
findling-rss 1791046286,1473302528,284934144,14280632,1778155520,2506248192
findling-rss 1791046288,1586597888,285020160,14312464,1892909056,2506248192
findling-rss 1791046290,1477378048,285175808,14326312,1785458688,2506248192
findling-rss 1791046292,1594757120,285552640,14360216,1901633536,2506248192
findling-rss 1791046294,1600950272,286355456,14393576,1908256768,2506248192
findling-rss 1791046296,1522417664,286224384,14303488,1814781952,2506248192
findling-rss 1791046298,1530466304,286457856,14300696,1838133248,2506248192
findling-rss 1791046300,1636020224,287043584,14452584,1944776704,2506248192
findling-rss 1791046302,1639235584,287510528,14481672,1948340224,2506248192
findling-rss 1791046304,1586638848,287817728,14519744,1953189888,2506248192
findling-rss 1791046306,1643290624,287526912,14513848,1953431552,2506248192
findling-rss 1791046308,1645932544,287797248,14548832,1955889152,2506248192
findling-rss 1791046310,1532616704,288169984,14640944,1842593792,2506248192
findling-rss 1791046312,1646817280,288464896,14669584,1957437440,2506248192
findling-rss 1791046314,1646338048,288591872,14578976,1957036032,2506248192
findling-rss 1791046316,1635889152,288681984,14669736,1945849856,2506248192
findling-rss 1791046318,1529200640,289046528,14707400,1833930752,2506248192
findling-rss 1791046320,1640075264,289394688,14743648,1951850496,2506248192
findling-rss 1791046322,1639129088,289800192,14824664,1951375360,2506248192
findling-rss 1791046324,1572966400,290004992,14845288,1874354176,2506248192
findling-rss 1791046326,1624530944,290365440,14902416,1936629760,2506248192
findling-rss 1791046328,1623392256,290758656,14917712,1935822848,2506248192
findling-rss 1791046330,1624252416,291069952,14948600,1938108416,2506248192
findling-rss 1791046332,1482149888,291168256,15009976,1795035136,2506248192
findling-rss 1791046334,1615384576,291729408,14969032,1928716288,2506248192
findling-rss 1791046336,1503801344,291831808,14992072,1818316800,2506248192
findling-rss 1791046338,1620869120,296304640,15121800,1939554304,2506248192
findling-rss 1791046340,1622016000,292315136,15040376,1935953920,2506248192
findling-rss 1791046342,1623187456,292634624,15069928,1938509824,2506248192
findling-rss 1791046344,1510957056,292958208,15102448,1825951744,2506248192
findling-rss 1791046346,1626083328,293298176,15193088,1941671936,2506248192
findling-rss 1791046348,1547091968,294580224,15165824,1862836224,2506248192
findling-rss 1791046350,1561640960,295251968,15361264,1876426752,2506248192
findling-rss 1791046352,1523032064,294367232,15242480,1885380608,2506248192
findling-rss 1791046354,1622052864,294793216,15335720,1939193856,2506248192
findling-rss 1791046356,1621843968,295124992,15350568,1940226048,2506248192
findling-rss 1791046358,1591922688,295321600,15378224,1942802432,2506248192
findling-rss 1791046360,1622663168,295698432,15411256,1941737472,2506248192
findling-rss 1791046362,1623687168,296042496,15446488,1943007232,2506248192
findling-rss 1791046364,1624739840,296411136,15473536,1943724032,2506248192
findling-rss 1791046366,1500721152,296468480,15580480,1819750400,2506248192
findling-rss 1791046368,1618898944,296800256,15613176,1938440192,2506248192
findling-rss 1791046370,1620234240,296968192,15519840,1940238336,2506248192
findling-rss 1791046372,1620242432,297422848,15545056,1940008960,2506248192
findling-rss 1791046374,1619894272,297684992,15627056,1940582400,2506248192
findling-rss 1791046376,1620549632,298188800,15662512,1941245952,2506248192
findling-rss 1791046378,1509535744,298995712,15709400,1831878656,2506248192
findling-rss 1791046380,1624805376,298901504,15726976,1947111424,2506248192
findling-rss 1791046382,1587367936,299438080,15765328,1909018624,2506248192
findling-rss 1791046385,1512198144,299614208,15868184,1830014976,2506248192
findling-rss 1791046387,1619943424,299970560,15903592,1943027712,2506248192
findling-rss 1791046389,1621676032,299814912,15866696,1944674304,2506248192
findling-rss 1791046391,1506770944,300195840,15867816,1830006784,2506248192
findling-rss 1791046393,1618497536,300396544,15901656,1941856256,2506248192
findling-rss 1791046395,1624211456,300699648,15937824,1947787264,2506248192
findling-rss 1791046397,1622339584,301113344,15971048,1946222592,2506248192
findling-rss 1791046399,1435533312,301715456,15932824,1760223232,2506248192
findling-rss 1791046401,1619492864,301514752,16095288,1944027136,2506248192
findling-rss 1791046403,1622355968,302395392,16141528,1948372992,2506248192
findling-rss 1791046405,1622945792,302710784,16172696,1949343744,2506248192
findling-rss 1791046407,1621630976,336850944,17265192,1983442944,2506248192
findling-rss 1791046409,1623310336,303501312,16172256,1950314496,2506248192
findling-rss 1791046411,1625194496,303431680,16187296,1952657408,2506248192
findling-rss 1791046413,1510531072,304230400,16240592,1837948928,2506248192
findling-rss 1791046415,1625546752,304574464,16268680,1953488896,2506248192
findling-rss 1791046417,1597722624,304209920,16376200,1925062656,2506248192
findling-rss 1791046419,1625128960,304578560,16446976,1953034240,2506248192
findling-rss 1791046421,1509060608,304963584,16521608,1838698496,2506248192
findling-rss 1791046423,1622605824,305364992,16510744,1951588352,2506248192
findling-rss 1791046425,1625772032,341553152,17576992,1992040448,2506248192
findling-rss 1791046427,1512685568,305729536,16432664,1842511872,2506248192
findling-rss 1791046429,1624535040,306049024,16465336,1953980416,2506248192
findling-rss 1791046431,1628499968,306401280,16494848,1958670336,2506248192
findling-rss 1791046433,1567338496,307138560,16512240,1882779648,2506248192
findling-rss 1791046435,1554300928,306839552,16635808,1940783104,2506248192
findling-rss 1791046437,1621123072,307175424,16669224,1952157696,2506248192
findling-rss 1791046439,1619619840,307470336,16687632,1950699520,2506248192
findling-rss 1791046441,1620217856,307867648,16830584,1952169984,2506248192
findling-rss 1791046443,1624457216,308314112,16839480,1957253120,2506248192
findling-rss 1791046445,1624547328,308297728,16701168,1956532224,2506248192
findling-rss 1791046447,1629954048,308670464,16742408,1963241472,2506248192
findling-rss 1791046449,1632690176,308932608,16771528,1965490176,2506248192
findling-rss 1791046451,1483759616,316317696,17023264,1825468416,2506248192
findling-rss 1791046453,1621356544,309706752,16920936,1954783232,2506248192
findling-rss 1791046455,1619460096,309948416,16928480,1953693696,2506248192
findling-rss 1791046457,1623814144,309825536,16949600,1957126144,2506248192
findling-rss 1791046459,1631006720,310497280,16992472,1966219264,2506248192
findling-rss 1791046461,1516007424,310439936,17013000,1851498496,2506248192
findling-rss 1791046463,1629794304,310550528,16919216,1964584960,2506248192
findling-rss 1791046465,1633062912,310837248,17013080,1967845376,2506248192
findling-rss 1791046467,1462349824,311173120,16886056,1781657600,2506248192
findling-rss 1791046469,1614888960,311422976,17086624,1950580736,2506248192
findling-rss 1791046471,1619836928,311894016,17096312,1955799040,2506248192
findling-rss 1791046473,1624338432,312037376,17136032,1960910848,2506248192
findling-rss 1791046475,1624768512,312373248,17161496,1961267200,2506248192
findling-rss 1791046477,1567211520,312758272,17256112,1885016064,2506248192
findling-rss 1791046479,1625186304,313085952,17287008,1963016192,2506248192
findling-rss 1791046481,1624563712,313511936,17334640,1962573824,2506248192
findling-rss 1791046483,1625391104,313393152,17211352,1963315200,2506248192
findling-rss 1791046485,1836531712,315461632,17945928,2177589248,2506248192
findling-rss 1791046487,2101739520,315461632,18167248,2444623872,2506248192
findling-rss 1791046489,1757532160,314593280,17862520,2097721344,2506248192
findling-rss 1791046491,1786232832,314458112,17926968,2127257600,2506248192
findling-rss 1791046493,3639726080,319795200,22895312,3993276416,4016599040
findling-rss 1791046495,4288102400,319795200,22926040,4649009152,4650782720
findling-rss 1791046497,3628474368,322191360,22405072,3987582976,4650782720
findling-rss 1791046499,4770340864,323170304,23170680,5136334848,5136351232
findling-rss 1791046501,3621572608,320380928,22206848,3982974976,5149593600
findling-rss 1791046503,4557070336,323497984,23281928,4914364416,5149593600
findling-rss 1791046505,4829589504,323497984,23245888,5195661312,5195669504
findling-rss 1791046507,4002689024,323489792,22908120,4348481536,5195669504
findling-rss 1791046509,4857479168,323489792,23251032,5263863808,5280391168
findling-rss 1791046511,3487756288,319983616,22040776,3845173248,5300019200
findling-rss 1791046513,2849136640,318693376,21531880,3202969600,5300019200
findling-rss 1791046515,2944225280,318398464,21660520,3297521664,5300019200
findling-rss 1791046517,3117977600,318713856,21769384,3472424960,5300019200
findling-rss 1791046519,3148816384,319303680,21891312,3489525760,5300019200
findling-rss 1791046521,3256733696,319164416,22031176,3612332032,5300019200
findling-rss 1791046523,3251974144,364212224,23408056,3654569984,5300019200
findling-rss 1791046525,3276365824,319373312,22060400,3633274880,5300019200
findling-rss 1791046527,3347791872,319647744,22094432,3704877056,5300019200
findling-rss 1791046529,3297361920,320368640,22258080,3654742016,5300019200
findling-rss 1791046531,3356618752,320782336,22358984,3714867200,5300019200
findling-rss 1791046533,3377545216,321171456,22385064,3736649728,5300019200
findling-rss 1791046535,3274899456,321007616,22483576,3633307648,5300019200
findling-rss 1791046537,3391864832,321355776,22513256,3751067648,5300019200
findling-rss 1791046539,3397672960,321708032,22545080,3756732416,5300019200
findling-rss 1791046541,3396304896,321925120,22460184,3755610112,5300019200
findling-rss 1791046543,3288629248,322281472,22509032,3648376832,5300019200
findling-rss 1791046545,3349843968,322519040,22498728,3710488576,5300019200
findling-rss 1791046547,3413405696,322924544,22599440,3773755392,5300019200
findling-rss 1791046549,3414265856,323301376,22635872,3775389696,5300019200
findling-rss 1791046551,3360419840,323645440,22665016,3722240000,5300019200
findling-rss 1791046553,3303510016,324489216,22709688,3665928192,5300019200
findling-rss 1791046555,3364847616,324689920,22722904,3727175680,5300019200
findling-rss 1791046557,3427659776,324534272,22805328,3790422016,5300019200
findling-rss 1791046559,3428687872,324632576,22704152,3790839808,5300019200
findling-rss 1791046561,3376537600,324976640,22800296,3738906624,5300019200
findling-rss 1791046563,3323314176,325320704,22834560,3686383616,5300019200
findling-rss 1791046565,3382571008,326103040,22883288,3746807808,5300019200
findling-rss 1791046567,3447095296,326410240,22886160,3811520512,5300019200
findling-rss 1791046569,3450101760,326574080,22911224,3814744064,5300019200
findling-rss 1791046571,3451645952,326893568,22947880,3816611840,5300019200
findling-rss 1791046573,3341017088,327163904,23040040,3706159104,5300019200
findling-rss 1791046575,3455807488,327589888,23017920,3821608960,5300019200
findling-rss 1791046577,3461529600,327712768,23042928,3827097600,5300019200
findling-rss 1791046579,3410186240,328093696,23053968,3776856064,5300019200
findling-rss 1791046581,3386245120,328286208,23083016,3742363648,5300019200
findling-rss 1791046583,3365007360,328630272,23120408,3731521536,5300019200
findling-rss 1791046585,3427561472,328945664,23150536,3794890752,5300019200
findling-rss 1791046587,3486715904,329318400,23224896,3854426112,5300019200
findling-rss 1791046589,3379060736,329658368,23217944,3741523968,5300019200
findling-rss 1791046591,3443752960,347488256,23763488,3829202944,5300019200
findling-rss 1791046593,3503276032,329957376,23133648,3872137216,5300019200
findling-rss 1791046595,3445964800,330629120,23168320,3814387712,5300019200
findling-rss 1791046597,3451977728,330579968,23203832,3817779200,5300019200
findling-rss 1791046599,4284776448,336564224,24554712,4659953664,5300019200
findling-rss 1791046601,5295337472,336564224,25124240,5677600768,5735813120
findling-rss 1791046603,4528689152,337829888,24511776,4907884544,5745577984
findling-rss 1791046605,4261564416,334807040,24062944,4638052352,5745577984
findling-rss 1791046607,3634188288,333033472,23484584,4006318080,5745577984
findling-rss 1791046609,5318844416,340557824,25258648,5705891840,5745577984
findling-rss 1791046611,5372350464,340557824,25262776,5759840256,5813039104
findling-rss 1791046614,5100961792,339161088,25075328,5477314560,5813039104
findling-rss 1791046616,5584461824,339161088,25188472,5970845696,5970845696
findling-rss 1791046618,4017422336,334954496,23849264,4393140224,5977292800
findling-rss 1791046620,3926401024,334811136,23733704,4301328384,5977292800
findling-rss 1791046622,3790323712,334135296,23492952,4164005888,5977292800
findling-rss 1791046624,3797528576,334135296,23496912,4170567680,5977292800
findling-rss 1791046626,3736788992,334135296,23535728,4111015936,5977292800
findling-rss 1791046628,3680555008,334135296,23493208,4112572416,5977292800
findling-rss 1791046630,3795992576,334135296,23495264,4170739712,5977292800
findling-rss 1791046632,3739136000,334135296,23490784,4111859712,5977292800
findling-rss 1791046634,3814604800,334135296,23495120,4188553216,5977292800
findling-rss 1791046636,3700338688,334135296,23495416,4073930752,5977292800
findling-rss 1791046638,5263089664,338223104,25221352,5647441920,5977292800
findling-rss 1791046640,5437128704,338223104,25227944,5822967808,5977292800
findling-rss 1791046642,4979957760,338444288,25006024,5362159616,5977292800
findling-rss 1791046644,5591416832,338456576,25211536,5977149440,5977292800
findling-rss 1791046646,4185542656,334995456,23794224,4561612800,5981356032
findling-rss 1791046648,3849449472,333942784,23531424,4215042048,5981356032
findling-rss 1791046650,3790901248,333942784,23470488,4164485120,5981356032
findling-rss 1791046652,3944534016,333942784,23532432,4317937664,5981356032
findling-rss 1791046654,3837612032,333942784,23527760,4210679808,5981356032
findling-rss 1791046656,3845603328,333942784,23527408,4218396672,5981356032
findling-rss 1791046658,3760300032,333942784,23528136,4144582656,5981356032
findling-rss 1791046660,3843653632,333942784,23526992,4216799232,5981356032
findling-rss 1791046662,4053061632,336171008,24102656,4420997120,5981356032
findling-rss 1791046664,5477830656,337592320,25238448,5862068224,5981356032
findling-rss 1791046666,4954378240,337235968,24702288,5333106688,5981356032
findling-rss 1791046668,5342011392,338665472,25239336,5726580736,5981356032
findling-rss 1791046670,5295034368,338317312,25036464,5736382464,5981356032
findling-rss 1791046672,3814105088,333725696,23552776,4187037696,5981356032
findling-rss 1791046674,3834982400,333742080,23555176,4208435200,5981356032
findling-rss 1791046676,3719557120,333742080,23555656,4093227008,5981356032
findling-rss 1791046678,3845115904,333742080,23553792,4218642432,5981356032
findling-rss 1791046680,3781447680,333742080,23551680,4155580416,5981356032
findling-rss 1791046682,3725062144,333742080,23564312,4098613248,5981356032
findling-rss 1791046684,5115969536,343420928,25268760,5504696320,5981356032
findling-rss 1791046686,5444993024,343420928,25294936,5835759616,5981356032
findling-rss 1791046688,4780339200,344842240,24894520,5156642816,5981356032
findling-rss 1791046690,5517824000,345542656,25338088,5967757312,6024617984
findling-rss 1791046692,4831637504,344145920,24731536,5232508928,6027792384
findling-rss 1791046694,4354322432,342040576,24115208,4738514944,6027792384
findling-rss 1791046696,4058849280,341323776,23869360,4441280512,6027792384
findling-rss 1791046698,4170526720,341868544,23886896,4553433088,6027792384
findling-rss 1791046700,4146683904,341868544,23928504,4528979968,6027792384
findling-rss 1791046702,4167041024,341868544,23883288,4549128192,6027792384
findling-rss 1791046704,3918655488,340115456,23723448,4298915840,6027792384
findling-rss 1791046706,4052819968,340115456,23721728,4433440768,6027792384
findling-rss 1791046708,4005494784,340115456,23722712,4386394112,6027792384
findling-rss 1791046710,4065140736,340115456,23739848,4445097984,6027792384
findling-rss 1791046712,4059832320,340115456,23728592,4440387584,6027792384
findling-rss 1791046714,4067536896,340115456,23725576,4447322112,6027792384
findling-rss 1791046716,3969503232,337674240,23547688,4342808576,6027792384
findling-rss 1791046718,3914784768,337674240,23547344,4292161536,6027792384
findling-rss 1791046720,3854176256,337674240,23548224,4232126464,6027792384
findling-rss 1791046722,3874729984,337674240,23481776,4251529216,6027792384
findling-rss 1791046724,3915616256,337674240,23543808,4293074944,6027792384
findling-rss 1791046726,3773476864,337690624,23542664,4151304192,6027792384
findling-rss 1791046728,3916972032,337690624,23544776,4294762496,6027792384
findling-rss 1791046730,3800600576,337690624,23543600,4178292736,6027792384
findling-rss 1791046732,3958386688,337690624,23545672,4335751168,6027792384
findling-rss 1791046734,3894112256,337690624,23546272,4271177728,6027792384
findling-rss 1791046736,3969454080,337690624,23546000,4347363328,6027792384
findling-rss 1791046738,4656250880,343216128,24999984,5005447168,6027792384
findling-rss 1791046740,5683253248,343568384,25347048,6058684416,6068121600
findling-rss 1791046742,5123067904,344743936,25059360,5511426048,6109093888
findling-rss 1791046744,5587841024,344944640,25366032,5979422720,6109093888
findling-rss 1791046746,5113372672,343896064,24986328,5503115264,6112038912
findling-rss 1791046748,4437630976,339910656,23988128,4819292160,6112038912
findling-rss 1791046750,4158099456,339214336,23748184,4537745408,6112038912
findling-rss 1791046752,4242030592,339214336,23742928,4622213120,6112038912
findling-rss 1791046754,4170403840,339230720,23741792,4550377472,6112038912
findling-rss 1791046756,4146581504,339230720,23741904,4526444544,6112038912
findling-rss 1791046758,4045901824,339230720,23634888,4424179712,6112038912
findling-rss 1791046760,4171825152,339230720,23743704,4552232960,6112038912
findling-rss 1791046762,4149456896,339230720,23639072,4530192384,6112038912
findling-rss 1791046764,4190351360,339230720,23744576,4570419200,6112038912
findling-rss 1791046766,4091846656,336805888,23566296,4468465664,6112038912
findling-rss 1791046768,3978350592,336805888,23566056,4355366912,6112038912
findling-rss 1791046770,4088770560,336805888,23569872,4465532928,6112038912
findling-rss 1791046772,4033347584,336805888,23567968,4410241024,6112038912
findling-rss 1791046774,4033581056,336805888,23565096,4410691584,6112038912
findling-rss 1791046776,4092043264,336805888,23563600,4469936128,6112038912
findling-rss 1791046778,4042022912,336805888,23607680,4418068480,6112038912
findling-rss 1791046780,3944706048,333475840,23369472,4318138368,6112038912
findling-rss 1791046782,5440286720,339398656,25253496,5825630208,6112038912
findling-rss 1791046784,5518131200,339398656,25262424,5904302080,6112038912
findling-rss 1791046786,5286612992,346394624,25443544,5665574912,6112038912
findling-rss 1791046788,5564981248,346394624,25463872,5959041024,6112038912
findling-rss 1791046790,4190584832,342208512,24083872,4573229056,6112038912
findling-rss 1791046792,3924561920,341499904,23842552,4306399232,6112038912
findling-rss 1791046794,3884699648,341143552,23722128,4265889792,6112038912
findling-rss 1791046796,3938893824,341143552,23721064,4319875072,6112038912
findling-rss 1791046798,3942248448,341143552,23719176,4323893248,6112038912
findling-rss 1791046800,3887202304,341143552,23718912,4268212224,6112038912
findling-rss 1791046802,3944771584,341143552,23717008,4326490112,6112038912
findling-rss 1791046804,3948605440,341143552,23717288,4329422848,6112038912
findling-rss 1791046806,3883159552,341164032,23713792,4271734784,6112038912
findling-rss 1791046808,3997966336,341164032,23715256,4379086848,6112038912
findling-rss 1791046810,3887947776,341164032,23716144,4269096960,6112038912
findling-rss 1791046812,3790798848,341164032,23612368,4168974336,6112038912
findling-rss 1791046814,3997634560,341164032,23715192,4379336704,6112038912
findling-rss 1791046816,3820367872,341164032,23714096,4196683776,6112038912
findling-rss 1791046818,3946532864,341164032,23716720,4328402944,6112038912
findling-rss 1791046820,3886673920,341164032,23718024,4267286528,6112038912
findling-rss 1791046823,3998265344,341164032,23714192,4380233728,6112038912
findling-rss 1791046825,3880058880,341164032,23711464,4256854016,6112038912
findling-rss 1791046827,4006543360,341164032,23714600,4387958784,6112038912
findling-rss 1791046829,3981455360,341164032,23713696,4362760192,6112038912
findling-rss 1791046831,3950944256,341164032,23716792,4332834816,6112038912
findling-rss 1791046833,3894353920,341164032,23717176,4275937280,6112038912
findling-rss 1791046835,4009385984,341180416,23716704,4390961152,6112038912
findling-rss 1791046837,4007759872,341180416,23716280,4389588992,6112038912
findling-rss 1791046839,4010225664,341180416,23715536,4392136704,6112038912
findling-rss 1791046841,3904512000,341180416,23717288,4286308352,6112038912
findling-rss 1791046843,3960717312,341180416,23715768,4342403072,6112038912
findling-rss 1791046845,3900538880,341180416,23713920,4281823232,6112038912
findling-rss 1791046847,3843493888,341180416,23715040,4224503808,6112038912
findling-rss 1791046849,4000989184,341180416,23715344,4382355456,6112038912
findling-rss 1791046851,3915538432,341180416,23612504,4296622080,6112038912
findling-rss 1791046853,4010528768,341180416,23718704,4392542208,6112038912
findling-rss 1791046855,3944796160,341180416,23719736,4326158336,6112038912
findling-rss 1791046857,3897655296,341180416,23717800,4279029760,6112038912
findling-rss 1791046859,3933777920,341180416,23718568,4315152384,6112038912
findling-rss 1791046861,4010995712,341594112,23730208,4392955904,6112038912
findling-rss 1791046863,3877421056,341594112,23730016,4259815424,6112038912
findling-rss 1791046865,3897581568,341594112,23730080,4279062528,6112038912
findling-rss 1791046867,4423188480,337903616,24477064,4803313664,6112038912
findling-rss 1791046869,5471821824,339628032,25307536,5858037760,6112038912
findling-rss 1791046871,4676247552,344285184,25097976,5072412672,6112038912
findling-rss 1791046873,5446307840,345001984,25456336,5838753792,6112038912
findling-rss 1791046875,3934167040,339271680,23871856,4313710592,6112038912
findling-rss 1791046877,3894792192,338927616,23732656,4272119808,6112038912
findling-rss 1791046879,3900383232,338927616,23736160,4268081152,6112038912
findling-rss 1791046881,3953373184,338927616,23737456,4332564480,6112038912
findling-rss 1791046883,3885350912,338927616,23736424,4262903808,6112038912
findling-rss 1791046885,3902087168,338927616,23737096,4280991744,6112038912
findling-rss 1791046887,3898138624,338927616,23734336,4276981760,6112038912
findling-rss 1791046889,3904040960,338927616,23737936,4282490880,6112038912
findling-rss 1791046891,3897499648,338927616,23738816,4277702656,6112038912
findling-rss 1791046893,3899293696,338927616,23740808,4278222848,6112038912
findling-rss 1791046895,3898605568,338927616,23736544,4276772864,6112038912
findling-rss 1791046897,3899392000,338927616,23738192,4278534144,6112038912
findling-rss 1791046899,3898400768,338927616,23737472,4277211136,6112038912
findling-rss 1791046901,3903205376,338927616,23736400,4282466304,6112038912
findling-rss 1791046903,3900313600,338927616,23738256,4279545856,6112038912
findling-rss 1791046905,3877101568,338927616,23738960,4256182272,6112038912
findling-rss 1791046907,3900112896,338927616,23741800,4279369728,6112038912
findling-rss 1791046909,3804094464,338927616,23632288,4182454272,6112038912
findling-rss 1791046911,3900235776,338927616,23738200,4279701504,6112038912
findling-rss 1791046913,3843067904,338927616,23732440,4222009344,6112038912
findling-rss 1791046915,3900641280,338927616,23733888,4279681024,6112038912
findling-rss 1791046917,3880730624,338927616,23733112,4260298752,6112038912
findling-rss 1791046919,3901534208,338927616,23736480,4280664064,6112038912
findling-rss 1791046921,4537520128,339066880,24647064,4900802560,6112038912
findling-rss 1791046923,5455085568,339775488,25335464,5842124800,6112038912
findling-rss 1791046925,4683132928,341577728,24963440,5048152064,6112038912
findling-rss 1791046927,5494611968,341577728,25403024,5883551744,6112038912
findling-rss 1791046929,4000526336,336965632,23833488,4377677824,6112038912
findling-rss 1791046931,3927453696,336609280,23706968,4304314368,6112038912
findling-rss 1791046933,3867336704,336609280,23710608,4244492288,6112038912
findling-rss 1791046935,3869601792,336609280,23708568,4246749184,6112038912
findling-rss 1791046937,3869470720,336609280,23708792,4246761472,6112038912
findling-rss 1791046939,3870580736,336609280,23710632,4247314432,6112038912
findling-rss 1791046941,3870019584,336609280,23709864,4247318528,6112038912
findling-rss 1791046943,3870797824,336609280,23703296,4247969792,6112038912
findling-rss 1791046945,3870150656,336609280,23705136,4246900736,6112038912
findling-rss 1791046947,3870281728,336609280,23706464,4246794240,6112038912
findling-rss 1791046949,5424185344,344768512,25479336,5813084160,6112038912
findling-rss 1791046951,5451034624,344768512,25493264,5842501632,6112038912
findling-rss 1791046953,5454630912,344797184,25510360,5846695936,6112038912
findling-rss 1791046955,5465182208,344797184,25509248,5856849920,6112038912
findling-rss 1791046957,4582600704,342339584,24504664,4968001536,6112038912
findling-rss 1791046959,4273500160,341995520,24170768,4657324032,6112038912
findling-rss 1791046961,4145594368,341291008,24140168,4528201728,6112038912
findling-rss 1791046963,3892797440,341291008,23826944,4274466816,6112038912
findling-rss 1791046965,4095729664,341291008,24142096,4478504960,6112038912
findling-rss 1791046967,3757080576,336740352,23685512,4133081088,6112038912
findling-rss 1791046969,3813597184,336740352,23685912,4189007872,6112038912
findling-rss 1791046971,4082970624,338247680,24212240,4460023808,6112038912
findling-rss 1791046973,5447319552,340000768,25378920,5834866688,6112038912
findling-rss 1791046975,4682002432,342114304,24915856,5060558848,6112038912
findling-rss 1791046977,5454753792,342474752,25464928,5844885504,6112038912
findling-rss 1791046979,4103827456,338604032,24142408,4477263872,6112038912
findling-rss 1791046981,4002533376,337903616,23895720,4380696576,6112038912
findling-rss 1791046983,4031098880,337903616,23890800,4409270272,6112038912
findling-rss 1791046985,4020301824,337903616,23887712,4398931968,6112038912
findling-rss 1791046987,4011929600,336867328,23746248,4389511168,6112038912
findling-rss 1791046989,3926118400,336867328,23762824,4303024128,6112038912
findling-rss 1791046991,3925069824,336867328,23746312,4301873152,6112038912
findling-rss 1791046993,3926339584,336867328,23746776,4303089664,6112038912
findling-rss 1791046995,3926351872,336867328,23748640,4303761408,6112038912
findling-rss 1791046997,3932839936,336867328,23749048,4309647360,6112038912
findling-rss 1791046999,5226774528,340779008,25299416,5607202816,6112038912
findling-rss 1791047001,5533396992,340779008,25320264,5921042432,6112038912
findling-rss 1791047003,5193560064,344502272,25462856,5581742080,6112038912
findling-rss 1791047005,5531799552,344502272,25460080,5923373056,6112038912
findling-rss 1791047007,4352081920,340664320,24090896,4734722048,6112038912
findling-rss 1791047009,4245217280,340312064,23974264,4626739200,6112038912
findling-rss 1791047011,4102963200,339947520,23851984,4483510272,6112038912
findling-rss 1791047013,4106567680,339947520,23854656,4487815168,6112038912
findling-rss 1791047015,4011417600,338542592,23692176,4390350848,6112038912
findling-rss 1791047017,4012486656,338542592,23689600,4391354368,6112038912
findling-rss 1791047019,4012912640,338542592,23689272,4391026688,6112038912
findling-rss 1791047021,4012912640,338542592,23689000,4391641088,6112038912
findling-rss 1791047023,4013363200,338542592,23690304,4392329216,6112038912
findling-rss 1791047025,4013363200,338542592,23692648,4392845312,6112038912
findling-rss 1791047027,4013412352,338542592,23692856,4392337408,6112038912
findling-rss 1791047029,3872346112,338542592,23695480,4250701824,6112038912
findling-rss 1791047031,3959070720,338542592,23696032,4337520640,6112038912
findling-rss 1791047033,3913281536,338542592,23695384,4292141056,6112038912
findling-rss 1791047035,3965485056,338542592,23696616,4344328192,6112038912
findling-rss 1791047037,3983851520,338542592,23693648,4362956800,6112038912
findling-rss 1791047039,4004532224,338542592,23694848,4383109120,6112038912
findling-rss 1791047041,3993620480,338542592,23696312,4372480000,6112038912
findling-rss 1791047043,4013658112,338542592,23695176,4392984576,6112038912
findling-rss 1791047045,4763451392,343375872,25106104,5134327808,6112038912
findling-rss 1791047047,5581783040,343375872,25450240,5972557824,6112038912
findling-rss 1791047049,4788305920,349962240,25528808,5110906880,6112038912
findling-rss 1791047051,5478002688,352063488,25705048,5877620736,6112038912
findling-rss 1791047053,4107907072,347041792,24290664,4493942784,6112038912
findling-rss 1791047055,4210712576,347041792,24294848,4597002240,6112038912
findling-rss 1791047057,4112044032,346689536,24171912,4499820544,6112038912
findling-rss 1791047059,4122054656,346689536,24175632,4510253056,6112038912
findling-rss 1791047061,4083257344,346689536,24170064,4471975936,6112038912
findling-rss 1791047063,4127731712,346689536,24168368,4515758080,6112038912
findling-rss 1791047065,4119539712,346689536,24169912,4506984448,6112038912
findling-rss 1791047067,4123996160,346689536,24169712,4511830016,6112038912
findling-rss 1791047069,4122988544,346689536,24169080,4511289344,6112038912
findling-rss 1791047071,4134146048,346689536,24183944,4521934848,6112038912
findling-rss 1791047073,4176658432,346689536,24167512,4564897792,6112038912
findling-rss 1791047075,4082196480,346689536,24061712,4468629504,6112038912
findling-rss 1791047078,4122816512,346689536,24168160,4511334400,6112038912
findling-rss 1791047080,3948691456,346689536,23976904,4365488128,6112038912
findling-rss 1791047082,4176236544,346689536,24170056,4563873792,6112038912
findling-rss 1791047084,3988803584,346689536,24168488,4376825856,6112038912
findling-rss 1791047086,4187922432,346689536,24167760,4576931840,6112038912
findling-rss 1791047088,4005961728,342851584,23952832,4389625856,6112038912
findling-rss 1791047090,4085129216,342851584,23956240,4469018624,6112038912
findling-rss 1791047092,3913142272,339030016,23741504,4292648960,6112038912
findling-rss 1791047094,3933642752,339030016,23743584,4312387584,6112038912
findling-rss 1791047096,4371226624,338821120,24457024,4745682944,6112038912
findling-rss 1791047098,5478191104,340209664,25384808,5865324544,6112038912
findling-rss 1791047100,4703940608,340242432,24843608,5085769728,6112038912
findling-rss 1791047102,5478047744,340250624,25400880,5864361984,6112038912
findling-rss 1791047104,3823886336,335024128,23581648,4198105088,6112038912
findling-rss 1791047106,5553655808,340099072,25421120,5940011008,6112038912
findling-rss 1791047108,5642661888,340099072,25421856,6030045184,6112038912
findling-rss 1791047110,5334294528,342761472,25476384,5711716352,6112038912
findling-rss 1791047112,5481979904,342761472,25474184,5871923200,6112038912
findling-rss 1791047114,4104589312,338550784,24019968,4473479168,6112038912
findling-rss 1791047116,4026925056,338194432,23902440,4405248000,6112038912
findling-rss 1791047118,4027265024,338194432,23900424,4406177792,6112038912
findling-rss 1791047120,4034617344,338194432,23901544,4413444096,6112038912
findling-rss 1791047122,4078678016,338194432,23900536,4456099840,6112038912
findling-rss 1791047124,4080345088,338194432,23901048,4459229184,6112038912
findling-rss 1791047126,3932553216,336814080,23753680,4309131264,6112038912
findling-rss 1791047128,3936657408,336814080,23751432,4313522176,6112038912
findling-rss 1791047130,5313658880,340414464,25452472,5695676416,6112038912
findling-rss 1791047132,5476020224,340426752,25451480,5863227392,6112038912
findling-rss 1791047134,5089325056,344670208,25334712,5473558528,6112038912
findling-rss 1791047136,5486518272,344682496,25537424,5878251520,6112038912
findling-rss 1791047138,4009631744,340471808,23989104,4398587904,6112038912
findling-rss 1791047140,3875106816,339755008,23846024,4254740480,6112038912
findling-rss 1791047142,3831377920,339755008,23741968,4210401280,6112038912
findling-rss 1791047144,3874889728,339755008,23848384,4255244288,6112038912
findling-rss 1791047146,3818233856,339755008,23848800,4197380096,6112038912
findling-rss 1791047148,3875905536,339755008,23848528,4255850496,6112038912
findling-rss 1791047150,3855151104,339755008,23845784,4234715136,6112038912
findling-rss 1791047152,3875540992,339755008,23848936,4254851072,6112038912
findling-rss 1791047154,3855138816,339755008,23848536,4234772480,6112038912
findling-rss 1791047156,3874762752,339755008,23846312,4254687232,6112038912
findling-rss 1791047158,3871707136,339755008,23846008,4251811840,6112038912
findling-rss 1791047160,3875426304,339755008,23845704,4255977472,6112038912
findling-rss 1791047162,3874373632,339755008,23845968,4253896704,6112038912
findling-rss 1791047164,3874791424,339755008,23845784,4253904896,6112038912
findling-rss 1791047166,3875663872,339755008,23842416,4254691328,6112038912
findling-rss 1791047168,3875680256,339755008,23843376,4255510528,6112038912
findling-rss 1791047170,3875897344,339755008,23845552,4255596544,6112038912
findling-rss 1791047172,3875926016,339755008,23879408,4256190464,6112038912
findling-rss 1791047174,3927961600,339755008,23845848,4307931136,6112038912
findling-rss 1791047176,3841150976,339755008,23744376,4221173760,6112038912
findling-rss 1791047178,3881525248,339755008,23844504,4261277696,6112038912
findling-rss 1791047180,3850801152,339755008,23841504,4235644928,6112038912
findling-rss 1791047182,3927539712,339755008,23841512,4307091456,6112038912
findling-rss 1791047184,4313812992,338931712,24088456,4688089088,6112038912
findling-rss 1791047186,5572280320,341041152,25477832,5959598080,6112038912
findling-rss 1791047188,4449132544,341254144,24616312,4849131520,6112038912
findling-rss 1791047190,5489393664,341262336,25506504,5878222848,6112038912
findling-rss 1791047192,3881336832,336715776,23792928,4257751040,6112038912
findling-rss 1791047194,3971444736,336715776,23897648,4348321792,6112038912
findling-rss 1791047196,3914276864,337498112,23756088,4285845504,6112038912
findling-rss 1791047198,5597646848,341688320,25539384,5986086912,6112038912
findling-rss 1791047200,5312135168,341696512,25250256,5762134016,6112038912
findling-rss 1791047202,5476896768,341737472,25504584,5863243776,6112038912
findling-rss 1791047204,5575761920,341737472,25510192,5950656512,6112038912
findling-rss 1791047206,3970961408,337149952,23944992,4348301312,6112038912
findling-rss 1791047208,3849232384,336793600,23839112,4226920448,6112038912
findling-rss 1791047210,3876630528,336793600,23822920,4253552640,6112038912
findling-rss 1791047212,3780489216,393207808,25382920,4215209984,6112038912
findling-rss 1791047214,5600120832,341061632,25439368,5988126720,6112038912
findling-rss 1791047216,5527732224,341061632,25353728,5946839040,6112038912
findling-rss 1791047218,5480439808,341282816,25468552,5869285376,6112038912
findling-rss 1791047220,5245059072,340586496,25198640,5657968640,6112038912
findling-rss 1791047222,3973644288,336723968,23887520,4353376256,6112038912
findling-rss 1791047224,3879329792,336371712,23748488,4255752192,6112038912
findling-rss 1791047226,5458931712,346288128,25605008,5850034176,6112038912
findling-rss 1791047228,5499727872,346701824,25616400,5893976064,6112038912
findling-rss 1791047230,5170352128,354058240,25676272,5561942016,6112038912
findling-rss 1791047232,5576548352,354058240,25818016,5978238976,6112038912
findling-rss 1791047234,4320079872,353001472,24544152,4715405312,6112038912
findling-rss 1791047236,4363034624,353001472,24549640,4758671360,6112038912
findling-rss 1791047238,4366475264,353001472,24548656,4761071616,6112038912
findling-rss 1791047240,4382560256,353001472,24544120,4778332160,6112038912
findling-rss 1791047242,4377698304,353001472,24546088,4772876288,6112038912
findling-rss 1791047244,4380753920,353001472,24542776,4776611840,6112038912
findling-rss 1791047246,4322086912,353001472,24536360,4717424640,6112038912
findling-rss 1791047248,4323655680,353001472,24537632,4718518272,6112038912
findling-rss 1791047250,4324573184,353001472,24541928,4719890432,6112038912
findling-rss 1791047252,4184559616,353001472,24326944,4578742272,6112038912
findling-rss 1791047254,4270538752,353001472,24543224,4664561664,6112038912
findling-rss 1791047256,4083482624,353001472,24429672,4491890688,6112038912
findling-rss 1791047258,4272697344,353001472,24537192,4668022784,6112038912
findling-rss 1791047260,4081799168,353001472,24432240,4472926208,6112038912
findling-rss 1791047262,4321898496,353001472,24539424,4717064192,6112038912
findling-rss 1791047264,4182532096,353001472,24536872,4577107968,6112038912
findling-rss 1791047266,4376555520,353001472,24537472,4772421632,6112038912
findling-rss 1791047268,4116549632,349880320,24338696,4508438528,6112038912
findling-rss 1791047270,4167106560,349880320,24340816,4558721024,6112038912
findling-rss 1791047272,4101935104,346030080,24123336,4489756672,6112038912
findling-rss 1791047274,4124717056,346030080,24122088,4512096256,6112038912
findling-rss 1791047276,3954483200,341835776,23894960,4336283648,6112038912
findling-rss 1791047278,3974504448,341835776,23895408,4357025792,6112038912
findling-rss 1791047280,3920891904,341835776,23895304,4302381056,6112038912
findling-rss 1791047282,3923517440,341835776,23896336,4305154048,6112038912
findling-rss 1791047284,3922026496,341835776,23893624,4303749120,6112038912
findling-rss 1791047286,3922026496,341835776,23893200,4303949824,6112038912
findling-rss 1791047288,3966275584,341835776,23896088,4349259776,6112038912
findling-rss 1791047290,3966275584,341835776,23895624,4348907520,6112038912
findling-rss 1791047292,5336408064,341274624,25470608,5721268224,6112038912
findling-rss 1791047294,5502971904,341274624,25482952,5891375104,6112038912
findling-rss 1791047296,4885577728,341266432,25240256,5265559552,6112038912
findling-rss 1791047298,5507162112,343035904,25504728,5897670656,6112038912
findling-rss 1791047300,3966439424,338485248,23931376,4345782272,6112038912
findling-rss 1791047302,4052307968,338485248,23932416,4431814656,6112038912
findling-rss 1791047305,3857879040,337784832,23801104,4235927552,6112038912
findling-rss 1791047307,3896254464,337784832,23844480,4274642944,6112038912
findling-rss 1791047309,3876372480,337784832,23800464,4255145984,6112038912
findling-rss 1791047311,3896836096,337784832,23804008,4275728384,6112038912
findling-rss 1791047313,3821092864,337784832,23803872,4199190528,6112038912
findling-rss 1791047315,3841388544,337784832,23806160,4218056704,6112038912
findling-rss 1791047317,4932657152,341393408,25469904,5311614976,6112038912
findling-rss 1791047319,5545721856,341393408,25503088,5934125056,6112038912
findling-rss 1791047321,5057593344,349913088,25749136,5453000704,6112038912
findling-rss 1791047323,5606858752,349913088,25755880,6004334592,6112038912
findling-rss 1791047325,4015583232,345550848,24193296,4401496064,6112038912
findling-rss 1791047327,4094758912,345550848,24194992,4481576960,6112038912
findling-rss 1791047329,4022738944,345550848,24194008,4409700352,6112038912
findling-rss 1791047331,4094664704,345550848,24197160,4481613824,6112038912
findling-rss 1791047333,4088934400,345550848,24196768,4475252736,6112038912
findling-rss 1791047335,4094455808,345550848,24199632,4481179648,6112038912
findling-rss 1791047337,4044185600,345550848,24194800,4430381056,6112038912
findling-rss 1791047339,4019449856,345550848,24193264,4405522432,6112038912
findling-rss 1791047341,4106354688,345550848,24193232,4492759040,6112038912
findling-rss 1791047343,4018143232,345550848,24192200,4402974720,6112038912
findling-rss 1791047345,4108943360,345550848,24194736,4495650816,6112038912
findling-rss 1791047347,4062486528,345550848,24190472,4445900800,6112038912
findling-rss 1791047349,4110594048,345550848,24231736,4499550208,6112038912
findling-rss 1791047351,3993423872,345550848,24084400,4380352512,6112038912
findling-rss 1791047353,4108582912,345550848,24188840,4495462400,6112038912
findling-rss 1791047355,4028461056,345550848,24194664,4413808640,6112038912
findling-rss 1791047357,4114444288,345550848,24188472,4500537344,6112038912
findling-rss 1791047359,3951841280,342081536,23984592,4333981696,6112038912
findling-rss 1791047361,3952660480,342081536,23983264,4335001600,6112038912
findling-rss 1791047363,3952078848,342081536,23980416,4334751744,6112038912
findling-rss 1791047365,3952197632,342081536,23982016,4335001600,6112038912
findling-rss 1791047367,3952197632,342081536,23984208,4333207552,6112038912
findling-rss 1791047369,3856433152,342081536,23875688,4237946880,6112038912
findling-rss 1791047371,3952529408,342081536,24019496,4334936064,6112038912
findling-rss 1791047373,3867975680,342081536,23987168,4250406912,6112038912
findling-rss 1791047375,3959537664,342081536,23983496,4341170176,6112038912
findling-rss 1791047377,3897856000,342081536,23980376,4280176640,6112038912
findling-rss 1791047379,3954372608,342081536,23981072,4336218112,6112038912
findling-rss 1791047381,3934007296,342081536,23978080,4316696576,6112038912
findling-rss 1791047383,3955154944,342081536,23979192,4338368512,6112038912
findling-rss 1791047385,4620161024,340922368,25154728,4994105344,6112038912
findling-rss 1791047387,5602177024,341266432,25523920,5990891520,6112038912
findling-rss 1791047389,4837670912,342720512,25491720,5207990272,6112038912
findling-rss 1791047391,5578067968,342720512,25604568,5967712256,6112038912
findling-rss 1791047393,3910344704,336330752,23759648,4286210048,6112038912
findling-rss 1791047395,5650690048,343666688,25652272,6042030080,6112038912
findling-rss 1791047397,5663969280,343666688,25652792,6055182336,6142435328
findling-rss 1791047399,5316694016,345169920,25690368,5706436608,6142435328
findling-rss 1791047401,5572263936,345169920,25691888,5965357056,6142435328
findling-rss 1791047403,4253941760,341307392,24341440,4632739840,6142435328
findling-rss 1791047405,4350443520,341307392,24335936,4733825024,6142435328
findling-rss 1791047407,4179214336,340955136,24225936,4560990208,6142435328
findling-rss 1791047409,4202774528,340955136,24215024,4584407040,6142435328
findling-rss 1791047411,4106244096,339550208,24071360,4486848512,6142435328
findling-rss 1791047413,4106833920,339550208,24067440,4487139328,6142435328
findling-rss 1791047415,3949740032,338132992,23916928,4327899136,6142435328
findling-rss 1791047417,3955277824,338132992,23916304,4333797376,6142435328
findling-rss 1791047419,5461794816,341770240,25617840,5849260032,6142435328
findling-rss 1791047421,5514596352,341770240,25617952,5904461824,6142435328
findling-rss 1791047423,5476610048,343629824,25685792,5868412928,6142435328
findling-rss 1791047425,5520113664,343629824,25687392,5911367680,6142435328
findling-rss 1791047427,4011225088,337534976,23965880,4389036032,6142435328
findling-rss 1791047429,4011909120,337534976,23964704,4389916672,6142435328
findling-rss 1791047431,4017246208,337534976,23965936,4395859968,6142435328
findling-rss 1791047433,3904860160,360636416,24561864,4305469440,6142435328
findling-rss 1791047435,5416497152,341671936,25507824,5804986368,6142435328
findling-rss 1791047437,5520310272,341671936,25508224,5909188608,6142435328
findling-rss 1791047439,5192171520,341626880,25291272,5577691136,6142435328
findling-rss 1791047441,5494198272,341626880,25508792,5883273216,6142435328
findling-rss 1791047443,4082831360,337088512,23938920,4460998656,6142435328
findling-rss 1791047445,5520838656,342081536,25570736,5910069248,6142435328
findling-rss 1791047447,5540777984,342081536,25557216,5930708992,6142435328
findling-rss 1791047449,5536534528,346484736,25701912,5930577920,6142435328
findling-rss 1791047451,5567762432,346484736,25702568,5961998336,6142435328
findling-rss 1791047453,4051070976,341766144,24083816,4433731584,6142435328
findling-rss 1791047455,4051193856,341766144,24085200,4433911808,6142435328
findling-rss 1791047457,3954831360,341417984,23962248,4336881664,6142435328
findling-rss 1791047459,3954831360,341417984,23962080,4336705536,6142435328
findling-rss 1791047461,4008321024,341417984,23963440,4390539264,6142435328
findling-rss 1791047463,3942547456,341417984,23963536,4364296192,6142435328
findling-rss 1791047465,3956043776,341417984,23965192,4337684480,6142435328
findling-rss 1791047467,3911655424,341417984,23859936,4292943872,6142435328
findling-rss 1791047469,4009517056,341417984,23965536,4392611840,6142435328
findling-rss 1791047471,3887718400,341417984,23966032,4270145536,6142435328
findling-rss 1791047473,3956424704,341417984,23964344,4339097600,6142435328
findling-rss 1791047475,3978788864,341417984,23960720,4361117696,6142435328
findling-rss 1791047477,4007329792,341417984,23962920,4390129664,6142435328
findling-rss 1791047479,3935412224,341417984,23966960,4317523968,6142435328
findling-rss 1791047481,3959910400,341417984,23964728,4342071296,6142435328
findling-rss 1791047483,3991658496,341417984,23964824,4372201472,6142435328
findling-rss 1791047485,4008091648,341417984,23966424,4389908480,6142435328
findling-rss 1791047487,3954774016,341417984,23967336,4336115712,6142435328
findling-rss 1791047489,3962052608,341417984,23965232,4342190080,6142435328
findling-rss 1791047491,4007677952,341417984,23970696,4390854656,6142435328
findling-rss 1791047493,4008153088,341417984,23969544,4391088128,6142435328
findling-rss 1791047495,4017381376,341417984,23965104,4398972928,6142435328
findling-rss 1791047497,4017766400,341417984,23964424,4399407104,6142435328
findling-rss 1791047499,4018339840,341417984,23964768,4400439296,6142435328
findling-rss 1791047501,3859615744,336572416,23726768,4236029952,6142435328
findling-rss 1791047503,5458415616,342208512,25585976,5847461888,6142435328
findling-rss 1791047505,5556744192,342208512,25582208,5946613760,6142435328
findling-rss 1791047507,5474574336,346095616,25707112,5867651072,6142435328
findling-rss 1791047509,5636214784,346095616,25707008,6030401536,6142435328
findling-rss 1791047511,4398018560,341889024,24322472,4780376064,6142435328
findling-rss 1791047513,4203962368,341897216,24218712,4587380736,6142435328
findling-rss 1791047515,4152754176,341544960,24200840,4536311808,6142435328
findling-rss 1791047517,4056633344,340480000,24071640,4438192128,6142435328
findling-rss 1791047519,4061310976,340480000,24060528,4443095040,6142435328
findling-rss 1791047521,4066766848,340480000,24058424,4448165888,6142435328
findling-rss 1791047523,4052537344,340480000,24057856,4434632704,6142435328
findling-rss 1791047525,3956654080,340480000,24037800,4394242048,6142435328
findling-rss 1791047527,3966775296,338735104,23892128,4346089472,6142435328
findling-rss 1791047529,3817820160,336703488,23811568,4194873344,6142435328
findling-rss 1791047531,5553889280,341962752,25597384,5943595008,6142435328
findling-rss 1791047533,4825333760,340942848,24732384,5200850944,6142435328
findling-rss 1791047535,5521850368,345509888,25714344,5914615808,6142435328
findling-rss 1791047537,4609642496,343056384,24685960,4991221760,6142435328
findling-rss 1791047539,4054110208,340938752,24138256,4435808256,6142435328
findling-rss 1791047541,3930480640,340938752,24141848,4312039424,6142435328
findling-rss 1791047543,4211130368,340938752,24142096,4593782784,6142435328
findling-rss 1791047545,4051746816,340946944,24140552,4433858560,6142435328
findling-rss 1791047547,4094701568,340946944,24141904,4476731392,6142435328
findling-rss 1791047549,4064608256,340946944,24152200,4446892032,6142435328
findling-rss 1791047552,4104712192,340946944,24141072,4485558272,6142435328
findling-rss 1791047554,3998568448,339218432,23983272,4378587136,6142435328
findling-rss 1791047556,4019269632,339218432,23979648,4399644672,6142435328
findling-rss 1791047558,4018606080,339218432,23981552,4398694400,6142435328
findling-rss 1791047560,4020871168,339218432,23982152,4401922048,6142435328
findling-rss 1791047562,5338193920,342446080,25620656,5723713536,6142435328
findling-rss 1791047564,5610332160,342446080,25625816,6000771072,6142435328
findling-rss 1791047566,5026746368,342458368,25647184,5406400512,6142435328
findling-rss 1791047568,5514784768,342458368,25644744,5904384000,6142435328
findling-rss 1791047570,4252307456,337915904,24143368,4632051712,6142435328
findling-rss 1791047572,4063051776,337211392,23901248,4440817664,6142435328
findling-rss 1791047574,5237612544,351682560,25861664,5636263936,6142435328
findling-rss 1791047576,5568065536,351682560,25900288,5967831040,6142435328
findling-rss 1791047578,5242085376,351674368,25912088,5638909952,6142435328
findling-rss 1791047580,5536301056,351674368,25920352,5935591424,6142435328
findling-rss 1791047582,4115574784,347127808,24320008,4504219648,6142435328
findling-rss 1791047584,4122337280,347127808,24321368,4510806016,6142435328
findling-rss 1791047586,4079337472,346771456,24196728,4467290112,6142435328
findling-rss 1791047588,3957293056,346771456,24198120,4344872960,6142435328
findling-rss 1791047590,3956006912,346771456,24190888,4343963648,6142435328
findling-rss 1791047592,3957776384,346771456,24189320,4346191872,6142435328
findling-rss 1791047594,3956838400,346771456,24188952,4344270848,6142435328
findling-rss 1791047596,3956981760,346771456,24188848,4344774656,6142435328
findling-rss 1791047598,3956527104,346771456,24190096,4344131584,6142435328
findling-rss 1791047600,3860955136,346771456,24082688,4248383488,6142435328
findling-rss 1791047602,3957186560,346771456,24189168,4344983552,6142435328
findling-rss 1791047604,3889651712,346771456,24186112,4276948992,6142435328
findling-rss 1791047606,3961614336,346771456,24186056,4349095936,6142435328
findling-rss 1791047608,3936788480,346771456,24186256,4319256576,6142435328
findling-rss 1791047610,3956895744,346771456,24187656,4344160256,6142435328
findling-rss 1791047612,3936784384,346771456,24189328,4323745792,6142435328
findling-rss 1791047614,3957067776,346771456,24193024,4344578048,6142435328
findling-rss 1791047616,3957121024,346771456,24186400,4344434688,6142435328
findling-rss 1791047618,3958050816,346771456,24186584,4345556992,6142435328
findling-rss 1791047620,3956424704,346771456,24186016,4343721984,6142435328
findling-rss 1791047622,3957129216,346771456,24182696,4344864768,6142435328
findling-rss 1791047624,3957039104,346771456,24183816,4344954880,6142435328
findling-rss 1791047626,3957239808,346771456,24185120,4344373248,6142435328
findling-rss 1791047628,3956555776,346771456,24186240,4343902208,6142435328
findling-rss 1791047630,3860955136,346771456,24090632,4248252416,6142435328
findling-rss 1791047632,3956326400,346771456,24185440,4344320000,6142435328
findling-rss 1791047634,3886235648,346771456,24185576,4264202240,6142435328
findling-rss 1791047636,3957166080,346771456,24186416,4344410112,6142435328
findling-rss 1791047638,3928072192,346771456,24184688,4315475968,6142435328
findling-rss 1791047640,3960938496,346771456,24185776,4348231680,6142435328
findling-rss 1791047642,3936792576,346771456,24185480,4323811328,6142435328
findling-rss 1791047644,3960500224,346771456,24187952,4346986496,6142435328
findling-rss 1791047646,3948900352,346771456,24184960,4334940160,6142435328
findling-rss 1791047648,3957026816,346771456,24183464,4344496128,6142435328
findling-rss 1791047650,3956633600,346771456,24184952,4344352768,6142435328
findling-rss 1791047652,3956961280,346771456,24185392,4344315904,6142435328
findling-rss 1791047654,3956322304,346771456,24187656,4344537088,6142435328
findling-rss 1791047656,3963813888,346771456,24257584,4350947328,6142435328
findling-rss 1791047658,3956465664,346771456,24189456,4344102912,6142435328
findling-rss 1791047660,3958194176,346771456,24189856,4345528320,6142435328
findling-rss 1791047662,3955445760,346771456,24188632,4342894592,6142435328
findling-rss 1791047664,3879137280,346771456,24187704,4262518784,6142435328
findling-rss 1791047666,3956924416,346771456,24190016,4344713216,6142435328
findling-rss 1791047668,3936759808,346771456,24187656,4324290560,6142435328
findling-rss 1791047670,3955937280,346771456,24189952,4343042048,6142435328
findling-rss 1791047672,3945037824,346771456,24188744,4331978752,6142435328
findling-rss 1791047674,3962970112,346771456,24186976,4349992960,6142435328
findling-rss 1791047676,3955085312,346771456,24184200,4342730752,6142435328
findling-rss 1791047678,3956236288,346771456,24194960,4343750656,6142435328
findling-rss 1791047680,5025894400,343523328,25663952,5403279360,6142435328
findling-rss 1791047682,5479849984,343523328,25692904,5870686208,6142435328
findling-rss 1791047684,4780347392,347385856,25370256,5161115648,6142435328
findling-rss 1791047686,5474947072,347385856,25774160,5870411776,6142435328
findling-rss 1791047688,4096245760,343166976,24326040,4481585152,6142435328
findling-rss 1791047690,3966836736,341291008,24047600,4348600320,6142435328
findling-rss 1791047692,3920330752,341291008,24047456,4302594048,6142435328
findling-rss 1791047694,3966611456,341291008,24048008,4349194240,6142435328
findling-rss 1791047696,3946455040,341291008,24049232,4328865792,6142435328
findling-rss 1791047698,3965661184,341291008,24047632,4347863040,6142435328
findling-rss 1791047700,3946450944,341291008,24050160,4328439808,6142435328
findling-rss 1791047702,3966484480,341291008,24045352,4348231680,6142435328
findling-rss 1791047704,3965485056,341291008,24047824,4346494976,6142435328
findling-rss 1791047706,3966668800,341291008,24047384,4348674048,6142435328
findling-rss 1791047708,3966025728,341291008,24045984,4347953152,6142435328
findling-rss 1791047710,3966025728,341291008,24044864,4348526592,6142435328
findling-rss 1791047712,3966251008,341291008,24047280,4348903424,6142435328
findling-rss 1791047714,3966251008,341291008,24045952,4348514304,6142435328
findling-rss 1791047716,4019224576,341291008,24047080,4400672768,6142435328
findling-rss 1791047718,4019224576,341291008,24044056,4400676864,6142435328
findling-rss 1791047720,3969212416,341291008,24043288,4350881792,6142435328
findling-rss 1791047722,3923050496,341291008,23936472,4304809984,6142435328
findling-rss 1791047724,4018774016,341291008,24045824,4401057792,6142435328
findling-rss 1791047726,3971969024,341291008,24046064,4353556480,6142435328
findling-rss 1791047728,4032921600,341291008,24040672,4414803968,6142435328
findling-rss 1791047730,4124327936,398979072,25888400,4563509248,6142435328
findling-rss 1791047732,5580763136,342044672,25552712,5969387520,6142435328
findling-rss 1791047734,4692750336,341360640,25105200,5076901888,6142435328
findling-rss 1791047736,5440110592,342290432,25569112,5829058560,6142435328
findling-rss 1791047738,4305948672,338415616,24244552,4703182848,6142435328
findling-rss 1791047740,5224075264,342335488,25549000,5613195264,6142435328
findling-rss 1791047742,5491679232,342335488,25569224,5881683968,6142435328
findling-rss 1791047744,5315829760,344956928,25648056,5707833344,6142435328
findling-rss 1791047746,5581340672,344956928,25661888,5974024192,6142435328
findling-rss 1791047748,4057055232,338870272,23935112,4437024768,6142435328
findling-rss 1791047750,4001259520,338878464,23937304,4381728768,6142435328
findling-rss 1791047752,4001234944,338878464,23935256,4381306880,6142435328
findling-rss 1791047754,4006055936,338878464,23937120,4385042432,6142435328
findling-rss 1791047756,4000391168,338878464,23936984,4380491776,6142435328
findling-rss 1791047758,4000788480,338878464,23980176,4380749824,6142435328
findling-rss 1791047760,4001366016,338878464,23936120,4381282304,6142435328
findling-rss 1791047762,4001366016,338878464,23936320,4381007872,6142435328
findling-rss 1791047764,5424295936,342511616,25590088,5813809152,6142435328
findling-rss 1791047766,5486288896,342511616,25594536,5875441664,6142435328
findling-rss 1791047768,5438844928,344260608,25658560,5829914624,6142435328
findling-rss 1791047770,5536886784,344260608,25657880,5928296448,6142435328
findling-rss 1791047772,3967459328,339329024,23970360,4348104704,6142435328
findling-rss 1791047774,3967459328,339329024,23971960,4347703296,6142435328
findling-rss 1791047776,3966873600,339329024,23971736,4347179008,6142435328
findling-rss 1791047778,3970600960,339329024,23970736,4351520768,6142435328
findling-rss 1791047780,3966251008,339329024,23972128,4346081280,6142435328
findling-rss 1791047782,3880771584,339329024,23876832,4254560256,6142435328
findling-rss 1791047784,3965767680,339329024,23969128,4346150912,6142435328
findling-rss 1791047786,3934453760,339329024,23970640,4314357760,6142435328
findling-rss 1791047788,4018757632,339329024,23968840,4398661632,6142435328
findling-rss 1791047790,4082708480,339066880,23878864,4460199936,6142435328
findling-rss 1791047792,5556498432,342605824,25619536,5946527744,6142435328
findling-rss 1791047794,5170491392,342257664,25312304,5543317504,6142435328
findling-rss 1791047796,5485256704,342392832,25567344,5874040832,6142435328
findling-rss 1791047798,5599059968,342392832,25577960,5988933632,6142435328
findling-rss 1791047801,4279488512,342667264,24632816,4656836608,6142435328
findling-rss 1791047803,5451513856,343371776,25651032,5842370560,6142435328
findling-rss 1791047805,4433666048,356184064,25463536,4823900160,6142435328
findling-rss 1791047807,5507522560,356184064,26024648,5912080384,6142435328
findling-rss 1791047809,4291829760,350941184,24632312,4685156352,6142435328
findling-rss 1791047811,4457103360,350941184,24630984,4850888704,6142435328
findling-rss 1791047813,4147470336,349761536,24379680,4539023360,6142435328
findling-rss 1791047815,4219949056,349761536,24375696,4610510848,6142435328
findling-rss 1791047817,4138524672,350179328,24386144,4530999296,6142435328
findling-rss 1791047819,4159717376,350179328,24389224,4551897088,6142435328
findling-rss 1791047821,4138840064,350179328,24386632,4530561024,6142435328
findling-rss 1791047823,4167094272,350179328,24390152,4558462976,6142435328
findling-rss 1791047825,4062363648,348434432,24232448,4451266560,6142435328
findling-rss 1791047827,4063367168,348434432,24228552,4452315136,6142435328
findling-rss 1791047829,4063719424,348434432,24229056,4453240832,6142435328
findling-rss 1791047831,4065026048,348434432,24244776,4454551552,6142435328
findling-rss 1791047833,4114558976,348434432,24231736,4503818240,6142435328
findling-rss 1791047835,4114997248,348434432,24232512,4504739840,6142435328
findling-rss 1791047837,4062928896,348434432,24233352,4452483072,6142435328
findling-rss 1791047839,4063350784,348434432,24228664,4453007360,6142435328
findling-rss 1791047841,4115468288,348434432,24230320,4505075712,6142435328
findling-rss 1791047843,4029288448,348434432,24124800,4417835008,6142435328
findling-rss 1791047845,4125057024,348434432,24231096,4514656256,6142435328
findling-rss 1791047847,4070100992,348434432,24235928,4459241472,6142435328
findling-rss 1791047849,4125855744,348434432,24233592,4515287040,6142435328
findling-rss 1791047851,4107243520,348434432,24236224,4496830464,6142435328
findling-rss 1791047853,4128358400,348434432,24238064,4518215680,6142435328
findling-rss 1791047855,4107259904,348434432,24237744,4496408576,6142435328
findling-rss 1791047857,4128477184,348434432,24230568,4518125568,6142435328
findling-rss 1791047859,4126412800,348434432,24226600,4515930112,6142435328
findling-rss 1791047861,4127240192,348434432,24228488,4516794368,6142435328
findling-rss 1791047863,4126760960,348434432,24227688,4516536320,6142435328
findling-rss 1791047865,4126760960,348434432,24229288,4517093376,6142435328
findling-rss 1791047867,4127019008,348434432,24228304,4517384192,6142435328
findling-rss 1791047869,4127019008,348434432,24229424,4516941824,6142435328
findling-rss 1791047871,4126601216,348434432,24229520,4516429824,6142435328
findling-rss 1791047873,4031451136,348434432,24130640,4421042176,6142435328
findling-rss 1791047875,4074582016,348434432,24231840,4464123904,6142435328
findling-rss 1791047877,3986440192,348434432,24230696,4372836352,6142435328
findling-rss 1791047879,4074307584,348434432,24234536,4463677440,6142435328
findling-rss 1791047881,4062646272,348434432,24242232,4451532800,6142435328
findling-rss 1791047883,4119212032,348434432,24231200,4508377088,6142435328
findling-rss 1791047885,4108357632,348434432,24232648,4497469440,6142435328
findling-rss 1791047887,4128808960,348434432,24229464,4518060032,6142435328
findling-rss 1791047889,4109443072,348434432,24227176,4498800640,6142435328
findling-rss 1791047891,4130308096,348434432,24228720,4520640512,6142435328
findling-rss 1791047893,4129263616,348434432,24224976,4519129088,6142435328
findling-rss 1791047895,4133187584,348434432,24226576,4523048960,6142435328
findling-rss 1791047897,4129046528,348434432,24228376,4518850560,6142435328
findling-rss 1791047899,4129644544,348434432,24226160,4519501824,6142435328
findling-rss 1791047901,4129722368,348434432,24227520,4519829504,6142435328
findling-rss 1791047903,4132782080,348434432,24226864,4522901504,6142435328
findling-rss 1791047905,4130119680,348434432,24226112,4519849984,6142435328
findling-rss 1791047907,4034674688,348434432,24130008,4424183808,6142435328
findling-rss 1791047909,4136566784,348434432,24230224,4526661632,6142435328
findling-rss 1791047911,4062179328,348434432,24231776,4449452032,6142435328
findling-rss 1791047913,4131979264,348434432,24231528,4521578496,6142435328
findling-rss 1791047915,4103507968,348434432,24226144,4492861440,6142435328
findling-rss 1791047917,4132659200,348434432,24225952,4521701376,6142435328
findling-rss 1791047919,4132921344,340459520,24178360,4514357248,6142435328
findling-rss 1791047921,5469618176,343265280,25691592,5860384768,6142435328
findling-rss 1791047923,5064663040,343277568,25379104,5452890112,6142435328
findling-rss 1791047925,5451169792,343298048,25681328,5842137088,6142435328
findling-rss 1791047927,5037207552,341880832,25211168,5442052096,6142435328
findling-rss 1791047929,4393517056,343846912,24733272,4770283520,6142435328
findling-rss 1791047931,5551079424,344563712,25746880,5943357440,6142435328
findling-rss 1791047933,4542517248,342839296,24933464,4923768832,6142435328
findling-rss 1791047935,5579161600,343896064,25747992,5970423808,6142435328
findling-rss 1791047937,4053815296,339181568,23971696,4433936384,6142435328
findling-rss 1791047939,4156604416,339181568,24060816,4536958976,6142435328
findling-rss 1791047941,4080680960,339181568,24060680,4460924928,6142435328
findling-rss 1791047943,4150263808,339181568,24058144,4530593792,6142435328
findling-rss 1791047945,4325400576,400924672,25776264,4763615232,6142435328
findling-rss 1791047947,5496156160,347820032,25727288,5891371008,6142435328
findling-rss 1791047949,5233876992,347250688,25404456,5632413696,6142435328
findling-rss 1791047951,5417476096,347631616,25703896,5812047872,6142435328
findling-rss 1791047953,5383294976,347852800,25587776,5776490496,6142435328
findling-rss 1791047955,4111097856,343261184,24129288,4495507456,6142435328
findling-rss 1791047957,4037910528,342908928,24024776,4422582272,6142435328
findling-rss 1791047959,4018020352,342908928,24011112,4401864704,6142435328
findling-rss 1791047961,4038688768,342908928,24009856,4422541312,6142435328
findling-rss 1791047963,4034977792,342908928,24006336,4418580480,6142435328
findling-rss 1791047965,4044636160,342908928,24009912,4428746752,6142435328
findling-rss 1791047967,4036960256,342908928,24011360,4420923392,6142435328
findling-rss 1791047969,4038008832,342908928,24013424,4421734400,6142435328
findling-rss 1791047971,4038074368,342908928,24014208,4421373952,6142435328
findling-rss 1791047973,4038139904,342908928,24012752,4421562368,6142435328
findling-rss 1791047975,4038098944,342908928,24012648,4420771840,6142435328
findling-rss 1791047977,4038193152,342908928,24007104,4421550080,6142435328
findling-rss 1791047979,4039852032,342908928,24006696,4424413184,6142435328
findling-rss 1791047981,3994267648,342908928,23898584,4378128384,6142435328
findling-rss 1791047983,4039389184,342908928,24003520,4422782976,6142435328
findling-rss 1791047985,3970306048,342908928,24003592,4353814528,6142435328
findling-rss 1791047987,4040499200,342908928,24002872,4424593408,6142435328
findling-rss 1791047989,3991924736,342908928,24004720,4375863296,6142435328
findling-rss 1791047991,4038348800,342908928,24004752,4422000640,6142435328
findling-rss 1791047993,4018012160,342908928,24001352,4401590272,6142435328
findling-rss 1791047995,4042166272,342908928,24004776,4425891840,6142435328
findling-rss 1791047997,4018032640,342908928,24006248,4401655808,6142435328
findling-rss 1791047999,4038275072,342908928,24006136,4422303744,6142435328
findling-rss 1791048001,4540370944,344080384,25183104,4911030272,6142435328
findling-rss 1791048003,5489131520,344788992,25670000,5881344000,6142435328
findling-rss 1791048005,4908556288,348192768,25345312,5236359168,6142435328
findling-rss 1791048007,5536849920,348192768,25772128,5932462080,6142435328
findling-rss 1791048009,4222386176,343023616,24252472,4606861312,6142435328
findling-rss 1791048011,4283785216,343023616,24248536,4668260352,6142435328
findling-rss 1791048013,4168138752,342675456,24129104,4552593408,6142435328
findling-rss 1791048015,4137242624,342675456,24130176,4521283584,6142435328
findling-rss 1791048017,4187561984,342675456,24129616,4571987968,6142435328
findling-rss 1791048019,4196655104,342675456,24128784,4581462016,6142435328
findling-rss 1791048021,4102934528,340951040,23969648,4485509120,6142435328
findling-rss 1791048023,4103548928,340951040,23968616,4486230016,6142435328
findling-rss 1791048025,4104224768,340951040,23970896,4486361088,6142435328
findling-rss 1791048027,4104278016,340951040,23971304,4486451200,6142435328
findling-rss 1791048029,4104364032,340951040,23969896,4486737920,6142435328
findling-rss 1791048031,4008816640,340951040,23868080,4390346752,6142435328
findling-rss 1791048033,4109189120,340951040,23971936,4490842112,6142435328
findling-rss 1791048035,3988443136,340111360,23904560,4365524992,6142435328
findling-rss 1791048037,5512646656,344637440,25683904,5904367616,6142435328
findling-rss 1791048039,5034745856,343580672,25130560,5422297088,6142435328
findling-rss 1791048041,5482876928,344231936,25684640,5874515968,6142435328
findling-rss 1791048043,4536487936,341057536,24518064,4920586240,6142435328
findling-rss 1791048046,4087070720,339312640,23990544,4466487296,6142435328
findling-rss 1791048048,4017635328,339312640,23990568,4397633536,6142435328
findling-rss 1791048050,4144640000,339324928,23992208,4525842432,6142435328
findling-rss 1791048052,4162527232,341995520,23983896,4543856640,6142435328
findling-rss 1791048054,5608038400,345997312,25735608,6001790976,6142435328
findling-rss 1791048056,5414854656,345649152,25526520,5807730688,6142435328
findling-rss 1791048058,5475303424,349622272,25824296,5872689152,6142435328
findling-rss 1791048060,5336207360,348913664,25582240,5731782656,6142435328
findling-rss 1791048062,4120330240,344690688,24122552,4506152960,6142435328
findling-rss 1791048064,4120338432,344690688,24117328,4505976832,6142435328
findling-rss 1791048066,4119965696,344690688,24112912,4504182784,6142435328
findling-rss 1791048068,4033630208,344690688,24115224,4419624960,6142435328
findling-rss 1791048070,4119408640,344690688,24113568,4505968640,6142435328
findling-rss 1791048072,4091314176,344690688,24111344,4475215872,6142435328
findling-rss 1791048074,4119412736,344690688,24114296,4505186304,6142435328
findling-rss 1791048076,4100055040,344690688,24114616,4485525504,6142435328
findling-rss 1791048078,4124520448,344690688,24112880,4509990912,6142435328
findling-rss 1791048080,4117340160,344690688,24113272,4503130112,6142435328
findling-rss 1791048082,4120076288,344690688,24114256,4506193920,6142435328
findling-rss 1791048084,4119453696,344690688,24113840,4505219072,6142435328
findling-rss 1791048086,4120035328,344690688,24113640,4505677824,6142435328
findling-rss 1791048088,4119711744,344690688,24126856,4505616384,6142435328
findling-rss 1791048090,4119924736,344690688,24115384,4505653248,6142435328
findling-rss 1791048092,4120481792,344690688,24120568,4506537984,6142435328
findling-rss 1791048094,4123975680,344690688,24118560,4509315072,6142435328
findling-rss 1791048096,4119846912,344690688,24116760,4504584192,6142435328
findling-rss 1791048098,4076277760,344690688,24009968,4461617152,6142435328
findling-rss 1791048100,4172226560,344690688,24113560,4558565376,6142435328
findling-rss 1791048102,4052791296,344690688,24115848,4436873216,6142435328
findling-rss 1791048104,4118671360,344690688,24117576,4504924160,6142435328
findling-rss 1791048106,4100050944,344690688,24115784,4485775360,6142435328
findling-rss 1791048108,4120551424,344690688,24117168,4506009600,6142435328
findling-rss 1791048110,4155191296,344690688,24119448,4540416000,6142435328
findling-rss 1791048112,4172443648,344690688,24117304,4559020032,6142435328
findling-rss 1791048114,4181884928,344690688,24118408,4567965696,6142435328
findling-rss 1791048116,4182769664,344690688,24118208,4568391680,6142435328
findling-rss 1791048118,4183248896,344690688,24118296,4569264128,6142435328
findling-rss 1791048120,4183248896,344690688,24119656,4569190400,6142435328
findling-rss 1791048122,4183302144,344690688,24121888,4570013696,6142435328
findling-rss 1791048124,4184166400,344690688,24122568,4570218496,6142435328
findling-rss 1791048126,5641445376,343355392,25701592,6032568320,6142435328
findling-rss 1791048128,5655400448,343355392,25702624,6046490624,6142435328
findling-rss 1791048130,5528797184,352681984,25973760,5929181184,6142435328
findling-rss 1791048132,5550948352,352681984,25973480,5951348736,6142435328
findling-rss 1791048134,4233674752,346927104,24372016,4621590528,6142435328
findling-rss 1791048136,4240637952,346927104,24373576,4628987904,6142435328
findling-rss 1791048138,4292395008,346927104,24374832,4682051584,6142435328
findling-rss 1791048140,4196597760,346927104,24358984,4626100224,6142435328
findling-rss 1791048142,4234182656,346927104,24371384,4622778368,6142435328
findling-rss 1791048144,4105756672,346927104,24269160,4493467648,6142435328
findling-rss 1791048146,4291575808,346927104,24374272,4679958528,6142435328
findling-rss 1791048148,4144693248,346927104,24268000,4532211712,6142435328
findling-rss 1791048150,4298440704,346927104,24374736,4687654912,6142435328
findling-rss 1791048152,4217663488,346927104,24373800,4605300736,6142435328
findling-rss 1791048154,4297363456,346927104,24374112,4686254080,6142435328
findling-rss 1791048156,4267589632,346927104,24368744,4655124480,6142435328
findling-rss 1791048158,4302667776,346927104,24371392,4691066880,6142435328
findling-rss 1791048160,4277321728,346927104,24370976,4665581568,6142435328
findling-rss 1791048162,4300816384,346927104,24374200,4689162240,6142435328
findling-rss 1791048164,4278259712,346927104,24369632,4665769984,6142435328
findling-rss 1791048166,4297498624,346927104,24370712,4685955072,6142435328
findling-rss 1791048168,4244451328,346927104,24373248,4633501696,6142435328
findling-rss 1791048170,4245143552,346927104,24373048,4634173440,6142435328
findling-rss 1791048172,4149211136,343085056,24159880,4533219328,6142435328
findling-rss 1791048174,4052729856,343085056,24051680,4436692992,6142435328
findling-rss 1791048176,4147769344,343085056,24157976,4532097024,6142435328
findling-rss 1791048178,4052733952,338628608,23999664,4432269312,6142435328
findling-rss 1791048180,5523873792,352333824,25970608,5924306944,6142435328
findling-rss 1791048182,5127774208,351633408,25549968,5587156992,6142435328
findling-rss 1791048184,5524234240,353546240,25995824,5924765696,6142435328
findling-rss 1791048186,5663748096,353546240,25998568,6065438720,6142435328
findling-rss 1791048188,4285325312,347791360,24365472,4674707456,6142435328
findling-rss 1791048190,4290953216,347791360,24366592,4680998912,6142435328
findling-rss 1791048192,4137312256,347439104,24242672,4526067712,6142435328
findling-rss 1791048194,4140122112,347439104,24254120,4528250880,6142435328
findling-rss 1791048196,4190375936,347439104,24243344,4578967552,6142435328
findling-rss 1791048198,4195581952,347439104,24244664,4584546304,6142435328
findling-rss 1791048200,4137897984,347439104,24245056,4526686208,6142435328
findling-rss 1791048202,4137897984,347439104,24243152,4526391296,6142435328
findling-rss 1791048204,4190760960,347439104,24243744,4579418112,6142435328
findling-rss 1791048206,4094504960,347439104,24139712,4482740224,6142435328
findling-rss 1791048208,4199276544,347439104,24247320,4587986944,6142435328
findling-rss 1791048210,4133806080,347439104,24247456,4522274816,6142435328
findling-rss 1791048212,4201099264,347439104,24247808,4589535232,6142435328
findling-rss 1791048214,4182130688,347439104,24249208,4570161152,6142435328
findling-rss 1791048216,4202483712,347439104,24248200,4591075328,6142435328
findling-rss 1791048218,4182126592,347439104,24244504,4571267072,6142435328
findling-rss 1791048220,4202770432,347439104,24242000,4591755264,6142435328
findling-rss 1791048222,4197908480,347439104,24235336,4586201088,6142435328
findling-rss 1791048224,4203139072,347439104,24238856,4592119808,6142435328
findling-rss 1791048226,4201558016,347439104,24239272,4590358528,6142435328
findling-rss 1791048228,4201889792,347439104,24238312,4590493696,6142435328
findling-rss 1791048230,4202496000,347439104,24239632,4591185920,6142435328
findling-rss 1791048232,4202541056,347439104,24243000,4590804992,6142435328
findling-rss 1791048234,4202020864,347439104,24244760,4590501888,6142435328
findling-rss 1791048236,4202409984,347439104,24243720,4591128576,6142435328
findling-rss 1791048238,4202422272,347439104,24242376,4591554560,6142435328
findling-rss 1791048240,4113817600,347439104,24253096,4500504576,6142435328
findling-rss 1791048242,4208087040,347439104,24242616,4596826112,6142435328
findling-rss 1791048244,4117999616,347439104,24241000,4506750976,6142435328
findling-rss 1791048246,4202381312,347439104,24238768,4590342144,6142435328
findling-rss 1791048248,4120616960,347439104,24234032,4508364800,6142435328
findling-rss 1791048250,4154814464,347439104,24236720,4543426560,6142435328
findling-rss 1791048252,4129304576,347439104,24234248,4516945920,6142435328
findling-rss 1791048254,4149616640,347439104,24235864,4538388480,6142435328
findling-rss 1791048256,4173721600,347439104,24237488,4561821696,6142435328
findling-rss 1791048258,4194213888,347439104,24237792,4582739968,6142435328
findling-rss 1791048260,4203606016,347439104,24240432,4592562176,6142435328
findling-rss 1791048262,4203642880,347439104,24242512,4592390144,6142435328
findling-rss 1791048264,4204724224,347439104,24239944,4593713152,6142435328
findling-rss 1791048266,4210262016,347439104,24241784,4599492608,6142435328
findling-rss 1791048268,4204740608,347439104,24242520,4594130944,6142435328
findling-rss 1791048270,4205576192,347439104,24242352,4594978816,6142435328
findling-rss 1791048272,4203569152,347439104,24240512,4592496640,6142435328
findling-rss 1791048274,4207063040,347439104,24239152,4595396608,6142435328
findling-rss 1791048276,5520601088,344010752,25749904,5911654400,6142435328
findling-rss 1791048278,5567279104,344010752,25750144,5958758400,6142435328
findling-rss 1791048280,5364301824,348319744,25890416,5759086592,6142435328
findling-rss 1791048282,5601632256,348332032,25889024,5997572096,6142435328
findling-rss 1791048284,4104749056,343392256,24196200,4489437184,6142435328
findling-rss 1791048286,4104781824,343392256,24197560,4487766016,6142435328
findling-rss 1791048288,4102926336,343392256,24197680,4487016448,6142435328
findling-rss 1791048290,4103225344,343392256,24197784,4487823360,6142435328
findling-rss 1791048292,4103962624,343392256,24193352,4488712192,6142435328
findling-rss 1791048294,4060340224,343392256,24095376,4444815360,6142435328
findling-rss 1791048296,4105154560,343392256,24195688,4489957376,6142435328
findling-rss 1791048298,4088377344,343392256,24197536,4473245696,6142435328
findling-rss 1791048300,4157423616,343392256,24198232,4542361600,6142435328
findling-rss 1791048302,4075401216,343392256,24200296,4456914944,6142435328
findling-rss 1791048304,4104531968,343392256,24200736,4488306688,6142435328
findling-rss 1791048307,4136177664,343392256,24199488,4520292352,6142435328
findling-rss 1791048309,4156661760,343392256,24200704,4541923328,6142435328
findling-rss 1791048311,4147720192,343392256,24198376,4531564544,6142435328
findling-rss 1791048313,4165095424,343392256,24201360,4549595136,6142435328
findling-rss 1791048315,4166414336,343392256,24200696,4550529024,6142435328
findling-rss 1791048317,4173029376,343392256,24197496,4556107776,6142435328
findling-rss 1791048319,4168220672,343392256,24198512,4552892416,6142435328
findling-rss 1791048321,4171108352,343392256,24197928,4556267520,6142435328
findling-rss 1791048323,4168060928,343392256,24198480,4553297920,6142435328
findling-rss 1791048325,4168060928,343392256,24200320,4553175040,6142435328
findling-rss 1791048327,4170166272,343392256,24200584,4554891264,6142435328
findling-rss 1791048329,4172267520,343392256,24201944,4556541952,6142435328
findling-rss 1791048331,5661470720,347668480,25753712,6057238528,6142435328
findling-rss 1791048333,5683097600,347668480,25750168,6078042112,6142435328
findling-rss 1791048335,5589798912,352948224,25920440,5990932480,6142435328
findling-rss 1791048337,5608357888,352948224,25916296,6008672256,6142435328
findling-rss 1791048339,4441440256,347529216,24396568,4831965184,6142435328
findling-rss 1791048341,4345970688,347181056,24278496,4734525440,6142435328
findling-rss 1791048343,4341796864,347181056,24274200,4730220544,6142435328
findling-rss 1791048345,4160278528,347181056,24065240,4548120576,6142435328
findling-rss 1791048347,4299780096,347181056,24272032,4688162816,6142435328
findling-rss 1791048349,4220379136,347181056,24265328,4607021056,6142435328
findling-rss 1791048351,4341870592,347181056,24269464,4730478592,6142435328
findling-rss 1791048353,4224606208,347181056,24270664,4613324800,6142435328
findling-rss 1791048355,4300500992,347181056,24271240,4689518592,6142435328
findling-rss 1791048357,4319514624,347181056,24271136,4708048896,6142435328
findling-rss 1791048359,4342370304,347181056,24272232,4731506688,6142435328
findling-rss 1791048361,4331737088,347181056,24273768,4720697344,6142435328
findling-rss 1791048363,4358291456,347181056,24271344,4747370496,6142435328
findling-rss 1791048365,4332994560,347181056,24276744,4721913856,6142435328
findling-rss 1791048367,4352868352,347181056,24317416,4743151616,6142435328
findling-rss 1791048369,4352720896,347181056,24273248,4741713920,6142435328
findling-rss 1791048371,4347322368,347181056,24274112,4745498624,6142435328
findling-rss 1791048373,4300218368,347181056,24273024,4689600512,6142435328
findling-rss 1791048375,4141010944,342982656,24046360,4525719552,6142435328
findling-rss 1791048377,4139728896,342982656,24041088,4523892736,6142435328
findling-rss 1791048379,4140523520,342982656,24041768,4524224512,6142435328
findling-rss 1791048381,5449269248,345538560,25711304,5841588224,6142435328
findling-rss 1791048383,5529718784,345538560,25710232,5923352576,6142435328
findling-rss 1791048385,5472215040,350818304,25879888,5870850048,6142435328
findling-rss 1791048387,5530021888,350818304,25879608,5928759296,6142435328
findling-rss 1791048389,4451012608,347299840,24632648,4841021440,6142435328
findling-rss 1791048391,4357406720,346959872,24516552,4746612736,6142435328
findling-rss 1791048393,4304543744,346959872,24511032,4693729280,6142435328
findling-rss 1791048395,4213649408,345907200,24371560,4601131008,6142435328
findling-rss 1791048397,4260311040,345907200,24364632,4648370176,6142435328
findling-rss 1791048399,4269019136,345907200,24365384,4656545792,6142435328
findling-rss 1791048401,4116586496,344170496,24208568,4501909504,6142435328
findling-rss 1791048403,3999989760,344170496,24011696,4377780224,6142435328
findling-rss 1791048405,4165586944,344170496,24207968,4551036928,6142435328
findling-rss 1791048407,3973644288,342061056,23936312,4355661824,6142435328
findling-rss 1791048409,4017508352,342061056,24040816,4398379008,6142435328
findling-rss 1791048411,4015194112,342061056,24045256,4397907968,6142435328
findling-rss 1791048413,4069466112,342061056,24037856,4453052416,6142435328
findling-rss 1791048415,3997421568,342061056,24040240,4376621056,6142435328
findling-rss 1791048417,4017262592,342061056,24038560,4400414720,6142435328
findling-rss 1791048419,4180443136,341807104,24521352,4554895360,6142435328
findling-rss 1791048421,5564706816,344264704,25692096,5956538368,6142435328
findling-rss 1791048423,4848152576,343576576,25171840,5237456896,6142435328
findling-rss 1791048425,5553786880,348143616,25821208,5949870080,6142435328
findling-rss 1791048427,4464455680,344621056,24624896,4860477440,6142435328
findling-rss 1791048429,4155543552,343207936,24121984,4540452864,6142435328
findling-rss 1791048431,4064919552,343207936,24018224,4448038912,6142435328
findling-rss 1791048433,4144455680,343207936,24127696,4528275456,6142435328
findling-rss 1791048435,4064919552,343207936,24022816,4448890880,6142435328
findling-rss 1791048437,4109000704,343207936,24129296,4493385728,6142435328
findling-rss 1791048439,4041347072,343207936,24127656,4425019392,6142435328
findling-rss 1791048441,4115165184,343207936,24128312,4499304448,6142435328
findling-rss 1791048443,4104978432,343207936,24126888,4492972032,6142435328
findling-rss 1791048445,4161806336,343207936,24125488,4546015232,6142435328
findling-rss 1791048447,4088680448,343207936,24140616,4472881152,6142435328
findling-rss 1791048449,4108353536,343207936,24127320,4491960320,6142435328
findling-rss 1791048451,4140765184,343207936,24127784,4525092864,6142435328
findling-rss 1791048453,4161785856,343207936,24131808,4546105344,6142435328
findling-rss 1791048455,4102553600,343207936,24130376,4484976640,6142435328
findling-rss 1791048457,4108754944,343207936,24125224,4492509184,6142435328
findling-rss 1791048459,4160516096,343207936,24124656,4544831488,6142435328
findling-rss 1791048461,4161150976,343207936,24125488,4545466368,6142435328
findling-rss 1791048463,4170850304,343207936,24128208,4555321344,6142435328
findling-rss 1791048465,4172292096,343207936,24127184,4556836864,6142435328
findling-rss 1791048467,4171489280,343207936,24128640,4556095488,6142435328
findling-rss 1791048469,4171558912,343207936,24127080,4555771904,6142435328
findling-rss 1791048471,5472718848,345812992,25759504,5865103360,6142435328
findling-rss 1791048473,5525573632,345812992,25761384,5919465472,6142435328
findling-rss 1791048475,5638037504,345751552,25771840,6030188544,6142435328
findling-rss 1791048477,5665652736,345751552,25776200,6059012096,6142435328
findling-rss 1791048479,4349194240,341225472,24272816,4732317696,6142435328
findling-rss 1791048481,4160839680,340537344,24036632,4542877696,6142435328
findling-rss 1791048483,4108333056,340537344,24027168,4489551872,6142435328
findling-rss 1791048485,4108394496,340537344,24022328,4489809920,6142435328
findling-rss 1791048487,5420867584,344510464,25741072,5811613696,6142435328
findling-rss 1791048489,5521113088,344510464,25739424,5913120768,6142435328
findling-rss 1791048491,5526446080,346542080,25837312,5916549120,6142435328
findling-rss 1791048493,5623468032,346542080,25805328,6017961984,6142435328
findling-rss 1791048495,4152950784,340639744,24093328,4534829056,6142435328
findling-rss 1791048497,4066013184,340639744,23990080,4447526912,6142435328
findling-rss 1791048499,4105383936,340639744,24092288,4486668288,6142435328
findling-rss 1791048501,4064399360,340647936,24091904,4445184000,6142435328
findling-rss 1791048503,4151984128,340647936,24091264,4533805056,6142435328
findling-rss 1791048505,4195749888,342159360,24055208,4565901312,6142435328
findling-rss 1791048507,5507559424,344621056,25758816,5899907072,6142435328
findling-rss 1791048509,4631085056,344408064,24582016,5015220224,6142435328
findling-rss 1791048511,5615902720,345460736,25799952,6009032704,6142435328
findling-rss 1791048513,4166635520,341106688,24238288,4549140480,6142435328
findling-rss 1791048515,4152778752,340754432,24113912,4533850112,6142435328
findling-rss 1791048517,4123758592,340754432,24115688,4504993792,6142435328
findling-rss 1791048519,4152918016,340754432,24114776,4534763520,6142435328
findling-rss 1791048521,4132450304,340754432,24112152,4514660352,6142435328
findling-rss 1791048523,4225699840,340754432,24113816,4598722560,6142435328
findling-rss 1791048525,5006192640,346939392,25728728,5397127168,6142435328
findling-rss 1791048527,5555298304,346939392,25842064,5949988864,6142435328
findling-rss 1791048529,5033349120,345845760,25833336,5425528832,6142435328
findling-rss 1791048531,5518782464,345845760,25822848,5912195072,6142435328
findling-rss 1791048533,4155604992,341225472,24217888,4537032704,6142435328
findling-rss 1791048535,4162363392,341225472,24214840,4545605632,6142435328
findling-rss 1791048537,4065214464,340869120,24092992,4446666752,6142435328
findling-rss 1791048539,4065226752,340869120,24094880,4446572544,6142435328
findling-rss 1791048541,5369217024,344629248,25660896,5757202432,6142435328
findling-rss 1791048543,5512593408,344629248,25672792,5904506880,6142435328
findling-rss 1791048545,5076508672,345985024,25288240,5482614784,6142435328
findling-rss 1791048547,5506437120,346341376,25713912,5898850304,6142435328
findling-rss 1791048549,4454072320,343179264,24600496,4884344832,6142435328
findling-rss 1791048551,4114255872,341422080,24008568,4496596992,6142435328
findling-rss 1791048553,4088877056,341422080,24007808,4470956032,6142435328
findling-rss 1791048555,4109107200,341422080,24010088,4491558912,6142435328
findling-rss 1791048557,4088868864,341422080,24011832,4471111680,6142435328
findling-rss 1791048560,4112248832,341422080,24010360,4495138816,6142435328
findling-rss 1791048562,4105904128,341422080,24010040,4488138752,6142435328
findling-rss 1791048564,4109049856,341422080,24006032,4490752000,6142435328
findling-rss 1791048566,4108632064,341422080,24010464,4490858496,6142435328
findling-rss 1791048568,4109225984,341422080,24009440,4491931648,6142435328
findling-rss 1791048570,5298802688,344473600,25654624,5688897536,6142435328
findling-rss 1791048572,5629370368,344473600,25685528,6021361664,6142435328
findling-rss 1791048574,5359157248,346492928,25642768,5752672256,6142435328
findling-rss 1791048576,5570949120,346492928,25761744,5964763136,6142435328
findling-rss 1791048578,4132265984,341561344,24063048,4515282944,6142435328
findling-rss 1791048580,4162682880,341561344,24065872,4545667072,6142435328
findling-rss 1791048582,4146872320,341561344,24063232,4530016256,6142435328
findling-rss 1791048584,4166258688,341975040,24074336,4549550080,6142435328
findling-rss 1791048586,4142174208,341975040,24074512,4524527616,6142435328
findling-rss 1791048588,4160843776,341975040,24075552,4543873024,6142435328
findling-rss 1791048590,4170186752,341975040,24073128,4553547776,6142435328
findling-rss 1791048592,4175323136,341975040,24076704,4558639104,6142435328
findling-rss 1791048594,4172001280,341975040,24076400,4554780672,6142435328
findling-rss 1791048596,4172845056,341975040,24076376,4556505088,6142435328
findling-rss 1791048598,5245116416,347328512,25768440,5629313024,6142435328
findling-rss 1791048600,5525487616,347328512,25784416,5919686656,6142435328
findling-rss 1791048602,5152292864,347324416,25691464,5544214528,6142435328
findling-rss 1791048604,5603475456,347324416,25804720,5998358528,6142435328
findling-rss 1791048606,4404924416,343461888,24413904,4788850688,6142435328
findling-rss 1791048608,4522516480,343461888,24408016,4908519424,6142435328
findling-rss 1791048610,4245049344,342781952,24169832,4629032960,6142435328
findling-rss 1791048612,4273582080,342781952,24169360,4657664000,6142435328
findling-rss 1791048614,4433379328,344051712,25031656,4814766080,6142435328
findling-rss 1791048616,5594365952,346857472,25784400,5989650432,6142435328
findling-rss 1791048618,4628246528,350031872,25295728,5012250624,6142435328
findling-rss 1791048620,5491699712,351203328,25995552,5890809856,6142435328
findling-rss 1791048622,4329299968,347709440,24650824,4774158336,6142435328
findling-rss 1791048624,4165619712,344662016,24189272,4551946240,6142435328
findling-rss 1791048626,3923046400,344305664,24000768,4307316736,6142435328
findling-rss 1791048628,4024365056,344305664,24062272,4409839616,6142435328
findling-rss 1791048630,3945463808,344305664,24060000,4330061824,6142435328
findling-rss 1791048632,4083380224,344305664,24061768,4468183040,6142435328
findling-rss 1791048634,3960496128,344305664,24064208,4345176064,6142435328
findling-rss 1791048636,4027158528,344305664,24063280,4412178432,6142435328
findling-rss 1791048638,3910791168,342220800,23892488,4292907008,6142435328
findling-rss 1791048640,3930546176,342220800,23891808,4312924160,6142435328
findling-rss 1791048642,4597223424,345247744,25137112,5004832768,6142435328
findling-rss 1791048644,5484662784,345956352,25847528,5878173696,6142435328
findling-rss 1791048646,4863483904,347590656,25590808,5244133376,6142435328
findling-rss 1791048648,5477236736,347938816,25897872,5872996352,6142435328
findling-rss 1791048650,4297756672,344092672,24543432,4683677696,6142435328
findling-rss 1791048652,4171710464,343744512,24427624,4557217792,6142435328
findling-rss 1791048654,3819552768,342331392,23927736,4200165376,6142435328
findling-rss 1791048656,3877150720,342331392,23925528,4259115008,6142435328
findling-rss 1791048658,3877363712,342331392,23921168,4259725312,6142435328
findling-rss 1791048660,3874205696,342331392,23921752,4256587776,6142435328
findling-rss 1791048662,3819913216,342331392,23922872,4202315776,6142435328
findling-rss 1791048664,3723866112,342331392,23817024,4105175040,6142435328
findling-rss 1791048666,3820109824,342331392,23922384,4202475520,6142435328
findling-rss 1791048668,3723870208,340303872,23824800,4103925760,6142435328
findling-rss 1791048670,5374234624,345567232,25855984,5766692864,6142435328
findling-rss 1791048672,4964818944,345251840,25207800,5351186432,6142435328
findling-rss 1791048674,5445021696,350154752,25844520,5841158144,6142435328
findling-rss 1791048676,4993638400,348381184,25351840,5387096064,6142435328
findling-rss 1791048678,3915280384,345231360,24156728,4300840960,6142435328
findling-rss 1791048680,4015808512,345243648,24262792,4402393088,6142435328
findling-rss 1791048682,3951276032,345243648,24260016,4335472640,6142435328
findling-rss 1791048684,4012093440,345243648,24263264,4398526464,6142435328
findling-rss 1791048686,3993210880,345243648,24264616,4379914240,6142435328
findling-rss 1791048688,4012556288,345243648,24263288,4399243264,6142435328
findling-rss 1791048690,4010868736,345243648,24257328,4396605440,6142435328
findling-rss 1791048692,4013244416,345243648,24259392,4398837760,6142435328
findling-rss 1791048694,4012425216,345243648,24263344,4398071808,6142435328
findling-rss 1791048696,4012904448,345243648,24265720,4397666304,6142435328
findling-rss 1791048698,3960446976,345243648,24258752,4346544128,6142435328
findling-rss 1791048700,3961290752,345243648,24260296,4347846656,6142435328
findling-rss 1791048702,3960975360,345243648,24259328,4347326464,6142435328
findling-rss 1791048704,3960975360,345243648,24259088,4346892288,6142435328
findling-rss 1791048706,4007514112,345243648,24259224,4393328640,6142435328
findling-rss 1791048708,4009725952,345243648,24258464,4396371968,6142435328
findling-rss 1791048710,4016934912,345243648,24329312,4402749440,6142435328
findling-rss 1791048712,3919876096,345243648,24161392,4305776640,6142435328
findling-rss 1791048714,4015833088,345243648,24261528,4401881088,6142435328
findling-rss 1791048716,3947692032,345243648,24265184,4333572096,6142435328
findling-rss 1791048718,4017807360,345243648,24261744,4404072448,6142435328
findling-rss 1791048720,3987005440,345243648,24258936,4373098496,6142435328
findling-rss 1791048722,4016066560,345243648,24260360,4402376704,6142435328
findling-rss 1791048724,3942969344,345243648,24262520,4328988672,6142435328
findling-rss 1791048726,3963244544,345243648,24261096,4348801024,6142435328
findling-rss 1791048728,4519030784,344326144,25188584,4905246720,6142435328
findling-rss 1791048730,5488062464,346771456,25914144,5882183680,6142435328
findling-rss 1791048732,4926025728,346738688,25591944,5314498560,6142435328
findling-rss 1791048734,5503848448,346738688,25934256,5898158080,6142435328
findling-rss 1791048736,4190908416,342560768,24438792,4575182848,6142435328
findling-rss 1791048738,4039168000,342204416,24315072,4421332992,6142435328
findling-rss 1791048740,3848278016,341848064,24084144,4230074368,6142435328
findling-rss 1791048742,4032069632,341848064,24192400,4414517248,6142435328
findling-rss 1791048744,4196257792,404733952,25992488,4642549760,6142435328
findling-rss 1791048746,5463142400,345616384,25780304,5856231424,6142435328
findling-rss 1791048748,4974055424,344350720,25214096,5419962368,6142435328
findling-rss 1791048750,5462921216,347525120,25821544,5856817152,6142435328
findling-rss 1791048752,5374021632,347176960,25665616,5811916800,6142435328
findling-rss 1791048754,4023685120,343506944,24131944,4407308288,6142435328
findling-rss 1791048756,3811758080,343154688,23906712,4193521664,6142435328
findling-rss 1791048758,3825192960,343154688,24009960,4208504832,6142435328
findling-rss 1791048760,3740598272,343154688,24009664,4123971584,6142435328
findling-rss 1791048762,3729678336,342122496,23872432,4111495168,6142435328
findling-rss 1791048764,3701174272,342122496,23873280,4082540544,6142435328
findling-rss 1791048766,3729436672,342122496,23873256,4111159296,6142435328
findling-rss 1791048768,4087078912,354525184,25188496,4471922688,6142435328
findling-rss 1791048770,5420789760,356999168,26133600,5825986560,6142435328
findling-rss 1791048772,4333158400,356990976,25296248,4725276672,6142435328
findling-rss 1791048774,5372645376,356986880,26258360,5776949248,6142435328
findling-rss 1791048776,4402315264,354885632,25380800,4800520192,6142435328
findling-rss 1791048778,4258201600,353837056,25133072,4655017984,6142435328
findling-rss 1791048780,3616256000,352792576,24311912,4008964096,6142435328
findling-rss 1791048782,3779112960,352792576,24317208,4171911168,6142435328
findling-rss 1791048784,3637366784,352792576,24315632,4029353984,6142435328
findling-rss 1791048786,3725963264,352792576,24316208,4119310336,6142435328
findling-rss 1791048788,3697225728,352792576,24315104,4088119296,6142435328
findling-rss 1791048790,3728334848,352792576,24316952,4120539136,6142435328
findling-rss 1791048792,3705176064,352792576,24305200,4098404352,6142435328
findling-rss 1791048794,3731316736,352792576,24307344,4123774976,6142435328
findling-rss 1791048796,3723567104,352792576,24309728,4116340736,6142435328
findling-rss 1791048798,3728318464,352792576,24311328,4121378816,6142435328
findling-rss 1791048800,3777028096,352792576,24311432,4170452992,6142435328
findling-rss 1791048802,3777478656,352792576,24311568,4170489856,6142435328
findling-rss 1791048805,3724447744,352792576,24310160,4117413888,6142435328
findling-rss 1791048807,3629953024,349302784,24104368,4018262016,6142435328
findling-rss 1791048809,3533520896,345788416,23898064,3917885440,6142435328
findling-rss 1791048811,3533594624,345788416,23897880,3917819904,6142435328
findling-rss 1791048813,3534041088,345788416,23896224,3918331904,6142435328
findling-rss 1791048815,3456081920,345788416,23801528,3835932672,6142435328
findling-rss 1791048817,3533193216,345788416,23894936,3916800000,6142435328
findling-rss 1791048819,3447156736,345788416,23898208,3831480320,6142435328
findling-rss 1791048821,3533103104,345788416,23893400,3918225408,6142435328
findling-rss 1791048823,3487469568,345788416,23892424,3872395264,6142435328
findling-rss 1791048825,3532697600,345788416,23895544,3917295616,6142435328
findling-rss 1791048827,3755823104,348475392,24357752,4142817280,6142435328
findling-rss 1791048829,5374898176,350932992,26175552,5770866688,6142435328
findling-rss 1791048831,4440162304,349433856,25470896,4826603520,6142435328
findling-rss 1791048833,5496295424,349794304,26169408,5890949120,6142435328
findling-rss 1791048835,4971536384,349093888,25703640,5405413376,6142435328
findling-rss 1791048837,3455107072,345214976,23901280,3838857216,6142435328
findling-rss 1791048839,3172769792,344862720,23468112,3554168832,6142435328
findling-rss 1791048841,3270455296,344862720,23553256,3652800512,6142435328
findling-rss 1791048843,3173818368,344862720,23449000,3555807232,6142435328
findling-rss 1791048845,3270406144,344862720,23551080,3652550656,6142435328
findling-rss 1791048847,3213090816,344862720,23547656,3594747904,6142435328
findling-rss 1791048849,3269877760,344862720,23550392,3651223552,6142435328
findling-rss 1791048851,3196837888,344862720,23552208,3578757120,6142435328
findling-rss 1791048853,3216814080,344862720,23550880,3598696448,6142435328
findling-rss 1791048855,3210223616,344862720,23548504,3590238208,6142435328
findling-rss 1791048857,3216977920,344862720,23550976,3598483456,6142435328
findling-rss 1791048859,3260452864,344862720,23551640,3642564608,6142435328
findling-rss 1791048861,3261992960,344862720,23551672,3643613184,6142435328
findling-rss 1791048863,3270889472,344862720,23550408,3652788224,6142435328
findling-rss 1791048865,3271139328,344862720,23551528,3652907008,6142435328
findling-rss 1791048867,3271725056,344862720,23553032,3653464064,6142435328
findling-rss 1791048869,3272511488,344862720,23553032,3654123520,6142435328
findling-rss 1791048871,3272036352,344862720,23554160,3654627328,6142435328
findling-rss 1791048873,3113058304,340738048,23322816,3490070528,6142435328
findling-rss 1791048875,5197987840,353771520,26404848,5598986240,6142435328
findling-rss 1791048877,5160579072,353415168,26300768,5560537088,6142435328
findling-rss 1791048879,5310160896,359522304,26549192,5715554304,6142435328
findling-rss 1791048881,4935376896,358813696,25977264,5337575424,6142435328
findling-rss 1791048883,3757633536,354476032,24960080,4151910400,6142435328
findling-rss 1791048885,3608162304,354144256,24732328,4001316864,6142435328
findling-rss 1791048887,3658547200,354144256,24836344,4051963904,6142435328
findling-rss 1791048889,3594940416,354144256,24834584,3988828160,6142435328
findling-rss 1791048891,3662532608,354144256,24831032,4055937024,6142435328
findling-rss 1791048893,3511472128,352735232,24681032,3903700992,6142435328
findling-rss 1791048895,3505061888,352735232,24692648,3897098240,6142435328
findling-rss 1791048897,3512049664,352735232,24681136,3903971328,6142435328
findling-rss 1791048899,3452932096,352735232,24682200,3843006464,6142435328
findling-rss 1791048901,3454369792,352735232,24683560,3846311936,6142435328
findling-rss 1791048903,3451207680,352735232,24685472,3843977216,6142435328
findling-rss 1791048905,3304882176,352735232,24498608,3718463488,6142435328
findling-rss 1791048907,3497295872,352735232,24683968,3888435200,6142435328
findling-rss 1791048909,3319803904,352735232,24578456,3709587456,6142435328
findling-rss 1791048911,3507896320,352735232,24681512,3900506112,6142435328
findling-rss 1791048913,3398770688,352735232,24683216,3790340096,6142435328
findling-rss 1791048915,3509854208,352735232,24682176,3901591552,6142435328
findling-rss 1791048917,3469856768,352735232,24722384,3861659648,6142435328
findling-rss 1791048919,3510521856,352735232,24681712,3902578688,6142435328
findling-rss 1791048921,3346776064,348901376,24462880,3734343680,6142435328
findling-rss 1791048923,3350118400,348901376,24464976,3737776128,6142435328
findling-rss 1791048925,3349995520,348901376,24465536,3737362432,6142435328
findling-rss 1791048927,3350994944,348901376,24466696,3738845184,6142435328
findling-rss 1791048929,3351097344,348901376,24466352,3738423296,6142435328
findling-rss 1791048931,3354800128,348901376,24464312,3742031872,6142435328
findling-rss 1791048933,3351408640,348901376,24469272,3739422720,6142435328
findling-rss 1791048935,3351408640,348901376,24469272,3739553792,6142435328
findling-rss 1791048937,3353899008,348901376,24466368,3740532736,6142435328
findling-rss 1791048939,3256999936,348901376,24368696,3644215296,6142435328
findling-rss 1791048941,3353227264,348901376,24462432,3741040640,6142435328
findling-rss 1791048943,3296387072,348901376,24464088,3684081664,6142435328
findling-rss 1791048945,3354091520,348901376,24463448,3741380608,6142435328
findling-rss 1791048947,3279728640,348901376,24461248,3666100224,6142435328
findling-rss 1791048949,3300028416,348901376,24463272,3686866944,6142435328
findling-rss 1791048951,3279724544,348901376,24464264,3666882560,6142435328
findling-rss 1791048953,3301277696,348901376,24464944,3688566784,6142435328
findling-rss 1791048955,3341451264,348901376,24465368,3728773120,6142435328
findling-rss 1791048957,3346501632,348901376,24463272,3733405696,6142435328
findling-rss 1791048959,3354079232,348901376,24463568,3741077504,6142435328
findling-rss 1791048961,3359752192,348901376,24464936,3746734080,6142435328
findling-rss 1791048963,4683579392,346157056,25870376,5068075008,6142435328
findling-rss 1791048965,5363077120,346157056,26244968,5755944960,6142435328
findling-rss 1791048967,4648824832,344821760,25782840,5037543424,6142435328
findling-rss 1791048969,4850249728,344821760,25801624,5240086528,6142435328
findling-rss 1791048971,3264675840,341008384,24475616,3643969536,6142435328
findling-rss 1791048973,3264675840,341008384,24475032,3644538880,6142435328
findling-rss 1791048975,3264675840,341008384,24476128,3644968960,6142435328
findling-rss 1791048977,3322290176,341008384,24477248,3701256192,6142435328
findling-rss 1791048979,3264675840,341008384,24476944,3643981824,6142435328
findling-rss 1791048981,3264675840,341008384,24476944,3644567552,6142435328
findling-rss 1791048983,3264675840,341008384,24477384,3644645376,6142435328
findling-rss 1791048985,3264675840,341008384,24476160,3644596224,6142435328
findling-rss 1791048987,3264675840,341008384,24474592,3644194816,6142435328
findling-rss 1791048989,3264675840,341008384,24476192,3644010496,6142435328
findling-rss 1791048991,3264675840,341008384,24476568,3644100608,6142435328
findling-rss 1791048993,3264675840,341008384,24475448,3644841984,6142435328
findling-rss 1791048995,3264675840,341008384,24479576,3644239872,6142435328
findling-rss 1791048997,3264675840,341008384,24474392,3643310080,6142435328
findling-rss 1791048999,3264675840,341008384,24474024,3643691008,6142435328
findling-rss 1791049001,3264675840,341008384,24473672,3644497920,6142435328
findling-rss 1791049003,3264675840,341008384,24475512,3644162048,6142435328
findling-rss 1791049005,3264675840,341008384,24487264,3644428288,6142435328
findling-rss 1791049007,3264675840,341008384,24476432,3644321792,6142435328
findling-rss 1791049009,3264675840,341008384,24475312,3644276736,6142435328
findling-rss 1791049011,3264675840,341008384,24474392,3644448768,6142435328
findling-rss 1791049013,3264675840,341008384,24475472,3644465152,6142435328
findling-rss 1791049015,3264675840,341008384,24475928,3644735488,6142435328
findling-rss 1791049017,3264675840,341008384,24476576,3644608512,6142435328
findling-rss 1791049019,3264675840,341008384,24475840,3644112896,6142435328
findling-rss 1791049021,3264675840,341008384,24474392,3642310656,6142435328
findling-rss 1791049023,3264675840,341008384,24469800,3644354560,6142435328
findling-rss 1791049025,3264675840,341008384,24469360,3644502016,6142435328
findling-rss 1791049027,3264675840,341008384,24467624,3643703296,6142435328
findling-rss 1791049029,3264675840,341008384,24466536,3644080128,6142435328
findling-rss 1791049031,3264675840,341008384,24467656,3644567552,6142435328
findling-rss 1791049033,3264675840,341008384,24474120,3643682816,6142435328
findling-rss 1791049035,3264675840,341008384,24475744,3644653568,6142435328
findling-rss 1791049037,3264675840,341008384,24477584,3644018688,6142435328
findling-rss 1791049039,3264675840,341008384,24474736,3644047360,6142435328
findling-rss 1791049041,3264675840,341008384,24474496,3644399616,6142435328
findling-rss 1791049043,3264675840,341008384,24475008,3644248064,6142435328
findling-rss 1791049045,3264675840,341008384,24476632,3644321792,6142435328
findling-rss 1791049047,3264675840,341008384,24473136,3644063744,6142435328
findling-rss 1791049049,3264675840,341008384,24475176,3643920384,6142435328
findling-rss summary samples=1796 max_anon=5683253248 peak=6142435328 events=[low=0 high=0 max=0 oom=0 oom_kill=0 oom_group_kill=0 sock_throttled=0] oom_killed=false
