findling-rss timestamp,anon,file,slab,current,peak
findling-rss 1791088652,132517888,62681088,7228728,204840960,2508652544
findling-rss 1791088654,132521984,63442944,7266896,205877248,2508652544
findling-rss 1791088656,132521984,63442944,7268056,206557184,2508652544
findling-rss 1791088658,132521984,63442944,7269280,206471168,2508652544
findling-rss 1791088660,132521984,63442944,7266224,206462976,2508652544
findling-rss 1791088662,133197824,63451136,7271584,207355904,2508652544
findling-rss 1791088664,133197824,63451136,7272608,207421440,2508652544
findling-rss 1791088666,133197824,63451136,7269824,206524416,2508652544
findling-rss 1791088668,133197824,63451136,7265576,206704640,2508652544
findling-rss 1791088670,133197824,63451136,7266496,207654912,2508652544
findling-rss 1791088672,133197824,63451136,7266696,206913536,2508652544
findling-rss 1791088674,133197824,63451136,7269760,207745024,2508652544
findling-rss 1791088676,133197824,63451136,7268976,207331328,2508652544
findling-rss 1791088678,135176192,63451136,7273160,209358848,2508652544
findling-rss 1791088680,135176192,63451136,7274280,209424384,2508652544
findling-rss 1791088682,135176192,63451136,7275640,208601088,2508652544
findling-rss 1791088684,135176192,63451136,7277240,209362944,2508652544
findling-rss 1791088686,135176192,63451136,7277920,209268736,2508652544
findling-rss 1791088688,135176192,63451136,7278456,209698816,2508652544
findling-rss 1791088690,135176192,63451136,7273600,209395712,2508652544
findling-rss 1791088692,135176192,63451136,7275200,208994304,2508652544
findling-rss 1791088694,135176192,63451136,7274112,208764928,2508652544
findling-rss 1791088696,135176192,63451136,7275472,209002496,2508652544
findling-rss 1791088698,136536064,63451136,7308288,209588224,2508652544
findling-rss 1791088700,135176192,63451136,7271832,208924672,2508652544
findling-rss 1791088702,135176192,63451136,7273192,209354752,2508652544
findling-rss 1791088704,135176192,63451136,7275272,208998400,2508652544
findling-rss 1791088706,135180288,63451136,7275168,209268736,2508652544
findling-rss 1791088708,135540736,63451136,7276424,209870848,2508652544
findling-rss 1791088710,135540736,63451136,7275200,209428480,2508652544
findling-rss 1791088712,135540736,63451136,7275200,209534976,2508652544
findling-rss 1791088714,135540736,63451136,7273944,209793024,2508652544
findling-rss 1791088716,135540736,63451136,7273504,209412096,2508652544
findling-rss 1791088718,135540736,63451136,7273128,209088512,2508652544
findling-rss 1791088720,135540736,63451136,7273392,210178048,2508652544
findling-rss 1791088722,135540736,63451136,7272616,210096128,2508652544
findling-rss 1791088724,135540736,63451136,7273840,209289216,2508652544
findling-rss 1791088726,135540736,63451136,7275200,209997824,2508652544
findling-rss 1791088728,135540736,63451136,7275336,209129472,2508652544
findling-rss 1791088730,135540736,63451136,7276696,209403904,2508652544
findling-rss 1791088732,135540736,63451136,7278056,208748544,2508652544
findling-rss 1791088734,135540736,63451136,7277616,209731584,2508652544
findling-rss 1791088736,135540736,63451136,7275712,209186816,2508652544
findling-rss 1791088738,135675904,63451136,7275472,209514496,2508652544
findling-rss 1791088740,135675904,63451136,7272584,209694720,2508652544
findling-rss 1791088742,135675904,63451136,7272584,209707008,2508652544
findling-rss 1791088744,135675904,63451136,7273632,209846272,2508652544
findling-rss 1791088746,135675904,63451136,7271160,209551360,2508652544
findling-rss 1791088748,135675904,63451136,7271800,210182144,2508652544
findling-rss 1791088750,135675904,63451136,7271800,208338944,2508652544
findling-rss 1791088752,135675904,63451136,7273160,209231872,2508652544
findling-rss 1791088754,135675904,63451136,7274520,209293312,2508652544
findling-rss 1791088756,135675904,63451136,7274216,209162240,2508652544
findling-rss 1791088758,135675904,63451136,7273296,208941056,2508652544
findling-rss 1791088760,135675904,63451136,7273536,209334272,2508652544
findling-rss 1791088762,135675904,63451136,7274896,209727488,2508652544
findling-rss 1791088764,135675904,63451136,7274896,209899520,2508652544
findling-rss 1791088766,135680000,63451136,7273976,209743872,2508652544
findling-rss 1791088768,137936896,63451136,7283040,211787776,2508652544
findling-rss 1791088770,137936896,63451136,7272208,211558400,2508652544
findling-rss 1791088772,137936896,63451136,7273560,211968000,2508652544
findling-rss 1791088774,137949184,63463424,7279160,211320832,2508652544
findling-rss 1791088776,137949184,63463424,7280888,211730432,2508652544
findling-rss 1791088778,137949184,63463424,7282248,211476480,2508652544
findling-rss 1791088780,137949184,63463424,7276200,211587072,2508652544
findling-rss 1791088782,137949184,63463424,7277560,212013056,2508652544
findling-rss 1791088784,137949184,63463424,7277016,212516864,2508652544
findling-rss 1791088786,137949184,63463424,7279096,212316160,2508652544
findling-rss 1791088788,137949184,63463424,7276000,211701760,2508652544
findling-rss 1791088790,137949184,63463424,7275384,211677184,2508652544
findling-rss 1791088792,138997760,63463424,7276160,212586496,2508652544
findling-rss 1791088794,137949184,63463424,7276440,211783680,2508652544
findling-rss 1791088796,137949184,63463424,7274264,212312064,2508652544
findling-rss 1791088798,138174464,63463424,7274296,212213760,2508652544
findling-rss 1791088800,138174464,63463424,7275656,212713472,2508652544
findling-rss 1791088802,138174464,63463424,7277016,212893696,2508652544
findling-rss 1791088804,138174464,63463424,7277896,212267008,2508652544
findling-rss 1791088806,138174464,63463424,7277528,212549632,2508652544
findling-rss 1791088808,138174464,63463424,7279392,212602880,2508652544
findling-rss 1791088810,138178560,63463424,7275584,211832832,2508652544
findling-rss 1791088812,138178560,63463424,7273888,212873216,2508652544
findling-rss 1791088814,138182656,63463424,7274872,212361216,2508652544
findling-rss 1791088816,138182656,63463424,7274568,212361216,2508652544
findling-rss 1791088818,138182656,63463424,7271984,211660800,2508652544
findling-rss 1791088820,138182656,63463424,7273344,211845120,2508652544
findling-rss 1791088823,138182656,63463424,7274704,212541440,2508652544
findling-rss 1791088825,138182656,63463424,7276400,212078592,2508652544
findling-rss 1791088827,138186752,63463424,7276816,212156416,2508652544
findling-rss 1791088829,138506240,63463424,7277528,212443136,2508652544
findling-rss 1791088831,138506240,63463424,7277968,212414464,2508652544
findling-rss 1791088833,138510336,63463424,7278784,212058112,2508652544
findling-rss 1791088835,138510336,63463424,7279976,212901888,2508652544
findling-rss 1791088837,138510336,63463424,7280896,212545536,2508652544
findling-rss 1791088839,138510336,63463424,7279808,212697088,2508652544
findling-rss 1791088841,138514432,63463424,7278648,212549632,2508652544
findling-rss 1791088843,138518528,63463424,7280008,212692992,2508652544
findling-rss 1791088845,138539008,63463424,7278376,212918272,2508652544
findling-rss 1791088847,138539008,63463424,7280000,212914176,2508652544
findling-rss 1791088849,138539008,63463424,7276744,211763200,2508652544
findling-rss 1791088851,138539008,63463424,7278104,212455424,2508652544
findling-rss 1791088853,138539008,63463424,7279464,212742144,2508652544
findling-rss 1791088855,138539008,63463424,7279024,212471808,2508652544
findling-rss 1791088857,138539008,63463424,7278840,212676608,2508652544
findling-rss 1791088859,138850304,63463424,7278176,211918848,2508652544
findling-rss 1791088861,138850304,63463424,7275832,212480000,2508652544
findling-rss 1791088863,138850304,63463424,7285944,212451328,2508652544
findling-rss 1791088865,138850304,63463424,7275352,212193280,2508652544
findling-rss 1791088867,138850304,63463424,7276272,212295680,2508652544
findling-rss 1791088869,138850304,63463424,7277632,212553728,2508652544
findling-rss 1791088871,138850304,63463424,7277832,212041728,2508652544
findling-rss 1791088873,138850304,63463424,7279056,212537344,2508652544
findling-rss 1791088875,138850304,63463424,7279432,212557824,2508652544
findling-rss 1791088877,138850304,63463424,7277184,212946944,2508652544
findling-rss 1791088879,138850304,63463424,7274744,212619264,2508652544
findling-rss 1791088881,138850304,63463424,7271984,212951040,2508652544
findling-rss 1791088883,138850304,63463424,7272048,213364736,2508652544
findling-rss 1791088885,138850304,63463424,7272664,212729856,2508652544
findling-rss 1791088887,138850304,63463424,7316600,214474752,2508652544
findling-rss 1791088889,138850304,63463424,7275184,212709376,2508652544
findling-rss 1791088891,139149312,63463424,7276576,212897792,2508652544
findling-rss 1791088893,139149312,63463424,7277696,213327872,2508652544
findling-rss 1791088895,139194368,63463424,7283688,213164032,2508652544
findling-rss 1791088897,139194368,63463424,7283448,213901312,2508652544
findling-rss 1791088899,139194368,63463424,7281552,213573632,2508652544
findling-rss 1791088901,139198464,63463424,7279464,213557248,2508652544
findling-rss 1791088903,139595776,63463424,7278056,213471232,2508652544
findling-rss 1791088905,139595776,63463424,7280376,213229568,2508652544
findling-rss 1791088907,139595776,63463424,7281256,213721088,2508652544
findling-rss 1791088909,139595776,63463424,7277688,213327872,2508652544
findling-rss 1791088911,139595776,63463424,7275608,213041152,2508652544
findling-rss 1791088913,139595776,63463424,7274384,213778432,2508652544
findling-rss 1791088915,139595776,63463424,7275304,213897216,2508652544
findling-rss 1791088917,139595776,63463424,7276904,213872640,2508652544
findling-rss 1791088919,139907072,63463424,7279904,214147072,2508652544
findling-rss 1791088921,139907072,63463424,7279008,214192128,2508652544
findling-rss 1791088923,139907072,63463424,7275744,213798912,2508652544
findling-rss 1791088925,139907072,63463424,7276424,213602304,2508652544
findling-rss 1791088927,139907072,63463424,7278744,214327296,2508652544
findling-rss 1791088929,139907072,63463424,7278256,213962752,2508652544
findling-rss 1791088931,139907072,63463424,7278872,214482944,2508652544
findling-rss 1791088933,139907072,63463424,7281936,213757952,2508652544
findling-rss 1791088935,139915264,63463424,7279960,213680128,2508652544
findling-rss 1791088937,139915264,63463424,7281848,213549056,2508652544
findling-rss 1791088939,139915264,63463424,7275736,213598208,2508652544
findling-rss 1791088941,139915264,63463424,7274792,213934080,2508652544
findling-rss 1791088943,139915264,63463424,7273024,214388736,2508652544
findling-rss 1791088945,139915264,63463424,7274384,214302720,2508652544
findling-rss 1791088947,139915264,63463424,7274552,214085632,2508652544
findling-rss 1791088949,139927552,63463424,7275432,213774336,2508652544
findling-rss 1791088951,140292096,63463424,7276120,214540288,2508652544
findling-rss 1791088953,140292096,63463424,7274960,214593536,2508652544
findling-rss 1791088955,140292096,63463424,7275360,215040000,2508652544
findling-rss 1791088957,140292096,63463424,7290200,214810624,2508652544
findling-rss 1791088959,140292096,63463424,7277376,214450176,2508652544
findling-rss 1791088961,140296192,63463424,7278936,214700032,2508652544
findling-rss 1791088963,140312576,63463424,7277544,214147072,2508652544
findling-rss 1791088965,140341248,63463424,7272240,214061056,2508652544
findling-rss 1791088967,140341248,63463424,7273600,214511616,2508652544
findling-rss 1791088969,140341248,63463424,7270304,213299200,2508652544
findling-rss 1791088971,140341248,63463424,7271664,213929984,2508652544
findling-rss 1791088973,140341248,63463424,7272784,214921216,2508652544
findling-rss 1791088975,140341248,63463424,7274888,214740992,2508652544
findling-rss 1791088977,140341248,63463424,7273632,214724608,2508652544
findling-rss 1791088979,140496896,63463424,7273832,214220800,2508652544
findling-rss 1791088981,140496896,63463424,7285384,214392832,2508652544
findling-rss 1791088983,140496896,63463424,7273976,214159360,2508652544
findling-rss 1791088985,140496896,63463424,7274248,214441984,2508652544
findling-rss 1791088987,140496896,63463424,7274896,214540288,2508652544
findling-rss 1791088989,140496896,63463424,7275296,214794240,2508652544
findling-rss 1791088991,140496896,63463424,7273432,214896640,2508652544
findling-rss 1791088993,140496896,63463424,7274552,212398080,2508652544
findling-rss 1791088995,140496896,63463424,7276632,214761472,2508652544
findling-rss 1791088997,140496896,63463424,7277992,215183360,2508652544
findling-rss 1791088999,140496896,63463424,7272208,213987328,2508652544
findling-rss 1791089001,140496896,63463424,7269288,213815296,2508652544
findling-rss 1791089003,140496896,63463424,7270672,214241280,2508652544
findling-rss 1791089005,141164544,63463424,7271064,214163456,2508652544
findling-rss 1791089007,140496896,63463424,7271496,214106112,2508652544
findling-rss 1791089009,140496896,63463424,7272640,214405120,2508652544
findling-rss 1791089011,140722176,63463424,7274272,214843392,2508652544
findling-rss 1791089013,140722176,63463424,7274688,214917120,2508652544
findling-rss 1791089015,140738560,63463424,7280704,214704128,2508652544
findling-rss 1791089017,140738560,63463424,7282064,214941696,2508652544
findling-rss 1791089019,140738560,63463424,7277104,215183360,2508652544
findling-rss 1791089021,140742656,63463424,7278960,214740992,2508652544
findling-rss 1791089023,140750848,63463424,7276864,214700032,2508652544
findling-rss 1791089025,140763136,63463424,7276656,214487040,2508652544
findling-rss 1791089027,140763136,63463424,7278496,214421504,2508652544
findling-rss 1791089029,140763136,63463424,7276192,213966848,2508652544
findling-rss 1791089031,140763136,63463424,7277576,214970368,2508652544
findling-rss 1791089033,140763136,63463424,7275232,214577152,2508652544
findling-rss 1791089035,140763136,63463424,7276392,214376448,2508652544
findling-rss 1791089037,140763136,63463424,7276152,214515712,2508652544
findling-rss 1791089039,141008896,63463424,7275504,214450176,2508652544
findling-rss 1791089041,141008896,63463424,7273704,215076864,2508652544
findling-rss 1791089043,141008896,63463424,7273296,215183360,2508652544
findling-rss 1791089045,141008896,63463424,7273560,215756800,2508652544
findling-rss 1791089047,141008896,63463424,7273328,215629824,2508652544
findling-rss 1791089049,141008896,63463424,7273832,215461888,2508652544
findling-rss 1791089051,141008896,63463424,7283648,215089152,2508652544
findling-rss 1791089053,141008896,63463424,7271968,214573056,2508652544
findling-rss 1791089055,141008896,63463424,7272648,214740992,2508652544
findling-rss 1791089057,141008896,63463424,7274272,215216128,2508652544
findling-rss 1791089059,141008896,63463424,7272920,214396928,2508652544
findling-rss 1791089061,141008896,63463424,7274520,215654400,2508652544
findling-rss 1791089063,141008896,63463424,7275640,215199744,2508652544
findling-rss 1791089065,141008896,63463424,7275880,215240704,2508652544
findling-rss 1791089067,141008896,63463424,7275200,215089152,2508652544
findling-rss 1791089069,141008896,63463424,7276320,215040000,2508652544
findling-rss 1791089071,141303808,63463424,7275736,215240704,2508652544
findling-rss 1791089073,141303808,63463424,7276960,215220224,2508652544
findling-rss 1791089075,141303808,63463424,7291560,215527424,2508652544
findling-rss 1791089077,141303808,63463424,7278976,215343104,2508652544
findling-rss 1791089079,141303808,63463424,7279856,215625728,2508652544
findling-rss 1791089081,141303808,63463424,7279680,215556096,2508652544
findling-rss 1791089083,141303808,63463424,7273872,215027712,2508652544
findling-rss 1791089085,141312000,63463424,7269488,215674880,2508652544
findling-rss 1791089087,141316096,63463424,7270608,216383488,2508652544
findling-rss 1791089089,141316096,63463424,7269592,215412736,2508652544
findling-rss 1791089091,141316096,63463424,7270272,214814720,2508652544
findling-rss 1791089093,141316096,63463424,7271632,215113728,2508652544
findling-rss 1791089095,141316096,63463424,7272752,216166400,2508652544
findling-rss 1791089097,141320192,63463424,7273936,215805952,2508652544
findling-rss 1791089099,141656064,63463424,7315840,217411584,2508652544
findling-rss 1791089101,141688832,63463424,7273704,216014848,2508652544
findling-rss 1791089103,141688832,63463424,7273944,215543808,2508652544
findling-rss 1791089105,141688832,63463424,7273024,215642112,2508652544
findling-rss 1791089107,141688832,63463424,7274864,215564288,2508652544
findling-rss 1791089109,141688832,63463424,7274384,215318528,2508652544
findling-rss 1791089111,141697024,63463424,7275944,215166976,2508652544
findling-rss 1791089113,141705216,63463424,7276320,215400448,2508652544
findling-rss 1791089115,141705216,63463424,7277504,214929408,2508652544
findling-rss 1791089118,141725696,63463424,7276496,215371776,2508652544
findling-rss 1791089120,141725696,63463424,7272648,216358912,2508652544
findling-rss 1791089122,141725696,63463424,7270576,215957504,2508652544
findling-rss 1791089124,141725696,63463424,7271016,216055808,2508652544
findling-rss 1791089126,141725696,63463424,7270336,215572480,2508652544
findling-rss 1791089128,141725696,63463424,7272440,215007232,2508652544
findling-rss 1791089130,141725696,63463424,7272480,215289856,2508652544
findling-rss 1791089132,142036992,63463424,7271768,215990272,2508652544
findling-rss 1791089134,142036992,63463424,7272648,215953408,2508652544
findling-rss 1791089136,142049280,63463424,7278424,216190976,2508652544
findling-rss 1791089138,142049280,63463424,7278184,216154112,2508652544
findling-rss 1791089140,142049280,63463424,7275984,216068096,2508652544
findling-rss 1791089142,142049280,63463424,7274352,216125440,2508652544
findling-rss 1791089144,142049280,63463424,7271928,216363008,2508652544
findling-rss 1791089146,142049280,63463424,7284296,216436736,2508652544
findling-rss 1791089148,142053376,63463424,7272208,215969792,2508652544
findling-rss 1791089150,142053376,63463424,7269968,216092672,2508652544
findling-rss 1791089152,142053376,63463424,7270888,216539136,2508652544
findling-rss 1791089154,142053376,63463424,7270608,215863296,2508652544
findling-rss 1791089156,142053376,63463424,7273192,216170496,2508652544
findling-rss 1791089158,142053376,63463424,7273808,215875584,2508652544
findling-rss 1791089160,142376960,63463424,7277048,216780800,2508652544
findling-rss 1791089162,142397440,63463424,7274760,216801280,2508652544
findling-rss 1791089164,142397440,63463424,7274824,216518656,2508652544
findling-rss 1791089166,142397440,63463424,7276664,216662016,2508652544
findling-rss 1791089168,142397440,63463424,7278768,216526848,2508652544
findling-rss 1791089170,142397440,63463424,7288240,216281088,2508652544
findling-rss 1791089172,142401536,63463424,7277888,216850432,2508652544
findling-rss 1791089174,142401536,63463424,7272784,216330240,2508652544
findling-rss 1791089176,142401536,63463424,7270608,214560768,2508652544
findling-rss 1791089178,142426112,63463424,7272448,216702976,2508652544
findling-rss 1791089180,142426112,63463424,7270304,215699456,2508652544
findling-rss 1791089182,142426112,63463424,7271424,216760320,2508652544
findling-rss 1791089184,142426112,63463424,7271424,216465408,2508652544
findling-rss 1791089186,142426112,63463424,7273464,216424448,2508652544
findling-rss 1791089188,142426112,63463424,7274384,216522752,2508652544
findling-rss 1791089190,142426112,63463424,7275504,216260608,2508652544
findling-rss 1791089192,142753792,63463424,7274112,216743936,2508652544
findling-rss 1791089194,220262400,81141760,8866352,314523648,2508652544
findling-rss 1791089196,240787456,91844608,11011512,347123712,2508652544
findling-rss 1791089198,252342272,93880320,11162128,360861696,2508652544
findling-rss 1791089200,252674048,95076352,11218664,362012672,2508652544
findling-rss 1791089202,256991232,96145408,11273744,367476736,2508652544
findling-rss 1791089204,517599232,119816192,11461952,650534912,2508652544
findling-rss 1791089206,1286918144,261435392,12118080,1566879744,2508652544
findling-rss 1791089208,1572237312,264003584,12356896,1855135744,2508652544
findling-rss 1791089210,1424039936,265289728,12402472,1699328000,2508652544
findling-rss 1791089212,1461694464,265629696,12520728,1746796544,2508652544
findling-rss 1791089214,1414238208,266412032,12621928,1700311040,2508652544
findling-rss 1791089216,1534566400,267563008,12570432,1821892608,2508652544
findling-rss 1791089218,1539440640,268079104,12578248,1826918400,2508652544
findling-rss 1791089220,1561796608,268574720,12628176,1849602048,2508652544
findling-rss 1791089222,1510653952,269283328,12654056,1778098176,2508652544
findling-rss 1791089224,1450254336,270450688,12707864,1739948032,2508652544
findling-rss 1791089226,1528045568,270544896,12731912,1808322560,2508652544
findling-rss 1791089228,1476124672,270958592,12811184,1766391808,2508652544
findling-rss 1791089230,1554800640,271663104,12890976,1846415360,2508652544
findling-rss 1791089232,1553137664,272338944,12933848,1835417600,2508652544
findling-rss 1791089234,1525129216,273006592,12851648,1817911296,2508652544
findling-rss 1791089236,1528053760,273776640,12893768,1821642752,2508652544
findling-rss 1791089238,1528819712,273543168,12956216,1822236672,2508652544
findling-rss 1791089240,1471709184,273932288,12988080,1764737024,2508652544
findling-rss 1791089242,1586900992,274243584,13018784,1881743360,2508652544
findling-rss 1791089244,1482420224,274817024,13062640,1774759936,2508652544
findling-rss 1791089246,1578573824,274595840,13151776,1873129472,2508652544
findling-rss 1791089248,1521623040,274993152,13176760,1817104384,2508652544
findling-rss 1791089250,1467785216,275357696,13216616,1762938880,2508652544
findling-rss 1791089252,1588391936,275492864,13184656,1884196864,2508652544
findling-rss 1791089254,1532727296,275877888,13187488,1828442112,2508652544
findling-rss 1791089256,1534353408,276111360,13231640,1830694912,2508652544
findling-rss 1791089258,1533779968,276451328,13260960,1830768640,2508652544
findling-rss 1791089260,1425162240,277168128,13217248,1749712896,2508652544
findling-rss 1791089262,1512124416,277254144,13440208,1809494016,2508652544
findling-rss 1791089264,1525571584,277315584,13487800,1822740480,2508652544
findling-rss 1791089266,1525698560,277737472,13518952,1824071680,2508652544
findling-rss 1791089268,1529602048,278134784,13557160,1828261888,2508652544
findling-rss 1791089270,1473097728,278290432,13462256,1771798528,2508652544
findling-rss 1791089272,1532706816,278650880,13495408,1831710720,2508652544
findling-rss 1791089274,1537040384,279011328,13499992,1837006848,2508652544
findling-rss 1791089276,1449611264,279494656,13415304,1749340160,2508652544
findling-rss 1791089278,1581867008,279748608,13676064,1882529792,2508652544
findling-rss 1791089280,1472319488,279502848,13738080,1772781568,2508652544
findling-rss 1791089282,1537310720,279822336,13776696,1837920256,2508652544
findling-rss 1791089284,1536294912,280145920,13800832,1837174784,2508652544
findling-rss 1791089286,1594806272,280449024,13831040,1896751104,2508652544
findling-rss 1791089288,1529925632,281001984,13761008,1832521728,2508652544
findling-rss 1791089290,1474207744,281743360,13793672,1776648192,2508652544
findling-rss 1791089292,1532190720,281985024,13802696,1835589632,2508652544
findling-rss 1791089294,1570656256,282050560,13893056,1873723392,2508652544
findling-rss 1791089296,1535139840,282357760,13959544,1838858240,2508652544
findling-rss 1791089298,1536114688,282599424,13970240,1840058368,2508652544
findling-rss 1791089300,1436463104,282742784,13996472,1740296192,2508652544
findling-rss 1791089302,1552306176,283082752,14034808,1855574016,2508652544
findling-rss 1791089304,1552490496,283451392,14065736,1857105920,2508652544
findling-rss 1791089306,1497133056,283590656,13980368,1801613312,2508652544
findling-rss 1791089308,1442852864,283971584,14058616,1748094976,2508652544
findling-rss 1791089310,1472581632,284405760,14133872,1777442816,2508652544
findling-rss 1791089312,1549623296,284340224,14247704,1855102976,2508652544
findling-rss 1791089314,1493549056,285024256,14296336,1799233536,2508652544
findling-rss 1791089316,1497636864,285011968,14298872,1803440128,2508652544
findling-rss 1791089318,1555054592,285212672,14337296,1861595136,2508652544
findling-rss 1791089320,1502879744,288710656,14450408,1813590016,2508652544
findling-rss 1791089322,1564000256,285913088,14397320,1872093184,2508652544
findling-rss 1791089324,1636917248,286232576,14312960,1944113152,2508652544
findling-rss 1791089326,1461440512,286474240,14307728,1768521728,2508652544
findling-rss 1791089328,1550708736,286724096,14450608,1846579200,2508652544
findling-rss 1791089330,1568776192,287526912,14533840,1877876736,2508652544
findling-rss 1791089332,1571745792,287404032,14503736,1880690688,2508652544
findling-rss 1791089334,1624616960,287694848,14516920,1934462976,2508652544
findling-rss 1791089336,1574453248,287838208,14550432,1883172864,2508652544
findling-rss 1791089338,1575931904,288198656,14639536,1886146560,2508652544
findling-rss 1791089340,1633284096,288509952,14676952,1943760896,2508652544
findling-rss 1791089342,1490317312,289009664,14472584,1800196096,2508652544
findling-rss 1791089344,1565409280,289218560,14701472,1876746240,2508652544
findling-rss 1791089346,1613471744,289148928,14719104,1917272064,2508652544
findling-rss 1791089348,1490427904,289583104,14795920,1801957376,2508652544
findling-rss 1791089350,1550610432,289865728,14854520,1861963776,2508652544
findling-rss 1791089352,1549221888,290242560,14859824,1862348800,2508652544
findling-rss 1791089354,1608331264,290799616,14902608,1921536000,2508652544
findling-rss 1791089356,1572581376,290820096,14927032,1885229056,2508652544
findling-rss 1791089358,1574051840,291160064,14959488,1886732288,2508652544
findling-rss 1791089360,1489252352,314331136,15704096,1826197504,2508652544
findling-rss 1791089362,1565941760,291590144,14965456,1879805952,2508652544
findling-rss 1791089364,1625628672,291962880,15012720,1939791872,2508652544
findling-rss 1791089366,1575124992,292593664,15043384,1889333248,2508652544
findling-rss 1791089368,1572007936,293015552,15082616,1887260672,2508652544
findling-rss 1791089370,1631088640,293761024,15130064,1947553792,2508652544
findling-rss 1791089372,1517776896,293773312,15184288,1833893888,2508652544
findling-rss 1791089374,1633132544,293974016,15229024,1949212672,2508652544
findling-rss 1791089376,1488732160,294232064,15306056,1805828096,2508652544
findling-rss 1791089378,1568067584,320016384,16113664,1910509568,2508652544
findling-rss 1791089380,1513250816,294572032,15326432,1829720064,2508652544
findling-rss 1791089382,1513336832,294981632,15360040,1830293504,2508652544
findling-rss 1791089384,1630081024,295292928,15389336,1948045312,2508652544
findling-rss 1791089386,1638510592,295686144,15426616,1957093376,2508652544
findling-rss 1791089388,1516044288,296058880,15460864,1834176512,2508652544
findling-rss 1791089390,1630961664,296415232,15492336,1949745152,2508652544
findling-rss 1791089393,1604366336,296845312,15557944,1924497408,2508652544
findling-rss 1791089395,1567977472,296833024,15614208,1887334400,2508652544
findling-rss 1791089397,1575841792,324841472,16443144,1922805760,2508652544
findling-rss 1791089399,1514233856,297463808,15593936,1833709568,2508652544
findling-rss 1791089401,1628565504,297762816,15635952,1949282304,2508652544
findling-rss 1791089403,1628397568,298201088,15674880,1949720576,2508652544
findling-rss 1791089405,1628028928,298934272,15721424,1950126080,2508652544
findling-rss 1791089407,1631399936,298954752,15740816,1953136640,2508652544
findling-rss 1791089409,1471877120,299503616,15765064,1793683456,2508652544
findling-rss 1791089411,1507590144,299347968,15874600,1830363136,2508652544
findling-rss 1791089413,1626497024,299687936,15910056,1948921856,2508652544
findling-rss 1791089415,1571082240,330854400,16879936,1926365184,2508652544
findling-rss 1791089417,1570127872,300261376,15887976,1893314560,2508652544
findling-rss 1791089419,1514328064,300462080,15921024,1837477888,2508652544
findling-rss 1791089421,1570070528,300789760,15953816,1893470208,2508652544
findling-rss 1791089423,1571684352,301727744,15999992,1896095744,2508652544
findling-rss 1791089425,1567719424,302301184,16011240,1893421056,2508652544
findling-rss 1791089427,1569181696,302125056,16130824,1893769216,2508652544
findling-rss 1791089429,1580109824,302456832,16168480,1905422336,2508652544
findling-rss 1791089431,1535324160,302895104,16196344,1846083584,2508652544
findling-rss 1791089433,1570082816,302972928,16172240,1896390656,2508652544
findling-rss 1791089435,1572954112,303316992,16202992,1899397120,2508652544
findling-rss 1791089437,1516621824,303697920,16216280,1843900416,2508652544
findling-rss 1791089439,1517142016,303865856,16248944,1843699712,2508652544
findling-rss 1791089441,1491439616,304574464,16181184,1819840512,2508652544
findling-rss 1791089443,1493868544,304467968,16402960,1821724672,2508652544
findling-rss 1791089445,1625964544,304693248,16472648,1954177024,2508652544
findling-rss 1791089447,1515827200,305037312,16509888,1844633600,2508652544
findling-rss 1791089449,1522229248,305496064,16542808,1849499648,2508652544
findling-rss 1791089451,1576407040,306016256,16459944,1905750016,2508652544
findling-rss 1791089453,1633771520,306003968,16491416,1963667456,2508652544
findling-rss 1791089455,1577111552,306327552,16495880,1906335744,2508652544
findling-rss 1791089457,1574617088,306511872,16530392,1905352704,2508652544
findling-rss 1791089459,1495445504,306774016,16607080,1824456704,2508652544
findling-rss 1791089461,1532596224,307150848,16658880,1898344448,2508652544
findling-rss 1791089463,1566875648,308318208,16718328,1899134976,2508652544
findling-rss 1791089465,1510871040,307609600,16785144,1842135040,2508652544
findling-rss 1791089467,1572073472,308011008,16813664,1903939584,2508652544
findling-rss 1791089469,1515085824,308162560,16722928,1847017472,2508652544
findling-rss 1791089471,1631334400,308666368,16759456,1963544576,2508652544
findling-rss 1791089473,1569652736,308957184,16770648,1902219264,2508652544
findling-rss 1791089475,1462943744,309366784,16792200,1796218880,2508652544
findling-rss 1791089477,1565880320,309288960,16933008,1898946560,2508652544
findling-rss 1791089479,1570074624,309567488,16955728,1903763456,2508652544
findling-rss 1791089481,1513639936,309743616,16963040,1847459840,2508652544
findling-rss 1791089483,1576890368,310104064,16996376,1910636544,2508652544
findling-rss 1791089485,1527488512,310493184,17030960,1855684608,2508652544
findling-rss 1791089487,1521422336,310628352,16941096,1856008192,2508652544
findling-rss 1791089489,1521778688,310931456,16974864,1857376256,2508652544
findling-rss 1791089491,1441001472,311230464,16911496,1774829568,2508652544
findling-rss 1791089493,1563676672,311525376,17103656,1898938368,2508652544
findling-rss 1791089495,1567526912,311963648,17147776,1903984640,2508652544
findling-rss 1791089497,1567727616,312344576,17153496,1903677440,2508652544
findling-rss 1791089499,1628491776,312479744,17189096,1965334528,2508652544
findling-rss 1791089501,1573249024,313282560,17292896,1891971072,2508652544
findling-rss 1791089503,1516118016,313647104,17332072,1854185472,2508652544
findling-rss 1791089505,1574285312,313810944,17240800,1912414208,2508652544
findling-rss 1791089507,1708384256,315531264,17662456,2049437696,2508652544
findling-rss 1791089509,2026954752,315531264,18176896,2361368576,2508652544
findling-rss 1791089511,1860681728,315363328,17973664,2203062272,2508652544
findling-rss 1791089513,1792069632,314273792,17910344,2132115456,2508652544
findling-rss 1791089515,2497003520,319827968,20850328,2846646272,2847170560
findling-rss 1791089517,4278116352,319836160,22907232,4638572544,4638834688
findling-rss 1791089519,4167061504,319840256,22706936,4526243840,4664602624
findling-rss 1791089521,4611354624,323211264,23150040,4976193536,4979830784
findling-rss 1791089523,4691369984,322854912,23030648,5056024576,5200945152
findling-rss 1791089525,3106492416,322473984,21565544,3456778240,5200945152
findling-rss 1791089527,4933668864,323538944,23224152,5300461568,5300539392
findling-rss 1791089529,4603478016,323555328,22923184,4958023680,5308522496
findling-rss 1791089531,4779794432,323543040,23201744,5145899008,5308522496
findling-rss 1791089533,4921389056,323543040,23204376,5287677952,5345505280
findling-rss 1791089535,3895758848,323264512,22812656,4256313344,5345505280
findling-rss 1791089537,5064888320,323616768,23286120,5431328768,5431328768
findling-rss 1791089539,4371746816,324878336,22987080,4736712704,5491613696
findling-rss 1791089541,5120339968,326807552,23340280,5486170112,5491613696
findling-rss 1791089543,4816703488,326098944,23103376,5184688128,5547888640
findling-rss 1791089545,3082588160,319508480,21577728,3437068288,5547888640
findling-rss 1791089547,2925416448,318881792,21451464,3278528512,5547888640
findling-rss 1791089549,5093691392,326307840,23381368,5461831680,5547888640
findling-rss 1791089551,5257465856,326307840,23384864,5627920384,5684482048
findling-rss 1791089553,4916768768,327270400,23302040,5283389440,5684482048
findling-rss 1791089555,5199626240,327290880,23419984,5570314240,5717905408
findling-rss 1791089557,3584892928,322465792,22091080,3927732224,5717905408
findling-rss 1791089559,3355660288,321765376,21812696,3713548288,5717905408
findling-rss 1791089561,3244453888,321404928,21687712,3601952768,5717905408
findling-rss 1791089563,3264585728,321404928,21683920,3622653952,5717905408
findling-rss 1791089565,3245637632,321404928,21682120,3602366464,5717905408
findling-rss 1791089567,3266461696,321404928,21680856,3624402944,5717905408
findling-rss 1791089569,3189129216,321404928,21680272,3546439680,5717905408
findling-rss 1791089571,3176947712,321404928,21680168,3525259264,5717905408
findling-rss 1791089573,3098378240,321404928,21680520,3456282624,5717905408
findling-rss 1791089575,3141808128,321404928,21680112,3485110272,5717905408
findling-rss 1791089577,3114196992,319492096,21652368,3469508608,5717905408
findling-rss 1791089579,3244769280,319909888,21823080,3600523264,5717905408
findling-rss 1791089581,3251245056,320024576,21818320,3607646208,5717905408
findling-rss 1791089583,3348119552,319991808,21916856,3704434688,5717905408
findling-rss 1791089585,3454341120,320131072,22053736,3811246080,5717905408
findling-rss 1791089587,3474370560,320409600,22117744,3832492032,5717905408
findling-rss 1791089589,3496955904,320708608,22195776,3854708736,5717905408
findling-rss 1791089591,3392483328,320978944,22205664,3751026688,5717905408
findling-rss 1791089593,3401785344,321486848,22379896,3760631808,5717905408
findling-rss 1791089595,3406794752,321679360,22459584,3765927936,5717905408
findling-rss 1791089597,3429425152,322093056,22594976,3789258752,5717905408
findling-rss 1791089599,3432345600,322232320,22500224,3793342464,5717905408
findling-rss 1791089601,3493474304,322592768,22530712,3853963264,5717905408
findling-rss 1791089603,3554066432,323022848,22544200,3915427840,5717905408
findling-rss 1791089605,3500277760,323379200,22571832,3861266432,5717905408
findling-rss 1791089607,3445293056,323633152,22610672,3807256576,5717905408
findling-rss 1791089609,3449892864,324042752,22708208,3811635200,5717905408
findling-rss 1791089611,3566899200,324427776,22737552,3929440256,5717905408
findling-rss 1791089613,3509981184,324771840,22768472,3872661504,5717905408
findling-rss 1791089615,3571159040,324956160,22682576,3934617600,5717905408
findling-rss 1791089617,3518513152,325607424,22709408,3882618880,5717905408
findling-rss 1791089619,3520872448,325451776,22790336,3883835392,5717905408
findling-rss 1791089621,3578830848,325775360,22813912,3942899712,5717905408
findling-rss 1791089623,3585011712,326107136,22907728,3949981696,5717905408
findling-rss 1791089626,3531964416,326451200,22934832,3896602624,5717905408
findling-rss 1791089628,3476725760,326823936,22968064,3842138112,5717905408
findling-rss 1791089630,3483766784,327122944,22975888,3849240576,5717905408
findling-rss 1791089632,3600363520,379490304,24558824,4020039680,5717905408
findling-rss 1791089634,3600748544,327413760,22921808,3966607360,5717905408
findling-rss 1791089636,3604750336,328032256,23021936,3971592192,5717905408
findling-rss 1791089638,3549134848,327983104,23100440,3915620352,5717905408
findling-rss 1791089640,3549519872,328474624,23141096,3916177408,5717905408
findling-rss 1791089642,3556577280,328851456,23170808,3923443712,5717905408
findling-rss 1791089644,3567259648,329183232,23178024,3934859264,5717905408
findling-rss 1791089646,3511869440,329396224,23214112,3879796736,5717905408
findling-rss 1791089648,3631255552,329744384,23242880,4000026624,5717905408
findling-rss 1791089650,3634581504,329863168,23153216,4002791424,5717905408
findling-rss 1791089652,3634307072,330199040,23187456,4003368960,5717905408
findling-rss 1791089654,3657924608,330530816,23218024,4026859520,5717905408
findling-rss 1791089656,3546738688,330936320,23247768,3915739136,5717905408
findling-rss 1791089658,3604660224,331202560,23257560,3974385664,5717905408
findling-rss 1791089660,3664809984,332165120,23319080,4035833856,5717905408
findling-rss 1791089662,5370249216,337739776,25218896,5753769984,5754032128
findling-rss 1791089664,5409320960,337739776,25219872,5793538048,5908180992
findling-rss 1791089666,4390457344,336056320,24330768,4820054016,5912985600
findling-rss 1791089668,4372013056,335699968,24160032,4738396160,5912985600
findling-rss 1791089670,3652579328,333946880,23558512,4026257408,5912985600
findling-rss 1791089672,3656396800,333946880,23555424,4029845504,5912985600
findling-rss 1791089674,3710959616,333946880,23554968,4084756480,5912985600
findling-rss 1791089676,3771871232,333946880,23553656,4145172480,5912985600
findling-rss 1791089678,3770892288,333946880,23553536,4144574464,5912985600
findling-rss 1791089680,3675709440,333946880,23447008,4048560128,5912985600
findling-rss 1791089682,3666505728,333946880,23553160,4040400896,5912985600
findling-rss 1791089684,3514286080,332316672,23403168,3879636992,5912985600
findling-rss 1791089686,5514440704,337641472,25245504,5899468800,5912985600
findling-rss 1791089688,5542957056,337641472,25243848,5985619968,5985624064
findling-rss 1791089690,5316530176,338714624,25263376,5689978880,5985624064
findling-rss 1791089692,5538181120,338714624,25278072,5923917824,5985624064
findling-rss 1791089694,3762196480,333774848,23592640,4135784448,5985624064
findling-rss 1791089696,3769626624,333774848,23585696,4143362048,5985624064
findling-rss 1791089698,3770990592,333774848,23582136,4144717824,5985624064
findling-rss 1791089700,3776278528,333774848,23580488,4150173696,5985624064
findling-rss 1791089702,3712045056,333774848,23582360,4084948992,5985624064
findling-rss 1791089704,3670659072,333774848,23583248,4036214784,5985624064
findling-rss 1791089706,5238534144,343457792,25280944,5622689792,5985624064
findling-rss 1791089708,5477896192,343457792,25302136,5868900352,5985624064
findling-rss 1791089710,5092605952,345653248,25146440,5470105600,5985624064
findling-rss 1791089712,5592006656,345997312,25350320,5985374208,6038687744
findling-rss 1791089714,4337950720,343191552,24379384,4723974144,6049890304
findling-rss 1791089716,4254416896,342495232,24134448,4638380032,6049890304
findling-rss 1791089718,3883499520,341778432,23893536,4265644032,6049890304
findling-rss 1791089720,4069388288,341778432,23891104,4451962880,6049890304
findling-rss 1791089722,4032704512,341778432,23890696,4415447040,6049890304
findling-rss 1791089724,4123774976,341778432,23887808,4505911296,6049890304
findling-rss 1791089726,3930693632,340025344,23728008,4310556672,6049890304
findling-rss 1791089728,3988856832,340025344,23729072,4369338368,6049890304
findling-rss 1791089730,3932667904,340025344,23728848,4312854528,6049890304
findling-rss 1791089732,3875377152,340025344,23730216,4255633408,6049890304
findling-rss 1791089734,3992195072,340025344,23750192,4373266432,6049890304
findling-rss 1791089736,3838341120,340025344,23630872,4218249216,6049890304
findling-rss 1791089738,3831230464,337600512,23558320,4209016832,6049890304
findling-rss 1791089740,3719651328,337600512,23561328,4097003520,6049890304
findling-rss 1791089742,3775021056,337600512,23556672,4151496704,6049890304
findling-rss 1791089744,3756003328,337600512,23558720,4119932928,6049890304
findling-rss 1791089746,3718901760,337600512,23557896,4096274432,6049890304
findling-rss 1791089748,3699871744,337600512,23553488,4077416448,6049890304
findling-rss 1791089750,3777343488,337600512,23553288,4154892288,6049890304
findling-rss 1791089752,3834560512,337600512,23552160,4211822592,6049890304
findling-rss 1791089754,3719966720,337600512,23551760,4097421312,6049890304
findling-rss 1791089756,3775123456,337600512,23552264,4152991744,6049890304
findling-rss 1791089758,3834257408,337600512,23553536,4212056064,6049890304
findling-rss 1791089760,5270138880,343478272,25324584,5635821568,6049890304
findling-rss 1791089762,5577490432,343478272,25320216,5970563072,6063276032
findling-rss 1791089764,5244792832,344846336,25409104,5631295488,6063276032
findling-rss 1791089766,5748092928,344870912,25329504,6139465728,6139727872
findling-rss 1791089768,4513705984,340672512,24205104,4896956416,6159839232
findling-rss 1791089770,4219465728,339968000,23962664,4601413632,6159839232
findling-rss 1791089772,4072751104,339271680,23720048,4452917248,6159839232
findling-rss 1791089774,4074627072,339271680,23719672,4453711872,6159839232
findling-rss 1791089776,3988492288,339271680,23613872,4368252928,6159839232
findling-rss 1791089778,4095827968,339271680,23716744,4475961344,6159839232
findling-rss 1791089780,4074078208,339275776,23716320,4453273600,6159839232
findling-rss 1791089782,4114391040,339275776,23718576,4485980160,6159839232
findling-rss 1791089784,4011225088,339275776,23720056,4390912000,6159839232
findling-rss 1791089786,4087607296,339275776,23719472,4466933760,6159839232
findling-rss 1791089788,3930038272,336850944,23543824,4306862080,6159839232
findling-rss 1791089790,3833556992,337281024,23449024,4210544640,6159839232
findling-rss 1791089792,3931729920,337281024,23553752,4309528576,6159839232
findling-rss 1791089794,3862749184,337281024,23554568,4239843328,6159839232
findling-rss 1791089796,3929362432,337281024,23556760,4306776064,6159839232
findling-rss 1791089798,3910860800,337281024,23556728,4288475136,6159839232
findling-rss 1791089800,3873452032,337281024,23557760,4250775552,6159839232
findling-rss 1791089802,4544315392,338391040,24663288,4903620608,6159839232
findling-rss 1791089804,5577003008,339443712,25249176,5963223040,6159839232
findling-rss 1791089806,4902387712,346083328,24907544,5287546880,6159839232
findling-rss 1791089808,5578768384,346439680,25302176,5962424320,6159839232
findling-rss 1791089810,5415190528,346095616,25183688,5806223360,6159839232
findling-rss 1791089812,4045418496,341544960,23836168,4428025856,6159839232
findling-rss 1791089814,3760988160,341192704,23707952,4141862912,6159839232
findling-rss 1791089816,3845955584,341213184,23706984,4227375104,6159839232
findling-rss 1791089818,3850051584,341213184,23705224,4227411968,6159839232
findling-rss 1791089820,3840307200,341213184,23708176,4221558784,6159839232
findling-rss 1791089822,3789905920,341213184,23707136,4164239360,6159839232
findling-rss 1791089824,3851792384,341213184,23719688,4232765440,6159839232
findling-rss 1791089826,3775250432,341213184,23708104,4156637184,6159839232
findling-rss 1791089828,3910070272,341213184,23709096,4291416064,6159839232
findling-rss 1791089830,3851988992,341213184,23709816,4232876032,6159839232
findling-rss 1791089832,3908476928,341213184,23709440,4290228224,6159839232
findling-rss 1791089834,3851526144,341213184,23708944,4232806400,6159839232
findling-rss 1791089836,3795197952,341213184,23708296,4176158720,6159839232
findling-rss 1791089838,3851862016,341213184,23707024,4232818688,6159839232
findling-rss 1791089840,3853385728,341213184,23707024,4235079680,6159839232
findling-rss 1791089842,3909685248,341213184,23707288,4291190784,6159839232
findling-rss 1791089844,3853488128,341229568,23707968,4234637312,6159839232
findling-rss 1791089846,3854106624,341229568,23716600,4235042816,6159839232
findling-rss 1791089848,3760242688,341229568,23599920,4141838336,6159839232
findling-rss 1791089850,3913416704,341229568,23707112,4294709248,6159839232
findling-rss 1791089853,3856556032,341229568,23704744,4238192640,6159839232
findling-rss 1791089855,3799896064,341229568,23703792,4181266432,6159839232
findling-rss 1791089857,3894538240,341229568,23708808,4275621888,6159839232
findling-rss 1791089859,3800121344,341229568,23709360,4181659648,6159839232
findling-rss 1791089861,3840843776,341229568,23706744,4221915136,6159839232
findling-rss 1791089863,3809722368,341229568,23708104,4191432704,6159839232
findling-rss 1791089865,3858685952,341229568,23707232,4239822848,6159839232
findling-rss 1791089867,3804573696,341229568,23704784,4185452544,6159839232
findling-rss 1791089869,3859578880,341647360,23726352,4234403840,6159839232
findling-rss 1791089871,3792355328,341647360,23713344,4174159872,6159839232
findling-rss 1791089873,3799973888,341647360,23712176,4181745664,6159839232
findling-rss 1791089875,3800465408,341647360,23713536,4182106112,6159839232
findling-rss 1791089877,3801939968,341647360,23715280,4183449600,6159839232
findling-rss 1791089879,3784556544,341647360,23716400,4183482368,6159839232
findling-rss 1791089881,3801227264,341647360,23717744,4182831104,6159839232
findling-rss 1791089883,3721359360,341647360,23721256,4099248128,6159839232
findling-rss 1791089885,3801808896,341647360,23721304,4183416832,6159839232
findling-rss 1791089887,3938484224,336875520,23577128,4311310336,6159839232
findling-rss 1791089889,5630803968,339677184,25295848,6018011136,6159839232
findling-rss 1791089891,5440098304,339329024,25091912,5826060288,6159839232
findling-rss 1791089893,5454589952,345051136,25423944,5846794240,6159839232
findling-rss 1791089895,5380718592,344702976,25312968,5771763712,6159839232
findling-rss 1791089897,3861102592,338976768,23706416,4240154624,6159839232
findling-rss 1791089899,3861946368,338976768,23702744,4240719872,6159839232
findling-rss 1791089901,3860865024,338976768,23702440,4239941632,6159839232
findling-rss 1791089903,3767173120,338976768,23600112,4146155520,6159839232
findling-rss 1791089905,3866836992,338976768,23704680,4245786624,6159839232
findling-rss 1791089907,3806470144,338976768,23705776,4185485312,6159839232
findling-rss 1791089909,3868848128,338976768,23704784,4247269376,6159839232
findling-rss 1791089911,3844067328,338976768,23701736,4223229952,6159839232
findling-rss 1791089913,3864084480,338976768,23702016,4243025920,6159839232
findling-rss 1791089915,3844067328,338976768,23700936,4223225856,6159839232
findling-rss 1791089917,3865198592,338976768,23704376,4244107264,6159839232
findling-rss 1791089919,3863552000,338976768,23701224,4242436096,6159839232
findling-rss 1791089921,3864080384,338976768,23700992,4243025920,6159839232
findling-rss 1791089923,3863724032,338976768,23702248,4242616320,6159839232
findling-rss 1791089925,3865997312,338976768,23701808,4245016576,6159839232
findling-rss 1791089927,3866071040,338976768,23703568,4245528576,6159839232
findling-rss 1791089929,3867348992,338976768,23706016,4246261760,6159839232
findling-rss 1791089931,3865423872,338976768,23702552,4244316160,6159839232
findling-rss 1791089933,3866214400,338976768,23703328,4245303296,6159839232
findling-rss 1791089935,3865300992,338976768,23700704,4245217280,6159839232
findling-rss 1791089937,3866599424,338976768,23698312,4245536768,6159839232
findling-rss 1791089939,3866255360,338976768,23697448,4245340160,6159839232
findling-rss 1791089941,3707338752,334532608,23467096,4081098752,6159839232
findling-rss 1791089943,5535862784,339824640,25319072,5922578432,6159839232
findling-rss 1791089945,4869713920,338755584,24762544,5291470848,6159839232
findling-rss 1791089947,5569941504,341626880,25386512,5959413760,6159839232
findling-rss 1791089949,5017292800,340197376,24801984,5402656768,6159839232
findling-rss 1791089951,3861467136,336658432,23690432,4237897728,6159839232
findling-rss 1791089953,3862425600,336658432,23689704,4238786560,6159839232
findling-rss 1791089955,3918540800,336658432,23686736,4295008256,6159839232
findling-rss 1791089957,3842224128,336658432,23685400,4219346944,6159839232
findling-rss 1791089959,3862745088,336658432,23688144,4239749120,6159839232
findling-rss 1791089961,3844030464,336658432,23688896,4220563456,6159839232
findling-rss 1791089963,3864756224,336658432,23690224,4241219584,6159839232
findling-rss 1791089965,3864215552,336658432,23691600,4240158720,6159839232
findling-rss 1791089967,3865313280,336658432,23693224,4241846272,6159839232
findling-rss 1791089969,4868214784,344817664,25357808,5237362688,6159839232
findling-rss 1791089971,5511389184,344817664,25472256,5902790656,6159839232
findling-rss 1791089973,4992868352,344846336,25276888,5374087168,6159839232
findling-rss 1791089975,5692420096,344846336,25489640,6084911104,6159839232
findling-rss 1791089977,4552142848,343097344,24608464,4937490432,6159839232
findling-rss 1791089979,4515979264,342388736,24482984,4901515264,6159839232
findling-rss 1791089981,4136558592,341340160,24116392,4519145472,6159839232
findling-rss 1791089983,4233068544,341340160,24117944,4616609792,6159839232
findling-rss 1791089985,4062806016,341340160,24115184,4445085696,6159839232
findling-rss 1791089987,4090064896,341340160,24121072,4473135104,6159839232
findling-rss 1791089989,3765788672,336789504,23661696,4141277184,6159839232
findling-rss 1791089991,3786027008,336789504,23654120,4162883584,6159839232
findling-rss 1791089993,4509102080,339353600,24791440,4879810560,6159839232
findling-rss 1791089995,5580447744,340045824,25359792,5966520320,6159839232
findling-rss 1791089997,4756406272,342171648,25089632,5136949248,6159839232
findling-rss 1791089999,5538213888,342519808,25446808,5927514112,6159839232
findling-rss 1791090001,3910250496,337948672,23875832,4288233472,6159839232
findling-rss 1791090003,3984953344,337948672,23871144,4363186176,6159839232
findling-rss 1791090005,3966074880,337948672,23870952,4344971264,6159839232
findling-rss 1791090007,4044480512,337948672,23872720,4423467008,6159839232
findling-rss 1791090009,3846803456,336891904,23728472,4223410176,6159839232
findling-rss 1791090011,3905228800,336891904,23729384,4283301888,6159839232
findling-rss 1791090013,3849486336,336908288,23731440,4226797568,6159839232
findling-rss 1791090015,3849531392,336908288,23765328,4227133440,6159839232
findling-rss 1791090017,3848486912,336908288,23732184,4226031616,6159839232
findling-rss 1791090019,3854974976,336908288,23731808,4231241728,6159839232
findling-rss 1791090021,5270962176,340807680,25275888,5655904256,6159839232
findling-rss 1791090023,5611171840,340807680,25299240,5999194112,6159839232
findling-rss 1791090025,5395128320,344530944,25432880,5782278144,6159839232
findling-rss 1791090027,5618147328,344530944,25443688,6010507264,6159839232
findling-rss 1791090029,4151992320,340340736,23943232,4537470976,6159839232
findling-rss 1791090031,4173193216,340340736,23944400,4554604544,6159839232
findling-rss 1791090033,4074250240,339976192,23825416,4455014400,6159839232
findling-rss 1791090035,4077178880,339976192,23824112,4457857024,6159839232
findling-rss 1791090037,3868446720,338571264,23675552,4246908928,6159839232
findling-rss 1791090039,3824082944,338571264,23570648,4202729472,6159839232
findling-rss 1791090041,3867787264,338571264,23677144,4246544384,6159839232
findling-rss 1791090043,3844792320,338571264,23674984,4223221760,6159839232
findling-rss 1791090045,3912634368,338571264,23680112,4291170304,6159839232
findling-rss 1791090047,3901992960,338571264,23679104,4280606720,6159839232
findling-rss 1791090049,3922440192,338571264,23678096,4299395072,6159839232
findling-rss 1791090051,3903033344,338571264,23677400,4281929728,6159839232
findling-rss 1791090053,3922837504,338571264,23675328,4301615104,6159839232
findling-rss 1791090055,3922694144,338571264,23673664,4301414400,6159839232
findling-rss 1791090057,3930431488,338571264,23713928,4309483520,6159839232
findling-rss 1791090059,3922776064,338571264,23672552,4301758464,6159839232
findling-rss 1791090061,3923738624,338571264,23670224,4302766080,6159839232
findling-rss 1791090063,3923083264,338571264,23672464,4301852672,6159839232
findling-rss 1791090065,3923083264,338571264,23671720,4301398016,6159839232
findling-rss 1791090067,5646798848,343404544,25437640,6036512768,6159839232
findling-rss 1791090069,5675298816,343404544,25436560,6066094080,6159839232
findling-rss 1791090071,5524066304,352092160,25693096,5923155968,6159839232
findling-rss 1791090073,5543669760,352092160,25694696,5943398400,6159839232
findling-rss 1791090075,4222857216,347070464,24301096,4611624960,6159839232
findling-rss 1791090077,4075929600,346718208,24176816,4463788032,6159839232
findling-rss 1791090079,4075425792,346718208,24171096,4461862912,6159839232
findling-rss 1791090081,4030947328,346718208,24063992,4418478080,6159839232
findling-rss 1791090083,4128026624,346718208,24167784,4515827712,6159839232
findling-rss 1791090085,3860463616,346718208,23852960,4247736320,6159839232
findling-rss 1791090087,3981242368,346718208,24167952,4369403904,6159839232
findling-rss 1791090089,3939540992,346718208,24164944,4327370752,6159839232
findling-rss 1791090091,4121411584,346718208,24169312,4508721152,6159839232
findling-rss 1791090093,4058574848,346718208,24168672,4443049984,6159839232
findling-rss 1791090095,4151009280,346718208,24169832,4539097088,6159839232
findling-rss 1791090097,4097150976,346718208,24173600,4484345856,6159839232
findling-rss 1791090099,4152438784,346718208,24172376,4540633088,6159839232
findling-rss 1791090101,4154003456,346718208,24166080,4542345216,6159839232
findling-rss 1791090103,4155592704,346718208,24174224,4544147456,6159839232
findling-rss 1791090105,4153806848,346718208,24174664,4542169088,6159839232
findling-rss 1791090107,4159619072,346718208,24176024,4548108288,6159839232
findling-rss 1791090109,3951435776,342880256,23955192,4333322240,6159839232
findling-rss 1791090111,3956948992,342880256,23956144,4340895744,6159839232
findling-rss 1791090113,3792793600,339058688,23739456,4172341248,6159839232
findling-rss 1791090115,3783860224,339058688,23741080,4172193792,6159839232
findling-rss 1791090117,3696758784,334954496,23514440,4071108608,6159839232
findling-rss 1791090119,3696758784,334954496,23516520,4070711296,6159839232
findling-rss 1791090121,3698065408,334954496,23549080,4072312832,6159839232
findling-rss 1791090123,3696758784,334954496,23518584,4071878656,6159839232
findling-rss 1791090125,3696758784,334954496,23519680,4072022016,6159839232
findling-rss 1791090128,3696758784,334954496,23519744,4071571456,6159839232
findling-rss 1791090130,3696758784,334954496,23517056,4071194624,6159839232
findling-rss 1791090132,3696758784,334954496,23515016,4070948864,6159839232
findling-rss 1791090134,3696758784,334954496,23514064,4071141376,6159839232
findling-rss 1791090136,3696758784,334954496,23515664,4071198720,6159839232
findling-rss 1791090138,3696758784,334954496,23517504,4070957056,6159839232
findling-rss 1791090140,3696758784,334954496,23514984,4071170048,6159839232
findling-rss 1791090142,3696758784,334954496,23513488,4071104512,6159839232
findling-rss 1791090144,3696758784,334954496,23525032,4070539264,6159839232
findling-rss 1791090146,3696758784,334954496,23514600,4070715392,6159839232
findling-rss 1791090148,3696758784,334954496,23514576,4071174144,6159839232
findling-rss 1791090150,3696758784,334954496,23515696,4071133184,6159839232
findling-rss 1791090152,3696758784,334954496,23514368,4070617088,6159839232
findling-rss 1791090154,3696758784,334954496,23513520,4070723584,6159839232
findling-rss 1791090156,3696758784,334954496,23512328,4071530496,6159839232
findling-rss 1791090158,3696758784,334954496,23513928,4070998016,6159839232
findling-rss 1791090160,3696758784,334954496,23512120,4070625280,6159839232
findling-rss 1791090162,3696758784,334954496,23512296,4071034880,6159839232
findling-rss 1791090164,3696758784,334954496,23512424,4071219200,6159839232
findling-rss 1791090166,3696758784,334954496,23514984,4071505920,6159839232
findling-rss 1791090168,3696758784,334954496,23514224,4070854656,6159839232
findling-rss 1791090170,3696758784,334954496,23511920,4069576704,6159839232
findling-rss 1791090172,3696758784,334954496,23513280,4071084032,6159839232
findling-rss 1791090174,3696758784,334954496,23513928,4071862272,6159839232
findling-rss 1791090176,3696758784,334954496,23515760,4071321600,6159839232
findling-rss 1791090178,5496147968,340238336,25370080,5883305984,6159839232
findling-rss 1791090180,5049827328,339542016,24929744,5441146880,6159839232
findling-rss 1791090182,5550288896,340279296,25386080,5938032640,6159839232
findling-rss 1791090184,4780027904,338165760,24662808,5162012672,6159839232
findling-rss 1791090186,5471195136,340127744,25382248,5857849344,6159839232
findling-rss 1791090188,5625036800,340127744,25380192,6012399616,6159839232
findling-rss 1791090190,5293387776,342790144,25458688,5679493120,6159839232
findling-rss 1791090192,5452980224,342790144,25475360,5842956288,6159839232
findling-rss 1791090194,3844386816,338223104,23904504,4222296064,6159839232
findling-rss 1791090196,3946741760,338223104,23903976,4324974592,6159839232
findling-rss 1791090198,3840286720,338223104,23796216,4217888768,6159839232
findling-rss 1791090200,3901231104,338223104,23893952,4279701504,6159839232
findling-rss 1791090202,3857723392,338223104,23895048,4236763136,6159839232
findling-rss 1791090204,3948093440,338223104,23898608,4326707200,6159839232
findling-rss 1791090206,3797512192,336842752,23745152,4173991936,6159839232
findling-rss 1791090208,3802615808,336842752,23745616,4179398656,6159839232
findling-rss 1791090210,5125115904,340443136,25387872,5500264448,6159839232
findling-rss 1791090212,5559787520,340443136,25412968,5947658240,6159839232
findling-rss 1791090214,4617736192,340799488,24824568,5000622080,6159839232
findling-rss 1791090216,5509132288,344698880,25538920,5901230080,6159839232
findling-rss 1791090218,3762212864,339771392,23854672,4142166016,6159839232
findling-rss 1791090220,3855843328,339771392,23847080,4236226560,6159839232
findling-rss 1791090222,3798167552,339771392,23842168,4177809408,6159839232
findling-rss 1791090224,3855986688,339771392,23840800,4235935744,6159839232
findling-rss 1791090226,3836583936,339771392,23834392,4216578048,6159839232
findling-rss 1791090228,3857334272,339771392,23831928,4237389824,6159839232
findling-rss 1791090230,3784679424,339771392,23829416,4163534848,6159839232
findling-rss 1791090232,3805069312,339771392,23832368,4185153536,6159839232
findling-rss 1791090234,3847897088,339771392,23833544,4228395008,6159839232
findling-rss 1791090236,3848695808,339771392,23833456,4229480448,6159839232
findling-rss 1791090238,3858792448,339771392,23831760,4239253504,6159839232
findling-rss 1791090240,3859148800,339771392,23829680,4239695872,6159839232
findling-rss 1791090242,3859136512,339771392,23831296,4239400960,6159839232
findling-rss 1791090244,3859550208,339771392,23831968,4239630336,6159839232
findling-rss 1791090246,3860422656,339771392,23834992,4240072704,6159839232
findling-rss 1791090248,3764068352,339771392,23744216,4142907392,6159839232
findling-rss 1791090250,3860656128,339771392,23835040,4240011264,6159839232
findling-rss 1791090252,3791835136,339771392,23834072,4171132928,6159839232
findling-rss 1791090254,3860656128,339771392,23836072,4240777216,6159839232
findling-rss 1791090256,3840299008,339771392,23834040,4220538880,6159839232
findling-rss 1791090258,3866681344,339771392,23832400,4246745088,6159839232
findling-rss 1791090260,3841351680,339771392,23828816,4220686336,6159839232
findling-rss 1791090262,3861696512,339771392,23828592,4241043456,6159839232
findling-rss 1791090264,4669214720,339685376,24742552,5042548736,6159839232
findling-rss 1791090266,5656399872,341057536,25443064,6044598272,6159839232
findling-rss 1791090268,4851904512,340926464,24923384,5227503616,6159839232
findling-rss 1791090270,5512933376,341278720,25468160,5901164544,6159839232
findling-rss 1791090272,3913867264,336732160,23853128,4289761280,6159839232
findling-rss 1791090274,3942375424,336732160,23847112,4319846400,6159839232
findling-rss 1791090276,4726247424,341716992,25350288,5089624064,6159839232
findling-rss 1791090278,5644328960,341716992,25476752,6033137664,6159839232
findling-rss 1791090280,4536569856,341405696,24846608,4953853952,6159839232
findling-rss 1791090282,5504196608,341766144,25454984,5892284416,6159839232
findling-rss 1791090284,4915568640,340353024,24971000,5300711424,6159839232
findling-rss 1791090286,3890925568,337178624,23885856,4268339200,6159839232
findling-rss 1791090288,3775172608,336822272,23761280,4152111104,6159839232
findling-rss 1791090290,3795480576,336822272,23755264,4170842112,6159839232
findling-rss 1791090292,4911984640,340729856,24802760,5290643456,6159839232
findling-rss 1791090294,5589594112,341082112,25397696,5978513408,6159839232
findling-rss 1791090296,4753797120,341303296,25266928,5127729152,6159839232
findling-rss 1791090298,5460238336,341303296,25404944,5849042944,6159839232
findling-rss 1791090300,3969789952,336744448,23788736,4345712640,6159839232
findling-rss 1791090302,3990413312,336744448,23782896,4367208448,6159839232
findling-rss 1791090304,4728262656,346320896,25312992,5118033920,6159839232
findling-rss 1791090306,5460819968,346320896,25532912,5854224384,6159839232
findling-rss 1791090308,4900941824,351969280,25371152,5292142592,6159839232
findling-rss 1791090310,5543284736,353677312,25707640,5944377344,6159839232
findling-rss 1791090312,4715790336,354689024,24965224,5132185600,6159839232
findling-rss 1791090314,4274700288,352620544,24457064,4669386752,6159839232
findling-rss 1791090316,4183572480,352620544,24456552,4578037760,6159839232
findling-rss 1791090318,4343746560,352620544,24458416,4738949120,6159839232
findling-rss 1791090320,4171530240,352620544,24455248,4556808192,6159839232
findling-rss 1791090322,4234022912,352620544,24456840,4628877312,6159839232
findling-rss 1791090324,4262723584,352620544,24450104,4657508352,6159839232
findling-rss 1791090326,4287385600,352620544,24451944,4682051584,6159839232
findling-rss 1791090328,4235771904,352620544,24455000,4630319104,6159839232
findling-rss 1791090330,4238397440,352620544,24453936,4632834048,6159839232
findling-rss 1791090332,4343328768,352620544,24453512,4737765376,6159839232
findling-rss 1791090334,4351881216,352620544,24454872,4746813440,6159839232
findling-rss 1791090336,4365254656,352620544,24458864,4760309760,6159839232
findling-rss 1791090338,4179513344,352620544,24241336,4573573120,6159839232
findling-rss 1791090340,4373032960,352620544,24456656,4768104448,6159839232
findling-rss 1791090342,4120637440,352620544,24338112,4515078144,6159839232
findling-rss 1791090344,4366913536,352620544,24451720,4761964544,6159839232
findling-rss 1791090346,3900309504,349499392,24155648,4289896448,6159839232
findling-rss 1791090348,4101468160,349499392,24254352,4491866112,6159839232
findling-rss 1791090350,3847086080,345649152,24030800,4232785920,6159839232
findling-rss 1791090352,3953549312,345649152,24037744,4340301824,6159839232
findling-rss 1791090354,3769782272,341454848,23809264,4151836672,6159839232
findling-rss 1791090356,3856293888,341454848,23813736,4237848576,6159839232
findling-rss 1791090358,3847659520,341454848,23812872,4228009984,6159839232
findling-rss 1791090360,3902509056,341454848,23813240,4284227584,6159839232
findling-rss 1791090362,3890454528,341454848,23814576,4272058368,6159839232
findling-rss 1791090364,3910787072,341454848,23814296,4292427776,6159839232
findling-rss 1791090366,3899904000,341454848,23815496,4280201216,6159839232
findling-rss 1791090368,3912986624,341454848,23856336,4294823936,6159839232
findling-rss 1791090370,4576284672,339828736,24707456,4943884288,6159839232
findling-rss 1791090372,5524615168,341303296,25413560,5914423296,6159839232
findling-rss 1791090375,4980879360,341655552,25116456,5365686272,6159839232
findling-rss 1791090377,5468831744,343064576,25446928,5858226176,6159839232
findling-rss 1791090379,4809482240,340959232,24718960,5194776576,6159839232
findling-rss 1791090381,4005085184,338513920,23871200,4383555584,6159839232
findling-rss 1791090383,3857252352,337813504,23741680,4234948608,6159839232
findling-rss 1791090385,3804168192,337813504,23740920,4181549056,6159839232
findling-rss 1791090387,3804901376,337813504,23741600,4182966272,6159839232
findling-rss 1791090389,3857043456,337813504,23741080,4235153408,6159839232
findling-rss 1791090391,3857043456,337813504,23742440,4235444224,6159839232
findling-rss 1791090393,3804794880,337813504,23743144,4182605824,6159839232
findling-rss 1791090395,3708653568,336117760,23580944,4084678656,6159839232
findling-rss 1791090397,5490053120,341422080,25445632,5876903936,6159839232
findling-rss 1791090399,5362184192,341069824,25342656,5789839360,6159839232
findling-rss 1791090401,5576904704,349941760,25690752,5974585344,6159839232
findling-rss 1791090403,4986658816,348540928,25096088,5396869120,6159839232
findling-rss 1791090405,3962662912,345579520,24124368,4349915136,6159839232
findling-rss 1791090407,3896594432,345579520,24127440,4282896384,6159839232
findling-rss 1791090409,3972878336,345579520,24126792,4356022272,6159839232
findling-rss 1791090411,3823919104,345579520,24019848,4207841280,6159839232
findling-rss 1791090413,3962793984,345579520,24128072,4350369792,6159839232
findling-rss 1791090415,3898212352,345579520,24127696,4284801024,6159839232
findling-rss 1791090417,3964981248,345579520,24127936,4351385600,6159839232
findling-rss 1791090419,3900887040,345579520,24131216,4287213568,6159839232
findling-rss 1791090421,3929698304,345579520,24131880,4315910144,6159839232
findling-rss 1791090423,3944726528,345579520,24133560,4331147264,6159839232
findling-rss 1791090425,3965132800,345579520,24133184,4351025152,6159839232
findling-rss 1791090427,3973480448,345579520,24126472,4359991296,6159839232
findling-rss 1791090429,3975446528,345579520,24129624,4361748480,6159839232
findling-rss 1791090431,3974004736,345579520,24132776,4360695808,6159839232
findling-rss 1791090433,3878981632,345579520,24023344,4264816640,6159839232
findling-rss 1791090435,3975426048,345579520,24129752,4362100736,6159839232
findling-rss 1791090437,3926736896,345579520,24124856,4313329664,6159839232
findling-rss 1791090439,3825729536,342110208,23920144,4208447488,6159839232
findling-rss 1791090441,3806720000,342110208,23920936,4189134848,6159839232
findling-rss 1791090443,3826667520,342110208,23920288,4209070080,6159839232
findling-rss 1791090445,3825074176,342110208,23922144,4207648768,6159839232
findling-rss 1791090447,3828453376,342110208,23918880,4210417664,6159839232
findling-rss 1791090449,3827994624,342110208,23931128,4210073600,6159839232
findling-rss 1791090451,3828047872,342110208,23920536,4210188288,6159839232
findling-rss 1791090453,3826757632,342110208,23921208,4209156096,6159839232
findling-rss 1791090455,3834388480,342110208,23920232,4216963072,6159839232
findling-rss 1791090457,3775008768,342110208,23918664,4156702720,6159839232
findling-rss 1791090459,3775008768,342110208,23919888,4157292544,6159839232
findling-rss 1791090461,3775791104,342110208,23921312,4157964288,6159839232
findling-rss 1791090463,3678793728,336265216,23639312,4055203840,6159839232
findling-rss 1791090465,5564665856,341299200,25460400,5953691648,6159839232
findling-rss 1791090467,5578444800,341299200,25453936,5966991360,6159839232
findling-rss 1791090469,5493936128,342753280,25514368,5884035072,6159839232
findling-rss 1791090471,5422653440,342392832,25393304,5811965952,6159839232
findling-rss 1791090473,5172936704,343699456,25533184,5548687360,6159839232
findling-rss 1791090475,5528387584,343699456,25561624,5919473664,6159839232
findling-rss 1791090477,4648132608,344281088,25148224,5034708992,6159839232
findling-rss 1791090479,5461938176,345202688,25576384,5853978624,6159839232
findling-rss 1791090481,4635983872,343080960,24742744,5027020800,6159839232
findling-rss 1791090483,4221071360,341327872,24246192,4604289024,6159839232
findling-rss 1791090485,3904360448,340975616,24126080,4286156800,6159839232
findling-rss 1791090487,4075675648,340975616,24127840,4456734720,6159839232
findling-rss 1791090489,3940212736,339570688,23973584,4320530432,6159839232
findling-rss 1791090491,3979603968,339570688,23976008,4360232960,6159839232
findling-rss 1791090493,3883802624,338153472,23827040,4262731776,6159839232
findling-rss 1791090495,3888787456,338153472,23828400,4266774528,6159839232
findling-rss 1791090497,4940742656,341790720,25185832,5323300864,6159839232
findling-rss 1791090499,5549834240,341790720,25528352,5905117184,6159839232
findling-rss 1791090501,4716199936,343642112,24942000,5096534016,6159839232
findling-rss 1791090503,5465067520,343662592,25549552,5855895552,6159839232
findling-rss 1791090505,4081537024,338268160,24079560,4460695552,6159839232
findling-rss 1791090507,3858169856,337567744,23826856,4236783616,6159839232
findling-rss 1791090509,3838398464,337567744,23824136,4216336384,6159839232
findling-rss 1791090511,3864199168,337567744,23828160,4242305024,6159839232
findling-rss 1791090513,4956504064,341696512,25396040,5343309824,6159839232
findling-rss 1791090515,5480382464,341696512,25426696,5869260800,6159839232
findling-rss 1791090517,4894867456,341651456,25422784,5281439744,6159839232
findling-rss 1791090519,5435617280,341651456,25444216,5824122880,6159839232
findling-rss 1791090521,3976179712,337117184,23875936,4353777664,6159839232
findling-rss 1791090523,5349654528,342106112,25486096,5737115648,6159839232
findling-rss 1791090525,5486505984,342106112,25449952,5875646464,6159839232
findling-rss 1791090527,5161144320,346509312,25437856,5551472640,6159839232
findling-rss 1791090529,5568356352,346509312,25559752,5962358784,6159839232
findling-rss 1791090531,3959169024,341790720,23976016,4341612544,6159839232
findling-rss 1791090533,3980021760,341790720,23964984,4362309632,6159839232
findling-rss 1791090535,3884244992,341442560,23841248,4265525248,6159839232
findling-rss 1791090537,3884732416,341442560,23841424,4266409984,6159839232
findling-rss 1791090539,3886477312,341442560,23840824,4268371968,6159839232
findling-rss 1791090541,3887239168,341442560,23841000,4268982272,6159839232
findling-rss 1791090543,3887001600,341442560,23842328,4268556288,6159839232
findling-rss 1791090545,3888525312,341442560,23843280,4269359104,6159839232
findling-rss 1791090547,3886018560,341442560,23843152,4267466752,6159839232
findling-rss 1791090549,3889397760,341442560,23841552,4270530560,6159839232
findling-rss 1791090551,3833946112,341442560,23842072,4215611392,6159839232
findling-rss 1791090553,3789176832,341442560,23743344,4170702848,6159839232
findling-rss 1791090555,3832778752,341442560,23844464,4214546432,6159839232
findling-rss 1791090557,3821596672,341442560,23844864,4203229184,6159839232
findling-rss 1791090559,3877117952,341442560,23845008,4258918400,6159839232
findling-rss 1791090561,3867144192,341442560,23843816,4249251840,6159839232
findling-rss 1791090563,3887685632,341442560,23856552,4269068288,6159839232
findling-rss 1791090565,3868205056,341442560,23846928,4250005504,6159839232
findling-rss 1791090567,3894841344,341442560,23844688,4276604928,6159839232
findling-rss 1791090569,3887759360,341442560,23847312,4269338624,6159839232
findling-rss 1791090571,3888521216,341442560,23847552,4270178304,6159839232
findling-rss 1791090573,3887968256,341442560,23845984,4269551616,6159839232
findling-rss 1791090575,3888353280,341442560,23845504,4269891584,6159839232
findling-rss 1791090577,3835125760,341442560,23847336,4216422400,6159839232
findling-rss 1791090579,3835125760,341442560,23848480,4216692736,6159839232
findling-rss 1791090581,5337829376,342233088,25500600,5726879744,6159839232
findling-rss 1791090583,5439913984,342233088,25497048,5829431296,6159839232
findling-rss 1791090585,5405323264,346120192,25607576,5797097472,6159839232
findling-rss 1791090587,5498429440,346120192,25622752,5887307776,6159839232
findling-rss 1791090589,4222136320,341913600,24232752,4605902848,6159839232
findling-rss 1791090591,4197912576,341913600,24231944,4582490112,6159839232
findling-rss 1791090593,4111675392,341561344,24110200,4494868480,6159839232
findling-rss 1791090595,4119048192,341561344,24110440,4502450176,6159839232
findling-rss 1791090597,4016500736,340496384,23971232,4398252032,6159839232
findling-rss 1791090599,3919949824,340496384,23873256,4301340672,6159839232
findling-rss 1791090601,4015521792,340496384,23973472,4397166592,6159839232
findling-rss 1791090603,3947044864,340496384,23969000,4319641600,6159839232
findling-rss 1791090605,3856179200,338751488,23822480,4235321344,6159839232
findling-rss 1791090607,4115300352,339877888,24023312,4493590528,6159839232
findling-rss 1791090609,5493530624,341987328,25509640,5882314752,6159839232
findling-rss 1791090611,4580757504,345169920,24956464,4968845312,6159839232
findling-rss 1791090613,5464449024,345534464,25628144,5857714176,6159839232
findling-rss 1791090615,4065546240,341676032,24298560,4454010880,6159839232
findling-rss 1791090617,4002865152,340963328,24055992,4385181696,6159839232
findling-rss 1791090619,3910316032,340963328,24054576,4288806912,6159839232
findling-rss 1791090621,3956252672,340963328,24048672,4338049024,6159839232
findling-rss 1791090623,4033335296,340963328,24049480,4416118784,6159839232
findling-rss 1791090626,4061802496,340963328,24047096,4444041216,6159839232
findling-rss 1791090628,3961303040,340963328,24042864,4343017472,6159839232
findling-rss 1791090630,3963961344,340963328,24045808,4346159104,6159839232
findling-rss 1791090632,3855945728,339234816,23888632,4235374592,6159839232
findling-rss 1791090634,3856826368,339234816,23888864,4236079104,6159839232
findling-rss 1791090636,3865407488,339234816,23890480,4244598784,6159839232
findling-rss 1791090638,3867131904,339234816,23891200,4246786048,6159839232
findling-rss 1791090640,5425098752,342462464,25537024,5815164928,6159839232
findling-rss 1791090642,5505810432,342462464,25533616,5895626752,6159839232
findling-rss 1791090644,5506117632,342474752,25552760,5893234688,6159839232
findling-rss 1791090646,5619580928,342482944,25552416,6009462784,6159839232
findling-rss 1791090648,3898347520,337235968,23805576,4275245056,6159839232
findling-rss 1791090650,3905294336,337235968,23806744,4282183680,6159839232
findling-rss 1791090652,5445058560,351707136,25808520,5840871424,6159839232
findling-rss 1791090654,5514649600,351707136,25808960,5913788416,6159839232
findling-rss 1791090656,5486854144,351698944,25825888,5885665280,6159839232
findling-rss 1791090658,5531295744,351698944,25823504,5930016768,6159839232
findling-rss 1791090660,4003688448,347152384,24213512,4391837696,6159839232
findling-rss 1791090662,4009836544,347152384,24214176,4397879296,6159839232
findling-rss 1791090664,3948752896,346796032,24092896,4335702016,6159839232
findling-rss 1791090666,3966783488,346796032,24094208,4354228224,6159839232
findling-rss 1791090668,3909435392,346796032,24093128,4297105408,6159839232
findling-rss 1791090670,3911204864,346796032,24090816,4298653696,6159839232
findling-rss 1791090672,3911335936,346796032,24089912,4298551296,6159839232
findling-rss 1791090674,3823812608,346796032,24088656,4210483200,6159839232
findling-rss 1791090676,3911024640,346796032,24090672,4298813440,6159839232
findling-rss 1791090678,3865186304,346796032,24091664,4252942336,6159839232
findling-rss 1791090680,3911684096,346796032,24089400,4299423744,6159839232
findling-rss 1791090682,3891273728,346796032,24085488,4278067200,6159839232
findling-rss 1791090684,3916111872,346796032,24086488,4303081472,6159839232
findling-rss 1791090686,3892002816,346796032,24088448,4279635968,6159839232
findling-rss 1791090688,3912105984,346796032,24088128,4299132928,6159839232
findling-rss 1791090690,3912372224,346796032,24088392,4299632640,6159839232
findling-rss 1791090692,3913351168,346796032,24089584,4300328960,6159839232
findling-rss 1791090694,3913797632,346796032,24091544,4301086720,6159839232
findling-rss 1791090696,3914334208,346796032,24091288,4301479936,6159839232
findling-rss 1791090698,3912835072,346796032,24087896,4300369920,6159839232
findling-rss 1791090700,3913412608,346796032,24086728,4301221888,6159839232
findling-rss 1791090702,3913666560,346796032,24085688,4301512704,6159839232
findling-rss 1791090704,3818659840,346796032,23979056,4205846528,6159839232
findling-rss 1791090706,3914711040,346796032,24085616,4301910016,6159839232
findling-rss 1791090708,3853873152,346796032,24084928,4238905344,6159839232
findling-rss 1791090710,3914031104,346796032,24082592,4301307904,6159839232
findling-rss 1791090712,3894489088,346796032,24082048,4281925632,6159839232
findling-rss 1791090714,3914870784,346796032,24081504,4302311424,6159839232
findling-rss 1791090716,3894956032,346796032,24077968,4281700352,6159839232
findling-rss 1791090718,3918643200,346796032,24081224,4305727488,6159839232
findling-rss 1791090720,3914903552,346796032,24081816,4302032896,6159839232
findling-rss 1791090722,3919761408,346796032,24082736,4307066880,6159839232
findling-rss 1791090724,3916423168,346796032,24084968,4303740928,6159839232
findling-rss 1791090726,3916423168,346796032,24086568,4303622144,6159839232
findling-rss 1791090728,3916029952,346796032,24087680,4303310848,6159839232
findling-rss 1791090730,3916357632,346796032,24087576,4304232448,6159839232
findling-rss 1791090732,3921608704,346796032,24089032,4309221376,6159839232
findling-rss 1791090734,3820351488,346796032,23979040,4207165440,6159839232
findling-rss 1791090736,3915968512,346796032,24130888,4304674816,6159839232
findling-rss 1791090738,3849117696,346796032,24087864,4236095488,6159839232
findling-rss 1791090740,3915612160,346796032,24086000,4301545472,6159839232
findling-rss 1791090742,3897978880,346796032,24081480,4285513728,6159839232
findling-rss 1791090744,3918123008,346796032,24083704,4305580032,6159839232
findling-rss 1791090746,3914543104,346796032,24083488,4302012416,6159839232
findling-rss 1791090748,3917135872,346796032,24084848,4304486400,6159839232
findling-rss 1791090750,3917299712,346796032,24085736,4304932864,6159839232
findling-rss 1791090752,3924164608,346796032,24083664,4311793664,6159839232
findling-rss 1791090754,3917434880,346796032,24084040,4305424384,6159839232
findling-rss 1791090756,3917434880,346796032,24084960,4305289216,6159839232
findling-rss 1791090758,5567647744,343547904,25636496,5959204864,6159839232
findling-rss 1791090760,5576925184,343547904,25600224,5967863808,6159839232
findling-rss 1791090762,4994879488,347410432,25471008,5383823360,6159839232
findling-rss 1791090764,5512585216,347410432,25705424,5907795968,6159839232
findling-rss 1791090766,3941019648,341315584,23988456,4323004416,6159839232
findling-rss 1791090768,3961393152,341315584,23980448,4342845440,6159839232
findling-rss 1791090770,3942068224,341315584,23977528,4322013184,6159839232
findling-rss 1791090772,3965714432,341315584,23978888,4347936768,6159839232
findling-rss 1791090774,3960635392,341315584,23979744,4342853632,6159839232
findling-rss 1791090776,3966640128,341315584,23980560,4348391424,6159839232
findling-rss 1791090778,3963899904,341315584,23980856,4345221120,6159839232
findling-rss 1791090780,3963158528,341315584,23979208,4345167872,6159839232
findling-rss 1791090782,3963330560,341315584,23978208,4345270272,6159839232
findling-rss 1791090784,3963342848,341315584,23979472,4345618432,6159839232
findling-rss 1791090786,3962699776,341315584,23978968,4343840768,6159839232
findling-rss 1791090788,3962699776,341315584,23980328,4343754752,6159839232
findling-rss 1791090790,3962925056,341315584,23982336,4344512512,6159839232
findling-rss 1791090792,3867303936,341315584,23873688,4248707072,6159839232
findling-rss 1791090794,3963826176,341315584,23981088,4345991168,6159839232
findling-rss 1791090796,3851968512,341315584,23980232,4233641984,6159839232
findling-rss 1791090798,3913621504,341315584,23982552,4295540736,6159839232
findling-rss 1791090800,3889696768,341315584,23975856,4270534656,6159839232
findling-rss 1791090802,3909595136,341315584,23976216,4291178496,6159839232
findling-rss 1791090804,3934105600,341315584,23975744,4316258304,6159839232
findling-rss 1791090806,3958382592,341315584,23976144,4340166656,6159839232
findling-rss 1791090808,4557824000,341012480,24774232,4941070336,6159839232
findling-rss 1791090810,5691576320,342073344,25483728,6081585152,6159839232
findling-rss 1791090812,5218496512,341950464,25269752,5624041472,6159839232
findling-rss 1791090814,5493919744,342319104,25475864,5884088320,6159839232
findling-rss 1791090816,4914282496,340197376,24754712,5298806784,6159839232
findling-rss 1791090818,5128921088,342364160,25511296,5515997184,6159839232
findling-rss 1791090820,5493817344,342364160,25509152,5883408384,6159839232
findling-rss 1791090822,5262725120,344985600,25569864,5648850944,6159839232
findling-rss 1791090824,5524492288,344985600,25596792,5917200384,6159839232
findling-rss 1791090826,3899613184,338898944,23881840,4278341632,6159839232
findling-rss 1791090828,3904004096,338898944,23876240,4282744832,6159839232
findling-rss 1791090830,3957956608,338898944,23874304,4336246784,6159839232
findling-rss 1791090832,3905163264,338898944,23872472,4284854272,6159839232
findling-rss 1791090834,3899498496,338911232,23864632,4278726656,6159839232
findling-rss 1791090836,3899895808,338911232,23864632,4279709696,6159839232
findling-rss 1791090838,3900477440,338911232,23866032,4279619584,6159839232
findling-rss 1791090840,3900477440,338911232,23866952,4279676928,6159839232
findling-rss 1791090842,5469704192,342544384,25530528,5859524608,6159839232
findling-rss 1791090844,5491011584,342544384,25530464,5881257984,6159839232
findling-rss 1791090846,5462093824,344293376,25597584,5853794304,6159839232
findling-rss 1791090848,5484396544,344293376,25597408,5875707904,6159839232
findling-rss 1791090850,3928387584,339361792,23903872,4307726336,6159839232
findling-rss 1791090852,3831906304,339361792,23904352,4281389056,6159839232
findling-rss 1791090854,3928862720,339361792,23904168,4308385792,6159839232
findling-rss 1791090856,3832987648,339361792,23800056,4212129792,6159839232
findling-rss 1791090858,3929305088,339361792,23903192,4309639168,6159839232
findling-rss 1791090860,3842015232,339361792,23899384,4217901056,6159839232
findling-rss 1791090862,3928817664,339361792,23898624,4308221952,6159839232
findling-rss 1791090864,3901046784,339361792,23900208,4280594432,6159839232
findling-rss 1791090866,3929735168,339361792,23899800,4309860352,6159839232
findling-rss 1791090868,4121432064,341229568,24730848,4503613440,6159839232
findling-rss 1791090870,5473398784,342638592,25551760,5863034880,6159839232
findling-rss 1791090872,4977061888,341712896,25025264,5363318784,6159839232
findling-rss 1791090874,5550632960,342425600,25557032,5940174848,6159839232
findling-rss 1791090876,5140328448,341229568,25080648,5527334912,6159839232
findling-rss 1791090878,4970311680,343404544,25475472,5348970496,6159839232
findling-rss 1791090880,5508382720,343404544,25610152,5899345920,6159839232
findling-rss 1791090882,5051392000,356216832,25938576,5450780672,6159839232
findling-rss 1791090884,5432582144,356216832,25980424,5836845056,6159839232
findling-rss 1791090886,4258361344,350973952,24573184,4650283008,6159839232
findling-rss 1791090889,4290265088,350973952,24574624,4684361728,6159839232
findling-rss 1791090891,4025806848,349794304,24316144,4416811008,6159839232
findling-rss 1791090893,4028895232,349794304,24316848,4420644864,6159839232
findling-rss 1791090895,4027842560,349794304,24314840,4418428928,6159839232
findling-rss 1791090897,4028698624,349794304,24313888,4419522560,6159839232
findling-rss 1791090899,4033277952,349794304,24313712,4424347648,6159839232
findling-rss 1791090901,3938627584,348049408,24157368,4327284736,6159839232
findling-rss 1791090903,3931140096,348049408,24154184,4319596544,6159839232
findling-rss 1791090905,3931652096,348049408,24154688,4319830016,6159839232
findling-rss 1791090907,3932004352,348049408,24156504,4320604160,6159839232
findling-rss 1791090909,3836809216,348049408,24069992,4224573440,6159839232
findling-rss 1791090911,3932246016,348049408,24157608,4320964608,6159839232
findling-rss 1791090913,3877478400,348049408,24156488,4265885696,6159839232
findling-rss 1791090915,3932667904,348049408,24154256,4321775616,6159839232
findling-rss 1791090917,3859263488,348049408,24155416,4248072192,6159839232
findling-rss 1791090919,3879378944,348049408,24152248,4267909120,6159839232
findling-rss 1791090921,3870789632,348049408,24168040,4258586624,6159839232
findling-rss 1791090923,3879247872,348049408,24149120,4267687936,6159839232
findling-rss 1791090925,3922509824,348049408,24152112,4311539712,6159839232
findling-rss 1791090927,3923337216,348049408,24152112,4312252416,6159839232
findling-rss 1791090929,3933732864,348049408,24154040,4322377728,6159839232
findling-rss 1791090931,3934547968,348049408,24154960,4323323904,6159839232
findling-rss 1791090933,3935739904,348049408,24154232,4324368384,6159839232
findling-rss 1791090935,3935739904,348049408,24154848,4324536320,6159839232
findling-rss 1791090937,3934502912,348049408,24155584,4322897920,6159839232
findling-rss 1791090939,3838672896,348049408,24052696,4227239936,6159839232
findling-rss 1791090941,3933986816,348049408,24156760,4323041280,6159839232
findling-rss 1791090943,3829002240,348049408,24152176,4214861824,6159839232
findling-rss 1791090945,3881488384,348049408,24150776,4269654016,6159839232
findling-rss 1791090947,3861762048,348049408,24150032,4250796032,6159839232
findling-rss 1791090949,3881070592,348049408,24150528,4269719552,6159839232
findling-rss 1791090951,3906215936,348049408,24148928,4293459968,6159839232
findling-rss 1791090953,3926810624,348049408,24151856,4315750400,6159839232
findling-rss 1791090955,3935068160,348049408,24152472,4323098624,6159839232
findling-rss 1791090957,3936141312,348049408,24153624,4325232640,6159839232
findling-rss 1791090959,3937009664,348049408,24155584,4326109184,6159839232
findling-rss 1791090961,3937697792,348049408,24154080,4326637568,6159839232
findling-rss 1791090963,3937423360,348049408,24154560,4326154240,6159839232
findling-rss 1791090965,3937513472,348049408,24154824,4325928960,6159839232
findling-rss 1791090967,3937935360,348049408,24155520,4326395904,6159839232
findling-rss 1791090969,3937935360,348049408,24154568,4327133184,6159839232
findling-rss 1791090971,3936186368,348049408,24151224,4325171200,6159839232
findling-rss 1791090973,3841564672,348049408,24053432,4229730304,6159839232
findling-rss 1791090975,3935961088,348049408,24148848,4324610048,6159839232
findling-rss 1791090977,3892314112,348049408,24151656,4281147392,6159839232
findling-rss 1791090979,3939848192,348049408,24150392,4327448576,6159839232
findling-rss 1791090981,3919486976,348049408,24151976,4307877888,6159839232
findling-rss 1791090983,3939106816,348049408,24151312,4327747584,6159839232
findling-rss 1791090985,3932770304,348049408,24149360,4320616448,6159839232
findling-rss 1791090987,3946536960,348049408,24150056,4335443968,6159839232
findling-rss 1791090989,3939819520,348049408,24148280,4328443904,6159839232
findling-rss 1791090991,3940323328,348049408,24151672,4329177088,6159839232
findling-rss 1791090993,3886424064,348049408,24151160,4275023872,6159839232
findling-rss 1791090995,3886833664,348049408,24151480,4275376128,6159839232
findling-rss 1791090997,5144420352,342880256,25591048,5526306816,6159839232
findling-rss 1791090999,5438582784,342880256,25613280,5828665344,6159839232
findling-rss 1791091001,5010911232,342913024,25619544,5388890112,6159839232
findling-rss 1791091003,5444214784,342913024,25633624,5834649600,6159839232
findling-rss 1791091005,3777290240,338128896,23830184,4155801600,6159839232
findling-rss 1791091007,5463289856,344596480,25690040,5855424512,6159839232
findling-rss 1791091009,5480783872,344596480,25690240,5872672768,6159839232
findling-rss 1791091011,5523288064,343928832,25707576,5914906624,6159839232
findling-rss 1791091013,5206876160,342867968,25357640,5595418624,6159839232
findling-rss 1791091015,4021915648,339214336,24021888,4401659904,6159839232
findling-rss 1791091017,4021915648,339214336,24023968,4401876992,6159839232
findling-rss 1791091019,4015722496,339214336,24022816,4395696128,6159839232
findling-rss 1791091021,3857633280,340393984,23965072,4237864960,6159839232
findling-rss 1791091023,5417328640,347844608,25694536,5810880512,6159839232
findling-rss 1791091025,5470621696,347844608,25695728,5865336832,6159839232
findling-rss 1791091027,5388001280,347656192,25673408,5781004288,6159839232
findling-rss 1791091029,5620330496,347656192,25695552,6015700992,6159839232
findling-rss 1791091031,4193054720,343638016,24218264,4578230272,6159839232
findling-rss 1791091033,4136763392,343285760,24096896,4521766912,6159839232
findling-rss 1791091035,3935907840,342933504,23974448,4319227904,6159839232
findling-rss 1791091037,3982688256,342933504,23977840,4366802944,6159839232
findling-rss 1791091039,3910500352,342933504,23975512,4293656576,6159839232
findling-rss 1791091041,3937103872,342933504,23974464,4320567296,6159839232
findling-rss 1791091043,3954917376,342933504,23973632,4338880512,6159839232
findling-rss 1791091045,3974905856,342933504,23975504,4358004736,6159839232
findling-rss 1791091047,3983876096,342933504,23974080,4367917056,6159839232
findling-rss 1791091049,3984801792,342933504,23975312,4368093184,6159839232
findling-rss 1791091051,3985715200,342933504,23976672,4369285120,6159839232
findling-rss 1791091053,3985920000,342933504,23976672,4369883136,6159839232
findling-rss 1791091055,3987578880,342933504,23975608,4371296256,6159839232
findling-rss 1791091057,3988869120,342933504,23973296,4372480000,6159839232
findling-rss 1791091059,3986001920,342933504,23976288,4369453056,6159839232
findling-rss 1791091061,3889922048,342933504,23868728,4273074176,6159839232
findling-rss 1791091063,3988226048,342933504,23970608,4371378176,6159839232
findling-rss 1791091065,3923021824,342933504,23968048,4302045184,6159839232
findling-rss 1791091067,3986448384,342933504,23969384,4369833984,6159839232
findling-rss 1791091069,3967188992,342933504,23979792,4350849024,6159839232
findling-rss 1791091071,3991343104,342933504,23960984,4374704128,6159839232
findling-rss 1791091073,3968258048,342933504,23958696,4352319488,6159839232
findling-rss 1791091075,3988504576,342933504,23964088,4371980288,6159839232
findling-rss 1791091077,4296962048,341667840,24750336,4676521984,6159839232
findling-rss 1791091079,5490110464,344825856,25623944,5881487360,6159839232
findling-rss 1791091081,5000523776,347889664,25386808,5382262784,6159839232
findling-rss 1791091083,5591810048,348229632,25735736,5987536896,6159839232
findling-rss 1791091085,4098256896,343412736,24326176,4483244032,6159839232
findling-rss 1791091087,4077113344,343060480,24207656,4461723648,6159839232
findling-rss 1791091089,3966435328,342712320,24129832,4350480384,6159839232
findling-rss 1791091091,4080205824,342712320,24087736,4464111616,6159839232
findling-rss 1791091093,4072943616,342712320,24087808,4456452096,6159839232
findling-rss 1791091095,4051492864,342712320,24089200,4435156992,6159839232
findling-rss 1791091097,3885846528,340987904,23928224,4267597824,6159839232
findling-rss 1791091099,3886460928,340987904,23927848,4268224512,6159839232
findling-rss 1791091101,3886080000,340987904,23926424,4266487808,6159839232
findling-rss 1791091103,3886133248,340987904,23928024,4267364352,6159839232
findling-rss 1791091105,3886219264,340987904,23925000,4267859968,6159839232
findling-rss 1791091107,3818897408,340987904,23824224,4198182912,6159839232
findling-rss 1791091109,3886108672,340987904,23924616,4267397120,6159839232
findling-rss 1791091111,3790675968,338272256,23753240,4168814592,6159839232
findling-rss 1791091113,5495668736,344674304,25635672,5887844352,6159839232
findling-rss 1791091115,5119807488,343617536,25094392,5506453504,6159839232
findling-rss 1791091117,5478502400,344268800,25645088,5869248512,6159839232
findling-rss 1791091119,4975374336,342511616,24932104,5361487872,6159839232
findling-rss 1791091121,3932491776,339349504,23952560,4312281088,6159839232
findling-rss 1791091123,3861282816,339349504,23951592,4240879616,6159839232
findling-rss 1791091125,3931930624,339349504,23953568,4311568384,6159839232
findling-rss 1791091127,4011270144,342364160,23953696,4392427520,6159839232
findling-rss 1791091129,5548621824,346021888,25699256,5942833152,6159839232
findling-rss 1791091131,5314043904,345329664,25474792,5706661888,6159839232
findling-rss 1791091133,5425582080,349655040,25790800,5819928576,6159839232
findling-rss 1791091135,5529067520,349655040,25792552,5926608896,6159839232
findling-rss 1791091137,3964497920,344723456,24098424,4350443520,6159839232
findling-rss 1791091139,3965206528,344723456,24093256,4350492672,6159839232
findling-rss 1791091141,3964833792,344723456,24090480,4349857792,6159839232
findling-rss 1791091143,3965595648,344723456,24091840,4350816256,6159839232
findling-rss 1791091145,3964276736,344723456,24090312,4349157376,6159839232
findling-rss 1791091147,3921145856,344723456,23985984,4305514496,6159839232
findling-rss 1791091150,3963736064,344723456,24093680,4349001728,6159839232
findling-rss 1791091152,3961737216,344723456,24088816,4344844288,6159839232
findling-rss 1791091154,4017246208,344723456,24089952,4402679808,6159839232
findling-rss 1791091156,3944902656,344723456,24087736,4330528768,6159839232
findling-rss 1791091158,3964944384,344723456,24090672,4349841408,6159839232
findling-rss 1791091160,3996975104,344723456,24089672,4381835264,6159839232
findling-rss 1791091162,4016971776,344723456,24088928,4402085888,6159839232
findling-rss 1791091164,3964579840,344723456,24088776,4349935616,6159839232
findling-rss 1791091166,3964792832,344723456,24087312,4350103552,6159839232
findling-rss 1791091168,4018114560,344723456,24088232,4403675136,6159839232
findling-rss 1791091170,4021608448,344723456,24089832,4407685120,6159839232
findling-rss 1791091172,4027248640,344723456,24090352,4413280256,6159839232
findling-rss 1791091174,4027637760,344723456,24100800,4413517824,6159839232
findling-rss 1791091176,4028628992,344723456,24087936,4414070784,6159839232
findling-rss 1791091178,3932680192,344723456,23979984,4317876224,6159839232
findling-rss 1791091180,4027138048,344723456,24091832,4412768256,6159839232
findling-rss 1791091182,3970543616,344723456,24093064,4355932160,6159839232
findling-rss 1791091184,4029018112,344723456,24092608,4413943808,6159839232
findling-rss 1791091186,4009197568,344723456,24092376,4393955328,6159839232
findling-rss 1791091188,4029521920,344723456,24092872,4414836736,6159839232
findling-rss 1791091190,4009205760,344723456,24093808,4395380736,6159839232
findling-rss 1791091192,4030070784,344723456,24093296,4415934464,6159839232
findling-rss 1791091194,4028329984,344723456,24090776,4413337600,6159839232
findling-rss 1791091196,4029468672,344723456,24092496,4414664704,6159839232
findling-rss 1791091198,4028440576,344723456,24091824,4413407232,6159839232
findling-rss 1791091200,4029304832,344723456,24090616,4415287296,6159839232
findling-rss 1791091202,5449748480,343392256,25630784,5838876672,6159839232
findling-rss 1791091204,5706153984,343392256,25660568,6097575936,6159839232
findling-rss 1791091206,5327765504,352718848,25932768,5727305728,6159839232
findling-rss 1791091208,5499736064,352718848,25940648,5900132352,6159839232
findling-rss 1791091210,4079046656,346963968,24337336,4467503104,6159839232
findling-rss 1791091212,4086009856,346963968,24332632,4474503168,6159839232
findling-rss 1791091214,4153090048,346963968,24332344,4541095936,6159839232
findling-rss 1791091216,4096331776,346963968,24334448,4485062656,6159839232
findling-rss 1791091218,4142444544,346963968,24334952,4531060736,6159839232
findling-rss 1791091220,4046385152,346963968,24244672,4434538496,6159839232
findling-rss 1791091222,4095696896,346963968,24329440,4483555328,6159839232
findling-rss 1791091224,3914788864,346963968,24146696,4299374592,6159839232
findling-rss 1791091226,4144848896,346963968,24328960,4533956608,6159839232
findling-rss 1791091228,3972624384,346963968,24229960,4360749056,6159839232
findling-rss 1791091230,4091367424,346963968,24330872,4479946752,6159839232
findling-rss 1791091232,4057194496,346963968,24324160,4444758016,6159839232
findling-rss 1791091234,4147679232,346963968,24330480,4535885824,6159839232
findling-rss 1791091236,4042129408,346963968,24331368,4430168064,6159839232
findling-rss 1791091238,4093751296,346963968,24329088,4482015232,6159839232
findling-rss 1791091240,4069756928,346963968,24341472,4458201088,6159839232
findling-rss 1791091242,4090335232,346963968,24331384,4478525440,6159839232
findling-rss 1791091244,4097990656,346963968,24324736,4485365760,6159839232
findling-rss 1791091246,4101246976,346963968,24330608,4489535488,6159839232
findling-rss 1791091248,3987492864,343121920,24108880,4371832832,6159839232
findling-rss 1791091250,3987570688,343121920,24111200,4371742720,6159839232
findling-rss 1791091252,3995910144,343121920,24112320,4379504640,6159839232
findling-rss 1791091254,3999977472,343121920,24113200,4384391168,6159839232
findling-rss 1791091256,5237243904,352370688,25806848,5633568768,6159839232
findling-rss 1791091258,5497761792,352370688,25926520,5898178560,6159839232
findling-rss 1791091260,5405810688,353583104,25975824,5806579712,6159839232
findling-rss 1791091262,5572542464,353583104,25973992,5974327296,6159839232
findling-rss 1791091264,4112338944,347828224,24315528,4500860928,6159839232
findling-rss 1791091266,4163219456,347828224,24318760,4551942144,6159839232
findling-rss 1791091268,4043567104,347475968,24192224,4432097280,6159839232
findling-rss 1791091270,4063408128,347475968,24195176,4450807808,6159839232
findling-rss 1791091272,4060901376,347475968,24197280,4449185792,6159839232
findling-rss 1791091274,4068970496,347475968,24198136,4457689088,6159839232
findling-rss 1791091276,4063358976,347475968,24197376,4452360192,6159839232
findling-rss 1791091278,4063358976,347475968,24197408,4452188160,6159839232
findling-rss 1791091280,4064849920,347475968,24197600,4454002688,6159839232
findling-rss 1791091282,4064849920,347475968,24196104,4452872192,6159839232
findling-rss 1791091284,4063584256,347475968,24195184,4451930112,6159839232
findling-rss 1791091286,4064075776,347475968,24193768,4453068800,6159839232
findling-rss 1791091288,4064358400,347475968,24193560,4453318656,6159839232
findling-rss 1791091290,3968458752,347475968,24090200,4356448256,6159839232
findling-rss 1791091292,4012187648,347475968,24196000,4401147904,6159839232
findling-rss 1791091294,3927556096,347475968,24196664,4316389376,6159839232
findling-rss 1791091296,4012474368,347475968,24197696,4401590272,6159839232
findling-rss 1791091298,4001738752,347475968,24198720,4389531648,6159839232
findling-rss 1791091300,4057284608,347475968,24199736,4445818880,6159839232
findling-rss 1791091302,4046024704,347475968,24201992,4434972672,6159839232
findling-rss 1791091304,4065423360,347475968,24199840,4453748736,6159839232
findling-rss 1791091306,4063006720,347475968,24196984,4451291136,6159839232
findling-rss 1791091308,4067467264,347475968,24197008,4456275968,6159839232
findling-rss 1791091310,4066942976,347475968,24200456,4455370752,6159839232
findling-rss 1791091312,4066947072,347475968,24192608,4454891520,6159839232
findling-rss 1791091314,4066607104,347475968,24194552,4454727680,6159839232
findling-rss 1791091316,4067708928,347475968,24195912,4456669184,6159839232
findling-rss 1791091318,4020191232,347475968,24194896,4408528896,6159839232
findling-rss 1791091320,4021022720,347475968,24196008,4409729024,6159839232
findling-rss 1791091322,4013936640,347475968,24197440,4402630656,6159839232
findling-rss 1791091324,3960786944,347475968,24089368,4347428864,6159839232
findling-rss 1791091326,4064227328,347475968,24194512,4452831232,6159839232
findling-rss 1791091328,3972669440,347475968,24090096,4360929280,6159839232
findling-rss 1791091330,4068810752,347475968,24196712,4457947136,6159839232
findling-rss 1791091332,4023463936,347475968,24200488,4412174336,6159839232
findling-rss 1791091334,4070068224,347475968,24196336,4458450944,6159839232
findling-rss 1791091336,4049571840,347475968,24193256,4438278144,6159839232
findling-rss 1791091338,4069720064,347475968,24194224,4458676224,6159839232
findling-rss 1791091340,4067467264,347475968,24193176,4455342080,6159839232
findling-rss 1791091342,4075270144,347475968,24192864,4464148480,6159839232
findling-rss 1791091344,4069142528,347475968,24192152,4458237952,6159839232
findling-rss 1791091346,4070584320,347475968,24192088,4459917312,6159839232
findling-rss 1791091348,4068900864,347475968,24193688,4458487808,6159839232
findling-rss 1791091350,4071174144,347475968,24194664,4459794432,6159839232
findling-rss 1791091352,5370421248,344047616,25686744,5754679296,6159839232
findling-rss 1791091354,5553250304,344047616,25711840,5945950208,6159839232
findling-rss 1791091356,5243174912,348356608,25844560,5636493312,6159839232
findling-rss 1791091358,5468385280,348356608,25855216,5863972864,6159839232
findling-rss 1791091360,3957022720,343416832,24162392,4339716096,6159839232
findling-rss 1791091362,3966488576,343416832,24160808,4350533632,6159839232
findling-rss 1791091364,3964628992,343416832,24157960,4349071360,6159839232
findling-rss 1791091366,3964928000,343416832,24155376,4348706816,6159839232
findling-rss 1791091368,3965616128,343416832,24156320,4349624320,6159839232
findling-rss 1791091370,3966513152,343416832,24169112,4351655936,6159839232
findling-rss 1791091372,3966857216,343416832,24153440,4350296064,6159839232
findling-rss 1791091374,3966857216,343416832,24151472,4350857216,6159839232
findling-rss 1791091376,3967053824,343416832,24154424,4351369216,6159839232
findling-rss 1791091378,3922042880,343416832,24045368,4305842176,6159839232
findling-rss 1791091380,3966234624,343416832,24154424,4350586880,6159839232
findling-rss 1791091382,3948908544,343416832,24160896,4333162496,6159839232
findling-rss 1791091384,4018364416,343416832,24157920,4402868224,6159839232
findling-rss 1791091386,3945795584,343416832,24156112,4329754624,6159839232
findling-rss 1791091388,3964952576,343416832,24156752,4349337600,6159839232
findling-rss 1791091390,3997863936,343416832,24157688,4382498816,6159839232
findling-rss 1791091392,4023898112,343416832,24158784,4408385536,6159839232
findling-rss 1791091394,3964825600,343416832,24201128,4349104128,6159839232
findling-rss 1791091396,3968851968,343416832,24160912,4352786432,6159839232
findling-rss 1791091398,4017143808,343416832,24162656,4401963008,6159839232
findling-rss 1791091400,4017876992,343416832,24162360,4401897472,6159839232
findling-rss 1791091402,4027023360,343416832,24153504,4411502592,6159839232
findling-rss 1791091404,4030668800,343416832,24155016,4414799872,6159839232
findling-rss 1791091406,5479743488,347680768,25713640,5874913280,6159839232
findling-rss 1791091408,5596065792,347680768,25712824,5990244352,6159839232
findling-rss 1791091410,5065474048,352972800,25516576,5483634688,6159839232
findling-rss 1791091412,5524402176,352972800,25820944,5925433344,6159839232
findling-rss 1791091415,4351246336,347910144,24456528,4741357568,6159839232
findling-rss 1791091417,4264312832,347553792,24334384,4653731840,6159839232
findling-rss 1791091419,4159717376,347205632,24212304,4547518464,6159839232
findling-rss 1791091421,4160421888,347205632,24213168,4548501504,6159839232
findling-rss 1791091423,4161048576,347205632,24214984,4549537792,6159839232
findling-rss 1791091425,4161216512,347205632,24210496,4549943296,6159839232
findling-rss 1791091427,4116439040,347205632,24211600,4504809472,6159839232
findling-rss 1791091429,4024631296,347205632,24107288,4412592128,6159839232
findling-rss 1791091431,4161966080,347205632,24212352,4550393856,6159839232
findling-rss 1791091433,4010967040,347205632,24108176,4398276608,6159839232
findling-rss 1791091435,4116742144,347205632,24214064,4504903680,6159839232
findling-rss 1791091437,4053225472,347205632,24152992,4442603520,6159839232
findling-rss 1791091439,4121972736,347205632,24213568,4510568448,6159839232
findling-rss 1791091441,4072747008,347205632,24105568,4460797952,6159839232
findling-rss 1791091443,4115980288,347205632,24215792,4504846336,6159839232
findling-rss 1791091445,4060262400,347205632,24213560,4448559104,6159839232
findling-rss 1791091447,4119556096,347205632,24215832,4507787264,6159839232
findling-rss 1791091449,4096909312,347205632,24213624,4485160960,6159839232
findling-rss 1791091451,4117311488,347205632,24214528,4506374144,6159839232
findling-rss 1791091453,4001107968,343007232,23987544,4384911360,6159839232
findling-rss 1791091455,4020101120,343007232,23988528,4403961856,6159839232
findling-rss 1791091457,4915396608,345563136,25453472,5297250304,6159839232
findling-rss 1791091459,5619032064,345563136,25669216,6011551744,6159839232
findling-rss 1791091461,4572483584,346951680,24975152,4999532544,6159839232
findling-rss 1791091463,5558112256,350842880,25830808,5956804608,6159839232
findling-rss 1791091465,4446953472,348016640,24735792,4887695360,6159839232
findling-rss 1791091467,4616290304,347324416,24585456,5006336000,6159839232
findling-rss 1791091469,4338647040,346984448,24455296,4724187136,6159839232
findling-rss 1791091471,4537749504,346984448,24460536,4927373312,6159839232
findling-rss 1791091473,4274102272,345931776,24321304,4652040192,6159839232
findling-rss 1791091475,4378238976,345931776,24323424,4766437376,6159839232
findling-rss 1791091477,4179804160,344195072,24154800,4564930560,6159839232
findling-rss 1791091479,4223139840,344195072,24156688,4609101824,6159839232
findling-rss 1791091481,4179779584,344195072,24153456,4564926464,6159839232
findling-rss 1791091483,4220063744,344195072,24158960,4605857792,6159839232
findling-rss 1791091485,4058750976,342085632,23989632,4441182208,6159839232
findling-rss 1791091487,4059959296,342085632,23991512,4442566656,6159839232
findling-rss 1791091489,4059631616,342085632,23991312,4442968064,6159839232
findling-rss 1791091491,4064251904,342085632,23987040,4445114368,6159839232
findling-rss 1791091493,4061184000,342085632,23989000,4443897856,6159839232
findling-rss 1791091495,4066693120,342085632,23989080,4449062912,6159839232
findling-rss 1791091497,5386895360,344289280,25653032,5778432000,6159839232
findling-rss 1791091499,5571297280,344289280,25650512,5963190272,6159839232
findling-rss 1791091501,5489491968,348168192,25761080,5885009920,6159839232
findling-rss 1791091503,5614325760,348168192,25775264,6010163200,6159839232
findling-rss 1791091505,4056780800,343232512,24080608,4440760320,6159839232
findling-rss 1791091507,4110151680,343232512,24087384,4494344192,6159839232
findling-rss 1791091509,4115185664,343232512,24085096,4499185664,6159839232
findling-rss 1791091511,4068401152,343232512,24084384,4452741120,6159839232
findling-rss 1791091513,4068556800,343232512,24084376,4452409344,6159839232
findling-rss 1791091515,4068556800,343232512,24085584,4452143104,6159839232
findling-rss 1791091517,4074721280,343232512,24083016,4458360832,6159839232
findling-rss 1791091519,4074721280,343232512,24091320,4458315776,6159839232
findling-rss 1791091521,4068544512,343232512,24080512,4451373056,6159839232
findling-rss 1791091523,3972411392,343232512,23973432,4356599808,6159839232
findling-rss 1791091525,4067909632,343232512,24093384,4452495360,6159839232
findling-rss 1791091527,3999293440,343232512,24086744,4383821824,6159839232
findling-rss 1791091529,4069289984,343232512,24081256,4453937152,6159839232
findling-rss 1791091531,4039557120,343232512,24079576,4423634944,6159839232
findling-rss 1791091533,4068241408,343232512,24084728,4452130816,6159839232
findling-rss 1791091535,3995136000,343232512,24085648,4378738688,6159839232
findling-rss 1791091537,4015509504,343232512,24087008,4399357952,6159839232
findling-rss 1791091539,4013584384,343232512,24087616,4397584384,6159839232
findling-rss 1791091541,4015452160,343232512,24088496,4399321088,6159839232
findling-rss 1791091543,4059385856,343232512,24089160,4443660288,6159839232
findling-rss 1791091545,4059480064,343232512,24087704,4443635712,6159839232
findling-rss 1791091547,5296508928,345825280,25689672,5688475648,6159839232
findling-rss 1791091549,5558984704,345825280,25718432,5952974848,6159839232
findling-rss 1791091551,5485481984,345763840,25722384,5875810304,6159839232
findling-rss 1791091553,5670092800,345763840,25728384,6064594944,6159839232
findling-rss 1791091555,4192755712,341237760,24225464,4575133696,6159839232
findling-rss 1791091557,4305686528,341237760,24226824,4687978496,6159839232
findling-rss 1791091559,4077506560,340561920,23978352,4458016768,6159839232
findling-rss 1791091561,3930849280,339247104,23839720,4310384640,6159839232
findling-rss 1791091563,5566767104,344535040,25690064,5958041600,6159839232
findling-rss 1791091565,5643821056,344535040,25696600,6036299776,6159839232
findling-rss 1791091567,5366861824,346566656,25603848,5759004672,6159839232
findling-rss 1791091569,5643862016,346566656,25718056,6037622784,6159839232
findling-rss 1791091571,4158193664,340664320,23999392,4540170240,6159839232
findling-rss 1791091573,4159840256,340664320,24000752,4541648896,6159839232
findling-rss 1791091575,4167942144,340664320,24002168,4549943296,6159839232
findling-rss 1791091577,4174544896,340664320,24003528,4556312576,6159839232
findling-rss 1791091579,4169707520,340664320,24004920,4551012352,6159839232
findling-rss 1791091581,4171042816,340664320,23995832,4551618560,6159839232
findling-rss 1791091583,5336051712,344637440,25699280,5723303936,6159839232
findling-rss 1791091585,5699657728,344649728,25714608,6092193792,6159839232
findling-rss 1791091587,5194235904,345481216,25393432,5583167488,6159839232
findling-rss 1791091589,5589508096,345489408,25701992,5982683136,6159839232
findling-rss 1791091591,4115709952,341135360,24137040,4498264064,6159839232
findling-rss 1791091593,4037033984,340783104,24014576,4418691072,6159839232
findling-rss 1791091595,3984211968,340783104,24016072,4365086720,6159839232
findling-rss 1791091597,3985014784,340783104,24017648,4366589952,6159839232
findling-rss 1791091599,4036050944,340783104,24019032,4417163264,6159839232
findling-rss 1791091601,4036083712,340783104,24020320,4416966656,6159839232
findling-rss 1791091603,5333159936,346968064,25787024,5719142400,6159839232
findling-rss 1791091605,5584424960,346968064,25798800,5973266432,6159839232
findling-rss 1791091607,5029965824,345505792,25417648,5418188800,6159839232
findling-rss 1791091609,5540761600,345874432,25733792,5934252032,6159839232
findling-rss 1791091611,4162818048,341606400,24286176,4544548864,6159839232
findling-rss 1791091613,4081500160,341254144,24156392,4463706112,6159839232
findling-rss 1791091615,3983945728,340897792,24035576,4364902400,6159839232
findling-rss 1791091617,3984363520,340897792,24038024,4365639680,6159839232
findling-rss 1791091619,5321637888,344662016,25662824,5706838016,6159839232
findling-rss 1791091621,5588189184,344662016,25630792,5980352512,6159839232
findling-rss 1791091623,5191331840,346374144,25676872,5581430784,6159839232
findling-rss 1791091625,5536571392,346374144,25698800,5930631168,6159839232
findling-rss 1791091627,4270792704,342159360,24256208,4655030272,6159839232
findling-rss 1791091629,4096991232,341454848,24003904,4479393792,6159839232
findling-rss 1791091631,4091830272,341454848,24002984,4473778176,6159839232
findling-rss 1791091633,4097265664,341454848,24003920,4479528960,6159839232
findling-rss 1791091635,4094001152,341454848,24005080,4476690432,6159839232
findling-rss 1791091637,4097114112,341454848,24006416,4479594496,6159839232
findling-rss 1791091639,4095209472,341454848,24048096,4477898752,6159839232
findling-rss 1791091641,4093915136,341454848,24002248,4475613184,6159839232
findling-rss 1791091643,4094091264,341454848,24004248,4475822080,6159839232
findling-rss 1791091645,4094091264,341454848,24002656,4476461056,6159839232
findling-rss 1791091647,5547499520,344506368,25636808,5938323456,6159839232
findling-rss 1791091649,5649588224,344506368,25645320,6042050560,6159839232
findling-rss 1791091651,5488717824,346525696,25710760,5881704448,6159839232
findling-rss 1791091653,5549576192,346525696,25713200,5944082432,6159839232
findling-rss 1791091655,4088651776,341594112,24020056,4470300672,6159839232
findling-rss 1791091657,4093669376,341594112,24020936,4476661760,6159839232
findling-rss 1791091659,4149219328,341594112,24024920,4531822592,6159839232
findling-rss 1791091661,4148555776,341594112,24024984,4530921472,6159839232
findling-rss 1791091663,4093329408,341594112,24024736,4476440576,6159839232
findling-rss 1791091666,4097556480,341594112,24022112,4480139264,6159839232
findling-rss 1791091668,4093341696,341594112,24022912,4475314176,6159839232
findling-rss 1791091670,4098031616,341594112,24019832,4480307200,6159839232
findling-rss 1791091672,4093722624,341594112,24019376,4475781120,6159839232
findling-rss 1791091674,4094488576,341594112,24020376,4477898752,6159839232
findling-rss 1791091676,5468520448,346943488,25736416,5862187008,6159839232
findling-rss 1791091678,5553922048,346943488,25732544,5948661760,6159839232
findling-rss 1791091680,5547651072,346939392,25751312,5939826688,6159839232
findling-rss 1791091682,5645115392,347361280,25754000,6041067520,6159839232
findling-rss 1791091684,4365414400,343498752,24377192,4751462400,6159839232
findling-rss 1791091686,4409491456,343498752,24377912,4795097088,6159839232
findling-rss 1791091688,4193288192,342818816,24134576,4576055296,6159839232
findling-rss 1791091690,4213690368,342818816,24136832,4597121024,6159839232
findling-rss 1791091692,4902440960,346894336,25295104,5284950016,6159839232
findling-rss 1791091694,5639843840,346894336,25743120,6034829312,6159839232
findling-rss 1791091696,4996124672,351236096,25656328,5388222464,6159839232
findling-rss 1791091698,5583142912,351236096,25884904,5982486528,6159839232
findling-rss 1791091700,4244291584,344694784,24327720,4629495808,6159839232
findling-rss 1791091702,4342173696,344694784,24317104,4729163776,6159839232
findling-rss 1791091704,4149301248,344338432,24190576,4535742464,6159839232
findling-rss 1791091706,4191059968,344338432,24196400,4577017856,6159839232
findling-rss 1791091708,4220129280,344338432,24196504,4603908096,6159839232
findling-rss 1791091710,4247547904,344338432,24196504,4633448448,6159839232
findling-rss 1791091712,4186603520,344338432,24196592,4572479488,6159839232
findling-rss 1791091714,4189990912,344338432,24195608,4576399360,6159839232
findling-rss 1791091716,4030205952,342253568,24026192,4413485056,6159839232
findling-rss 1791091718,4030316544,342253568,24027816,4413644800,6159839232
findling-rss 1791091720,5572489216,345989120,25738528,5966303232,6159839232
findling-rss 1791091722,5694861312,345989120,25749592,6090518528,6159839232
findling-rss 1791091724,5462315008,347971584,25796192,5858779136,6159839232
findling-rss 1791091726,5530890240,347971584,25809088,5926617088,6159839232
findling-rss 1791091728,4222197760,343777280,24320184,4607213568,6159839232
findling-rss 1791091730,4225544192,343777280,24319776,4610756608,6159839232
findling-rss 1791091732,4030148608,342364160,24054880,4413063168,6159839232
findling-rss 1791091734,3977969664,342364160,23948888,4359421952,6159839232
findling-rss 1791091736,4088737792,342364160,24052568,4472188928,6159839232
findling-rss 1791091738,3945652224,342364160,24054368,4329484288,6159839232
findling-rss 1791091740,4030103552,342364160,24053560,4413509632,6159839232
findling-rss 1791091742,4001169408,342364160,24055376,4378304512,6159839232
findling-rss 1791091744,4030296064,342364160,24054240,4413521920,6159839232
findling-rss 1791091746,4546912256,344539136,25043160,4930400256,6159839232
findling-rss 1791091748,5603119104,345591808,25746432,5996945408,6159839232
findling-rss 1791091750,4342726656,345628672,24706344,4725366784,6159839232
findling-rss 1791091752,5413273600,350179328,26004720,5809872896,6159839232
findling-rss 1791091754,4178898944,345968640,24554488,4566573056,6159839232
findling-rss 1791091756,3998543872,345255936,24077768,4383981568,6159839232
findling-rss 1791091758,3908079616,345255936,24079632,4293316608,6159839232
findling-rss 1791091760,3913072640,345255936,24077992,4298211328,6159839232
findling-rss 1791091762,3913072640,345255936,24077456,4297904128,6159839232
findling-rss 1791091764,3913097216,345255936,24109808,4298809344,6159839232
findling-rss 1791091766,3818377216,345255936,23974936,4203368448,6159839232
findling-rss 1791091768,3914223616,345255936,24079160,4299591680,6159839232
findling-rss 1791091770,3829886976,345255936,24079568,4215173120,6159839232
findling-rss 1791091772,3913879552,345255936,24079864,4299333632,6159839232
findling-rss 1791091774,3832401920,345255936,24079448,4218400768,6159839232
findling-rss 1791091776,3861917696,345255936,24080736,4247793664,6159839232
findling-rss 1791091778,3841093632,345255936,24080768,4226580480,6159839232
findling-rss 1791091780,3861602304,345255936,24083672,4247113728,6159839232
findling-rss 1791091782,3894341632,345255936,24084152,4278538240,6159839232
findling-rss 1791091784,3908141056,345255936,24081896,4293603328,6159839232
findling-rss 1791091786,3912966144,345255936,24082296,4298268672,6159839232
findling-rss 1791091788,3915988992,345255936,24082576,4301131776,6159839232
findling-rss 1791091790,3915726848,345255936,24083120,4301058048,6159839232
findling-rss 1791091792,3918626816,345255936,24078944,4304011264,6159839232
findling-rss 1791091794,3916316672,345255936,24080368,4301475840,6159839232
findling-rss 1791091796,3918438400,345255936,24081008,4303785984,6159839232
findling-rss 1791091798,3916697600,345255936,24081200,4302028800,6159839232
findling-rss 1791091800,3916697600,345255936,24082320,4301660160,6159839232
findling-rss 1791091802,3863879680,345255936,24082808,4248743936,6159839232
findling-rss 1791091804,3767848960,340455424,23833888,4147040256,6159839232
findling-rss 1791091806,5438152704,346787840,25935000,5832347648,6159839232
findling-rss 1791091808,5442949120,346435584,25843760,5836701696,6159839232
findling-rss 1791091810,5517680640,346755072,25924984,5911924736,6159839232
findling-rss 1791091812,5064081408,346062848,25343656,5471526912,6159839232
findling-rss 1791091814,3729670144,342220800,23876352,4111085568,6159839232
findling-rss 1791091816,3515875328,341864448,23752432,3900719104,6159839232
findling-rss 1791091818,3589697536,341864448,23752304,3970035712,6159839232
findling-rss 1791091820,3775143936,387665920,25426384,4219150336,6159839232
findling-rss 1791091822,5425659904,345620480,25836448,5818499072,6159839232
findling-rss 1791091824,5282652160,345407488,25520376,5664690176,6159839232
findling-rss 1791091826,5473148928,347541504,25843968,5865701376,6159839232
findling-rss 1791091828,5672734720,347541504,25860496,6068654080,6159839232
findling-rss 1791091830,3882692608,343171072,24191920,4266291200,6159839232
findling-rss 1791091832,3978915840,343171072,24297200,4363284480,6159839232
findling-rss 1791091834,3870818304,343171072,24297056,4254105600,6159839232
findling-rss 1791091836,3928350720,343171072,24297168,4312825856,6159839232
findling-rss 1791091838,3731910656,342138880,23953744,4113645568,6159839232
findling-rss 1791091840,3630231552,342138880,23848712,4027240448,6159839232
findling-rss 1791091842,3679596544,342138880,23955376,4061278208,6159839232
findling-rss 1791091844,3786399744,350294016,24143072,4172849152,6159839232
findling-rss 1791091846,5478887424,357015552,26216568,5883166720,6159839232
findling-rss 1791091848,4384346112,356311040,25189096,4781981696,6159839232
findling-rss 1791091850,5429739520,357003264,26241728,5833977856,6159839232
findling-rss 1791091852,4148613120,354902016,25159848,4545986560,6159839232
findling-rss 1791091854,4245438464,353853440,24911048,4641808384,6159839232
findling-rss 1791091856,3760668672,352808960,24322568,4153573376,6159839232
findling-rss 1791091858,3857244160,352808960,24319920,4250189824,6159839232
findling-rss 1791091860,3796627456,352808960,24320712,4189552640,6159839232
findling-rss 1791091862,3896332288,352808960,24321416,4289425408,6159839232
findling-rss 1791091864,3834429440,352808960,24319976,4226977792,6159839232
findling-rss 1791091866,3859243008,352808960,24321480,4251308032,6159839232
findling-rss 1791091868,3802386432,352808960,24317520,4194373632,6159839232
findling-rss 1791091870,3809574912,352808960,24318080,4201918464,6159839232
findling-rss 1791091872,3802865664,352808960,24317360,4195430400,6159839232
findling-rss 1791091874,3806613504,352808960,24317568,4199309312,6159839232
findling-rss 1791091876,3848015872,352808960,24317352,4241670144,6159839232
findling-rss 1791091878,3849195520,352808960,24319152,4241973248,6159839232
findling-rss 1791091880,3804835840,352808960,24322032,4198420480,6159839232
findling-rss 1791091882,3463892992,345804800,23907680,3867471872,6159839232
findling-rss 1791091884,3488804864,345804800,23905544,3873497088,6159839232
findling-rss 1791091886,3438657536,345804800,23883872,3821867008,6159839232
findling-rss 1791091888,3533656064,345804800,23904488,3917783040,6159839232
findling-rss 1791091890,3486461952,345804800,23905056,3870183424,6159839232
findling-rss 1791091892,3542585344,345804800,23901760,3926773760,6159839232
findling-rss 1791091894,3524050944,345804800,23898968,3908427776,6159839232
findling-rss 1791091896,3543576576,345804800,23901400,3927552000,6159839232
findling-rss 1791091898,3541204992,345804800,23902680,3925770240,6159839232
findling-rss 1791091900,3543166976,345804800,23905576,3927904256,6159839232
findling-rss 1791091902,4587040768,349237248,25587512,4961652736,6159839232
findling-rss 1791091904,5483249664,349237248,26200768,5879771136,6159839232
findling-rss 1791091906,5078315008,354086912,26349544,5477642240,6159839232
findling-rss 1791091908,5518036992,357924864,26407552,5923405824,6159839232
findling-rss 1791091910,4167737344,353595392,25051032,4562735104,6159839232
findling-rss 1791091912,3865735168,352903168,24806824,4259528704,6159839232
findling-rss 1791091914,3678597120,352550912,24687224,4071686144,6159839232
findling-rss 1791091916,3720458240,352550912,24691400,4113440768,6159839232
findling-rss 1791091918,3625140224,352550912,24587432,4017573888,6159839232
findling-rss 1791091920,3726503936,352550912,24692624,4118921216,6159839232
findling-rss 1791091922,3652874240,352550912,24692856,4045664256,6159839232
findling-rss 1791091925,3721814016,352550912,24694232,4114317312,6159839232
findling-rss 1791091927,3701493760,352550912,24694512,4094459904,6159839232
findling-rss 1791091929,3727466496,352550912,24694416,4120080384,6159839232
findling-rss 1791091931,3647954944,352550912,24707144,4040564736,6159839232
findling-rss 1791091933,3624079360,352550912,24590200,4015706112,6159839232
findling-rss 1791091935,3614187520,352550912,24694528,4006313984,6159839232
findling-rss 1791091937,3528323072,352550912,24589688,3919110144,6159839232
findling-rss 1791091939,3756064768,352550912,24698168,4148490240,6159839232
findling-rss 1791091941,3599241216,352550912,24692888,3991916544,6159839232
findling-rss 1791091943,3724861440,352550912,24696944,4117475328,6159839232
findling-rss 1791091945,3608580096,348712960,24476808,3997220864,6159839232
findling-rss 1791091947,3630415872,348712960,24476744,4018900992,6159839232
findling-rss 1791091949,3375017984,344891392,24169912,3758882816,6159839232
findling-rss 1791091951,3472293888,344891392,24259616,3856957440,6159839232
findling-rss 1791091953,3311984640,340791296,24030552,3691327488,6159839232
findling-rss 1791091955,5369827328,351109120,26286072,5767806976,6159839232
findling-rss 1791091957,4673372160,350076928,25591816,5067083776,6159839232
findling-rss 1791091959,5395111936,349970432,26344192,5791232000,6159839232
findling-rss 1791091961,5183041536,349618176,26066696,5578780672,6159839232
findling-rss 1791091963,3458428928,345391104,24272352,3842490368,6159839232
findling-rss 1791091965,3316830208,345038848,24152056,3700211712,6159839232
findling-rss 1791091967,3313557504,345038848,24151256,3696533504,6159839232
findling-rss 1791091969,3314176000,345038848,24151760,3697192960,6159839232
findling-rss 1791091971,3313541120,345038848,24150264,3696513024,6159839232
findling-rss 1791091973,3313545216,345038848,24148104,3696746496,6159839232
findling-rss 1791091975,3313012736,345038848,24147520,3695869952,6159839232
findling-rss 1791091977,3216961536,345038848,24043024,3599400960,6159839232
findling-rss 1791091979,3312758784,345038848,24150000,3695165440,6159839232
findling-rss 1791091981,3259924480,345038848,24147968,3640729600,6159839232
findling-rss 1791091983,3313242112,345038848,24149696,3696394240,6159839232
findling-rss 1791091985,3294171136,345038848,24149424,3677073408,6159839232
findling-rss 1791091987,3314888704,345038848,24148632,3698044928,6159839232
findling-rss 1791091989,3310219264,345038848,24150128,3693142016,6159839232
findling-rss 1791091991,3314266112,345038848,24151424,3697205248,6159839232
findling-rss 1791091993,3313795072,345038848,24151208,3697061888,6159839232
findling-rss 1791091995,3314581504,345038848,24152328,3697655808,6159839232
findling-rss 1791091997,3315322880,345038848,24197008,3698962432,6159839232
findling-rss 1791091999,3314106368,345038848,24151256,3695747072,6159839232
findling-rss 1791092001,3156025344,340914176,23925688,3534651392,6159839232
findling-rss 1791092003,3156025344,340914176,23926568,3534639104,6159839232
findling-rss 1791092005,3156025344,340914176,23926536,3534426112,6159839232
findling-rss 1791092007,3156025344,340914176,23926608,3534557184,6159839232
findling-rss 1791092009,3156025344,340914176,23924600,3534901248,6159839232
findling-rss 1791092011,3156025344,340914176,23928656,3534790656,6159839232
findling-rss 1791092013,3156025344,340914176,23938856,3534811136,6159839232
findling-rss 1791092015,3156025344,340914176,23925072,3534454784,6159839232
findling-rss 1791092017,3156025344,340914176,23924192,3534618624,6159839232
findling-rss 1791092019,3156025344,340914176,23944432,3534626816,6159839232
findling-rss 1791092021,3156025344,340914176,23927320,3534491648,6159839232
findling-rss 1791092023,3156025344,340914176,23923344,3534770176,6159839232
findling-rss 1791092025,3156025344,340914176,23918784,3534336000,6159839232
findling-rss 1791092027,3156025344,340914176,23919704,3533684736,6159839232
findling-rss 1791092029,3156025344,340914176,23921808,3534434304,6159839232
findling-rss 1791092031,3156025344,340914176,23922664,3534389248,6159839232
findling-rss 1791092033,3156025344,340914176,23923064,3533770752,6159839232
findling-rss 1791092035,3156025344,340914176,23923304,3534569472,6159839232
findling-rss 1791092037,3156025344,340914176,23920760,3534618624,6159839232
findling-rss 1791092039,3156025344,340914176,23922384,3534405632,6159839232
findling-rss 1791092041,3156025344,340914176,23923984,3534082048,6159839232
findling-rss 1791092043,3156025344,340914176,23923176,3534639104,6159839232
findling-rss 1791092045,3156025344,340914176,23920520,3534573568,6159839232
findling-rss 1791092047,3156025344,340914176,23921880,3534491648,6159839232
findling-rss 1791092049,3156025344,340914176,23924224,3534143488,6159839232
findling-rss 1791092051,3156025344,340914176,23926648,3534217216,6159839232
findling-rss 1791092053,3156025344,340914176,23925888,3534438400,6159839232
findling-rss 1791092055,3156025344,340914176,23924872,3534110720,6159839232
findling-rss 1791092057,3156025344,340914176,23926232,3533987840,6159839232
findling-rss 1791092059,3156025344,340914176,23924568,3533819904,6159839232
findling-rss 1791092061,5274284032,353947648,26486480,5674078208,6159839232
findling-rss 1791092063,5411094528,353947648,26498096,5812604928,6159839232
findling-rss 1791092065,5396377600,359698432,26650096,5803495424,6159839232
findling-rss 1791092067,5459046400,359698432,26655128,5866618880,6159839232
findling-rss 1791092069,3892871168,354652160,25269824,4289138688,6159839232
findling-rss 1791092071,3720220672,354308096,25152688,4114788352,6159839232
findling-rss 1791092073,3748999168,354308096,25152264,4144283648,6159839232
findling-rss 1791092075,3462344704,354308096,24838432,3856130048,6159839232
findling-rss 1791092077,3754360832,354308096,25146272,4148957184,6159839232
findling-rss 1791092079,3440570368,352899072,24889288,3832004608,6159839232
findling-rss 1791092081,3591438336,352899072,24994640,3984019456,6159839232
findling-rss 1791092083,3446423552,352899072,24993248,3836768256,6159839232
findling-rss 1791092085,3538706432,352899072,24992128,3930976256,6159839232
findling-rss 1791092087,3489095680,352899072,24989496,3881586688,6159839232
findling-rss 1791092089,3540217856,352899072,24994240,3933376512,6159839232
findling-rss 1791092091,3559620608,352899072,24992712,3952054272,6159839232
findling-rss 1791092093,3583389696,352899072,24992832,3976015872,6159839232
findling-rss 1791092095,3588825088,352899072,24991504,3980627968,6159839232
findling-rss 1791092097,3593207808,352899072,24990184,3985952768,6159839232
findling-rss 1791092099,3594436608,352899072,24992640,3987218432,6159839232
findling-rss 1791092101,3595177984,352899072,24992224,3987898368,6159839232
findling-rss 1791092103,3595833344,352899072,24991016,3988385792,6159839232
findling-rss 1791092105,3597053952,352899072,24989040,3989774336,6159839232
findling-rss 1791092107,3435278336,349065216,24784288,3823616000,6159839232
findling-rss 1791092109,3339862016,349065216,24670008,3727409152,6159839232
findling-rss 1791092111,3436302336,349065216,24775200,3824300032,6159839232
findling-rss 1791092113,3380232192,349065216,24776048,3772252160,6159839232
findling-rss 1791092115,3438522368,349065216,24770440,3826790400,6159839232
findling-rss 1791092117,3417075712,349065216,24769328,3805048832,6159839232
findling-rss 1791092119,3436716032,349065216,24772480,3825061888,6159839232
findling-rss 1791092121,3418148864,349065216,24773160,3805892608,6159839232
findling-rss 1791092123,3439210496,349065216,24772376,3828142080,6159839232
findling-rss 1791092125,3437670400,349065216,24773464,3826188288,6159839232
findling-rss 1791092127,3438534656,349065216,24773848,3826675712,6159839232
findling-rss 1791092129,3438231552,349065216,24775648,3825922048,6159839232
findling-rss 1791092131,3439398912,349065216,24776120,3826970624,6159839232
findling-rss 1791092133,3385331712,349065216,24776888,3773112320,6159839232
findling-rss 1791092135,3385331712,349065216,24773952,3773284352,6159839232
findling-rss 1791092137,3385257984,349065216,24770784,3773341696,6159839232
findling-rss 1791092139,3324850176,349065216,24671720,3712073728,6159839232
findling-rss 1791092141,3431813120,349065216,24776872,3819577344,6159839232
findling-rss 1791092143,3353559040,349065216,24773944,3741224960,6159839232
findling-rss 1791092145,3444277248,349065216,24771344,3832987648,6159839232
findling-rss 1791092147,3408314368,342458368,24542864,3784634368,6159839232
findling-rss 1791092149,5418561536,346324992,26301616,5811322880,6159839232
findling-rss 1791092151,4531830784,345710592,25546536,4912844800,6159839232
findling-rss 1791092153,4849790976,344989696,25857968,5239398400,6159839232
findling-rss 1791092155,3392495616,341458944,24656080,3775967232,6159839232
findling-rss 1791092157,3272916992,341176320,24533104,3652317184,6159839232
findling-rss 1791092159,3272916992,341176320,24530936,3653210112,6159839232
findling-rss 1791092161,3272916992,341176320,24530936,3652739072,6159839232
findling-rss 1791092163,3337220096,341188608,24531272,3757633536,6159839232
findling-rss 1791092165,3272916992,341188608,24532832,3653574656,6159839232
findling-rss 1791092167,3272916992,341188608,24532392,3653083136,6159839232
findling-rss 1791092169,3272916992,341188608,24533680,3652771840,6159839232
findling-rss 1791092171,3272916992,341188608,24531944,3653156864,6159839232
findling-rss 1791092173,3272916992,341188608,24532560,3652964352,6159839232
findling-rss 1791092175,3272916992,341188608,24534640,3652939776,6159839232
findling-rss 1791092177,3272916992,341188608,24533616,3653144576,6159839232
findling-rss 1791092179,3272990720,341188608,24540840,3652423680,6159839232
findling-rss 1791092181,3272990720,341188608,24536472,3651674112,6159839232
findling-rss 1791092183,3272990720,341188608,24532904,3652374528,6159839232
findling-rss 1791092185,3272990720,341188608,24532904,3652464640,6159839232
findling-rss 1791092187,3272990720,341188608,24533040,3652767744,6159839232
findling-rss 1791092189,3272990720,341188608,24534880,3652755456,6159839232
findling-rss 1791092191,3272990720,341188608,24536264,3653128192,6159839232
findling-rss 1791092193,3272990720,341188608,24534192,3653029888,6159839232
findling-rss 1791092195,3272990720,341188608,24533072,3653029888,6159839232
findling-rss 1791092197,3272990720,341188608,24531304,3653234688,6159839232
findling-rss 1791092199,3272990720,341188608,24534704,3652804608,6159839232
findling-rss 1791092201,3272990720,341188608,24532528,3652456448,6159839232
findling-rss 1791092203,3272990720,341188608,24533992,3652931584,6159839232
findling-rss 1791092205,3272990720,341188608,24535352,3652911104,6159839232
findling-rss 1791092207,3272990720,341188608,24536032,3652612096,6159839232
findling-rss 1791092209,3272990720,341188608,24536272,3653029888,6159839232
findling-rss 1791092212,3272990720,341188608,24531984,3652526080,6159839232
findling-rss 1791092214,3272990720,341188608,24533040,3652689920,6159839232
findling-rss 1791092216,3272990720,341188608,24530992,3652911104,6159839232
findling-rss 1791092218,3272990720,341188608,24530312,3653300224,6159839232
findling-rss 1791092220,3272990720,341188608,24530048,3653038080,6159839232
findling-rss 1791092222,3272990720,341188608,24544912,3653165056,6159839232
findling-rss 1791092224,3272990720,341188608,24529808,3652276224,6159839232
findling-rss 1791092226,3272990720,341188608,24531168,3652358144,6159839232
findling-rss 1791092228,3272990720,341188608,24532528,3652444160,6159839232
findling-rss 1791092230,3272990720,341188608,24532936,3652206592,6159839232
findling-rss 1791092232,3272990720,341188608,24534296,3652628480,6159839232
findling-rss 1791092234,3272990720,341188608,24533176,3652698112,6159839232
findling-rss 1791092236,3272990720,341188608,24534776,3653332992,6159839232
findling-rss 1791092238,3272990720,341188608,24533480,3653214208,6159839232
findling-rss 1791092240,3272990720,341188608,24532664,3652919296,6159839232
findling-rss 1791092242,3272990720,341188608,24532120,3651796992,6159839232
findling-rss 1791092244,3272990720,341188608,24528760,3652497408,6159839232
findling-rss 1791092246,3272990720,341188608,24528720,3652370432,6159839232
findling-rss 1791092248,3272990720,341188608,24528720,3652472832,6159839232
findling-rss 1791092250,3272990720,341188608,24530080,3651809280,6159839232
findling-rss 1791092252,3272990720,341188608,24531680,3652562944,6159839232
findling-rss 1791092254,3272990720,341188608,24531440,3652464640,6159839232
findling-rss 1791092256,3272990720,341188608,24536712,3653193728,6159839232
findling-rss 1791092258,3272990720,341188608,24536032,3652636672,6159839232
findling-rss 1791092260,3272990720,341188608,24534264,3652984832,6159839232
findling-rss 1791092262,3272990720,341188608,24537488,3652460544,6159839232
findling-rss 1791092264,3272990720,341188608,24538176,3653181440,6159839232
findling-rss 1791092266,3272990720,341188608,24536000,3652972544,6159839232
findling-rss 1791092268,3272990720,341188608,24548632,3652640768,6159839232
findling-rss 1791092270,3272990720,341188608,24536680,3653181440,6159839232
findling-rss 1791092272,3272990720,341188608,24537360,3651624960,6159839232
findling-rss 1791092274,3272990720,341188608,24532392,3651813376,6159839232
findling-rss 1791092276,3272990720,341188608,24533008,3652648960,6159839232
findling-rss 1791092278,3272990720,341188608,24533080,3652861952,6159839232
findling-rss 1791092280,3272990720,341188608,24535424,3652415488,6159839232
findling-rss 1791092282,3272990720,341188608,24536304,3652816896,6159839232
findling-rss 1791092284,3272990720,341188608,24536144,3651743744,6159839232
findling-rss 1791092286,3272990720,341188608,24537288,3652681728,6159839232
findling-rss 1791092288,3272990720,341188608,24537384,3652464640,6159839232
findling-rss 1791092290,3272990720,341188608,24537800,3653001216,6159839232
findling-rss 1791092292,3272990720,341188608,24536440,3652636672,6159839232
findling-rss 1791092294,3272990720,341188608,24536304,3652247552,6159839232
findling-rss 1791092296,3272990720,341188608,24534400,3652530176,6159839232
findling-rss 1791092298,3272990720,341188608,24534400,3652927488,6159839232
findling-rss 1791092300,3272990720,341188608,24534640,3652677632,6159839232
findling-rss 1791092302,3272990720,341188608,24533176,3651846144,6159839232
findling-rss 1791092304,3272990720,341188608,24533176,3651756032,6159839232
findling-rss 1791092306,3272990720,341188608,24535000,3653533696,6159839232
findling-rss 1791092308,3272990720,341188608,24535496,3653128192,6159839232
findling-rss 1791092310,3272990720,341188608,24532872,3653136384,6159839232
findling-rss 1791092312,3272990720,341188608,24531304,3652472832,6159839232
findling-rss 1791092314,3274096640,341188608,24532168,3653144576,6159839232
findling-rss 1791092316,3272990720,341188608,24530760,3652460544,6159839232
findling-rss 1791092318,3272990720,341188608,24530080,3652734976,6159839232
findling-rss 1791092320,3272990720,341188608,24533624,3652517888,6159839232
findling-rss 1791092322,3272990720,341188608,24531032,3652112384,6159839232
findling-rss 1791092324,3272990720,341188608,24532928,3652345856,6159839232
findling-rss 1791092326,3272990720,341188608,24530048,3653283840,6159839232
findling-rss 1791092328,3272990720,341188608,24530488,3652796416,6159839232
findling-rss 1791092330,3272990720,341188608,24529128,3652513792,6159839232
findling-rss 1791092332,3272990720,341188608,24527496,3652239360,6159839232
findling-rss 1791092334,3272990720,341188608,24528112,3652288512,6159839232
findling-rss 1791092336,3272990720,341188608,24530696,3653345280,6159839232
findling-rss 1791092338,3272990720,341188608,24529672,3653083136,6159839232
findling-rss 1791092340,3272990720,341188608,24529368,3652808704,6159839232
findling-rss 1791092342,3272990720,341188608,24531472,3652505600,6159839232
findling-rss 1791092344,3272990720,341188608,24531848,3652317184,6159839232
findling-rss 1791092346,3272990720,341188608,24533032,3652788224,6159839232
findling-rss 1791092348,3272990720,341188608,24533072,3652730880,6159839232
findling-rss 1791092350,3272990720,341188608,24533072,3652497408,6159839232
findling-rss 1791092352,3272990720,341188608,24533000,3652911104,6159839232
findling-rss 1791092354,3272990720,341188608,24534096,3652927488,6159839232
findling-rss 1791092356,3272990720,341188608,24535456,3652923392,6159839232
findling-rss 1791092358,3272990720,341188608,24535048,3652775936,6159839232
findling-rss 1791092360,3274293248,341188608,24578648,3653967872,6159839232
findling-rss 1791092362,3272990720,341188608,24531304,3651936256,6159839232
findling-rss 1791092364,3272990720,341188608,24530080,3652575232,6159839232
findling-rss 1791092366,3272990720,341188608,24530048,3652730880,6159839232
findling-rss 1791092368,3272990720,341188608,24530488,3652812800,6159839232
findling-rss 1791092370,3272990720,341188608,24532088,3652669440,6159839232
findling-rss 1791092372,3272990720,341188608,24533208,3652829184,6159839232
findling-rss 1791092374,3272990720,341188608,24534368,3652841472,6159839232
findling-rss 1791092376,3272990720,341188608,24533448,3652648960,6159839232
findling-rss 1791092378,3272990720,341188608,24532120,3653050368,6159839232
findling-rss 1791092380,3272990720,341188608,24534944,3652562944,6159839232
findling-rss 1791092382,3272990720,341188608,24547952,3652972544,6159839232
findling-rss 1791092384,3272990720,341188608,24536440,3652243456,6159839232
findling-rss 1791092386,3272990720,341188608,24532632,3653005312,6159839232
findling-rss 1791092388,3272990720,341188608,24530216,3652902912,6159839232
findling-rss 1791092390,3272990720,341188608,24530864,3653242880,6159839232
findling-rss 1791092392,3272990720,341188608,24529808,3651670016,6159839232
findling-rss 1791092394,3272990720,341188608,24531032,3652595712,6159839232
findling-rss 1791092396,3272990720,341188608,24532392,3652419584,6159839232
findling-rss 1791092398,3272990720,341188608,24533752,3653242880,6159839232
findling-rss 1791092400,3272990720,341188608,24535592,3653570560,6159839232
findling-rss 1791092402,3272990720,341188608,24536712,3652960256,6159839232
findling-rss 1791092404,3272990720,341188608,24535344,3652317184,6159839232
findling-rss 1791092406,3274276864,341188608,24579944,3654115328,6159839232
findling-rss 1791092408,3272990720,341188608,24536880,3652575232,6159839232
findling-rss 1791092410,3272990720,341188608,24537560,3653443584,6159839232
findling-rss 1791092412,3272990720,341188608,24536744,3652931584,6159839232
findling-rss 1791092414,3272990720,341188608,24536064,3652415488,6159839232
findling-rss 1791092416,3272990720,341188608,24535384,3653005312,6159839232
findling-rss 1791092418,3272990720,341188608,24534568,3652517888,6159839232
findling-rss 1791092420,3272990720,341188608,24536168,3652653056,6159839232
findling-rss 1791092422,3272990720,341188608,24532120,3650650112,6159839232
findling-rss 1791092424,3272990720,341188608,24533480,3652997120,6159839232
findling-rss 1791092426,3272990720,341188608,24534224,3652616192,6159839232
findling-rss 1791092428,3272990720,341188608,24536064,3652677632,6159839232
findling-rss 1791092430,3272990720,341188608,24535520,3652431872,6159839232
findling-rss 1791092432,3272990720,341188608,24533680,3652886528,6159839232
findling-rss 1791092434,3272990720,341188608,24528888,3652669440,6159839232
findling-rss 1791092436,3272990720,341188608,24529264,3652870144,6159839232
findling-rss 1791092438,3272990720,341188608,24530384,3653214208,6159839232
findling-rss 1791092440,3272990720,341188608,24532016,3653120000,6159839232
findling-rss 1791092442,3272990720,341188608,24533376,3652898816,6159839232
findling-rss 1791092444,3272990720,341188608,24534736,3652538368,6159839232
findling-rss 1791092446,3272990720,341188608,24536576,3653001216,6159839232
findling-rss 1791092448,3272990720,341188608,24533680,3652808704,6159839232
findling-rss 1791092450,3272990720,341188608,24535280,3652984832,6159839232
findling-rss 1791092452,3274276864,341188608,24568712,3653808128,6159839232
findling-rss 1791092454,3272990720,341188608,24525408,3652526080,6159839232
findling-rss 1791092456,3272990720,341188608,24525784,3652591616,6159839232
findling-rss 1791092458,3272990720,341188608,24526904,3653021696,6159839232
findling-rss 1791092460,3272990720,341188608,24527144,3652972544,6159839232
findling-rss 1791092462,3272990720,341188608,24528504,3652993024,6159839232
findling-rss 1791092464,3272990720,341188608,24529624,3652108288,6159839232
findling-rss 1791092466,3272990720,341188608,24531488,3652943872,6159839232
findling-rss 1791092468,3272990720,341188608,24530840,3652956160,6159839232
findling-rss 1791092470,3272990720,341188608,24529016,3653218304,6159839232
findling-rss 1791092472,3272990720,341188608,24527792,3652509696,6159839232
findling-rss 1791092474,3272990720,341188608,24530376,3652845568,6159839232
findling-rss 1791092476,3272990720,341188608,24528912,3653349376,6159839232
findling-rss 1791092478,3272990720,341188608,24530032,3653218304,6159839232
findling-rss 1791092480,3272990720,341188608,24531632,3653263360,6159839232
findling-rss 1791092482,3272990720,341188608,24530984,3651493888,6159839232
findling-rss 1791092484,3272990720,341188608,24526768,3651235840,6159839232
findling-rss 1791092486,3272990720,341188608,24528128,3652665344,6159839232
findling-rss 1791092488,3272990720,341188608,24526496,3653296128,6159839232
findling-rss 1791092490,3272990720,341188608,24528600,3653861376,6159839232
findling-rss 1791092492,3272990720,341188608,24527680,3653603328,6159839232
findling-rss 1791092494,3272990720,341188608,24527416,3653156864,6159839232
findling-rss 1791092496,3272990720,341188608,24526704,3653349376,6159839232
findling-rss 1791092498,3272990720,341188608,24541328,3653185536,6159839232
findling-rss 1791092500,3272990720,341188608,24532448,3652403200,6159839232
findling-rss 1791092503,3272990720,341188608,24536088,3653095424,6159839232
findling-rss 1791092505,3272990720,341188608,24535408,3652857856,6159839232
findling-rss 1791092507,3272990720,341188608,24536224,3653373952,6159839232
findling-rss 1791092509,3272990720,341188608,24535144,3652624384,6159839232
findling-rss 1791092511,3272990720,341188608,24534728,3653177344,6159839232
findling-rss 1791092513,3272990720,341188608,24531224,3652046848,6159839232
findling-rss 1791092515,3272990720,341188608,24529320,3652730880,6159839232
findling-rss 1791092517,3272990720,341188608,24528912,3652210688,6159839232
findling-rss 1791092519,3272990720,341188608,24530992,3653144576,6159839232
findling-rss 1791092521,3272990720,341188608,24542224,3652878336,6159839232
findling-rss 1791092523,3272990720,341188608,24531632,3652530176,6159839232
findling-rss 1791092525,3272990720,341188608,24532992,3652169728,6159839232
findling-rss 1791092527,3272990720,341188608,24533672,3652755456,6159839232
findling-rss 1791092529,3272990720,341188608,24533672,3652493312,6159839232
findling-rss 1791092531,3272990720,341188608,24533128,3653120000,6159839232
findling-rss 1791092533,3272990720,341188608,24533736,3653337088,6159839232
findling-rss 1791092535,3272990720,341188608,24529320,3652882432,6159839232
findling-rss 1791092537,3272990720,341188608,24530920,3652726784,6159839232
findling-rss 1791092539,3272990720,341188608,24532760,3652620288,6159839232
findling-rss 1791092541,3272990720,341188608,24530344,3653013504,6159839232
findling-rss 1791092543,3272990720,341188608,24528032,3652423680,6159839232
findling-rss 1791092545,3272990720,341188608,24538792,3652157440,6159839232
findling-rss 1791092547,3272990720,341188608,24525272,3652329472,6159839232
findling-rss 1791092549,3272990720,341188608,24522688,3652509696,6159839232
findling-rss 1791092551,3272990720,341188608,24524048,3652952064,6159839232
findling-rss 1791092553,3272990720,341188608,24524968,3653361664,6159839232
findling-rss 1791092555,3272990720,341188608,24526088,3652706304,6159839232
findling-rss 1791092557,3272990720,341188608,24524528,3652820992,6159839232
findling-rss 1791092559,3272990720,341188608,24525408,3652734976,6159839232
findling-rss 1791092561,3272990720,341188608,24527480,3652476928,6159839232
findling-rss 1791092563,3272990720,341188608,24527344,3652620288,6159839232
findling-rss 1791092565,3272990720,341188608,24524320,3652005888,6159839232
findling-rss 1791092567,3272990720,341188608,24526160,3652886528,6159839232
findling-rss 1791092569,3272990720,341188608,24526360,3652755456,6159839232
findling-rss 1791092571,3272990720,341188608,24527584,3653324800,6159839232
findling-rss 1791092573,3272990720,341188608,24527584,3651842048,6159839232
findling-rss 1791092575,3272990720,341188608,24528264,3652661248,6159839232
findling-rss 1791092577,3272990720,341188608,24529624,3653541888,6159839232
findling-rss 1791092579,3272990720,341188608,24528128,3650707456,6159839232
findling-rss 1791092581,3272990720,341188608,24529968,3652780032,6159839232
findling-rss 1791092583,3272990720,341188608,24531088,3652808704,6159839232
findling-rss 1791092585,3272990720,341188608,24532208,3653455872,6159839232
findling-rss 1791092587,3272990720,341188608,24533608,3653103616,6159839232
findling-rss 1791092589,3272990720,341188608,24529016,3652599808,6159839232
findling-rss 1791092591,3272990720,341188608,24540920,3652247552,6159839232
findling-rss 1791092593,3272990720,341188608,24527856,3652263936,6159839232
findling-rss 1791092595,3272990720,341188608,24529696,3651690496,6159839232
findling-rss 1791092597,3272990720,341188608,24529584,3652091904,6159839232
findling-rss 1791092599,3272990720,341188608,24527176,3652345856,6159839232
findling-rss 1791092601,3272990720,341188608,24525136,3651985408,6159839232
findling-rss 1791092603,3272990720,341188608,24524144,3652386816,6159839232
findling-rss 1791092605,3272990720,341188608,24524360,3652554752,6159839232
findling-rss 1791092607,3272990720,341188608,24525240,3652497408,6159839232
findling-rss 1791092609,3272990720,341188608,24526600,3652780032,6159839232
findling-rss 1791092611,3272990720,341188608,24528024,3652747264,6159839232
findling-rss 1791092613,3272990720,341188608,24527208,3653488640,6159839232
findling-rss 1791092615,3272990720,341188608,24526904,3653054464,6159839232
findling-rss 1791092617,3272990720,341188608,24525784,3652689920,6159839232
findling-rss 1791092619,3272990720,341188608,24526904,3652603904,6159839232
findling-rss 1791092621,3272990720,341188608,24530408,3652931584,6159839232
findling-rss 1791092623,3272990720,341188608,24534968,3652755456,6159839232
findling-rss 1791092625,3272990720,341188608,24534456,3652554752,6159839232
findling-rss 1791092627,3272990720,341188608,24533472,3653025792,6159839232
findling-rss 1791092629,3272990720,341188608,24538032,3652665344,6159839232
findling-rss 1791092631,3272990720,341188608,24532752,3652440064,6159839232
findling-rss 1791092633,3272990720,341188608,24530744,3653509120,6159839232
findling-rss 1791092635,3272990720,341188608,24532080,3652644864,6159839232
findling-rss 1791092637,3272990720,341188608,24543112,3653070848,6159839232
findling-rss 1791092639,3272990720,341188608,24531600,3653255168,6159839232
findling-rss 1791092641,3272990720,341188608,24532960,3651239936,6159839232
findling-rss 1791092643,3272990720,341188608,24535304,3652788224,6159839232
findling-rss 1791092645,3272990720,341188608,24535240,3652972544,6159839232
findling-rss 1791092647,3272990720,341188608,24535368,3653177344,6159839232
findling-rss 1791092649,3272990720,341188608,24532760,3653083136,6159839232
findling-rss 1791092651,3272990720,341188608,24534144,3652874240,6159839232
findling-rss 1791092653,3272990720,341188608,24533056,3653111808,6159839232
findling-rss 1791092655,3272990720,341188608,24533544,3652747264,6159839232
findling-rss 1791092657,3272990720,341188608,24532216,3652284416,6159839232
findling-rss 1791092659,3272990720,341188608,24533336,3652190208,6159839232
findling-rss 1791092661,3272990720,341188608,24533600,3651981312,6159839232
findling-rss 1791092663,3272990720,341188608,24532144,3652190208,6159839232
findling-rss 1791092665,3272990720,341188608,24533064,3653201920,6159839232
findling-rss 1791092667,3272990720,341188608,24530824,3652587520,6159839232
findling-rss 1791092669,3272990720,341188608,24531464,3652931584,6159839232
findling-rss 1791092671,3272990720,341188608,24531904,3652919296,6159839232
findling-rss 1791092673,3272990720,341188608,24531360,3652702208,6159839232
findling-rss 1791092675,3272990720,341188608,24533224,3652567040,6159839232
findling-rss 1791092677,3272990720,341188608,24527512,3653160960,6159839232
findling-rss 1791092679,3272990720,341188608,24528848,3653160960,6159839232
findling-rss 1791092681,3272990720,341188608,24526864,3652997120,6159839232
findling-rss 1791092683,3272990720,341188608,24537872,3652665344,6159839232
findling-rss 1791092685,3272990720,341188608,24527520,3652882432,6159839232
findling-rss 1791092687,3272990720,341188608,24525920,3653038080,6159839232
findling-rss 1791092689,3272990720,341188608,24527040,3653263360,6159839232
findling-rss 1791092691,3272990720,341188608,24527040,3653128192,6159839232
findling-rss 1791092693,3272990720,341188608,24527960,3651764224,6159839232
findling-rss 1791092695,3272990720,341188608,24529824,3652767744,6159839232
findling-rss 1791092697,3272990720,341188608,24528160,3653111808,6159839232
findling-rss 1791092699,3272990720,341188608,24528336,3653013504,6159839232
findling-rss 1791092701,3272990720,341188608,24529216,3652501504,6159839232
findling-rss 1791092703,3272990720,341188608,24530840,3652669440,6159839232
findling-rss 1791092705,3272990720,341188608,24533400,3652333568,6159839232
findling-rss 1791092707,3272990720,341188608,24533464,3652714496,6159839232
findling-rss 1791092709,3272990720,341188608,24529896,3652841472,6159839232
findling-rss 1791092711,3272990720,341188608,24527720,3652644864,6159839232
findling-rss 1791092713,3272990720,341188608,24526736,3652526080,6159839232
findling-rss 1791092715,3272990720,341188608,24527416,3652587520,6159839232
findling-rss 1791092717,3272990720,341188608,24528536,3653058560,6159839232
findling-rss 1791092719,3272990720,341188608,24528200,3652980736,6159839232
findling-rss 1791092721,3272990720,341188608,24529320,3652726784,6159839232
findling-rss 1791092723,3272990720,341188608,24529384,3652751360,6159839232
findling-rss 1791092725,3272990720,341188608,24529120,3653046272,6159839232
findling-rss 1791092727,3272990720,341188608,24526568,3653451776,6159839232
findling-rss 1791092729,3272990720,341188608,24526768,3652816896,6159839232
findling-rss 1791092731,3272990720,341188608,24527312,3653255168,6159839232
findling-rss 1791092733,3272990720,341188608,24528672,3650768896,6159839232
findling-rss 1791092735,3272990720,341188608,24529048,3653181440,6159839232
findling-rss 1791092737,3272990720,341188608,24529968,3653029888,6159839232
findling-rss 1791092739,3272990720,341188608,24529072,3653087232,6159839232
findling-rss 1791092741,3272990720,341188608,24535952,3652595712,6159839232
findling-rss 1791092743,3272990720,341188608,24535648,3652878336,6159839232
findling-rss 1791092745,3272990720,341188608,24537008,3652841472,6159839232
findling-rss 1791092747,3272990720,341188608,24533576,3652571136,6159839232
findling-rss 1791092749,3272990720,341188608,24533576,3653419008,6159839232
findling-rss 1791092751,3272990720,341188608,24546024,3652812800,6159839232
findling-rss 1791092753,3272990720,341188608,24526840,3652468736,6159839232
findling-rss 1791092755,3272990720,341188608,24528680,3652857856,6159839232
findling-rss 1791092757,3272990720,341188608,24527928,3653451776,6159839232
findling-rss 1791092759,3272990720,341188608,24529048,3653148672,6159839232
findling-rss 1791092761,3272990720,341188608,24526328,3653210112,6159839232
findling-rss 1791092763,3272990720,341188608,24527616,3652763648,6159839232
findling-rss 1791092765,3272990720,341188608,24528952,3652296704,6159839232
findling-rss 1791092767,3272990720,341188608,24529112,3652972544,6159839232
findling-rss 1791092769,3272990720,341188608,24529728,3652857856,6159839232
findling-rss 1791092771,3272990720,341188608,24531352,3652677632,6159839232
findling-rss 1791092773,3272990720,341188608,24534152,3652935680,6159839232
findling-rss 1791092775,3272990720,341188608,24533128,3652784128,6159839232
findling-rss 1791092777,3272990720,341188608,24534088,3652595712,6159839232
findling-rss 1791092779,3272990720,341188608,24534488,3652530176,6159839232
findling-rss 1791092781,3272990720,341188608,24536328,3652943872,6159839232
findling-rss 1791092783,3272990720,341188608,24532584,3652816896,6159839232
findling-rss 1791092785,3272990720,341188608,24532736,3653464064,6159839232
findling-rss 1791092787,3272990720,341188608,24530784,3652534272,6159839232
findling-rss 1791092789,3272990720,341188608,24532144,3652710400,6159839232
findling-rss 1791092791,3272990720,341188608,24531944,3652886528,6159839232
findling-rss 1791092794,3272990720,341188608,24528776,3652706304,6159839232
findling-rss 1791092796,3272990720,341188608,24530400,3652673536,6159839232
findling-rss 1791092798,3272990720,341188608,24530064,3653087232,6159839232
findling-rss 1791092800,3272990720,341188608,24530440,3653251072,6159839232
findling-rss 1791092802,3272990720,341188608,24529624,3652329472,6159839232
findling-rss 1791092804,3272990720,341188608,24531944,3652837376,6159839232
findling-rss 1791092806,3272990720,341188608,24531360,3652714496,6159839232
findling-rss 1791092808,3272990720,341188608,24530616,3652497408,6159839232
findling-rss 1791092810,3272990720,341188608,24527520,3653505024,6159839232
findling-rss 1791092812,3272990720,341188608,24528440,3653136384,6159839232
findling-rss 1791092814,3272990720,341188608,24525480,3653349376,6159839232
findling-rss 1791092816,3272990720,341188608,24526360,3653275648,6159839232
findling-rss 1791092818,3272990720,341188608,24529184,3652640768,6159839232
findling-rss 1791092820,3272990720,341188608,24540184,3653255168,6159839232
findling-rss 1791092822,3272990720,341188608,24527176,3652964352,6159839232
findling-rss 1791092824,3272990720,341188608,24524720,3653128192,6159839232
findling-rss 1791092826,3272990720,341188608,24525680,3652427776,6159839232
findling-rss 1791092828,3272990720,341188608,24529096,3652251648,6159839232
findling-rss 1791092830,3272990720,341188608,24528400,3652947968,6159839232
findling-rss 1791092832,3272990720,341188608,24527280,3653124096,6159839232
findling-rss 1791092834,3272990720,341188608,24528744,3652878336,6159839232
findling-rss 1791092836,3272990720,341188608,24527144,3652960256,6159839232
findling-rss 1791092838,3272990720,341188608,24527688,3653169152,6159839232
findling-rss 1791092840,3272990720,341188608,24529552,3653189632,6159839232
findling-rss 1791092842,3272990720,341188608,24527072,3652575232,6159839232
findling-rss 1791092844,3272990720,341188608,24524112,3652587520,6159839232
findling-rss 1791092846,3272990720,341188608,24525448,3653099520,6159839232
findling-rss 1791092848,3272990720,341188608,24523464,3652734976,6159839232
findling-rss 1791092850,3272990720,341188608,24524320,3652575232,6159839232
findling-rss 1791092852,3272990720,341188608,24526640,3653402624,6159839232
findling-rss 1791092854,3272990720,341188608,24526320,3652820992,6159839232
findling-rss 1791092856,3272990720,341188608,24527656,3652915200,6159839232
findling-rss 1791092858,3272990720,341188608,24527784,3652239360,6159839232
findling-rss 1791092860,3272990720,341188608,24528880,3653349376,6159839232
findling-rss 1791092862,3272990720,341188608,24535104,3653152768,6159839232
findling-rss 1791092864,3272990720,341188608,24538336,3652808704,6159839232
findling-rss 1791092866,3274592256,341188608,24599088,3653689344,6159839232
findling-rss 1791092868,3272990720,341188608,24529048,3652550656,6159839232
findling-rss 1791092870,3272990720,341188608,24528880,3653459968,6159839232
findling-rss 1791092872,3272990720,341188608,24530480,3653013504,6159839232
findling-rss 1791092874,3272990720,341188608,24529224,3652423680,6159839232
findling-rss 1791092876,3272990720,341188608,24526768,3652993024,6159839232
findling-rss 1791092878,3272990720,341188608,24527080,3653271552,6159839232
findling-rss 1791092880,3272990720,341188608,24528464,3653050368,6159839232
findling-rss 1791092882,3272990720,341188608,24529320,3652816896,6159839232
findling-rss 1791092884,3272990720,341188608,24530208,3652947968,6159839232
findling-rss 1791092886,3272990720,341188608,24532312,3652591616,6159839232
findling-rss 1791092888,3272990720,341188608,24530888,3652046848,6159839232
findling-rss 1791092890,3272990720,341188608,24531088,3652706304,6159839232
findling-rss 1791092892,3272990720,341188608,24529728,3653472256,6159839232
findling-rss 1791092894,3272990720,341188608,24532072,3652923392,6159839232
findling-rss 1791092896,3272990720,341188608,24533432,3652775936,6159839232
findling-rss 1791092898,3272990720,341188608,24530688,3652947968,6159839232
findling-rss 1791092900,3272990720,341188608,24529568,3653054464,6159839232
findling-rss 1791092902,3272990720,341188608,24529968,3653251072,6159839232
findling-rss 1791092904,3272990720,341188608,24529768,3653005312,6159839232
findling-rss 1791092906,3272990720,341188608,24530848,3653214208,6159839232
findling-rss 1791092908,3272990720,341188608,24532272,3652788224,6159839232
findling-rss 1791092910,3272990720,341188608,24530472,3652894720,6159839232
findling-rss 1791092912,3272990720,341188608,24568936,3653963776,6159839232
findling-rss 1791092914,3272990720,341188608,24525952,3652399104,6159839232
findling-rss 1791092916,3272990720,341188608,24527792,3652603904,6159839232
findling-rss 1791092918,3272990720,341188608,24529152,3652882432,6159839232
findling-rss 1791092920,3272990720,341188608,24527144,3651665920,6159839232
findling-rss 1791092922,3272990720,341188608,24527312,3652407296,6159839232
findling-rss 1791092924,3272990720,341188608,24526456,3653079040,6159839232
findling-rss 1791092926,3272990720,341188608,24528032,3653201920,6159839232
findling-rss 1791092928,3272990720,341188608,24528776,3652919296,6159839232
findling-rss 1791092930,3272990720,341188608,24527512,3652386816,6159839232
findling-rss 1791092932,3272990720,341188608,24529352,3653292032,6159839232
findling-rss 1791092934,3272990720,341188608,24527248,3652325376,6159839232
findling-rss 1791092936,3272990720,341188608,24527888,3651485696,6159839232
findling-rss 1791092938,3272990720,341188608,24530032,3653218304,6159839232
findling-rss 1791092940,3272990720,341188608,24530408,3653238784,6159839232
findling-rss 1791092942,3272990720,341188608,24532248,3652087808,6159839232
findling-rss 1791092944,3272990720,341188608,24528736,3652317184,6159839232
findling-rss 1791092946,3272990720,341188608,24529560,3652714496,6159839232
findling-rss 1791092948,3272990720,341188608,24529048,3652431872,6159839232
findling-rss 1791092950,3272990720,341188608,24528504,3651948544,6159839232
findling-rss 1791092952,3272990720,341188608,24527280,3653058560,6159839232
findling-rss 1791092954,3272990720,341188608,24528336,3653120000,6159839232
findling-rss 1791092956,3272990720,341188608,24528640,3653115904,6159839232
findling-rss 1791092958,3272990720,341188608,24530744,3653042176,6159839232
findling-rss 1791092960,3272990720,341188608,24528640,3652493312,6159839232
findling-rss 1791092962,3272990720,341188608,24530240,3653632000,6159839232
findling-rss 1791092964,3272990720,341188608,24530808,3653132288,6159839232
findling-rss 1791092966,3272990720,341188608,24528912,3652943872,6159839232
findling-rss 1791092968,3272990720,341188608,24529184,3652792320,6159839232
findling-rss 1791092970,3272990720,341188608,24529560,3652907008,6159839232
findling-rss 1791092972,3272990720,341188608,24530920,3652800512,6159839232
findling-rss 1791092974,3272990720,341188608,24532760,3652435968,6159839232
findling-rss 1791092976,3272990720,341188608,24533880,3652177920,6159839232
findling-rss 1791092978,3272990720,341188608,24530952,3652284416,6159839232
findling-rss 1791092980,3272990720,341188608,24529992,3652591616,6159839232
findling-rss 1791092982,3274338304,341188608,24571864,3653459968,6159839232
findling-rss 1791092984,3272990720,341188608,24532656,3653472256,6159839232
findling-rss 1791092986,3272990720,341188608,24528232,3653496832,6159839232
findling-rss 1791092988,3272990720,341188608,24529592,3653111808,6159839232
findling-rss 1791092990,3272990720,341188608,24530952,3652546560,6159839232
findling-rss 1791092992,3272990720,341188608,24536088,3653009408,6159839232
findling-rss 1791092994,3272990720,341188608,24535208,3652218880,6159839232
findling-rss 1791092996,3272990720,341188608,24533912,3652997120,6159839232
findling-rss 1791092998,3272990720,341188608,24529424,3653005312,6159839232
findling-rss 1791093000,3272990720,341188608,24528608,3652263936,6159839232
findling-rss 1791093002,3272990720,341188608,24530472,3653181440,6159839232
findling-rss 1791093004,3272990720,341188608,24541920,3652071424,6159839232
findling-rss 1791093006,3272990720,341188608,24531568,3652567040,6159839232
findling-rss 1791093008,3272990720,341188608,24529728,3652419584,6159839232
findling-rss 1791093010,3272990720,341188608,24529664,3652571136,6159839232
findling-rss 1791093012,3272990720,341188608,24530072,3653382144,6159839232
findling-rss 1791093014,3272990720,341188608,24530272,3652444160,6159839232
findling-rss 1791093016,3272990720,341188608,24528912,3652231168,6159839232
findling-rss 1791093018,3272990720,341188608,24528712,3652501504,6159839232
findling-rss 1791093020,3272990720,341188608,24530072,3653066752,6159839232
findling-rss 1791093022,3272990720,341188608,24530512,3652575232,6159839232
findling-rss 1791093024,3272990720,341188608,24528568,3653238784,6159839232
findling-rss 1791093026,3272990720,341188608,24529424,3652743168,6159839232
findling-rss 1791093028,3274285056,341188608,24564728,3653677056,6159839232
findling-rss 1791093030,3272990720,341188608,24530272,3652317184,6159839232
findling-rss 1791093032,3272990720,341188608,24528944,3652796416,6159839232
findling-rss 1791093034,3272990720,341188608,24529424,3653591040,6159839232
findling-rss 1791093036,3272990720,341188608,24529624,3653439488,6159839232
findling-rss 1791093038,3272990720,341188608,24530128,3653038080,6159839232
findling-rss 1791093040,3272990720,341188608,24531464,3652935680,6159839232
findling-rss 1791093042,3272990720,341188608,24532856,3652603904,6159839232
findling-rss 1791093044,3272990720,341188608,24532856,3652927488,6159839232
findling-rss 1791093046,3272990720,341188608,24533096,3653079040,6159839232
findling-rss 1791093048,3272990720,341188608,24534216,3653517312,6159839232
findling-rss 1791093050,3272990720,341188608,24532576,3653259264,6159839232
findling-rss 1791093052,3272990720,341188608,24528808,3651764224,6159839232
findling-rss 1791093054,3272990720,341188608,24523368,3652476928,6159839232
findling-rss 1791093056,3272990720,341188608,24524832,3653275648,6159839232
findling-rss 1791093058,3272990720,341188608,24524592,3652780032,6159839232
findling-rss 1791093060,3272990720,341188608,24525952,3652538368,6159839232
findling-rss 1791093062,3272990720,341188608,24526632,3652222976,6159839232
findling-rss 1791093064,3272990720,341188608,24527416,3653357568,6159839232
findling-rss 1791093066,3272990720,341188608,24528536,3653103616,6159839232
findling-rss 1791093068,3272990720,341188608,24529040,3653099520,6159839232
findling-rss 1791093070,3272990720,341188608,24527416,3653017600,6159839232
findling-rss 1791093072,3272990720,341188608,24528880,3652505600,6159839232
findling-rss 1791093074,3272990720,341188608,24529080,3652825088,6159839232
findling-rss 1791093076,3272990720,341188608,24531160,3652841472,6159839232
findling-rss 1791093078,3272990720,341188608,24527720,3652886528,6159839232
findling-rss 1791093080,3272990720,341188608,24525272,3652268032,6159839232
findling-rss 1791093082,3272990720,341188608,24522688,3651715072,6159839232
findling-rss 1791093084,3272990720,341188608,24524048,3652681728,6159839232
findling-rss 1791093087,3272990720,341188608,24522688,3653558272,6159839232
findling-rss 1791093089,3272990720,341188608,24523776,3652870144,6159839232
findling-rss 1791093091,3272990720,341188608,24524592,3653099520,6159839232
findling-rss 1791093093,3272990720,341188608,24525752,3650813952,6159839232
findling-rss 1791093095,3272990720,341188608,24526192,3653029888,6159839232
findling-rss 1791093097,3272990720,341188608,24527176,3653218304,6159839232
findling-rss 1791093099,3272990720,341188608,24525816,3652792320,6159839232
findling-rss 1791093101,3272990720,341188608,24527176,3652681728,6159839232
findling-rss 1791093103,3272990720,341188608,24535920,3652710400,6159839232
findling-rss 1791093105,3272990720,341188608,24535920,3652661248,6159839232
findling-rss 1791093107,3272990720,341188608,24533240,3652919296,6159839232
findling-rss 1791093109,3272990720,341188608,24532584,3653136384,6159839232
findling-rss 1791093111,3272990720,341188608,24533944,3652935680,6159839232
findling-rss 1791093113,3272990720,341188608,24528504,3651592192,6159839232
findling-rss 1791093115,3272990720,341188608,24532552,3652505600,6159839232
findling-rss 1791093117,3272990720,341188608,24532384,3652923392,6159839232
findling-rss 1791093119,3272990720,341188608,24534488,3652673536,6159839232
findling-rss 1791093121,3272990720,341188608,24530208,3652169728,6159839232
findling-rss 1791093123,3272990720,341188608,24529184,3652272128,6159839232
findling-rss 1791093125,3272990720,341188608,24531024,3652759552,6159839232
findling-rss 1791093127,3272990720,341188608,24529592,3653013504,6159839232
findling-rss 1791093129,3272990720,341188608,24530952,3652657152,6159839232
findling-rss 1791093131,3272990720,341188608,24531496,3652456448,6159839232
findling-rss 1791093133,3272990720,341188608,24532856,3653492736,6159839232
findling-rss 1791093135,3272990720,341188608,24534280,3653070848,6159839232
findling-rss 1791093137,3272990720,341188608,24535136,3653206016,6159839232
findling-rss 1791093139,3272990720,341188608,24533872,3653046272,6159839232
findling-rss 1791093141,3272990720,341188608,24535232,3653521408,6159839232
findling-rss 1791093143,3272990720,341188608,24531360,3651772416,6159839232
findling-rss 1791093145,3274285056,341188608,24575856,3654324224,6159839232
findling-rss 1791093147,3272990720,341188608,24531360,3653275648,6159839232
findling-rss 1791093149,3272990720,341188608,24531360,3652804608,6159839232
findling-rss 1791093151,3272990720,341188608,24530952,3653337088,6159839232
findling-rss 1791093153,3272990720,341188608,24529624,3652812800,6159839232
findling-rss 1791093155,3272990720,341188608,24531224,3652800512,6159839232
findling-rss 1791093157,3272990720,341188608,24530440,3653500928,6159839232
findling-rss 1791093159,3272990720,341188608,24528808,3653398528,6159839232
findling-rss 1791093161,3272990720,341188608,24531288,3652866048,6159839232
findling-rss 1791093163,3272990720,341188608,24532040,3652153344,6159839232
findling-rss 1791093165,3272990720,341188608,24530944,3652972544,6159839232
findling-rss 1791093167,3272990720,341188608,24531184,3652431872,6159839232
findling-rss 1791093169,3272990720,341188608,24528944,3652276224,6159839232
findling-rss 1791093171,3272990720,341188608,24529184,3652722688,6159839232
findling-rss 1791093173,3272990720,341188608,24528944,3651600384,6159839232
findling-rss 1791093175,3272990720,341188608,24531024,3653341184,6159839232
findling-rss 1791093177,3272990720,341188608,24531320,3652886528,6159839232
findling-rss 1791093179,3272990720,341188608,24528400,3652874240,6159839232
findling-rss 1791093181,3272990720,341188608,24527928,3652956160,6159839232
findling-rss 1791093183,3272990720,341188608,24528024,3653357568,6159839232
findling-rss 1791093185,3272990720,341188608,24527720,3650703360,6159839232
findling-rss 1791093187,3272990720,341188608,24530064,3653410816,6159839232
findling-rss 1791093189,3272990720,341188608,24529720,3652988928,6159839232
findling-rss 1791093191,3272990720,341188608,24532280,3652861952,6159839232
findling-rss 1791093193,3272990720,341188608,24530576,3653005312,6159839232
findling-rss 1791093195,3272990720,341188608,24532200,3653435392,6159839232
findling-rss 1791093197,3272990720,341188608,24530952,3652902912,6159839232
findling-rss 1791093199,3272990720,341188608,24532072,3652939776,6159839232
findling-rss 1791093201,3272990720,341188608,24530976,3652333568,6159839232
findling-rss 1791093203,3272990720,341188608,24528536,3651653632,6159839232
findling-rss 1791093205,3272990720,341188608,24529480,3653439488,6159839232
findling-rss 1791093207,3272990720,341188608,24528096,3653066752,6159839232
findling-rss 1791093209,3272990720,341188608,24529360,3652988928,6159839232
findling-rss 1791093211,3272990720,341188608,24527984,3652698112,6159839232
findling-rss 1791093213,3272990720,341188608,24529560,3652628480,6159839232
findling-rss 1791093215,3272990720,341188608,24528776,3652108288,6159839232
findling-rss 1791093217,3272990720,341188608,24529896,3652829184,6159839232
findling-rss 1791093219,3272990720,341188608,24524320,3652526080,6159839232
findling-rss 1791093221,3272990720,341188608,24526080,3652169728,6159839232
findling-rss 1791093223,3272990720,341188608,24534688,3652567040,6159839232
findling-rss 1791093225,3272990720,341188608,24535408,3653042176,6159839232
findling-rss 1791093227,3272990720,341188608,24532040,3653029888,6159839232
findling-rss 1791093229,3272990720,341188608,24536360,3652616192,6159839232
findling-rss 1791093231,3272990720,341188608,24537104,3653189632,6159839232
findling-rss 1791093233,3272990720,341188608,24533368,3652276224,6159839232
findling-rss 1791093235,3272990720,341188608,24532688,3652239360,6159839232
findling-rss 1791093237,3272990720,341188608,24538336,3653586944,6159839232
findling-rss 1791093239,3272990720,341188608,24530888,3653185536,6159839232
findling-rss 1791093241,3272990720,341188608,24532248,3653378048,6159839232
findling-rss 1791093243,3272990720,341188608,24530072,3653033984,6159839232
findling-rss 1791093245,3272990720,341188608,24531192,3652636672,6159839232
findling-rss 1791093247,3272990720,341188608,24533032,3652366336,6159839232
findling-rss 1791093249,3272990720,341188608,24532960,3652988928,6159839232
findling-rss 1791093251,3272990720,341188608,24532376,3652726784,6159839232
findling-rss 1791093253,3272990720,341188608,24532176,3652673536,6159839232
findling-rss 1791093255,3272990720,341188608,24532112,3652919296,6159839232
findling-rss 1791093257,3272990720,341188608,24533536,3652636672,6159839232
findling-rss 1791093259,3272990720,341188608,24534152,3652440064,6159839232
findling-rss 1791093261,3272990720,341188608,24534592,3652481024,6159839232
findling-rss 1791093263,3272990720,341188608,24531056,3652247552,6159839232
findling-rss 1791093265,3272990720,341188608,24533640,3652308992,6159839232
findling-rss 1791093267,3272990720,341188608,24531328,3653382144,6159839232
findling-rss 1791093269,3272990720,341188608,24530408,3653140480,6159839232
findling-rss 1791093271,3272990720,341188608,24530856,3652632576,6159839232
findling-rss 1791093273,3272990720,341188608,24532216,3653087232,6159839232
findling-rss 1791093275,3272990720,341188608,24531088,3652964352,6159839232
findling-rss 1791093277,3272990720,341188608,24529760,3652624384,6159839232
findling-rss 1791093279,3272990720,341188608,24528400,3652472832,6159839232
findling-rss 1791093281,3272990720,341188608,24528984,3653607424,6159839232
findling-rss 1791093283,3274280960,341188608,24573336,3654799360,6159839232
findling-rss 1791093285,3272990720,341188608,24530576,3653390336,6159839232
findling-rss 1791093287,3272990720,341188608,24530712,3653103616,6159839232
findling-rss 1791093289,3272990720,341188608,24531392,3653095424,6159839232
findling-rss 1791093291,3272990720,341188608,24531056,3652812800,6159839232
findling-rss 1791093293,3272990720,341188608,24527992,3651932160,6159839232
findling-rss 1791093295,3272990720,341188608,24526632,3652304896,6159839232
findling-rss 1791093297,3272990720,341188608,24526968,3652280320,6159839232
findling-rss 1791093299,3272990720,341188608,24528128,3652714496,6159839232
findling-rss 1791093301,3272990720,341188608,24526600,3653353472,6159839232
findling-rss 1791093303,3272990720,341188608,24526760,3653148672,6159839232
findling-rss 1791093305,3272990720,341188608,24529184,3652759552,6159839232
findling-rss 1791093307,3272990720,341188608,24528400,3652694016,6159839232
findling-rss 1791093309,3272990720,341188608,24530000,3652550656,6159839232
findling-rss 1791093311,3272990720,341188608,24527688,3653087232,6159839232
findling-rss 1791093313,3272990720,341188608,24528632,3652923392,6159839232
findling-rss 1791093315,3272990720,341188608,24528432,3652251648,6159839232
findling-rss 1791093317,3272990720,341188608,24529288,3652812800,6159839232
findling-rss 1791093319,3272990720,341188608,24529488,3652280320,6159839232
findling-rss 1791093321,3272990720,341188608,24531088,3652546560,6159839232
findling-rss 1791093323,3272990720,341188608,24527112,3652018176,6159839232
findling-rss 1791093325,3272990720,341188608,24527992,3652911104,6159839232
findling-rss 1791093327,3272990720,341188608,24528912,3652939776,6159839232
findling-rss 1791093329,3272990720,341188608,24572368,3653222400,6159839232
findling-rss 1791093331,3272990720,341188608,24528536,3652833280,6159839232
findling-rss 1791093333,3272990720,341188608,24528032,3652841472,6159839232
findling-rss 1791093335,3272990720,341188608,24526632,3652698112,6159839232
findling-rss 1791093337,3272990720,341188608,24528736,3652972544,6159839232
findling-rss 1791093339,3272990720,341188608,24526632,3651215360,6159839232
findling-rss 1791093341,3272990720,341188608,24527992,3652771840,6159839232
findling-rss 1791093343,3272990720,341188608,24536432,3653894144,6159839232
findling-rss 1791093345,3272990720,341188608,24537312,3652943872,6159839232
findling-rss 1791093347,3272990720,341188608,24530512,3653349376,6159839232
findling-rss 1791093349,3272990720,341188608,24529448,3652583424,6159839232
findling-rss 1791093351,3272990720,341188608,24530608,3652939776,6159839232
findling-rss 1791093353,3272990720,341188608,24529320,3651825664,6159839232
findling-rss 1791093355,3272990720,341188608,24530040,3653009408,6159839232
findling-rss 1791093357,3272990720,341188608,24527960,3653308416,6159839232
findling-rss 1791093359,3272990720,341188608,24531192,3653414912,6159839232
findling-rss 1791093361,3272990720,341188608,24534016,3652116480,6159839232
findling-rss 1791093363,3272990720,341188608,24530112,3652554752,6159839232
findling-rss 1791093365,3272990720,341188608,24530136,3653296128,6159839232
findling-rss 1791093367,3272990720,341188608,24531736,3652947968,6159839232
findling-rss 1791093369,3272990720,341188608,24532856,3652861952,6159839232
findling-rss 1791093371,3272990720,341188608,24530920,3652980736,6159839232
findling-rss 1791093373,3272990720,341188608,24533024,3652952064,6159839232
findling-rss 1791093375,3272990720,341188608,24566720,3653390336,6159839232
findling-rss 1791093377,3272990720,341188608,24534184,3653263360,6159839232
findling-rss 1791093379,3272990720,341188608,24532584,3652554752,6159839232
findling-rss 1791093382,3272990720,341188608,24531224,3652919296,6159839232
findling-rss 1791093384,3272990720,341188608,24531768,3652333568,6159839232
findling-rss 1791093386,3272990720,341188608,24531088,3653128192,6159839232
findling-rss 1791093388,3272990720,341188608,24529728,3653079040,6159839232
findling-rss 1791093390,3272990720,341188608,24527656,3653214208,6159839232
findling-rss 1791093392,3272990720,341188608,24528576,3652448256,6159839232
findling-rss 1791093394,3272990720,341188608,24526328,3653197824,6159839232
findling-rss 1791093396,3272990720,341188608,24527280,3653246976,6159839232
findling-rss 1791093398,3272990720,341188608,24528944,3653079040,6159839232
findling-rss 1791093400,3272990720,341188608,24528880,3653238784,6159839232
findling-rss 1791093402,3272990720,341188608,24526904,3651719168,6159839232
findling-rss 1791093404,3272990720,341188608,24529256,3652853760,6159839232
findling-rss 1791093406,3272990720,341188608,24527176,3652788224,6159839232
findling-rss 1791093408,3272990720,341188608,24527856,3652771840,6159839232
findling-rss 1791093410,3272990720,341188608,24529216,3652837376,6159839232
findling-rss 1791093412,3272990720,341188608,24530376,3653111808,6159839232
findling-rss 1791093414,3272990720,341188608,24528672,3652911104,6159839232
findling-rss 1791093416,3272990720,341188608,24526192,3652321280,6159839232
findling-rss 1791093418,3272990720,341188608,24526360,3653111808,6159839232
findling-rss 1791093420,3272990720,341188608,24526808,3652702208,6159839232
findling-rss 1791093422,3272990720,341188608,24537056,3652812800,6159839232
findling-rss 1791093424,3272990720,341188608,24526728,3652481024,6159839232
findling-rss 1791093426,3272990720,341188608,24527448,3653009408,6159839232
findling-rss 1791093428,3272990720,341188608,24529048,3653005312,6159839232
findling-rss 1791093430,3272990720,341188608,24530168,3652841472,6159839232
findling-rss 1791093432,3272990720,341188608,24526224,3652661248,6159839232
findling-rss 1791093434,3272990720,341188608,24528808,3652870144,6159839232
findling-rss 1791093436,3272990720,341188608,24527584,3653185536,6159839232
findling-rss 1791093438,3272990720,341188608,24528944,3652624384,6159839232
findling-rss 1791093440,3272990720,341188608,24529248,3653038080,6159839232
findling-rss 1791093442,3272990720,341188608,24526024,3652939776,6159839232
findling-rss 1791093444,3272990720,341188608,24525208,3652526080,6159839232
findling-rss 1791093446,3272990720,341188608,24524248,3653128192,6159839232
findling-rss 1791093448,3272990720,341188608,24524864,3652677632,6159839232
findling-rss 1791093450,3272990720,341188608,24526224,3652603904,6159839232
findling-rss 1791093452,3272990720,341188608,24527280,3652755456,6159839232
findling-rss 1791093454,3272990720,341188608,24528880,3653050368,6159839232
findling-rss 1791093456,3272990720,341188608,24526768,3653308416,6159839232
findling-rss 1791093458,3272990720,341188608,24526944,3652689920,6159839232
findling-rss 1791093460,3272990720,341188608,24527824,3652190208,6159839232
findling-rss 1791093462,3272990720,341188608,24531360,3651899392,6159839232
findling-rss 1791093464,3272990720,341188608,24535512,3652628480,6159839232
findling-rss 1791093466,3272990720,341188608,24537376,3653107712,6159839232
findling-rss 1791093468,3272990720,341188608,24567912,3654553600,6159839232
findling-rss 1791093470,3272990720,341188608,24532440,3653414912,6159839232
findling-rss 1791093472,3272990720,341188608,24533536,3653378048,6159839232
findling-rss 1791093474,3272990720,341188608,24533672,3652694016,6159839232
findling-rss 1791093476,3272990720,341188608,24533328,3653120000,6159839232
findling-rss 1791093478,3272990720,341188608,24529992,3653136384,6159839232
findling-rss 1791093480,3272990720,341188608,24526192,3652919296,6159839232
findling-rss 1791093482,3272990720,341188608,24531024,3652976640,6159839232
findling-rss 1791093484,3272990720,341188608,24532864,3652890624,6159839232
findling-rss 1791093486,3272990720,341188608,24528368,3653050368,6159839232
findling-rss 1791093488,3272990720,341188608,24530472,3653312512,6159839232
findling-rss 1791093490,3272990720,341188608,24529656,3652997120,6159839232
findling-rss 1791093492,3272990720,341188608,24530072,3652911104,6159839232
findling-rss 1791093494,3272990720,341188608,24531192,3651657728,6159839232
findling-rss 1791093496,3272990720,341188608,24531632,3652571136,6159839232
findling-rss 1791093498,3272990720,341188608,24531768,3652759552,6159839232
findling-rss 1791093500,3272990720,341188608,24533608,3652722688,6159839232
findling-rss 1791093502,3272990720,341188608,24533504,3652726784,6159839232
findling-rss 1791093504,3272990720,341188608,24532952,3653300224,6159839232
findling-rss 1791093506,3272990720,341188608,24534208,3653660672,6159839232
findling-rss 1791093508,3272990720,341188608,24530064,3652579328,6159839232
findling-rss 1791093510,3272990720,341188608,24530344,3652644864,6159839232
findling-rss 1791093512,3272990720,341188608,24528464,3653091328,6159839232
findling-rss 1791093514,3274293248,341188608,24573128,3654717440,6159839232
findling-rss 1791093516,3272990720,341188608,24529760,3652726784,6159839232
findling-rss 1791093518,3272990720,341188608,24530408,3652677632,6159839232
findling-rss 1791093520,3272990720,341188608,24531528,3653115904,6159839232
findling-rss 1791093522,3272990720,341188608,24530848,3652747264,6159839232
findling-rss 1791093524,3272990720,341188608,24532480,3651661824,6159839232
findling-rss 1791093526,3272990720,341188608,24530848,3652235264,6159839232
findling-rss 1791093528,3272990720,341188608,24531904,3652718592,6159839232
findling-rss 1791093530,3272990720,341188608,24531432,3652694016,6159839232
findling-rss 1791093532,3272990720,341188608,24532312,3652595712,6159839232
findling-rss 1791093534,3272990720,341188608,24530072,3652198400,6159839232
findling-rss 1791093536,3272990720,341188608,24529384,3652878336,6159839232
findling-rss 1791093538,3272990720,341188608,24529520,3652747264,6159839232
findling-rss 1791093540,3272990720,341188608,24530240,3652878336,6159839232
findling-rss 1791093542,3272990720,341188608,24528640,3653419008,6159839232
findling-rss 1791093544,3272990720,341188608,24530000,3652898816,6159839232
findling-rss 1791093546,3272990720,341188608,24531360,3652698112,6159839232
findling-rss 1791093548,3272990720,341188608,24532960,3653165056,6159839232
findling-rss 1791093550,3272990720,341188608,24531872,3653324800,6159839232
findling-rss 1791093552,3272990720,341188608,24533472,3653255168,6159839232
findling-rss 1791093554,3272990720,341188608,24530240,3653197824,6159839232
findling-rss 1791093556,3272990720,341188608,24530680,3652263936,6159839232
findling-rss 1791093558,3272990720,341188608,24531840,3653357568,6159839232
findling-rss 1791093560,3272990720,341188608,24534424,3652177920,6159839232
findling-rss 1791093562,3272990720,341188608,24532080,3652722688,6159839232
findling-rss 1791093564,3272990720,341188608,24530480,3652743168,6159839232
findling-rss 1791093566,3272990720,341188608,24531560,3652608000,6159839232
findling-rss 1791093568,3272990720,341188608,24531496,3653058560,6159839232
findling-rss 1791093570,3272990720,341188608,24533576,3653623808,6159839232
findling-rss 1791093572,3272990720,341188608,24535200,3652997120,6159839232
findling-rss 1791093574,3272990720,341188608,24536056,3652333568,6159839232
findling-rss 1791093576,3272990720,341188608,24536936,3652673536,6159839232
findling-rss 1791093578,3272990720,341188608,24533200,3653754880,6159839232
findling-rss 1791093580,3272990720,341188608,24533304,3653345280,6159839232
findling-rss 1791093582,3272990720,341188608,24539960,3652833280,6159839232
findling-rss 1791093584,3272990720,341188608,24581384,3652558848,6159839232
findling-rss 1791093586,3272990720,341188608,24536184,3652521984,6159839232
findling-rss 1791093588,3272990720,341188608,24533744,3652280320,6159839232
findling-rss 1791093590,3272990720,341188608,24532848,3653431296,6159839232
findling-rss 1791093592,3272990720,341188608,24531464,3652628480,6159839232
findling-rss 1791093594,3272990720,341188608,24527184,3652444160,6159839232
findling-rss 1791093596,3272990720,341188608,24527144,3653464064,6159839232
findling-rss 1791093598,3272990720,341188608,24528744,3652579328,6159839232
findling-rss 1791093600,3272990720,341188608,24530608,3653332992,6159839232
findling-rss 1791093602,3272990720,341188608,24530608,3651903488,6159839232
findling-rss 1791093604,3272990720,341188608,24531728,3652780032,6159839232
findling-rss 1791093606,3272990720,341188608,24533848,3653197824,6159839232
findling-rss 1791093608,3272990720,341188608,24529024,3653242880,6159839232
findling-rss 1791093610,3272990720,341188608,24529792,3653160960,6159839232
findling-rss 1791093612,3272990720,341188608,24527520,3652632576,6159839232
findling-rss 1791093614,3272990720,341188608,24528880,3652620288,6159839232
findling-rss 1791093616,3272990720,341188608,24530000,3653529600,6159839232
findling-rss 1791093618,3272990720,341188608,24528504,3652489216,6159839232
findling-rss 1791093620,3272990720,341188608,24530104,3652677632,6159839232
findling-rss 1791093622,3272990720,341188608,24530240,3652493312,6159839232
findling-rss 1791093624,3272990720,341188608,24529360,3652800512,6159839232
findling-rss 1791093626,3272990720,341188608,24529840,3652722688,6159839232
findling-rss 1791093628,3272990720,341188608,24526392,3653304320,6159839232
findling-rss 1791093630,3272990720,341188608,24538080,3652820992,6159839232
findling-rss 1791093632,3272990720,341188608,24524584,3653042176,6159839232
findling-rss 1791093634,3272990720,341188608,24525920,3653103616,6159839232
findling-rss 1791093636,3272990720,341188608,24527040,3653750784,6159839232
findling-rss 1791093638,3272990720,341188608,24528400,3652952064,6159839232
findling-rss 1791093640,3272990720,341188608,24529552,3653464064,6159839232
findling-rss 1791093642,3272990720,341188608,24530168,3653656576,6159839232
findling-rss 1791093644,3272990720,341188608,24530344,3652788224,6159839232
findling-rss 1791093646,3272990720,341188608,24531432,3652722688,6159839232
findling-rss 1791093648,3272990720,341188608,24530304,3652710400,6159839232
findling-rss 1791093650,3272990720,341188608,24530712,3652943872,6159839232
findling-rss 1791093652,3272990720,341188608,24531696,3652521984,6159839232
findling-rss 1791093654,3272990720,341188608,24526016,3652509696,6159839232
findling-rss 1791093656,3272990720,341188608,24525952,3653402624,6159839232
findling-rss 1791093658,3272990720,341188608,24524448,3653148672,6159839232
findling-rss 1791093660,3272990720,341188608,24525104,3652276224,6159839232
findling-rss 1791093662,3272990720,341188608,24526704,3653189632,6159839232
findling-rss 1791093664,3272990720,341188608,24525920,3653414912,6159839232
findling-rss 1791093666,3272990720,341188608,24525680,3653132288,6159839232
findling-rss 1791093668,3272990720,341188608,24523440,3652587520,6159839232
findling-rss 1791093670,3272990720,341188608,24524560,3653042176,6159839232
findling-rss 1791093672,3272990720,341188608,24526400,3653222400,6159839232
findling-rss 1791093675,3272990720,341188608,24538280,3652542464,6159839232
findling-rss 1791093677,3272990720,341188608,24527448,3652608000,6159839232
findling-rss 1791093679,3272990720,341188608,24529048,3653099520,6159839232
findling-rss 1791093681,3272990720,341188608,24528672,3653001216,6159839232
findling-rss 1791093683,3272990720,341188608,24528712,3653193728,6159839232
findling-rss 1791093685,3272990720,341188608,24525000,3652833280,6159839232
findling-rss 1791093687,3272990720,341188608,24526360,3653492736,6159839232
findling-rss 1791093689,3272990720,341188608,24527960,3652886528,6159839232
findling-rss 1791093691,3272990720,341188608,24525952,3652222976,6159839232
findling-rss 1791093693,3272990720,341188608,24525856,3652292608,6159839232
findling-rss 1791093695,3272990720,341188608,24527000,3652771840,6159839232
findling-rss 1791093697,3272990720,341188608,24527920,3652890624,6159839232
findling-rss 1791093699,3272990720,341188608,24528840,3652767744,6159839232
findling-rss 1791093701,3272990720,341188608,24524528,3652673536,6159839232
findling-rss 1791093703,3272990720,341188608,24532344,3653586944,6159839232
findling-rss 1791093705,3272990720,341188608,24534016,3653058560,6159839232
findling-rss 1791093707,3272990720,341188608,24535136,3653591040,6159839232
findling-rss 1791093709,3272990720,341188608,24531736,3653431296,6159839232
findling-rss 1791093711,3272990720,341188608,24533600,3653857280,6159839232
findling-rss 1791093713,3272990720,341188608,24531760,3652890624,6159839232
findling-rss 1791093715,3272990720,341188608,24528880,3652837376,6159839232
findling-rss 1791093717,3272990720,341188608,24530064,3653005312,6159839232
findling-rss 1791093719,3272990720,341188608,24531160,3652829184,6159839232
findling-rss 1791093721,3273310208,341188608,24528912,3652976640,6159839232
findling-rss 1791093723,3272990720,341188608,24527552,3651809280,6159839232
findling-rss 1791093725,3272990720,341188608,24531328,3652751360,6159839232
findling-rss 1791093727,3272990720,341188608,24532688,3652829184,6159839232
findling-rss 1791093729,3272990720,341188608,24534288,3653103616,6159839232
findling-rss 1791093731,3272990720,341188608,24532376,3652616192,6159839232
findling-rss 1791093733,3272990720,341188608,24529832,3653242880,6159839232
findling-rss 1791093735,3272990720,341188608,24529696,3652714496,6159839232
findling-rss 1791093737,3272990720,341188608,24530504,3653033984,6159839232
findling-rss 1791093739,3272990720,341188608,24530944,3653464064,6159839232
findling-rss 1791093741,3272990720,341188608,24532760,3653275648,6159839232
findling-rss 1791093743,3272990720,341188608,24541512,3653419008,6159839232
findling-rss 1791093745,3272990720,341188608,24526736,3652489216,6159839232
findling-rss 1791093747,3272990720,341188608,24525408,3653357568,6159839232
findling-rss 1791093749,3272990720,341188608,24526968,3653328896,6159839232
findling-rss 1791093751,3272990720,341188608,24527520,3653562368,6159839232
findling-rss 1791093753,3272990720,341188608,24527176,3650703360,6159839232
findling-rss 1791093755,3272990720,341188608,24529040,3653275648,6159839232
findling-rss 1791093757,3272990720,341188608,24528672,3653726208,6159839232
findling-rss 1791093759,3272990720,341188608,24530512,3653390336,6159839232
findling-rss 1791093761,3272990720,341188608,24529168,3653132288,6159839232
findling-rss 1791093763,3272990720,341188608,24529888,3653304320,6159839232
findling-rss 1791093765,3272990720,341188608,24530208,3653267456,6159839232
findling-rss 1791093767,3273170944,341188608,24527448,3653378048,6159839232
findling-rss 1791093769,3272990720,341188608,24528232,3653074944,6159839232
findling-rss 1791093771,3272990720,341188608,24528128,3652829184,6159839232
findling-rss 1791093773,3272990720,341188608,24528640,3652452352,6159839232
findling-rss 1791093775,3272990720,341188608,24528264,3653124096,6159839232
findling-rss 1791093777,3272990720,341188608,24529624,3652939776,6159839232
findling-rss 1791093779,3272990720,341188608,24531224,3652501504,6159839232
findling-rss 1791093781,3272990720,341188608,24531360,3652956160,6159839232
findling-rss 1791093783,3272990720,341188608,24532280,3652538368,6159839232
findling-rss 1791093785,3272990720,341188608,24531560,3652325376,6159839232
findling-rss 1791093787,3272990720,341188608,24528848,3652857856,6159839232
findling-rss 1791093789,3272990720,341188608,24560952,3653185536,6159839232
findling-rss 1791093791,3272990720,341188608,24528432,3652829184,6159839232
findling-rss 1791093793,3272990720,341188608,24528808,3653238784,6159839232
findling-rss 1791093795,3272990720,341188608,24528744,3652562944,6159839232
findling-rss 1791093797,3272990720,341188608,24528536,3653226496,6159839232
findling-rss 1791093799,3272990720,341188608,24529696,3652911104,6159839232
findling-rss 1791093801,3272990720,341188608,24530816,3652820992,6159839232
findling-rss 1791093803,3272990720,341188608,24531736,3652886528,6159839232
findling-rss 1791093805,3272990720,341188608,24527656,3652653056,6159839232
findling-rss 1791093807,3272990720,341188608,24529016,3653218304,6159839232
findling-rss 1791093809,3272990720,341188608,24529448,3652915200,6159839232
findling-rss 1791093811,3272990720,341188608,24530368,3653226496,6159839232
findling-rss 1791093813,3272990720,341188608,24530304,3652673536,6159839232
findling-rss 1791093815,3272990720,341188608,24529624,3652550656,6159839232
findling-rss 1791093817,3272990720,341188608,24529624,3653488640,6159839232
findling-rss 1791093819,3272990720,341188608,24529896,3653181440,6159839232
findling-rss 1791093821,3272990720,341188608,24529752,3652808704,6159839232
findling-rss 1791093823,4666974208,351506432,26032336,5060714496,6159839232
findling-rss 1791093825,5456773120,351506432,26494816,5855649792,6159839232
findling-rss 1791093827,4802707456,350367744,26367400,5193093120,6159839232
findling-rss 1791093829,5476327424,350367744,26479864,5874282496,6159839232
findling-rss 1791093831,3522428928,345788416,24868704,3907846144,6159839232
findling-rss 1791093833,3551039488,345788416,24866248,3936681984,6159839232
findling-rss 1791093835,3378282496,345436160,24739680,3762610176,6159839232
findling-rss 1791093837,3399667712,345436160,24740384,3784773632,6159839232
findling-rss 1791093839,3397795840,345436160,24740200,3782299648,6159839232
findling-rss 1791093841,3399036928,345436160,24741080,3783659520,6159839232
findling-rss 1791093843,3397820416,345436160,24741856,3782062080,6159839232
findling-rss 1791093845,3398500352,345436160,24741496,3782799360,6159839232
findling-rss 1791093847,3345436672,345436160,24745232,3730083840,6159839232
findling-rss 1791093849,3345522688,345436160,24745368,3730403328,6159839232
findling-rss 1791093851,3345530880,345436160,24746728,3730575360,6159839232
findling-rss 1791093853,3295358976,345436160,24680160,3680518144,6159839232
findling-rss 1791093855,3390619648,345436160,24741784,3775643648,6159839232
findling-rss 1791093857,3342884864,345436160,24740592,3727429632,6159839232
findling-rss 1791093859,3399766016,345436160,24742304,3784757248,6159839232
findling-rss 1791093861,3380760576,345436160,24739024,3765755904,6159839232
findling-rss 1791093863,3401142272,345436160,24741352,3785543680,6159839232
findling-rss 1791093865,3380744192,345436160,24739616,3765075968,6159839232
findling-rss 1791093867,3400671232,345436160,24740736,3785388032,6159839232
findling-rss 1791093869,3241656320,341188608,24495208,3621888000,6159839232
findling-rss 1791093871,3298430976,341188608,24496368,3678322688,6159839232
findling-rss 1791093873,3241656320,341188608,24496064,3621576704,6159839232
findling-rss 1791093875,3241656320,341188608,24506960,3621552128,6159839232
findling-rss 1791093877,3241656320,341188608,24496128,3621412864,6159839232
findling-rss 1791093879,3241656320,341188608,24497728,3620532224,6159839232
findling-rss 1791093881,3241656320,341188608,24499048,3621781504,6159839232
findling-rss 1791093883,3241656320,341188608,24495040,3621367808,6159839232
findling-rss 1791093885,3241656320,341188608,24491472,3621744640,6159839232
findling-rss 1791093887,3241656320,341188608,24502424,3621695488,6159839232
findling-rss 1791093889,3241660416,341188608,24490584,3621666816,6159839232
findling-rss 1791093891,3241660416,341188608,24491200,3621621760,6159839232
findling-rss 1791093893,3241660416,341188608,24489088,3620761600,6159839232
findling-rss 1791093895,3241660416,341188608,24490376,3621740544,6159839232
findling-rss 1791093897,3241660416,341188608,24491912,3621634048,6159839232
findling-rss 1791093899,3241660416,341188608,24491128,3621519360,6159839232
findling-rss 1791093901,3241660416,341188608,24492728,3621785600,6159839232
findling-rss 1791093903,3241660416,341188608,24491808,3621265408,6159839232
findling-rss 1791093905,3241660416,341188608,24493480,3621437440,6159839232
findling-rss 1791093907,3241660416,341188608,24494120,3621056512,6159839232
findling-rss 1791093909,3241660416,341188608,24494120,3621277696,6159839232
findling-rss 1791093911,3241660416,341188608,24495720,3621654528,6159839232
findling-rss 1791093913,3241660416,341188608,24494256,3621359616,6159839232
findling-rss 1791093915,3241660416,341188608,24495440,3621752832,6159839232
findling-rss 1791093917,3241660416,341188608,24495040,3621990400,6159839232
findling-rss 1791093919,3241660416,341188608,24497384,3621875712,6159839232
findling-rss 1791093921,3241660416,341188608,24539896,3622813696,6159839232
findling-rss 1791093923,3241660416,341188608,24493984,3620655104,6159839232
findling-rss 1791093925,3241660416,341188608,24491632,3622125568,6159839232
findling-rss 1791093927,3241660416,341188608,24490584,3621519360,6159839232
findling-rss 1791093929,3241660416,341188608,24488344,3622334464,6159839232
findling-rss 1791093931,3241660416,341188608,24489488,3621715968,6159839232
findling-rss 1791093933,3241660416,341188608,24488544,3620839424,6159839232
findling-rss 1791093935,3241660416,341188608,24490648,3621158912,6159839232
findling-rss 1791093937,3241660416,341188608,24492008,3621097472,6159839232
findling-rss 1791093939,3241660416,341188608,24491264,3619495936,6159839232
findling-rss 1791093941,3241660416,341188608,24493104,3622031360,6159839232
findling-rss 1791093943,3241660416,341188608,24496376,3621535744,6159839232
findling-rss 1791093945,3241660416,341188608,24494736,3620720640,6159839232
findling-rss 1791093947,3241660416,341188608,24493168,3621277696,6159839232
findling-rss 1791093949,3241660416,341188608,24491024,3621257216,6159839232
findling-rss 1791093951,3241660416,341188608,24490448,3622170624,6159839232
findling-rss 1791093953,3241660416,341188608,24488168,3621253120,6159839232
findling-rss 1791093955,3241660416,341188608,24489528,3621830656,6159839232
findling-rss 1791093957,3241660416,341188608,24490448,3621445632,6159839232
findling-rss 1791093959,3241660416,341188608,24492072,3621158912,6159839232
findling-rss 1791093961,3241660416,341188608,24493168,3620999168,6159839232
findling-rss 1791093964,3241660416,341188608,24489664,3621380096,6159839232
findling-rss 1791093966,3241660416,341188608,24488000,3621748736,6159839232
findling-rss 1791093968,3241660416,341188608,24517048,3620880384,6159839232
findling-rss 1791093970,3241660416,341188608,24489496,3621523456,6159839232
findling-rss 1791093972,3241660416,341188608,24489224,3619995648,6159839232
findling-rss 1791093974,3241660416,341188608,24490176,3620999168,6159839232
findling-rss 1791093976,3241660416,341188608,24490040,3621249024,6159839232
findling-rss 1791093978,3241660416,341188608,24491400,3621224448,6159839232
findling-rss 1791093980,3241660416,341188608,24492760,3621625856,6159839232
findling-rss 1791093982,3241660416,341188608,24493776,3621679104,6159839232
findling-rss 1791093984,3241660416,341188608,24492352,3620278272,6159839232
findling-rss 1791093986,3241660416,341188608,24490248,3621310464,6159839232
findling-rss 1791093988,3241660416,341188608,24491848,3622039552,6159839232
findling-rss 1791093990,3241660416,341188608,24492312,3621433344,6159839232
findling-rss 1791093992,3241660416,341188608,24492488,3621588992,6159839232
findling-rss 1791093994,3241660416,341188608,24491536,3620802560,6159839232
findling-rss 1791093996,3241660416,341188608,24492456,3621195776,6159839232
findling-rss 1791093998,3241660416,341188608,24492896,3621175296,6159839232
findling-rss 1791094000,3241660416,341188608,24491472,3621343232,6159839232
findling-rss 1791094002,3241660416,341188608,24492352,3621515264,6159839232
findling-rss 1791094004,3241660416,341188608,24493712,3620564992,6159839232
findling-rss 1791094006,3241660416,341188608,24495312,3621257216,6159839232
findling-rss 1791094008,3241660416,341188608,24495112,3621027840,6159839232
findling-rss 1791094010,3241660416,341188608,24496768,3621556224,6159839232
findling-rss 1791094012,3241660416,341188608,24494656,3621941248,6159839232
findling-rss 1791094014,3241660416,341188608,24504104,3620904960,6159839232
findling-rss 1791094016,3241660416,341188608,24490112,3621740544,6159839232
findling-rss 1791094018,3241660416,341188608,24487864,3621781504,6159839232
findling-rss 1791094020,3241660416,341188608,24486640,3621416960,6159839232
findling-rss 1791094022,3241660416,341188608,24491904,3621490688,6159839232
findling-rss 1791094024,3241660416,341188608,24489120,3620929536,6159839232
findling-rss 1791094026,3241660416,341188608,24489024,3620777984,6159839232
findling-rss 1791094028,3241660416,341188608,24489088,3620995072,6159839232
findling-rss 1791094030,3241660416,341188608,24488672,3621761024,6159839232
findling-rss 1791094032,3241660416,341188608,24489632,3621937152,6159839232
findling-rss 1791094034,3241660416,341188608,24488848,3621744640,6159839232
findling-rss 1791094036,3241660416,341188608,24489592,3621949440,6159839232
findling-rss 1791094038,3243147264,341188608,24552808,3622813696,6159839232
findling-rss 1791094040,3241660416,341188608,24485040,3621818368,6159839232
findling-rss 1791094042,3241660416,341188608,24486400,3621294080,6159839232
findling-rss 1791094044,3241660416,341188608,24484360,3620679680,6159839232
findling-rss 1791094046,3241660416,341188608,24485784,3621806080,6159839232
findling-rss 1791094048,3241660416,341188608,24485552,3621412864,6159839232
findling-rss 1791094050,3241660416,341188608,24487176,3621310464,6159839232
findling-rss 1791094052,3241660416,341188608,24488272,3621515264,6159839232
findling-rss 1791094054,3241660416,341188608,24489392,3621613568,6159839232
findling-rss 1791094056,3241660416,341188608,24490992,3621052416,6159839232
findling-rss 1791094058,3241660416,341188608,24490312,3621482496,6159839232
findling-rss 1791094060,3241660416,341188608,24488312,3621306368,6159839232
findling-rss 1791094062,3241660416,341188608,24487616,3621306368,6159839232
findling-rss 1791094064,3241660416,341188608,24492624,3621072896,6159839232
findling-rss 1791094066,3241660416,341188608,24492488,3619991552,6159839232
findling-rss 1791094068,3241660416,341188608,24490072,3621150720,6159839232
findling-rss 1791094070,3241660416,341188608,24490344,3621752832,6159839232
findling-rss 1791094072,3241660416,341188608,24491944,3621621760,6159839232
findling-rss 1791094074,3241660416,341188608,24490208,3619782656,6159839232
findling-rss 1791094076,3241660416,341188608,24488704,3621916672,6159839232
findling-rss 1791094078,3241660416,341188608,24488944,3621896192,6159839232
findling-rss 1791094080,3241660416,341188608,24490544,3621400576,6159839232
findling-rss 1791094082,3241660416,341188608,24491640,3621838848,6159839232
findling-rss 1791094084,3241660416,341188608,24501856,3621593088,6159839232
findling-rss 1791094086,3241660416,341188608,24489600,3621232640,6159839232
findling-rss 1791094088,3241660416,341188608,24487624,3621588992,6159839232
findling-rss 1791094090,3241660416,341188608,24487760,3621953536,6159839232
findling-rss 1791094092,3241660416,341188608,24490448,3621748736,6159839232
findling-rss 1791094094,3241660416,341188608,24491808,3621736448,6159839232
findling-rss 1791094096,3241660416,341188608,24489976,3621605376,6159839232
findling-rss 1791094098,3241660416,341188608,24489736,3621060608,6159839232
findling-rss 1791094100,3241660416,341188608,24491360,3622129664,6159839232
findling-rss 1791094102,3241660416,341188608,24492936,3621453824,6159839232
findling-rss 1791094104,3241660416,341188608,24492080,3620831232,6159839232
findling-rss 1791094106,3241660416,341188608,24494424,3621883904,6159839232
findling-rss 1791094108,3241660416,341188608,24494120,3621658624,6159839232
findling-rss 1791094110,3241660416,341188608,24495280,3621298176,6159839232
findling-rss 1791094112,3241660416,341188608,24493712,3621376000,6159839232
findling-rss 1791094114,3241660416,341188608,24492992,3621044224,6159839232
findling-rss 1791094116,3241660416,341188608,24491640,3621445632,6159839232
findling-rss 1791094118,3241660416,341188608,24492280,3621642240,6159839232
findling-rss 1791094120,3241660416,341188608,24490928,3621167104,6159839232
findling-rss 1791094122,3241660416,341188608,24492048,3621240832,6159839232
findling-rss 1791094124,3241660416,341188608,24493912,3621658624,6159839232
findling-rss 1791094126,3241660416,341188608,24493104,3621167104,6159839232
findling-rss 1791094128,3241660416,341188608,24496120,3620593664,6159839232
findling-rss 1791094130,3241660416,341188608,24508928,3621679104,6159839232
findling-rss 1791094132,3241660416,341188608,24498600,3620990976,6159839232
findling-rss 1791094134,3241660416,341188608,24494016,3620315136,6159839232
findling-rss 1791094136,3241660416,341188608,24496080,3621937152,6159839232
findling-rss 1791094138,3241660416,341188608,24492280,3621810176,6159839232
findling-rss 1791094140,3241660416,341188608,24490888,3621294080,6159839232
findling-rss 1791094142,3241660416,341188608,24491232,3621822464,6159839232
findling-rss 1791094144,3241660416,341188608,24492352,3620917248,6159839232
findling-rss 1791094146,3241660416,341188608,24492792,3621568512,6159839232
findling-rss 1791094148,3241660416,341188608,24494656,3621036032,6159839232
findling-rss 1791094150,3241660416,341188608,24494392,3622121472,6159839232
findling-rss 1791094152,3241660416,341188608,24493976,3621937152,6159839232
findling-rss 1791094154,3241660416,341188608,24493072,3621711872,6159839232
findling-rss 1791094156,3241660416,341188608,24493472,3621707776,6159839232
findling-rss 1791094158,3241660416,341188608,24492144,3621249024,6159839232
findling-rss 1791094160,3241660416,341188608,24493504,3621363712,6159839232
findling-rss 1791094162,3241660416,341188608,24491600,3621470208,6159839232
findling-rss 1791094164,3241660416,341188608,24486296,3620773888,6159839232
findling-rss 1791094166,3241660416,341188608,24486760,3621158912,6159839232
findling-rss 1791094168,3241660416,341188608,24488376,3621728256,6159839232
findling-rss 1791094170,3241660416,341188608,24490240,3621560320,6159839232
findling-rss 1791094172,3241660416,341188608,24489360,3621543936,6159839232
findling-rss 1791094174,3241660416,341188608,24490984,3621490688,6159839232
findling-rss 1791094176,3241660416,341188608,24500936,3621240832,6159839232
findling-rss 1791094178,3241660416,341188608,24487416,3620950016,6159839232
findling-rss 1791094180,3241660416,341188608,24486840,3621408768,6159839232
findling-rss 1791094182,3241660416,341188608,24487520,3621351424,6159839232
findling-rss 1791094184,3241660416,341188608,24492080,3620790272,6159839232
findling-rss 1791094186,3241660416,341188608,24491464,3620884480,6159839232
findling-rss 1791094188,3241660416,341188608,24489400,3621228544,6159839232
findling-rss 1791094190,3241660416,341188608,24488600,3620888576,6159839232
findling-rss 1791094192,3241660416,341188608,24489192,3621888000,6159839232
findling-rss 1791094194,3241660416,341188608,24487584,3621171200,6159839232
findling-rss 1791094196,3241660416,341188608,24486672,3621879808,6159839232
findling-rss 1791094198,3241660416,341188608,24488032,3621711872,6159839232
findling-rss 1791094200,3241660416,341188608,24529888,3622141952,6159839232
findling-rss 1791094202,3241660416,341188608,24488952,3621781504,6159839232
findling-rss 1791094204,3241660416,341188608,24487240,3621576704,6159839232
findling-rss 1791094206,3241660416,341188608,24486536,3621822464,6159839232
findling-rss 1791094208,3241660416,341188608,24487896,3622068224,6159839232
findling-rss 1791094210,3241660416,341188608,24486536,3621888000,6159839232
findling-rss 1791094212,3241660416,341188608,24491328,3621023744,6159839232
findling-rss summary samples=2771 max_anon=5748092928 peak=6159839232 events=[low=0 high=0 max=0 oom=0 oom_kill=0 oom_group_kill=0 sock_throttled=0] oom_killed=false
