findling-rss timestamp,anon,file,slab,current,peak
findling-rss 1791049790,134594560,62976000,7265096,207450112,2506997760
findling-rss 1791049792,134598656,63733760,7281832,208113664,2506997760
findling-rss 1791049794,134598656,63733760,7281792,208859136,2506997760
findling-rss 1791049796,134598656,63733760,7285664,210055168,2506997760
findling-rss 1791049798,134598656,63733760,7278640,208916480,2506997760
findling-rss 1791049800,134598656,63733760,7279824,208863232,2506997760
findling-rss 1791049802,135118848,63741952,7287464,208711680,2506997760
findling-rss 1791049804,135118848,63741952,7285704,209489920,2506997760
findling-rss 1791049806,135118848,63741952,7284552,208945152,2506997760
findling-rss 1791049808,135118848,63741952,7284680,208850944,2506997760
findling-rss 1791049810,135118848,63741952,7283192,208871424,2506997760
findling-rss 1791049812,136413184,63741952,7327992,211169280,2506997760
findling-rss 1791049814,135118848,63741952,7285232,209547264,2506997760
findling-rss 1791049816,135118848,63741952,7281728,209461248,2506997760
findling-rss 1791049818,137052160,63741952,7286288,211972096,2506997760
findling-rss 1791049820,137052160,63741952,7287408,211881984,2506997760
findling-rss 1791049822,137052160,63741952,7287240,211591168,2506997760
findling-rss 1791049824,137052160,63741952,7286784,211349504,2506997760
findling-rss 1791049826,137052160,63741952,7288008,211517440,2506997760
findling-rss 1791049828,137052160,63741952,7289128,211832832,2506997760
findling-rss 1791049830,137052160,63741952,7288416,211353600,2506997760
findling-rss 1791049832,137052160,63741952,7289776,212164608,2506997760
findling-rss 1791049834,138342400,63741952,7327704,213123072,2506997760
findling-rss 1791049836,139100160,63741952,7284640,212951040,2506997760
findling-rss 1791049838,139100160,63741952,7281272,212418560,2506997760
findling-rss 1791049840,139100160,63741952,7281952,213131264,2506997760
findling-rss 1791049842,139100160,63741952,7283512,213864448,2506997760
findling-rss 1791049844,139100160,63741952,7283584,213745664,2506997760
findling-rss 1791049846,139100160,63741952,7284264,213618688,2506997760
findling-rss 1791049848,139100160,63741952,7285592,213381120,2506997760
findling-rss 1791049850,139100160,63741952,7283040,212623360,2506997760
findling-rss 1791049852,139100160,63741952,7284880,212766720,2506997760
findling-rss 1791049854,139100160,63741952,7283896,212725760,2506997760
findling-rss 1791049856,139100160,63741952,7295368,213110784,2506997760
findling-rss 1791049858,139100160,63741952,7284536,213110784,2506997760
findling-rss 1791049860,139100160,63741952,7284536,213549056,2506997760
findling-rss 1791049862,139100160,63741952,7284600,213331968,2506997760
findling-rss 1791049864,139100160,63741952,7284536,213676032,2506997760
findling-rss 1791049866,139100160,63741952,7285896,213565440,2506997760
findling-rss 1791049868,139100160,63741952,7283176,212459520,2506997760
findling-rss 1791049870,139100160,63741952,7282904,213254144,2506997760
findling-rss 1791049872,139100160,63741952,7284744,213377024,2506997760
findling-rss 1791049874,139100160,63741952,7284776,212987904,2506997760
findling-rss 1791049876,139100160,63741952,7280592,212815872,2506997760
findling-rss 1791049878,139390976,63741952,7282944,214278144,2506997760
findling-rss 1791049880,139390976,63741952,7283384,214343680,2506997760
findling-rss 1791049882,139390976,63741952,7282976,214286336,2506997760
findling-rss 1791049884,139390976,63741952,7283856,214208512,2506997760
findling-rss 1791049886,139390976,63741952,7282224,214142976,2506997760
findling-rss 1791049888,139390976,63741952,7284064,214085632,2506997760
findling-rss 1791049890,139390976,63741952,7280592,214228992,2506997760
findling-rss 1791049892,139390976,63741952,7281712,214040576,2506997760
findling-rss 1791049894,139390976,63741952,7282736,213114880,2506997760
findling-rss 1791049896,139390976,63741952,7284128,213790720,2506997760
findling-rss 1791049898,139390976,63741952,7284808,212000768,2506997760
findling-rss 1791049900,139390976,63741952,7286648,214114304,2506997760
findling-rss 1791049902,139390976,63741952,7298224,214413312,2506997760
findling-rss 1791049904,139390976,63741952,7284536,213606400,2506997760
findling-rss 1791049906,139390976,63741952,7282224,213495808,2506997760
findling-rss 1791049908,139390976,63741952,7282768,213753856,2506997760
findling-rss 1791049910,139390976,63741952,7281680,213893120,2506997760
findling-rss 1791049912,139395072,63741952,7286072,213618688,2506997760
findling-rss 1791049914,139395072,63741952,7286512,213479424,2506997760
findling-rss 1791049916,139395072,63741952,7285832,213086208,2506997760
findling-rss 1791049918,139395072,63741952,7283656,213037056,2506997760
findling-rss 1791049920,139395072,63741952,7284776,213475328,2506997760
findling-rss 1791049922,139395072,63741952,7286608,213725184,2506997760
findling-rss 1791049924,139395072,63741952,7285424,213254144,2506997760
findling-rss 1791049926,139403264,63741952,7284400,213057536,2506997760
findling-rss 1791049928,139403264,63741952,7285080,212676608,2506997760
findling-rss 1791049930,139403264,63741952,7284944,213217280,2506997760
findling-rss 1791049932,139403264,63741952,7284400,214257664,2506997760
findling-rss 1791049934,139403264,63741952,7284160,214069248,2506997760
findling-rss 1791049936,139403264,63741952,7284776,213975040,2506997760
findling-rss 1791049938,139722752,63741952,7285728,214540288,2506997760
findling-rss 1791049940,139722752,63741952,7286848,214593536,2506997760
findling-rss 1791049942,139722752,63741952,7285320,213942272,2506997760
findling-rss 1791049944,139722752,63741952,7281336,214212608,2506997760
findling-rss 1791049946,139722752,63741952,7282672,213442560,2506997760
findling-rss 1791049948,140947456,63741952,7284040,215199744,2506997760
findling-rss 1791049950,139722752,63741952,7282632,214306816,2506997760
findling-rss 1791049952,139722752,63741952,7283992,214110208,2506997760
findling-rss 1791049954,139722752,63741952,7285352,214491136,2506997760
findling-rss 1791049956,140058624,63741952,7286304,214540288,2506997760
findling-rss 1791049958,140058624,63741952,7283584,214171648,2506997760
findling-rss 1791049960,140058624,63741952,7282904,214028288,2506997760
findling-rss 1791049962,140058624,63741952,7283384,214188032,2506997760
findling-rss 1791049964,140058624,63741952,7284688,214630400,2506997760
findling-rss 1791049966,140058624,63741952,7283960,214175744,2506997760
findling-rss 1791049968,140058624,63741952,7285584,214228992,2506997760
findling-rss 1791049970,140058624,63741952,7286608,214339584,2506997760
findling-rss 1791049972,140058624,63741952,7285288,214159360,2506997760
findling-rss 1791049974,140058624,63741952,7284808,214589440,2506997760
findling-rss 1791049976,140058624,63741952,7284944,214818816,2506997760
findling-rss 1791049978,140058624,63741952,7285624,214429696,2506997760
findling-rss 1791049980,140058624,63741952,7284128,214511616,2506997760
findling-rss 1791049982,140058624,63741952,7284128,214626304,2506997760
findling-rss 1791049984,140058624,63741952,7285488,214847488,2506997760
findling-rss 1791049986,140058624,63741952,7286168,214499328,2506997760
findling-rss 1791049988,140058624,63741952,7283176,214368256,2506997760
findling-rss 1791049990,140058624,63741952,7282224,214294528,2506997760
findling-rss 1791049992,140058624,63741952,7284088,214732800,2506997760
findling-rss 1791049994,140062720,63741952,7332960,215629824,2506997760
findling-rss 1791049996,140062720,63741952,7282632,214290432,2506997760
findling-rss 1791049998,140369920,63741952,7284264,214618112,2506997760
findling-rss 1791050000,140369920,63741952,7284264,214126592,2506997760
findling-rss 1791050002,140398592,63741952,7285312,214568960,2506997760
findling-rss 1791050004,140398592,63741952,7286672,215146496,2506997760
findling-rss 1791050006,140398592,63741952,7285592,215035904,2506997760
findling-rss 1791050008,140398592,63741952,7285152,214663168,2506997760
findling-rss 1791050010,140402688,63741952,7282632,214368256,2506997760
findling-rss 1791050012,140414976,63741952,7283280,214532096,2506997760
findling-rss 1791050014,140414976,63741952,7285144,214597632,2506997760
findling-rss 1791050016,140414976,63741952,7287464,214605824,2506997760
findling-rss 1791050018,140734464,63741952,7281816,214409216,2506997760
findling-rss 1791050020,140734464,63741952,7281544,213446656,2506997760
findling-rss 1791050022,140734464,63741952,7280824,214949888,2506997760
findling-rss 1791050024,140734464,63741952,7280720,215101440,2506997760
findling-rss 1791050026,140734464,63741952,7282160,215015424,2506997760
findling-rss 1791050028,140734464,63741952,7283520,215126016,2506997760
findling-rss 1791050030,140734464,63741952,7282768,214654976,2506997760
findling-rss 1791050032,140742656,63741952,7287624,214462464,2506997760
findling-rss 1791050034,140742656,63741952,7289664,214261760,2506997760
findling-rss 1791050036,140742656,63741952,7286000,215252992,2506997760
findling-rss 1791050038,140742656,63741952,7287904,215404544,2506997760
findling-rss 1791050040,141484032,63741952,7286080,215040000,2506997760
findling-rss 1791050042,140742656,63741952,7286472,214855680,2506997760
findling-rss 1791050044,140742656,63741952,7286712,214908928,2506997760
findling-rss 1791050046,140742656,63741952,7286032,215052288,2506997760
findling-rss 1791050049,140742656,63741952,7280864,214745088,2506997760
findling-rss 1791050051,140742656,63741952,7281680,215236608,2506997760
findling-rss 1791050053,140742656,63741952,7281344,215044096,2506997760
findling-rss 1791050055,140742656,63741952,7283368,215089152,2506997760
findling-rss 1791050057,140742656,63741952,7282360,215191552,2506997760
findling-rss 1791050059,140849152,63741952,7281584,214884352,2506997760
findling-rss 1791050061,140849152,63741952,7282264,215080960,2506997760
findling-rss 1791050063,142155776,63741952,7326344,216088576,2506997760
findling-rss 1791050065,140865536,63741952,7282904,214843392,2506997760
findling-rss 1791050067,140865536,63741952,7284504,215465984,2506997760
findling-rss 1791050069,140865536,63741952,7283448,215310336,2506997760
findling-rss 1791050071,140869632,63741952,7283448,214962176,2506997760
findling-rss 1791050073,141778944,63750144,7287880,216473600,2506997760
findling-rss 1791050075,141778944,63754240,7289352,215785472,2506997760
findling-rss 1791050077,141778944,63754240,7290136,216342528,2506997760
findling-rss 1791050079,142016512,63758336,7293784,216330240,2506997760
findling-rss 1791050081,142028800,63754240,7292672,216530944,2506997760
findling-rss 1791050083,142028800,63754240,7282424,216399872,2506997760
findling-rss 1791050085,142028800,63754240,7284048,217145344,2506997760
findling-rss 1791050087,142028800,63754240,7283504,216752128,2506997760
findling-rss 1791050089,142028800,63754240,7283608,216326144,2506997760
findling-rss 1791050091,142028800,63754240,7284728,216231936,2506997760
findling-rss 1791050093,142028800,63754240,7286088,215896064,2506997760
findling-rss 1791050095,142028800,63754240,7285272,216182784,2506997760
findling-rss 1791050097,142028800,63754240,7287112,216178688,2506997760
findling-rss 1791050099,142028800,63754240,7288712,216584192,2506997760
findling-rss 1791050101,142028800,63754240,7288672,216551424,2506997760
findling-rss 1791050103,142028800,63754240,7287616,216817664,2506997760
findling-rss 1791050105,142028800,63754240,7286568,217067520,2506997760
findling-rss 1791050107,142028800,63754240,7287136,216047616,2506997760
findling-rss 1791050109,142028800,63754240,7295152,215801856,2506997760
findling-rss 1791050111,142028800,63754240,7284320,216190976,2506997760
findling-rss 1791050113,142028800,63754240,7285680,215027712,2506997760
findling-rss 1791050115,142028800,63754240,7285816,216211456,2506997760
findling-rss 1791050117,142028800,63754240,7286976,217235456,2506997760
findling-rss 1791050119,142282752,63754240,7287384,217260032,2506997760
findling-rss 1791050121,142282752,63754240,7285576,217255936,2506997760
findling-rss 1791050123,142282752,63754240,7285272,216698880,2506997760
findling-rss 1791050125,142282752,63754240,7284856,216674304,2506997760
findling-rss 1791050127,142299136,63754240,7283808,216428544,2506997760
findling-rss 1791050129,142299136,63754240,7286152,217104384,2506997760
findling-rss 1791050131,142299136,63754240,7287008,217071616,2506997760
findling-rss 1791050133,142299136,63754240,7285168,216301568,2506997760
findling-rss 1791050135,142299136,63754240,7285440,216027136,2506997760
findling-rss 1791050137,142299136,63754240,7287040,216911872,2506997760
findling-rss 1791050139,142299136,63754240,7282312,215801856,2506997760
findling-rss 1791050141,142299136,63754240,7278944,216186880,2506997760
findling-rss 1791050143,142508032,63754240,7282584,216514560,2506997760
findling-rss 1791050145,142508032,63754240,7282448,216698880,2506997760
findling-rss 1791050147,142508032,63754240,7283808,216973312,2506997760
findling-rss 1791050149,142508032,63754240,7285912,217210880,2506997760
findling-rss 1791050151,142508032,63754240,7287272,217411584,2506997760
findling-rss 1791050153,142520320,63754240,7292344,216989696,2506997760
findling-rss 1791050155,143749120,63754240,7336528,218341376,2506997760
findling-rss 1791050157,142524416,63754240,7288024,216240128,2506997760
findling-rss 1791050159,142524416,63754240,7289384,217063424,2506997760
findling-rss 1791050161,142524416,63754240,7289928,216813568,2506997760
findling-rss 1791050163,142524416,63754240,7289488,216670208,2506997760
findling-rss 1791050165,142524416,63754240,7285440,216608768,2506997760
findling-rss 1791050167,142524416,63754240,7284592,217018368,2506997760
findling-rss 1791050169,142524416,63754240,7283736,216776704,2506997760
findling-rss 1791050171,142524416,63754240,7285096,216711168,2506997760
findling-rss 1791050173,142524416,63754240,7286192,217038848,2506997760
findling-rss 1791050175,142524416,63754240,7288056,217063424,2506997760
findling-rss 1791050177,142524416,63754240,7286016,216895488,2506997760
findling-rss 1791050179,142802944,63754240,7286488,217141248,2506997760
findling-rss 1791050181,142802944,63754240,7285984,217546752,2506997760
findling-rss 1791050183,142802944,63754240,7287848,217251840,2506997760
findling-rss 1791050185,142802944,63754240,7286800,216985600,2506997760
findling-rss 1791050187,142815232,63754240,7285680,216854528,2506997760
findling-rss 1791050189,142815232,63754240,7285104,217276416,2506997760
findling-rss 1791050191,142819328,63754240,7285984,217399296,2506997760
findling-rss 1791050193,142827520,63754240,7281704,217427968,2506997760
findling-rss 1791050195,142827520,63754240,7282312,216813568,2506997760
findling-rss 1791050197,142827520,63754240,7283368,217018368,2506997760
findling-rss 1791050199,142827520,63754240,7281568,217210880,2506997760
findling-rss 1791050201,144232448,63754240,7335728,218202112,2506997760
findling-rss 1791050203,143126528,63754240,7282728,216825856,2506997760
findling-rss 1791050205,143126528,63754240,7284112,216596480,2506997760
findling-rss 1791050207,143126528,63754240,7284224,217620480,2506997760
findling-rss 1791050209,143126528,63754240,7285128,217788416,2506997760
findling-rss 1791050211,143126528,63754240,7285168,217661440,2506997760
findling-rss 1791050213,143126528,63754240,7283920,217776128,2506997760
findling-rss 1791050215,143126528,63754240,7284080,217546752,2506997760
findling-rss 1791050217,143126528,63754240,7284320,216924160,2506997760
findling-rss 1791050219,143126528,63754240,7285920,217063424,2506997760
findling-rss 1791050221,143126528,63754240,7287040,217718784,2506997760
findling-rss 1791050223,143126528,63754240,7331216,218849280,2506997760
findling-rss 1791050225,143126528,63754240,7285304,217243648,2506997760
findling-rss 1791050227,143126528,63754240,7289200,217374720,2506997760
findling-rss 1791050229,143126528,63754240,7280808,217538560,2506997760
findling-rss 1791050231,143126528,63754240,7279184,217989120,2506997760
findling-rss 1791050233,143126528,63754240,7280784,217513984,2506997760
findling-rss 1791050235,143126528,63754240,7281904,216600576,2506997760
findling-rss 1791050237,143126528,63754240,7283768,217636864,2506997760
findling-rss 1791050239,143396864,63754240,7283880,218296320,2506997760
findling-rss 1791050241,143396864,63754240,7285024,217636864,2506997760
findling-rss 1791050243,143396864,63754240,7285968,217853952,2506997760
findling-rss 1791050245,143396864,63754240,7298096,217636864,2506997760
findling-rss 1791050247,143396864,63754240,7285752,218030080,2506997760
findling-rss 1791050249,143396864,63754240,7286696,217382912,2506997760
findling-rss 1791050251,143400960,63754240,7285032,217255936,2506997760
findling-rss 1791050253,143405056,63754240,7285848,217640960,2506997760
findling-rss 1791050255,143405056,63754240,7284352,217595904,2506997760
findling-rss 1791050257,143405056,63754240,7285512,217882624,2506997760
findling-rss 1791050259,143405056,63754240,7281192,217280512,2506997760
findling-rss 1791050261,143405056,63754240,7281632,218394624,2506997760
findling-rss 1791050263,143728640,63754240,7283368,218656768,2506997760
findling-rss 1791050265,143732736,63754240,7284488,217956352,2506997760
findling-rss 1791050267,143732736,63754240,7287040,217632768,2506997760
findling-rss 1791050269,143736832,63754240,7286120,217923584,2506997760
findling-rss 1791050271,143736832,63754240,7284760,218411008,2506997760
findling-rss 1791050273,143740928,63754240,7290032,217944064,2506997760
findling-rss 1791050275,143740928,63754240,7291392,218222592,2506997760
findling-rss 1791050277,143740928,63754240,7286632,217972736,2506997760
findling-rss 1791050279,143740928,63754240,7285880,218587136,2506997760
findling-rss 1791050281,143740928,63754240,7286800,218329088,2506997760
findling-rss 1791050283,143740928,63754240,7286320,218677248,2506997760
findling-rss 1791050285,143740928,63754240,7284616,218370048,2506997760
findling-rss 1791050287,143740928,63754240,7284728,218091520,2506997760
findling-rss 1791050289,143740928,63754240,7281024,217608192,2506997760
findling-rss 1791050291,143740928,63754240,7324144,219480064,2506997760
findling-rss 1791050293,143740928,63754240,7282992,218099712,2506997760
findling-rss 1791050295,143745024,63754240,7284352,218198016,2506997760
findling-rss 1791050297,143745024,63754240,7282896,217673728,2506997760
findling-rss 1791050299,143814656,63754240,7283136,218112000,2506997760
findling-rss 1791050301,143814656,63754240,7280272,217714688,2506997760
findling-rss 1791050303,143814656,63754240,7282720,218230784,2506997760
findling-rss 1791050305,143814656,63754240,7283640,218222592,2506997760
findling-rss 1791050307,143814656,63754240,7284280,218251264,2506997760
findling-rss 1791050309,186052608,64208896,7507808,260780032,2506997760
findling-rss 1791050311,236208128,90554368,10748592,341635072,2506997760
findling-rss 1791050313,507994112,116445184,11263872,638152704,2506997760
findling-rss 1791050315,1271418880,258117632,11960336,1537503232,2506997760
findling-rss 1791050317,1494941696,260796416,12183384,1775337472,2506997760
findling-rss 1791050319,1407139840,262258688,12227272,1688092672,2506997760
findling-rss 1791050321,1471545344,262713344,12263728,1752813568,2506997760
findling-rss 1791050323,1476902912,264032256,12330960,1760083968,2506997760
findling-rss 1791050326,1481797632,265981952,12398800,1766649856,2506997760
findling-rss 1791050328,1425215488,267247616,12458560,1711837184,2506997760
findling-rss 1791050330,1473130496,267739136,12583680,1759940608,2506997760
findling-rss 1791050332,1535229952,268066816,12668256,1822662656,2506997760
findling-rss 1791050334,1484853248,269135872,12603784,1773785088,2506997760
findling-rss 1791050336,1482539008,269668352,12639760,1771851776,2506997760
findling-rss 1791050338,1430777856,269922304,12654800,1717452800,2506997760
findling-rss 1791050340,1487736832,270381056,12690760,1778102272,2506997760
findling-rss 1791050342,1490657280,271081472,12738488,1781178368,2506997760
findling-rss 1791050344,1492140032,271912960,12779920,1783353344,2506997760
findling-rss 1791050346,1461510144,272023552,12844640,1753239552,2506997760
findling-rss 1791050348,1432395776,272416768,12911176,1718394880,2506997760
findling-rss 1791050350,1484337152,272789504,12952424,1776865280,2506997760
findling-rss 1791050352,1540775936,272949248,12859592,1833930752,2506997760
findling-rss 1791050354,1489084416,273268736,12890464,1781751808,2506997760
findling-rss 1791050356,1489862656,273477632,12965464,1783885824,2506997760
findling-rss 1791050358,1432956928,273854464,12992520,1727094784,2506997760
findling-rss 1791050360,1490767872,274165760,13024736,1784741888,2506997760
findling-rss 1791050362,1438375936,274739200,13058496,1732685824,2506997760
findling-rss 1791050364,1483005952,274526208,13147616,1777426432,2506997760
findling-rss 1791050366,1482559488,274915328,13190416,1777774592,2506997760
findling-rss 1791050368,1484652544,275259392,13222552,1779941376,2506997760
findling-rss 1791050370,1485889536,275443712,13194840,1781407744,2506997760
findling-rss 1791050372,1492590592,275865600,13197496,1788080128,2506997760
findling-rss 1791050374,1492979712,276074496,13232312,1789345792,2506997760
findling-rss 1791050376,1551032320,276393984,13270728,1848053760,2506997760
findling-rss 1791050378,1394139136,276774912,13083592,1690750976,2506997760
findling-rss 1791050380,1466519552,276910080,13388176,1763635200,2506997760
findling-rss 1791050382,1486340096,277204992,13526600,1783717888,2506997760
findling-rss 1791050384,1544470528,277950464,13534136,1842769920,2506997760
findling-rss 1791050386,1487675392,278024192,13559048,1786101760,2506997760
findling-rss 1791050388,1433419776,289415168,13909160,1763872768,2506997760
findling-rss 1791050390,1494294528,278568960,13485232,1793511424,2506997760
findling-rss 1791050392,1552076800,278732800,13517400,1851424768,2506997760
findling-rss 1791050394,1497231360,279076864,13546712,1797505024,2506997760
findling-rss 1791050396,1421930496,279515136,13657136,1722839040,2506997760
findling-rss 1791050398,1483931648,279818240,13690088,1785536512,2506997760
findling-rss 1791050400,1494691840,280150016,13784952,1795629056,2506997760
findling-rss 1791050402,1552097280,280461312,13813632,1853210624,2506997760
findling-rss 1791050404,1494507520,280780800,13859784,1796235264,2506997760
findling-rss 1791050406,1484890112,293736448,14211032,1799643136,2506997760
findling-rss 1791050408,1487589376,281116672,13766920,1789538304,2506997760
findling-rss 1791050410,1546452992,281571328,13796760,1848549376,2506997760
findling-rss 1791050412,1493843968,282447872,13826536,1796575232,2506997760
findling-rss 1791050414,1484935168,282144768,13937544,1787674624,2506997760
findling-rss 1791050416,1484292096,282439680,13970336,1788272640,2506997760
findling-rss 1791050418,1542475776,282718208,13997760,1846079488,2506997760
findling-rss 1791050420,1430990848,283328512,14036528,1735045120,2506997760
findling-rss 1791050422,1487732736,283332608,14054680,1792045056,2506997760
findling-rss 1791050424,1545469952,299094016,14536600,1866022912,2506997760
findling-rss 1791050426,1547554816,283684864,13990288,1852608512,2506997760
findling-rss 1791050428,1413271552,284463104,13990296,1717850112,2506997760
findling-rss 1791050430,1439752192,284172288,14184336,1744719872,2506997760
findling-rss 1791050432,1500950528,284393472,14254616,1806639104,2506997760
findling-rss 1791050434,1502990336,284631040,14291528,1809641472,2506997760
findling-rss 1791050436,1560641536,285089792,14314928,1866563584,2506997760
findling-rss 1791050438,1503641600,285384704,14356296,1810235392,2506997760
findling-rss 1791050440,1512476672,285544448,14357288,1819242496,2506997760
findling-rss 1791050442,1560948736,285962240,14394736,1868259328,2506997760
findling-rss 1791050444,1505624064,286261248,14306208,1813962752,2506997760
findling-rss 1791050446,1480253440,286597120,14389568,1788379136,2506997760
findling-rss 1791050448,1482305536,286736384,14444120,1780015104,2506997760
findling-rss 1791050450,1444532224,287088640,14469664,1752281088,2506997760
findling-rss 1791050452,1562951680,287416320,14501256,1872273408,2506997760
findling-rss 1791050454,1505550336,287707136,14537616,1818189824,2506997760
findling-rss 1791050456,1565388800,288022528,14541480,1875369984,2506997760
findling-rss 1791050458,1565601792,288186368,14635392,1875644416,2506997760
findling-rss 1791050460,1451667456,288542720,14688408,1762656256,2506997760
findling-rss 1791050462,1496899584,288960512,14551704,1806913536,2506997760
findling-rss 1791050464,1497673728,288751616,14672608,1808101376,2506997760
findling-rss 1791050466,1502019584,289148928,14709240,1812557824,2506997760
findling-rss 1791050468,1502445568,289533952,14807488,1814859776,2506997760
findling-rss 1791050470,1559035904,289943552,14842016,1871355904,2506997760
findling-rss 1791050472,1561993216,290209792,14873696,1874178048,2506997760
findling-rss 1791050474,1505566720,290598912,14885360,1817600000,2506997760
findling-rss 1791050476,1506205696,291119104,14931136,1818247168,2506997760
findling-rss 1791050478,1408647168,291520512,14761752,1721495552,2506997760
findling-rss 1791050480,1535541248,296095744,15165928,1852694528,2506997760
findling-rss 1791050482,1499328512,292274176,14985064,1813282816,2506997760
findling-rss 1791050484,1518084096,292753408,15021896,1872101376,2506997760
findling-rss 1791050486,1565331456,292593664,15047192,1880748032,2506997760
findling-rss 1791050488,1503178752,292909056,15057672,1818271744,2506997760
findling-rss 1791050490,1506041856,293224448,15085200,1820872704,2506997760
findling-rss 1791050492,1450168320,293421056,15164088,1765289984,2506997760
findling-rss 1791050494,1508200448,293867520,15207184,1823428608,2506997760
findling-rss 1791050496,1406906368,294572032,15256320,1723084800,2506997760
findling-rss 1791050498,1497804800,294293504,15338672,1814269952,2506997760
findling-rss 1791050500,1502695424,294768640,15258968,1819680768,2506997760
findling-rss 1791050502,1503911936,294846464,15351128,1821138944,2506997760
findling-rss 1791050504,1560948736,295211008,15374512,1878298624,2506997760
findling-rss 1791050506,1562148864,301854720,15582504,1887780864,2506997760
findling-rss 1791050508,1561993216,295763968,15426296,1880510464,2506997760
findling-rss 1791050510,1555505152,296103936,15453128,1854177280,2506997760
findling-rss 1791050512,1490104320,296869888,15447176,1808338944,2506997760
findling-rss 1791050514,1555435520,296534016,15591552,1874714624,2506997760
findling-rss 1791050516,1502953472,296902656,15619176,1822744576,2506997760
findling-rss 1791050518,1503354880,297119744,15527672,1822892032,2506997760
findling-rss 1791050520,1502900224,297553920,15626640,1822961664,2506997760
findling-rss 1791050522,1504755712,298008576,15661448,1825296384,2506997760
findling-rss 1791050524,1562427392,298434560,15675000,1883406336,2506997760
findling-rss 1791050526,1448673280,298983424,15721912,1770590208,2506997760
findling-rss 1791050528,1563000832,298958848,15738648,1884454912,2506997760
findling-rss 1791050530,1538027520,299208704,15825096,1860444160,2506997760
findling-rss 1791050532,1502490624,299896832,15890696,1824833536,2506997760
findling-rss 1791050534,1446273024,300244992,15981376,1769340928,2506997760
findling-rss 1791050536,1501077504,300417024,15887848,1823727616,2506997760
findling-rss 1791050538,1558667264,300781568,15917896,1882812416,2506997760
findling-rss 1791050540,1559269376,301121536,15954800,1882976256,2506997760
findling-rss 1791050542,1501835264,301518848,15949128,1825456128,2506997760
findling-rss 1791050544,1446350848,301699072,15998016,1771307008,2506997760
findling-rss 1791050546,1481609216,302239744,16093056,1806651392,2506997760
findling-rss 1791050548,1502732288,302309376,16148024,1828106240,2506997760
findling-rss 1791050550,1572470784,302424064,16161296,1898143744,2506997760
findling-rss 1791050552,1506693120,302759936,16256432,1832132608,2506997760
findling-rss 1791050554,1451028480,302923776,16169920,1777766400,2506997760
findling-rss 1791050556,1573683200,303259648,16201584,1900900352,2506997760
findling-rss 1791050558,1570598912,303628288,16207536,1897431040,2506997760
findling-rss 1791050560,1517264896,303816704,16246448,1845088256,2506997760
findling-rss 1791050562,1375272960,304525312,16142632,1702297600,2506997760
findling-rss 1791050564,1492185088,304418816,16399696,1820393472,2506997760
findling-rss 1791050566,1511526400,304627712,16468472,1839861760,2506997760
findling-rss 1791050568,1515610112,305016832,16505864,1843798016,2506997760
findling-rss 1791050570,1573421056,305397760,16536968,1902395392,2506997760
findling-rss 1791050572,1479159808,306016256,16463336,1798553600,2506997760
findling-rss 1791050574,1577558016,305917952,16456136,1907253248,2506997760
findling-rss 1791050576,1520918528,306089984,16487264,1850572800,2506997760
findling-rss 1791050578,1520922624,306405376,16524480,1851080704,2506997760
findling-rss 1791050580,1544355840,307159040,16610816,1874837504,2506997760
findling-rss 1791050583,1453117440,307228672,16663336,1786384384,2506997760
findling-rss 1791050585,1568595968,307183616,16687016,1899077632,2506997760
findling-rss 1791050587,1512132608,307503104,16774608,1843240960,2506997760
findling-rss 1791050589,1514627072,307908608,16827272,1848315904,2506997760
findling-rss 1791050591,1515851776,346603520,17948640,1887342592,2506997760
findling-rss 1791050593,1572839424,308326400,16741000,1904787456,2506997760
findling-rss 1791050595,1566408704,308690944,16773200,1899020288,2506997760
findling-rss 1791050597,1378230272,309288960,16675560,1710043136,2506997760
findling-rss 1791050599,1565478912,308998144,16895720,1898991616,2506997760
findling-rss 1791050601,1569906688,309288960,16926232,1903980544,2506997760
findling-rss 1791050603,1514389504,309579776,16959536,1847275520,2506997760
findling-rss 1791050605,1520472064,309948416,16987848,1854021632,2506997760
findling-rss 1791050607,1465581568,310329344,17023768,1799593984,2506997760
findling-rss 1791050609,1580621824,351227904,18241112,1957171200,2506997760
findling-rss 1791050611,1580552192,311029760,16961416,1915822080,2506997760
findling-rss 1791050613,1580216320,310976512,16976464,1915293696,2506997760
findling-rss 1791050615,1465872384,311754752,17051448,1792032768,2506997760
findling-rss 1791050617,1569456128,311975936,17118248,1904840704,2506997760
findling-rss 1791050619,1570525184,312446976,17161408,1908297728,2506997760
findling-rss 1791050621,1573359616,312762368,17195488,1909919744,2506997760
findling-rss 1791050623,1490165760,313106432,17278664,1816752128,2506997760
findling-rss 1791050625,1459286016,313454592,17316648,1796345856,2506997760
findling-rss 1791050627,1516810240,313663488,17324760,1854070784,2506997760
findling-rss 1791050629,1518350336,313794560,17232592,1855737856,2506997760
findling-rss 1791050631,1907425280,315486208,17912568,2248634368,2506997760
findling-rss 1791050633,2043334656,315486208,18172120,2387312640,2506997760
findling-rss 1791050635,1634418688,314572800,17837952,1972711424,2506997760
findling-rss 1791050637,1727426560,314437632,17921312,2068463616,2506997760
findling-rss 1791050639,3376099328,319754240,22564640,3725107200,3732393984
findling-rss 1791050641,4335108096,319754240,22946776,4696907776,4696907776
findling-rss 1791050643,3870539776,319401984,22368160,4226068480,4698005504
findling-rss 1791050645,4812226560,323145728,23224552,5177696256,5178470400
findling-rss 1791050647,3984613376,321069056,22471456,4344754176,5189672960
findling-rss 1791050649,3858149376,323473408,23005904,4208156672,5189672960
findling-rss 1791050651,4849704960,323473408,23267032,5215686656,5236862976
findling-rss 1791050653,4050370560,323108864,22754744,4550361088,5336002560
findling-rss 1791050655,5046333440,323465216,23247848,5412515840,5412515840
findling-rss 1791050657,4225691648,321716224,22647176,4587216896,5454168064
findling-rss 1791050659,3955679232,323526656,23094600,4316901376,5454168064
findling-rss 1791050661,5113241600,323526656,23308224,5480386560,5480394752
findling-rss 1791050663,4210913280,325148672,22700544,4570312704,5542182912
findling-rss 1791050665,5211873280,326709248,23355568,5581557760,5581819904
findling-rss 1791050667,4877631488,325992448,23117000,5243994112,5621239808
findling-rss 1791050669,3269873664,319422464,21601904,3624779776,5621239808
findling-rss 1791050671,3111686144,318795776,21468568,3466317824,5621239808
findling-rss 1791050673,5200416768,326246400,23417584,5568442368,5621239808
findling-rss 1791050675,5300043776,326246400,23420520,5669920768,5671264256
findling-rss 1791050677,4670607360,327208960,23334808,5029281792,5671264256
findling-rss 1791050679,5189959680,327208960,23454664,5560610816,5673795584
findling-rss 1791050681,3435544576,323198976,21992904,3795906560,5676908544
findling-rss 1791050683,3396067328,321683456,21837136,3755098112,5676908544
findling-rss 1791050685,3097219072,321323008,21611576,3453128704,5676908544
findling-rss 1791050687,3250028544,321323008,21716208,3607490560,5676908544
findling-rss 1791050689,3050168320,321323008,21717216,3407282176,5676908544
findling-rss 1791050691,3193188352,321323008,21716792,3550580736,5676908544
findling-rss 1791050693,3203096576,321740800,21730280,3560116224,5676908544
findling-rss 1791050695,3247550464,321740800,21731024,3604889600,5676908544
findling-rss 1791050697,3178258432,321740800,21726256,3536416768,5676908544
findling-rss 1791050699,3083776000,321740800,21728792,3441033216,5676908544
findling-rss 1791050701,4367826944,324669440,23087272,4730224640,5676908544
findling-rss 1791050703,5188169728,324669440,23433008,5556830208,5676908544
findling-rss 1791050705,4476735488,326029312,23068376,4887740416,5676908544
findling-rss 1791050707,5194731520,326062080,23484128,5564755968,5676908544
findling-rss 1791050709,4564889600,324665344,22996648,4930916352,5676908544
findling-rss 1791050711,3217207296,321126400,21790544,3573780480,5676908544
findling-rss 1791050713,3167916032,321126400,21789856,3525058560,5676908544
findling-rss 1791050715,3219070976,321126400,21790176,3576213504,5676908544
findling-rss 1791050717,3201146880,321126400,21790328,3558248448,5676908544
findling-rss 1791050719,3107459072,321142784,21792752,3464450048,5676908544
findling-rss 1791050721,3166633984,321142784,21794576,3574611968,5676908544
findling-rss 1791050723,3226628096,321142784,21792232,3584184320,5676908544
findling-rss 1791050725,3111698432,319684608,21583016,3464323072,5676908544
findling-rss 1791050727,3214426112,319397888,21709296,3569537024,5676908544
findling-rss 1791050729,3269644288,319684608,21858384,3626016768,5676908544
findling-rss 1791050731,3369648128,319836160,21970008,3726249984,5676908544
findling-rss 1791050733,3408130048,320155648,22081864,3765649408,5676908544
findling-rss 1791050735,3447160832,320421888,22186544,3804712960,5676908544
findling-rss 1791050737,3430957056,320724992,22228072,3828654080,5676908544
findling-rss 1791050739,3481530368,320864256,22264368,3839905792,5676908544
findling-rss 1791050741,3433934848,321200128,22406712,3792801792,5676908544
findling-rss 1791050743,3447996416,321613824,22510672,3806912512,5676908544
findling-rss 1791050745,3412357120,321875968,22522008,3772235776,5676908544
findling-rss 1791050747,3474288640,322281472,22532712,3834138624,5676908544
findling-rss 1791050749,3479732224,322465792,22568056,3839971328,5676908544
findling-rss 1791050751,3539111936,322809856,22596176,3900026880,5676908544
findling-rss 1791050753,3485401088,323215360,22633808,3846602752,5676908544
findling-rss 1791050755,3439763456,323928064,22676304,3795615744,5676908544
findling-rss 1791050757,3550896128,324026368,22703320,3912859648,5676908544
findling-rss 1791050759,3557773312,324366336,22793680,3920748544,5676908544
findling-rss 1791050761,3562364928,324943872,22814600,3925114880,5676908544
findling-rss 1791050763,3512254464,324755456,22710280,3874717696,5676908544
findling-rss 1791050765,3466387456,325070848,22741072,3824599040,5676908544
findling-rss 1791050767,3577626624,325373952,22779104,3941564416,5676908544
findling-rss 1791050769,3464306688,325738496,22877264,3828973568,5676908544
findling-rss 1791050771,3580989440,326557696,22973672,3945971712,5676908544
findling-rss 1791050773,3586334720,326868992,22981968,3951972352,5676908544
findling-rss 1791050775,3511689216,327024640,23019312,3866591232,5676908544
findling-rss 1791050777,3477311488,327331840,23048056,3843477504,5676908544
findling-rss 1791050779,3541684224,327409664,22956936,3906981888,5676908544
findling-rss 1791050781,3599769600,327770112,22984288,3965804544,5676908544
findling-rss 1791050783,3603668992,328069120,23021688,3970367488,5676908544
findling-rss 1791050785,3549929472,328380416,23168000,3917119488,5676908544
findling-rss 1791050787,3552288768,328912896,23187160,3919872000,5676908544
findling-rss 1791050789,3553533952,329334784,23230200,3921051648,5676908544
findling-rss 1791050791,3622289408,329383936,23241600,3990302720,5676908544
findling-rss 1791050793,3564167168,329723904,23279448,3932545024,5676908544
findling-rss 1791050795,3512856576,384372736,24906432,3937357824,5676908544
findling-rss 1791050797,3633815552,330231808,23208496,4002566144,5676908544
findling-rss 1791050800,3635388416,330428416,23237352,4004999168,5676908544
findling-rss 1791050802,3590086656,331161600,23277232,3960434688,5676908544
findling-rss 1791050804,3650445312,331071488,23291824,4020785152,5676908544
findling-rss 1791050806,3543547904,331796480,23337056,3907973120,5676908544
findling-rss 1791050808,3544055808,331698176,23364640,3909160960,5676908544
findling-rss 1791050810,3539968000,332152832,23377128,3911098368,5676908544
findling-rss 1791050812,5602275328,337731584,25282168,5987741696,5987741696
findling-rss 1791050814,5544247296,337731584,25281848,5929549824,6039715840
findling-rss 1791050816,4365258752,335429632,24215200,4743208960,6050566144
findling-rss 1791050818,4429570048,335429632,24209384,4807774208,6050566144
findling-rss 1791050820,3627008000,333643776,23607688,4000497664,6050566144
findling-rss 1791050822,3685568512,333643776,23607984,4058312704,6050566144
findling-rss 1791050824,3742998528,333643776,23608136,4116504576,6050566144
findling-rss 1791050826,3747577856,334061568,23616664,4121849856,6050566144
findling-rss 1791050828,3631939584,334061568,23616952,3987017728,6050566144
findling-rss 1791050830,3593527296,332746752,23484032,3965272064,6050566144
findling-rss 1791050832,5490978816,343805952,25348288,5880360960,6050566144
findling-rss 1791050834,5587480576,343805952,25347960,5978705920,6050566144
findling-rss 1791050836,5535227904,345915392,25410400,5925163008,6050566144
findling-rss 1791050838,5692735488,345927680,25376344,6085861376,6085861376
findling-rss 1791050840,4397690880,342773760,24283128,4777828352,6108504064
findling-rss 1791050842,4381229056,342425600,24166472,4764753920,6108504064
findling-rss 1791050844,3991031808,341708800,23935912,4373336064,6108504064
findling-rss 1791050846,3922771968,341708800,23927776,4305080320,6108504064
findling-rss 1791050848,4018765824,341708800,23927888,4400648192,6108504064
findling-rss 1791050850,4092321792,341708800,23925520,4474408960,6108504064
findling-rss 1791050852,3886956544,339955712,23767656,4267700224,6108504064
findling-rss 1791050854,3944775680,339968000,23766768,4324773888,6108504064
findling-rss 1791050856,3777933312,339968000,23767432,4157878272,6108504064
findling-rss 1791050858,3837071360,339968000,23765624,4217143296,6108504064
findling-rss 1791050860,3836997632,339968000,23778816,4217020416,6108504064
findling-rss 1791050862,3894042624,339968000,23765768,4274618368,6108504064
findling-rss 1791050864,3775328256,337526784,23588688,4153430016,6108504064
findling-rss 1791050866,3577528320,337526784,23483384,3954204672,6108504064
findling-rss 1791050868,3729985536,337526784,23588264,4107771904,6108504064
findling-rss 1791050870,3741003776,337526784,23588672,4117868544,6108504064
findling-rss 1791050872,3786305536,337526784,23589464,4163510272,6108504064
findling-rss 1791050874,3711729664,337526784,23591672,4089245696,6108504064
findling-rss 1791050876,3786285056,337526784,23592992,4156608512,6108504064
findling-rss 1791050878,3702562816,337526784,23589496,4088786944,6108504064
findling-rss 1791050880,3731304448,337526784,23586672,4108849152,6108504064
findling-rss 1791050882,3734011904,337543168,23599448,4111241216,6108504064
findling-rss 1791050884,3680006144,337543168,23589096,4057047040,6108504064
findling-rss 1791050886,5240586240,343420928,25143912,5676302336,6108504064
findling-rss 1791050888,5740191744,343420928,25381968,6131253248,6187270144
findling-rss 1791050890,4781350912,344801280,24843496,5168574464,6187270144
findling-rss 1791050892,5619785728,344801280,25400400,6012104704,6187270144
findling-rss 1791050894,5006299136,343072768,24789240,5392809984,6187270144
findling-rss 1791050896,4253282304,339767296,24031152,4634824704,6187270144
findling-rss 1791050898,3908169728,339070976,23681608,4287528960,6187270144
findling-rss 1791050900,3941203968,339070976,23786512,4321091584,6187270144
findling-rss 1791050902,3951235072,339070976,23784080,4330897408,6187270144
findling-rss 1791050904,4009525248,339070976,23789672,4390080512,6187270144
findling-rss 1791050906,3949387776,339501056,23707208,4329586688,6187270144
findling-rss 1791050908,4067680256,339501056,23803240,4448092160,6187270144
findling-rss 1791050910,3857387520,339501056,23800176,4236812288,6187270144
findling-rss 1791050912,4077490176,339501056,23803128,4457697280,6187270144
findling-rss 1791050914,3815686144,337076224,23622960,4192735232,6187270144
findling-rss 1791050916,3916513280,337076224,23625632,4294234112,6187270144
findling-rss 1791050918,3897511936,337076224,23623408,4273917952,6187270144
findling-rss 1791050920,3805614080,337076224,23624456,4182626304,6187270144
findling-rss 1791050922,3850240000,337076224,23619552,4226596864,6187270144
findling-rss 1791050924,3862188032,337076224,23620984,4239888384,6187270144
findling-rss 1791050926,3862859776,337076224,23622168,4239974400,6187270144
findling-rss 1791050928,3919937536,337076224,23622168,4297134080,6187270144
findling-rss 1791050930,5267046400,339238912,25285168,5642186752,6187270144
findling-rss 1791050932,5545328640,339238912,25298616,5932154880,6187270144
findling-rss 1791050934,4816760832,346259456,25106472,5242388480,6187270144
findling-rss 1791050936,5552492544,346255360,25484944,5946191872,6187270144
findling-rss 1791050938,4574556160,343449600,24508352,4960071680,6187270144
findling-rss 1791050940,3996921856,341360640,23886160,4378853376,6187270144
findling-rss 1791050942,3790417920,341004288,23764712,4171354112,6187270144
findling-rss 1791050944,3850096640,341004288,23763024,4230295552,6187270144
findling-rss 1791050946,3717677056,341004288,23758584,4098039808,6187270144
findling-rss 1791050948,3794849792,341004288,23761144,4176396288,6187270144
findling-rss 1791050950,3774685184,341004288,23759960,4155478016,6187270144
findling-rss 1791050952,3852496896,341004288,23761008,4234137600,6187270144
findling-rss 1791050954,3785035776,341004288,23760720,4165529600,6187270144
findling-rss 1791050956,3785592832,341004288,23760584,4152627200,6187270144
findling-rss 1791050958,3852742656,341004288,23760136,4233506816,6187270144
findling-rss 1791050960,3794325504,341020672,23758728,4174929920,6187270144
findling-rss 1791050962,3793764352,341020672,23760408,4174364672,6187270144
findling-rss 1791050964,3849797632,341020672,23761208,4230930432,6187270144
findling-rss 1791050966,3796275200,341020672,23766912,4176396288,6187270144
findling-rss 1791050968,3797504000,341020672,23764200,4178038784,6187270144
findling-rss 1791050970,3853217792,341020672,23762384,4233818112,6187270144
findling-rss 1791050972,3756580864,341020672,23667728,4136779776,6187270144
findling-rss 1791050974,3739156480,341020672,23767176,4120166400,6187270144
findling-rss 1791050976,3707953152,341020672,23765872,4088885248,6187270144
findling-rss 1791050978,3852976128,341020672,23764864,4234059776,6187270144
findling-rss 1791050980,3754094592,341020672,23762680,4132327424,6187270144
findling-rss 1791050982,3853627392,341020672,23761640,4235067392,6187270144
findling-rss 1791050984,3776933888,341434368,23773536,4158201856,6187270144
findling-rss 1791050986,3798577152,341434368,23776144,4167323648,6187270144
findling-rss 1791050988,3735920640,341434368,23776296,4117094400,6187270144
findling-rss 1791050990,3746189312,341434368,23777520,4127834112,6187270144
findling-rss 1791050992,3740422144,341434368,23776776,4121751552,6187270144
findling-rss 1791050994,3741880320,341434368,23782528,4123918336,6187270144
findling-rss 1791050996,3740581888,341434368,23783208,4122099712,6187270144
findling-rss 1791050998,3742023680,341434368,23780312,4123545600,6187270144
findling-rss 1791051000,3740524544,341434368,23778968,4121743360,6187270144
findling-rss 1791051002,3741016064,341434368,23779272,4122128384,6187270144
findling-rss 1791051004,3742490624,341434368,23777936,4123054080,6187270144
findling-rss 1791051006,3646451712,341434368,23670168,4027482112,6187270144
findling-rss 1791051008,3741777920,341434368,23773776,4123426816,6187270144
findling-rss 1791051010,3674849280,341434368,23772736,4055195648,6187270144
findling-rss 1791051012,3742359552,341434368,23774448,4123471872,6187270144
findling-rss 1791051014,3803402240,335921152,23585512,4175331328,6187270144
findling-rss 1791051016,5563052032,339468288,25334504,5950087168,6187270144
findling-rss 1791051018,4920016896,340320256,24823888,5297434624,6187270144
findling-rss 1791051020,5572050944,344842240,25500704,5963202560,6187270144
findling-rss 1791051022,5289840640,344150016,25260376,5679591424,6187270144
findling-rss 1791051025,3769622528,338767872,23775336,4148281344,6187270144
findling-rss 1791051027,3770466304,338767872,23769792,4149116928,6187270144
findling-rss 1791051029,3769507840,338767872,23770952,4147908608,6187270144
findling-rss 1791051031,3770114048,338767872,23771408,4148613120,6187270144
findling-rss 1791051033,3721555968,338767872,23773392,4099964928,6187270144
findling-rss 1791051035,3650072576,338767872,23663976,4026728448,6187270144
findling-rss 1791051037,3719409664,338767872,23766760,4098453504,6187270144
findling-rss 1791051039,3667169280,338767872,23664416,4045418496,6187270144
findling-rss 1791051041,3763019776,338767872,23769656,4141453312,6187270144
findling-rss 1791051043,3703906304,338767872,23771312,4082745344,6187270144
findling-rss 1791051045,3774222336,338767872,23768976,4152721408,6187270144
findling-rss 1791051047,3753852928,338767872,23770248,4132564992,6187270144
findling-rss 1791051049,3773399040,338767872,23770472,4152434688,6187270144
findling-rss 1791051051,3754909696,338767872,23768824,4131774464,6187270144
findling-rss 1791051053,3776094208,338767872,23770312,4154896384,6187270144
findling-rss 1791051055,3754921984,338767872,23768640,4133756928,6187270144
findling-rss 1791051057,3775242240,338767872,23771312,4153671680,6187270144
findling-rss 1791051059,3754934272,338767872,23772384,4133715968,6187270144
findling-rss 1791051061,3775229952,338767872,23770104,4153761792,6187270144
findling-rss 1791051063,3773636608,338767872,23773032,4152565760,6187270144
findling-rss 1791051065,3775635456,338767872,23771872,4154167296,6187270144
findling-rss 1791051067,3776299008,338767872,23770128,4153659392,6187270144
findling-rss 1791051069,3775717376,338767872,23770080,4154695680,6187270144
findling-rss 1791051071,5400530944,339615744,25339208,5786341376,6187270144
findling-rss 1791051073,5514039296,339615744,25351736,5901324288,6187270144
findling-rss 1791051075,5531459584,341417984,25443504,5918040064,6187270144
findling-rss 1791051077,5604868096,341417984,25443608,5993947136,6187270144
findling-rss 1791051079,3773431808,336449536,23747848,4149850112,6187270144
findling-rss 1791051081,3773874176,336449536,23749208,4150464512,6187270144
findling-rss 1791051083,3773538304,336449536,23748488,4149518336,6187270144
findling-rss 1791051085,3735351296,336449536,23636864,4111249408,6187270144
findling-rss 1791051087,3774517248,336449536,23745264,4150878208,6187270144
findling-rss 1791051089,3708870656,336449536,23743008,4085465088,6187270144
findling-rss 1791051091,3776729088,336449536,23745160,4152741888,6187270144
findling-rss 1791051093,3722760192,336449536,23743936,4098818048,6187270144
findling-rss 1791051095,3777286144,336449536,23744168,4153303040,6187270144
findling-rss 1791051097,4226084864,343543808,24714304,4608065536,6187270144
findling-rss 1791051099,5527724032,344608768,25527224,5919473664,6187270144
findling-rss 1791051101,4612288512,344637440,24968824,4994985984,6187270144
findling-rss 1791051103,5581533184,344637440,25543768,5973872640,6187270144
findling-rss 1791051105,4354007040,342532096,24661144,4756307968,6187270144
findling-rss 1791051107,4655054848,342179840,24531376,5040353280,6187270144
findling-rss 1791051109,4135755776,341131264,24166584,4515581952,6187270144
findling-rss 1791051111,4218658816,341131264,24175248,4601778176,6187270144
findling-rss 1791051113,4086407168,341131264,24174904,4468744192,6187270144
findling-rss 1791051115,4118720512,341131264,24180016,4501467136,6187270144
findling-rss 1791051117,3740880896,336576512,23722488,4116942848,6187270144
findling-rss 1791051119,3743641600,336576512,23716448,4119437312,6187270144
findling-rss 1791051121,5085401088,339836928,25413264,5471395840,6187270144
findling-rss 1791051123,5551329280,339836928,25416880,5938913280,6187270144
findling-rss 1791051125,5013942272,342310912,25468464,5346357248,6187270144
findling-rss 1791051127,5656924160,342310912,25498064,6046564352,6187270144
findling-rss 1791051129,4224053248,338817024,24092912,4656971776,6187270144
findling-rss 1791051131,3931578368,337760256,23926608,4310151168,6187270144
findling-rss 1791051133,3864715264,337760256,23926032,4246487040,6187270144
findling-rss 1791051135,3942199296,337760256,23926352,4320755712,6187270144
findling-rss 1791051137,3765415936,336703488,23785240,4142481408,6187270144
findling-rss 1791051139,3785936896,336703488,23785112,4162772992,6187270144
findling-rss 1791051141,3765391360,336703488,23786880,4142366720,6187270144
findling-rss 1791051143,3785560064,336703488,23830112,4163821568,6187270144
findling-rss 1791051145,3784400896,336703488,23785320,4160733184,6187270144
findling-rss 1791051147,3791003648,336703488,23788752,4167659520,6187270144
findling-rss 1791051149,5240221696,340602880,25218312,5619232768,6187270144
findling-rss 1791051151,5705682944,340602880,25355448,6093647872,6187270144
findling-rss 1791051153,5204144128,344326144,25350432,5591351296,6187270144
findling-rss 1791051155,5606064128,344326144,25482432,5998125056,6187270144
findling-rss 1791051157,4095053824,340135936,23985072,4474654720,6187270144
findling-rss 1791051159,4108509184,340135936,23980792,4489510912,6187270144
findling-rss 1791051161,3969531904,339771392,23852960,4350304256,6187270144
findling-rss 1791051163,4024864768,339771392,23887000,4405395456,6187270144
findling-rss 1791051165,3822874624,338366464,23704392,4201136128,6187270144
findling-rss 1791051167,3822874624,338366464,23705992,4200456192,6187270144
findling-rss 1791051169,3822215168,338366464,23706408,4200259584,6187270144
findling-rss 1791051171,3822215168,338366464,23706680,4200386560,6187270144
findling-rss 1791051173,3867062272,338366464,23708520,4245086208,6187270144
findling-rss 1791051175,3780591616,338366464,23603896,4158636032,6187270144
findling-rss 1791051177,3876868096,338366464,23709264,4255641600,6187270144
findling-rss 1791051179,3821109248,338366464,23705488,4199436288,6187270144
findling-rss 1791051181,3877265408,338366464,23704768,4255883264,6187270144
findling-rss 1791051183,3857489920,338366464,23706344,4236333056,6187270144
findling-rss 1791051185,3883577344,338366464,23704504,4261683200,6187270144
findling-rss 1791051187,3857494016,338366464,23704392,4234739712,6187270144
findling-rss 1791051189,3878170624,338366464,23701808,4255662080,6187270144
findling-rss 1791051191,3876696064,338366464,23701320,4255617024,6187270144
findling-rss 1791051193,3877515264,338366464,23700288,4256055296,6187270144
findling-rss 1791051195,5228814336,343199744,25416624,5615607808,6187270144
findling-rss 1791051197,5720395776,343199744,25443968,6111342592,6187270144
findling-rss 1791051199,4698755072,347336704,25017288,5083942912,6187270144
findling-rss 1791051201,5593600000,351887360,25653208,5992943616,6187270144
findling-rss 1791051203,4215967744,347213824,24297896,4604792832,6187270144
findling-rss 1791051205,4242792448,346865664,24285776,4630548480,6187270144
findling-rss 1791051207,4081029120,346513408,24162416,4466470912,6187270144
findling-rss 1791051209,4148117504,346513408,24165304,4535721984,6187270144
findling-rss 1791051211,4128587776,346513408,24164800,4516474880,6187270144
findling-rss 1791051213,4153028608,346513408,24165344,4540960768,6187270144
findling-rss 1791051215,3996209152,346513408,24062808,4383383552,6187270144
findling-rss 1791051217,4044632064,346513408,24166208,4431818752,6187270144
findling-rss 1791051219,4063502336,346513408,24161568,4451360768,6187270144
findling-rss 1791051221,4139237376,346513408,24162536,4526587904,6187270144
findling-rss 1791051223,4107362304,346513408,24162088,4488261632,6187270144
findling-rss 1791051225,4153610240,346513408,24163008,4541505536,6187270144
findling-rss 1791051227,4136898560,346513408,24230104,4524228608,6187270144
findling-rss 1791051229,4057841664,346513408,24056704,4445818880,6187270144
findling-rss 1791051231,4153761792,346513408,24164112,4540964864,6187270144
findling-rss 1791051233,4003971072,346513408,24061856,4391243776,6187270144
findling-rss 1791051235,4156149760,346513408,24170568,4543897600,6187270144
findling-rss 1791051237,3887878144,342675456,23957456,4271423488,6187270144
findling-rss 1791051239,3891048448,342675456,23947664,4274778112,6187270144
findling-rss 1791051241,3801190400,338853888,23732024,4180389888,6187270144
findling-rss 1791051243,3795816448,338853888,23731848,4175024128,6187270144
findling-rss 1791051245,3795816448,338853888,23733208,4175048704,6187270144
findling-rss 1791051247,5443833856,340033536,25376592,5829750784,6187270144
findling-rss 1791051249,5558177792,340033536,25371288,5945200640,6187270144
findling-rss 1791051251,5462888448,340074496,25383816,5848481792,6187270144
findling-rss 1791051253,5559734272,340074496,25395400,5947760640,6187270144
findling-rss 1791051255,4774793216,339922944,25241368,5137854464,6187270144
findling-rss 1791051257,5568036864,339922944,25389600,5955563520,6187270144
findling-rss 1791051259,4983365632,342585344,25460840,5357096960,6187270144
findling-rss 1791051261,5553672192,342585344,25481328,5943287808,6187270144
findling-rss 1791051263,4295114752,339083264,24281856,4685459456,6187270144
findling-rss 1791051265,3893243904,338018304,23912704,4271673344,6187270144
findling-rss 1791051267,3853914112,338018304,23905856,4233039872,6187270144
findling-rss 1791051269,3900870656,338018304,23909560,4279611392,6187270144
findling-rss 1791051271,3874426880,338018304,23907720,4253138944,6187270144
findling-rss 1791051273,3896369152,338018304,23909584,4274950144,6187270144
findling-rss 1791051275,3735298048,336637952,23761056,4111958016,6187270144
findling-rss 1791051277,3739713536,336637952,23762656,4116733952,6187270144
findling-rss 1791051280,5088452608,340238336,25192120,5473071104,6187270144
findling-rss 1791051282,5554356224,340238336,25418648,5941342208,6187270144
findling-rss 1791051284,5185441792,344494080,25546608,5575344128,6187270144
findling-rss 1791051286,5556228096,344494080,25556456,5948837888,6187270144
findling-rss 1791051288,3788861440,339578880,23859224,4168089600,6187270144
findling-rss 1791051290,3844481024,339578880,23860768,4223819776,6187270144
findling-rss 1791051292,3777048576,339578880,23859960,4156456960,6187270144
findling-rss 1791051294,3797532672,339578880,23861344,4176887808,6187270144
findling-rss 1791051296,3778125824,339578880,23860472,4157980672,6187270144
findling-rss 1791051298,3798872064,339578880,23862640,4179124224,6187270144
findling-rss 1791051300,3797172224,339578880,23863560,4176695296,6187270144
findling-rss 1791051302,3799592960,339578880,23862976,4179333120,6187270144
findling-rss 1791051304,3798732800,339578880,23862688,4177768448,6187270144
findling-rss 1791051306,3798814720,339578880,23860928,4177825792,6187270144
findling-rss 1791051308,3799478272,339578880,23862080,4179402752,6187270144
findling-rss 1791051310,3799498752,339578880,23870832,4179116032,6187270144
findling-rss 1791051312,3798429696,339578880,23854752,4178505728,6187270144
findling-rss 1791051314,3798843392,339578880,23854472,4179030016,6187270144
findling-rss 1791051316,3799715840,339578880,23856464,4179345408,6187270144
findling-rss 1791051318,3709796352,339578880,23853176,4087300096,6187270144
findling-rss 1791051320,3799949312,339578880,23855000,4180213760,6187270144
findling-rss 1791051322,3742965760,339578880,23853760,4122464256,6187270144
findling-rss 1791051324,3799945216,339578880,23857136,4179050496,6187270144
findling-rss 1791051326,3779547136,339578880,23858224,4158955520,6187270144
findling-rss 1791051328,3805929472,339578880,23859280,4185821184,6187270144
findling-rss 1791051330,3780595712,339578880,23860048,4160073728,6187270144
findling-rss 1791051332,3800940544,339578880,23872656,4180717568,6187270144
findling-rss 1791051334,4999880704,340865024,25101304,5379907584,6187270144
findling-rss 1791051336,5655269376,340865024,25461168,6040776704,6187270144
findling-rss 1791051338,4718436352,341078016,24802744,5136134144,6187270144
findling-rss 1791051340,5523771392,341086208,25474928,5905260544,6187270144
findling-rss 1791051342,4594159616,339001344,24700096,4985892864,6187270144
findling-rss 1791051344,3949199360,336539648,23853552,4326588416,6187270144
findling-rss 1791051346,4335919104,340828160,24391640,4713668608,6187270144
findling-rss 1791051348,5527851008,341512192,25520272,5916905472,6187270144
findling-rss 1791051350,4356882432,341561344,24996552,4791664640,6187270144
findling-rss 1791051352,5502263296,341561344,25530248,5891280896,6187270144
findling-rss 1791051354,3835592704,336973824,23916176,4211834880,6187270144
findling-rss 1791051356,3882737664,336973824,23914936,4260020224,6187270144
findling-rss 1791051358,3714932736,336617472,23797112,4092063744,6187270144
findling-rss 1791051360,3793293312,336617472,23794696,4170231808,6187270144
findling-rss 1791051362,4834607104,340885504,24836864,5233078272,6187270144
findling-rss 1791051364,5638803456,340885504,25387024,6027022336,6187270144
findling-rss 1791051366,4730224640,340537344,24891064,5115183104,6187270144
findling-rss 1791051368,5484298240,341106688,25361440,5871357952,6187270144
findling-rss 1791051370,4459311104,338309120,24399112,4841123840,6187270144
findling-rss 1791051372,3831508992,336547840,23791920,4207443968,6187270144
findling-rss 1791051374,3639156736,335208448,23523768,4013330432,6187270144
findling-rss 1791051376,5493161984,346112000,25549896,5887188992,6187270144
findling-rss 1791051378,5420630016,345767936,25460512,5813673984,6187270144
findling-rss 1791051380,5478780928,353468416,25772280,5879750656,6187270144
findling-rss 1791051382,4996685824,352415744,25281040,5477404672,6187270144
findling-rss 1791051384,4215971840,352825344,24498656,4611248128,6187270144
findling-rss 1791051386,4104437760,352825344,24387088,4498354176,6187270144
findling-rss 1791051388,4270870528,352825344,24490944,4665987072,6187270144
findling-rss 1791051390,4081291264,352825344,24384240,4475715584,6187270144
findling-rss 1791051392,4279660544,352825344,24487824,4674772992,6187270144
findling-rss 1791051394,4055552000,352825344,24380272,4450082816,6187270144
findling-rss 1791051396,4229615616,352825344,24487072,4624560128,6187270144
findling-rss 1791051398,4179517440,352825344,24485872,4574187520,6187270144
findling-rss 1791051400,4277694464,352825344,24485888,4672520192,6187270144
findling-rss 1791051402,4299350016,352825344,24485184,4691709952,6187270144
findling-rss 1791051404,4344737792,352825344,24486544,4740222976,6187270144
findling-rss 1791051406,4267720704,352825344,24492704,4662157312,6187270144
findling-rss 1791051408,4295634944,352825344,24482376,4690358272,6187270144
findling-rss 1791051410,4218834944,352825344,24480480,4613222400,6187270144
findling-rss 1791051412,4146159616,352825344,24382584,4540694528,6187270144
findling-rss 1791051414,4284735488,352825344,24482112,4679610368,6187270144
findling-rss 1791051416,4211736576,352825344,24483376,4611178496,6187270144
findling-rss 1791051418,4201541632,349704192,24288600,4592943104,6187270144
findling-rss 1791051420,4173488128,349704192,24286360,4565143552,6187270144
findling-rss 1791051422,4044263424,345853952,24071624,4430606336,6187270144
findling-rss 1791051424,3889504256,341659648,23845256,4271124480,6187270144
findling-rss 1791051426,3886174208,341659648,23845560,4267929600,6187270144
findling-rss 1791051428,3886202880,341659648,23857104,4267929600,6187270144
findling-rss 1791051430,3886559232,341659648,23839744,4267347968,6187270144
findling-rss 1791051432,3790348288,341659648,23750776,4171173888,6187270144
findling-rss 1791051434,3886510080,341659648,23839304,4268220416,6187270144
findling-rss 1791051436,3802050560,341659648,23834272,4183982080,6187270144
findling-rss 1791051438,3886366720,341659648,23839664,4268531712,6187270144
findling-rss 1791051440,3854618624,337571840,23691608,4222783488,6187270144
findling-rss 1791051442,5459111936,341098496,25428888,5847351296,6187270144
findling-rss 1791051444,4854874112,341090304,24903456,5234241536,6187270144
findling-rss 1791051446,5462343680,342859776,25494272,5852020736,6187270144
findling-rss 1791051448,4641579008,340758528,24770944,5026050048,6187270144
findling-rss 1791051450,3943272448,338309120,23922864,4322938880,6187270144
findling-rss 1791051452,3695034368,337608704,23688416,4072468480,6187270144
findling-rss 1791051454,3738480640,337608704,23795656,4116537344,6187270144
findling-rss 1791051456,3731607552,337608704,23795792,4107509760,6187270144
findling-rss 1791051458,3791351808,337608704,23797984,4169261056,6187270144
findling-rss 1791051460,3710107648,337608704,23794328,4087181312,6187270144
findling-rss 1791051462,3739107328,337608704,23793984,4116324352,6187270144
findling-rss 1791051464,4336504832,340504576,24882208,4714213376,6187270144
findling-rss 1791051466,5444087808,341217280,25473856,5832372224,6187270144
findling-rss 1791051468,4416651264,349011968,24873760,4866895872,6187270144
findling-rss 1791051470,5512560640,349741056,25744472,5909651456,6187270144
findling-rss 1791051472,5000495104,348336128,25265656,5393924096,6187270144
findling-rss 1791051474,3930439680,345378816,24184936,4316745728,6187270144
findling-rss 1791051476,3931406336,345378816,24186296,4317523968,6187270144
findling-rss 1791051478,3929112576,345378816,24184784,4315492352,6187270144
findling-rss 1791051480,3836030976,345378816,24092104,4222640128,6187270144
findling-rss 1791051482,3927662592,345378816,24182752,4314443776,6187270144
findling-rss 1791051484,3821252608,345378816,24181736,4208005120,6187270144
findling-rss 1791051486,3991687168,345378816,24182680,4378218496,6187270144
findling-rss 1791051488,3882639360,345378816,24197912,4269064192,6187270144
findling-rss 1791051490,3948732416,345378816,24184768,4334649344,6187270144
findling-rss 1791051492,3953864704,345378816,24175080,4339965952,6187270144
findling-rss 1791051494,3994660864,345378816,24179408,4380590080,6187270144
findling-rss 1791051496,3981377536,345378816,24177416,4368519168,6187270144
findling-rss 1791051498,4004978688,345378816,24181048,4391497728,6187270144
findling-rss 1791051500,4002373632,345378816,24176168,4388909056,6187270144
findling-rss 1791051502,4004020224,345378816,24177288,4390047744,6187270144
findling-rss 1791051504,4003901440,345378816,24179264,4390928384,6187270144
findling-rss 1791051506,4009730048,345378816,24181128,4396101632,6187270144
findling-rss 1791051508,3845754880,341909504,23975128,4228296704,6187270144
findling-rss 1791051510,3821117440,341909504,23976472,4211904512,6187270144
findling-rss 1791051512,3846311936,341909504,23974752,4228767744,6187270144
findling-rss 1791051514,3762262016,341909504,23974216,4143980544,6187270144
findling-rss 1791051516,3846430720,341909504,23975712,4228452352,6187270144
findling-rss 1791051518,3826503680,341909504,23973576,4209221632,6187270144
findling-rss 1791051520,3846762496,341909504,23974240,4228546560,6187270144
findling-rss 1791051523,3774013440,341909504,23972872,4155637760,6187270144
findling-rss 1791051525,3800629248,341909504,23972112,4181233664,6187270144
findling-rss 1791051527,3774029824,341909504,23974008,4156370944,6187270144
findling-rss 1791051529,3794407424,341909504,23973160,4176986112,6187270144
findling-rss 1791051531,3838451712,341909504,23974416,4220657664,6187270144
findling-rss 1791051533,3839635456,341909504,23974992,4221358080,6187270144
findling-rss 1791051535,5161127936,341094400,25486032,5541806080,6187270144
findling-rss 1791051537,5517074432,341094400,25516344,5905186816,6187270144
findling-rss 1791051539,5287903232,342548480,25594344,5673844736,6187270144
findling-rss 1791051541,5481902080,342548480,25598728,5871611904,6187270144
findling-rss 1791051543,4218265600,341245952,24375728,4594507776,6187270144
findling-rss 1791051545,5592743936,343494656,25648696,5984112640,6187270144
findling-rss 1791051547,4522397696,346181632,24955968,4908871680,6187270144
findling-rss 1791051549,5457215488,344997888,25706864,5849415680,6187270144
findling-rss 1791051551,4499140608,342884352,24724352,4883947520,6187270144
findling-rss 1791051553,4086497280,341123072,24330928,4469534720,6187270144
findling-rss 1791051555,3820793856,340770816,24103320,4200607744,6187270144
findling-rss 1791051557,3991089152,340770816,24213240,4373938176,6187270144
findling-rss 1791051559,3807424512,339378176,24064984,4187439104,6187270144
findling-rss 1791051561,3894984704,339378176,24064128,4274548736,6187270144
findling-rss 1791051563,3719024640,337960960,23915008,4097265664,6187270144
findling-rss 1791051565,3747479552,337960960,23916960,4125818880,6187270144
findling-rss 1791051567,3975401472,339124224,24220368,4338671616,6187270144
findling-rss 1791051569,5398855680,341598208,25611312,5787545600,6187270144
findling-rss 1791051571,4573868032,343461888,25034912,5005377536,6187270144
findling-rss 1791051573,5488144384,343457792,25683120,5879037952,6187270144
findling-rss 1791051575,4345970688,340303872,24588552,4727959552,6187270144
findling-rss 1791051577,3942682624,337362944,23952208,4320104448,6187270144
findling-rss 1791051579,3831418880,337362944,23949368,4208181248,6187270144
findling-rss 1791051581,3892404224,337362944,23952736,4269809664,6187270144
findling-rss 1791051583,4191084544,339697664,24462576,4572061696,6187270144
findling-rss 1791051585,5454888960,341491712,25509904,5843787776,6187270144
findling-rss 1791051587,4561551360,340762624,25062840,4995489792,6187270144
findling-rss 1791051589,5437333504,341446656,25545528,5825675264,6187270144
findling-rss 1791051591,4024922112,337260544,24099648,4403376128,6187270144
findling-rss 1791051593,5453025280,341901312,25558872,5841207296,6187270144
findling-rss 1791051595,5547372544,341901312,25565472,5936578560,6187270144
findling-rss 1791051597,5335891968,346304512,25694160,5722234880,6187270144
findling-rss 1791051599,5642481664,346304512,25700392,6037061632,6187270144
findling-rss 1791051601,4195872768,341729280,24181048,4579229696,6187270144
findling-rss 1791051603,3951915008,341585920,24070648,4334043136,6187270144
findling-rss 1791051605,3836461056,341241856,23991576,4219662336,6187270144
findling-rss 1791051607,3855888384,341241856,23948040,4237398016,6187270144
findling-rss 1791051609,3856801792,341241856,23949920,4238815232,6187270144
findling-rss 1791051611,3857641472,341241856,23944392,4238381056,6187270144
findling-rss 1791051613,3805507584,341241856,23942432,4186894336,6187270144
findling-rss 1791051615,3805507584,341241856,23942656,4186959872,6187270144
findling-rss 1791051617,3848933376,341241856,23941936,4228841472,6187270144
findling-rss 1791051619,3852312576,341241856,23945616,4234223616,6187270144
findling-rss 1791051621,3860070400,341241856,23949688,4242309120,6187270144
findling-rss 1791051623,3860070400,341241856,23947376,4241915904,6187270144
findling-rss 1791051625,3859976192,341241856,23949360,4241436672,6187270144
findling-rss 1791051627,3764416512,341241856,23852192,4146995200,6187270144
findling-rss 1791051629,3859890176,341241856,23945432,4241559552,6187270144
findling-rss 1791051631,3790962688,341241856,23947296,4162920448,6187270144
findling-rss 1791051633,3860692992,341241856,23943272,4242362368,6187270144
findling-rss 1791051635,3814019072,341241856,23942656,4194684928,6187270144
findling-rss 1791051637,3866767360,341241856,23941920,4247875584,6187270144
findling-rss 1791051639,3840577536,341241856,23939632,4222230528,6187270144
findling-rss 1791051641,3860885504,341241856,23941288,4243083264,6187270144
findling-rss 1791051643,3841654784,341241856,23943592,4223410176,6187270144
findling-rss 1791051645,3861790720,341241856,23943816,4243591168,6187270144
findling-rss 1791051647,3860930560,341241856,23943840,4241780736,6187270144
findling-rss 1791051649,3861291008,341241856,23955392,4242202624,6187270144
findling-rss 1791051651,5130608640,342032384,25541032,5517451264,6187270144
findling-rss 1791051653,5444202496,342032384,25575320,5833814016,6187270144
findling-rss 1791051655,5295353856,345919488,25685504,5686140928,6187270144
findling-rss 1791051657,5516120064,345919488,25699288,5909655552,6187270144
findling-rss 1791051659,4280733696,341712896,24319632,4665004032,6187270144
findling-rss 1791051661,4304834560,341712896,24318880,4688781312,6187270144
findling-rss 1791051663,4115914752,341360640,24201152,4498677760,6187270144
findling-rss 1791051665,4120989696,341360640,24199008,4504289280,6187270144
findling-rss 1791051667,4029231104,340295680,24059952,4410290176,6187270144
findling-rss 1791051669,4034473984,340295680,24105568,4415750144,6187270144
findling-rss 1791051671,3978452992,340295680,24054592,4359495680,6187270144
findling-rss 1791051673,3978833920,340295680,24056624,4360445952,6187270144
findling-rss 1791051675,3862892544,338550784,23896192,4241956864,6187270144
findling-rss 1791051677,3863384064,338550784,23898032,4241588224,6187270144
findling-rss 1791051679,5401522176,341786624,25585496,5790044160,6187270144
findling-rss 1791051681,5465255936,341786624,25587112,5855297536,6187270144
findling-rss 1791051683,5442850816,345333760,25696256,5835698176,6187270144
findling-rss 1791051685,5543120896,345333760,25701800,5936115712,6187270144
findling-rss 1791051687,4007989248,340770816,24127032,4388704256,6187270144
findling-rss 1791051689,3954855936,340770816,24127472,4336119808,6187270144
findling-rss 1791051691,3963092992,340770816,24127424,4344221696,6187270144
findling-rss 1791051693,3969069056,340770816,24131320,4350271488,6187270144
findling-rss 1791051695,4014571520,340770816,24130528,4396326912,6187270144
findling-rss 1791051697,3835383808,340770816,23928480,4216913920,6187270144
findling-rss 1791051699,3965296640,340770816,24133872,4346830848,6187270144
findling-rss 1791051701,3740545024,339042304,23978936,4117704704,6187270144
findling-rss 1791051703,3806097408,339042304,23970104,4185628672,6187270144
findling-rss 1791051705,3837427712,339042304,23969624,4216770560,6187270144
findling-rss 1791051707,3858681856,339042304,23970064,4238127104,6187270144
findling-rss 1791051709,4417249280,341913600,24955904,4781465600,6187270144
findling-rss 1791051711,5453086720,342269952,25616336,5842714624,6187270144
findling-rss 1791051713,4647841792,342282240,25483816,5029806080,6187270144
findling-rss 1791051715,5509201920,342282240,25635632,5898735616,6187270144
findling-rss 1791051717,3820003328,337035264,23904968,4197335040,6187270144
findling-rss 1791051719,3847446528,337035264,23892928,4225073152,6187270144
findling-rss 1791051721,4455653376,351150080,25525512,4765564928,6187270144
findling-rss 1791051723,5472620544,351506432,25886384,5872254976,6187270144
findling-rss 1791051725,4644507648,350814208,25120616,5034397696,6187270144
findling-rss 1791051727,5565620224,351498240,25895704,5966262272,6187270144
findling-rss 1791051729,4956082176,350093312,25305408,5364682752,6187270144
findling-rss 1791051731,4000854016,346951680,24282936,4388913152,6187270144
findling-rss 1791051733,3875999744,346595328,24163544,4262948864,6187270144
findling-rss 1791051735,3909992448,346595328,24163664,4295602176,6187270144
findling-rss 1791051737,3924987904,346595328,24162176,4312334336,6187270144
findling-rss 1791051739,3933364224,346595328,24163552,4319383552,6187270144
findling-rss 1791051741,3935219712,346595328,24165512,4322455552,6187270144
findling-rss 1791051743,3935363072,346595328,24166240,4323127296,6187270144
findling-rss 1791051745,3935506432,346595328,24168112,4322574336,6187270144
findling-rss 1791051747,3935051776,346595328,24164136,4322414592,6187270144
findling-rss 1791051750,3935055872,346595328,24163304,4322533376,6187270144
findling-rss 1791051752,3935584256,346595328,24163552,4322705408,6187270144
findling-rss 1791051754,3839479808,346595328,24059776,4226809856,6187270144
findling-rss 1791051756,3940139008,346595328,24166672,4327677952,6187270144
findling-rss 1791051758,3851337728,346595328,24168128,4238446592,6187270144
findling-rss 1791051760,3935789056,346595328,24168920,4323078144,6187270144
findling-rss 1791051762,3908042752,346595328,24160976,4294991872,6187270144
findling-rss 1791051764,3937030144,346595328,24164352,4324274176,6187270144
findling-rss 1791051766,3917832192,346595328,24162800,4305674240,6187270144
findling-rss 1791051768,3939074048,346595328,24162832,4326612992,6187270144
findling-rss 1791051770,3935305728,346595328,24160536,4321722368,6187270144
findling-rss 1791051772,3938152448,346595328,24160064,4324945920,6187270144
findling-rss 1791051774,3937583104,346595328,24162744,4325253120,6187270144
findling-rss 1791051776,3938263040,346595328,24163168,4326117376,6187270144
findling-rss 1791051778,3884417024,346595328,24163488,4271357952,6187270144
findling-rss 1791051780,3884896256,346595328,24162792,4272209920,6187270144
findling-rss 1791051782,3884191744,346595328,24161136,4270993408,6187270144
findling-rss 1791051784,3884191744,346595328,24158880,4270837760,6187270144
findling-rss 1791051786,3929440256,346595328,24159128,4316356608,6187270144
findling-rss 1791051788,3842998272,346595328,24055616,4229722112,6187270144
findling-rss 1791051790,3942981632,346595328,24158792,4329926656,6187270144
findling-rss 1791051792,3884105728,346595328,24160912,4270895104,6187270144
findling-rss 1791051794,3939811328,346595328,24160672,4326957056,6187270144
findling-rss 1791051796,3919867904,346595328,24159376,4307730432,6187270144
findling-rss 1791051798,3940118528,346595328,24162528,4327481344,6187270144
findling-rss 1791051800,3919884288,346595328,24162336,4307628032,6187270144
findling-rss 1791051802,3940052992,346595328,24160288,4327235584,6187270144
findling-rss 1791051804,3938521088,346595328,24162232,4325822464,6187270144
findling-rss 1791051806,3945304064,346595328,24162264,4332179456,6187270144
findling-rss 1791051808,3939885056,346595328,24159840,4327247872,6187270144
findling-rss 1791051810,3941625856,346595328,24160408,4328673280,6187270144
findling-rss 1791051812,3939938304,346595328,24162224,4327342080,6187270144
findling-rss 1791051814,3940843520,346595328,24163320,4327866368,6187270144
findling-rss 1791051816,3942957056,346595328,24207720,4330377216,6187270144
findling-rss 1791051818,3846479872,346595328,24065968,4233584640,6187270144
findling-rss 1791051820,3941462016,346595328,24159904,4328013824,6187270144
findling-rss 1791051822,3913617408,346595328,24159544,4300627968,6187270144
findling-rss 1791051824,3942588416,346595328,24159480,4329664512,6187270144
findling-rss 1791051826,3922292736,346595328,24157744,4309041152,6187270144
findling-rss 1791051828,3941761024,346595328,24159464,4328706048,6187270144
findling-rss 1791051830,4633083904,342646784,25210248,5009510400,6187270144
findling-rss 1791051832,5439688704,343347200,25688208,5830316032,6187270144
findling-rss 1791051834,4691542016,346861568,25469544,5074649088,6187270144
findling-rss 1791051836,5433323520,347209728,25814704,5827330048,6187270144
findling-rss 1791051838,3856785408,341114880,24096168,4238036992,6187270144
findling-rss 1791051840,3980136448,341114880,24082536,4361555968,6187270144
findling-rss 1791051842,3843649536,341114880,24081064,4225605632,6187270144
findling-rss 1791051844,3872522240,341114880,24082776,4255051776,6187270144
findling-rss 1791051846,3904438272,341114880,24081288,4286869504,6187270144
findling-rss 1791051848,3923644416,341114880,24081552,4305321984,6187270144
findling-rss 1791051850,3852361728,341114880,24079176,4233105408,6187270144
findling-rss 1791051852,3872395264,341114880,24080536,4253720576,6187270144
findling-rss 1791051854,3924189184,341114880,24081512,4305707008,6187270144
findling-rss 1791051856,3924996096,341114880,24082192,4306055168,6187270144
findling-rss 1791051858,3935416320,341114880,24125920,4317855744,6187270144
findling-rss 1791051860,3934121984,341114880,24083640,4315795456,6187270144
findling-rss 1791051862,3935404032,341114880,24084024,4315385856,6187270144
findling-rss 1791051864,3935404032,341114880,24085648,4316741632,6187270144
findling-rss 1791051866,3936305152,341114880,24075464,4317704192,6187270144
findling-rss 1791051868,3839782912,341114880,23970064,4221558784,6187270144
findling-rss 1791051870,3939532800,341114880,24076272,4322185216,6187270144
findling-rss 1791051872,3851452416,341114880,24078784,4233318400,6187270144
findling-rss 1791051874,3935506432,341114880,24080016,4317523968,6187270144
findling-rss 1791051876,3889860608,341114880,24083208,4271153152,6187270144
findling-rss 1791051878,3940249600,341114880,24082928,4322058240,6187270144
findling-rss 1791051880,4193099776,340340736,24184896,4573970432,6187270144
findling-rss 1791051882,5518192640,341872640,25539352,5907566592,6187270144
findling-rss 1791051884,4449181696,341757952,25022264,4827930624,6187270144
findling-rss 1791051886,5527511040,342118400,25590976,5917196288,6187270144
findling-rss 1791051888,4283469824,338243584,24262384,4663656448,6187270144
findling-rss 1791051890,5115092992,342171648,25580376,5501607936,6187270144
findling-rss 1791051892,5459910656,342171648,25592904,5849317376,6187270144
findling-rss 1791051894,4826284032,344784896,25351664,5204787200,6187270144
findling-rss 1791051896,5532852224,344793088,25631560,5924700160,6187270144
findling-rss 1791051898,4449275904,340811776,24631408,4941914112,6187270144
findling-rss 1791051900,3935924224,338706432,23910184,4314767360,6187270144
findling-rss 1791051902,3916255232,338706432,23908632,4295168000,6187270144
findling-rss 1791051904,3941036032,338706432,23909984,4320231424,6187270144
findling-rss 1791051906,3883757568,338706432,23909352,4262825984,6187270144
findling-rss 1791051908,3884191744,338706432,23910168,4263686144,6187270144
findling-rss 1791051910,3884769280,338706432,23910696,4263403520,6187270144
findling-rss 1791051912,3884769280,338706432,23908312,4264448000,6187270144
findling-rss 1791051914,5103353856,342343680,25620176,5489463296,6187270144
findling-rss 1791051916,5410168832,342343680,25650216,5801336832,6187270144
findling-rss 1791051918,5143449600,344092672,25659864,5532311552,6187270144
findling-rss 1791051920,5403672576,344092672,25683264,5795389440,6187270144
findling-rss 1791051922,3892592640,339161088,23990224,4271869952,6187270144
findling-rss 1791051924,3893338112,339161088,23988696,4272832512,6187270144
findling-rss 1791051926,3840278528,339161088,23989816,4220325888,6187270144
findling-rss 1791051928,3894898688,339161088,23985328,4274851840,6187270144
findling-rss 1791051930,3947515904,339161088,23984848,4327313408,6187270144
findling-rss 1791051932,3897802752,339161088,23985216,4276699136,6187270144
findling-rss 1791051934,3901747200,339161088,23986536,4281344000,6187270144
findling-rss 1791051936,3901747200,339161088,23995016,4281217024,6187270144
findling-rss 1791051938,3903721472,339161088,23984568,4283629568,6187270144
findling-rss 1791051940,3744669696,337149952,23812904,4121088000,6187270144
findling-rss 1791051942,5441896448,342437888,25632224,5831884800,6187270144
findling-rss 1791051944,5137420288,341381120,25305256,5524815872,6187270144
findling-rss 1791051946,5508780032,342224896,25643544,5898129408,6187270144
findling-rss 1791051948,5421916160,342224896,25588880,5927288832,6187270144
findling-rss 1791051950,4770029568,343203840,25429024,5148164096,6187270144
findling-rss 1791051952,5481189376,343203840,25669816,5871984640,6187270144
findling-rss 1791051954,4640768000,351395840,25136912,5032681472,6187270144
findling-rss 1791051956,5493198848,356016128,26010416,5897166848,6187270144
findling-rss 1791051958,5132607488,355164160,25652456,5531549696,6187270144
findling-rss 1791051960,4466798592,351191040,24644128,4860878848,6187270144
findling-rss 1791051962,4083462144,350011392,24382040,4475129856,6187270144
findling-rss 1791051964,4141637632,350011392,24381672,4532805632,6187270144
findling-rss 1791051966,4026208256,350011392,24362056,4417200128,6187270144
findling-rss 1791051968,4141826048,350011392,24381472,4533841920,6187270144
findling-rss 1791051970,3962167296,350011392,24376864,4352974848,6187270144
findling-rss 1791051972,4045889536,350011392,24378256,4437442560,6187270144
findling-rss 1791051974,3966480384,348266496,24219896,4355919872,6187270144
findling-rss 1791051976,3986096128,348266496,24218664,4375445504,6187270144
findling-rss 1791051978,3976245248,348266496,24220144,4365004800,6187270144
findling-rss 1791051980,3996704768,348266496,24221632,4385824768,6187270144
findling-rss 1791051982,3996508160,348266496,24221680,4385849344,6187270144
findling-rss 1791051984,3996917760,348266496,24222560,4384845824,6187270144
findling-rss 1791051986,3996962816,348266496,24223920,4386095104,6187270144
findling-rss 1791051988,3997384704,348266496,24222976,4386680832,6187270144
findling-rss 1791051990,3997433856,348266496,24266704,4388777984,6187270144
findling-rss 1791051992,3997433856,348266496,24220728,4387278848,6187270144
findling-rss 1791051995,3997249536,348266496,24219984,4386504704,6187270144
findling-rss 1791051997,3901906944,348266496,24115104,4289425408,6187270144
findling-rss 1791051999,3997396992,348266496,24218576,4386422784,6187270144
findling-rss 1791052001,3941134336,348266496,24213312,4330057728,6187270144
findling-rss 1791052003,3999899648,348266496,24216264,4389806080,6187270144
findling-rss 1791052005,3978797056,348266496,24219456,4368359424,6187270144
findling-rss 1791052007,4000018432,348266496,24218304,4389212160,6187270144
findling-rss 1791052009,3978788864,348266496,24218840,4368400384,6187270144
findling-rss 1791052011,3998781440,348266496,24220168,4387823616,6187270144
findling-rss 1791052013,3945803776,348266496,24222152,4335185920,6187270144
findling-rss 1791052015,3945836544,348266496,24221848,4334882816,6187270144
findling-rss 1791052017,3946090496,348266496,24217856,4334821376,6187270144
findling-rss 1791052019,3946090496,348266496,24219456,4335529984,6187270144
findling-rss 1791052021,3990110208,348266496,24218856,4379713536,6187270144
findling-rss 1791052023,3990110208,348266496,24219776,4379926528,6187270144
findling-rss 1791052025,4001001472,348266496,24219808,4390277120,6187270144
findling-rss 1791052027,4001181696,348266496,24220688,4390133760,6187270144
findling-rss 1791052029,4001808384,348266496,24218040,4391239680,6187270144
findling-rss 1791052031,3905822720,348266496,24112520,4294467584,6187270144
findling-rss 1791052033,4001615872,348266496,24220104,4390821888,6187270144
findling-rss 1791052035,3933843456,348266496,24229472,4323041280,6187270144
findling-rss 1791052037,4002119680,348266496,24218128,4391514112,6187270144
findling-rss 1791052039,3928948736,348266496,24215584,4317917184,6187270144
findling-rss 1791052041,3949817856,348266496,24215296,4338184192,6187270144
findling-rss 1791052043,3928920064,348266496,24214536,4317573120,6187270144
findling-rss 1791052045,3948642304,348266496,24217448,4337418240,6187270144
findling-rss 1791052047,3973271552,348266496,24216232,4362166272,6187270144
findling-rss 1791052049,3992436736,348266496,24216272,4382253056,6187270144
findling-rss 1791052051,4002258944,348266496,24219360,4391878656,6187270144
findling-rss 1791052053,4005318656,348266496,24220456,4394852352,6187270144
findling-rss 1791052055,4003721216,348266496,24222200,4393189376,6187270144
findling-rss 1791052057,4004151296,348266496,24222440,4393447424,6187270144
findling-rss 1791052059,4010168320,348266496,24221032,4399259648,6187270144
findling-rss 1791052061,4011163648,348266496,24217768,4399669248,6187270144
findling-rss 1791052063,4004937728,348266496,24216928,4394520576,6187270144
findling-rss 1791052065,3908276224,348266496,24114120,4297867264,6187270144
findling-rss 1791052067,3951513600,348266496,24220760,4340514816,6187270144
findling-rss 1791052069,3856277504,337829888,23817088,4234199040,6187270144
findling-rss 1791052071,5399855104,343097344,25680904,5789880320,6187270144
findling-rss 1791052073,4950319104,341700608,25227936,5363662848,6187270144
findling-rss 1791052075,5397553152,343130112,25702976,5787963392,6187270144
findling-rss 1791052077,4795531264,341032960,24980024,5180719104,6187270144
findling-rss 1791052079,4983939072,344395776,25716472,5369933824,6187270144
findling-rss 1791052081,5481918464,344395776,25739416,5873418240,6187270144
findling-rss 1791052083,4728262656,343818240,25297224,5090816000,6187270144
findling-rss 1791052085,5468573696,343728128,25707736,5860225024,6187270144
findling-rss 1791052087,4560760832,340566016,24618424,4944609280,6187270144
findling-rss 1791052089,3945209856,339013632,24015976,4324524032,6187270144
findling-rss 1791052091,3951816704,339013632,24017304,4331503616,6187270144
findling-rss 1791052093,3954532352,339013632,24017480,4334182400,6187270144
findling-rss 1791052095,3955273728,339013632,24018352,4335206400,6187270144
findling-rss 1791052097,5153468416,347656192,25589064,5544329216,6187270144
findling-rss 1791052099,5442707456,347656192,25720432,5837537280,6187270144
findling-rss 1791052101,5273628672,347467776,25725224,5667348480,6187270144
findling-rss 1791052103,5523091456,347467776,25735688,5918314496,6187270144
findling-rss 1791052105,3942199296,343097344,24127336,4326645760,6187270144
findling-rss 1791052107,4026621952,343097344,24124784,4410093568,6187270144
findling-rss 1791052109,3847622656,342745088,24005560,4230144000,6187270144
findling-rss 1791052111,3868282880,342745088,24006488,4251676672,6187270144
findling-rss 1791052113,3868180480,342745088,24008088,4251791360,6187270144
findling-rss 1791052115,3876040704,342745088,24010912,4259532800,6187270144
findling-rss 1791052117,3868155904,342745088,24006712,4251045888,6187270144
findling-rss 1791052119,3868667904,342745088,24007056,4252430336,6187270144
findling-rss 1791052121,3868798976,342745088,24005528,4251971584,6187270144
findling-rss 1791052123,3868798976,342745088,24003008,4251856896,6187270144
findling-rss 1791052125,3815346176,342745088,24003920,4197863424,6187270144
findling-rss 1791052127,3757064192,342745088,23902896,4139008000,6187270144
findling-rss 1791052129,3817189376,342745088,24002256,4199759872,6187270144
findling-rss 1791052131,3775385600,342745088,23998416,4158316544,6187270144
findling-rss 1791052133,3859836928,342745088,23998728,4243152896,6187270144
findling-rss 1791052135,3840667648,342745088,24000288,4223836160,6187270144
findling-rss 1791052137,3871842304,342745088,23999504,4254990336,6187270144
findling-rss 1791052139,3850444800,342745088,23997656,4233928704,6187270144
findling-rss 1791052141,3870760960,342745088,23999656,4254339072,6187270144
findling-rss 1791052143,3851497472,342745088,23996616,4234878976,6187270144
findling-rss 1791052145,3875651584,342745088,23998328,4258623488,6187270144
findling-rss 1791052147,3867992064,342745088,23999448,4250955776,6187270144
findling-rss 1791052149,3871760384,342745088,24000264,4255371264,6187270144
findling-rss 1791052151,4900818944,344621056,25428904,5288620032,6187270144
findling-rss 1791052153,5462409216,344621056,25659280,5854478336,6187270144
findling-rss 1791052155,4865232896,348024832,25430064,5257097216,6187270144
findling-rss 1791052157,5548142592,348024832,25769592,5943799808,6187270144
findling-rss 1791052159,4636381184,344043520,24724296,5023584256,6187270144
findling-rss 1791052161,4233089024,342855680,24245536,4617691136,6187270144
findling-rss 1791052163,3986964480,342507520,24022352,4370182144,6187270144
findling-rss 1791052165,4084789248,342507520,24124728,4468170752,6187270144
findling-rss 1791052167,3996868608,342507520,24128896,4380545024,6187270144
findling-rss 1791052169,4092837888,342507520,24124656,4476551168,6187270144
findling-rss 1791052171,3987144704,340783104,23967000,4368969728,6187270144
findling-rss 1791052173,3989975040,340783104,23965560,4371107840,6187270144
findling-rss 1791052175,3988791296,340783104,24009768,4370583552,6187270144
findling-rss 1791052177,3989647360,340783104,23969992,4371267584,6187270144
findling-rss 1791052179,3936960512,340783104,23967584,4318392320,6187270144
findling-rss 1791052181,3937886208,340783104,23964944,4318822400,6187270144
findling-rss 1791052183,3936833536,340783104,23964712,4318199808,6187270144
findling-rss 1791052185,3941785600,340783104,23966680,4322885632,6187270144
findling-rss 1791052187,5338693632,344469504,25672328,5728473088,6187270144
findling-rss 1791052189,5446201344,344469504,25673552,5838278656,6187270144
findling-rss 1791052191,5072654336,344076288,25548656,5462925312,6187270144
findling-rss 1791052193,5457637376,344076288,25659056,5849337856,6187270144
findling-rss 1791052195,4009152512,339501056,24089040,4388929536,6187270144
findling-rss 1791052197,3912253440,339156992,23969752,4292210688,6187270144
findling-rss 1791052199,3910647808,339156992,23971168,4289257472,6187270144
findling-rss 1791052201,3914227712,339156992,23963120,4293513216,6187270144
findling-rss 1791052203,4999655424,345829376,25495608,5389189120,6187270144
findling-rss 1791052205,5424103424,345829376,25730696,5817511936,6187270144
findling-rss 1791052207,5067259904,349106176,25716048,5461954560,6187270144
findling-rss 1791052209,5445820416,349454336,25838256,5842243584,6187270144
findling-rss 1791052211,4079370240,344870912,24254392,4465532928,6187270144
findling-rss 1791052213,3945279488,344522752,24133224,4331139072,6187270144
findling-rss 1791052215,3945226240,344522752,24132128,4330713088,6187270144
findling-rss 1791052217,3945959424,344522752,24133472,4331417600,6187270144
findling-rss 1791052219,3946450944,344522752,24132224,4331450368,6187270144
findling-rss 1791052221,3946496000,344522752,24134248,4331405312,6187270144
findling-rss 1791052223,3945914368,344522752,24135208,4331294720,6187270144
findling-rss 1791052225,3851255808,344522752,24037680,4235960320,6187270144
findling-rss 1791052227,3947356160,344522752,24134680,4332670976,6187270144
findling-rss 1791052230,3861250048,344522752,24132224,4245073920,6187270144
findling-rss 1791052232,3947122688,344522752,24133032,4332335104,6187270144
findling-rss 1791052234,3903086592,344522752,24134800,4286611456,6187270144
findling-rss 1791052236,3947438080,344522752,24133928,4332892160,6187270144
findling-rss 1791052238,3928485888,344522752,24148736,4313792512,6187270144
findling-rss 1791052240,3948384256,344522752,24131928,4333125632,6187270144
findling-rss 1791052242,3948806144,344522752,24127904,4333826048,6187270144
findling-rss 1791052244,3953487872,344522752,24131296,4338851840,6187270144
findling-rss 1791052246,3949359104,344522752,24129416,4334669824,6187270144
findling-rss 1791052248,3949748224,344522752,24130536,4335177728,6187270144
findling-rss 1791052250,3949670400,344522752,24132744,4335693824,6187270144
findling-rss 1791052252,3951669248,344522752,24133360,4337487872,6187270144
findling-rss 1791052254,3948179456,344522752,24132384,4333895680,6187270144
findling-rss 1791052256,3853721600,344522752,24027240,4238782464,6187270144
findling-rss 1791052258,3950059520,344522752,24130088,4335017984,6187270144
findling-rss 1791052260,3882389504,344522752,24131280,4267290624,6187270144
findling-rss 1791052262,3950915584,344522752,24130808,4336103424,6187270144
findling-rss 1791052264,3921895424,344522752,24132896,4307427328,6187270144
findling-rss 1791052266,3951464448,344522752,24133952,4336652288,6187270144
findling-rss 1791052268,3930599424,344522752,24131952,4316004352,6187270144
findling-rss 1791052270,3950862336,344522752,24135624,4336070656,6187270144
findling-rss 1791052272,3947405312,344522752,24131984,4332408832,6187270144
findling-rss 1791052274,3950698496,344522752,24131776,4337405952,6187270144
findling-rss 1791052276,5219958784,343191552,25655896,5608714240,6187270144
findling-rss 1791052278,5612216320,343191552,25671240,6003204096,6187270144
findling-rss 1791052280,5046599680,352518144,25946000,5445009408,6187270144
findling-rss 1791052282,5396078592,352518144,25944416,5795655680,6187270144
findling-rss 1791052284,3973824512,346763264,24349680,4362162176,6187270144
findling-rss 1791052286,3985502208,346763264,24340552,4373557248,6187270144
findling-rss 1791052288,4035985408,346763264,24342128,4424081408,6187270144
findling-rss 1791052290,4038119424,346763264,24342128,4426592256,6187270144
findling-rss 1791052292,3978539008,346763264,24343456,4366667776,6187270144
findling-rss 1791052294,3979046912,346763264,24341792,4367241216,6187270144
findling-rss 1791052296,4034310144,346763264,24342464,4421750784,6187270144
findling-rss 1791052298,4040355840,346763264,24343824,4428419072,6187270144
findling-rss 1791052300,4094750720,346763264,24344424,4483592192,6187270144
findling-rss 1791052302,4079083520,346763264,24339152,4484567040,6187270144
findling-rss 1791052304,4042567680,346763264,24380936,4432744448,6187270144
findling-rss 1791052306,3902455808,346763264,24127696,4289822720,6187270144
findling-rss 1791052308,4093743104,346763264,24337352,4481515520,6187270144
findling-rss 1791052310,3900088320,346763264,24230480,4287868928,6187270144
findling-rss 1791052312,4044206080,346763264,24337552,4432371712,6187270144
findling-rss 1791052314,3953373184,346763264,24337368,4341600256,6187270144
findling-rss 1791052316,4040921088,346763264,24341056,4428984320,6187270144
findling-rss 1791052318,4011118592,346763264,24346016,4399067136,6187270144
findling-rss 1791052320,4051849216,346763264,24343280,4439564288,6187270144
findling-rss 1791052322,3955728384,342921216,24121176,4338896896,6187270144
findling-rss 1791052324,3957080064,342921216,24122296,4340707328,6187270144
findling-rss 1791052326,3956711424,342921216,24135544,4340502528,6187270144
findling-rss 1791052328,3960778752,342921216,24124120,4344832000,6187270144
findling-rss 1791052330,5017161728,352169984,25895288,5411729408,6187270144
findling-rss 1791052332,5356548096,352169984,25936352,5756379136,6187270144
findling-rss 1791052334,5156786176,353382400,26001224,5548216320,6187270144
findling-rss 1791052336,5437825024,353382400,26012312,5840404480,6187270144
findling-rss 1791052338,3994382336,347627520,24359096,4383252480,6187270144
findling-rss 1791052340,4019146752,347627520,24357328,4408082432,6187270144
findling-rss 1791052342,3915325440,347275264,24231832,4303704064,6187270144
findling-rss 1791052344,3919257600,347275264,24232000,4307267584,6187270144
findling-rss 1791052346,3918606336,347275264,24229760,4306808832,6187270144
findling-rss 1791052348,3923824640,347275264,24232768,4312489984,6187270144
findling-rss 1791052350,3970285568,347275264,24232944,4358811648,6187270144
findling-rss 1791052352,3970285568,347275264,24231816,4356448256,6187270144
findling-rss 1791052354,3919003648,347275264,24233912,4306939904,6187270144
findling-rss 1791052356,3919003648,347275264,24233304,4307177472,6187270144
findling-rss 1791052358,3969806336,347275264,24234480,4357931008,6187270144
findling-rss 1791052360,3944185856,347275264,24234688,4341153792,6187270144
findling-rss 1791052362,3918508032,347275264,24233424,4306337792,6187270144
findling-rss 1791052364,3876929536,347275264,24231568,4264304640,6187270144
findling-rss 1791052366,3971256320,347275264,24233016,4359606272,6187270144
findling-rss 1791052368,3922690048,347275264,24232544,4310384640,6187270144
findling-rss 1791052370,3981336576,347275264,24232408,4369547264,6187270144
findling-rss 1791052372,3954999296,347275264,24231128,4341047296,6187270144
findling-rss 1791052374,3982794752,347275264,24232864,4371058688,6187270144
findling-rss 1791052376,3962830848,347275264,24229624,4350996480,6187270144
findling-rss 1791052378,3982561280,347275264,24233200,4371038208,6187270144
findling-rss 1791052380,3982102528,347275264,24232048,4370378752,6187270144
findling-rss 1791052382,3983212544,347275264,24229328,4371480576,6187270144
findling-rss 1791052384,3982688256,347275264,24229656,4371275776,6187270144
findling-rss 1791052386,3982692352,347275264,24230640,4371058688,6187270144
findling-rss 1791052388,3982352384,347275264,24233560,4370325504,6187270144
findling-rss 1791052390,3984588800,347275264,24232848,4371705856,6187270144
findling-rss 1791052392,3988758528,347275264,24227424,4376592384,6187270144
findling-rss 1791052394,3989590016,347275264,24228032,4378198016,6187270144
findling-rss 1791052396,3983114240,347275264,24229064,4371464192,6187270144
findling-rss 1791052398,3888689152,347275264,24124440,4276281344,6187270144
findling-rss 1791052400,3990028288,347275264,24228696,4377640960,6187270144
findling-rss 1791052402,3890061312,347275264,24217840,4277125120,6187270144
findling-rss 1791052404,3984830464,347275264,24230824,4372725760,6187270144
findling-rss 1791052406,3955826688,347275264,24233464,4344098816,6187270144
findling-rss 1791052408,3985022976,347275264,24230032,4373442560,6187270144
findling-rss 1791052410,3911385088,347275264,24228256,4299419648,6187270144
findling-rss 1791052412,3932827648,347275264,24272768,4321366016,6187270144
findling-rss 1791052414,3927592960,347275264,24227856,4314853376,6187270144
findling-rss 1791052416,3937083392,347275264,24230528,4324933632,6187270144
findling-rss 1791052418,3975348224,347275264,24231304,4363358208,6187270144
findling-rss 1791052420,3976790016,347275264,24232664,4364677120,6187270144
findling-rss 1791052422,3984539648,347275264,24232872,4372602880,6187270144
findling-rss 1791052424,3986812928,347275264,24232120,4375535616,6187270144
findling-rss 1791052426,4946169856,343846912,25744056,5329641472,6187270144
findling-rss 1791052428,5362577408,343846912,25750272,5754384384,6187270144
findling-rss 1791052430,5070528512,348155904,25775240,5459238912,6187270144
findling-rss 1791052432,5352984576,348155904,25897696,5748285440,6187270144
findling-rss 1791052434,3955802112,343216128,24190024,4339970048,6187270144
findling-rss 1791052436,3902427136,343216128,24193584,4286500864,6187270144
findling-rss 1791052438,3910344704,343224320,24191224,4295131136,6187270144
findling-rss 1791052440,3911573504,343224320,24192584,4295561216,6187270144
findling-rss 1791052442,3913302016,343224320,24190736,4296945664,6187270144
findling-rss 1791052444,3914199040,343224320,24188696,4297297920,6187270144
findling-rss 1791052446,3915599872,343224320,24189824,4299317248,6187270144
findling-rss 1791052448,3818713088,343224320,24085992,4201947136,6187270144
findling-rss 1791052450,3915796480,343224320,24186792,4300046336,6187270144
findling-rss 1791052452,3834470400,343224320,24186208,4213923840,6187270144
findling-rss 1791052454,3914977280,343224320,24188088,4298829824,6187270144
findling-rss 1791052456,3815174144,343224320,24193360,4198842368,6187270144
findling-rss 1791052458,3861774336,343224320,24188040,4245512192,6187270144
findling-rss 1791052460,3841277952,343224320,24187456,4224675840,6187270144
findling-rss 1791052462,3860434944,343224320,24190208,4244606976,6187270144
findling-rss 1791052464,3903938560,343224320,24192112,4287090688,6187270144
findling-rss 1791052466,3911708672,343224320,24192216,4295819264,6187270144
findling-rss 1791052468,3915022336,343224320,24189768,4299366400,6187270144
findling-rss 1791052470,3918491648,343224320,24193576,4302012416,6187270144
findling-rss 1791052472,3916496896,343224320,24194552,4300574720,6187270144
findling-rss 1791052474,3916517376,343224320,24193648,4299689984,6187270144
findling-rss 1791052476,3917230080,343224320,24193608,4301230080,6187270144
findling-rss 1791052478,3919527936,343224320,24193568,4303712256,6187270144
findling-rss 1791052480,5364551680,347488256,25732144,5756035072,6187270144
findling-rss 1791052482,5480054784,347488256,25747504,5875412992,6187270144
findling-rss 1791052484,5368635392,352768000,25906824,5761302528,6187270144
findling-rss 1791052486,5592350720,352768000,25906376,5993590784,6187270144
findling-rss 1791052488,4208631808,347348992,24381360,4597657600,6187270144
findling-rss 1791052490,4231413760,347348992,24382040,4620267520,6187270144
findling-rss 1791052492,4120965120,347000832,24255952,4509016064,6187270144
findling-rss 1791052494,4141334528,347000832,24257552,4529790976,6187270144
findling-rss 1791052496,4144807936,347000832,24303368,4533280768,6187270144
findling-rss 1791052499,4144250880,347000832,24260608,4532658176,6187270144
findling-rss 1791052501,4142952448,347000832,24257448,4530622464,6187270144
findling-rss 1791052503,4047319040,347000832,24155736,4435390464,6187270144
findling-rss 1791052505,4144877568,347000832,24258568,4533002240,6187270144
findling-rss 1791052507,4006019072,347000832,24256200,4394123264,6187270144
findling-rss 1791052509,4090294272,347000832,24257592,4478717952,6187270144
findling-rss 1791052511,3949674496,347000832,24256264,4336680960,6187270144
findling-rss 1791052513,4095696896,347000832,24257056,4483190784,6187270144
findling-rss 1791052515,4051730432,347000832,24257984,4438925312,6187270144
findling-rss 1791052517,4135124992,347000832,24259616,4523089920,6187270144
findling-rss 1791052519,4106735616,347000832,24301840,4495138816,6187270144
findling-rss 1791052521,4147019776,347000832,24251496,4535324672,6187270144
findling-rss 1791052523,4139896832,347000832,24248448,4527726592,6187270144
findling-rss 1791052525,4146860032,347000832,24252896,4535369728,6187270144
findling-rss 1791052527,3987030016,342802432,24027864,4370817024,6187270144
findling-rss 1791052529,3987030016,342802432,24029832,4370755584,6187270144
findling-rss 1791052531,5020835840,345358336,25696912,5412569088,6187270144
findling-rss 1791052533,5364944896,345358336,25703808,5757853696,6187270144
findling-rss 1791052535,5006958592,350638080,25874000,5387816960,6187270144
findling-rss 1791052537,5411766272,350638080,25870440,5809856512,6187270144
findling-rss 1791052539,4335476736,347463680,24617544,4725596160,6187270144
findling-rss 1791052541,4338581504,347119616,24602672,4727296000,6187270144
findling-rss 1791052543,4126253056,346779648,24482128,4513554432,6187270144
findling-rss 1791052545,4204609536,346779648,24482424,4593573888,6187270144
findling-rss 1791052547,4101287936,345726976,24339072,4488736768,6187270144
findling-rss 1791052549,4157689856,345726976,24340928,4545601536,6187270144
findling-rss 1791052551,4047454208,343990272,24180600,4432367616,6187270144
findling-rss 1791052553,4076240896,343990272,24184040,4461109248,6187270144
findling-rss 1791052555,4053970944,343990272,24183544,4439384064,6187270144
findling-rss 1791052557,4075520000,343990272,24186200,4460654592,6187270144
findling-rss 1791052559,3913068544,341880832,24019960,4295430144,6187270144
findling-rss 1791052561,3818319872,341880832,23911288,4200292352,6187270144
findling-rss 1791052563,3914137600,341880832,24015896,4296798208,6187270144
findling-rss 1791052565,3818319872,341880832,23906840,4200910848,6187270144
findling-rss 1791052567,3861209088,341880832,24015512,4242427904,6187270144
findling-rss 1791052569,3765526528,338800640,23887184,4143800320,6187270144
findling-rss 1791052571,5364924416,344084480,25683424,5756108800,6187270144
findling-rss 1791052573,5375623168,344084480,25683560,5767618560,6187270144
findling-rss 1791052575,5261160448,347963392,25770616,5653839872,6187270144
findling-rss 1791052577,5361471488,347963392,25783264,5756809216,6187270144
findling-rss 1791052579,3902947328,343027712,24082656,4286279680,6187270144
findling-rss 1791052581,3909341184,343027712,24072992,4292825088,6187270144
findling-rss 1791052583,3912658944,343027712,24073896,4295864320,6187270144
findling-rss 1791052585,3912986624,343027712,24073760,4296519680,6187270144
findling-rss 1791052587,3914428416,343027712,24075520,4297666560,6187270144
findling-rss 1791052589,3914506240,343027712,24077528,4298305536,6187270144
findling-rss 1791052591,3920670720,343027712,24074760,4305133568,6187270144
findling-rss 1791052593,3920670720,343027712,24073504,4304949248,6187270144
findling-rss 1791052595,3914489856,343027712,24072352,4298465280,6187270144
findling-rss 1791052597,3918143488,343027712,24071024,4301213696,6187270144
findling-rss 1791052599,3861082112,343027712,24072816,4244492288,6187270144
findling-rss 1791052601,3817652224,343027712,23965280,4199821312,6187270144
findling-rss 1791052603,3862441984,343027712,24072744,4246446080,6187270144
findling-rss 1791052605,3838590976,343027712,24073024,4221894656,6187270144
findling-rss 1791052607,3905818624,343027712,24076840,4289409024,6187270144
findling-rss 1791052609,3895619584,343027712,24072184,4279287808,6187270144
findling-rss 1791052611,3915997184,343027712,24077176,4299427840,6187270144
findling-rss 1791052613,3896668160,343027712,24072280,4280082432,6187270144
findling-rss 1791052615,3917004800,343027712,24069504,4301279232,6187270144
findling-rss 1791052617,3915350016,343027712,24071480,4299280384,6187270144
findling-rss 1791052619,3916640256,343027712,24071272,4300394496,6187270144
findling-rss 1791052621,4977135616,345632768,25636680,5342003200,6187270144
findling-rss 1791052623,5355909120,345632768,25744392,5749084160,6187270144
findling-rss 1791052625,4834852864,345583616,25316584,5227454464,6187270144
findling-rss 1791052627,5407322112,345571328,25732208,5799636992,6187270144
findling-rss 1791052629,4223737856,341737472,24502424,4608020480,6187270144
findling-rss 1791052631,4137627648,341045248,24251792,4519739392,6187270144
findling-rss 1791052633,3928489984,340357120,24007688,4309180416,6187270144
findling-rss 1791052635,3948167168,340357120,24006784,4329476096,6187270144
findling-rss 1791052637,4222586880,342585344,24902928,4601085952,6187270144
findling-rss 1791052639,5351350272,344330240,25723592,5742407680,6187270144
findling-rss 1791052641,4677779456,344465408,25299104,5055512576,6187270144
findling-rss 1791052643,5523816448,346374144,25799464,5917818880,6187270144
findling-rss 1791052645,4762071040,344457216,25073680,5151473664,6187270144
findling-rss 1791052647,3948539904,340471808,24076048,4329623552,6187270144
findling-rss 1791052649,3891400704,340471808,24073816,4271783936,6187270144
findling-rss 1791052651,3901382656,340471808,24072640,4282109952,6187270144
findling-rss 1791052653,3947397120,340471808,24074712,4328493056,6187270144
findling-rss 1791052655,3948896256,340471808,24074552,4329656320,6187270144
findling-rss 1791052657,4913422336,344444928,25628040,5294694400,6187270144
findling-rss 1791052659,5359091712,344444928,25753856,5751283712,6187270144
findling-rss 1791052661,5108248576,345284608,25775424,5498748928,6187270144
findling-rss 1791052663,5514063872,345284608,25790960,5905760256,6187270144
findling-rss 1791052665,3866906624,340578304,24114680,4248027136,6187270144
findling-rss 1791052667,3895922688,340578304,24105128,4277260288,6187270144
findling-rss 1791052669,3875606528,340578304,24102664,4256890880,6187270144
findling-rss 1791052671,3896061952,340578304,24099720,4277100544,6187270144
findling-rss 1791052673,3892936704,340578304,24101280,4274540544,6187270144
findling-rss 1791052675,3895058432,340578304,24102904,4277174272,6187270144
findling-rss 1791052677,4886953984,346763264,25587800,5276254208,6187270144
findling-rss 1791052679,5403287552,346763264,25835600,5797564416,6187270144
findling-rss 1791052681,4993941504,345669632,25686144,5378985984,6187270144
findling-rss 1791052683,5409431552,345669632,25819496,5802942464,6187270144
findling-rss 1791052685,4010389504,341409792,24323936,4391948288,6187270144
findling-rss 1791052687,3949215744,341049344,24204752,4330954752,6187270144
findling-rss 1791052689,3903733760,340692992,24079008,4284448768,6187270144
findling-rss 1791052691,3904151552,340692992,24077776,4284694528,6187270144
findling-rss 1791052693,5115727872,344469504,25660072,5504704512,6187270144
findling-rss 1791052695,5412671488,344469504,25658520,5804593152,6187270144
findling-rss 1791052697,5149851648,346181632,25706680,5540605952,6187270144
findling-rss 1791052699,5414465536,346181632,25732568,5808234496,6187270144
findling-rss 1791052701,3903860736,341262336,24031776,4285276160,6187270144
findling-rss 1791052703,3962241024,341262336,24033096,4343750656,6187270144
findling-rss 1791052705,3973074944,341262336,24032352,4355006464,6187270144
findling-rss 1791052707,3919818752,341262336,24034456,4301627392,6187270144
findling-rss 1791052709,3919667200,341262336,24033704,4301926400,6187270144
findling-rss 1791052711,3919667200,341262336,24034824,4301680640,6187270144
findling-rss 1791052713,3917529088,341262336,24033064,4299943936,6187270144
findling-rss 1791052715,3821522944,341262336,23929568,4203433984,6187270144
findling-rss 1791052717,3917713408,341262336,24034184,4299718656,6187270144
findling-rss 1791052719,3757568000,339259392,23887360,4136022016,6187270144
findling-rss 1791052721,5457698816,344313856,25673600,5849239552,6187270144
findling-rss 1791052723,4992344064,343625728,25342016,5498146816,6187270144
findling-rss 1791052726,5380444160,346746880,25757280,5774102528,6187270144
findling-rss 1791052728,5372252160,346746880,25757976,5766074368,6187270144
findling-rss 1791052730,3904962560,341815296,24064840,4287373312,6187270144
findling-rss 1791052732,3907878912,341815296,24066704,4290699264,6187270144
findling-rss 1791052734,3915403264,341815296,24069552,4297961472,6187270144
findling-rss 1791052736,3915739136,341815296,24068528,4298932224,6187270144
findling-rss 1791052738,3916242944,341815296,24067824,4298682368,6187270144
findling-rss 1791052740,3920470016,341815296,24070312,4302708736,6187270144
findling-rss 1791052742,3916701696,341815296,24067008,4298444800,6187270144
findling-rss 1791052744,3920945152,341815296,24064832,4303310848,6187270144
findling-rss 1791052746,3916636160,341815296,24066288,4298846208,6187270144
findling-rss 1791052748,3757981696,339783680,23900448,4137246720,6187270144
findling-rss 1791052750,5357121536,347168768,25774448,5751832576,6187270144
findling-rss 1791052752,5204000768,346820608,25679224,5606600704,6187270144
findling-rss 1791052754,5417467904,347168768,25876664,5812264960,6187270144
findling-rss 1791052756,5145812992,346800128,25492328,5536067584,6187270144
findling-rss 1791052758,4324913152,343306240,24501376,4709793792,6187270144
findling-rss 1791052760,4134354944,342626304,24263088,4518805504,6187270144
findling-rss 1791052762,4133244928,342626304,24260840,4517355520,6187270144
findling-rss 1791052764,3975049216,341233664,24109328,4356763648,6187270144
findling-rss 1791052766,5444268032,346701824,25868136,5837377536,6187270144
findling-rss 1791052768,5501018112,346701824,25867272,5895327744,6187270144
findling-rss 1791052770,5380190208,351043584,26004560,5778796544,6187270144
findling-rss 1791052772,5187760128,350707712,25726752,5581201408,6187270144
findling-rss 1791052774,4111912960,344502272,24196840,4496531456,6187270144
findling-rss 1791052776,3912482816,344145920,23975080,4295299072,6187270144
findling-rss 1791052778,4015558656,344145920,24077456,4400181248,6187270144
findling-rss 1791052780,3866333184,344145920,23978368,4251234304,6187270144
findling-rss 1791052782,3965034496,344145920,24076560,4349300736,6187270144
findling-rss 1791052784,3804733440,344145920,23974520,4187594752,6187270144
findling-rss 1791052786,3969941504,344145920,24073672,4355305472,6187270144
findling-rss 1791052788,3788017664,342061056,23903776,4169072640,6187270144
findling-rss 1791052790,3874394112,342061056,23905224,4256591872,6187270144
findling-rss 1791052792,3979079680,343199744,24013584,4360757248,6187270144
findling-rss 1791052794,5506650112,345796608,25912712,5899694080,6187270144
findling-rss 1791052796,4862238720,347209728,25409992,5261041664,6187270144
findling-rss 1791052798,5397204992,347779072,25983320,5792305152,6187270144
findling-rss 1791052800,4721205248,346038272,25129624,5110865920,6187270144
findling-rss 1791052802,4096266240,343584768,24491184,4479770624,6187270144
findling-rss 1791052804,3797733376,342171648,24223352,4179709952,6187270144
findling-rss 1791052806,3856359424,342171648,24226568,4238667776,6187270144
findling-rss 1791052808,3837173760,342171648,24228688,4219695104,6187270144
findling-rss 1791052810,3858407424,342171648,24227672,4241649664,6187270144
findling-rss 1791052812,3837186048,342171648,24222000,4219912192,6187270144
findling-rss 1791052814,3857387520,342171648,24234392,4240510976,6187270144
findling-rss 1791052816,3855904768,342171648,24219184,4238663680,6187270144
findling-rss 1791052818,3857948672,342171648,24218664,4240896000,6187270144
findling-rss 1791052820,5005762560,345399296,25779288,5395685376,6187270144
findling-rss 1791052822,5421826048,345399296,25921912,5814767616,6187270144
findling-rss 1791052824,5181136896,349986816,26055264,5567991808,6187270144
findling-rss 1791052826,5485838336,349986816,26061640,5883891712,6187270144
findling-rss 1791052828,3824549888,345063424,24139248,4210245632,6187270144
findling-rss 1791052830,3883556864,345063424,24141824,4269600768,6187270144
findling-rss 1791052832,3868614656,345063424,24140504,4253999104,6187270144
findling-rss 1791052834,3888545792,345071616,24143272,4274384896,6187270144
findling-rss 1791052836,3878674432,345071616,24140112,4263661568,6187270144
findling-rss 1791052838,3889008640,345083904,24141480,4274061312,6187270144
findling-rss 1791052840,3889274880,345083904,24142808,4274266112,6187270144
findling-rss 1791052842,3889692672,345083904,24138872,4274429952,6187270144
findling-rss 1791052844,3888873472,345083904,24134992,4274319360,6187270144
findling-rss 1791052846,3889352704,345083904,24136112,4275367936,6187270144
findling-rss 1791052848,3836907520,345083904,24137592,4222210048,6187270144
findling-rss 1791052850,3837751296,345083904,24138952,4222582784,6187270144
findling-rss 1791052852,3837435904,345083904,24140168,4222648320,6187270144
findling-rss 1791052854,3785498624,345083904,24032680,4170477568,6187270144
findling-rss 1791052856,3883974656,345083904,24141464,4269600768,6187270144
findling-rss 1791052858,3795263488,345083904,24035144,4179910656,6187270144
findling-rss 1791052860,3891818496,345083904,24143072,4277293056,6187270144
findling-rss 1791052862,3835650048,345083904,24142624,4220801024,6187270144
findling-rss 1791052864,3892289536,345083904,24140240,4277235712,6187270144
findling-rss 1791052866,3872161792,345083904,24139856,4257263616,6187270144
findling-rss 1791052868,3894263808,345083904,24143848,4279820288,6187270144
findling-rss 1791052870,3872169984,345083904,24145704,4257943552,6187270144
findling-rss 1791052872,3892523008,345083904,24133264,4277567488,6187270144
findling-rss 1791052874,3838337024,345083904,24134200,4222525440,6187270144
findling-rss 1791052876,3839705088,345083904,24133024,4224860160,6187270144
findling-rss 1791052878,4310687744,344477696,24796864,4693475328,6187270144
findling-rss 1791052880,5386096640,346611712,26051640,5779267584,6187270144
findling-rss 1791052882,4830257152,345899008,25711464,5238575104,6187270144
findling-rss 1791052884,5403226112,346578944,26040696,5797572608,6187270144
findling-rss 1791052886,4674961408,344489984,25288640,5063835648,6187270144
findling-rss 1791052888,3839901696,342044672,24204352,4222083072,6187270144
findling-rss 1791052890,3691794432,341688320,24081504,4071870464,6187270144
findling-rss 1791052892,3744362496,341688320,24084696,4125417472,6187270144
findling-rss 1791052894,3949555712,343334912,24762136,4332490752,6187270144
findling-rss 1791052896,5364559872,345444352,25964320,5757050880,6187270144
findling-rss 1791052898,4875792384,346660864,25570736,5266010112,6187270144
findling-rss 1791052900,5555515392,347353088,26023448,5950693376,6187270144
findling-rss 1791052902,4046651392,343748608,24478096,4428644352,6187270144
findling-rss 1791052904,3877445632,343048192,24218040,4261040128,6187270144
findling-rss 1791052906,3857731584,343048192,24215680,4241645568,6187270144
findling-rss 1791052908,3887394816,343048192,24219088,4271202304,6187270144
findling-rss 1791052910,3709915136,342016000,24082776,4091830272,6187270144
findling-rss 1791052912,3730862080,342016000,24080064,4113068032,6187270144
findling-rss 1791052914,3728191488,342016000,24081040,4110356480,6187270144
findling-rss 1791052916,3729440768,342016000,24082400,4111626240,6187270144
findling-rss 1791052918,4966670336,356892672,26164816,5360254976,6187270144
findling-rss 1791052920,5455069184,356892672,26339632,5859856384,6187270144
findling-rss 1791052922,5165993984,356880384,26210104,5563867136,6187270144
findling-rss 1791052924,5594365952,356880384,26344808,5998669824,6187270144
findling-rss 1791052926,4334739456,354082816,25336888,4729942016,6187270144
findling-rss 1791052928,4324823040,353734656,25210584,4721893376,6187270144
findling-rss 1791052930,3851956224,352690176,24614400,4244418560,6187270144
findling-rss 1791052932,3881897984,352690176,24613352,4275269632,6187270144
findling-rss 1791052934,3859197952,352690176,24606192,4253089792,6187270144
findling-rss 1791052936,3883323392,352690176,24608280,4276506624,6187270144
findling-rss 1791052938,3860336640,352690176,24608600,4254511104,6187270144
findling-rss 1791052940,3882196992,352690176,24606576,4276129792,6187270144
findling-rss 1791052942,3879251968,352690176,24609112,4273045504,6187270144
findling-rss 1791052944,3887304704,352690176,24607712,4280680448,6187270144
findling-rss 1791052946,3826515968,352690176,24606200,4219715584,6187270144
findling-rss 1791052948,3737407488,352690176,24499096,4130144256,6187270144
findling-rss 1791052950,3827576832,352690176,24605512,4220669952,6187270144
findling-rss 1791052952,3713314816,352690176,24500456,4103147520,6187270144
findling-rss 1791052954,3924156416,352690176,24605408,4317851648,6187270144
findling-rss 1791052956,3521961984,345686016,24086992,3906797568,6187270144
findling-rss 1791052958,3627438080,345686016,24207056,4013146112,6187270144
findling-rss 1791052960,3544301568,345686016,24198816,3929575424,6187270144
findling-rss 1791052962,3628945408,345686016,24193376,4013617152,6187270144
findling-rss 1791052964,3574259712,345686016,24192016,3958321152,6187270144
findling-rss 1791052966,3628097536,345686016,24191952,4013068288,6187270144
findling-rss 1791052968,3608481792,345686016,24187936,3993874432,6187270144
findling-rss 1791052970,3628007424,345686016,24188144,4014026752,6187270144
findling-rss 1791052972,3573141504,345686016,24189280,3958312960,6187270144
findling-rss 1791052974,3574865920,345686016,24189416,3959906304,6187270144
findling-rss 1791052976,4780093440,350830592,25991000,5171634176,6187270144
findling-rss 1791052978,5418287104,350830592,26186024,5816418304,6187270144
findling-rss 1791052980,4778582016,350883840,25784288,5167443968,6187270144
findling-rss 1791052982,5384998912,349700096,26192560,5782683648,6187270144
findling-rss 1791052985,3802292224,345833472,24616128,4188545024,6187270144
findling-rss 1791052987,3623743488,345120768,24369408,4008239104,6187270144
findling-rss 1791052989,3482910720,344768512,24022896,3866038272,6187270144
findling-rss 1791052991,3484450816,344768512,24023616,3868614656,6187270144
findling-rss 1791052993,3493703680,344768512,24020760,3876839424,6187270144
findling-rss 1791052995,3493785600,344768512,24019696,3877847040,6187270144
findling-rss 1791052997,3494334464,344768512,24020952,3877257216,6187270144
findling-rss 1791052999,3494334464,344768512,24021056,3877699584,6187270144
findling-rss 1791053001,3494080512,344768512,24021712,3877466112,6187270144
findling-rss 1791053003,3398283264,344768512,23922312,3781533696,6187270144
findling-rss 1791053005,3494211584,344768512,24021384,3877978112,6187270144
findling-rss 1791053007,3435905024,344768512,24024600,3819184128,6187270144
findling-rss 1791053009,3495501824,344768512,24023560,3879198720,6187270144
findling-rss 1791053011,3474780160,344768512,24020408,3858599936,6187270144
findling-rss 1791053013,3494883328,344768512,24025120,3877949440,6187270144
findling-rss 1791053015,3474821120,344768512,24023808,3857883136,6187270144
findling-rss 1791053017,3495198720,344768512,24025592,3878076416,6187270144
findling-rss 1791053019,3494064128,344768512,24027224,3877220352,6187270144
findling-rss 1791053021,3494723584,344768512,24020056,3877990400,6187270144
findling-rss 1791053023,4658905088,353677312,25967744,5054099456,6187270144
findling-rss 1791053025,5370068992,353677312,26363696,5770948608,6187270144
findling-rss 1791053027,4525187072,359084032,25811104,4922548224,6187270144
findling-rss 1791053029,5297917952,359436288,26601224,5704224768,6187270144
findling-rss 1791053031,4350914560,356143104,25634736,4749438976,6187270144
findling-rss 1791053033,3971944448,354390016,25239440,4367704064,6187270144
findling-rss 1791053035,3704086528,354045952,25116880,4098584576,6187270144
findling-rss 1791053037,3829207040,354045952,25122200,4223803392,6187270144
findling-rss 1791053039,3791376384,354045952,25125368,4185747456,6187270144
findling-rss 1791053041,3834744832,354045952,25122072,4229070848,6187270144
findling-rss 1791053043,3651469312,352636928,24967224,4044038144,6187270144
findling-rss 1791053045,3676135424,352636928,24964296,4068564992,6187270144
findling-rss 1791053047,3555524608,352636928,24860560,3947687936,6187270144
findling-rss 1791053049,3619430400,352636928,24967712,4012511232,6187270144
findling-rss 1791053051,3528900608,352636928,24967872,3920699392,6187270144
findling-rss 1791053053,3618631680,352636928,24963696,4011409408,6187270144
findling-rss 1791053055,3607052288,352636928,24961056,4000198656,6187270144
findling-rss 1791053057,3665190912,352636928,24960336,4056752128,6187270144
findling-rss 1791053059,3644932096,352636928,24961344,4037726208,6187270144
findling-rss 1791053061,3674292224,352636928,24965888,4067082240,6187270144
findling-rss 1791053063,3655872512,352636928,24967256,4048801792,6187270144
findling-rss 1791053065,3676790784,352636928,24961416,4069056512,6187270144
findling-rss 1791053067,3676233728,352636928,24958904,4069384192,6187270144
findling-rss 1791053069,3517186048,348803072,24747752,3905818624,6187270144
findling-rss 1791053071,3516362752,348803072,24743504,3904671744,6187270144
findling-rss 1791053073,3516506112,348803072,24745104,3904659456,6187270144
findling-rss 1791053075,3516993536,348803072,24749088,3904385024,6187270144
findling-rss 1791053077,3517382656,348803072,24748584,3906138112,6187270144
findling-rss 1791053079,3517489152,348803072,24751264,3905601536,6187270144
findling-rss 1791053081,3495079936,348803072,24751376,3883372544,6187270144
findling-rss 1791053083,3517800448,348803072,24749672,3905712128,6187270144
findling-rss 1791053085,3434582016,348803072,24745152,3822465024,6187270144
findling-rss 1791053087,3520290816,348803072,24790048,3908792320,6187270144
findling-rss 1791053089,3490508800,348803072,24751544,3878625280,6187270144
findling-rss 1791053091,3519614976,348803072,24747824,3907899392,6187270144
findling-rss 1791053093,3499233280,348803072,24746992,3887587328,6187270144
findling-rss 1791053095,3520479232,348803072,24748312,3908673536,6187270144
findling-rss 1791053097,3458924544,348803072,24751136,3846201344,6187270144
findling-rss 1791053099,3466416128,348803072,24750712,3854663680,6187270144
findling-rss 1791053101,3465572352,348803072,24751848,3853811712,6187270144
findling-rss 1791053103,3469074432,348803072,24753448,3856789504,6187270144
findling-rss 1791053105,3512889344,348803072,24752848,3901800448,6187270144
findling-rss 1791053107,3512889344,348803072,24754152,3901177856,6187270144
findling-rss 1791053109,3520483328,348803072,24767784,3908911104,6187270144
findling-rss 1791053111,3526139904,348803072,24757432,3914346496,6187270144
findling-rss 1791053113,3362545664,340815872,24424112,3741663232,6187270144
findling-rss 1791053115,3362545664,340815872,24488360,3741900800,6187270144
findling-rss 1791053117,5446017024,346058752,26280824,5839142912,6187270144
findling-rss 1791053119,4591284224,345042944,25473544,4977610752,6187270144
findling-rss 1791053121,4805652480,344723456,25861648,5195116544,6187270144
findling-rss 1791053123,3756261376,342253568,25025960,4189925376,6187270144
findling-rss 1791053125,3292340224,340910080,24532840,3672338432,6187270144
findling-rss 1791053127,3292340224,340910080,24533424,3672764416,6187270144
findling-rss 1791053129,3292340224,340910080,24532640,3672346624,6187270144
findling-rss 1791053131,3292340224,340910080,24532096,3671924736,6187270144
findling-rss 1791053133,3292340224,340910080,24533936,3672096768,6187270144
findling-rss 1791053135,3292340224,340910080,24534336,3671752704,6187270144
findling-rss 1791053137,3292340224,340910080,24533728,3671592960,6187270144
findling-rss 1791053139,3292340224,340910080,24535088,3671830528,6187270144
findling-rss 1791053141,3292340224,340910080,24536448,3671842816,6187270144
findling-rss 1791053143,3292340224,340910080,24533760,3672199168,6187270144
findling-rss 1791053145,3292340224,340910080,24532296,3671937024,6187270144
findling-rss 1791053147,3292340224,340910080,24533216,3672162304,6187270144
findling-rss 1791053149,3292340224,340910080,24529984,3669737472,6187270144
findling-rss 1791053151,3292340224,340910080,24531416,3672092672,6187270144
findling-rss 1791053153,3292340224,340910080,24529984,3671961600,6187270144
findling-rss 1791053155,3292340224,340910080,24528896,3671670784,6187270144
findling-rss 1791053157,3292340224,340910080,24534168,3671752704,6187270144
findling-rss 1791053159,3292340224,340910080,24535968,3671912448,6187270144
findling-rss 1791053161,3292340224,340910080,24537368,3671359488,6187270144
findling-rss 1791053163,3292340224,340910080,24534576,3672113152,6187270144
findling-rss 1791053165,3292340224,340910080,24535696,3671674880,6187270144
findling-rss 1791053167,3292340224,340910080,24535696,3671646208,6187270144
findling-rss 1791053169,3292340224,340910080,24537560,3671543808,6187270144
findling-rss 1791053171,3292340224,340910080,24538416,3671572480,6187270144
findling-rss 1791053173,3292340224,340910080,24537296,3671945216,6187270144
findling-rss 1791053175,3292340224,340910080,24537176,3671846912,6187270144
findling-rss 1791053177,3292340224,340910080,24527088,3671773184,6187270144
findling-rss 1791053179,3292340224,340910080,24529144,3671289856,6187270144
findling-rss 1791053181,3292340224,340910080,24528184,3671064576,6187270144
findling-rss 1791053183,3292340224,340910080,24527336,3671449600,6187270144
findling-rss 1791053185,3292340224,340910080,24524024,3672203264,6187270144
findling-rss 1791053187,3292340224,340910080,24525832,3672649728,6187270144
findling-rss 1791053189,3292340224,340910080,24528688,3671953408,6187270144
findling-rss 1791053191,3292340224,340910080,24529168,3671855104,6187270144
findling-rss 1791053193,3292340224,340910080,24528552,3672305664,6187270144
findling-rss 1791053195,3292340224,340910080,24528992,3671990272,6187270144
findling-rss 1791053197,3292340224,340910080,24528552,3671711744,6187270144
findling-rss 1791053199,3292340224,340910080,24528248,3671887872,6187270144
findling-rss 1791053201,3292340224,340910080,24526072,3670622208,6187270144
findling-rss 1791053203,3292340224,340910080,24527432,3671592960,6187270144
findling-rss 1791053205,3292340224,340910080,24526752,3671924736,6187270144
findling-rss 1791053207,3292340224,340910080,24528112,3671543808,6187270144
findling-rss 1791053209,3292340224,340910080,24529712,3672006656,6187270144
findling-rss 1791053211,3292340224,340910080,24530256,3671003136,6187270144
findling-rss 1791053213,3292340224,340910080,24533672,3671982080,6187270144
findling-rss 1791053215,3292340224,340910080,24530696,3671781376,6187270144
findling-rss 1791053217,3292340224,340910080,24528480,3671990272,6187270144
findling-rss 1791053219,3292340224,340910080,24530560,3671605248,6187270144
findling-rss 1791053221,3292340224,340910080,24542208,3672379392,6187270144
findling-rss 1791053223,3292340224,340910080,24532096,3672264704,6187270144
findling-rss 1791053225,3292340224,340910080,24533456,3672006656,6187270144
findling-rss 1791053227,3292340224,340910080,24530832,3671961600,6187270144
findling-rss 1791053229,3292340224,340910080,24532432,3671879680,6187270144
findling-rss 1791053231,3292340224,340910080,24532432,3671425024,6187270144
findling-rss 1791053233,3292340224,340910080,24534032,3672100864,6187270144
findling-rss 1791053235,3292340224,340910080,24534472,3671142400,6187270144
findling-rss 1791053237,3292340224,340910080,24535832,3671789568,6187270144
findling-rss 1791053239,3292340224,340910080,24534984,3671744512,6187270144
findling-rss 1791053241,3292340224,340910080,24534432,3671863296,6187270144
findling-rss 1791053243,3292340224,340910080,24535392,3672584192,6187270144
findling-rss 1791053245,3292340224,340910080,24531480,3672236032,6187270144
findling-rss 1791053247,3292340224,340910080,24530800,3672141824,6187270144
findling-rss 1791053249,3292340224,340910080,24532432,3672309760,6187270144
findling-rss 1791053251,3292340224,340910080,24534272,3671994368,6187270144
findling-rss 1791053253,3292340224,340910080,24533760,3671773184,6187270144
findling-rss 1791053256,3292340224,340910080,24534880,3672166400,6187270144
findling-rss 1791053258,3292340224,340910080,24534240,3672236032,6187270144
findling-rss 1791053260,3292340224,340910080,24535384,3671826432,6187270144
findling-rss 1791053262,3292340224,340910080,24535560,3670601728,6187270144
findling-rss 1791053264,3292340224,340910080,24537400,3672129536,6187270144
findling-rss 1791053266,3292340224,340910080,24536104,3672141824,6187270144
findling-rss 1791053268,3292340224,340910080,24537288,3671977984,6187270144
findling-rss 1791053270,3292340224,340910080,24534000,3672805376,6187270144
findling-rss 1791053272,3292340224,340910080,24533792,3670003712,6187270144
findling-rss 1791053274,3292340224,340910080,24534336,3671801856,6187270144
findling-rss 1791053276,3292340224,340910080,24532328,3672367104,6187270144
findling-rss 1791053278,3292340224,340910080,24530664,3672604672,6187270144
findling-rss 1791053280,3292340224,340910080,24532224,3672727552,6187270144
findling-rss 1791053282,3292340224,340910080,24533624,3671994368,6187270144
findling-rss 1791053284,3292340224,340910080,24531952,3671789568,6187270144
findling-rss 1791053286,3292340224,340910080,24533312,3671805952,6187270144
findling-rss 1791053288,3292340224,340910080,24533072,3671486464,6187270144
findling-rss 1791053290,3293880320,340910080,24598272,3672723456,6187270144
findling-rss 1791053292,3292340224,340910080,24532328,3670872064,6187270144
findling-rss 1791053294,3292340224,340910080,24531920,3671650304,6187270144
findling-rss 1791053296,3292340224,340910080,24528520,3672088576,6187270144
findling-rss 1791053298,3292340224,340910080,24530360,3672461312,6187270144
findling-rss 1791053300,3292340224,340910080,24531504,3672076288,6187270144
findling-rss 1791053302,3292340224,340910080,24531920,3671814144,6187270144
findling-rss 1791053304,3292340224,340910080,24531920,3671601152,6187270144
findling-rss 1791053306,3292340224,340910080,24529328,3671977984,6187270144
findling-rss 1791053308,3292340224,340910080,24526992,3671883776,6187270144
findling-rss 1791053310,3292340224,340910080,24528592,3672633344,6187270144
findling-rss 1791053312,3292340224,340910080,24571328,3672936448,6187270144
findling-rss 1791053314,3292340224,340910080,24527840,3671982080,6187270144
findling-rss 1791053316,3292340224,340910080,24529200,3671289856,6187270144
findling-rss 1791053318,3292340224,340910080,24530560,3671740416,6187270144
findling-rss 1791053320,3292340224,340910080,24531920,3672195072,6187270144
findling-rss 1791053322,3292340224,340910080,24528248,3671138304,6187270144
findling-rss 1791053324,3292340224,340910080,24529168,3671502848,6187270144
findling-rss 1791053326,3292340224,340910080,24530768,3671748608,6187270144
findling-rss 1791053328,3292340224,340910080,24527704,3671879680,6187270144
findling-rss 1791053330,3292340224,340910080,24528216,3672285184,6187270144
findling-rss 1791053332,3292340224,340910080,24529840,3671711744,6187270144
findling-rss 1791053334,3292340224,340910080,24530080,3671457792,6187270144
findling-rss 1791053336,3292340224,340910080,24529336,3671752704,6187270144
findling-rss 1791053338,3292340224,340910080,24530800,3671642112,6187270144
findling-rss 1791053340,3292340224,340910080,24530216,3671359488,6187270144
findling-rss 1791053342,3292340224,340910080,24531376,3672023040,6187270144
findling-rss 1791053344,3292340224,340910080,24532704,3671879680,6187270144
findling-rss 1791053346,3292340224,340910080,24529440,3671658496,6187270144
findling-rss 1791053348,3292340224,340910080,24525936,3671932928,6187270144
findling-rss 1791053350,3292340224,340910080,24527296,3671719936,6187270144
findling-rss 1791053352,3292340224,340910080,24530840,3671511040,6187270144
findling-rss 1791053354,3292340224,340910080,24531480,3671805952,6187270144
findling-rss 1791053356,3292340224,340910080,24532968,3672010752,6187270144
findling-rss 1791053358,3292340224,340910080,24531416,3671273472,6187270144
findling-rss 1791053360,3292340224,340910080,24529984,3671973888,6187270144
findling-rss 1791053362,3292340224,340910080,24532088,3671498752,6187270144
findling-rss 1791053364,3292340224,340910080,24532704,3670904832,6187270144
findling-rss 1791053366,3292340224,340910080,24533112,3671977984,6187270144
findling-rss 1791053368,3292340224,340910080,24532776,3672432640,6187270144
findling-rss 1791053370,3292340224,340910080,24532024,3671683072,6187270144
findling-rss 1791053372,3292340224,340910080,24533864,3671855104,6187270144
findling-rss 1791053374,3292340224,340910080,24535488,3671818240,6187270144
findling-rss 1791053376,3292340224,340910080,24537088,3671904256,6187270144
findling-rss 1791053378,3292340224,340910080,24537232,3671363584,6187270144
findling-rss 1791053380,3292340224,340910080,24536752,3671740416,6187270144
findling-rss 1791053382,3292340224,340910080,24535120,3671404544,6187270144
findling-rss 1791053384,3292340224,340910080,24536480,3671449600,6187270144
findling-rss 1791053386,3292340224,340910080,24534848,3672399872,6187270144
findling-rss 1791053388,3292340224,340910080,24534272,3671732224,6187270144
findling-rss 1791053390,3292340224,340910080,24534680,3672100864,6187270144
findling-rss 1791053392,3292340224,340910080,24534920,3672133632,6187270144
findling-rss 1791053394,3292340224,340910080,24534272,3669745664,6187270144
findling-rss summary samples=1796 max_anon=5740191744 peak=6187270144 events=[low=0 high=0 max=0 oom=0 oom_kill=0 oom_group_kill=0 sock_throttled=0] oom_killed=false
