findling-rss timestamp,anon,file,slab,current,peak
findling-rss 1791067819,130408448,62570496,7209688,202358784,2506104832
findling-rss 1791067821,130424832,63336448,7250280,204754944,2506104832
findling-rss 1791067823,130441216,63344640,7252448,204267520,2506104832
findling-rss 1791067825,130441216,63483904,7253552,204423168,2506104832
findling-rss 1791067827,130441216,63492096,7250608,204386304,2506104832
findling-rss 1791067829,132542464,63508480,7255456,207212544,2506104832
findling-rss 1791067831,133066752,63516672,7257640,207290368,2506104832
findling-rss 1791067833,133066752,63524864,7255592,207085568,2506104832
findling-rss 1791067835,133074944,63533056,7256760,207089664,2506104832
findling-rss 1791067837,133103616,63541248,7255160,207028224,2506104832
findling-rss 1791067839,133160960,63549440,7256504,207454208,2506104832
findling-rss 1791067841,133173248,63553536,7271416,208785408,2506104832
findling-rss 1791067843,133201920,63561728,7254696,207343616,2506104832
findling-rss 1791067845,135237632,63569920,7258824,209551360,2506104832
findling-rss 1791067847,135249920,63578112,7258912,209928192,2506104832
findling-rss 1791067849,135270400,63586304,7256968,209453056,2506104832
findling-rss 1791067851,135270400,63590400,7259160,209391616,2506104832
findling-rss 1791067853,135270400,63598592,7260504,209338368,2506104832
findling-rss 1791067855,135270400,63606784,7260048,209838080,2506104832
findling-rss 1791067857,135286784,63614976,7261392,209670144,2506104832
findling-rss 1791067859,135323648,63623168,7261376,208957440,2506104832
findling-rss 1791067861,135340032,63627264,7262848,209588224,2506104832
findling-rss 1791067863,135340032,63635456,7264056,209543168,2506104832
findling-rss 1791067865,135340032,63643648,7260616,208928768,2506104832
findling-rss 1791067867,135340032,63651840,7261720,209997824,2506104832
findling-rss 1791067869,135344128,63660032,7259800,209780736,2506104832
findling-rss 1791067871,135356416,63664128,7261272,209272832,2506104832
findling-rss 1791067873,135356416,63672320,7260920,209682432,2506104832
findling-rss 1791067875,136073216,63680512,7260192,210489344,2506104832
findling-rss 1791067877,136073216,63688704,7260656,209813504,2506104832
findling-rss 1791067879,136073216,63696896,7261456,209715200,2506104832
findling-rss 1791067881,136101888,63705088,7263040,209817600,2506104832
findling-rss 1791067883,136101888,63709184,7263696,210649088,2506104832
findling-rss 1791067885,136101888,63713280,7266344,210534400,2506104832
findling-rss 1791067887,137396224,63713280,7311752,211468288,2506104832
findling-rss 1791067889,136101888,63713280,7268384,210022400,2506104832
findling-rss 1791067891,216154112,84516864,9319584,314241024,2506104832
findling-rss 1791067893,234512384,92200960,11085360,341602304,2506104832
findling-rss 1791067895,245825536,94076928,11148704,354783232,2506104832
findling-rss 1791067897,242515968,95150080,11202432,352673792,2506104832
findling-rss 1791067899,249217024,96223232,11254928,359931904,2506104832
findling-rss 1791067901,249901056,97185792,11307312,362385408,2506104832
findling-rss 1791067903,251392000,98177024,11353288,364150784,2506104832
findling-rss 1791067905,821108736,122654720,11511032,958251008,2506104832
findling-rss 1791067907,1525592064,264544256,12356256,1810165760,2506104832
findling-rss 1791067909,1446686720,264884224,12490080,1731162112,2506104832
findling-rss 1791067911,1462706176,265625600,12572224,1747394560,2506104832
findling-rss 1791067913,1467891712,266231808,12495016,1753079808,2506104832
findling-rss 1791067915,1471492096,267345920,12532656,1758568448,2506104832
findling-rss 1791067917,1417224192,267808768,12579840,1704542208,2506104832
findling-rss 1791067919,1474416640,268488704,12621568,1761878016,2506104832
findling-rss 1791067921,1478922240,269221888,12648144,1767952384,2506104832
findling-rss 1791067923,1993256960,275337216,15403576,2283474944,2506104832
findling-rss 1791067925,4124684288,275595264,18215208,4435476480,4436520960
findling-rss 1791067927,3993219072,275234816,18117312,4304818176,4467978240
findling-rss 1791067929,2769227776,271101952,16530000,3068919808,4467978240
findling-rss 1791067931,4723392512,279797760,18594440,5041332224,5041332224
findling-rss 1791067933,4857466880,280567808,18616440,5176250368,5176258560
findling-rss 1791067935,4646457344,280829952,18591040,4964360192,5176258560
findling-rss 1791067937,4894130176,280829952,18593632,5211099136,5217501184
findling-rss 1791067939,2718818304,275611648,16766792,3023130624,5217501184
findling-rss 1791067941,4887949312,280915968,18673608,5203488768,5217734656
findling-rss 1791067943,4983345152,280915968,18674616,5302546432,5354917888
findling-rss 1791067945,4773228544,280883200,18622288,5089992704,5354917888
findling-rss 1791067947,5083226112,280915968,18638776,5402705920,5403242496
findling-rss 1791067949,2803126272,275779584,16850192,3109322752,5414100992
findling-rss 1791067951,5066715136,283987968,18653480,5374058496,5414100992
findling-rss 1791067953,5264580608,283987968,18662536,5587492864,5587501056
findling-rss 1791067955,4959653888,283754496,18555232,5272182784,5588721664
findling-rss 1791067957,5359276032,283754496,18666352,5682597888,5684178944
findling-rss 1791067959,3413315584,279531520,17171136,3799048192,5684178944
findling-rss 1791067961,3428888576,278859776,17039616,3738677248,5684178944
findling-rss 1791067963,3260039168,278511616,16911448,3569819648,5684178944
findling-rss 1791067965,3224539136,278511616,16912304,3592269824,5684178944
findling-rss 1791067967,3336634368,278511616,16908784,3647107072,5684178944
findling-rss 1791067970,3344252928,278511616,16910272,3654815744,5684178944
findling-rss 1791067972,3283312640,278511616,16911448,3593105408,5684178944
findling-rss 1791067974,3226587136,278511616,16911224,3535974400,5684178944
findling-rss 1791067976,3227205632,278511616,16913208,3536920576,5684178944
findling-rss 1791067978,3227766784,278511616,16913992,3537907712,5684178944
findling-rss 1791067980,3229339648,278511616,16914272,3539587072,5684178944
findling-rss 1791067982,3213438976,278511616,16975288,3540537344,5684178944
findling-rss 1791067984,5277241344,282374144,18649104,5598453760,5684178944
findling-rss 1791067986,5310328832,282374144,18665424,5631864832,5684178944
findling-rss 1791067988,5292208128,281448448,18648296,5626564608,5684178944
findling-rss 1791067990,5313458176,281448448,18649104,5634097152,5686902784
findling-rss 1791067992,3729854464,279773184,17745984,4039348224,5686902784
findling-rss 1791067994,5320695808,282923008,18724776,5641408512,5686902784
findling-rss 1791067996,4902002688,282210304,18294456,5222076416,5764116480
findling-rss 1791067998,4861116416,281526272,18259368,5179981824,5764116480
findling-rss 1791068000,4222783488,280113152,17781640,4538314752,5764116480
findling-rss 1791068002,3374358528,277999616,17040952,3683508224,5764116480
findling-rss 1791068004,3279286272,277999616,16936048,3588857856,5764116480
findling-rss 1791068006,3376533504,277999616,17039960,3685994496,5764116480
findling-rss 1791068008,3319574528,277999616,17044784,3630034944,5764116480
findling-rss 1791068010,3381309440,277999616,17039832,3691544576,5764116480
findling-rss 1791068012,3216969728,276332544,16883784,3523526656,5764116480
findling-rss 1791068014,3268595712,276332544,16885488,3563302912,5764116480
findling-rss 1791068016,3281260544,276762624,16894552,3588816896,5764116480
findling-rss 1791068018,3228393472,276762624,16896256,3536166912,5764116480
findling-rss 1791068020,3228393472,276762624,16897880,3536306176,5764116480
findling-rss 1791068022,3228393472,276762624,16896320,3535216640,5764116480
findling-rss 1791068024,3228393472,276762624,16897680,3535597568,5764116480
findling-rss 1791068026,3228393472,276762624,16897168,3536515072,5764116480
findling-rss 1791068028,3228393472,276762624,16894960,3536191488,5764116480
findling-rss 1791068030,3228393472,276762624,16891048,3536048128,5764116480
findling-rss 1791068032,3228393472,276762624,16891048,3536486400,5764116480
findling-rss 1791068034,3228393472,276762624,16894792,3536486400,5764116480
findling-rss 1791068036,3228393472,276762624,16896656,3536412672,5764116480
findling-rss 1791068038,3228393472,276762624,16897752,3536113664,5764116480
findling-rss 1791068040,3228393472,276762624,16899112,3536232448,5764116480
findling-rss 1791068042,3228393472,276762624,16900712,3536424960,5764116480
findling-rss 1791068044,3228393472,276762624,16912864,3535773696,5764116480
findling-rss 1791068046,3228393472,276762624,16900640,3536191488,5764116480
findling-rss 1791068048,3228393472,276762624,16899312,3536302080,5764116480
findling-rss 1791068050,3228393472,276762624,16899856,3536035840,5764116480
findling-rss 1791068052,3228393472,276762624,16898360,3534532608,5764116480
findling-rss 1791068054,3228393472,276762624,16896664,3535990784,5764116480
findling-rss 1791068056,3228393472,276762624,16896288,3535933440,5764116480
findling-rss 1791068058,3228393472,276762624,16892648,3535425536,5764116480
findling-rss 1791068060,3228393472,276762624,16893568,3535495168,5764116480
findling-rss 1791068062,3228393472,276762624,16898464,3535765504,5764116480
findling-rss 1791068064,3228393472,276762624,16900304,3536343040,5764116480
findling-rss 1791068066,3228393472,276762624,16911632,3536547840,5764116480
findling-rss 1791068068,3228393472,276762624,16898528,3536326656,5764116480
findling-rss 1791068070,3228393472,276762624,16899448,3536138240,5764116480
findling-rss 1791068072,3228393472,276762624,16898224,3535642624,5764116480
findling-rss 1791068074,3228393472,276762624,16898192,3535822848,5764116480
findling-rss 1791068076,3228393472,276762624,16899312,3536355328,5764116480
findling-rss 1791068078,3228393472,276762624,16900672,3536637952,5764116480
findling-rss 1791068080,3228393472,276762624,16900264,3535773696,5764116480
findling-rss 1791068082,3228393472,276762624,16901624,3534528512,5764116480
findling-rss 1791068084,3228393472,276762624,16901016,3535884288,5764116480
findling-rss 1791068086,3228393472,276762624,16898288,3536343040,5764116480
findling-rss 1791068088,3228393472,276762624,16895464,3536543744,5764116480
findling-rss 1791068090,3228393472,276762624,16895640,3536674816,5764116480
findling-rss 1791068092,3228393472,276762624,16897744,3537010688,5764116480
findling-rss 1791068094,3228393472,276762624,16899080,3536691200,5764116480
findling-rss 1791068096,3228393472,276762624,16898360,3536388096,5764116480
findling-rss 1791068098,3228393472,276762624,16897376,3536453632,5764116480
findling-rss 1791068100,3228393472,276762624,16898496,3536678912,5764116480
findling-rss 1791068102,3228393472,276762624,16898632,3536232448,5764116480
findling-rss 1791068104,3228393472,276762624,16897752,3536359424,5764116480
findling-rss 1791068106,3228393472,276762624,16897512,3535810560,5764116480
findling-rss 1791068108,3228393472,276762624,16895568,3536322560,5764116480
findling-rss 1791068110,3228393472,276762624,16896184,3536347136,5764116480
findling-rss 1791068112,3228393472,276762624,16905112,3536060416,5764116480
findling-rss 1791068114,3228393472,276762624,16894784,3536297984,5764116480
findling-rss 1791068116,3228393472,276762624,16895880,3536605184,5764116480
findling-rss 1791068118,3228393472,276762624,16897240,3535998976,5764116480
findling-rss 1791068120,3228393472,276762624,16897272,3535925248,5764116480
findling-rss 1791068122,3228393472,276762624,16896832,3536134144,5764116480
findling-rss 1791068124,3228393472,276762624,16898216,3536191488,5764116480
findling-rss 1791068126,3228393472,276762624,16899552,3535929344,5764116480
findling-rss 1791068128,3228393472,276762624,16900912,3536080896,5764116480
findling-rss 1791068130,3228393472,276762624,16900672,3535900672,5764116480
findling-rss 1791068132,3228393472,276762624,16900336,3535933440,5764116480
findling-rss 1791068134,3228393472,276762624,16915096,3536433152,5764116480
findling-rss 1791068136,3228393472,276762624,16899992,3535556608,5764116480
findling-rss 1791068138,3228393472,276762624,16901552,3536457728,5764116480
findling-rss 1791068140,3228393472,276762624,16901488,3535765504,5764116480
findling-rss 1791068142,3228393472,276762624,16897400,3535069184,5764116480
findling-rss 1791068144,3228393472,276762624,16897680,3536285696,5764116480
findling-rss 1791068146,3228393472,276762624,16898360,3536805888,5764116480
findling-rss 1791068148,3228393472,276762624,16899720,3535429632,5764116480
findling-rss 1791068150,3228393472,276762624,16898352,3536474112,5764116480
findling-rss 1791068152,3228393472,276762624,16899112,3535859712,5764116480
findling-rss 1791068154,3228393472,276762624,16899544,3536461824,5764116480
findling-rss 1791068156,3228393472,276762624,16899240,3536658432,5764116480
findling-rss 1791068158,3228393472,276762624,16898496,3536478208,5764116480
findling-rss 1791068160,3228393472,276762624,16899856,3535917056,5764116480
findling-rss 1791068162,3228393472,276762624,16898904,3536158720,5764116480
findling-rss 1791068164,3228393472,276762624,16900744,3536211968,5764116480
findling-rss 1791068166,3228393472,276762624,16900264,3535708160,5764116480
findling-rss 1791068168,3228393472,276762624,16901624,3536179200,5764116480
findling-rss 1791068170,3228393472,276762624,16901624,3535933440,5764116480
findling-rss 1791068172,3228393472,276762624,16898160,3536269312,5764116480
findling-rss 1791068174,3228393472,276762624,16898360,3536232448,5764116480
findling-rss 1791068176,3228393472,276762624,16898496,3536138240,5764116480
findling-rss 1791068178,3228393472,276762624,16898424,3535888384,5764116480
findling-rss 1791068180,3228393472,276762624,16897680,3536089088,5764116480
findling-rss 1791068182,3228393472,276762624,16901048,3536867328,5764116480
findling-rss 1791068184,3228393472,276762624,16900064,3536244736,5764116480
findling-rss 1791068186,3228393472,276762624,16900368,3535806464,5764116480
findling-rss 1791068188,3228393472,276762624,16901728,3536953344,5764116480
findling-rss 1791068190,3228393472,276762624,16902000,3536252928,5764116480
findling-rss 1791068192,3228393472,276762624,16903360,3536003072,5764116480
findling-rss 1791068194,3184627712,277303296,16787352,3492614144,5764116480
findling-rss 1791068196,3278405632,277295104,17054960,3586277376,5764116480
findling-rss 1791068198,3364556800,277229568,17299296,3673800704,5764116480
findling-rss 1791068200,3415547904,277413888,17396880,3725660160,5764116480
findling-rss 1791068202,3464531968,278065152,17518488,3774410752,5764116480
findling-rss 1791068204,3491024896,278024192,17565616,3801735168,5764116480
findling-rss 1791068206,3537657856,278286336,17679176,3848257536,5764116480
findling-rss 1791068208,3559415808,278294528,17680856,3871006720,5764116480
findling-rss 1791068210,3564212224,279052288,17725664,3876040704,5764116480
findling-rss 1791068212,3571978240,279474176,17764248,3884175360,5764116480
findling-rss 1791068214,3603038208,279330816,17818568,3916570624,5764116480
findling-rss 1791068216,3624439808,279539712,17858248,3938103296,5764116480
findling-rss 1791068218,3686051840,280313856,17913888,3999793152,5764116480
findling-rss 1791068220,3689467904,281264128,18019832,4005064704,5764116480
findling-rss 1791068222,3698204672,280936448,18090280,4012691456,5764116480
findling-rss 1791068224,3758391296,280780800,17987608,4072935424,5764116480
findling-rss 1791068226,3709218816,280985600,18166520,4006256640,5764116480
findling-rss 1791068228,3657162752,281374720,18207200,3972579328,5764116480
findling-rss 1791068230,3727384576,282140672,18312944,4043046912,5764116480
findling-rss 1791068232,3730661376,282066944,18356208,4047364096,5764116480
findling-rss 1791068234,4208840704,286359552,19073408,4522643456,5764116480
findling-rss 1791068236,5299871744,287059968,19865424,5627858944,5764116480
findling-rss 1791068238,3668000768,282542080,18440824,4024008704,5764116480
findling-rss 1791068241,5298843648,295149568,20448320,5627359232,5764116480
findling-rss 1791068243,5670047744,295149568,20456392,6007152640,6125916160
findling-rss 1791068245,4964130816,297254912,20294272,5293445120,6125916160
findling-rss 1791068247,5806460928,297242624,20491256,6146785280,6146834432
findling-rss 1791068249,5074563072,296181760,19987840,5405720576,6159802368
findling-rss 1791068251,4619538432,294428672,19510392,4952600576,6159802368
findling-rss 1791068253,4147433472,293384192,19145600,4477612032,6159802368
findling-rss 1791068255,4344250368,293384192,19144224,4674646016,6159802368
findling-rss 1791068257,4190838784,293384192,19147232,4519567360,6159802368
findling-rss 1791068259,4137213952,291975168,18995440,4465504256,6159802368
findling-rss 1791068261,3873460224,290217984,18835424,4199043072,6159802368
findling-rss 1791068263,3980738560,290217984,18861568,4308271104,6159802368
findling-rss 1791068265,3928416256,290217984,18827184,4253704192,6159802368
findling-rss 1791068267,3929350144,290234368,18830320,4254785536,6159802368
findling-rss 1791068269,3967918080,290234368,18829576,4275978240,6159802368
findling-rss 1791068271,3905806336,290234368,18831088,4220272640,6159802368
findling-rss 1791068273,3757940736,287797248,18655552,4081278976,6159802368
findling-rss 1791068275,3819061248,287797248,18655632,4142071808,6159802368
findling-rss 1791068277,3824779264,287797248,18652944,4146798592,6159802368
findling-rss 1791068279,3673280512,287797248,18549408,3994890240,6159802368
findling-rss 1791068281,3769081856,287797248,18655112,4091817984,6159802368
findling-rss 1791068283,3685023744,287797248,18653824,4007673856,6159802368
findling-rss 1791068285,3770028032,287797248,18666376,4092698624,6159802368
findling-rss 1791068287,3741462528,287797248,18655008,4063879168,6159802368
findling-rss 1791068289,3769954304,287797248,18654320,4091662336,6159802368
findling-rss 1791068291,3750187008,287797248,18653704,4072787968,6159802368
findling-rss 1791068293,3770413056,287797248,18652384,4092633088,6159802368
findling-rss 1791068295,4956188672,293355520,19980448,5286998016,6159802368
findling-rss 1791068297,5782810624,293711872,20451040,6119219200,6159802368
findling-rss 1791068299,4920606720,295075840,20178032,5244309504,6159802368
findling-rss 1791068301,5665378304,295075840,20511872,6003265536,6159802368
findling-rss 1791068303,4201852928,290062336,19105936,4525932544,6159802368
findling-rss 1791068305,4242587648,290062336,19108672,4569026560,6159802368
findling-rss 1791068307,3938332672,289349632,18857000,4262424576,6159802368
findling-rss 1791068309,3967184896,289349632,18858960,4293677056,6159802368
findling-rss 1791068311,3914989568,289349632,18854440,4240318464,6159802368
findling-rss 1791068313,3922300928,289349632,18853856,4247031808,6159802368
findling-rss 1791068315,4004642816,289349632,18852792,4329730048,6159802368
findling-rss 1791068317,4007813120,289349632,18851592,4332773376,6159802368
findling-rss 1791068319,4023287808,289349632,18854616,4348514304,6159802368
findling-rss 1791068321,4028346368,289349632,18853880,4353163264,6159802368
findling-rss 1791068323,3867234304,286924800,18677128,4189069312,6159802368
findling-rss 1791068325,3780276224,286924800,18675472,4101840896,6159802368
findling-rss 1791068327,3867963392,286924800,18687912,4189749248,6159802368
findling-rss 1791068329,3812536320,286924800,18677936,4133830656,6159802368
findling-rss 1791068331,3866546176,286924800,18679648,4189003776,6159802368
findling-rss 1791068333,3794190336,286924800,18671872,4116553728,6159802368
findling-rss 1791068335,3814395904,286924800,18673896,4136394752,6159802368
findling-rss 1791068337,4544065536,287154176,19496528,4864462848,6159802368
findling-rss 1791068339,5703307264,288866304,20230400,6034866176,6159802368
findling-rss 1791068341,4841119744,295890944,19990760,5171855360,6159802368
findling-rss 1791068343,5705789440,295874560,20450024,6044340224,6159802368
findling-rss 1791068345,4202274816,291663872,19061952,4530462720,6159802368
findling-rss 1791068347,4010315776,290967552,18829480,4338401280,6159802368
findling-rss 1791068349,3764768768,290623488,18696376,4090175488,6159802368
findling-rss 1791068351,3802124288,290623488,18698408,4127891456,6159802368
findling-rss 1791068353,3783241728,290623488,18689824,4108599296,6159802368
findling-rss 1791068355,3802800128,290623488,18691968,4128215040,6159802368
findling-rss 1791068357,3801227264,290623488,18690944,4126175232,6159802368
findling-rss 1791068359,3803836416,290623488,18689616,4129050624,6159802368
findling-rss 1791068361,3802116096,290623488,18691384,4127899648,6159802368
findling-rss 1791068363,3803267072,290623488,18689880,4128874496,6159802368
findling-rss 1791068365,3749937152,290623488,18691496,4075958272,6159802368
findling-rss 1791068367,3749974016,290623488,18692856,4075474944,6159802368
findling-rss 1791068369,3749978112,290623488,18694736,4076044288,6159802368
findling-rss 1791068371,3750035456,290623488,18694376,4076240896,6159802368
findling-rss 1791068373,3794354176,290623488,18698872,4120043520,6159802368
findling-rss 1791068375,3770101760,290623488,18697496,4104437760,6159802368
findling-rss 1791068377,3804999680,290623488,18698432,4130369536,6159802368
findling-rss 1791068379,3709579264,290623488,18590376,4034727936,6159802368
findling-rss 1791068381,3805708288,290623488,18694056,4131217408,6159802368
findling-rss 1791068383,3747409920,290623488,18691904,4072910848,6159802368
findling-rss 1791068385,3804930048,290623488,18692016,4130078720,6159802368
findling-rss 1791068387,3785420800,290623488,18691000,4110512128,6159802368
findling-rss 1791068389,3805581312,290623488,18692840,4130967552,6159802368
findling-rss 1791068391,3785420800,290623488,18692776,4110598144,6159802368
findling-rss 1791068393,3805806592,290623488,18692512,4131250176,6159802368
findling-rss 1791068395,3805515776,290623488,18691256,4131475456,6159802368
findling-rss 1791068397,3811373056,290623488,18690992,4137431040,6159802368
findling-rss 1791068399,3806773248,290623488,18688752,4132155392,6159802368
findling-rss 1791068401,3808112640,290623488,18690112,4133609472,6159802368
findling-rss 1791068403,3806806016,290623488,18691520,4132380672,6159802368
findling-rss 1791068405,3808247808,290623488,18688152,4133605376,6159802368
findling-rss 1791068407,3806298112,290623488,18688584,4131434496,6159802368
findling-rss 1791068409,3710959616,290623488,18592808,4035104768,6159802368
findling-rss 1791068411,3754549248,290623488,18690256,4080328704,6159802368
findling-rss 1791068413,3685351424,290623488,18690672,4010926080,6159802368
findling-rss 1791068415,3753811968,290623488,18690672,4079087616,6159802368
findling-rss 1791068417,3778727936,290623488,18690016,4104286208,6159802368
findling-rss 1791068419,3798810624,290623488,18691432,4123959296,6159802368
findling-rss 1791068421,4239581184,286912512,19334944,4555862016,6159802368
findling-rss 1791068423,5743095808,288665600,20275832,6073921536,6159802368
findling-rss 1791068425,5287047168,289894400,20110640,5616971776,6159802368
findling-rss 1791068427,5689393152,294445056,20409168,6025846784,6159802368
findling-rss 1791068429,5330321408,293400576,20043272,5665316864,6159802368
findling-rss 1791068431,3846098944,288366592,18680808,4169490432,6159802368
findling-rss 1791068433,3750785024,288366592,18591624,4073287680,6159802368
findling-rss 1791068435,3846193152,288366592,18679624,4169658368,6159802368
findling-rss 1791068437,3778330624,288366592,18680032,4101578752,6159802368
findling-rss 1791068439,3850641408,288366592,18682384,4174983168,6159802368
findling-rss 1791068441,3819859968,288366592,18687288,4143439872,6159802368
findling-rss 1791068443,3853357056,288366592,18678920,4177096704,6159802368
findling-rss 1791068445,3829641216,288366592,18678640,4152958976,6159802368
findling-rss 1791068447,3849654272,288366592,18680032,4172603392,6159802368
findling-rss 1791068449,3840872448,288366592,18681408,4163690496,6159802368
findling-rss 1791068451,3850768384,288366592,18679744,4174594048,6159802368
findling-rss 1791068453,3849195520,288366592,18679984,4172500992,6159802368
findling-rss 1791068455,3849650176,288366592,18680528,4173119488,6159802368
findling-rss 1791068457,3850022912,288366592,18679472,4173692928,6159802368
findling-rss 1791068459,3850809344,288366592,18678752,4174745600,6159802368
findling-rss 1791068461,3850485760,288366592,18677328,4174430208,6159802368
findling-rss 1791068463,3851763712,288366592,18678168,4175396864,6159802368
findling-rss 1791068465,3851112448,288366592,18678456,4174786560,6159802368
findling-rss 1791068467,3851694080,288366592,18679576,4174962688,6159802368
findling-rss 1791068469,3851534336,288366592,18676264,4174663680,6159802368
findling-rss 1791068471,3755532288,288366592,18572608,4077846528,6159802368
findling-rss 1791068473,3851735040,288366592,18679808,4175290368,6159802368
findling-rss 1791068475,3720122368,284270592,18513392,4038111232,6159802368
findling-rss 1791068477,5673975808,289206272,20306560,6005141504,6159802368
findling-rss 1791068479,5045170176,288866304,19669424,5367431168,6159802368
findling-rss 1791068481,5715558400,291004416,20375568,6049685504,6159802368
findling-rss 1791068483,4796321792,288878592,19540472,5124136960,6159802368
findling-rss 1791068486,3846111232,286048256,18676432,4166660096,6159802368
findling-rss 1791068488,3737944064,286048256,18678120,4058443776,6159802368
findling-rss 1791068490,3904405504,286048256,18677440,4225556480,6159802368
findling-rss 1791068492,3773194240,286048256,18676448,4093673472,6159802368
findling-rss 1791068494,3793715200,286048256,18681512,4114817024,6159802368
findling-rss 1791068496,3773202432,286048256,18679832,4094210048,6159802368
findling-rss 1791068498,3793932288,286048256,18681136,4114997248,6159802368
findling-rss 1791068500,3790241792,286048256,18688616,4110733312,6159802368
findling-rss 1791068502,3793416192,286048256,18675208,4114255872,6159802368
findling-rss 1791068504,3699007488,284127232,18474952,4017729536,6159802368
findling-rss 1791068506,3708391424,284479488,18514744,4027482112,6159802368
findling-rss 1791068508,3713187840,285224960,18557296,4032659456,6159802368
findling-rss 1791068510,3722145792,285130752,18633192,4041900032,6159802368
findling-rss 1791068512,3730575360,285257728,18644208,4050923520,6159802368
findling-rss 1791068514,3791572992,285351936,18552800,4111515648,6159802368
findling-rss 1791068516,3856584704,285687808,18583488,4176580608,6159802368
findling-rss 1791068518,3799687168,286015488,18621792,4119793664,6159802368
findling-rss 1791068520,3856359424,286752768,18667488,4177670144,6159802368
findling-rss 1791068522,3744956416,286621696,18679864,4066140160,6159802368
findling-rss 1791068524,3860926464,286867456,18694728,4182327296,6159802368
findling-rss 1791068526,3806957568,287326208,18729896,4129730560,6159802368
findling-rss 1791068528,3751366656,287821824,18766048,4074770432,6159802368
findling-rss 1791068530,3752583168,287916032,18677784,4075294720,6159802368
findling-rss 1791068532,3753738240,288595968,18716184,4077109248,6159802368
findling-rss 1791068534,3870334976,288411648,18731056,4193288192,6159802368
findling-rss 1791068536,3814952960,288792576,18738816,4138131456,6159802368
findling-rss 1791068538,3873419264,288997376,18778504,4197584896,6159802368
findling-rss 1791068540,5240422400,295170048,20341976,5574885376,6159802368
findling-rss 1791068542,5223682048,295170048,20340136,5560586240,6159802368
findling-rss 1791068544,3958611968,291094528,19005040,4285018112,6159802368
findling-rss 1791068546,4017205248,291094528,19005856,4344565760,6159802368
findling-rss 1791068548,4013674496,291094528,18999216,4340342784,6159802368
findling-rss 1791068550,3957719040,291094528,18999320,4285067264,6159802368
findling-rss 1791068552,3899551744,291115008,19001232,4226670592,6159802368
findling-rss 1791068554,3860877312,291115008,18896376,4188143616,6159802368
findling-rss 1791068556,3957907456,291115008,19002912,4284645376,6159802368
findling-rss 1791068558,3866640384,289517568,18905896,4191211520,6159802368
findling-rss 1791068560,5617922048,298319872,20788736,5958770688,6159802368
findling-rss 1791068562,5722947584,298319872,20789832,6063902720,6159802368
findling-rss 1791068564,5559939072,299016192,20778080,5895426048,6159802368
findling-rss 1791068566,5642948608,299016192,20790528,5984530432,6159802368
findling-rss 1791068568,4710445056,295530496,19682448,5044072448,6159802368
findling-rss 1791068570,4656611328,295530496,19674320,4990058496,6159802368
findling-rss 1791068572,4280283136,294469632,19313224,4611629056,6159802368
findling-rss 1791068574,4121477120,294469632,19208528,4451057664,6159802368
findling-rss 1791068576,4022755328,293412864,19171520,4352237568,6159802368
findling-rss 1791068578,3927576576,291663872,19012056,4253986816,6159802368
findling-rss 1791068580,3924242432,291663872,19012824,4250939392,6159802368
findling-rss 1791068582,3764195328,289665024,18842960,4087947264,6159802368
findling-rss 1791068584,5592432640,297394176,20768128,5931888640,6159802368
findling-rss 1791068586,5412204544,297046016,20460832,5767188480,6159802368
findling-rss 1791068588,5678788608,297197568,20818016,6018793472,6159802368
findling-rss 1791068590,5053661184,297218048,19997144,5389959168,6159802368
findling-rss 1791068592,4342743040,295026688,19474056,4674912256,6159802368
findling-rss 1791068594,3920261120,293617664,19211872,4249853952,6159802368
findling-rss 1791068596,4044492800,293617664,19213888,4374302720,6159802368
findling-rss 1791068598,3977252864,293617664,19210800,4307542016,6159802368
findling-rss 1791068600,4043841536,293617664,19208688,4373565440,6159802368
findling-rss 1791068602,4018716672,293617664,19220288,4349214720,6159802368
findling-rss 1791068604,4049195008,293617664,19208696,4379795456,6159802368
findling-rss 1791068606,4604207104,297369600,20027904,4936986624,6159802368
findling-rss 1791068608,5614350336,298774528,20743880,5956030464,6159802368
findling-rss 1791068610,4706844672,301981696,20508912,5106761728,6159802368
findling-rss 1791068612,5754798080,302133248,20874208,6100697088,6159802368
findling-rss 1791068614,4578041856,298954752,19735680,4914966528,6159802368
findling-rss 1791068616,4271878144,298102784,19378728,4606824448,6159802368
findling-rss 1791068618,4096319488,297746432,19256048,4430049280,6159802368
findling-rss 1791068620,4125351936,297746432,19254232,4459102208,6159802368
findling-rss 1791068622,4010524672,297746432,19157728,4343468032,6159802368
findling-rss 1791068624,4127342592,297746432,19251920,4461338624,6159802368
findling-rss 1791068626,3985506304,297746432,19258600,4319625216,6159802368
findling-rss 1791068628,4074172416,297746432,19254728,4408500224,6159802368
findling-rss 1791068630,4005728256,297746432,19263568,4339736576,6159802368
findling-rss 1791068632,4073250816,297746432,19255928,4407304192,6159802368
findling-rss 1791068634,4052815872,297746432,19255560,4387065856,6159802368
findling-rss 1791068636,4072779776,297746432,19257640,4407013376,6159802368
findling-rss 1791068638,4058259456,297746432,19257264,4392398848,6159802368
findling-rss 1791068640,4079828992,297746432,19257720,4413800448,6159802368
findling-rss 1791068642,4067741696,297746432,19257288,4400893952,6159802368
findling-rss 1791068644,3979325440,297746432,19152632,4313001984,6159802368
findling-rss 1791068646,4074139648,297746432,19257792,4407685120,6159802368
findling-rss 1791068648,3915599872,293904384,19042616,4244897792,6159802368
findling-rss 1791068650,3915337728,293904384,19040360,4245532672,6159802368
findling-rss 1791068652,3919630336,293904384,19041520,4249223168,6159802368
findling-rss 1791068654,5334478848,300072960,20814320,5673332736,6159802368
findling-rss 1791068656,5483831296,300072960,20821464,5826523136,6159802368
findling-rss 1791068658,5437890560,302739456,20911568,5780779008,6159802368
findling-rss 1791068660,5554130944,302739456,20910608,5899771904,6159802368
findling-rss 1791068662,3976306688,298549248,19417120,4310753280,6159802368
findling-rss 1791068664,4045582336,298549248,19425872,4380753920,6159802368
findling-rss 1791068666,4000616448,298192896,19292224,4335104000,6159802368
findling-rss 1791068668,4001423360,298192896,19284752,4335919104,6159802368
findling-rss 1791068670,3957260288,298192896,19286688,4291502080,6159802368
findling-rss 1791068672,3820257280,298192896,19069320,4153516032,6159802368
findling-rss 1791068674,4012826624,298192896,19285128,4347011072,6159802368
findling-rss 1791068676,3900731392,298192896,19287952,4234452992,6159802368
findling-rss 1791068678,4023148544,298192896,19288944,4357124096,6159802368
findling-rss 1791068680,3975135232,298192896,19288064,4309106688,6159802368
findling-rss 1791068682,4024233984,298192896,19285976,4357222400,6159802368
findling-rss 1791068684,3983822848,298192896,19287136,4318912512,6159802368
findling-rss 1791068686,4022165504,298192896,19287200,4356673536,6159802368
findling-rss 1791068688,4022624256,298192896,19286192,4356927488,6159802368
findling-rss 1791068690,4024770560,298192896,19287160,4359217152,6159802368
findling-rss 1791068692,3969646592,298192896,19282688,4303949824,6159802368
findling-rss 1791068694,3970473984,298192896,19283776,4304556032,6159802368
findling-rss 1791068696,3875778560,294379520,19069184,4205109248,6159802368
findling-rss 1791068698,3881136128,294379520,19067240,4211159040,6159802368
findling-rss 1791068700,3822620672,294379520,19064728,4152197120,6159802368
findling-rss 1791068702,3726585856,290267136,18857536,4051980288,6159802368
findling-rss 1791068704,5555195904,295563264,20712824,5892976640,6159802368
findling-rss 1791068706,5576540160,295563264,20712808,5915213824,6159802368
findling-rss 1791068708,5620137984,295370752,20719592,5957660672,6159802368
findling-rss 1791068710,5494374400,295014400,20605824,5831294976,6159802368
findling-rss 1791068712,5196996608,298086400,20766960,5519048704,6159802368
findling-rss 1791068714,5567533056,298086400,20794664,5908475904,6159802368
findling-rss 1791068716,4904300544,298078208,20560376,5291982848,6159802368
findling-rss 1791068718,5637816320,298090496,20789280,5978693632,6159802368
findling-rss 1791068720,4746014720,296361984,20056488,5090598912,6159802368
findling-rss 1791068722,4222087168,294252544,19441352,4553478144,6159802368
findling-rss 1791068724,3826388992,293552128,19199176,4154355712,6159802368
findling-rss 1791068726,3974057984,293552128,19198800,4303376384,6159802368
findling-rss 1791068728,3856834560,292171776,19057776,4184875008,6159802368
findling-rss 1791068730,3877027840,292171776,19046592,4204875776,6159802368
findling-rss 1791068733,4571422720,295424000,20175880,4893028352,6159802368
findling-rss 1791068735,5568835584,295780352,20756016,5906874368,6159802368
findling-rss 1791068737,4606214144,300732416,20458128,4977123328,6159802368
findling-rss 1791068739,5551607808,300732416,20912824,5894844416,6159802368
findling-rss 1791068741,4504498176,297541632,19823480,4840431616,6159802368
findling-rss 1791068743,4067577856,296161280,19333072,4398870528,6159802368
findling-rss 1791068745,3949092864,296161280,19236760,4280029184,6159802368
findling-rss 1791068747,4065554432,296161280,19332696,4398088192,6159802368
findling-rss 1791068749,3905245184,295104512,19195976,4236066816,6159802368
findling-rss 1791068751,3908014080,295104512,19190872,4238680064,6159802368
findling-rss 1791068753,3906527232,295104512,19188672,4237430784,6159802368
findling-rss 1791068755,3907653632,295104512,19189136,4239040512,6159802368
findling-rss 1791068757,3906875392,295104512,19191096,4237615104,6159802368
findling-rss 1791068759,3906875392,295104512,19192696,4238557184,6159802368
findling-rss 1791068761,3855056896,295104512,19192976,4186537984,6159802368
findling-rss 1791068763,3855077376,295104512,19192480,4186202112,6159802368
findling-rss 1791068765,3854422016,295104512,19191048,4185784320,6159802368
findling-rss 1791068767,3803373568,295104512,19083232,4133326848,6159802368
findling-rss 1791068769,3899727872,295104512,19187504,4230631424,6159802368
findling-rss 1791068771,3853258752,295104512,19187568,4183875584,6159802368
findling-rss 1791068773,3909746688,295104512,19187544,4239339520,6159802368
findling-rss 1791068775,3890073600,295104512,19185584,4221046784,6159802368
findling-rss 1791068777,3910823936,295104512,19185120,4241592320,6159802368
findling-rss 1791068779,3890077696,295104512,19186496,4220829696,6159802368
findling-rss 1791068781,3916455936,295104512,19186048,4247494656,6159802368
findling-rss 1791068783,3909001216,295104512,19190368,4239859712,6159802368
findling-rss 1791068785,3910402048,295104512,19189408,4240805888,6159802368
findling-rss 1791068787,5246566400,295677952,20773352,5577740288,6159802368
findling-rss 1791068789,5630332928,295677952,20767632,5968035840,6159802368
findling-rss 1791068791,4554244096,296247296,20456592,4878577664,6159802368
findling-rss 1791068793,5504643072,296951808,20791584,5845008384,6159802368
findling-rss 1791068795,3984367616,292380672,19224552,4312584192,6159802368
findling-rss 1791068797,3908829184,292040704,19097576,4236619776,6159802368
findling-rss 1791068799,3889557504,292040704,19098952,4216627200,6159802368
findling-rss 1791068801,3908595712,292040704,19096920,4235849728,6159802368
findling-rss 1791068803,3909193728,292040704,19091592,4236173312,6159802368
findling-rss 1791068805,3910316032,292040704,19090792,4238024704,6159802368
findling-rss 1791068807,3753410560,290869248,19008856,4079300608,6159802368
findling-rss 1791068809,3812507648,290996224,18915592,4137095168,6159802368
findling-rss 1791068811,3756707840,291557376,18955608,4082794496,6159802368
findling-rss 1791068813,3815391232,291618816,19017048,4142112768,6159802368
findling-rss 1791068815,3826589696,291815424,19051936,4153901056,6159802368
findling-rss 1791068817,3774775296,292167680,19146272,4102836224,6159802368
findling-rss 1791068819,3780714496,292524032,19181768,4108288000,6159802368
findling-rss 1791068821,3782139904,292990976,19205008,4110426112,6159802368
findling-rss 1791068823,3838144512,293429248,19243928,4167241728,6159802368
findling-rss 1791068825,3840512000,306188288,19633936,4178567168,6159802368
findling-rss 1791068827,3843715072,293769216,19161560,4172414976,6159802368
findling-rss 1791068829,3787825152,294113280,19200552,4117118976,6159802368
findling-rss 1791068831,3806760960,294432768,19290880,4137164800,6159802368
findling-rss 1791068833,3864236032,294686720,19257672,4194873344,6159802368
findling-rss 1791068835,3919278080,295022592,19288928,4250329088,6159802368
findling-rss 1791068837,3922317312,295374848,19309920,4253421568,6159802368
findling-rss 1791068839,3873533952,295579648,19335064,4193980416,6159802368
findling-rss 1791068841,3870810112,295923712,19367632,4202205184,6159802368
findling-rss 1791068843,4969721856,302043136,20797968,5296857088,6159802368
findling-rss 1791068845,5261742080,302456832,20820888,5606289408,6159802368
findling-rss 1791068847,3783036928,296595456,19334592,4112097280,6159802368
findling-rss 1791068849,5527306240,302022656,21176920,5872177152,6159802368
findling-rss 1791068851,5625466880,302022656,21174504,5970726912,6159802368
findling-rss 1791068853,5406048256,302530560,21031368,5744549888,6159802368
findling-rss 1791068855,5710372864,302530560,21155224,6056550400,6159802368
findling-rss 1791068857,4169392128,298172416,19587144,4504084480,6177759232
findling-rss 1791068859,3985526784,297820160,19468544,4319387648,6177759232
findling-rss 1791068861,3973525504,297820160,19467248,4307214336,6177759232
findling-rss 1791068863,4052922368,297820160,19464832,4379000832,6177759232
findling-rss 1791068865,4512784384,307388416,20791168,4857315328,6177759232
findling-rss 1791068867,5599662080,307736576,21348808,5949952000,6177759232
findling-rss 1791068869,5204402176,307752960,21130584,5524582400,6177759232
findling-rss 1791068871,5693935616,311635968,21460080,6048391168,6177759232
findling-rss 1791068873,5481955328,310935552,21120488,5835665408,6177759232
findling-rss 1791068875,4187033600,307408896,19996320,4531200000,6177759232
findling-rss 1791068877,4180905984,307064832,19869096,4524408832,6177759232
findling-rss 1791068879,4206870528,307064832,19871392,4551069696,6177759232
findling-rss 1791068881,4049526784,307064832,19869064,4393615360,6177759232
findling-rss 1791068883,4093837312,307064832,19869688,4438200320,6177759232
findling-rss 1791068885,3986403328,307064832,19775880,4330176512,6177759232
findling-rss 1791068887,4082814976,307064832,19869688,4426850304,6177759232
findling-rss 1791068889,4045877248,307064832,19871600,4389081088,6177759232
findling-rss 1791068891,4092538880,307064832,19869224,4436185088,6177759232
findling-rss 1791068893,4073332736,307064832,19866232,4416614400,6177759232
findling-rss 1791068895,4099751936,307064832,19867864,4443013120,6177759232
findling-rss 1791068897,4074094592,307064832,19868616,4417871872,6177759232
findling-rss 1791068899,4094267392,307064832,19869720,4438339584,6177759232
findling-rss 1791068901,4095135744,307064832,19870416,4438941696,6177759232
findling-rss 1791068903,4072243200,307064832,19875496,4416532480,6177759232
findling-rss 1791068905,4095959040,307064832,19877632,4440158208,6177759232
findling-rss 1791068907,4011814912,307064832,19877440,4355276800,6177759232
findling-rss 1791068909,4096446464,307064832,19865704,4441530368,6177759232
findling-rss 1791068911,4051673088,307064832,19866648,4396134400,6177759232
findling-rss 1791068913,4097150976,307064832,19867216,4441337856,6177759232
findling-rss 1791068915,3912040448,302878720,19654584,4250013696,6177759232
findling-rss 1791068917,3939717120,302878720,19647936,4278431744,6177759232
findling-rss 1791068919,3919695872,302878720,19649416,4259110912,6177759232
findling-rss 1791068921,3941515264,302878720,19649192,4280324096,6177759232
findling-rss 1791068923,3937198080,302878720,19647528,4275933184,6177759232
findling-rss 1791068925,3940024320,302878720,19649128,4279508992,6177759232
findling-rss 1791068927,3939123200,302878720,19646432,4278775808,6177759232
findling-rss 1791068929,3939852288,302878720,19648032,4279226368,6177759232
findling-rss 1791068931,5126262784,308563968,21170648,5464543232,6177759232
findling-rss 1791068933,5605158912,308563968,21411264,5957074944,6177759232
findling-rss 1791068935,5295632384,308932608,21314968,5647323136,6177759232
findling-rss 1791068937,5667819520,308932608,21439880,6020501504,6177759232
findling-rss 1791068939,4253974528,305451008,20170360,4597776384,6177759232
findling-rss 1791068941,4343418880,305451008,20174160,4686852096,6177759232
findling-rss 1791068943,4036722688,304037888,19802040,4378120192,6177759232
findling-rss 1791068945,4111331328,304037888,19803400,4452687872,6177759232
findling-rss 1791068947,4165443584,304037888,19805208,4506009600,6177759232
findling-rss 1791068949,3961036800,304037888,19699312,4300963840,6177759232
findling-rss 1791068951,4056760320,304037888,19802168,4397109248,6177759232
findling-rss 1791068953,3943546880,304037888,19794952,4280582144,6177759232
findling-rss 1791068955,3952168960,304037888,19795240,4292698112,6177759232
findling-rss 1791068957,3931975680,304037888,19795104,4272226304,6177759232
findling-rss 1791068959,3959328768,304037888,19797032,4300021760,6177759232
findling-rss 1791068961,3978915840,304037888,19798336,4319666176,6177759232
findling-rss 1791068963,4043853824,304037888,19797032,4384530432,6177759232
findling-rss 1791068965,3881357312,300920832,19607272,4218376192,6177759232
findling-rss 1791068967,3901865984,300920832,19603184,4238282752,6177759232
findling-rss 1791068969,3901390848,300920832,19600416,4238635008,6177759232
findling-rss 1791068971,3902529536,300920832,19601960,4239515648,6177759232
findling-rss 1791068973,4926406656,303497216,20961904,5267156992,6177759232
findling-rss 1791068976,5595385856,303849472,21321616,5942571008,6177759232
findling-rss 1791068978,5111660544,309227520,21228880,5451624448,6177759232
findling-rss 1791068980,5663313920,309227520,21487648,6016552960,6177759232
findling-rss 1791068982,4182917120,305582080,20110400,4525867008,6177759232
findling-rss 1791068984,4130533376,305233920,19986176,4474142720,6177759232
findling-rss 1791068986,3993718784,304885760,19864056,4335341568,6177759232
findling-rss 1791068988,4034842624,304885760,19865656,4376899584,6177759232
findling-rss 1791068990,4028755968,304885760,19868984,4370628608,6177759232
findling-rss 1791068992,4032446464,304885760,19866768,4374679552,6177759232
findling-rss 1791068994,3938181120,303128576,19701712,4277223424,6177759232
findling-rss 1791068996,3939008512,303128576,19703312,4277927936,6177759232
findling-rss 1791068998,3939758080,303128576,19703184,4278939648,6177759232
findling-rss 1791069000,3940560896,303128576,19704784,4279332864,6177759232
findling-rss 1791069002,3940917248,303128576,19704640,4280553472,6177759232
findling-rss 1791069004,3854196736,303128576,19705424,4193079296,6177759232
findling-rss 1791069006,3940843520,303128576,19705560,4280221696,6177759232
findling-rss 1791069008,3886104576,303128576,19705832,4224753664,6177759232
findling-rss 1791069010,3940208640,303128576,19707312,4279328768,6177759232
findling-rss 1791069012,3920531456,303128576,19708288,4259401728,6177759232
findling-rss 1791069014,3939889152,303128576,19704760,4278763520,6177759232
findling-rss 1791069016,3936862208,303128576,19701376,4275429376,6177759232
findling-rss 1791069018,3940925440,303128576,19702624,4280111104,6177759232
findling-rss 1791069020,3941019648,303128576,19704440,4280520704,6177759232
findling-rss 1791069022,3941515264,303128576,19700496,4280307712,6177759232
findling-rss 1791069024,3942494208,303128576,19701592,4281806848,6177759232
findling-rss 1791069026,3943305216,303128576,19703640,4282089472,6177759232
findling-rss 1791069028,3942899712,303128576,19700880,4281921536,6177759232
findling-rss 1791069030,3918434304,303128576,19702480,4266180608,6177759232
findling-rss 1791069032,3949162496,303128576,19702424,4288815104,6177759232
findling-rss 1791069034,3846803456,303128576,19598128,4186046464,6177759232
findling-rss 1791069036,3889856512,303128576,19703800,4229259264,6177759232
findling-rss 1791069038,3830603776,303128576,19705024,4169269248,6177759232
findling-rss 1791069040,3890638848,303128576,19704040,4230295552,6177759232
findling-rss 1791069042,4122509312,299765760,19867848,4453363712,6177759232
findling-rss 1791069044,5548412928,305700864,21393560,5897023488,6177759232
findling-rss 1791069046,5068574720,304746496,20638688,5403742208,6177759232
findling-rss 1791069048,5790183424,306683904,21449728,6139445248,6177759232
findling-rss 1791069050,5702967296,306683904,21451024,6053335040,6177759232
findling-rss 1791069052,4068978688,301170688,19816160,4406439936,6177759232
findling-rss 1791069054,3973304320,300822528,19693856,4310331392,6177759232
findling-rss 1791069056,3974909952,300822528,19732296,4312363008,6177759232
findling-rss 1791069058,3878608896,300822528,19583112,4214960128,6177759232
findling-rss 1791069060,3974475776,300822528,19689848,4311457792,6177759232
findling-rss 1791069062,3922272256,300822528,19688024,4257058816,6177759232
findling-rss 1791069064,3982110720,300822528,19689736,4319113216,6177759232
findling-rss 1791069066,3954442240,300822528,19689024,4292075520,6177759232
findling-rss 1791069068,3974852608,300822528,19691696,4312178688,6177759232
findling-rss 1791069070,3954790400,300822528,19689720,4292087808,6177759232
findling-rss 1791069072,3975819264,300822528,19690400,4313161728,6177759232
findling-rss 1791069074,3974389760,300822528,19686720,4311199744,6177759232
findling-rss 1791069076,3975499776,300822528,19688344,4312920064,6177759232
findling-rss 1791069078,3975700480,300822528,19700416,4312842240,6177759232
findling-rss 1791069080,3981336576,300822528,19689584,4318101504,6177759232
findling-rss 1791069082,5222690816,302739456,21353976,5554585600,6177759232
findling-rss 1791069084,5584097280,302739456,21377936,5929873408,6177759232
findling-rss 1791069086,5269286912,306167808,21490240,5616525312,6177759232
findling-rss 1791069088,5583151104,306167808,21509224,5932310528,6177759232
findling-rss 1791069090,4087480320,300613632,19909200,4425678848,6177759232
findling-rss 1791069092,4108283904,300613632,19912304,4445478912,6177759232
findling-rss 1791069094,4099899392,300613632,19913136,4435763200,6177759232
findling-rss 1791069096,4120338432,300613632,19914000,4457975808,6177759232
findling-rss 1791069098,4171456512,300613632,19913544,4509409280,6177759232
findling-rss 1791069100,4120924160,300613632,19911432,4458635264,6177759232
findling-rss 1791069102,3960471552,299216896,19762784,4296077312,6177759232
findling-rss 1791069104,3965456384,299216896,19758240,4301578240,6177759232
findling-rss 1791069106,3803893760,297418752,19444560,4136337408,6177759232
findling-rss 1791069108,3806375936,297766912,19474832,4140191744,6177759232
findling-rss 1791069110,3809681408,298143744,19506776,4143824896,6177759232
findling-rss 1791069112,3812102144,298610688,19541504,4146315264,6177759232
findling-rss 1791069114,3814146048,298905600,19564600,4148576256,6177759232
findling-rss 1791069116,3816968192,299290624,19596240,4152631296,6177759232
findling-rss 1791069118,3822833664,299569152,19624456,4158054400,6177759232
findling-rss 1791069120,3893702656,299954176,19660872,4229242880,6177759232
findling-rss 1791069122,3896459264,300068864,19565464,4232634368,6177759232
findling-rss 1791069124,3901612032,300421120,19603024,4238233600,6177759232
findling-rss 1791069126,3846107136,300769280,19629688,4182700032,6177759232
findling-rss 1791069128,3905454080,301084672,19674336,4242853888,6177759232
findling-rss 1791069130,3869233152,301735936,19756536,4247236608,6177759232
findling-rss 1791069132,3858927616,302104576,19773736,4196753408,6177759232
findling-rss 1791069134,3859640320,302477312,19816952,4198424576,6177759232
findling-rss 1791069136,3975249920,302931968,19848120,4314927104,6177759232
findling-rss 1791069138,3918737408,302997504,19753848,4258021376,6177759232
findling-rss 1791069140,3934687232,303370240,19759880,4274143232,6177759232
findling-rss 1791069142,5197357056,309030912,21325872,5548834816,6177759232
findling-rss 1791069144,5081194496,308674560,21197216,5501562880,6177759232
findling-rss 1791069146,3998720000,304939008,19992312,4340432896,6177759232
findling-rss 1791069148,3941875712,304939008,19884040,4281683968,6177759232
findling-rss 1791069150,3993481216,304939008,19991016,4335714304,6177759232
findling-rss 1791069152,3804246016,304939008,19991584,4140814336,6177759232
findling-rss 1791069154,3942289408,304939008,19993176,4284239872,6177759232
findling-rss 1791069156,4174553088,305774592,19941208,4512985088,6177759232
findling-rss 1791069158,5539782656,309669888,21699680,5893234688,6177759232
findling-rss 1791069160,5151993856,310517760,21298752,5492957184,6177759232
findling-rss 1791069162,5425577984,310861824,21695456,5778796544,6177759232
findling-rss 1791069164,5598433280,310861824,21702792,5953417216,6177759232
findling-rss 1791069166,4024672256,305111040,20086120,4366868480,6177759232
findling-rss 1791069168,4142206976,305147904,20083464,4484526080,6177759232
findling-rss 1791069170,4294299648,307965952,20661848,4623888384,6177759232
findling-rss 1791069172,5482749952,309129216,21692832,5835837440,6177759232
findling-rss 1791069174,4983603200,309133312,21275688,5357473792,6177759232
findling-rss 1791069176,5521457152,309108736,21654712,5873709056,6177759232
findling-rss 1791069178,5150961664,307707904,21193816,5553475584,6177759232
findling-rss 1791069180,4520771584,309563392,21336176,4868931584,6177759232
findling-rss 1791069182,5522649088,309563392,21724272,5875589120,6177759232
findling-rss 1791069184,5005770752,313937920,21201200,5357170688,6177759232
findling-rss 1791069186,5639970816,313958400,21815304,5995708416,6177759232
findling-rss 1791069188,5448151040,313618432,21695744,5810073600,6177759232
findling-rss 1791069190,4185595904,309264384,20237720,4532502528,6177759232
findling-rss 1791069192,4036259840,308912128,20122680,4381569024,6177759232
findling-rss 1791069194,4034248704,308912128,20113696,4381261824,6177759232
findling-rss 1791069196,3921457152,308912128,20115296,4267634688,6177759232
findling-rss 1791069198,3922874368,308912128,20115976,4268773376,6177759232
findling-rss 1791069200,3826208768,308912128,20098600,4202893312,6177759232
findling-rss 1791069202,3922669568,308912128,20115168,4268777472,6177759232
findling-rss 1791069204,3878277120,308912128,20017192,4223270912,6177759232
findling-rss 1791069206,3924070400,308912128,20116808,4269281280,6177759232
findling-rss 1791069208,3906523136,308912128,20116408,4251930624,6177759232
findling-rss 1791069210,3975118848,308912128,20116944,4320481280,6177759232
findling-rss 1791069212,3963891712,308912128,20114344,4309118976,6177759232
findling-rss 1791069214,3985018880,308912128,20159328,4330999808,6177759232
findling-rss 1791069216,3964952576,308912128,20118936,4310720512,6177759232
findling-rss 1791069218,3989450752,308912128,20116160,4334825472,6177759232
findling-rss 1791069220,3983773696,308912128,20116376,4328943616,6177759232
findling-rss 1791069223,3986624512,308912128,20115984,4332625920,6177759232
findling-rss 1791069225,3985944576,308912128,20111992,4331229184,6177759232
findling-rss 1791069227,3992653824,308912128,20113032,4338421760,6177759232
findling-rss 1791069229,3986333696,308912128,20115232,4332195840,6177759232
findling-rss 1791069231,3986333696,308912128,20116136,4331978752,6177759232
findling-rss 1791069233,3985793024,308912128,20115984,4331757568,6177759232
findling-rss 1791069235,3986178048,308912128,20113432,4331995136,6177759232
findling-rss 1791069237,3985678336,308912128,20114320,4331900928,6177759232
findling-rss 1791069239,3826388992,304066560,19869040,4166361088,6177759232
findling-rss 1791069241,5544161280,312176640,21812880,5897637888,6177759232
findling-rss 1791069243,5537804288,312176640,21815552,5893554176,6177759232
findling-rss 1791069245,5280124928,313597952,21824256,5627781120,6177759232
findling-rss 1791069247,5493727232,313597952,21831896,5850685440,6177759232
findling-rss 1791069249,4431101952,310079488,20717200,4778749952,6177759232
findling-rss 1791069251,4526260224,310079488,20717768,4875710464,6177759232
findling-rss 1791069253,4066574336,307965952,20218192,4411875328,6177759232
findling-rss 1791069255,4090523648,307965952,20223192,4435681280,6177759232
findling-rss 1791069257,4018454528,307965952,20208728,4363997184,6177759232
findling-rss 1791069259,4038873088,307965952,20210744,4384821248,6177759232
findling-rss 1791069261,4071870464,307965952,20210984,4416139264,6177759232
findling-rss 1791069263,4090343424,307965952,20211616,4435038208,6177759232
findling-rss 1791069265,5039992832,309440512,21734096,5391527936,6177759232
findling-rss 1791069267,5532188672,309440512,21761704,5885054976,6177759232
findling-rss 1791069269,5076324352,313348096,21875816,5423341568,6177759232
findling-rss 1791069271,5503426560,313348096,21885768,5860659200,6177759232
findling-rss 1791069273,4104118272,309121024,20433416,4450754560,6177759232
findling-rss 1791069275,4130263040,309121024,20433576,4476588032,6177759232
findling-rss 1791069277,4084256768,308424704,20301224,4430311424,6177759232
findling-rss 1791069279,4033466368,308424704,20304968,4378886144,6177759232
findling-rss 1791069281,4026560512,308424704,20303888,4371914752,6177759232
findling-rss 1791069283,4028203008,308424704,20300184,4373671936,6177759232
findling-rss 1791069285,4038057984,308424704,20296328,4383428608,6177759232
findling-rss 1791069287,3920023552,308424704,20241456,4295356416,6177759232
findling-rss 1791069289,3932733440,306696192,20137056,4275953664,6177759232
findling-rss 1791069291,3785486336,306696192,20123488,4128190464,6177759232
findling-rss 1791069293,3879452672,306696192,20140040,4222668800,6177759232
findling-rss 1791069295,3974209536,336109568,20914744,4326772736,6177759232
findling-rss 1791069297,5576568832,309800960,21668936,5929103360,6177759232
findling-rss 1791069299,5467516928,309805056,21578480,5848612864,6177759232
findling-rss 1791069301,5530513408,309813248,21675992,5883817984,6177759232
findling-rss 1791069303,5389340672,309460992,21557256,5742145536,6177759232
findling-rss 1791069305,5083164672,319385600,21711320,5437345792,6177759232
findling-rss 1791069307,5531635712,319385600,21956856,5895114752,6177759232
findling-rss 1791069309,4046778368,315498496,20402664,4399443968,6177759232
findling-rss 1791069311,4171591680,315498496,20404568,4524711936,6177759232
findling-rss 1791069313,3665567744,314454016,19587944,4014563328,6177759232
findling-rss 1791069315,3689508864,314454016,19574664,4038885376,6177759232
findling-rss 1791069317,3613487104,314454016,19573520,3962314752,6177759232
findling-rss 1791069319,3633569792,314454016,19574040,3982413824,6177759232
findling-rss 1791069321,3681419264,314454016,19576632,4030304256,6177759232
findling-rss 1791069323,3686461440,314454016,19577448,4035211264,6177759232
findling-rss 1791069325,3694825472,314454016,19577448,4043796480,6177759232
findling-rss 1791069327,3695398912,314454016,19576632,4044779520,6177759232
findling-rss 1791069329,3696144384,314454016,19576184,4046082048,6177759232
findling-rss 1791069331,3696148480,314454016,19577280,4045807616,6177759232
findling-rss 1791069333,3697754112,314454016,19579912,4046905344,6177759232
findling-rss 1791069335,3697881088,314454016,19580592,4047769600,6177759232
findling-rss 1791069337,3700342784,314454016,19578824,4048994304,6177759232
findling-rss 1791069339,3601645568,314454016,19472784,3950104576,6177759232
findling-rss 1791069341,3697586176,314454016,19577432,4046925824,6177759232
findling-rss 1791069343,3575345152,314454016,19574416,3923529728,6177759232
findling-rss 1791069345,3644592128,314454016,19575216,3994464256,6177759232
findling-rss 1791069347,3620663296,314454016,19574880,3965177856,6177759232
findling-rss 1791069349,3645575168,314454016,19571872,3995516928,6177759232
findling-rss 1791069351,3668058112,314454016,19572752,4017516544,6177759232
findling-rss 1791069353,3688402944,314454016,19572152,4038524928,6177759232
findling-rss 1791069355,3695267840,314454016,19573440,4044812288,6177759232
findling-rss 1791069357,3698278400,314454016,19572888,4046974976,6177759232
findling-rss 1791069359,3699597312,314454016,19614520,4048035840,6177759232
findling-rss 1791069361,3699146752,314454016,19569472,4048388096,6177759232
findling-rss 1791069363,3699494912,314454016,19570248,4048879616,6177759232
findling-rss 1791069365,3699515392,314454016,19568760,4049264640,6177759232
findling-rss 1791069367,3700355072,314454016,19572032,4049371136,6177759232
findling-rss 1791069369,3604144128,314454016,19474704,3953229824,6177759232
findling-rss 1791069371,3704127488,314454016,19574600,4053241856,6177759232
findling-rss 1791069373,3619692544,314454016,19571936,3964522496,6177759232
findling-rss 1791069375,3699908608,314454016,19575128,4049256448,6177759232
findling-rss 1791069377,3645890560,314454016,19576400,3994062848,6177759232
findling-rss 1791069379,3700862976,314454016,19578040,4049907712,6177759232
findling-rss 1791069381,3680624640,314454016,19585056,4030447616,6177759232
findling-rss 1791069383,3700797440,314454016,19578136,4050313216,6177759232
findling-rss 1791069385,3691520000,314454016,19576288,4039876608,6177759232
findling-rss 1791069387,3706048512,314454016,19576024,4055478272,6177759232
findling-rss 1791069389,3647549440,314454016,19570104,3996848128,6177759232
findling-rss 1791069391,3649290240,314454016,19571704,3998609408,6177759232
findling-rss 1791069393,3646541824,314454016,19573744,3995086848,6177759232
findling-rss 1791069395,3647447040,314454016,19575104,3996356608,6177759232
findling-rss 1791069397,3691606016,314454016,19577488,4040339456,6177759232
findling-rss 1791069399,3596570624,314454016,19489560,3945017344,6177759232
findling-rss 1791069401,3701178368,314454016,19581576,4050976768,6177759232
findling-rss 1791069403,3635814400,314454016,19576984,3983917056,6177759232
findling-rss 1791069405,3703345152,314454016,19578184,4052762624,6177759232
findling-rss 1791069407,3656937472,314454016,19574856,4006207488,6177759232
findling-rss 1791069409,3702517760,314454016,19574832,4051955712,6177759232
findling-rss 1791069411,3557900288,305143808,19279360,3896909824,6177759232
findling-rss 1791069413,3553742848,305160192,19403296,3892748288,6177759232
findling-rss 1791069415,3549859840,304885760,19532800,3889455104,6177759232
findling-rss 1791069417,3506479104,305385472,19732000,3846512640,6177759232
findling-rss 1791069419,3477622784,305655808,19795560,3818033152,6177759232
findling-rss 1791069421,3585183744,305713152,20130504,3926704128,6177759232
findling-rss 1791069423,3481145344,305340416,19924864,3820933120,6177759232
findling-rss 1791069425,3369488384,305926144,19849896,3709673472,6177759232
findling-rss 1791069427,3464790016,305725440,20263456,3806621696,6177759232
findling-rss 1791069429,3569983488,305655808,20560656,3910434816,6177759232
findling-rss 1791069431,3719958528,305987584,20667936,4062445568,6177759232
findling-rss 1791069433,3609337856,306593792,20655880,3951280128,6177759232
findling-rss 1791069435,3518197760,306831360,20674000,3860803584,6177759232
findling-rss 1791069437,3618197504,306577408,20736816,3960631296,6177759232
findling-rss 1791069439,3698221056,306659328,21027632,4031148032,6177759232
findling-rss 1791069441,3715993600,307372032,21022328,4059348992,6177759232
findling-rss 1791069443,3611713536,307331072,21039184,3951628288,6177759232
findling-rss 1791069445,3626827776,307662848,21118592,3971678208,6177759232
findling-rss 1791069447,3609448448,307961856,20933496,3953647616,6177759232
findling-rss 1791069449,3687202816,308019200,21280128,4032593920,6177759232
findling-rss 1791069451,3700285440,308350976,21286168,4044832768,6177759232
findling-rss 1791069453,3702530048,308555776,21364368,4048879616,6177759232
findling-rss 1791069455,3708895232,308998144,21396680,4054671360,6177759232
findling-rss 1791069457,3667165184,309317632,21470840,4013207552,6177759232
findling-rss 1791069459,3729260544,309436416,21376616,4075933696,6177759232
findling-rss 1791069461,3791425536,309796864,21412168,4138643456,6177759232
findling-rss 1791069463,3736813568,310091776,21423360,4083814400,6177759232
findling-rss 1791069465,3737923584,310521856,21451336,4086034432,6177759232
findling-rss 1791069467,5040304128,315129856,22996656,5398507520,6177759232
findling-rss 1791069469,5048717312,315146240,22998488,5407653888,6177759232
findling-rss 1791069471,3935911936,312242176,21619976,4279148544,6177759232
findling-rss 1791069473,5756878848,317288448,23425120,6119165952,6177759232
findling-rss 1791069476,5584437248,316936192,23211456,5944799232,6177759232
findling-rss 1791069478,5606838272,321130496,23513040,5971759104,6177759232
findling-rss 1791069480,5683126272,321130496,23513440,6050013184,6177759232
findling-rss 1791069482,3921657856,315047936,21786256,4274802688,6177759232
findling-rss 1791069484,3922030592,315047936,21784448,4275642368,6177759232
findling-rss 1791069486,3921752064,315047936,21786448,4275040256,6177759232
findling-rss 1791069488,3926937600,315047936,21788040,4280193024,6177759232
findling-rss 1791069490,3922927616,315047936,21786376,4276043776,6177759232
findling-rss 1791069492,3927871488,315047936,21781712,4282044416,6177759232
findling-rss 1791069494,3866738688,315047936,21778216,4219797504,6177759232
findling-rss 1791069496,3826077696,315465728,21687936,4179431424,6177759232
findling-rss 1791069498,3866992640,315465728,21792040,4220534784,6177759232
findling-rss 1791069500,3798446080,315465728,21792488,4151369728,6177759232
findling-rss 1791069502,3866361856,315465728,21791704,4219592704,6177759232
findling-rss 1791069504,3791888384,315465728,21795224,4144975872,6177759232
findling-rss 1791069506,3811667968,315465728,21796376,4164935680,6177759232
findling-rss 1791069508,3791884288,315465728,21796280,4145037312,6177759232
findling-rss 1791069510,3812573184,315465728,21793608,4166066176,6177759232
findling-rss 1791069512,3811835904,315465728,21793480,4165115904,6177759232
findling-rss 1791069514,3815800832,315465728,21794896,4169244672,6177759232
findling-rss 1791069516,3810820096,315465728,21795912,4164718592,6177759232
findling-rss 1791069518,3813072896,315465728,21794104,4167163904,6177759232
findling-rss 1791069520,3811250176,315465728,21794304,4164820992,6177759232
findling-rss 1791069522,3816157184,315465728,21794432,4170309632,6177759232
findling-rss 1791069524,5460160512,316440576,23486008,5818957824,6177759232
findling-rss 1791069526,5690576896,316440576,23490576,6052573184,6177759232
findling-rss 1791069528,5320269824,316653568,23513840,5680746496,6177759232
findling-rss 1791069530,5599436800,316653568,23516000,5961588736,6177759232
findling-rss 1791069532,3787411456,311492608,21716408,4136280064,6177759232
findling-rss 1791069534,5592784896,318148608,23553920,5956550656,6177759232
findling-rss 1791069536,5656481792,318148608,23552728,6020608000,6177759232
findling-rss 1791069538,5257076736,319365120,23435216,5620318208,6177759232
findling-rss 1791069540,5658275840,319365120,23557912,6023659520,6177759232
findling-rss 1791069542,3998539776,313634816,21950568,4350586880,6177759232
findling-rss 1791069544,4023320576,313634816,21951184,4375683072,6177759232
findling-rss 1791069546,3858661376,313274368,21830984,4209225728,6177759232
findling-rss 1791069548,3870359552,313274368,21831400,4221693952,6177759232
findling-rss 1791069550,3870937088,313274368,21830664,4222107648,6177759232
findling-rss 1791069552,3870937088,313274368,21832024,4222619648,6177759232
findling-rss 1791069554,5202903040,316665856,23392032,5545009152,6177759232
findling-rss 1791069556,5697216512,316665856,23414040,6059413504,6177759232
findling-rss 1791069558,4972191744,318435328,23134616,5326286848,6177759232
findling-rss 1791069560,5639675904,318435328,23442592,6004019200,6177759232
findling-rss 1791069562,4036538368,313856000,21892456,4388810752,6177759232
findling-rss 1791069564,3888050176,313499648,21747128,4239273984,6177759232
findling-rss 1791069566,3888119808,313499648,21753944,4239679488,6177759232
findling-rss 1791069568,3890278400,313499648,21745368,4241813504,6177759232
findling-rss 1791069570,3888480256,313499648,21744288,4240539648,6177759232
findling-rss 1791069572,3894292480,313499648,21744688,4246097920,6177759232
findling-rss 1791069574,3888480256,313499648,21746024,4240592896,6177759232
findling-rss 1791069576,3888480256,313499648,21744120,4240191488,6177759232
findling-rss 1791069578,3889397760,313499648,21746144,4241285120,6177759232
findling-rss 1791069580,3891224576,313499648,21744872,4243046400,6177759232
findling-rss 1791069582,5746507776,316555264,23458704,6108573696,6177759232
findling-rss 1791069584,5784846336,316555264,23457232,6146801664,6177759232
findling-rss 1791069586,5640855552,316788736,23473552,6003298304,6177759232
findling-rss 1791069588,5659717632,316788736,23473048,6021324800,6177759232
findling-rss 1791069590,5336248320,318955520,23513688,5698228224,6177759232
findling-rss 1791069592,5639778304,318955520,23540824,6004195328,6177759232
findling-rss 1791069594,4688703488,328597504,23252008,5051514880,6177759232
findling-rss 1791069596,5006405632,328597504,23255664,5378154496,6177759232
findling-rss 1791069598,4117950464,324984832,22376704,4482826240,6177759232
findling-rss 1791069600,4180037632,324984832,22377488,4544802816,6177759232
findling-rss 1791069602,3991498752,323940352,22236192,4354744320,6177759232
findling-rss 1791069604,4033204224,323940352,22237576,4396257280,6177759232
findling-rss 1791069606,4034342912,323940352,22299680,4396072960,6177759232
findling-rss 1791069608,4035948544,323940352,22236304,4399091712,6177759232
findling-rss 1791069610,3874234368,322203648,22077744,4234526720,6177759232
findling-rss 1791069612,3881623552,322203648,22079344,4242239488,6177759232
findling-rss 1791069614,3818840064,322203648,22076984,4179320832,6177759232
findling-rss 1791069616,3819360256,322203648,22078000,4179771392,6177759232
findling-rss 1791069618,3819712512,322203648,22079008,4179947520,6177759232
findling-rss 1791069620,3821015040,322203648,22078568,4180897792,6177759232
findling-rss 1791069622,3818860544,322203648,22080208,4179136512,6177759232
findling-rss 1791069624,3775492096,322203648,21976576,4135251968,6177759232
findling-rss 1791069626,3819282432,322203648,22082928,4180279296,6177759232
findling-rss 1791069628,3762683904,322203648,22082136,4123164672,6177759232
findling-rss 1791069630,3819372544,322203648,22077880,4179816448,6177759232
findling-rss 1791069632,3799265280,322203648,22079232,4159471616,6177759232
findling-rss 1791069634,3819245568,322203648,22079040,4179963904,6177759232
findling-rss 1791069636,3799240704,322203648,22076280,4159528960,6177759232
findling-rss 1791069638,3818917888,322203648,22079296,4179693568,6177759232
findling-rss 1791069640,3818557440,322203648,22080656,4179480576,6177759232
findling-rss 1791069642,3820376064,322203648,22081600,4181512192,6177759232
findling-rss 1791069644,3819331584,322203648,22077552,4179378176,6177759232
findling-rss 1791069646,3820494848,322203648,22077792,4181463040,6177759232
findling-rss 1791069648,3818819584,322203648,22079648,4179066880,6177759232
findling-rss 1791069650,3819261952,322203648,22079888,4180013056,6177759232
findling-rss 1791069652,3818745856,322203648,22123056,4180697088,6177759232
findling-rss 1791069654,3755032576,322203648,21973208,4113494016,6177759232
findling-rss 1791069656,3818999808,322203648,22078712,4179968000,6177759232
findling-rss 1791069658,3734745088,322203648,22079872,4095819776,6177759232
findling-rss 1791069660,3818582016,322203648,22080448,4179079168,6177759232
findling-rss 1791069662,3773169664,322203648,22078936,4133376000,6177759232
findling-rss 1791069664,3819696128,322203648,22080408,4180193280,6177759232
findling-rss 1791069666,3799261184,322203648,22079896,4160163840,6177759232
findling-rss 1791069668,3819417600,322203648,22078872,4180103168,6177759232
findling-rss 1791069670,3851354112,322203648,22081312,4212076544,6177759232
findling-rss 1791069672,3871985664,322203648,22084728,4232732672,6177759232
findling-rss 1791069674,3818356736,322203648,22084744,4178993152,6177759232
findling-rss 1791069676,3819732992,322203648,22081048,4180676608,6177759232
findling-rss 1791069678,3818762240,322203648,22080648,4180762624,6177759232
findling-rss 1791069680,3820158976,322203648,22081568,4180885504,6177759232
findling-rss 1791069682,3870097408,322203648,22078424,4230840320,6177759232
findling-rss 1791069684,3875385344,322203648,22079864,4235943936,6177759232
findling-rss 1791069686,3879657472,322203648,22080560,4240400384,6177759232
findling-rss 1791069688,3854319616,322203648,22078696,4223598592,6177759232
findling-rss 1791069690,3881345024,322203648,22078992,4241674240,6177759232
findling-rss 1791069692,3787362304,322203648,21973792,4147908608,6177759232
findling-rss 1791069694,3882807296,322203648,22075320,4243210240,6177759232
findling-rss 1791069696,3837079552,322203648,22080128,4198051840,6177759232
findling-rss 1791069698,3890647040,322203648,22084200,4251123712,6177759232
findling-rss 1791069700,3863187456,322203648,22079760,4224020480,6177759232
findling-rss 1791069702,3884027904,322203648,22080992,4244803584,6177759232
findling-rss 1791069704,3863252992,322203648,22079200,4223746048,6177759232
findling-rss 1791069706,3883712512,322203648,22082288,4244795392,6177759232
findling-rss 1791069708,3723546624,311808000,21649688,4073238528,6177759232
findling-rss 1791069710,3725680640,312176640,21745768,4075843584,6177759232
findling-rss 1791069712,3729440768,312938496,21781224,4080263168,6177759232
findling-rss 1791069714,3734454272,312872960,21786384,4084572160,6177759232
findling-rss 1791069716,3738722304,313085952,21827632,4089241600,6177759232
findling-rss 1791069718,3743059968,313303040,21725848,4093935616,6177759232
findling-rss 1791069720,3747299328,313679872,21857824,4099174400,6177759232
findling-rss 1791069722,3758186496,314068992,21866552,4109869056,6177759232
findling-rss 1791069725,3877675008,314773504,21902096,4229894144,6177759232
findling-rss 1791069727,3824078848,314777600,21907992,4177317888,6177759232
findling-rss 1791069729,3827879936,315310080,22007656,4180930560,6177759232
findling-rss 1791069731,3831447552,315346944,22033784,4185444352,6177759232
findling-rss 1791069733,3836284928,315682816,22063096,4190220288,6177759232
findling-rss 1791069735,3780337664,315793408,21970624,4134166528,6177759232
findling-rss 1791069737,3840344064,316141568,22005008,4194402304,6177759232
findling-rss 1791069739,3897380864,316395520,22005888,4252094464,6177759232
findling-rss 1791069741,3786809344,316628992,22107824,4141932544,6177759232
findling-rss 1791069743,3801108480,317046784,22143688,4156284928,6177759232
findling-rss 1791069745,5197082624,321650688,23659320,5562093568,6177759232
findling-rss 1791069747,5428948992,321650688,23679320,5795647488,6177759232
findling-rss 1791069749,3777789952,317874176,22251992,4133543936,6177759232
findling-rss 1791069751,5653843968,322838528,24077296,6023507968,6177759232
findling-rss 1791069753,5660213248,322838528,24077168,6030458880,6177759232
findling-rss 1791069755,5365899264,322854912,23942872,5732237312,6177759232
findling-rss 1791069757,5761392640,322854912,24043688,6131036160,6177759232
findling-rss 1791069759,4074029056,318304256,22470224,4431343616,6177759232
findling-rss 1791069761,5563756544,324194304,24141920,5932318720,6177759232
findling-rss 1791069763,5683945472,324194304,24154456,6054731776,6177759232
findling-rss 1791069765,5086208000,328462336,23973552,5446635520,6177759232
findling-rss 1791069767,5742665728,328462336,24307920,6117634048,6232014848
findling-rss 1791069769,4402012160,325160960,23013072,4802592768,6233407488
findling-rss 1791069771,4130406400,324108288,22733808,4546379776,6233407488
findling-rss 1791069773,4075839488,324108288,22732376,4439494656,6233407488
findling-rss 1791069775,4181643264,324108288,22735952,4545200128,6233407488
findling-rss 1791069777,4035182592,323055616,22587800,4397686784,6233407488
findling-rss 1791069779,4024979456,323055616,22591232,4387454976,6233407488
findling-rss 1791069781,3948523520,323055616,22589440,4311437312,6233407488
findling-rss 1791069783,4032741376,323055616,22590640,4395368448,6233407488
findling-rss 1791069785,4064387072,323055616,22591048,4427190272,6233407488
findling-rss 1791069787,4026970112,323055616,22588784,4388917248,6233407488
findling-rss 1791069789,3969597440,323055616,22590544,4332228608,6233407488
findling-rss 1791069791,3969699840,323076096,22590792,4332494848,6233407488
findling-rss 1791069793,4026322944,323076096,22591784,4389228544,6233407488
findling-rss 1791069795,3969753088,323076096,22591768,4332736512,6233407488
findling-rss 1791069797,3970215936,323076096,22594408,4333027328,6233407488
findling-rss 1791069799,3972702208,323076096,22594096,4335472640,6233407488
findling-rss 1791069801,3970281472,323076096,22593312,4333019136,6233407488
findling-rss 1791069803,3875352576,323076096,22482896,4237352960,6233407488
findling-rss 1791069805,3973656576,323076096,22592968,4336099328,6233407488
findling-rss 1791069807,3912196096,323076096,22587104,4273655808,6233407488
findling-rss 1791069809,3971506176,323076096,22592104,4333826048,6233407488
findling-rss 1791069811,3951169536,323076096,22590168,4313755648,6233407488
findling-rss 1791069813,3975323648,323076096,22593264,4336623616,6233407488
findling-rss 1791069815,3951190016,323076096,22593760,4313477120,6233407488
findling-rss 1791069817,3971432448,323076096,22593880,4333826048,6233407488
findling-rss 1791069819,4529680384,321396736,23141312,4892393472,6233407488
findling-rss 1791069821,5770670080,323178496,24070792,6140108800,6233407488
findling-rss 1791069823,4829986816,322678784,23628424,5192417280,6233407488
findling-rss 1791069825,5657235456,324763648,24131784,6028451840,6233407488
findling-rss 1791069827,4627959808,321933312,23166504,4992176128,6233407488
findling-rss 1791069829,3828555776,319848448,22433528,4187230208,6233407488
findling-rss 1791069831,3833315328,319848448,22433528,4191858688,6233407488
findling-rss 1791069833,3830173696,319848448,22434280,4189175808,6233407488
findling-rss 1791069835,3771097088,319848448,22326832,4127342592,6233407488
findling-rss 1791069837,3829178368,319848448,22437224,4188024832,6233407488
findling-rss 1791069839,3760521216,319848448,22438168,4119076864,6233407488
findling-rss 1791069841,3833565184,319848448,22438008,4192210944,6233407488
findling-rss 1791069843,3938340864,322400256,22625976,4295749632,6233407488
findling-rss 1791069845,5721530368,326893568,24194376,6094753792,6233407488
findling-rss 1791069847,5672448000,326889472,24108752,6044184576,6233407488
findling-rss 1791069849,5398622208,325898240,24125520,5768359936,6233407488
findling-rss 1791069851,5653843968,325902336,24023304,6024900608,6233407488
findling-rss 1791069853,4022853632,321363968,22554544,4383571968,6233407488
findling-rss 1791069855,3926999040,321015808,22433384,4286750720,6233407488
findling-rss 1791069857,3927715840,321015808,22445768,4288389120,6233407488
findling-rss 1791069859,3831443456,321015808,22334872,4191854592,6233407488
findling-rss 1791069861,3875127296,321015808,22436264,4235583488,6233407488
findling-rss 1791069863,3863388160,321015808,22436872,4224016384,6233407488
findling-rss 1791069865,3919269888,321015808,22442016,4279648256,6233407488
findling-rss 1791069867,3909423104,321015808,22438504,4269375488,6233407488
findling-rss 1791069869,3929288704,321015808,22432064,4289191936,6233407488
findling-rss 1791069871,3910475776,321015808,22430424,4270219264,6233407488
findling-rss 1791069873,3935027200,321015808,22431304,4294840320,6233407488
findling-rss 1791069875,4981739520,325447680,24058576,5348597760,6233407488
findling-rss 1791069877,5634072576,325447680,24184848,6005313536,6233407488
findling-rss 1791069879,4994314240,324288512,24028976,5352284160,6233407488
findling-rss 1791069881,5726941184,324288512,24159584,6097936384,6233407488
findling-rss 1791069883,4677328896,321830912,23177272,5041934336,6233407488
findling-rss 1791069885,3987341312,319733760,22531136,4346204160,6233407488
findling-rss 1791069887,3734368256,318414848,22267720,4090933248,6233407488
findling-rss 1791069889,5664272384,326111232,24205480,6036365312,6233407488
findling-rss 1791069891,5123874816,325054464,23796400,5516382208,6233407488
findling-rss 1791069893,5672488960,329093120,24249816,6048804864,6233407488
findling-rss 1791069895,5172666368,328052736,23837120,5593329664,6233407488
findling-rss 1791069897,4036952064,324755456,22626440,4400496640,6233407488
findling-rss 1791069899,3958136832,324755456,22625736,4318961664,6233407488
findling-rss 1791069901,3984510976,324755456,22623640,4347953152,6233407488
findling-rss 1791069903,4008275968,324755456,22618992,4372922368,6233407488
findling-rss 1791069905,4036366336,324763648,22622968,4401016832,6233407488
findling-rss 1791069907,4026728448,324763648,22623528,4391325696,6233407488
findling-rss 1791069909,4046127104,324763648,22625496,4411052032,6233407488
findling-rss 1791069911,4047683584,324763648,22626528,4412039168,6233407488
findling-rss 1791069913,4052271104,324763648,22626448,4416090112,6233407488
findling-rss 1791069915,4046913536,324763648,22634704,4410871808,6233407488
findling-rss 1791069917,4047826944,324763648,22624112,4411588608,6233407488
findling-rss 1791069919,4047790080,324763648,22625648,4412207104,6233407488
findling-rss 1791069921,4047790080,324763648,22625032,4411416576,6233407488
findling-rss 1791069923,3994931200,324763648,22624168,4358848512,6233407488
findling-rss 1791069925,3951288320,324763648,22518424,4314980352,6233407488
findling-rss 1791069927,3995570176,324763648,22624056,4359507968,6233407488
findling-rss 1791069929,3970519040,324763648,22615032,4334161920,6233407488
findling-rss 1791069931,4039290880,324763648,22617544,4403101696,6233407488
findling-rss 1791069933,4029251584,324763648,22619344,4392943616,6233407488
findling-rss 1791069935,4049379328,324763648,22619584,4413104128,6233407488
findling-rss 1791069937,4030283776,324763648,22620504,4394094592,6233407488
findling-rss 1791069939,4048941056,324763648,22617184,4412956672,6233407488
findling-rss 1791069941,4049969152,324763648,22618600,4413911040,6233407488
findling-rss 1791069943,4050821120,324763648,22617672,4414558208,6233407488
findling-rss 1791069945,4050644992,324763648,22618968,4414275584,6233407488
findling-rss 1791069947,4050644992,324763648,22618520,4414623744,6233407488
findling-rss 1791069949,3998429184,324763648,22622712,4362272768,6233407488
findling-rss 1791069951,3998429184,324763648,22619032,4362121216,6233407488
findling-rss 1791069953,3997827072,324763648,22620264,4361695232,6233407488
findling-rss 1791069955,3931959296,324763648,22514920,4295073792,6233407488
findling-rss 1791069957,4041220096,324763648,22619824,4405407744,6233407488
findling-rss 1791069960,3893800960,318554112,22337344,4251049984,6233407488
findling-rss 1791069962,3894988800,318554112,22347296,4251856896,6233407488
findling-rss 1791069964,3893800960,318554112,22342384,4250324992,6233407488
findling-rss 1791069966,3893800960,318554112,22343264,4251049984,6233407488
findling-rss 1791069968,3893800960,318554112,22343128,4251475968,6233407488
findling-rss 1791069970,3893800960,318554112,22342960,4251328512,6233407488
findling-rss 1791069972,3893800960,318554112,22344080,4251504640,6233407488
findling-rss 1791069974,3893800960,318554112,22343528,4251217920,6233407488
findling-rss 1791069976,3893800960,318554112,22339864,4251381760,6233407488
findling-rss 1791069978,3893800960,318554112,22339424,4251365376,6233407488
findling-rss 1791069980,3893800960,318554112,22341528,4251250688,6233407488
findling-rss 1791069982,3893800960,318554112,22340648,4251136000,6233407488
findling-rss 1791069984,3893800960,318554112,22352600,4250484736,6233407488
findling-rss 1791069986,3893800960,318554112,22343640,4250963968,6233407488
findling-rss 1791069988,3893800960,318554112,22344760,4250992640,6233407488
findling-rss 1791069990,3893800960,318554112,22340928,4250996736,6233407488
findling-rss 1791069992,3893800960,318554112,22342824,4251103232,6233407488
findling-rss 1791069994,3893800960,318554112,22342512,4251549696,6233407488
findling-rss 1791069996,3893800960,318554112,22343128,4251017216,6233407488
findling-rss 1791069998,3893800960,318554112,22344424,4250480640,6233407488
findling-rss 1791070000,3893800960,318554112,22344928,4252004352,6233407488
findling-rss 1791070002,3893800960,318554112,22346264,4251521024,6233407488
findling-rss 1791070004,3893800960,318554112,22342248,4251664384,6233407488
findling-rss 1791070006,3894239232,318726144,22317104,4251402240,6233407488
findling-rss 1791070008,3903856640,319488000,22357064,4261896192,6233407488
findling-rss 1791070010,3906789376,319352832,22375216,4264480768,6233407488
findling-rss 1791070012,3916914688,362954752,23682376,4318793728,6233407488
findling-rss 1791070014,3918659584,319574016,22284280,4276576256,6233407488
findling-rss 1791070016,3920330752,319901696,22315352,4279554048,6233407488
findling-rss 1791070018,4038324224,320286720,22353232,4397056000,6233407488
findling-rss 1791070020,3982761984,320593920,22390664,4342194176,6233407488
findling-rss 1791070022,3987132416,320995328,22419400,4347293696,6233407488
findling-rss 1791070024,3929849856,321335296,22433760,4290523136,6233407488
findling-rss 1791070026,3987550208,321593344,22460800,4347772928,6233407488
findling-rss 1791070028,3991457792,322088960,22503592,4353155072,6233407488
findling-rss 1791070030,3936198656,322199552,22406880,4296429568,6233407488
findling-rss 1791070032,3943116800,322490368,22441168,4304601088,6233407488
findling-rss 1791070034,4001783808,323362816,22547816,4364296192,6233407488
findling-rss 1791070036,3947782144,323731456,22557976,4365672448,6233407488
findling-rss 1791070038,3946164224,323923968,22589592,4309381120,6233407488
findling-rss 1791070040,3946348544,324292608,22625464,4309925888,6233407488
findling-rss 1791070042,5186916352,332423168,24238984,5562507264,6233407488
findling-rss 1791070044,5371842560,332423168,24238528,5749645312,6233407488
findling-rss 1791070046,3952672768,328515584,22928104,4318838784,6233407488
findling-rss 1791070048,4013789184,328536064,22904992,4381474816,6233407488
findling-rss 1791070050,3964297216,328536064,22902888,4317540352,6233407488
findling-rss 1791070052,3912343552,328536064,22905056,4280745984,6233407488
findling-rss 1791070054,3957284864,328536064,22905544,4326080512,6233407488
findling-rss 1791070056,3995602944,328536064,22904760,4354727936,6233407488
findling-rss 1791070058,3967750144,328536064,22906744,4335841280,6233407488
findling-rss 1791070060,4031139840,328536064,22906504,4399382528,6233407488
findling-rss 1791070062,3971366912,328552448,22905064,4339539968,6233407488
findling-rss 1791070064,4030091264,328593408,22901832,4397981696,6233407488
findling-rss 1791070066,4027523072,328593408,22903192,4395642880,6233407488
findling-rss 1791070068,4027904000,328593408,22903160,4396191744,6233407488
findling-rss 1791070070,3971153920,328593408,22903304,4339412992,6233407488
findling-rss 1791070072,3934486528,328593408,22867760,4301426688,6233407488
findling-rss 1791070074,3971416064,328593408,22905456,4340080640,6233407488
findling-rss 1791070076,3875266560,328593408,22805328,4243234816,6233407488
findling-rss 1791070078,3916816384,328593408,22900120,4285427712,6233407488
findling-rss 1791070080,3871469568,328593408,22901328,4239970304,6233407488
findling-rss 1791070082,3917737984,328593408,22901960,4286074880,6233407488
findling-rss 1791070084,4368240640,333783040,23840920,4741210112,6233407488
findling-rss 1791070086,5773111296,335536128,24681056,6156136448,6233407488
findling-rss 1791070088,4646875136,338911232,24207960,5060608000,6233407488
findling-rss 1791070090,5702254592,342806528,24896464,6092582912,6233407488
findling-rss 1791070092,4819746816,340713472,24146792,5203795968,6233407488
findling-rss 1791070094,4181139456,338599936,23400608,4559228928,6233407488
findling-rss 1791070096,4065431552,338243584,23274968,4443500544,6233407488
findling-rss 1791070098,4085919744,338243584,23278056,4465004544,6233407488
findling-rss 1791070100,3937013760,338243584,23173512,4315271168,6233407488
findling-rss 1791070102,4033667072,338243584,23280848,4411985920,6233407488
findling-rss 1791070104,4012064768,338243584,23278800,4389867520,6233407488
findling-rss 1791070106,4080050176,338243584,23284984,4458332160,6233407488
findling-rss 1791070108,4062388224,338243584,23287192,4440674304,6233407488
findling-rss 1791070110,4090855424,338243584,23284680,4469366784,6233407488
findling-rss 1791070112,4070805504,338243584,23285536,4449574912,6233407488
findling-rss 1791070114,4091768832,338243584,23284512,4470743040,6233407488
findling-rss 1791070116,4073340928,338243584,23280576,4450951168,6233407488
findling-rss 1791070118,3995512832,338243584,23183712,4374388736,6233407488
findling-rss 1791070120,4038537216,338243584,23282696,4416729088,6233407488
findling-rss 1791070122,3929804800,338243584,23283872,4307812352,6233407488
findling-rss 1791070124,3987066880,338243584,23280840,4363702272,6233407488
findling-rss 1791070126,3966480384,338243584,23277472,4338753536,6233407488
findling-rss 1791070128,4031262720,338243584,23279552,4409753600,6233407488
findling-rss 1791070130,4055674880,338243584,23278584,4434276352,6233407488
findling-rss 1791070132,4089077760,338243584,23278568,4467769344,6233407488
findling-rss 1791070134,3840827392,333717504,23024736,4245483520,6233407488
findling-rss 1791070136,3937132544,333717504,23040736,4310908928,6233407488
findling-rss 1791070138,3856764928,333717504,23040032,4227252224,6233407488
findling-rss 1791070140,3938115584,333717504,23043384,4311150592,6233407488
findling-rss 1791070142,3909042176,333717504,23044592,4282433536,6233407488
findling-rss 1791070144,3937595392,333717504,23044504,4311109632,6233407488
findling-rss 1791070146,3918397440,333717504,23041928,4291383296,6233407488
findling-rss 1791070148,3939033088,333717504,23045504,4312350720,6233407488
findling-rss 1791070150,3937349632,333717504,23046032,4311203840,6233407488
findling-rss 1791070152,3945168896,333717504,23047776,4318593024,6233407488
findling-rss 1791070154,3938082816,333717504,23047896,4310781952,6233407488
findling-rss 1791070156,3938631680,333717504,23045400,4311576576,6233407488
findling-rss 1791070158,3885576192,333717504,23047480,4258861056,6233407488
findling-rss 1791070160,3892236288,333717504,23045448,4265308160,6233407488
findling-rss 1791070162,3885924352,333717504,23045656,4259020800,6233407488
findling-rss 1791070164,3885924352,333717504,23046776,4259307520,6233407488
findling-rss 1791070166,3930521600,333717504,23046336,4304310272,6233407488
findling-rss 1791070168,3834187776,333717504,23028696,4261158912,6233407488
findling-rss 1791070170,3939950592,333717504,23042016,4312985600,6233407488
findling-rss 1791070172,3855777792,333717504,23039424,4228063232,6233407488
findling-rss 1791070174,3946569728,333717504,23041136,4319817728,6233407488
findling-rss 1791070176,3873792000,333717504,23040600,4247085056,6233407488
findling-rss 1791070178,3941883904,333717504,23042792,4315320320,6233407488
findling-rss 1791070180,3920850944,333717504,23044336,4293922816,6233407488
findling-rss 1791070182,3940315136,333717504,23043520,4313456640,6233407488
findling-rss 1791070184,4220067840,329224192,23204136,4586704896,6233407488
findling-rss 1791070186,5660082176,331317248,24468336,6038114304,6233407488
findling-rss 1791070188,4891901952,329748480,23798232,5263069184,6233407488
findling-rss 1791070190,5680201728,334364672,24571912,6060711936,6233407488
findling-rss 1791070192,4128292864,330166272,23127760,4508110848,6233407488
findling-rss 1791070194,3907624960,329465856,22881392,4276715520,6233407488
findling-rss 1791070196,3839070208,329465856,22780120,4206903296,6233407488
findling-rss 1791070198,3905798144,329465856,22880576,4275232768,6233407488
findling-rss 1791070200,3876401152,329465856,22879584,4245643264,6233407488
findling-rss 1791070202,3906834432,329465856,22877552,4275838976,6233407488
findling-rss 1791070204,3878273024,329465856,22876736,4246556672,6233407488
findling-rss 1791070206,3908026368,329465856,22877920,4276826112,6233407488
findling-rss 1791070208,3886989312,329465856,22878192,4256096256,6233407488
findling-rss 1791070210,3908222976,329465856,22877592,4276469760,6233407488
findling-rss 1791070212,3890618368,329465856,22876336,4256702464,6233407488
findling-rss 1791070214,3907403776,329465856,22876512,4275163136,6233407488
findling-rss 1791070216,3906654208,329465856,22877488,4275572736,6233407488
findling-rss 1791070218,3907461120,329465856,22879088,4276342784,6233407488
findling-rss 1791070220,3906121728,329465856,22878232,4275163136,6233407488
findling-rss 1791070222,3906121728,329465856,22880280,4275265536,6233407488
findling-rss 1791070224,3964088320,329465856,22884248,4333244416,6233407488
findling-rss 1791070226,3966169088,329465856,22882080,4334428160,6233407488
findling-rss 1791070228,3907899392,329465856,22878584,4277223424,6233407488
findling-rss 1791070231,3841753088,329465856,22775120,4209545216,6233407488
findling-rss 1791070233,3959046144,329465856,22873088,4328075264,6233407488
findling-rss 1791070235,3883884544,329465856,22873760,4252794880,6233407488
findling-rss 1791070237,3971825664,329465856,22874112,4341710848,6233407488
findling-rss 1791070239,3855986688,326041600,22696248,4203646976,6233407488
findling-rss 1791070241,5636108288,330276864,24464928,6013132800,6233407488
findling-rss 1791070243,4878012416,329232384,23685848,5256654848,6233407488
findling-rss 1791070245,5716463616,339025920,24741712,6102384640,6233407488
findling-rss 1791070247,4354019328,335695872,23537632,4740571136,6233407488
findling-rss 1791070249,4096012288,333459456,23143264,4470796288,6233407488
findling-rss 1791070251,4013895680,333475840,23142264,4387483648,6233407488
findling-rss 1791070253,4098949120,333475840,23140104,4472156160,6233407488
findling-rss 1791070255,3999207424,333475840,23034544,4372197376,6233407488
findling-rss 1791070257,4100091904,333475840,23142112,4473970688,6233407488
findling-rss 1791070259,4021342208,333475840,23138832,4394835968,6233407488
findling-rss 1791070261,4099186688,333475840,23135560,4472909824,6233407488
findling-rss 1791070263,4010164224,333475840,23136600,4382384128,6233407488
findling-rss 1791070265,4046626816,333475840,23137760,4419985408,6233407488
findling-rss 1791070267,4075720704,333475840,23138456,4449300480,6233407488
findling-rss 1791070269,4099190784,333475840,23177976,4472254464,6233407488
findling-rss 1791070271,4024500224,333475840,23138656,4398153728,6233407488
findling-rss 1791070273,4051492864,333475840,23138024,4425023488,6233407488
findling-rss 1791070275,4076331008,333475840,23133872,4449062912,6233407488
findling-rss 1791070277,4029464576,333475840,23038072,4401463296,6233407488
findling-rss 1791070279,4043689984,333475840,23137896,4417040384,6233407488
findling-rss 1791070281,3958157312,333475840,23138680,4331823104,6233407488
findling-rss 1791070283,4097179648,333475840,23139304,4471033856,6233407488
findling-rss 1791070285,4040683520,333475840,23136776,4414283776,6233407488
findling-rss 1791070287,4043882496,333475840,23140104,4417429504,6233407488
findling-rss 1791070289,3948789760,329277440,22908776,4317093888,6233407488
findling-rss 1791070291,5341839360,331853824,24578432,5715664896,6233407488
findling-rss 1791070293,5632475136,331853824,24545648,6010568704,6233407488
findling-rss 1791070295,5350383616,331821056,24545312,5719429120,6233407488
findling-rss 1791070297,5601992704,331821056,24551168,5980577792,6233407488
findling-rss 1791070299,4119973888,327278592,22934680,4487335936,6233407488
findling-rss 1791070301,3991445504,326926336,22826648,4357095424,6233407488
findling-rss 1791070303,3915538432,326926336,22815400,4282900480,6233407488
findling-rss 1791070305,3935006720,326926336,22814112,4300902400,6233407488
findling-rss 1791070307,3935158272,326926336,22812848,4301860864,6233407488
findling-rss 1791070309,3935297536,326926336,22813704,4301606912,6233407488
findling-rss 1791070311,3786477568,325341184,22680664,4150194176,6233407488
findling-rss 1791070313,3788673024,325681152,22707160,4153307136,6233407488
findling-rss 1791070315,3793235968,326078464,22745952,4157997056,6233407488
findling-rss 1791070317,3795103744,326385664,22774200,4160147456,6233407488
findling-rss 1791070319,3797680128,376881152,24270040,4215320576,6233407488
findling-rss 1791070321,3801665536,326733824,22696200,4166696960,6233407488
findling-rss 1791070323,3804160000,326971392,22797616,4170608640,6233407488
findling-rss 1791070325,3862765568,327421952,22839152,4229570560,6233407488
findling-rss 1791070327,3807727616,328278016,22931504,4175093760,6233407488
findling-rss 1791070329,3809284096,328245248,22961960,4176588800,6233407488
findling-rss 1791070331,3924828160,328593408,22984064,4293091328,6233407488
findling-rss 1791070333,3812347904,328990720,22995640,4179632128,6233407488
findling-rss 1791070335,3814744064,329592832,23036880,4183724032,6233407488
findling-rss 1791070337,3873722368,329789440,22952952,4242849792,6233407488
findling-rss 1791070339,3819900928,330203136,23042584,4190367744,6233407488
findling-rss 1791070341,3820892160,330600448,23085744,4190285824,6233407488
findling-rss 1791070343,3821314048,330952704,23117872,4191870976,6233407488
findling-rss 1791070345,3848220672,332292096,23225992,4212088832,6233407488
findling-rss 1791070347,5317054464,341102592,24796936,5704081408,6233407488
findling-rss 1791070349,4747051008,339415040,24112192,5129551872,6233407488
findling-rss 1791070351,4260208640,337756160,23688992,4639248384,6233407488
findling-rss 1791070353,4232224768,337756160,23686296,4610838528,6233407488
findling-rss 1791070355,4266917888,337756160,23687008,4646068224,6233407488
findling-rss 1791070357,4007493632,336703488,23538656,4383420416,6233407488
findling-rss 1791070359,4169015296,336703488,23543200,4546457600,6233407488
findling-rss 1791070361,4048105472,336723968,23542000,4425424896,6233407488
findling-rss 1791070363,4203339776,336723968,23543704,4609314816,6233407488
findling-rss 1791070365,4180332544,336723968,23538024,4558077952,6233407488
findling-rss 1791070367,4229742592,336723968,23542288,4607221760,6233407488
findling-rss 1791070369,3993792512,334622720,23374864,4368789504,6233407488
findling-rss 1791070371,4013457408,334622720,23374640,4389064704,6233407488
findling-rss 1791070373,4070617088,334622720,23375136,4446150656,6233407488
findling-rss 1791070375,4069740544,334622720,23375680,4445130752,6233407488
findling-rss 1791070377,4070891520,334622720,23373664,4445745152,6233407488
findling-rss 1791070379,4019003392,334622720,23374880,4393086976,6233407488
findling-rss 1791070381,5018660864,336580608,24675320,5394526208,6233407488
findling-rss 1791070383,5632053248,336924672,25037208,6016241664,6233407488
findling-rss 1791070385,5013229568,340783104,24824888,5426245632,6233407488
findling-rss 1791070387,5607624704,341835776,25140032,6021656576,6233407488
findling-rss 1791070389,4992147456,340090880,24427968,5376581632,6233407488
findling-rss 1791070391,4166750208,337264640,23562664,4543811584,6233407488
findling-rss 1791070393,4085014528,337264640,23563304,4458831872,6233407488
findling-rss 1791070395,4163735552,337264640,23559608,4540895232,6233407488
findling-rss 1791070397,4099710976,337264640,23563920,4475543552,6233407488
findling-rss 1791070399,4112687104,337264640,23558840,4490727424,6233407488
findling-rss 1791070401,3996921856,335888384,23416136,4373762048,6233407488
findling-rss 1791070403,4023418880,335888384,23411552,4399202304,6233407488
findling-rss 1791070405,3996938240,335888384,23414280,4373135360,6233407488
findling-rss 1791070407,4017987584,335888384,23415320,4394246144,6233407488
findling-rss 1791070409,3996934144,335888384,23415312,4373524480,6233407488
findling-rss 1791070411,4016603136,335888384,23416032,4392591360,6233407488
findling-rss 1791070413,4016832512,335888384,23413512,4392349696,6233407488
findling-rss 1791070415,4017963008,335888384,23414976,4393541632,6233407488
findling-rss 1791070417,4016754688,335888384,23449288,4392955904,6233407488
findling-rss 1791070419,4017004544,335888384,23416072,4392890368,6233407488
findling-rss 1791070421,4017324032,335888384,23416128,4393451520,6233407488
findling-rss 1791070423,4017324032,335888384,23415312,4393668608,6233407488
findling-rss 1791070425,4017238016,335888384,23412120,4392853504,6233407488
findling-rss 1791070427,3951984640,335888384,23308488,4326428672,6233407488
findling-rss 1791070429,4068896768,335888384,23410560,4445163520,6233407488
findling-rss 1791070431,3921133568,331776000,23186728,4291649536,6233407488
findling-rss 1791070433,5665796096,337428480,25067448,6050697216,6233407488
findling-rss 1791070435,5653381120,337428480,25071768,6038585344,6233407488
findling-rss 1791070437,5608062976,337371136,25045344,5986336768,6233407488
findling-rss 1791070439,5620183040,337371136,25052168,6004781056,6233407488
findling-rss 1791070441,4039831552,332161024,23346880,4412166144,6233407488
findling-rss 1791070443,4044566528,332161024,23341104,4417314816,6233407488
findling-rss 1791070445,5606674432,337981440,24981936,5992095744,6233407488
findling-rss 1791070447,5627686912,337981440,24980376,6013227008,6233407488
findling-rss 1791070449,5678747648,338968576,25026968,6064107520,6233407488
findling-rss 1791070451,5705822208,338968576,25026216,6091968512,6233407488
findling-rss 1791070453,4207804416,333426688,23382600,4582596608,6233407488
findling-rss 1791070455,4270002176,333426688,23381736,4644167680,6233407488
findling-rss 1791070457,4113010688,333074432,23259912,4486361088,6233407488
findling-rss 1791070459,4114345984,333074432,23259992,4486836224,6233407488
findling-rss 1791070461,5543170048,337035264,24962800,5927530496,6233407488
findling-rss 1791070463,5626925056,337035264,24971488,6011404288,6233407488
findling-rss 1791070465,5608210432,338935808,25073144,5993385984,6233407488
findling-rss 1791070467,5675266048,338935808,25070632,6061146112,6233407488
findling-rss 1791070469,4144484352,334577664,23501032,4519006208,6233407488
findling-rss 1791070471,4144992256,334577664,23497256,4520603648,6233407488
findling-rss 1791070473,4196622336,334577664,23498800,4572475392,6233407488
findling-rss 1791070475,4205576192,334577664,23397848,4579692544,6233407488
findling-rss 1791070477,4143628288,334577664,23500880,4519387136,6233407488
findling-rss 1791070479,4022231040,333201408,23352656,4404498432,6233407488
findling-rss 1791070481,5626961920,338341888,25048688,6012932096,6233407488
findling-rss 1791070483,5670756352,338341888,25050896,6055485440,6233407488
findling-rss 1791070485,5600804864,337240064,25036736,5985112064,6233407488
findling-rss 1791070487,5618298880,337240064,25038136,6002872320,6233407488
findling-rss 1791070490,5173489664,337301504,25037288,5554880512,6233407488
findling-rss 1791070492,5615058944,337301504,25043568,5999583232,6233407488
findling-rss 1791070494,5281730560,338993152,25109496,5666115584,6233407488
findling-rss 1791070496,5618356224,338993152,25102256,6004748288,6233407488
findling-rss 1791070498,4252889088,334786560,23659464,4628832256,6233407488
findling-rss 1791070500,4009422848,334499840,23415640,4384354304,6233407488
findling-rss 1791070502,4004270080,334499840,23414352,4379316224,6233407488
findling-rss 1791070504,4054663168,334499840,23414776,4429643776,6233407488
findling-rss 1791070506,4004491264,334499840,23415808,4379262976,6233407488
findling-rss 1791070508,4007415808,334499840,23428488,4381999104,6233407488
findling-rss 1791070510,4004216832,334499840,23414136,4378546176,6233407488
findling-rss 1791070512,4004216832,334499840,23414360,4379217920,6233407488
findling-rss 1791070514,4004392960,334499840,23416240,4379066368,6233407488
findling-rss 1791070516,3908210688,334499840,23293856,4312227840,6233407488
findling-rss 1791070518,5713809408,337563648,25066704,6098763776,6233407488
findling-rss 1791070520,5792296960,337563648,25068168,6177144832,6233407488
findling-rss 1791070522,5548261376,339574784,25140552,5935734784,6233407488
findling-rss 1791070524,5629693952,339574784,25142144,6016573440,6233407488
findling-rss 1791070526,3984031744,334647296,23444696,4358447104,6233407488
findling-rss 1791070528,4006047744,334647296,23441832,4381007872,6233407488
findling-rss 1791070530,4049129472,334647296,23440680,4423421952,6233407488
findling-rss 1791070532,4056219648,334647296,23442064,4430897152,6233407488
findling-rss 1791070534,4004564992,334647296,23487352,4379484160,6233407488
findling-rss 1791070536,4007645184,334647296,23440448,4381175808,6233407488
findling-rss 1791070538,4055654400,334647296,23438104,4429950976,6233407488
findling-rss 1791070540,4060344320,334647296,23442424,4434583552,6233407488
findling-rss 1791070542,4065804288,334647296,23442352,4440035328,6233407488
findling-rss 1791070544,4066570240,334647296,23443032,4441845760,6233407488
findling-rss 1791070546,5504716800,340004864,25150880,5889683456,6233407488
findling-rss 1791070548,5626761216,340004864,25151832,6014201856,6233407488
findling-rss 1791070550,5645430784,339963904,25169152,6032408576,6233407488
findling-rss 1791070552,5716836352,339963904,25171232,6104612864,6233407488
findling-rss 1791070554,4587556864,335937536,23802184,4965335040,6233407488
findling-rss 1791070556,4551966720,335593472,23689040,4929871872,6233407488
findling-rss 1791070558,4327108608,335450112,23566416,4704366592,6233407488
findling-rss 1791070560,4170682368,334057472,23425168,4545216512,6233407488
findling-rss 1791070562,4999516160,338325504,24669472,5382123520,6233407488
findling-rss 1791070564,5109739520,338325504,24674512,5492604928,6233407488
findling-rss 1791070566,4039528448,334835712,23484048,4414554112,6233407488
findling-rss 1791070568,4040429568,334835712,23485408,4415557632,6233407488
findling-rss 1791070570,4039610368,334835712,23485704,4414898176,6233407488
findling-rss 1791070572,4042289152,334835712,23486624,4417429504,6233407488
findling-rss 1791070574,4039913472,334835712,23488352,4415217664,6233407488
findling-rss 1791070576,4087926784,334835712,23532616,4463239168,6233407488
findling-rss 1791070578,4096438272,334835712,23486344,4457648128,6233407488
findling-rss 1791070580,4040208384,334835712,23485176,4416122880,6233407488
findling-rss 1791070582,4040011776,334835712,23485152,4415152128,6233407488
findling-rss 1791070584,3944013824,352841728,23931872,4336799744,6233407488
findling-rss 1791070586,3944013824,332546048,23193104,4316725248,6233407488
findling-rss 1791070588,3944013824,332546048,23194704,4316585984,6233407488
findling-rss 1791070590,3944013824,332546048,23195584,4316753920,6233407488
findling-rss 1791070592,3944013824,332546048,23193168,4316475392,6233407488
findling-rss 1791070594,3944013824,332546048,23195272,4316430336,6233407488
findling-rss 1791070596,3944013824,332546048,23195792,4316893184,6233407488
findling-rss 1791070598,3944013824,332558336,23196120,4316573696,6233407488
findling-rss 1791070600,3944013824,332558336,23196320,4315967488,6233407488
findling-rss 1791070602,3944013824,332558336,23194288,4315357184,6233407488
findling-rss 1791070604,3944013824,332558336,23195208,4316643328,6233407488
findling-rss 1791070606,3944013824,332558336,23190888,4315594752,6233407488
findling-rss 1791070608,3944013824,332558336,23192728,4316778496,6233407488
findling-rss 1791070610,3944013824,332558336,23188064,4316692480,6233407488
findling-rss 1791070612,3944013824,332558336,23190888,4315435008,6233407488
findling-rss 1791070614,3944013824,332558336,23191568,4315815936,6233407488
findling-rss 1791070616,3945332736,332713984,23181784,4318339072,6233407488
findling-rss 1791070618,3946647552,333033472,23214288,4319666176,6233407488
findling-rss 1791070620,3949944832,333418496,23307952,4323102720,6233407488
findling-rss 1791070622,3951558656,334196736,23349288,4325396480,6233407488
findling-rss 1791070624,3953119232,334102528,23367784,4327333888,6233407488
findling-rss 1791070626,3953598464,334401536,23401368,4327968768,6233407488
findling-rss 1791070628,3958910976,334688256,23406280,4333490176,6233407488
findling-rss 1791070630,3959164928,334868480,23438400,4334120960,6233407488
findling-rss 1791070632,3959439360,335015936,23347848,4333826048,6233407488
findling-rss 1791070634,3796721664,335618048,23104944,4171059200,6233407488
findling-rss 1791070636,3766845440,335699968,23088448,4141248512,6233407488
findling-rss 1791070638,3918458880,335577088,23393824,4294168576,6233407488
findling-rss 1791070640,3745955840,336175104,23177800,4120432640,6233407488
findling-rss 1791070642,3590791168,336211968,23039096,3964100608,6233407488
findling-rss 1791070644,3662802944,336482304,23332424,4038377472,6233407488
findling-rss 1791070646,3888930816,336470016,23716416,4264308736,6233407488
findling-rss 1791070648,3781689344,336596992,23632880,4157046784,6233407488
findling-rss 1791070650,3699314688,336482304,23689936,4074008576,6233407488
findling-rss 1791070652,3658149888,336912384,23729592,4033839104,6233407488
findling-rss 1791070654,3642953728,337027072,23774272,4012085248,6233407488
findling-rss 1791070656,3650265088,337330176,23830808,4012175360,6233407488
findling-rss 1791070658,3751378944,341258240,24267344,4130324480,6233407488
findling-rss 1791070660,3595599872,337223680,24041944,3972743168,6233407488
findling-rss 1791070662,3642687488,337297408,24190960,4019744768,6233407488
findling-rss 1791070664,3670425600,337813504,24508832,4048130048,6233407488
findling-rss 1791070666,3704709120,337494016,24445872,4082888704,6233407488
findling-rss 1791070668,3645534208,337752064,24292784,4023365632,6233407488
findling-rss 1791070670,5038366720,345370624,26158656,5431119872,6233407488
findling-rss 1791070672,4851552256,345018368,26075720,5286895616,6233407488
findling-rss 1791070674,4097404928,340004864,24778488,4478492672,6233407488
findling-rss 1791070676,4040290304,340004864,24780272,4421529600,6233407488
findling-rss 1791070678,4104425472,340004864,24781112,4486209536,6233407488
findling-rss 1791070680,3897180160,340422656,24689080,4278853632,6233407488
findling-rss 1791070682,3998060544,340422656,24794008,4378554368,6233407488
findling-rss 1791070684,3897180160,340422656,24686840,4278874112,6233407488
findling-rss 1791070686,3993382912,340422656,24794680,4376174592,6233407488
findling-rss 1791070688,3936940032,340422656,24789264,4318490624,6233407488
findling-rss 1791070690,3992772608,340422656,24793176,4374925312,6233407488
findling-rss 1791070692,4263026688,341458944,25228696,4669829120,6233407488
findling-rss 1791070694,5739499520,344748032,26542768,6132826112,6233407488
findling-rss 1791070696,4843094016,347394048,25961328,5225197568,6233407488
findling-rss 1791070698,5750484992,346234880,26600720,6145712128,6233407488
findling-rss 1791070700,4966346752,344850432,25811008,5412163584,6266744832
findling-rss 1791070702,4103409664,341696512,25027320,4486635520,6266744832
findling-rss 1791070704,3985850368,341696512,25029176,4366262272,6266744832
findling-rss 1791070706,4104024064,341696512,25030688,4487958528,6266744832
findling-rss 1791070708,3925909504,340639744,24889376,4308213760,6266744832
findling-rss 1791070710,3947143168,340639744,24892136,4329451520,6266744832
findling-rss 1791070712,3927375872,340639744,24888424,4309647360,6266744832
findling-rss 1791070714,3947577344,340639744,24887712,4329799680,6266744832
findling-rss 1791070716,3947515904,340639744,24886032,4330033152,6266744832
findling-rss 1791070718,3949219840,340639744,24887416,4331352064,6266744832
findling-rss 1791070720,5135495168,343527424,26194200,5511925760,6266744832
findling-rss 1791070722,5768331264,343875584,26540328,6160990208,6266744832
findling-rss 1791070724,5321031680,343896064,26397504,5711417344,6266744832
findling-rss 1791070726,5758357504,343896064,26557272,6151262208,6266744832
findling-rss 1791070728,3881443328,338702336,24758744,4260950016,6266744832
findling-rss 1791070730,5740228608,349581312,26738008,6138277888,6266744832
findling-rss 1791070732,4890701824,348160000,25862704,5323567104,6266744832
findling-rss 1791070734,5783920640,349569024,26755768,6182162432,6266744832
findling-rss 1791070736,5624233984,349569024,26537280,6020681728,6266744832
findling-rss 1791070739,4413190144,345706496,25392512,4802121728,6266744832
findling-rss 1791070741,4043677696,345706496,25374728,4462227456,6266744832
findling-rss 1791070743,4005163008,345010176,25149360,4392587264,6266744832
findling-rss 1791070745,3890483200,343633920,25043256,4276387840,6266744832
findling-rss 1791070747,3910496256,343633920,25002160,4295499776,6266744832
findling-rss 1791070749,3890483200,343633920,25003352,4276097024,6266744832
findling-rss 1791070751,3910156288,343633920,25000688,4294619136,6266744832
findling-rss 1791070753,3910037504,343633920,25002656,4294586368,6266744832
findling-rss 1791070755,3911311360,343633920,24999448,4295925760,6266744832
findling-rss 1791070757,3910979584,343633920,24997280,4295708672,6266744832
findling-rss 1791070759,3911000064,343633920,24998592,4295139328,6266744832
findling-rss 1791070761,3910275072,343633920,24998504,4295049216,6266744832
findling-rss 1791070763,3915345920,343633920,24999440,4300685312,6266744832
findling-rss 1791070765,3911213056,343633920,24996888,4295790592,6266744832
findling-rss 1791070767,3911213056,343633920,24999392,4296036352,6266744832
findling-rss 1791070769,3910615040,343633920,24998768,4295233536,6266744832
findling-rss 1791070771,3912777728,343633920,25000496,4297682944,6266744832
findling-rss 1791070773,3911262208,343633920,25001488,4295876608,6266744832
findling-rss 1791070775,3862626304,343633920,24900144,4245909504,6266744832
findling-rss 1791070777,3910848512,343633920,25004104,4296093696,6266744832
findling-rss 1791070779,3834945536,343633920,25003416,4215758848,6266744832
findling-rss 1791070781,3910787072,343633920,25003152,4296224768,6266744832
findling-rss 1791070783,4010389504,340971520,24877224,4388450304,6266744832
findling-rss 1791070785,5783420928,344129536,26610424,6175928320,6266744832
findling-rss 1791070787,4850081792,343908352,25651640,5230161920,6266744832
findling-rss 1791070789,5769240576,345337856,26704040,6163488768,6271598592
findling-rss 1791070791,5011828736,343228416,25989016,5396307968,6297255936
findling-rss 1791070793,4031143936,340623360,25012120,4413468672,6297255936
findling-rss 1791070795,3974381568,340635648,25013952,4356968448,6297255936
findling-rss 1791070797,3975753728,340635648,25014888,4358119424,6297255936
findling-rss 1791070799,3880574976,340635648,24911136,4262645760,6297255936
findling-rss 1791070801,3976179712,340635648,25016848,4358418432,6297255936
findling-rss 1791070803,3925159936,340635648,25014360,4304433152,6297255936
findling-rss 1791070805,3975938048,340635648,25015288,4358012928,6297255936
findling-rss 1791070807,4490407936,349880320,26042496,4875268096,6297255936
findling-rss 1791070809,5840515072,351268864,26931576,6242504704,6297255936
findling-rss 1791070811,4981424128,353357824,26394280,5381267456,6306213888
findling-rss 1791070813,5758623744,356179968,27007544,6163824640,6306213888
findling-rss 1791070815,5360807936,355844096,26633152,5763072000,6306213888
findling-rss 1791070817,4789542912,353394688,26003904,5187825664,6306213888
findling-rss 1791070819,4289380352,351301632,25510896,4683665408,6306213888
findling-rss 1791070821,4302340096,351301632,25499944,4697100288,6306213888
findling-rss 1791070823,4187541504,351301632,25396776,4581535744,6306213888
findling-rss 1791070825,4303331328,351301632,25503040,4698071040,6306213888
findling-rss 1791070827,4124864512,351301632,25403048,4518014976,6306213888
findling-rss 1791070829,4305416192,351301632,25507344,4699824128,6306213888
findling-rss 1791070831,4158144512,351301632,25499656,4551983104,6306213888
findling-rss 1791070833,4260839424,351301632,25504400,4655017984,6306213888
findling-rss 1791070835,4215435264,351301632,25499456,4609847296,6306213888
findling-rss 1791070837,4255985664,351301632,25498576,4649738240,6306213888
findling-rss 1791070839,4279570432,351301632,25499480,4674134016,6306213888
findling-rss 1791070841,4302434304,351301632,25497560,4697403392,6306213888
findling-rss 1791070843,4235874304,351301632,25500512,4629970944,6306213888
findling-rss 1791070845,4160503808,347799552,25285424,4549648384,6306213888
findling-rss 1791070847,3949600768,344301568,25080040,4335558656,6306213888
findling-rss 1791070849,3950678016,344301568,25080168,4336283648,6306213888
findling-rss 1791070851,3949604864,344301568,25080648,4335296512,6306213888
findling-rss 1791070853,3923566592,344301568,25080256,4317802496,6306213888
findling-rss 1791070855,3994189824,344301568,25079016,4380090368,6306213888
findling-rss 1791070857,3907678208,344301568,24978752,4293128192,6306213888
findling-rss 1791070859,4003115008,344301568,25080032,4388642816,6306213888
findling-rss 1791070861,3951734784,344301568,25079720,4335353856,6306213888
findling-rss 1791070863,4004106240,344301568,25080032,4389904384,6306213888
findling-rss 1791070865,3984580608,344301568,25080096,4371111936,6306213888
findling-rss 1791070867,4003696640,344301568,25077112,4389744640,6306213888
findling-rss 1791070869,4693254144,343142400,25982120,5079957504,6306213888
findling-rss 1791070871,5797048320,348061696,26682200,6194130944,6306213888
findling-rss 1791070873,4934266880,349257728,26208720,5326479360,6306213888
findling-rss 1791070875,5778477056,349257728,26722824,6175744000,6306213888
findling-rss 1791070877,4642992128,344588288,25430392,5031395328,6306213888
findling-rss 1791070879,4161712128,343527424,25064640,4547330048,6306213888
findling-rss 1791070881,4068192256,343171072,24941280,4453195776,6306213888
findling-rss 1791070883,4064923648,343171072,24941144,4450000896,6306213888
findling-rss 1791070885,4065542144,343171072,24942328,4450349056,6306213888
findling-rss 1791070887,4064907264,343171072,24944384,4449644544,6306213888
findling-rss 1791070889,3968323584,343171072,24839784,4353273856,6306213888
findling-rss 1791070891,4064374784,343171072,24945808,4449394688,6306213888
findling-rss 1791070893,3945086976,343171072,24990392,4329775104,6306213888
findling-rss 1791070895,4011302912,343171072,24945368,4396032000,6306213888
findling-rss 1791070897,3991334912,343171072,24946120,4376080384,6306213888
findling-rss 1791070899,4011466752,343171072,24947832,4396597248,6306213888
findling-rss 1791070901,4035764224,343171072,24946424,4420669440,6306213888
findling-rss 1791070903,4056481792,343171072,24951312,4440641536,6306213888
findling-rss 1791070905,4064186368,343171072,24947080,4447932416,6306213888
findling-rss 1791070907,4065628160,343171072,24946472,4450598912,6306213888
findling-rss 1791070909,4066217984,343171072,24946968,4450795520,6306213888
findling-rss 1791070911,4067004416,343171072,24948328,4451688448,6306213888
findling-rss 1791070913,4066533376,343171072,24943264,4451012608,6306213888
findling-rss 1791070915,4066545664,343171072,24945344,4451635200,6306213888
findling-rss 1791070917,3925938176,339312640,24760912,4306063360,6306213888
findling-rss 1791070919,3929501696,339533824,24840704,4309520384,6306213888
findling-rss 1791070921,3935375360,340320256,24947008,4316663808,6306213888
findling-rss 1791070923,4759330816,353628160,26827448,5154365440,6306213888
findling-rss 1791070925,5863026688,353628160,27071368,6266580992,6324154368
findling-rss 1791070927,4875018240,354492416,26236648,5270478848,6324154368
findling-rss 1791070929,5777694720,355889152,27131944,6182768640,6324154368
findling-rss 1791070931,5421932544,354492416,26722336,5824065536,6324154368
findling-rss 1791070933,4057288704,349794304,25479336,4449247232,6324154368
findling-rss 1791070935,4136816640,349794304,25475696,4528513024,6324154368
findling-rss 1791070937,4115939328,349794304,25474536,4508684288,6324154368
findling-rss 1791070939,4135206912,349806592,25475800,4527411200,6324154368
findling-rss 1791070941,4081012736,349806592,25474424,4473589760,6324154368
findling-rss 1791070943,4028301312,349806592,25474472,4420702208,6324154368
findling-rss 1791070945,3975290880,348397568,25326624,4366987264,6324154368
findling-rss 1791070947,3977437184,348397568,25331072,4367790080,6324154368
findling-rss 1791070949,3985809408,348397568,25332632,4375711744,6324154368
findling-rss 1791070951,3987148800,348397568,25329472,4376940544,6324154368
findling-rss 1791070953,3986214912,348397568,25328288,4376211456,6324154368
findling-rss 1791070955,3988549632,348397568,25327864,4378750976,6324154368
findling-rss 1791070957,3987066880,348397568,25361096,4376662016,6324154368
findling-rss 1791070959,3890745344,348397568,25222704,4279787520,6324154368
findling-rss 1791070961,3986825216,348397568,25329440,4377219072,6324154368
findling-rss 1791070963,3919376384,348397568,25326520,4309409792,6324154368
findling-rss 1791070965,3986944000,348397568,25322264,4376580096,6324154368
findling-rss 1791070967,3967156224,348397568,25320296,4357689344,6324154368
findling-rss 1791070969,3987562496,348397568,25319568,4378443776,6324154368
findling-rss 1791070971,3968241664,348397568,25321656,4358512640,6324154368
findling-rss 1791070973,3987955712,348397568,25319784,4378505216,6324154368
findling-rss 1791070975,3987034112,348397568,25319584,4377485312,6324154368
findling-rss 1791070977,3988832256,348397568,25321208,4379238400,6324154368
findling-rss 1791070979,3987861504,348397568,25321952,4378386432,6324154368
findling-rss 1791070981,3992293376,348397568,25319984,4382744576,6324154368
findling-rss 1791070983,3987845120,348397568,25320504,4378214400,6324154368
findling-rss 1791070985,3987845120,348397568,25322104,4378189824,6324154368
findling-rss 1791070987,3990089728,348397568,25322248,4380499968,6324154368
findling-rss 1791070989,3893329920,348397568,25218512,4283367424,6324154368
findling-rss 1791070991,3990482944,348397568,25323176,4380372992,6324154368
findling-rss 1791070993,3921125376,348397568,25324456,4311650304,6324154368
findling-rss 1791070995,3991347200,348397568,25320728,4381151232,6324154368
findling-rss 1791070998,3961401344,348397568,25321776,4351832064,6324154368
findling-rss 1791071000,3990405120,348397568,25319360,4380925952,6324154368
findling-rss 1791071002,3970101248,348397568,25321000,4360974336,6324154368
findling-rss 1791071004,3990331392,348397568,25332104,4381384704,6324154368
findling-rss 1791071006,3987849216,348397568,25318096,4378202112,6324154368
findling-rss 1791071008,3993284608,348397568,25321872,4383428608,6324154368
findling-rss 1791071010,3992145920,348397568,25322608,4382605312,6324154368
findling-rss 1791071012,3997827072,348397568,25322744,4388163584,6324154368
findling-rss 1791071014,5086863360,348856320,26599424,5481201664,6324154368
findling-rss 1791071016,5806538752,349200384,26957264,6204772352,6324154368
findling-rss 1791071018,5257838592,349175808,26742976,5634273280,6324154368
findling-rss 1791071020,5781778432,349175808,26971320,6180511744,6324154368
findling-rss 1791071022,4500811776,345686016,25714720,4890062848,6324154368
findling-rss 1791071024,4134666240,344637440,25353904,4521668608,6324154368
findling-rss 1791071026,3983654912,344293376,25221000,4368961536,6324154368
findling-rss 1791071028,3990052864,344293376,25222784,4375523328,6324154368
findling-rss 1791071030,3985219584,344293376,25221400,4371079168,6324154368
findling-rss 1791071032,3990921216,344293376,25221840,4377264128,6324154368
findling-rss 1791071034,3987070976,344293376,25224224,4373483520,6324154368
findling-rss 1791071036,3987165184,344293376,25224688,4373143552,6324154368
findling-rss 1791071038,3986022400,344293376,25225456,4371668992,6324154368
findling-rss 1791071040,3987025920,344293376,25226576,4373413888,6324154368
findling-rss 1791071042,3986518016,344293376,25228280,4372877312,6324154368
findling-rss 1791071044,3890765824,344293376,25123544,4276879360,6324154368
findling-rss 1791071046,3986505728,344293376,25227800,4372230144,6324154368
findling-rss 1791071048,3927994368,344293376,25229152,4312748032,6324154368
findling-rss 1791071050,3986771968,344293376,25227056,4372971520,6324154368
findling-rss 1791071052,3968196608,344293376,25224080,4354093056,6324154368
findling-rss 1791071054,3988709376,344293376,25226848,4374663168,6324154368
findling-rss 1791071056,3980791808,341266432,25267992,4363948032,6324154368
findling-rss 1791071058,4020568064,341266432,25272728,4404084736,6324154368
findling-rss 1791071060,3829342208,340365312,24923520,4210642944,6324154368
findling-rss 1791071062,3829342208,340365312,24924408,4210835456,6324154368
findling-rss 1791071064,3829342208,340365312,24924296,4210962432,6324154368
findling-rss 1791071066,3829342208,340365312,24925848,4210786304,6324154368
findling-rss 1791071068,3829342208,340365312,24928384,4210814976,6324154368
findling-rss 1791071070,3829342208,340365312,24925424,4211023872,6324154368
findling-rss 1791071072,3829342208,340365312,24921784,4211466240,6324154368
findling-rss 1791071074,3829342208,340365312,24918416,4210642944,6324154368
findling-rss 1791071076,3829342208,340365312,24918384,4211183616,6324154368
findling-rss 1791071078,3829342208,340365312,24920352,4210900992,6324154368
findling-rss 1791071080,3829342208,340365312,24921208,4210573312,6324154368
findling-rss 1791071082,3829342208,340365312,24920144,4210507776,6324154368
findling-rss 1791071084,3829342208,340365312,24921240,4210507776,6324154368
findling-rss 1791071086,3829342208,340365312,24918968,4211056640,6324154368
findling-rss 1791071088,3829342208,340365312,24920592,4210487296,6324154368
findling-rss 1791071090,3830718464,340365312,24954912,4212359168,6324154368
findling-rss 1791071092,3829342208,340365312,24919648,4210950144,6324154368
findling-rss 1791071094,3829342208,340365312,24920288,4211085312,6324154368
findling-rss 1791071096,3829342208,340365312,24920800,4210962432,6324154368
findling-rss 1791071098,3829342208,340365312,24921064,4210446336,6324154368
findling-rss 1791071100,3829342208,340365312,24922400,4210716672,6324154368
findling-rss 1791071102,3829342208,340365312,24923784,4210679808,6324154368
findling-rss 1791071104,3829342208,340365312,24924640,4210016256,6324154368
findling-rss 1791071106,3829342208,340365312,24924304,4210384896,6324154368
findling-rss 1791071108,3829342208,340365312,24923144,4210593792,6324154368
findling-rss 1791071110,3829342208,340365312,24924504,4210962432,6324154368
findling-rss 1791071112,3829342208,340365312,24926608,4210724864,6324154368
findling-rss 1791071114,3829342208,340365312,24926544,4210622464,6324154368
findling-rss 1791071116,3829342208,340365312,24919096,4210155520,6324154368
findling-rss 1791071118,3829342208,340365312,24920456,4211003392,6324154368
findling-rss 1791071120,3829342208,340365312,24922600,4210507776,6324154368
findling-rss 1791071122,3829342208,340365312,24922160,4210982912,6324154368
findling-rss 1791071124,3829342208,340365312,24921376,4210569216,6324154368
findling-rss 1791071126,3829342208,340365312,24923080,4211273728,6324154368
findling-rss 1791071128,3829342208,340365312,24924200,4210597888,6324154368
findling-rss 1791071130,3829342208,340365312,24921920,4210290688,6324154368
findling-rss 1791071132,3829342208,340365312,24923320,4210491392,6324154368
findling-rss 1791071134,3829342208,340365312,24924944,4210634752,6324154368
findling-rss 1791071136,3829342208,340365312,24923360,4209893376,6324154368
findling-rss 1791071138,3829342208,340365312,24931928,4210909184,6324154368
findling-rss 1791071140,3829342208,340365312,24934304,4210200576,6324154368
findling-rss 1791071142,3829342208,340365312,24942328,4210388992,6324154368
findling-rss 1791071144,3829342208,340365312,24950200,4210225152,6324154368
findling-rss 1791071146,3829342208,340365312,24949800,4210716672,6324154368
findling-rss 1791071148,3829342208,340365312,24962352,4210814976,6324154368
findling-rss 1791071150,3829342208,340365312,24973632,4210606080,6324154368
findling-rss 1791071152,3829342208,340365312,24983760,4210044928,6324154368
findling-rss 1791071154,3829342208,340365312,24978640,4210642944,6324154368
findling-rss 1791071156,3829342208,340365312,24992216,4210548736,6324154368
findling-rss 1791071158,3829673984,340365312,25003416,4210622464,6324154368
findling-rss 1791071160,3829342208,340365312,24999352,4210417664,6324154368
findling-rss 1791071162,3829342208,340365312,25008672,4210683904,6324154368
findling-rss 1791071164,3829342208,340365312,25020344,4210982912,6324154368
findling-rss 1791071166,3829342208,340365312,25015640,4210675712,6324154368
findling-rss 1791071168,3829342208,340365312,25023960,4211195904,6324154368
findling-rss 1791071170,3829342208,340365312,25036576,4210356224,6324154368
findling-rss 1791071172,3829342208,340365312,25043248,4210769920,6324154368
findling-rss 1791071174,3829342208,340365312,25050192,4210663424,6324154368
findling-rss 1791071176,3829342208,340365312,25055848,4210323456,6324154368
findling-rss 1791071178,3829342208,340365312,25066184,4210282496,6324154368
findling-rss 1791071180,3829342208,340365312,25083088,4210622464,6324154368
findling-rss 1791071182,3829342208,340365312,25073928,4210671616,6324154368
findling-rss 1791071184,3829342208,340365312,25086112,4210442240,6324154368
findling-rss 1791071186,3829342208,340365312,25090048,4210638848,6324154368
findling-rss 1791071188,3829342208,340365312,25090536,4210487296,6324154368
findling-rss 1791071190,3829342208,340365312,25099968,4210896896,6324154368
findling-rss 1791071192,3829342208,340365312,25102432,4210995200,6324154368
findling-rss 1791071194,3829342208,340365312,25112088,4209975296,6324154368
findling-rss 1791071196,3829342208,340365312,25123416,4210290688,6324154368
findling-rss 1791071198,3829342208,340365312,25126536,4211044352,6324154368
findling-rss 1791071200,3829342208,340365312,25143720,4210970624,6324154368
findling-rss 1791071202,3829342208,340365312,25142232,4211216384,6324154368
findling-rss 1791071204,3829342208,340365312,25144696,4210282496,6324154368
findling-rss 1791071206,3829342208,340365312,25155840,4210323456,6324154368
findling-rss 1791071208,3829342208,340365312,25164256,4210700288,6324154368
findling-rss 1791071210,3829342208,340365312,25169984,4211228672,6324154368
findling-rss 1791071212,3829342208,341413888,25212456,4211200000,6324154368
findling-rss 1791071214,3829342208,340365312,25181304,4211179520,6324154368
findling-rss 1791071216,3829342208,340365312,25191328,4211187712,6324154368
findling-rss 1791071218,3829342208,340365312,25197576,4210561024,6324154368
findling-rss 1791071220,3829342208,340365312,25209552,4210450432,6324154368
findling-rss 1791071222,3829342208,340365312,25210120,4210651136,6324154368
findling-rss 1791071224,3829342208,340365312,25224848,4211515392,6324154368
findling-rss 1791071226,3829342208,340365312,25226240,4210827264,6324154368
findling-rss 1791071228,3829342208,342462464,25283352,4212695040,6324154368
findling-rss 1791071230,3829342208,340365312,25239568,4211150848,6324154368
findling-rss 1791071232,3829342208,340365312,25249904,4210601984,6324154368
findling-rss 1791071234,3829342208,340365312,25250336,4211183616,6324154368
findling-rss 1791071236,3829342208,340365312,25258352,4210626560,6324154368
findling-rss 1791071238,3829342208,340365312,25262288,4211879936,6324154368
findling-rss 1791071240,3829342208,340365312,25275520,4210876416,6324154368
findling-rss 1791071242,3829342208,340365312,25281480,4210798592,6324154368
findling-rss 1791071244,3829342208,340365312,25287520,4210659328,6324154368
findling-rss 1791071246,3829342208,340365312,25295688,4210499584,6324154368
findling-rss 1791071248,3829342208,340365312,25304280,4211019776,6324154368
findling-rss 1791071250,3829342208,340365312,25305984,4210577408,6324154368
findling-rss 1791071252,3829342208,340365312,25313656,4211073024,6324154368
findling-rss 1791071254,3829342208,340365312,25314808,4210958336,6324154368
findling-rss 1791071256,3829342208,340365312,25331912,4210855936,6324154368
findling-rss 1791071258,3829342208,340365312,25333552,4211187712,6324154368
findling-rss 1791071260,3829342208,340365312,25341872,4210745344,6324154368
findling-rss 1791071262,3829342208,340365312,25346584,4210438144,6324154368
findling-rss 1791071264,3829342208,340365312,25350856,4210724864,6324154368
findling-rss 1791071266,3829342208,340365312,25362464,4211490816,6324154368
findling-rss 1791071269,3829342208,340365312,25365248,4211384320,6324154368
findling-rss 1791071271,3829342208,340365312,25372896,4211388416,6324154368
findling-rss 1791071273,3829342208,340365312,25378536,4211441664,6324154368
findling-rss 1791071275,3829342208,340365312,25384328,4211068928,6324154368
findling-rss 1791071277,3829342208,340365312,25394512,4211064832,6324154368
findling-rss 1791071279,3829342208,340365312,25397752,4211015680,6324154368
findling-rss 1791071281,3829342208,340365312,25403544,4210774016,6324154368
findling-rss 1791071283,3829342208,340365312,25412960,4210872320,6324154368
findling-rss 1791071285,3829342208,340365312,25418816,4211531776,6324154368
findling-rss 1791071287,3829342208,340365312,25431640,4210552832,6324154368
findling-rss 1791071289,3829342208,340365312,25431088,4210556928,6324154368
findling-rss 1791071291,3829342208,340365312,25445912,4211142656,6324154368
findling-rss 1791071293,3829342208,340365312,25456072,4210888704,6324154368
findling-rss 1791071295,3829342208,340365312,25456848,4210819072,6324154368
findling-rss 1791071297,3829342208,340365312,25459352,4210311168,6324154368
findling-rss 1791071299,3829342208,340365312,25465240,4210790400,6324154368
findling-rss 1791071301,3829342208,340365312,25476136,4211396608,6324154368
findling-rss 1791071303,3829342208,340365312,25480928,4211269632,6324154368
findling-rss 1791071305,3829342208,340365312,25487624,4211122176,6324154368
findling-rss 1791071307,3829342208,340365312,25499288,4210712576,6324154368
findling-rss 1791071309,3829342208,340365312,25504336,4211347456,6324154368
findling-rss 1791071311,3829342208,340365312,25512904,4211789824,6324154368
findling-rss 1791071313,3829342208,340365312,25522944,4211281920,6324154368
findling-rss 1791071315,3829342208,340365312,25518232,4210913280,6324154368
findling-rss 1791071317,3829342208,340365312,25522464,4210638848,6324154368
findling-rss 1791071319,3829342208,343511040,25609584,4215840768,6324154368
findling-rss 1791071321,3829342208,340365312,25539208,4211429376,6324154368
findling-rss 1791071323,3829342208,340365312,25543472,4211453952,6324154368
findling-rss 1791071325,3829342208,340365312,25552128,4210913280,6324154368
findling-rss 1791071327,3829342208,340365312,25561904,4210491392,6324154368
findling-rss 1791071329,3829342208,340365312,25564928,4210741248,6324154368
findling-rss 1791071331,3829342208,340365312,25569256,4210802688,6324154368
findling-rss 1791071333,3829342208,340365312,25586472,4211441664,6324154368
findling-rss 1791071335,3829342208,340365312,25589640,4210540544,6324154368
findling-rss 1791071337,3830644736,340365312,25642512,4213010432,6324154368
findling-rss 1791071339,3829342208,340365312,25599000,4211339264,6324154368
findling-rss 1791071341,3829342208,340365312,25608536,4211077120,6324154368
findling-rss 1791071343,3829342208,340365312,25612072,4210946048,6324154368
findling-rss 1791071345,3829342208,340365312,25619288,4211163136,6324154368
findling-rss 1791071347,3829342208,340365312,25623376,4211490816,6324154368
findling-rss 1791071349,3829342208,340365312,25637504,4210982912,6324154368
findling-rss 1791071351,3829342208,340365312,25635056,4215988224,6324154368
findling-rss 1791071353,3829342208,340365312,25648496,4211777536,6324154368
findling-rss 1791071355,3829342208,340365312,25656720,4212080640,6324154368
findling-rss 1791071357,3829342208,340365312,25661528,4210769920,6324154368
findling-rss 1791071359,3829342208,340365312,25679976,4211171328,6324154368
findling-rss 1791071361,3829342208,340365312,25674896,4210798592,6324154368
findling-rss 1791071363,3829342208,340365312,25676768,4211613696,6324154368
findling-rss 1791071365,3829342208,340365312,25687664,4211281920,6324154368
findling-rss 1791071367,3829342208,340365312,25695664,4210733056,6324154368
findling-rss 1791071369,3829342208,340365312,25709448,4211499008,6324154368
findling-rss 1791071371,3829342208,340365312,25700016,4211064832,6324154368
findling-rss 1791071373,3829342208,340365312,25699528,4211441664,6324154368
findling-rss 1791071375,3829342208,340365312,25701368,4211159040,6324154368
findling-rss 1791071377,3829342208,340365312,25701744,4211560448,6324154368
findling-rss 1791071379,3829342208,340365312,25700656,4212121600,6324154368
findling-rss 1791071381,3829342208,340365312,25695112,4211527680,6324154368
findling-rss 1791071383,3829342208,340365312,25695288,4211503104,6324154368
findling-rss 1791071385,3829342208,340365312,25705632,4211265536,6324154368
findling-rss 1791071387,3829342208,340365312,25710296,4210728960,6324154368
findling-rss 1791071389,3829342208,340365312,25710688,4211032064,6324154368
findling-rss 1791071391,3829342208,340365312,25728256,4210880512,6324154368
findling-rss 1791071393,3829342208,340365312,25723544,4211154944,6324154368
findling-rss 1791071395,3829342208,340365312,25734880,4211671040,6324154368
findling-rss 1791071397,3829342208,340365312,25741992,4210626560,6324154368
findling-rss 1791071399,3829342208,340365312,25751208,4211814400,6324154368
findling-rss 1791071401,3829342208,340365312,25760424,4211671040,6324154368
findling-rss 1791071403,3829342208,340365312,25769080,4210647040,6324154368
findling-rss 1791071405,3829342208,340365312,25774568,4211396608,6324154368
findling-rss 1791071407,3829342208,340365312,25777808,4210884608,6324154368
findling-rss 1791071409,3829342208,340365312,25780776,4211691520,6324154368
findling-rss 1791071411,3829342208,340365312,25796016,4211314688,6324154368
findling-rss 1791071413,3829342208,340365312,25798256,4211453952,6324154368
findling-rss 1791071415,3829342208,340365312,25808952,4210827264,6324154368
findling-rss 1791071417,3829342208,340365312,25815336,4211273728,6324154368
findling-rss 1791071419,3829342208,340365312,25823800,4211609600,6324154368
findling-rss 1791071421,3829342208,340365312,25826680,4211544064,6324154368
findling-rss 1791071423,3829342208,340365312,25836944,4211146752,6324154368
findling-rss summary samples=1796 max_anon=5863026688 peak=6324154368 events=[low=0 high=0 max=0 oom=0 oom_kill=0 oom_group_kill=0 sock_throttled=0] oom_killed=false
