findling-rss timestamp,anon,file,slab,current,peak
findling-rss 1790889740,276365312,15622144,1416840,294912000,316329984
findling-rss 1790889743,346611712,17518592,1459024,367865856,367869952
findling-rss 1790889745,258306048,17518592,1355136,279117824,369176576
findling-rss 1790889747,354734080,17518592,1459320,375922688,377208832
findling-rss 1790889749,286240768,17518592,1454904,307314688,382345216
findling-rss 1790889751,355532800,17518592,1457264,376516608,382345216
findling-rss 1790889753,318889984,17518592,1460440,339791872,382345216
findling-rss 1790889755,356524032,17518592,1458192,377548800,382345216
findling-rss 1790889757,526536704,39305216,1452472,567930880,568979456
findling-rss 1790889759,930664448,41598976,1578088,977248256,977248256
findling-rss 1790889761,934449152,41598976,1578384,980844544,982343680
findling-rss 1790889763,940019712,41607168,1596936,986464256,986464256
findling-rss 1790889765,940019712,41607168,1596936,986484736,987918336
findling-rss 1790889767,1252691968,192761856,2453064,1440870400,1517240320
findling-rss 1790889769,1487175680,193798144,2588560,1687973888,1687973888
findling-rss 1790889771,1488248832,193798144,2587880,1689206784,1690595328
findling-rss 1790889773,1488683008,193802240,2606088,1689673728,1690595328
findling-rss 1790889775,1492459520,193802240,2605952,1693384704,1694670848
findling-rss 1790889777,1468624896,194551808,2611328,1670504448,1694670848
findling-rss 1790889779,1488666624,194551808,2614480,1690497024,1694670848
findling-rss 1790889781,1468657664,198057984,2728304,1673973760,1694670848
findling-rss 1790889783,1494560768,198057984,2728560,1699934208,1699962880
findling-rss 1790889785,1478455296,198057984,2725704,1683718144,1701244928
findling-rss 1790889787,1499992064,198057984,2745736,1705357312,1706741760
findling-rss 1790889789,1479630848,198057984,2730352,1685028864,1706741760
findling-rss 1790889791,1499320320,198057984,2728584,1704857600,1706741760
findling-rss 1790889793,1500401664,198057984,2728856,1705762816,1706741760
findling-rss 1790889795,1501642752,198057984,2727832,1707212800,1708384256
findling-rss 1790889797,1501724672,198057984,2728584,1707094016,1708523520
findling-rss 1790889799,1502068736,198057984,2727632,1707565056,1708908544
findling-rss 1790889801,1502523392,198057984,2724808,1708007424,1708908544
findling-rss 1790889803,1502523392,198057984,2726168,1707945984,1709318144
findling-rss 1790889805,1502576640,198057984,2725192,1707765760,1709318144
findling-rss 1790889807,1502576640,198057984,2726616,1708015616,1709371392
findling-rss 1790889809,1448931328,198057984,2725736,1654063104,1709371392
findling-rss 1790889811,1405493248,198057984,2616944,1610563584,1709371392
findling-rss 1790889813,1455345664,198057984,2768744,1660514304,1709371392
findling-rss 1790889815,1409331200,198057984,2723328,1614540800,1709371392
findling-rss 1790889817,1494392832,198057984,2726512,1699913728,1709371392
findling-rss 1790889819,1449398272,198057984,2723600,1654431744,1709371392
findling-rss 1790889821,1503518720,198057984,2724512,1708707840,1710108672
findling-rss 1790889823,1347088384,194252800,2511648,1548132352,1710219264
findling-rss 1790889825,1493753856,194752512,2636720,1695760384,1710219264
findling-rss 1790889827,1498554368,194752512,2637576,1700376576,1710219264
findling-rss 1790889829,1494351872,194760704,2655352,1696509952,1710219264
findling-rss 1790889831,1468239872,194760704,2658416,1679060992,1710219264
findling-rss 1790889833,1494786048,194961408,2656792,1696927744,1710219264
findling-rss 1790889835,1497833472,194961408,2659944,1699856384,1710219264
findling-rss 1790889837,1494315008,194961408,2677360,1696600064,1710219264
findling-rss 1790889839,1495330816,194961408,2681792,1697460224,1710219264
findling-rss 1790889841,1440698368,195153920,2696536,1642987520,1710219264
findling-rss 1790889843,1496571904,195153920,2682200,1699233792,1710219264
findling-rss 1790889845,1450704896,195158016,2697664,1653166080,1710219264
findling-rss 1790889847,1501564928,195158016,2700544,1703927808,1710219264
findling-rss 1790889849,1348980736,194850816,2580128,1550790656,1710219264
findling-rss 1790889851,1497042944,195354624,2702688,1699934208,1710219264
findling-rss 1790889853,1497092096,195354624,2702008,1699737600,1710219264
findling-rss 1790889855,1496326144,195358720,2722736,1699213312,1710219264
findling-rss 1790889857,1479307264,195358720,2721552,1699569664,1710219264
findling-rss 1790889859,1428496384,195776512,2612112,1631297536,1710219264
findling-rss 1790889861,1448562688,195776512,2611024,1651638272,1710219264
findling-rss 1790889863,1426247680,200364032,2958248,1632907264,1710219264
findling-rss 1790889865,1437487104,200364032,2958792,1645383680,1710219264
findling-rss 1790889867,1400987648,200552448,2848744,1608577024,1710219264
findling-rss 1790889869,1497092096,200552448,2959896,1705263104,1710219264
findling-rss 1790889871,1412182016,200556544,2974928,1620054016,1710219264
findling-rss 1790889873,1496858624,200556544,2976248,1704775680,1710219264
findling-rss 1790889875,1350422528,200245248,2859304,1557692416,1710219264
findling-rss 1790889877,1498738688,200765440,2981176,1707106304,1710219264
findling-rss 1790889879,1498787840,200765440,2981000,1707220992,1710219264
findling-rss 1790889881,1480998912,200773632,2998616,1689292800,1710219264
findling-rss 1790889883,1480998912,200773632,2999800,1689595904,1710219264
findling-rss 1790889885,1515765760,200962048,3003248,1724555264,1725931520
findling-rss 1790889887,1518968832,200962048,3014488,1727729664,1728253952
findling-rss 1790889889,1516593152,200962048,3021808,1725132800,1729302528
findling-rss 1790889891,1517015040,200962048,3019984,1725468672,1729302528
findling-rss 1790889893,1497645056,201162752,3040152,1706549248,1729302528
findling-rss 1790889895,1518338048,201162752,3026144,1727037440,1729302528
findling-rss 1790889897,1498136576,201170944,3043984,1706831872,1729302528
findling-rss 1790889899,1518174208,201170944,3044800,1726783488,1729302528
findling-rss 1790889901,1422323712,201367552,2948136,1630650368,1729302528
findling-rss 1790889903,1518350336,201367552,3046944,1727172608,1729302528
findling-rss 1790889905,1422323712,204873728,3086640,1634586624,1729302528
findling-rss 1790889907,1518161920,204873728,3161728,1730752512,1731411968
findling-rss 1790889909,1471025152,204873728,3160152,1683537920,1732157440
findling-rss 1790889911,1529004032,204873728,3160752,1741709312,1742987264
findling-rss 1790889913,1472905216,204873728,3158792,1685508096,1743802368
findling-rss 1790889915,1529167872,204873728,3162112,1742020608,1743802368
findling-rss 1790889917,1510064128,204873728,3159280,1722777600,1743802368
findling-rss 1790889919,1530171392,204873728,3160664,1742962688,1744248832
findling-rss 1790889921,1510080512,204873728,3161832,1722667008,1744355328
findling-rss 1790889923,1531498496,204873728,3162232,1744064512,1744801792
findling-rss 1790889925,1511288832,204873728,3194928,1722802176,1749827584
findling-rss 1790889927,1529737216,204873728,3161728,1742450688,1749827584
findling-rss 1790889929,1476665344,204873728,3161728,1689280512,1749827584
findling-rss 1790889931,1482280960,204873728,3161728,1694789632,1749827584
findling-rss 1790889933,1477005312,204873728,3162112,1689382912,1749827584
findling-rss 1790889935,1477869568,204873728,3161432,1690300416,1749827584
findling-rss 1790889937,1521610752,204873728,3161728,1734246400,1749827584
findling-rss 1790889939,1522020352,204873728,3161928,1734860800,1749827584
findling-rss 1790889941,1531346944,204873728,3160504,1744252928,1749827584
findling-rss 1790889943,1531387904,204873728,3161728,1743982592,1749827584
findling-rss 1790889945,1532186624,204873728,3158744,1745014784,1749827584
findling-rss 1790889947,1536479232,204873728,3159968,1749045248,1749827584
findling-rss 1790889949,1501949952,201601024,3068240,1711386624,1750618112
findling-rss 1790889951,1529233408,201601024,3070760,1738592256,1750618112
findling-rss 1790889953,1563795456,201691136,3080880,1773342720,1793048576
findling-rss 1790889955,1584230400,201691136,3083264,1793654784,1795256320
findling-rss 1790889957,1418919936,201998336,2959632,1628225536,1795256320
findling-rss 1790889959,1522126848,202080256,2981080,1731702784,1795256320
findling-rss 1790889961,1411731456,202076160,2889384,1620008960,1795256320
findling-rss 1790889963,1521803264,202076160,2997208,1731747840,1795256320
findling-rss 1790889965,1418719232,201764864,2878080,1627652096,1795256320
findling-rss 1790889968,1521991680,202276864,3000728,1732001792,1795256320
findling-rss 1790889970,1522032640,202276864,3001000,1732050944,1795256320
findling-rss 1790889972,1521610752,202272768,3018552,1731616768,1795256320
findling-rss 1790889974,1525710848,202272768,3019912,1735671808,1795256320
findling-rss 1790889976,1502396416,202473472,3022584,1712406528,1795256320
findling-rss 1790889978,1522384896,202473472,3023440,1732694016,1795256320
findling-rss 1790889980,1512431616,202477568,3042960,1721384960,1795256320
findling-rss 1790889982,1523826688,202477568,3043640,1734062080,1795256320
findling-rss 1790889984,1313345536,202326016,2924536,1522614272,1795256320
findling-rss 1790889986,1462083584,202686464,3048920,1672364032,1795256320
findling-rss 1790889988,1365647360,202678272,2960968,1575469056,1795256320
findling-rss 1790889990,1460477952,202678272,3066352,1670766592,1795256320
findling-rss 1790889992,1325805568,202383360,2946384,1535180800,1795256320
findling-rss 1790889994,1456549888,204591104,3100280,1668841472,1795256320
findling-rss 1790889996,1463005184,204591104,3100960,1675194368,1795256320
findling-rss 1790889998,1473880064,203431936,3088352,1684439040,1795256320
findling-rss 1790890000,1474228224,203431936,3088352,1685557248,1795256320
findling-rss 1790890002,1454006272,203636736,3088744,1665310720,1795256320
findling-rss 1790890004,1474850816,203636736,3091896,1686065152,1795256320
findling-rss 1790890006,1454022656,203636736,3108104,1665298432,1795256320
findling-rss 1790890008,1474093056,203636736,3112104,1685458944,1795256320
findling-rss 1790890010,1434394624,203837440,3111584,1645727744,1795256320
findling-rss 1790890012,1503379456,203837440,3113088,1715011584,1795256320
findling-rss 1790890014,1435377664,203837440,3131336,1646723072,1795256320
findling-rss 1790890016,1503158272,203837440,3131800,1714855936,1795256320
findling-rss 1790890018,1355325440,203530240,3014080,1565876224,1795256320
findling-rss 1790890020,1502609408,207364096,3119344,1717633024,1795256320
findling-rss 1790890022,1504354304,207364096,3116256,1719635968,1795256320
findling-rss 1790890024,1513013248,207364096,3116392,1728303104,1795256320
findling-rss 1790890026,1513824256,207364096,3117040,1728819200,1795256320
findling-rss 1790890028,1514094592,207364096,3118160,1729363968,1795256320
findling-rss 1790890030,1418424320,207364096,3011936,1633198080,1795256320
findling-rss 1790890032,1514942464,207364096,3116368,1730015232,1795256320
findling-rss 1790890034,1423089664,207364096,3114912,1636016128,1795256320
findling-rss 1790890036,1515634688,207364096,3120136,1730732032,1795256320
findling-rss 1790890038,1455988736,207364096,3132128,1671045120,1795256320
findling-rss 1790890040,1515847680,207364096,3120552,1731055616,1795256320
findling-rss 1790890042,1442426880,207364096,3116744,1657630720,1795256320
findling-rss 1790890044,1462661120,207364096,3119624,1677828096,1795256320
findling-rss 1790890046,1442426880,207364096,3118216,1657466880,1795256320
findling-rss 1790890048,1462689792,207364096,3119704,1677705216,1795256320
findling-rss 1790890050,1502883840,207364096,3119752,1717985280,1795256320
findling-rss 1790890052,1506566144,207364096,3118808,1721753600,1795256320
findling-rss 1790890054,1515794432,207364096,3120432,1731047424,1795256320
findling-rss 1790890056,1517002752,207364096,3119992,1732341760,1795256320
findling-rss 1790890058,1517076480,207364096,3120168,1732186112,1795256320
findling-rss 1790890060,1517232128,207364096,3120168,1732431872,1795256320
findling-rss 1790890062,1502457856,203902976,3042832,1714257920,1795256320
findling-rss 1790890064,1506529280,203902976,3043648,1718231040,1795256320
findling-rss 1790890066,1484492800,204091392,3046296,1696321536,1795256320
findling-rss 1790890068,1504235520,204091392,3047000,1716039680,1795256320
findling-rss 1790890070,1484521472,204099584,3064064,1696497664,1795256320
findling-rss 1790890072,1504686080,204099584,3066624,1716649984,1795256320
findling-rss 1790890074,1317052416,203956224,2942376,1527767040,1795256320
findling-rss 1790890076,1465876480,204308480,3069360,1677733888,1795256320
findling-rss 1790890078,1317281792,203956224,2970024,1528561664,1795256320
findling-rss 1790890080,1464958976,204304384,3088592,1676918784,1795256320
findling-rss 1790890082,1330569216,203964416,2968912,1541697536,1795256320
findling-rss 1790890084,1477599232,208359424,3196264,1693859840,1795256320
findling-rss 1790890086,1478402048,208359424,3194120,1694588928,1795256320
findling-rss 1790890088,1488543744,208359424,3193960,1704484864,1795256320
findling-rss 1790890090,1488699392,208359424,3194096,1705066496,1795256320
findling-rss 1790890092,1489772544,208359424,3195456,1705832448,1795256320
findling-rss 1790890094,1489772544,208359424,3195824,1705947136,1795256320
findling-rss 1790890096,1489915904,208359424,3195704,1705992192,1795256320
findling-rss 1790890098,1394552832,208359424,3090320,1610420224,1795256320
findling-rss 1790890100,1490616320,208359424,3196128,1706721280,1795256320
findling-rss 1790890102,1402806272,208359424,3194952,1617276928,1795256320
findling-rss 1790890104,1491644416,208359424,3200184,1707888640,1795256320
findling-rss 1790890106,1371095040,208359424,3199384,1586937856,1795256320
findling-rss 1790890108,1438810112,208359424,3199616,1654779904,1795256320
findling-rss 1790890110,1418657792,208359424,3196096,1634713600,1795256320
findling-rss 1790890112,1437286400,208359424,3195456,1653067776,1795256320
findling-rss 1790890114,1463599104,208359424,3194392,1679306752,1795256320
findling-rss 1790890116,1483640832,208359424,3196640,1699749888,1795256320
findling-rss 1790890118,1491660800,208359424,3193664,1707798528,1795256320
findling-rss 1790890120,1492774912,208359424,3194096,1708986368,1795256320
findling-rss 1790890122,1493639168,208359424,3194776,1709694976,1795256320
findling-rss 1790890124,1498890240,208359424,3200568,1715130368,1795256320
findling-rss 1790890126,1494863872,208359424,3193928,1711157248,1795256320
findling-rss 1790890128,1495515136,208359424,3191952,1711726592,1795256320
findling-rss 1790890130,1479950336,204529664,3107648,1692164096,1795256320
findling-rss 1790890132,1479950336,204529664,3107272,1692291072,1795256320
findling-rss 1790890134,1505615872,204742656,3112312,1718136832,1795256320
findling-rss 1790890136,1525686272,204742656,3113288,1738420224,1795256320
findling-rss 1790890138,1505591296,204746752,3131152,1718095872,1795256320
findling-rss 1790890140,1525432320,204746752,3131904,1737965568,1795256320
findling-rss 1790890142,1417400320,204935168,3028496,1628344320,1795256320
findling-rss 1790890144,1525723136,204935168,3135680,1738264576,1795256320
findling-rss 1790890146,1429880832,204935168,3045368,1642250240,1795256320
findling-rss 1790890148,1525891072,204935168,3154976,1738768384,1795256320
findling-rss 1790890150,1378103296,204632064,3037872,1590161408,1795256320
findling-rss 1790890152,1525633024,205144064,3157480,1738764288,1795256320
findling-rss 1790890154,1528344576,205144064,3161912,1741524992,1795256320
findling-rss 1790890156,1525940224,205144064,3176912,1738944512,1795256320
findling-rss 1790890158,1526132736,205144064,3177592,1738862592,1795256320
findling-rss 1790890160,1506041856,205180928,3064096,1718964224,1795256320
findling-rss 1790890162,1525870592,205180928,3063008,1738801152,1795256320
findling-rss 1790890164,1524690944,205176832,3082488,1737728000,1795256320
findling-rss 1790890166,1526423552,205176832,3082720,1739382784,1795256320
findling-rss 1790890168,1459515392,205402112,3100472,1671544832,1795256320
findling-rss 1790890170,1525948416,205402112,3086984,1739120640,1795256320
findling-rss 1790890172,1468084224,205410304,3103936,1680859136,1795256320
findling-rss 1790890174,1527185408,205410304,3105304,1740578816,1795256320
findling-rss 1790890176,1378840576,205262848,2985144,1591296000,1795256320
findling-rss 1790890178,1530191872,205619200,3108528,1743187968,1795256320
findling-rss 1790890180,1378844672,205266944,3004112,1591877632,1795256320
findling-rss 1790890182,1526431744,205623296,3127416,1739616256,1795256320
findling-rss 1790890184,1378844672,205271040,3007016,1591185408,1795256320
findling-rss 1790890186,1527123968,205815808,3131312,1740509184,1795256320
findling-rss 1790890188,1527123968,205815808,3131488,1740722176,1795256320
findling-rss 1790890190,1526640640,205819904,3149832,1740333056,1795256320
findling-rss 1790890192,1526685696,205819904,3149832,1740312576,1795256320
findling-rss 1790890194,1506758656,206012416,3150360,1720582144,1795256320
findling-rss 1790890196,1526624256,206012416,3153880,1740263424,1795256320
findling-rss 1790890198,1515393024,206024704,3172928,1728303104,1795256320
findling-rss 1790890200,1526841344,206024704,3170544,1740779520,1795256320
findling-rss 1790890202,1440292864,206233600,3174560,1654026240,1795256320
findling-rss 1790890204,1526980608,206233600,3176152,1740902400,1795256320
findling-rss 1790890206,1463697408,206221312,3194112,1673748480,1795256320
findling-rss 1790890208,1528680448,206221312,3194048,1742675968,1795256320
findling-rss 1790890210,1379659776,205918208,3075728,1592672256,1795256320
findling-rss 1790890213,1526824960,206426112,3198024,1741025280,1795256320
findling-rss 1790890215,1527336960,206426112,3197344,1741869056,1795256320
findling-rss 1790890217,1527951360,206422016,3216712,1742196736,1795256320
findling-rss 1790890219,1527951360,206422016,3216440,1742237696,1795256320
findling-rss 1790890221,1527156736,206417920,3104136,1741385728,1795256320
findling-rss 1790890223,1533964288,206417920,3105496,1748258816,1795256320
findling-rss 1790890225,1525006336,206417920,3128656,1739247616,1795256320
findling-rss 1790890227,1527595008,206417920,3127392,1741840384,1795256320
findling-rss 1790890229,1443241984,206503936,3121368,1657438208,1795256320
findling-rss 1790890231,1528049664,206503936,3124048,1742561280,1795256320
findling-rss 1790890233,1460600832,206508032,3141088,1674797056,1795256320
findling-rss 1790890235,1527410688,206508032,3141416,1741787136,1795256320
findling-rss 1790890237,1437327360,206180352,3023048,1650765824,1795256320
findling-rss 1790890239,1527291904,206594048,3142896,1741676544,1795256320
findling-rss 1790890241,1529786368,206594048,3143752,1744142336,1795256320
findling-rss 1790890243,1527971840,206594048,3160240,1742573568,1795256320
findling-rss 1790890245,1528107008,206594048,3162080,1742565376,1795256320
findling-rss 1790890247,1507647488,206688256,3159040,1722081280,1795256320
findling-rss 1790890249,1527812096,206688256,3161232,1742245888,1795256320
findling-rss 1790890251,1507651584,206684160,3179152,1722318848,1795256320
findling-rss 1790890253,1527791616,206684160,3180496,1742307328,1795256320
findling-rss 1790890255,1319989248,206413824,3054368,1533521920,1795256320
findling-rss 1790890257,1468370944,206766080,3179904,1682812928,1795256320
findling-rss 1790890259,1319989248,206413824,3079616,1533427712,1795256320
findling-rss 1790890261,1467633664,206761984,3198048,1682219008,1795256320
findling-rss 1790890263,1361252352,206413824,3078824,1574825984,1795256320
findling-rss 1790890265,1467133952,206856192,3199496,1681764352,1795256320
findling-rss 1790890267,1467523072,206856192,3198952,1682313216,1795256320
findling-rss 1790890269,1468387328,206860288,3218928,1683095552,1795256320
findling-rss 1790890271,1468387328,206860288,3218928,1683222528,1795256320
findling-rss 1790890273,1421807616,206946304,3215840,1636274176,1795256320
findling-rss 1790890275,1468178432,206946304,3219360,1682956288,1795256320
findling-rss 1790890277,1501147136,206729216,3230448,1715601408,1795256320
findling-rss 1790890279,1530064896,206729216,3229488,1744908288,1795256320
findling-rss 1790890281,1382875136,206872576,3013696,1597038592,1795256320
findling-rss 1790890283,1478479872,206872576,3122920,1693032448,1795256320
findling-rss 1790890285,1382875136,206872576,3032608,1596882944,1795256320
findling-rss 1790890287,1479577600,206872576,3140904,1693995008,1795256320
findling-rss 1790890289,1370464256,206548992,3021968,1584304128,1795256320
findling-rss 1790890291,1518006272,206962688,3141880,1732767744,1795256320
findling-rss 1790890293,1523965952,206962688,3141472,1738924032,1795256320
findling-rss 1790890295,1518874624,206966784,3161832,1733713920,1795256320
findling-rss 1790890297,1518874624,206966784,3159112,1733500928,1795256320
findling-rss 1790890299,1498365952,207052800,3193680,1713463296,1795256320
findling-rss 1790890301,1518813184,207052800,3160904,1733603328,1795256320
findling-rss 1790890303,1498353664,207044608,3176208,1713303552,1795256320
findling-rss 1790890305,1517989888,207044608,3178368,1732837376,1795256320
findling-rss 1790890307,1422536704,207130624,3070008,1637109760,1795256320
findling-rss 1790890309,1517535232,207130624,3178392,1732411392,1795256320
findling-rss 1790890311,1440612352,207126528,3196576,1650356224,1795256320
findling-rss 1790890313,1518280704,207126528,3195720,1733283840,1795256320
findling-rss 1790890315,1370484736,206872576,3070568,1584340992,1795256320
findling-rss 1790890317,1519329280,207233024,3197936,1734422528,1795256320
findling-rss 1790890319,1370484736,206876672,3092024,1584898048,1795256320
findling-rss 1790890321,1518616576,207228928,3216736,1733849088,1795256320
findling-rss 1790890323,1370484736,206872576,3096744,1584603136,1795256320
findling-rss 1790890325,1518305280,207310848,3216936,1733668864,1795256320
findling-rss 1790890327,1519779840,207310848,3216968,1734995968,1795256320
findling-rss 1790890329,1518116864,207314944,3234088,1733234688,1795256320
findling-rss 1790890331,1519321088,207314944,3235952,1734590464,1795256320
findling-rss 1790890333,1467887616,207392768,3236088,1682518016,1795256320
findling-rss 1790890335,1523912704,207392768,3290192,1738039296,1795256320
findling-rss 1790890337,1502334976,207400960,3254480,1717686272,1795256320
findling-rss 1790890339,1522208768,207400960,3258000,1737482240,1795256320
findling-rss 1790890341,1374441472,207466496,3142280,1589141504,1795256320
findling-rss 1790890343,1521532928,207319040,3142904,1736638464,1795256320
findling-rss 1790890345,1420976128,207310848,3056344,1634357248,1795256320
findling-rss 1790890347,1521811456,207310848,3164208,1736810496,1795256320
findling-rss 1790890349,1387597824,206966784,3042000,1587019776,1795256320
findling-rss 1790890351,1469902848,207409152,3161856,1684963328,1795256320
findling-rss 1790890353,1471848448,207409152,3166024,1686261760,1795256320
findling-rss 1790890355,1471070208,208801792,3220504,1687707648,1795256320
findling-rss 1790890357,1472487424,208801792,3217104,1689034752,1795256320
findling-rss 1790890359,1481797632,208801792,3234640,1698553856,1795256320
findling-rss 1790890361,1481797632,208801792,3218576,1698344960,1795256320
findling-rss 1790890363,1486405632,208801792,3217200,1703141376,1795256320
findling-rss 1790890365,1487384576,208801792,3217376,1704005632,1795256320
findling-rss 1790890367,1483505664,208801792,3217672,1699893248,1795256320
findling-rss 1790890369,1483943936,208801792,3217672,1700712448,1795256320
findling-rss 1790890371,1484009472,208801792,3252376,1700790272,1795256320
findling-rss 1790890373,1371865088,207052800,3060528,1586135040,1795256320
findling-rss 1790890375,1518755840,207503360,3183856,1733918720,1795256320
findling-rss 1790890377,1518755840,207503360,3180864,1734148096,1795256320
findling-rss 1790890379,1519792128,207511552,3200136,1735151616,1795256320
findling-rss 1790890381,1521131520,207511552,3198808,1736437760,1795256320
findling-rss 1790890383,1463287808,208629760,3228488,1679286272,1795256320
findling-rss 1790890385,1524662272,208629760,3230816,1741291520,1795256320
findling-rss 1790890387,1508839424,208629760,3229632,1725280256,1795256320
findling-rss 1790890389,1529241600,208629760,3230448,1745752064,1795256320
findling-rss 1790890391,1509904384,208629760,3227840,1726427136,1795256320
findling-rss 1790890393,1533112320,208629760,3229088,1749831680,1795256320
findling-rss 1790890395,1528229888,208629760,3224112,1744494592,1795256320
findling-rss 1790890397,1532354560,208629760,3226992,1748873216,1795256320
findling-rss 1790890399,1517854720,207593472,3216184,1733308416,1795256320
findling-rss 1790890401,1520295936,207593472,3217544,1735647232,1795256320
findling-rss 1790890403,1499078656,207687680,3218704,1714667520,1795256320
findling-rss 1790890405,1519263744,207687680,3218152,1734770688,1795256320
findling-rss 1790890407,1499095040,207691776,3235688,1714712576,1795256320
findling-rss 1790890409,1519562752,207691776,3237040,1735118848,1795256320
findling-rss 1790890411,1371185152,207425536,3117712,1586163712,1795256320
findling-rss 1790890413,1517985792,207773696,3237848,1733738496,1795256320
findling-rss 1790890415,1423253504,207781888,3147728,1638334464,1795256320
findling-rss 1790890417,1519575040,207781888,3255824,1735409664,1795256320
findling-rss 1790890419,1428381696,207425536,3136488,1643233280,1795256320
findling-rss 1790890421,1518923776,207867904,3255552,1734647808,1795256320
findling-rss 1790890423,1519325184,207867904,3256600,1735204864,1795256320
findling-rss 1790890425,1519173632,207863808,3274336,1734942720,1795256320
findling-rss 1790890427,1519276032,207863808,3273656,1735290880,1795256320
findling-rss 1790890429,1499131904,207785984,3155224,1714548736,1795256320
findling-rss 1790890431,1524314112,207785984,3158064,1740099584,1795256320
findling-rss 1790890433,1499090944,207781888,3175088,1714675712,1795256320
findling-rss 1790890435,1519431680,207781888,3176936,1735213056,1795256320
findling-rss 1790890437,1423273984,207884288,3068520,1638391808,1795256320
findling-rss 1790890439,1518280704,207884288,3177000,1733926912,1795256320
findling-rss 1790890441,1423278080,207876096,3086800,1638330368,1795256320
findling-rss 1790890443,1519431680,207876096,3196648,1735163904,1795256320
findling-rss 1790890445,1373736960,207560704,3073240,1588568064,1795256320
findling-rss 1790890447,1521520640,207970304,3194232,1737138176,1795256320
findling-rss 1790890449,1521520640,207970304,3195592,1737424896,1795256320
findling-rss 1790890451,1522061312,207974400,3213528,1737822208,1795256320
findling-rss 1790890453,1522061312,207974400,3212984,1738059776,1795256320
findling-rss 1790890455,1501638656,208056320,3213504,1717501952,1795256320
findling-rss 1790890457,1521811456,208056320,3213304,1737662464,1795256320
findling-rss 1790890460,1518485504,208052224,3233440,1734381568,1795256320
findling-rss 1790890462,1521627136,208052224,3234768,1737482240,1795256320
findling-rss 1790890464,1467645952,208142336,3275424,1684742144,1795256320
findling-rss 1790890466,1522241536,208142336,3236744,1738379264,1795256320
findling-rss 1790890468,1501634560,208146432,3254632,1717628928,1795256320
findling-rss 1790890470,1520734208,208146432,3256360,1736978432,1795256320
findling-rss 1790890472,1425805312,208228352,3141640,1641381888,1795256320
findling-rss 1790890474,1522188288,208228352,3251880,1738412032,1795256320
findling-rss 1790890476,1436246016,208236544,3268744,1651941376,1795256320
findling-rss 1790890478,1522208768,208236544,3271424,1738403840,1795256320
findling-rss 1790890480,1373745152,207908864,3151288,1589055488,1795256320
findling-rss 1790890482,1521889280,208322560,3272904,1738141696,1795256320
findling-rss 1790890484,1521889280,208322560,3271136,1738100736,1795256320
findling-rss 1790890486,1521557504,208314368,3289168,1737822208,1795256320
findling-rss 1790890488,1522384896,208314368,3290024,1738649600,1795256320
findling-rss 1790890490,1520984064,208703488,3187800,1737519104,1795256320
findling-rss 1790890492,1521483776,208703488,3187936,1738211328,1795256320
findling-rss 1790890494,1521627136,208703488,3206304,1737854976,1795256320
findling-rss 1790890496,1522446336,208703488,3205760,1738862592,1795256320
findling-rss 1790890498,1501659136,208732160,3205792,1718153216,1795256320
findling-rss 1790890500,1528922112,208732160,3214608,1745158144,1795256320
findling-rss 1790890502,1475555328,208728064,3222704,1691922432,1795256320
findling-rss 1790890504,1521913856,208728064,3226304,1738625024,1795256320
findling-rss 1790890506,1373769728,208408576,3097120,1589272576,1795256320
findling-rss 1790890508,1521491968,208760832,3224280,1738096640,1795256320
findling-rss 1790890510,1373769728,208408576,3124384,1589538816,1795256320
findling-rss 1790890512,1521266688,208764928,3241704,1738043392,1795256320
findling-rss 1790890514,1373769728,208408576,3121712,1589465088,1795256320
findling-rss 1790890516,1521942528,208793600,3242984,1738727424,1795256320
findling-rss 1790890518,1522892800,208793600,3240024,1739431936,1795256320
findling-rss 1790890520,1520902144,208785408,3287304,1737691136,1795256320
findling-rss 1790890522,1521864704,208785408,3259256,1738489856,1795256320
findling-rss 1790890524,1507020800,208814080,3255664,1723899904,1795256320
findling-rss 1790890526,1527595008,208814080,3257144,1744310272,1795256320
findling-rss 1790890528,1517993984,208814080,3275672,1733648384,1795256320
findling-rss 1790890530,1527566336,208814080,3275128,1744265216,1795256320
findling-rss 1790890532,1431199744,208846848,3161168,1647538176,1795256320
findling-rss 1790890534,1526693888,208846848,3274880,1743720448,1795256320
findling-rss 1790890536,1442574336,213069824,3408936,1663475712,1795256320
findling-rss 1790890538,1526898688,213069824,3409576,1748082688,1795256320
findling-rss 1790890540,1508110336,213069824,3406168,1729241088,1795256320
findling-rss 1790890542,1536823296,213069824,3407512,1758105600,1795256320
findling-rss 1790890544,1517166592,213069824,3406128,1733029888,1795256320
findling-rss 1790890546,1537650688,213069824,3408344,1758916608,1795256320
findling-rss 1790890548,1465479168,213069824,3407128,1686577152,1795256320
findling-rss 1790890550,1486229504,213069824,3408488,1707294720,1795256320
findling-rss 1790890552,1465475072,213069824,3408872,1686282240,1795256320
findling-rss 1790890554,1485864960,213069824,3408192,1706946560,1795256320
findling-rss 1790890556,1528688640,213069824,3407128,1749839872,1795256320
findling-rss 1790890558,1529487360,213069824,3407808,1750630400,1795256320
findling-rss 1790890560,1539584000,213069824,3407672,1760747520,1795256320
findling-rss 1790890562,1539940352,213069824,3408488,1760948224,1795256320
findling-rss 1790890564,1539932160,213069824,3408352,1761226752,1795256320
findling-rss 1790890566,1540345856,213069824,3408216,1761497088,1795256320
findling-rss 1790890568,1541218304,213069824,3408216,1762435072,1795256320
findling-rss 1790890570,1541234688,213069824,3404712,1762648064,1795256320
findling-rss 1790890572,1541451776,213069824,3406320,1762353152,1795256320
findling-rss 1790890574,1445003264,213069824,3306056,1665675264,1795256320
findling-rss 1790890576,1542385664,213069824,3404688,1763299328,1795256320
findling-rss 1790890578,1472483328,213069824,3403256,1693339648,1795256320
findling-rss 1790890580,1547837440,213069824,3405624,1769078784,1795256320
findling-rss 1790890582,1485627392,213069824,3404480,1706741760,1795256320
findling-rss 1790890584,1541783552,213069824,3409576,1763205120,1795256320
findling-rss 1790890586,1438416896,208510976,3176192,1654386688,1795256320
findling-rss 1790890588,1527459840,208936960,3298232,1744289792,1795256320
findling-rss 1790890590,1527472128,208936960,3294224,1744445440,1795256320
findling-rss 1790890592,1527205888,208941056,3312112,1744076800,1795256320
findling-rss 1790890594,1529036800,208941056,3313976,1746079744,1795256320
findling-rss 1790890596,1507758080,208764928,3191232,1724170240,1795256320
findling-rss 1790890598,1527619584,208764928,3194808,1744457728,1795256320
findling-rss 1790890600,1524981760,208777216,3214176,1741328384,1795256320
findling-rss 1790890602,1528954880,208777216,3212680,1745727488,1795256320
findling-rss 1790890604,1431932928,208801792,3101600,1648193536,1795256320
findling-rss 1790890606,1528016896,208801792,3212352,1744621568,1795256320
findling-rss 1790890608,1441333248,208769024,3229040,1657843712,1795256320
findling-rss 1790890610,1510391808,208769024,3229368,1727180800,1795256320
findling-rss 1790890612,1414471680,208449536,3111304,1630482432,1795256320
findling-rss 1790890614,1533329408,208830464,3227624,1749880832,1795256320
findling-rss 1790890616,1534599168,208830464,3228984,1751183360,1795256320
findling-rss 1790890618,1528123392,208826368,3248000,1744826368,1795256320
findling-rss 1790890620,1529589760,208826368,3248008,1746542592,1795256320
findling-rss 1790890622,1507790848,208859136,3247624,1724297216,1795256320
findling-rss 1790890624,1527943168,208859136,3248200,1744723968,1795256320
findling-rss 1790890626,1525399552,208855040,3264176,1742192640,1795256320
findling-rss 1790890628,1528274944,208855040,3267240,1745055744,1795256320
findling-rss 1790890630,1460846592,208891904,3297952,1677729792,1795256320
findling-rss 1790890632,1534177280,208891904,3262696,1751097344,1795256320
findling-rss 1790890634,1441484800,209592320,3299984,1658798080,1795256320
findling-rss 1790890636,1527832576,209592320,3305624,1745375232,1795256320
findling-rss 1790890638,1481486336,209592320,3301560,1698906112,1795256320
findling-rss 1790890640,1542496256,209592320,3303336,1759842304,1795256320
findling-rss 1790890642,1509376000,209592320,3302520,1727119360,1795256320
findling-rss 1790890644,1538228224,209592320,3302680,1755725824,1795256320
findling-rss 1790890646,1434083328,208699392,3164176,1642401792,1795256320
findling-rss 1790890648,1588908032,208699392,3277424,1805893632,1806917632
findling-rss 1790890650,1432125440,208912384,3190960,1648500736,1806942208
findling-rss 1790890652,1527869440,208912384,3299096,1744703488,1806942208
findling-rss 1790890654,1432928256,208564224,3180936,1649184768,1806942208
findling-rss 1790890656,1528193024,208941056,3300512,1745113088,1806942208
findling-rss 1790890658,1530572800,208941056,3300376,1747496960,1806942208
findling-rss 1790890660,1527799808,208953344,3319760,1744490496,1806942208
findling-rss 1790890662,1528610816,208953344,3318400,1745297408,1806942208
findling-rss 1790890664,1453641728,208801792,3201952,1676185600,1806942208
findling-rss 1790890666,1528786944,208801792,3205888,1745801216,1806942208
findling-rss 1790890668,1472299008,208805888,3222048,1688866816,1806942208
findling-rss 1790890670,1528164352,208805888,3223600,1744850944,1806942208
findling-rss 1790890672,1380151296,208486400,3112440,1595846656,1806942208
findling-rss 1790890674,1527705600,208830464,3221672,1744568320,1806942208
findling-rss 1790890676,1528590336,208830464,3220352,1745354752,1806942208
findling-rss 1790890678,1527750656,208834560,3240576,1744637952,1806942208
findling-rss 1790890680,1323728896,208482304,3119632,1563893760,1806942208
findling-rss 1790890682,1453883392,208863232,3237400,1669533696,1806942208
findling-rss 1790890684,1472061440,208863232,3239024,1688621056,1806942208
findling-rss 1790890686,1470181376,208867328,3254472,1687064576,1806942208
findling-rss 1790890688,1475690496,208867328,3256856,1692610560,1806942208
findling-rss 1790890691,1424166912,208887808,3253608,1640566784,1806942208
findling-rss 1790890693,1509269504,208887808,3254384,1725771776,1806942208
findling-rss 1790890695,1440804864,208887808,3269288,1657491456,1806942208
findling-rss 1790890697,1509556224,208887808,3271696,1726500864,1806942208
findling-rss 1790890699,1418104832,208539648,3151384,1634209792,1806942208
findling-rss 1790890701,1508376576,208928768,3270472,1725206528,1806942208
findling-rss 1790890703,1511075840,208928768,3270104,1728045056,1806942208
findling-rss 1790890705,1508610048,208912384,3293280,1725497344,1806942208
findling-rss 1790890707,1508614144,208912384,3292184,1725677568,1806942208
findling-rss 1790890709,1508122624,208949248,3290752,1724919808,1806942208
findling-rss 1790890711,1508941824,208949248,3286664,1725730816,1806942208
findling-rss 1790890713,1508507648,208949248,3304936,1725497344,1806942208
findling-rss 1790890715,1508962304,208949248,3304528,1725964288,1806942208
findling-rss 1790890717,1480318976,208973824,3302896,1697058816,1806942208
findling-rss 1790890719,1509203968,208973824,3302344,1726300160,1806942208
findling-rss 1790890721,1489031168,208973824,3320128,1705988096,1806942208
findling-rss 1790890723,1508790272,208973824,3320968,1725444096,1806942208
findling-rss 1790890725,1361129472,209166336,3211872,1577402368,1806942208
findling-rss 1790890727,1508806656,208842752,3205200,1725530112,1806942208
findling-rss 1790890729,1408614400,208838656,3115048,1623719936,1806942208
findling-rss 1790890731,1509122048,208838656,3224520,1725825024,1806942208
findling-rss 1790890733,1361137664,208486400,3104640,1576898560,1806942208
findling-rss 1790890735,1508794368,208871424,3223112,1725485056,1806942208
findling-rss 1790890737,1515069440,208871424,3222432,1731747840,1806942208
findling-rss 1790890739,1508442112,208855040,3242576,1725210624,1806942208
findling-rss 1790890741,1508466688,208855040,3240600,1725415424,1806942208
findling-rss 1790890743,1498644480,209932288,3265976,1715154944,1806942208
findling-rss 1790890745,1508155392,209932288,3268000,1725935616,1806942208
findling-rss 1790890747,1517686784,209932288,3269600,1735303168,1806942208
findling-rss 1790890749,1518436352,209932288,3268544,1736486912,1806942208
findling-rss 1790890751,1518866432,209932288,3267736,1736617984,1806942208
findling-rss 1790890753,1518866432,209932288,3267096,1736699904,1806942208
findling-rss 1790890755,1521197056,209932288,3267480,1739075584,1806942208
findling-rss 1790890757,1521639424,209932288,3268560,1739702272,1806942208
findling-rss 1790890759,1508769792,208896000,3259280,1725669376,1806942208
findling-rss 1790890761,1509003264,208896000,3257920,1725784064,1806942208
findling-rss 1790890763,1519226880,208945152,3257960,1736183808,1806942208
findling-rss 1790890765,1520594944,208945152,3259320,1737342976,1806942208
findling-rss 1790890767,1518379008,208932864,3276536,1735147520,1806942208
findling-rss 1790890769,1518780416,208932864,3277896,1735790592,1806942208
findling-rss 1790890771,1463951360,208965632,3276544,1680637952,1806942208
findling-rss 1790890773,1519931392,208965632,3275968,1737023488,1806942208
findling-rss 1790890775,1491001344,208953344,3293112,1707692032,1806942208
findling-rss 1790890777,1520332800,208953344,3294224,1737273344,1806942208
findling-rss 1790890779,1371824128,208637952,3166552,1587806208,1806942208
findling-rss 1790890781,1502453760,208998400,3292384,1719234560,1806942208
findling-rss 1790890783,1406570496,208977920,3201600,1623138304,1806942208
findling-rss 1790890785,1518874624,208977920,3310824,1735925760,1806942208
findling-rss 1790890787,1371828224,208637952,3191144,1587970048,1806942208
findling-rss 1790890789,1526353920,209014784,3309888,1743360000,1806942208
findling-rss 1790890791,1526353920,209014784,3309480,1743343616,1806942208
findling-rss 1790890793,1518952448,209014784,3327672,1735766016,1806942208
findling-rss 1790890795,1518952448,209014784,3327848,1736019968,1806942208
findling-rss 1790890797,1502388224,208891904,3211376,1719324672,1806942208
findling-rss 1790890799,1502629888,208891904,3213896,1719566336,1806942208
findling-rss 1790890801,1518858240,208879616,3228384,1735577600,1806942208
findling-rss 1790890803,1519980544,208879616,3230008,1736757248,1806942208
findling-rss 1790890805,1491025920,208900096,3225680,1707880448,1806942208
findling-rss 1790890807,1526177792,208900096,3227160,1743024128,1806942208
findling-rss 1790890809,1464545280,208908288,3246656,1680908288,1806942208
findling-rss 1790890811,1520832512,208908288,3246144,1737449472,1806942208
findling-rss 1790890813,1424703488,208556032,3125464,1640665088,1806942208
findling-rss 1790890815,1520283648,208945152,3245120,1737109504,1806942208
findling-rss 1790890817,1523843072,208945152,3244984,1740460032,1806942208
findling-rss 1790890819,1520324608,208941056,3265504,1737105408,1806942208
findling-rss 1790890821,1521283072,208941056,3265512,1738362880,1806942208
findling-rss 1790890823,1499738112,208969728,3262912,1716465664,1806942208
findling-rss 1790890825,1522999296,208969728,3266280,1740115968,1806942208
findling-rss 1790890827,1499709440,208961536,3284288,1716592640,1806942208
findling-rss 1790890829,1519120384,208961536,3284288,1736228864,1806942208
findling-rss 1790890831,1432010752,209006592,3277056,1645543424,1806942208
findling-rss 1790890833,1520058368,209006592,3278920,1736822784,1806942208
findling-rss 1790890835,1450770432,208994304,3295880,1667670016,1806942208
findling-rss 1790890837,1519837184,208994304,3298288,1736802304,1806942208
findling-rss 1790890839,1371840512,208642048,3179632,1587834880,1806942208
findling-rss 1790890841,1520152576,209027072,3295880,1737232384,1806942208
findling-rss 1790890843,1520529408,209027072,3296968,1737703424,1806942208
findling-rss 1790890845,1519845376,209027072,3314792,1736769536,1806942208
findling-rss 1790890847,1519845376,209027072,3315472,1736937472,1806942208
findling-rss 1790890849,1499738112,209047552,3312616,1716703232,1806942208
findling-rss 1790890851,1520738304,209047552,3313296,1737850880,1806942208
findling-rss 1790890853,1518903296,209051648,3330552,1735917568,1806942208
findling-rss 1790890855,1519955968,209051648,3330576,1736953856,1806942208
findling-rss 1790890857,1473626112,208912384,3212232,1690386432,1806942208
findling-rss 1790890859,1519095808,208912384,3218960,1735626752,1806942208
findling-rss 1790890861,1499746304,208920576,3232848,1716514816,1806942208
findling-rss 1790890863,1519751168,208920576,3235128,1736667136,1806942208
findling-rss 1790890865,1310380032,208592896,2924952,1525485568,1806942208
findling-rss 1790890867,1406177280,233443328,7637688,1650266112,1806942208
findling-rss 1790890869,1485475840,233443328,7739504,1731297280,1806942208
findling-rss 1790890871,1422495744,233443328,7650704,1667739648,1806942208
findling-rss 1790890873,1519235072,233443328,7757056,1765269504,1806942208
findling-rss 1790890875,1370431488,233086976,7655688,1615241216,1806942208
findling-rss 1790890877,1517518848,233459712,7757168,1763344384,1806942208
findling-rss 1790890879,1517518848,233459712,7758528,1763328000,1806942208
findling-rss 1790890881,1521430528,233467904,7775376,1767305216,1806942208
findling-rss 1790890883,1524600832,233467904,7774696,1770487808,1806942208
findling-rss 1790890885,1513771008,233492480,7774016,1759383552,1806942208
findling-rss 1790890887,1518039040,233492480,7774656,1763762176,1806942208
findling-rss 1790890889,1517797376,233496576,7793560,1763835904,1806942208
findling-rss 1790890891,1525768192,233496576,7793560,1771737088,1806942208
findling-rss 1790890893,1489641472,233525248,7789000,1735409664,1806942208
findling-rss 1790890895,1519218688,233525248,7791064,1765163008,1806942208
findling-rss 1790890897,1498357760,233529344,7809384,1744064512,1806942208
findling-rss 1790890899,1523245056,233529344,7810744,1769439232,1806942208
findling-rss 1790890901,1426178048,233172992,7686976,1671536640,1806942208
findling-rss 1790890903,1524682752,233578496,7809352,1770741760,1806942208
findling-rss 1790890905,1526054912,233578496,7811008,1771507712,1806942208
findling-rss 1790890907,1517969408,233578496,7828848,1764020224,1806942208
findling-rss 1790890909,1520070656,233578496,7827048,1766150144,1806942208
findling-rss 1790890911,1498341376,233598976,7825976,1744175104,1806942208
findling-rss 1790890913,1518374912,233598976,7826792,1764360192,1806942208
findling-rss 1790890915,1517305856,233603072,7844560,1763303424,1806942208
findling-rss 1790890917,1519284224,233603072,7843912,1765302272,1806942208
findling-rss 1790890919,1522405376,233254912,7747696,1766629376,1826725888
findling-rss 1790890921,1580933120,233254912,7749528,1826451456,1828003840
findling-rss 1790890923,1473351680,234172416,7792856,1719971840,1828024320
findling-rss 1790890925,1519071232,234172416,7793536,1765756928,1828024320
findling-rss 1790890927,1509244928,234172416,7790696,1755721728,1828024320
findling-rss 1790890929,1529352192,234172416,7794216,1775992832,1828024320
findling-rss 1790890931,1510318080,234172416,7791496,1757036544,1828024320
findling-rss 1790890934,1530429440,234172416,7791928,1777283072,1828024320
findling-rss 1790890936,1371574272,233144320,7658504,1616719872,1828024320
findling-rss 1790890938,1519366144,233496576,7776168,1765453824,1828024320
findling-rss 1790890940,1398439936,233500672,7685152,1641541632,1828024320
findling-rss 1790890942,1519583232,233500672,7793384,1765384192,1828024320
findling-rss 1790890944,1427726336,233144320,7673816,1672744960,1828024320
findling-rss 1790890946,1518858240,233521152,7795976,1764990976,1828024320
findling-rss 1790890948,1519599616,233521152,7796520,1765490688,1828024320
findling-rss 1790890950,1519767552,233529344,7815384,1765924864,1828024320
findling-rss 1790890952,1521070080,233529344,7810656,1767034880,1828024320
findling-rss 1790890954,1499484160,233549824,7809160,1745412096,1828024320
findling-rss 1790890956,1522712576,233549824,7809664,1768919040,1828024320
findling-rss 1790890958,1499488256,233558016,7827776,1745399808,1828024320
findling-rss 1790890960,1522515968,233558016,7827096,1768644608,1828024320
findling-rss 1790890962,1371598848,233230336,7704744,1616977920,1828024320
findling-rss 1790890964,1520087040,233582592,7826072,1766379520,1828024320
findling-rss 1790890966,1398079488,233582592,7737280,1637437440,1828024320
findling-rss 1790890968,1519452160,233582592,7845416,1765433344,1828024320
findling-rss 1790890970,1371598848,233230336,7726760,1616781312,1828024320
findling-rss 1790890972,1518964736,233607168,7842968,1764925440,1828024320
findling-rss 1790890974,1519394816,233607168,7844328,1765494784,1828024320
findling-rss 1790890976,1519079424,233611264,7861448,1765326848,1828024320
findling-rss 1790890978,1519079424,233611264,7862128,1765355520,1828024320
findling-rss 1790890980,1514987520,233635840,7859064,1761075200,1828024320
findling-rss 1790890982,1523822592,233635840,7859768,1770168320,1828024320
findling-rss 1790890984,1518059520,233635840,7879496,1764409344,1828024320
findling-rss 1790890986,1519312896,233635840,7876128,1765408768,1828024320
findling-rss 1790890988,1499504640,233508864,7760120,1745305600,1828024320
findling-rss 1790890990,1524867072,233508864,7758488,1770921984,1828024320
findling-rss 1790890992,1499521024,233508864,7777648,1745244160,1828024320
findling-rss 1790890994,1519566848,233508864,7777240,1765441536,1828024320
findling-rss 1790890996,1371611136,233181184,7648736,1616592896,1828024320
findling-rss 1790890998,1518878720,233529344,7776656,1764823040,1828024320
findling-rss 1790891000,1523593216,233529344,7776016,1769512960,1828024320
findling-rss 1790891002,1519304704,233537536,7795360,1765363712,1828024320
findling-rss 1790891004,1371623424,233181184,7687088,1616719872,1828024320
findling-rss 1790891006,1518702592,233562112,7792272,1764622336,1828024320
findling-rss 1790891008,1523482624,233562112,7793632,1769574400,1828024320
findling-rss 1790891010,1519095808,233562112,7812160,1765023744,1828024320
findling-rss 1790891012,1520091136,233562112,7810256,1765961728,1828024320
findling-rss 1790891014,1434664960,233594880,7808160,1680396288,1828024320
findling-rss 1790891016,1520168960,233594880,7811104,1766506496,1828024320
findling-rss 1790891018,1451716608,233582592,7826168,1697648640,1828024320
findling-rss 1790891020,1519464448,233582592,7829808,1765675008,1828024320
findling-rss 1790891022,1428410368,233238528,7707856,1673441280,1828024320
findling-rss 1790891024,1518706688,233611264,7826536,1764651008,1828024320
findling-rss 1790891026,1519587328,233611264,7827456,1765621760,1828024320
findling-rss 1790891028,1521573888,233623552,7848576,1767763968,1828024320
findling-rss 1790891030,1522315264,233623552,7846712,1768681472,1828024320
findling-rss 1790891032,1499545600,233652224,7841496,1745465344,1828024320
findling-rss 1790891034,1524490240,233652224,7843968,1770545152,1828024320
findling-rss 1790891036,1499537408,239263744,8013456,1751588864,1828024320
findling-rss 1790891038,1519484928,239263744,8016976,1771433984,1828024320
findling-rss 1790891040,1525952512,239263744,8017952,1777770496,1828024320
findling-rss 1790891042,1530159104,239263744,8016456,1782181888,1828024320
findling-rss 1790891044,1530494976,239263744,8015232,1782505472,1828024320
findling-rss 1790891046,1530654720,239263744,8016592,1782628352,1828024320
findling-rss 1790891048,1532014592,239263744,8017888,1784094720,1828024320
findling-rss 1790891050,1534447616,239263744,8016840,1786384384,1828024320
findling-rss 1790891052,1531592704,239263744,8017136,1783541760,1828024320
findling-rss 1790891054,1531592704,239263744,8015776,1783558144,1828024320
findling-rss 1790891056,1531883520,239263744,8018080,1783803904,1828024320
findling-rss 1790891058,1531883520,239263744,8014712,1784016896,1828024320
findling-rss 1790891060,1478680576,239263744,8016456,1730740224,1828024320
findling-rss 1790891062,1431584768,239263744,7908592,1681772544,1828024320
findling-rss 1790891064,1478602752,239263744,8017656,1730334720,1828024320
findling-rss 1790891066,1458462720,239263744,8020368,1719259136,1828024320
findling-rss 1790891068,1523331072,239263744,8055640,1776365568,1828024320
findling-rss 1790891070,1437007872,239263744,7908968,1688555520,1828024320
findling-rss 1790891072,1533210624,239263744,8017520,1785212928,1828024320
findling-rss 1790891074,1442750464,239263744,8014760,1691852800,1828024320
findling-rss 1790891076,1534316544,239263744,8017752,1786269696,1828024320
findling-rss 1790891078,1479557120,239263744,8013320,1731330048,1828024320
findling-rss 1790891080,1534431232,239263744,8013768,1786548224,1828024320
findling-rss 1790891082,1513918464,239263744,8016176,1766027264,1828024320
findling-rss 1790891084,1534115840,239263744,8017384,1786019840,1828024320
findling-rss 1790891086,1461116928,239263744,8012952,1713147904,1828024320
findling-rss 1790891088,1481138176,239263744,8013632,1733210112,1828024320
findling-rss 1790891090,1461121024,239263744,8012384,1713016832,1828024320
findling-rss 1790891092,1482936320,239263744,8013456,1734877184,1828024320
findling-rss 1790891094,1521627136,239263744,8012952,1773600768,1828024320
findling-rss 1790891096,1525866496,239263744,8013872,1777975296,1828024320
findling-rss 1790891098,1534705664,239263744,8013248,1786576896,1828024320
findling-rss 1790891100,1535467520,239263744,8013752,1787633664,1828024320
findling-rss 1790891102,1375682560,233713664,7755792,1621331968,1828024320
findling-rss 1790891104,1472081920,233713664,7864480,1718095872,1828024320
findling-rss 1790891106,1383403520,233709568,7881712,1626464256,1828024320
findling-rss 1790891108,1472352256,233709568,7881800,1718415360,1828024320
findling-rss 1790891110,1376890880,233353216,7763152,1622188032,1828024320
findling-rss 1790891112,1479622656,233574400,7766608,1725693952,1828024320
findling-rss 1790891114,1479626752,233574400,7765656,1725771776,1828024320
findling-rss 1790891116,1478901760,233566208,7782504,1724944384,1828024320
findling-rss 1790891118,1479380992,233566208,7783864,1725480960,1828024320
findling-rss 1790891120,1459769344,233598976,7781752,1705668608,1828024320
findling-rss 1790891122,1479434240,233598976,7782936,1725386752,1828024320
findling-rss 1790891124,1459773440,233607168,7798024,1705766912,1828024320
findling-rss 1790891126,1483919360,233607168,7801544,1730150400,1828024320
findling-rss 1790891128,1354366976,233627648,7688856,1592606720,1828024320
findling-rss 1790891130,1480323072,233627648,7800480,1726324736,1828024320
findling-rss 1790891132,1383952384,233623552,7711416,1629499392,1828024320
findling-rss 1790891134,1479757824,233623552,7817896,1725874176,1828024320
findling-rss 1790891136,1331884032,233275392,7698968,1576919040,1828024320
findling-rss 1790891138,1478893568,233648128,7816392,1725108224,1828024320
findling-rss 1790891140,1479712768,233648128,7816832,1725566976,1828024320
findling-rss 1790891142,1479200768,233660416,7835336,1725485056,1828024320
findling-rss 1790891144,1482928128,233660416,7838856,1729089536,1828024320
findling-rss 1790891146,1430138880,237539328,7940944,1680011264,1828024320
findling-rss 1790891148,1478217728,237539328,7938432,1728290816,1828024320
findling-rss 1790891150,1466007552,237539328,7940720,1715892224,1828024320
findling-rss 1790891152,1486217216,237539328,7938952,1736462336,1828024320
findling-rss 1790891154,1468190720,237539328,7939832,1717284864,1828024320
findling-rss 1790891156,1488355328,237539328,7939768,1738522624,1828024320
findling-rss 1790891158,1488093184,237539328,7938704,1738256384,1828024320
findling-rss 1790891160,1488093184,237539328,7940296,1738153984,1828024320
findling-rss 1790891162,1487548416,237539328,7939112,1737682944,1828024320
findling-rss 1790891164,1487896576,237539328,7938696,1738063872,1828024320
findling-rss 1790891166,1488236544,237539328,7937488,1738297344,1828024320
findling-rss 1790891168,1488293888,237539328,7937352,1738575872,1828024320
findling-rss 1790891170,1488465920,237539328,7935984,1738457088,1828024320
findling-rss 1790891172,1489690624,237539328,7935312,1739505664,1828024320
findling-rss 1790891174,1488691200,237539328,7936112,1738960896,1828024320
findling-rss 1790891176,1392820224,237539328,7832104,1642344448,1828024320
findling-rss 1790891179,1489448960,237539328,7936496,1739419648,1828024320
findling-rss 1790891181,1400229888,237539328,7934808,1647001600,1828024320
findling-rss 1790891183,1490251776,237539328,7936808,1740533760,1828024320
findling-rss 1790891185,1436950528,237539328,7934712,1686650880,1828024320
findling-rss 1790891187,1491083264,237539328,7940168,1741266944,1828024320
findling-rss 1790891189,1470672896,237539328,7941928,1720594432,1828024320
findling-rss 1790891191,1490255872,237539328,7936560,1740079104,1828024320
findling-rss 1790891193,1456300032,233705472,7849736,1702514688,1828024320
findling-rss 1790891195,1483386880,233705472,7850416,1729597440,1828024320
findling-rss 1790891197,1328394240,233377792,7731464,1573523456,1828024320
findling-rss 1790891199,1476317184,233734144,7852288,1722548224,1828024320
findling-rss 1790891201,1477091328,233734144,7852288,1723117568,1828024320
findling-rss 1790891203,1476005888,233734144,7872088,1722290176,1828024320
findling-rss 1790891205,1476452352,233734144,7870632,1722572800,1828024320
findling-rss 1790891207,1488285696,233779200,7869656,1734635520,1828024320
findling-rss 1790891209,1495191552,233779200,7869112,1741332480,1828024320
findling-rss 1790891211,1507291136,233766912,7888272,1753268224,1828024320
findling-rss 1790891213,1511596032,233766912,7888952,1757708288,1828024320
findling-rss 1790891215,1439645696,237137920,7868512,1689088000,1828024320
findling-rss 1790891217,1508560896,237137920,7867112,1758408704,1828024320
findling-rss 1790891219,1489682432,237137920,7867064,1735372800,1828024320
findling-rss 1790891221,1517920256,237137920,7868992,1767415808,1828024320
findling-rss 1790891223,1499418624,237137920,7868040,1749274624,1828024320
findling-rss 1790891225,1519034368,237137920,7868856,1768714240,1828024320
findling-rss 1790891227,1517903872,237137920,7868656,1767567360,1828024320
findling-rss 1790891229,1520730112,237137920,7867880,1770225664,1828024320
findling-rss 1790891231,1520201728,237137920,7866544,1769639936,1828024320
findling-rss 1790891233,1521152000,237137920,7867488,1770684416,1828024320
findling-rss 1790891235,1520566272,237137920,7867880,1770332160,1828024320
findling-rss 1790891237,1521332224,237137920,7870840,1771245568,1828024320
findling-rss 1790891239,1467539456,237137920,7873520,1717202944,1828024320
findling-rss 1790891241,1467944960,237137920,7871000,1717624832,1828024320
findling-rss 1790891243,1467707392,237137920,7870704,1717104640,1828024320
findling-rss 1790891245,1474781184,237137920,7872064,1724424192,1828024320
findling-rss 1790891247,1515999232,237137920,7872160,1765515264,1828024320
findling-rss 1790891249,1517215744,237137920,7872056,1766612992,1828024320
findling-rss 1790891251,1522376704,237137920,7872760,1772249088,1828024320
findling-rss 1790891253,1427189760,237137920,7766816,1676386304,1828024320
findling-rss 1790891255,1523089408,237137920,7871296,1772834816,1828024320
findling-rss 1790891257,1417723904,233644032,7792016,1660792832,1828024320
findling-rss 1790891259,1508225024,233644032,7794696,1754099712,1828024320
findling-rss 1790891261,1360728064,233291776,7671448,1605832704,1828024320
findling-rss 1790891263,1490612224,233648128,7793080,1736646656,1828024320
findling-rss 1790891265,1493688320,233648128,7793256,1739829248,1828024320
findling-rss 1790891267,1508179968,233676800,7813928,1754349568,1828024320
findling-rss 1790891269,1509822464,233676800,7814608,1756106752,1828024320
findling-rss 1790891271,1492176896,233701376,7809864,1736957952,1828024320
findling-rss 1790891273,1508151296,233701376,7810160,1754505216,1828024320
findling-rss 1790891275,1488617472,233701376,7829480,1734885376,1828024320
findling-rss 1790891277,1508188160,233701376,7830536,1754386432,1828024320
findling-rss 1790891279,1479917568,233730048,7825688,1718194176,1828024320
findling-rss 1790891281,1508061184,233730048,7829224,1754464256,1828024320
findling-rss 1790891283,1488642048,236519424,7924480,1737715712,1828024320
findling-rss 1790891285,1508839424,236519424,7922952,1758150656,1828024320
findling-rss 1790891287,1498423296,236519424,7923080,1747316736,1828024320
findling-rss 1790891289,1522851840,236519424,7923760,1772183552,1828024320
findling-rss 1790891291,1498763264,236519424,7920256,1747714048,1828024320
findling-rss 1790891293,1519308800,236519424,7921600,1768280064,1828024320
findling-rss 1790891295,1515315200,236519424,7919208,1763815424,1828024320
findling-rss 1790891297,1518321664,236519424,7919208,1767735296,1828024320
findling-rss 1790891299,1519767552,236519424,7919456,1768820736,1828024320
findling-rss 1790891301,1520496640,236519424,7920136,1769558016,1828024320
findling-rss 1790891303,1521229824,236519424,7922000,1770303488,1828024320
findling-rss 1790891305,1522176000,236519424,7919456,1771261952,1828024320
findling-rss 1790891307,1522192384,236519424,7922984,1771450368,1828024320
findling-rss 1790891309,1522192384,236519424,7922984,1771544576,1828024320
findling-rss 1790891311,1523339264,236519424,7919208,1772384256,1828024320
findling-rss 1790891313,1524711424,236519424,7920568,1773813760,1828024320
findling-rss 1790891315,1468239872,236519424,7919192,1717223424,1828024320
findling-rss 1790891317,1372598272,233394176,7724504,1617858560,1828024320
findling-rss 1790891319,1508409344,233783296,7844448,1754562560,1828024320
findling-rss 1790891321,1509249024,233783296,7846016,1755521024,1828024320
findling-rss 1790891323,1508503552,233783296,7862296,1754767360,1828024320
findling-rss 1790891325,1516523520,233783296,7863344,1761210368,1828024320
findling-rss 1790891327,1441329152,233803776,7859112,1687515136,1828024320
findling-rss 1790891329,1508413440,233803776,7860256,1754816512,1828024320
findling-rss 1790891331,1451794432,233811968,7878520,1698029568,1828024320
findling-rss 1790891333,1510256640,233811968,7879112,1756626944,1828024320
findling-rss 1790891335,1415663616,233455616,7758720,1661128704,1828024320
findling-rss 1790891337,1508892672,233865216,7879704,1755181056,1828024320
findling-rss 1790891339,1509605376,233865216,7879032,1755971584,1828024320
findling-rss 1790891341,1509355520,233857024,7898368,1755594752,1828024320
findling-rss 1790891343,1509355520,233857024,7898544,1755807744,1828024320
findling-rss 1790891345,1508093952,233709568,7776856,1754238976,1828024320
findling-rss 1790891347,1511555072,233709568,7778880,1757745152,1828024320
findling-rss 1790891349,1498836992,233705472,7796520,1743839232,1828024320
findling-rss 1790891351,1507852288,233705472,7797608,1754226688,1828024320
findling-rss 1790891353,1454542848,233734144,7794448,1700700160,1828024320
findling-rss 1790891355,1511403520,233734144,7796408,1757786112,1828024320
findling-rss 1790891357,1488723968,233730048,7814144,1734860800,1828024320
findling-rss 1790891359,1508425728,233730048,7814320,1754529792,1828024320
findling-rss 1790891361,1412902912,233775104,7704136,1658634240,1828024320
findling-rss 1790891363,1508925440,233775104,7813064,1755144192,1828024320
findling-rss 1790891365,1412902912,233771008,7723752,1658675200,1828024320
findling-rss 1790891367,1509232640,233771008,7830912,1755627520,1828024320
findling-rss 1790891369,1418031104,233414656,7712144,1663619072,1828024320
findling-rss 1790891371,1508036608,233832448,7831480,1754349568,1828024320
findling-rss 1790891373,1508282368,233832448,7832576,1754648576,1828024320
findling-rss 1790891375,1509195776,233824256,7849728,1755488256,1828024320
findling-rss 1790891377,1512665088,233824256,7848680,1759182848,1828024320
findling-rss 1790891379,1488723968,233852928,7846912,1735094272,1828024320
findling-rss 1790891381,1507774464,233852928,7847592,1753845760,1828024320
findling-rss 1790891383,1507397632,233857024,7863032,1753755648,1828024320
findling-rss 1790891385,1512931328,233857024,7864824,1759326208,1828024320
findling-rss 1790891387,1451765760,233885696,7863744,1697566720,1828024320
findling-rss 1790891389,1509146624,233885696,7864480,1755271168,1828024320
findling-rss 1790891391,1458073600,233881600,7880712,1701093376,1828024320
findling-rss 1790891393,1508466688,233881600,7884352,1754947584,1828024320
findling-rss 1790891395,1360850944,233562112,7753912,1606156288,1828024320
findling-rss 1790891397,1512005632,234266624,7892416,1759023104,1828024320
findling-rss 1790891399,1413058560,234266624,7783776,1659170816,1828024320
findling-rss 1790891401,1518256128,234266624,7890416,1765150720,1828024320
findling-rss 1790891403,1412923392,233910272,7792808,1658888192,1828024320
findling-rss 1790891405,1508909056,233910272,7900104,1755590656,1828024320
findling-rss 1790891407,1378357248,233562112,7780496,1623867392,1828024320
findling-rss 1790891409,1526341632,233758720,7783056,1772605440,1828024320
findling-rss 1790891411,1526341632,233758720,7784920,1772646400,1828024320
findling-rss 1790891413,1527037952,233762816,7801240,1772912640,1828024320
findling-rss 1790891415,1527037952,233762816,7803760,1773580288,1828024320
findling-rss 1790891417,1506271232,233787392,7801560,1752645632,1828024320
findling-rss 1790891419,1527005184,233787392,7802488,1773080576,1828024320
findling-rss 1790891421,1522020352,233787392,7819264,1768132608,1828024320
findling-rss 1790891423,1532686336,233787392,7819656,1779052544,1828024320
findling-rss 1790891426,1430441984,233811968,7706712,1676410880,1828024320
findling-rss 1790891428,1529442304,233811968,7823712,1775570944,1828024320
findling-rss 1790891430,1430441984,233816064,7732320,1676431360,1828024320
findling-rss 1790891432,1526255616,233816064,7836408,1772666880,1828024320
findling-rss 1790891434,1378377728,233463808,7717752,1623851008,1828024320
findling-rss 1790891436,1526169600,233844736,7833664,1772318720,1828024320
findling-rss 1790891438,1526169600,233844736,7834848,1772556288,1828024320
findling-rss 1790891440,1526296576,233840640,7853800,1772630016,1828024320
findling-rss 1790891442,1526296576,233840640,7852168,1772683264,1828024320
findling-rss 1790891444,1525764096,233869312,7850896,1772126208,1828024320
findling-rss 1790891446,1526845440,233869312,7851576,1773207552,1828024320
findling-rss 1790891448,1525473280,235290624,7910672,1773408256,1828024320
findling-rss 1790891450,1525473280,235290624,7910352,1773199360,1828024320
findling-rss 1790891452,1536733184,235290624,7906768,1784709120,1828024320
findling-rss 1790891454,1536733184,235290624,7906664,1784700928,1828024320
findling-rss 1790891456,1536802816,235290624,7905824,1784926208,1828024320
findling-rss 1790891458,1537536000,235290624,7907552,1785356288,1828024320
findling-rss 1790891460,1538670592,235290624,7911072,1786650624,1828024320
findling-rss 1790891462,1442353152,235290624,7803432,1689772032,1828024320
findling-rss 1790891464,1538494464,235290624,7906608,1786265600,1828024320
findling-rss 1790891466,1434206208,233521152,7746920,1679933440,1828024320
findling-rss 1790891468,1526874112,233914368,7870416,1773445120,1828024320
findling-rss 1790891470,1531871232,233914368,7871368,1778302976,1828024320
findling-rss 1790891472,1508433920,233914368,7890616,1754955776,1828024320
findling-rss 1790891474,1509257216,233914368,7887792,1755435008,1828024320
findling-rss 1790891476,1506365440,233938944,7885744,1752825856,1828024320
findling-rss 1790891478,1528512512,233938944,7886992,1774907392,1828024320
findling-rss 1790891480,1506365440,233938944,7903680,1752850432,1828024320
findling-rss 1790891482,1526476800,233938944,7905656,1772916736,1828024320
findling-rss 1790891484,1404051456,233799680,7703184,1642885120,1828024320
findling-rss 1790891486,1526427648,233799680,7789320,1772748800,1828024320
findling-rss 1790891488,1430560768,233795584,7699464,1676374016,1828024320
findling-rss 1790891490,1526755328,233795584,7808080,1773084672,1828024320
findling-rss 1790891492,1435066368,233443328,7688240,1680588800,1828024320
findling-rss 1790891494,1526120448,233828352,7805896,1772527616,1828024320
findling-rss 1790891496,1532768256,233828352,7806032,1778999296,1828024320
findling-rss 1790891498,1526411264,233832448,7825032,1772474368,1828024320
findling-rss 1790891500,1526816768,233832448,7825440,1773236224,1828024320
findling-rss 1790891502,1506398208,233852928,7822768,1752739840,1828024320
findling-rss 1790891504,1525542912,233852928,7821816,1771868160,1828024320
findling-rss 1790891506,1506385920,233848832,7841920,1752653824,1828024320
findling-rss 1790891508,1527492608,233848832,7842200,1773981696,1828024320
findling-rss 1790891510,1324638208,233529344,7717768,1569718272,1828024320
findling-rss 1790891512,1472122880,233877504,7840128,1718382592,1828024320
findling-rss 1790891514,1476108288,233877504,7839864,1722331136,1828024320
findling-rss 1790891516,1472602112,233881600,7858864,1718992896,1828024320
findling-rss 1790891518,1324638208,233529344,7739552,1569898496,1828024320
findling-rss 1790891520,1472270336,233910272,7857728,1718472704,1828024320
findling-rss 1790891522,1472835584,233910272,7858232,1719160832,1828024320
findling-rss 1790891524,1472397312,233918464,7877704,1718706176,1828024320
findling-rss 1790891526,1472843776,233918464,7875664,1719021568,1828024320
findling-rss 1790891528,1452552192,233943040,7874664,1698938880,1828024320
findling-rss 1790891530,1472368640,233943040,7877048,1718992896,1828024320
findling-rss 1790891532,1454407680,233943040,7891624,1699852288,1828024320
findling-rss 1790891534,1472094208,233943040,7891968,1718325248,1828024320
findling-rss 1790891536,1376747520,233963520,7783168,1622585344,1828024320
findling-rss 1790891538,1479602176,233963520,7894240,1725804544,1828024320
findling-rss 1790891540,1327833088,237809664,7913992,1577996288,1828024320
findling-rss 1790891542,1475825664,239558656,8066536,1727983616,1828024320
findling-rss 1790891544,1389674496,239558656,7958016,1641607168,1828024320
findling-rss 1790891546,1485381632,239558656,8070176,1737601024,1828024320
findling-rss 1790891548,1418514432,239558656,8067672,1670606848,1828024320
findling-rss 1790891550,1486618624,239558656,8071360,1739071488,1828024320
findling-rss 1790891552,1441406976,239558656,8064104,1686880256,1828024320
findling-rss 1790891554,1486934016,239558656,8065880,1739374592,1828024320
findling-rss 1790891556,1467654144,239558656,8064816,1719832576,1828024320
findling-rss 1790891558,1488273408,239558656,8064952,1740558336,1828024320
findling-rss 1790891560,1486557184,239558656,8065064,1738547200,1828024320
findling-rss 1790891562,1488723968,239558656,8066424,1741049856,1828024320
findling-rss 1790891564,1487585280,239558656,8067152,1740136448,1828024320
findling-rss 1790891566,1488048128,239558656,8066128,1740042240,1828024320
findling-rss 1790891568,1487851520,239558656,8066256,1740230656,1828024320
findling-rss 1790891570,1488281600,239558656,8064768,1740529664,1828024320
findling-rss 1790891572,1488715776,239558656,8066368,1741082624,1828024320
findling-rss 1790891574,1488715776,239558656,8065584,1740926976,1828024320
findling-rss 1790891576,1489465344,239558656,8066128,1741594624,1828024320
findling-rss 1790891578,1394274304,239558656,7957200,1645883392,1828024320
findling-rss 1790891580,1490165760,239558656,8063056,1742188544,1828024320
findling-rss 1790891582,1405501440,239558656,8061440,1657348096,1828024320
findling-rss 1790891584,1490038784,239558656,8097816,1742077952,1828024320
findling-rss 1790891586,1408196608,239558656,8060176,1660059648,1828024320
findling-rss 1790891588,1437581312,239558656,8062064,1689690112,1828024320
findling-rss 1790891590,1416912896,239558656,8058056,1669001216,1828024320
findling-rss 1790891592,1437175808,239558656,8061336,1689165824,1828024320
findling-rss 1790891594,1461325824,239558656,8063552,1713614848,1828024320
findling-rss 1790891596,1487941632,239558656,8059760,1740066816,1828024320
findling-rss 1790891598,1471098880,239558656,8059416,1723297792,1828024320
findling-rss 1790891600,1491476480,239558656,8059240,1743908864,1828024320
findling-rss 1790891602,1492140032,239558656,8061920,1744379904,1828024320
findling-rss 1790891604,1493327872,239558656,8059760,1745612800,1828024320
findling-rss 1790891606,1446723584,233852928,7793784,1692815360,1828024320
findling-rss 1790891608,1500958720,233852928,7796008,1747116032,1828024320
findling-rss 1790891610,1481068544,233861120,7812024,1727397888,1828024320
findling-rss 1790891612,1501347840,233861120,7814320,1747599360,1828024320
findling-rss 1790891614,1353220096,233537536,7689928,1598586880,1828024320
findling-rss 1790891616,1563340800,233676800,7807912,1809776640,1828024320
findling-rss 1790891618,1563340800,233676800,7805360,1809502208,1828024320
findling-rss 1790891620,1501470720,233893888,7843600,1747890176,1828024320
findling-rss 1790891622,1410203648,233537536,7710736,1655803904,1828024320
findling-rss 1790891624,1498288128,233914368,7828304,1744633856,1828024320
findling-rss 1790891626,1500520448,233914368,7831128,1746874368,1828024320
findling-rss 1790891628,1500475392,233914368,7848400,1747005440,1828024320
findling-rss 1790891630,1503744000,233914368,7847760,1750319104,1828024320
findling-rss 1790891632,1446887424,233947136,7845528,1693257728,1828024320
findling-rss 1790891634,1500827648,233947136,7848712,1747476480,1828024320
findling-rss 1790891636,1455005696,237084672,7951136,1704595456,1828024320
findling-rss 1790891638,1501372416,237084672,7950696,1751203840,1828024320
findling-rss 1790891640,1490907136,237084672,7948968,1740632064,1828024320
findling-rss 1790891642,1512222720,237084672,7950896,1761964032,1828024320
findling-rss 1790891644,1491267584,237084672,7950656,1740947456,1828024320
findling-rss 1790891646,1511194624,237084672,7951032,1760833536,1828024320
findling-rss 1790891648,1506697216,237084672,7952096,1756184576,1828024320
findling-rss 1790891650,1511219200,237084672,7951280,1760825344,1828024320
findling-rss 1790891652,1512128512,237084672,7952256,1761882112,1828024320
findling-rss 1790891654,1512677376,237084672,7950352,1762103296,1828024320
findling-rss 1790891656,1520611328,237084672,7950872,1770213376,1828024320
findling-rss 1790891659,1522143232,237084672,7950736,1771700224,1828024320
findling-rss 1790891661,1514082304,237084672,7952600,1763721216,1828024320
findling-rss 1790891663,1514123264,237084672,7950736,1763913728,1828024320
findling-rss 1790891665,1514737664,237084672,7950896,1764253696,1828024320
findling-rss 1790891667,1514737664,237084672,7954944,1764438016,1828024320
findling-rss 1790891669,1460547584,237084672,7954944,1710010368,1828024320
findling-rss 1790891671,1413885952,237084672,7849432,1662152704,1828024320
findling-rss 1790891673,1460748288,237084672,7948048,1710460928,1828024320
findling-rss 1790891675,1418543104,233611264,7744640,1664229376,1828024320
findling-rss 1790891677,1501011968,233996288,7866488,1747423232,1828024320
findling-rss 1790891679,1501458432,233996288,7865848,1748111360,1828024320
findling-rss 1790891681,1506885632,233992192,7882992,1753391104,1828024320
findling-rss 1790891683,1508007936,233992192,7884352,1754488832,1828024320
findling-rss 1790891685,1396494336,234037248,7767400,1641611264,1828024320
findling-rss 1790891687,1501560832,234037248,7883032,1748312064,1828024320
findling-rss 1790891689,1405308928,234033152,7793536,1651437568,1828024320
findling-rss 1790891691,1501048832,234033152,7901400,1747820544,1828024320
findling-rss 1790891693,1408765952,233672704,7780864,1654382592,1828024320
findling-rss 1790891695,1500196864,234049536,7900040,1746628608,1828024320
findling-rss 1790891697,1500614656,234049536,7899496,1747300352,1828024320
findling-rss 1790891699,1501298688,234061824,7918200,1748140032,1828024320
findling-rss 1790891701,1501347840,234061824,7918064,1748131840,1828024320
findling-rss 1790891703,1484173312,233910272,7800696,1730400256,1828024320
findling-rss 1790891705,1503645696,233910272,7799200,1750048768,1828024320
findling-rss 1790891707,1503354880,233914368,7817968,1749798912,1828024320
findling-rss 1790891709,1504546816,233914368,7818648,1751093248,1828024320
findling-rss 1790891711,1451065344,233938944,7817464,1696198656,1828024320
findling-rss 1790891713,1504583680,233938944,7819128,1751007232,1828024320
findling-rss 1790891715,1466761216,233938944,7832656,1709801472,1828024320
findling-rss 1790891717,1503899648,233938944,7835728,1750437888,1828024320
findling-rss 1790891719,1356296192,233619456,7709728,1601642496,1828024320
findling-rss 1790891721,1504641024,233967616,7834632,1751089152,1828024320
findling-rss 1790891723,1356296192,233619456,7735792,1601757184,1828024320
findling-rss 1790891725,1508102144,233967616,7853952,1754427392,1828024320
findling-rss 1790891727,1406173184,233619456,7734432,1651814400,1828024320
findling-rss 1790891729,1504497664,234000384,7851568,1750986752,1828024320
findling-rss 1790891731,1504735232,234000384,7851024,1751236608,1828024320
findling-rss 1790891733,1566044160,233791488,7865016,1812582400,1828024320
findling-rss 1790891735,1566052352,233791488,7865152,1812316160,1828024320
findling-rss 1790891737,1475485696,234024960,7866256,1721982976,1828024320
findling-rss 1790891739,1503727616,234024960,7870592,1750294528,1828024320
findling-rss 1790891741,1484206080,234029056,7888328,1730904064,1828024320
findling-rss 1790891743,1504497664,234029056,7887000,1751052288,1828024320
findling-rss 1790891745,1380519936,234049536,7777672,1620680704,1828024320
findling-rss 1790891747,1509588992,234049536,7885400,1756000256,1828024320
findling-rss 1790891749,1413509120,234049536,7795224,1659453440,1828024320
findling-rss 1790891751,1509273600,234049536,7904952,1755791360,1828024320
findling-rss 1790891753,1418842112,233705472,7784360,1664618496,1828024320
findling-rss 1790891755,1509601280,234127360,7903952,1756385280,1828024320
findling-rss 1790891757,1514422272,234127360,7905312,1760972800,1828024320
findling-rss 1790891759,1508999168,234131456,7923112,1755537408,1828024320
findling-rss 1790891761,1510367232,234131456,7923616,1757265920,1828024320
findling-rss 1790891763,1489354752,233984000,7804960,1735483392,1828024320
findling-rss 1790891765,1510219776,233984000,7839536,1757769728,1828024320
findling-rss 1790891767,1505316864,233996288,7822184,1751584768,1828024320
findling-rss 1790891769,1509339136,233996288,7825024,1755541504,1828024320
findling-rss 1790891771,1424793600,234012672,7820080,1671016448,1828024320
findling-rss 1790891773,1509490688,234012672,7822760,1756094464,1828024320
findling-rss 1790891775,1451196416,234020864,7838824,1697320960,1828024320
findling-rss 1790891777,1508810752,234020864,7841832,1755541504,1828024320
findling-rss 1790891779,1433763840,233664512,7721064,1679536128,1828024320
findling-rss 1790891781,1523085312,234049536,7839832,1769369600,1828024320
findling-rss 1790891783,1524989952,234049536,7852024,1771507712,1828024320
findling-rss 1790891785,1524662272,234045440,7857928,1771319296,1828024320
findling-rss 1790891787,1524662272,234045440,7861432,1771503616,1828024320
findling-rss 1790891789,1506406400,235241472,7894808,1754337280,1828024320
findling-rss 1790891791,1511747584,235241472,7891816,1759404032,1828024320
findling-rss 1790891793,1504038912,234070016,7877024,1750417408,1828024320
findling-rss 1790891795,1529516032,234070016,7875120,1776316416,1828024320
findling-rss 1790891797,1428230144,234102784,7765480,1674514432,1828024320
findling-rss 1790891799,1524191232,234102784,7874136,1770799104,1828024320
findling-rss 1790891801,1430040576,234102784,7886520,1676107776,1828024320
findling-rss 1790891803,1524916224,234102784,7891192,1771618304,1828024320
findling-rss 1790891805,1376174080,233779200,7762616,1621962752,1828024320
findling-rss 1790891807,1523785728,234135552,7889736,1770348544,1828024320
findling-rss 1790891809,1523785728,234135552,7890416,1770573824,1828024320
findling-rss 1790891811,1524219904,234123264,7908992,1770868736,1828024320
findling-rss 1790891813,1431494656,233779200,7789584,1677430784,1828024320
findling-rss 1790891815,1523232768,234160128,7907784,1769930752,1828024320
findling-rss 1790891817,1530171392,234160128,7910344,1776775168,1828024320
findling-rss 1790891819,1523736576,234160128,7928808,1770311680,1828024320
findling-rss 1790891821,1524486144,234160128,7927784,1771073536,1828024320
findling-rss 1790891823,1463205888,234041344,7808256,1706577920,1828024320
findling-rss 1790891825,1506635776,234041344,7810184,1753206784,1828024320
findling-rss 1790891827,1504088064,234024960,7828120,1750368256,1828024320
findling-rss 1790891829,1524350976,234024960,7829064,1770864640,1828024320
findling-rss 1790891831,1376178176,233701376,7701200,1622020096,1828024320
findling-rss 1790891833,1527361536,234057728,7827712,1774157824,1828024320
findling-rss 1790891835,1528365056,234057728,7829680,1774907392,1828024320
findling-rss 1790891837,1524293632,234057728,7848312,1771012096,1828024320
findling-rss 1790891839,1376178176,233701376,7728616,1621815296,1828024320
findling-rss 1790891841,1524678656,234086400,7848224,1771282432,1828024320
findling-rss 1790891843,1526910976,234086400,7849424,1773596672,1828024320
findling-rss 1790891845,1523314688,234086400,7865976,1770041344,1828024320
findling-rss 1790891847,1529393152,234086400,7865800,1776140288,1828024320
findling-rss 1790891849,1467703296,234110976,7862680,1714188288,1828024320
findling-rss 1790891851,1530998784,234110976,7865816,1777516544,1828024320
findling-rss 1790891853,1450725376,234119168,7883840,1697128448,1828024320
findling-rss 1790891855,1509326848,234119168,7883888,1756061696,1828024320
findling-rss 1790891857,1421500416,233758720,7762944,1667428352,1828024320
findling-rss 1790891859,1535442944,234139648,7881392,1782140928,1828024320
findling-rss 1790891861,1538371584,234139648,7881256,1785167872,1828024320
findling-rss 1790891863,1534185472,234143744,7900960,1780903936,1828024320
findling-rss 1790891865,1537933312,234143744,7899872,1784606720,1828024320
findling-rss 1790891867,1514786816,234168320,7898488,1761607680,1828024320
findling-rss 1790891869,1538408448,234168320,7899128,1785352192,1828024320
findling-rss 1790891871,1514778624,234160128,7917744,1761488896,1828024320
findling-rss 1790891873,1534377984,234160128,7917200,1781182464,1828024320
findling-rss 1790891875,1438973952,234196992,7807512,1685422080,1828024320
findling-rss 1790891877,1534554112,234196992,7915768,1781284864,1828024320
findling-rss 1790891879,1438973952,235253760,7856680,1686519808,1828024320
findling-rss 1790891881,1535197184,235253760,7966824,1783345152,1828024320
findling-rss 1790891883,1486831616,235253760,7960440,1734410240,1828024320
findling-rss 1790891885,1545248768,235253760,7962216,1793249280,1828024320
findling-rss 1790891887,1524908032,235253760,7963392,1772638208,1828024320
findling-rss 1790891890,1544507392,235253760,7963528,1792401408,1828024320
findling-rss 1790891892,1473220608,235253760,7963824,1721192448,1828024320
findling-rss 1790891894,1493610496,235253760,7961784,1741402112,1828024320
findling-rss 1790891896,1397436416,235008000,7811080,1644519424,1828024320
findling-rss 1790891898,1535664128,234074112,7814864,1782116352,1828024320
findling-rss 1790891900,1393414144,235253760,7759776,1639432192,1828024320
findling-rss 1790891902,1518002176,235253760,7867424,1765842944,1828024320
findling-rss 1790891904,1479188480,233717760,7714824,1724923904,1828024320
findling-rss 1790891906,1595678720,233885696,7828768,1842212864,1842212864
findling-rss 1790891908,1596928000,233885696,7829616,1843572736,1844994048
findling-rss 1790891910,1534459904,234094592,7858296,1780768768,1844994048
findling-rss 1790891912,1535840256,234094592,7855568,1782349824,1844994048
findling-rss 1790891914,1514876928,234131456,7848144,1752870912,1844994048
findling-rss 1790891916,1534353408,234131456,7849848,1781129216,1844994048
findling-rss 1790891918,1514885120,234131456,7867512,1761710080,1844994048
findling-rss 1790891920,1541607424,234131456,7868760,1788485632,1844994048
findling-rss 1790891922,1386975232,233803776,7739864,1632993280,1844994048
findling-rss 1790891924,1535389696,234160128,7867624,1782140928,1844994048
findling-rss 1790891926,1412902912,234164224,7777560,1652834304,1844994048
findling-rss 1790891928,1535594496,234164224,7886104,1782198272,1844994048
findling-rss 1790891930,1444388864,233803776,7764480,1690218496,1844994048
findling-rss 1790891932,1534140416,234184704,7883136,1780961280,1844994048
findling-rss 1790891934,1536344064,234184704,7883816,1782894592,1844994048
findling-rss 1790891936,1534320640,235589632,7940440,1782489088,1844994048
findling-rss 1790891938,1534857216,235589632,7940984,1783005184,1844994048
findling-rss 1790891940,1544716288,235589632,7939624,1792851968,1844994048
findling-rss 1790891942,1544716288,235589632,7941488,1793114112,1844994048
findling-rss 1790891944,1544724480,235589632,7940736,1792925696,1844994048
findling-rss 1790891946,1544724480,235589632,7941680,1792880640,1844994048
findling-rss 1790891948,1543979008,235589632,7940304,1792249856,1844994048
findling-rss 1790891950,1449336832,235589632,7835440,1696980992,1844994048
findling-rss 1790891952,1546178560,235589632,7940984,1794502656,1844994048
findling-rss 1790891954,1388064768,233832448,7785240,1633697792,1844994048
findling-rss 1790891956,1534316544,234225664,7903064,1780936704,1844994048
findling-rss 1790891958,1535102976,234225664,7903704,1781932032,1844994048
findling-rss 1790891960,1534042112,235286528,7949648,1781915648,1844994048
findling-rss 1790891962,1534431232,235286528,7949648,1782362112,1844994048
findling-rss 1790891964,1544335360,235286528,7948448,1792454656,1844994048
findling-rss 1790891966,1544335360,235286528,7950312,1792217088,1844994048
findling-rss 1790891968,1544589312,235286528,7950312,1792610304,1844994048
findling-rss 1790891970,1545367552,235286528,7948448,1793409024,1844994048
findling-rss 1790891972,1545465856,235286528,7950568,1793363968,1844994048
findling-rss 1790891974,1445335040,233869312,7801168,1691222016,1844994048
findling-rss 1790891976,1524252672,234254336,7922256,1770127360,1844994048
findling-rss 1790891978,1535025152,234254336,7921912,1781907456,1844994048
findling-rss 1790891980,1534447616,234262528,7940096,1781145600,1844994048
findling-rss 1790891982,1535340544,234262528,7939416,1782218752,1844994048
findling-rss 1790891984,1467215872,234110976,7818280,1713770496,1844994048
findling-rss 1790891986,1536806912,234110976,7819056,1783447552,1844994048
findling-rss 1790891988,1467179008,234115072,7835760,1713741824,1844994048
findling-rss 1790891990,1537585152,234115072,7838216,1784238080,1844994048
findling-rss 1790891992,1443360768,233758720,7717792,1689145344,1844994048
findling-rss 1790891994,1534349312,234135552,7836312,1781047296,1844994048
findling-rss 1790891996,1534349312,234135552,7836176,1781047296,1844994048
findling-rss 1790891998,1535057920,234139648,7855088,1781870592,1844994048
findling-rss 1790892000,1440411648,233787392,7734480,1670561792,1844994048
findling-rss 1790892002,1535053824,234176512,7854968,1781641216,1844994048
findling-rss 1790892004,1536593920,234176512,7854560,1783402496,1844994048
findling-rss 1790892006,1534271488,234168320,7872424,1781035008,1844994048
findling-rss 1790892008,1535242240,234168320,7871616,1782038528,1844994048
findling-rss 1790892010,1515143168,234196992,7870728,1761771520,1844994048
findling-rss 1790892012,1535700992,234196992,7872328,1782448128,1844994048
findling-rss 1790892014,1515139072,234196992,7889256,1761710080,1844994048
findling-rss 1790892016,1535574016,234196992,7888712,1782452224,1844994048
findling-rss 1790892018,1439297536,234225664,7779848,1685532672,1844994048
findling-rss 1790892020,1534660608,234225664,7888248,1781268480,1844994048
findling-rss 1790892022,1466163200,234221568,7903784,1711890432,1844994048
findling-rss 1790892024,1535672320,234221568,7907184,1782534144,1844994048
findling-rss 1790892026,1387229184,233902080,7776984,1633001472,1844994048
findling-rss 1790892028,1534799872,234254336,7909512,1781817344,1844994048
findling-rss 1790892030,1536561152,234254336,7909336,1783451648,1844994048
findling-rss 1790892032,1535172608,234254336,7924536,1781821440,1844994048
findling-rss 1790892034,1429397504,233902080,7802592,1675419648,1844994048
findling-rss 1790892036,1535012864,234287104,7921632,1781915648,1844994048
findling-rss 1790892038,1535496192,234287104,7921360,1782267904,1844994048
findling-rss 1790892040,1534758912,234283008,7940000,1781702656,1844994048
findling-rss 1790892042,1534763008,234283008,7941360,1781506048,1844994048
findling-rss 1790892044,1515143168,234151936,7826832,1761755136,1844994048
findling-rss 1790892046,1534791680,234151936,7822960,1781358592,1844994048
findling-rss 1790892048,1515151360,234156032,7842000,1761746944,1844994048
findling-rss 1790892050,1539215360,234156032,7842096,1785667584,1844994048
findling-rss 1790892052,1387245568,233828352,7714960,1632739328,1844994048
findling-rss 1790892054,1534345216,234184704,7841536,1780850688,1844994048
findling-rss 1790892056,1538748416,234184704,7842216,1785507840,1844994048
findling-rss 1790892058,1534869504,234184704,7861120,1781657600,1844994048
findling-rss 1790892060,1387249664,233828352,7742096,1633054720,1844994048
findling-rss 1790892062,1535225856,234213376,7859712,1781997568,1844994048
findling-rss 1790892064,1540325376,234213376,7861048,1787166720,1844994048
findling-rss 1790892066,1535369216,234209280,7878888,1782222848,1844994048
findling-rss 1790892068,1535369216,234209280,7877568,1781907456,1844994048
findling-rss 1790892070,1354366976,234225664,7721528,1600073728,1844994048
findling-rss 1790892072,1499631616,234225664,7920688,1746534400,1844994048
findling-rss 1790892074,1499635712,234225664,7924576,1746567168,1844994048
findling-rss 1790892076,1533837312,234930176,7959888,1781493760,1844994048
findling-rss 1790892078,1537085440,234930176,7959072,1784606720,1844994048
findling-rss 1790892080,1543569408,234930176,7957888,1791393792,1844994048
findling-rss 1790892082,1544253440,234930176,7959248,1792090112,1844994048
findling-rss 1790892084,1549598720,234930176,7958968,1797038080,1844994048
findling-rss 1790892086,1442295808,233885696,7820440,1688301568,1844994048
findling-rss 1790892088,1534857216,234307584,7940992,1781817344,1844994048
findling-rss 1790892090,1537835008,234307584,7939944,1784614912,1844994048
findling-rss 1790892092,1534906368,234307584,7958336,1781968896,1844994048
findling-rss 1790892094,1540206592,234307584,7959696,1787371520,1844994048
findling-rss 1790892096,1471778816,235515904,7986600,1719992320,1844994048
findling-rss 1790892098,1521340416,235515904,7989800,1769537536,1844994048
findling-rss 1790892100,1447460864,234332160,7974112,1694068736,1844994048
findling-rss 1790892102,1535348736,234332160,7977296,1782464512,1844994048
findling-rss 1790892104,1386692608,233979904,7854624,1632706560,1844994048
findling-rss 1790892106,1534201856,234360832,7973872,1781194752,1844994048
findling-rss 1790892108,1534201856,234360832,7974728,1781178368,1844994048
findling-rss 1790892110,1533935616,234360832,7992960,1781202944,1844994048
findling-rss 1790892112,1386692608,234008576,7885776,1639321600,1844994048
findling-rss 1790892114,1533325312,234221568,7876288,1780232192,1844994048
findling-rss 1790892116,1534496768,234221568,7877104,1781469184,1844994048
findling-rss 1790892118,1533521920,234217472,7894792,1780363264,1844994048
findling-rss 1790892120,1534050304,234217472,7894384,1780781056,1844994048
findling-rss 1790892122,1514586112,234250240,7894336,1761292288,1844994048
findling-rss 1790892125,1534689280,234250240,7894072,1781399552,1844994048
findling-rss 1790892127,1514602496,234250240,7913080,1761456128,1844994048
findling-rss 1790892129,1534574592,234250240,7922608,1781596160,1844994048
findling-rss 1790892131,1438773248,234278912,7801936,1685106688,1844994048
findling-rss 1790892133,1537347584,234278912,7911544,1784328192,1844994048
findling-rss 1790892135,1438789632,234278912,7844608,1685098496,1844994048
findling-rss 1790892137,1534865408,234278912,7931784,1781587968,1844994048
findling-rss 1790892139,1444319232,233926656,7810952,1690447872,1844994048
findling-rss 1790892141,1535201280,234307584,7930672,1782050816,1844994048
findling-rss 1790892143,1535385600,234307584,7929992,1782284288,1844994048
findling-rss 1790892145,1534414848,234315776,7950736,1781280768,1844994048
findling-rss 1790892147,1538445312,234315776,7949104,1785372672,1844994048
findling-rss 1790892149,1514618880,234336256,7948912,1761579008,1844994048
findling-rss 1790892151,1535193088,234336256,7952064,1782296576,1844994048
findling-rss 1790892153,1514618880,234336256,7964296,1761492992,1844994048
findling-rss 1790892155,1542266880,234336256,7965456,1789145088,1844994048
findling-rss 1790892157,1438785536,234369024,7855752,1685049344,1844994048
findling-rss 1790892159,1535197184,234369024,7965864,1781960704,1844994048
findling-rss 1790892161,1438789632,234377216,7875296,1685262336,1844994048
findling-rss 1790892163,1534136320,234377216,7982600,1781235712,1844994048
findling-rss 1790892165,1443295232,234012672,7861968,1689329664,1844994048
findling-rss 1790892167,1534390272,234389504,7981408,1781579776,1844994048
findling-rss 1790892169,1535029248,234389504,7982224,1781903360,1844994048
findling-rss 1790892171,1534390272,234401792,8000440,1781465088,1844994048
findling-rss 1790892173,1534885888,234401792,7999352,1782104064,1844994048
findling-rss 1790892175,1514618880,234233856,7883120,1761509376,1844994048
findling-rss 1790892177,1535688704,234233856,7884208,1782247424,1844994048
findling-rss 1790892179,1514651648,234242048,7901304,1761632256,1844994048
findling-rss 1790892181,1534271488,234242048,7902664,1781174272,1844994048
findling-rss 1790892183,1438801920,234258432,7791312,1684951040,1844994048
findling-rss 1790892185,1534980096,234258432,7900920,1781641216,1844994048
findling-rss 1790892187,1447006208,234266624,7917808,1691013120,1844994048
findling-rss 1790892189,1535246336,234266624,7920040,1782333440,1844994048
findling-rss 1790892191,1386737664,233910272,7798728,1632428032,1844994048
findling-rss 1790892193,1534881792,234299392,7917144,1781805056,1844994048
findling-rss 1790892195,1536069632,234299392,7914216,1782878208,1844994048
findling-rss 1790892197,1533345792,234278912,7931888,1780289536,1844994048
findling-rss 1790892199,1533775872,234278912,7933248,1780776960,1844994048
findling-rss 1790892201,1534025728,234323968,7930064,1780850688,1844994048
findling-rss 1790892203,1534312448,234323968,7931448,1781358592,1844994048
findling-rss 1790892205,1534132224,234315776,7951824,1780891648,1844994048
findling-rss 1790892207,1534746624,234315776,7952248,1781886976,1844994048
findling-rss 1790892209,1514639360,234348544,7947184,1761546240,1844994048
findling-rss 1790892211,1535492096,234348544,7949384,1782468608,1844994048
findling-rss 1790892213,1514635264,234340352,7966576,1761484800,1844994048
findling-rss 1790892215,1535315968,234340352,7967936,1782390784,1844994048
findling-rss 1790892217,1449734144,234381312,7964704,1696526336,1844994048
findling-rss 1790892219,1534443520,234381312,7966704,1781231616,1844994048
findling-rss 1790892221,1475985408,234377216,7982344,1722658816,1844994048
findling-rss 1790892223,1535213568,234377216,7984032,1782173696,1844994048
findling-rss 1790892225,1386741760,234024960,7863200,1632673792,1844994048
findling-rss 1790892227,1534500864,234405888,7983696,1781452800,1844994048
findling-rss 1790892229,1536319488,234405888,7982920,1783226368,1844994048
findling-rss 1790892231,1534799872,234401792,8000880,1782120448,1844994048
findling-rss 1790892233,1536409600,234401792,8002504,1783672832,1844994048
findling-rss 1790892235,1533702144,234266624,7883040,1780572160,1844994048
findling-rss 1790892237,1534672896,234266624,7913208,1781649408,1844994048
findling-rss 1790892239,1533628416,234262528,7901704,1780346880,1844994048
findling-rss 1790892241,1541062656,234262528,7901696,1788014592,1844994048
findling-rss 1790892243,1465683968,234303488,7901184,1712402432,1844994048
findling-rss 1790892245,1535414272,234303488,7902368,1782272000,1844994048
findling-rss 1790892247,1479475200,234299392,7919800,1726251008,1844994048
findling-rss 1790892249,1534992384,234299392,7921304,1782001664,1844994048
findling-rss 1790892251,1386754048,233975808,7794336,1632727040,1844994048
findling-rss 1790892253,1534750720,234319872,7919104,1781870592,1844994048
findling-rss 1790892255,1416675328,234328064,7829312,1661968384,1844994048
findling-rss 1790892257,1535012864,234328064,7937968,1782009856,1844994048
findling-rss 1790892259,1386754048,233975808,7817704,1632706560,1844994048
findling-rss 1790892261,1534570496,234352640,7937552,1781731328,1844994048
findling-rss 1790892263,1537036288,234352640,7937112,1784086528,1844994048
findling-rss 1790892265,1518448640,234364928,7982688,1765294080,1844994048
findling-rss 1790892267,1519906816,234364928,7984048,1766760448,1844994048
findling-rss 1790892269,1524748288,234381312,7984648,1770872832,1844994048
findling-rss 1790892271,1535643648,234381312,7983960,1782857728,1844994048
findling-rss 1790892273,1536110592,234389504,8002496,1782067200,1844994048
findling-rss 1790892275,1535741952,234389504,7999304,1782968320,1844994048
findling-rss 1790892277,1468547072,234414080,7996032,1715548160,1844994048
findling-rss 1790892279,1537818624,234414080,7997944,1785131008,1844994048
findling-rss 1790892281,1480593408,234414080,8013040,1727660032,1844994048
findling-rss 1790892283,1536139264,234414080,8016416,1783287808,1844994048
findling-rss 1790892285,1442947072,234061824,7895728,1689251840,1844994048
findling-rss 1790892287,1536208896,234450944,8015776,1783439360,1844994048
findling-rss 1790892289,1536278528,234450944,8015672,1783554048,1844994048
findling-rss 1790892291,1535705088,234442752,8032160,1783095296,1844994048
findling-rss 1790892293,1537429504,234442752,8033520,1784578048,1844994048
findling-rss 1790892295,1517420544,234303488,7913568,1763102720,1844994048
findling-rss 1790892297,1536323584,234303488,7916272,1783324672,1844994048
findling-rss 1790892299,1535139840,234307584,7934728,1782128640,1844994048
findling-rss 1790892301,1536110592,234307584,7933848,1783267328,1844994048
findling-rss 1790892303,1461841920,234328064,7945312,1708470272,1844994048
findling-rss 1790892305,1518018560,234328064,7947136,1764958208,1844994048
findling-rss 1790892307,1489661952,234364928,7967392,1736687616,1844994048
findling-rss 1790892309,1535442944,234364928,7968208,1782444032,1844994048
findling-rss 1790892311,1387851776,234033152,7836872,1633681408,1844994048
findling-rss 1790892313,1535565824,234389504,7964016,1782591488,1844994048
findling-rss 1790892315,1403179008,234389504,7869632,1703387136,1844994048
findling-rss 1790892317,1536667648,234381312,7984016,1783697408,1844994048
findling-rss 1790892319,1387851776,234033152,7863864,1634009088,1844994048
findling-rss 1790892321,1534472192,234766336,7992376,1781821440,1844994048
findling-rss 1790892323,1534681088,234766336,7992512,1781850112,1844994048
findling-rss 1790892325,1545052160,234766336,7991016,1792475136,1844994048
findling-rss 1790892327,1546608640,234766336,7992880,1794052096,1844994048
findling-rss 1790892329,1535946752,234414080,8000408,1783050240,1844994048
findling-rss 1790892331,1539080192,234414080,8001088,1785946112,1844994048
findling-rss 1790892333,1515765760,234450944,7998336,1762963456,1844994048
findling-rss 1790892335,1535541248,234450944,8000360,1782669312,1844994048
findling-rss 1790892337,1532399616,234450944,8019976,1779195904,1844994048
findling-rss 1790892339,1535995904,234450944,8018208,1783214080,1844994048
findling-rss 1790892341,1450946560,234479616,8015344,1697816576,1844994048
findling-rss 1790892343,1535717376,234479616,8016256,1783033856,1844994048
findling-rss 1790892345,1439940608,234475520,7926648,1686614016,1844994048
findling-rss 1790892347,1535922176,234475520,8035872,1783009280,1844994048
findling-rss 1790892349,1387872256,234123264,7915720,1634041856,1844994048
findling-rss 1790892351,1535352832,234504192,8034976,1782575104,1844994048
findling-rss 1790892353,1541910528,234504192,8034440,1789140992,1844994048
findling-rss 1790892355,1535574016,234496000,8052064,1783095296,1844994048
findling-rss 1790892357,1535758336,234496000,8053424,1782984704,1844994048
findling-rss 1790892359,1535397888,234360832,7936520,1782116352,1844994048
findling-rss 1790892361,1535938560,234360832,7936560,1782890496,1844994048
findling-rss 1790892363,1531248640,238952448,8081976,1781616640,1844994048
findling-rss 1790892366,1538715648,238952448,8113840,1790431232,1844994048
findling-rss 1790892368,1544822784,238952448,8076848,1796747264,1844994048
findling-rss 1790892370,1546055680,238952448,8079320,1797971968,1844994048
findling-rss 1790892372,1544531968,238952448,8078848,1796345856,1844994048
findling-rss 1790892374,1545011200,238952448,8077120,1796620288,1844994048
findling-rss 1790892376,1547100160,238952448,8075672,1798897664,1844994048
findling-rss 1790892378,1547862016,238952448,8076616,1799364608,1844994048
findling-rss 1790892380,1548693504,238952448,8078480,1800257536,1844994048
findling-rss 1790892382,1551089664,238952448,8077392,1802833920,1844994048
findling-rss 1790892384,1547710464,238952448,8078752,1799536640,1844994048
findling-rss 1790892386,1551089664,238952448,8080112,1802747904,1844994048
findling-rss 1790892388,1549074432,238952448,8078072,1800572928,1844994048
findling-rss 1790892390,1452232704,238952448,7977144,1703673856,1844994048
findling-rss 1790892392,1495126016,238952448,8081352,1746649088,1844994048
findling-rss 1790892394,1409269760,238952448,8075440,1660542976,1844994048
findling-rss 1790892396,1495048192,238952448,8076352,1746706432,1844994048
findling-rss 1790892398,1481048064,238952448,8074232,1732444160,1844994048
findling-rss 1790892400,1540284416,238952448,8077552,1792245760,1844994048
findling-rss 1790892402,1529507840,238952448,8078584,1781227520,1844994048
findling-rss 1790892404,1556148224,238952448,8076576,1807720448,1844994048
findling-rss 1790892406,1530585088,238952448,8110672,1782235136,1844994048
findling-rss 1790892408,1550888960,238952448,8076056,1802735616,1844994048
findling-rss 1790892410,1530585088,238952448,8075056,1782054912,1844994048
findling-rss 1790892412,1550721024,238952448,8077128,1802539008,1844994048
findling-rss 1790892414,1549656064,238952448,8077440,1801293824,1844994048
findling-rss 1790892416,1550221312,238952448,8078096,1801764864,1844994048
findling-rss 1790892418,1402499072,234455040,7954800,1649020928,1844994048
findling-rss 1790892420,1486831616,234455040,7956216,1733644288,1844994048
findling-rss 1790892422,1430487040,234459136,7975480,1677295616,1844994048
findling-rss 1790892424,1487618048,234459136,7974328,1734737920,1844994048
findling-rss 1790892426,1391345664,234119168,7855416,1637470208,1844994048
findling-rss 1790892428,1487634432,234491904,7973168,1734914048,1844994048
findling-rss 1790892430,1488486400,234491904,7974528,1735413760,1844994048
findling-rss 1790892432,1492881408,234479616,7991064,1740038144,1844994048
findling-rss 1790892434,1492881408,234479616,7991064,1739812864,1844994048
findling-rss 1790892436,1570136064,234303488,7986808,1817186304,1844994048
findling-rss 1790892438,1590489088,234303488,7987424,1837449216,1844994048
findling-rss 1790892440,1467211776,234520576,8013320,1714475008,1844994048
findling-rss 1790892442,1490444288,234520576,8011040,1737551872,1844994048
findling-rss 1790892444,1444704256,234541056,7938720,1690312704,1844994048
findling-rss 1790892446,1487355904,234541056,8009528,1734492160,1844994048
findling-rss 1790892448,1443426304,234536960,7921168,1690140672,1844994048
findling-rss 1790892450,1486622720,234536960,8028200,1733984256,1844994048
findling-rss 1790892452,1391362048,234188800,7908176,1637740544,1844994048
findling-rss 1790892454,1486872576,234565632,8026400,1734172672,1844994048
findling-rss 1790892456,1486974976,234565632,8028264,1734217728,1844994048
findling-rss 1790892458,1487994880,234569728,8046760,1735426048,1844994048
findling-rss 1790892460,1391366144,234217472,7926088,1637588992,1844994048
findling-rss 1790892462,1486786560,234598400,8044968,1733939200,1844994048
findling-rss 1790892464,1487626240,234598400,8044696,1734819840,1844994048
findling-rss 1790892466,1487450112,234602496,8061816,1734627328,1844994048
findling-rss 1790892468,1487515648,234602496,8063440,1734844416,1844994048
findling-rss 1790892470,1485651968,234459136,7946008,1731559424,1844994048
findling-rss 1790892472,1487659008,234459136,7947872,1734656000,1844994048
findling-rss 1790892474,1486503936,234811392,7976096,1733988352,1844994048
findling-rss 1790892476,1487413248,234811392,7974192,1734762496,1844994048
findling-rss 1790892478,1487069184,234811392,7974664,1734389760,1844994048
findling-rss 1790892480,1487433728,234811392,7971704,1734758400,1844994048
findling-rss 1790892482,1467219968,234496000,7961560,1714106368,1844994048
findling-rss 1790892484,1486761984,234496000,7964712,1733779456,1844994048
findling-rss 1790892486,1467199488,234487808,7980400,1714450432,1844994048
findling-rss 1790892488,1486155776,234487808,7982424,1733287936,1844994048
findling-rss 1790892490,1443454976,234520576,7868216,1690058752,1844994048
findling-rss 1790892492,1486917632,234520576,7981400,1733783552,1844994048
findling-rss 1790892494,1443454976,234512384,7891976,1690112000,1844994048
findling-rss 1790892496,1487216640,234512384,7996568,1734488064,1844994048
findling-rss 1790892498,1391386624,234168320,7877632,1637580800,1844994048
findling-rss 1790892500,1487114240,234553344,7997624,1734340608,1844994048
findling-rss 1790892502,1487167488,234553344,7995920,1734365184,1844994048
findling-rss 1790892504,1522118656,234561536,8013520,1769431040,1844994048
findling-rss 1790892506,1523589120,234561536,8014064,1771003904,1844994048
findling-rss 1790892508,1467252736,234577920,8015096,1714548736,1844994048
findling-rss 1790892510,1492885504,234577920,8015640,1740283904,1844994048
findling-rss 1790892512,1467224064,234569728,8035384,1714470912,1844994048
findling-rss 1790892514,1490132992,234569728,8030936,1737555968,1844994048
findling-rss 1790892516,1443471360,234606592,7921480,1690456064,1844994048
findling-rss 1790892518,1487695872,234606592,8031088,1734901760,1844994048
findling-rss 1790892520,1443471360,236367872,7989912,1692360704,1844994048
findling-rss 1790892522,1492295680,236367872,8096008,1741275136,1844994048
findling-rss 1790892524,1436270592,236367872,7989224,1683607552,1844994048
findling-rss 1790892526,1486647296,236367872,8095856,1735778304,1844994048
findling-rss 1790892528,1443475456,236367872,7991688,1692311552,1844994048
findling-rss 1790892530,1539330048,236367872,8096848,1788485632,1844994048
findling-rss 1790892532,1417162752,236367872,8094160,1659133952,1844994048
findling-rss 1790892534,1487978496,236367872,8096800,1737146368,1844994048
findling-rss 1790892536,1418272768,236367872,8096888,1659858944,1844994048
findling-rss 1790892538,1488687104,236367872,8099856,1736749056,1844994048
findling-rss 1790892540,1493192704,236367872,8094640,1742151680,1844994048
findling-rss 1790892542,1539276800,236367872,8097480,1788669952,1844994048
findling-rss 1790892544,1391407104,234295296,7931016,1637875712,1844994048
findling-rss 1790892546,1487319040,235364352,8069032,1735528448,1844994048
findling-rss 1790892548,1487855616,235364352,8069032,1735802880,1844994048
findling-rss 1790892550,1487548416,235364352,8068104,1735450624,1844994048
findling-rss 1790892552,1426239488,235364352,7963376,1672802304,1844994048
findling-rss 1790892554,1544675328,235364352,8068488,1792880640,1844994048
findling-rss 1790892556,1443479552,234643456,7968768,1688756224,1844994048
findling-rss 1790892558,1486835712,234643456,8067144,1734299648,1844994048
findling-rss 1790892560,1447141376,234295296,7946016,1693745152,1844994048
findling-rss 1790892562,1485881344,234508288,7947392,1732968448,1844994048
findling-rss 1790892564,1492500480,234508288,7946576,1739681792,1844994048
findling-rss 1790892567,1486315520,234508288,7965152,1733427200,1844994048
findling-rss 1790892569,1487433728,234508288,7967712,1734725632,1844994048
findling-rss 1790892571,1441140736,234541056,7964056,1688367104,1844994048
findling-rss 1790892573,1487548416,234541056,7965648,1734688768,1844994048
findling-rss 1790892575,1467265024,234541056,7994080,1714274304,1844994048
findling-rss 1790892577,1488044032,234541056,7983488,1735106560,1844994048
findling-rss 1790892579,1391415296,234213376,7852944,1637711872,1844994048
findling-rss 1790892581,1486462976,234561536,7980792,1733726208,1844994048
findling-rss 1790892583,1443483648,234577920,7892696,1690251264,1844994048
findling-rss 1790892585,1487593472,234577920,8000856,1734873088,1844994048
findling-rss 1790892587,1396862976,234213376,7880184,1639002112,1844994048
findling-rss 1790892589,1487020032,234594304,8000360,1734414336,1844994048
findling-rss 1790892591,1487765504,234594304,7999472,1734975488,1844994048
findling-rss 1790892593,1486323712,234590208,8018136,1733591040,1844994048
findling-rss 1790892595,1490382848,234590208,8033824,1736273920,1844994048
findling-rss 1790892597,1486327808,234618880,8012528,1733615616,1844994048
findling-rss 1790892599,1486422016,234618880,8016048,1733689344,1844994048
findling-rss 1790892601,1487339520,234618880,8034848,1734701056,1844994048
findling-rss 1790892603,1488216064,234618880,8034416,1735389184,1844994048
findling-rss 1790892605,1467256832,236052480,8070208,1715929088,1844994048
findling-rss 1790892607,1487486976,236052480,8067560,1736142848,1844994048
findling-rss 1790892609,1467723776,236052480,8067880,1715998720,1844994048
findling-rss 1790892611,1487327232,236052480,8069104,1736032256,1844994048
findling-rss 1790892613,1538621440,236052480,8068592,1787346944,1844994048
findling-rss 1790892615,1539416064,236052480,8073504,1788284928,1844994048
findling-rss 1790892617,1487020032,236052480,8067240,1735729152,1844994048
findling-rss 1790892619,1487020032,236052480,8068600,1735909376,1844994048
findling-rss 1790892621,1486462976,236052480,8068328,1734901760,1844994048
findling-rss 1790892623,1486884864,236052480,8069688,1735618560,1844994048
findling-rss 1790892625,1487609856,234651648,8048280,1735102464,1844994048
findling-rss 1790892627,1488875520,234651648,8048512,1736171520,1844994048
findling-rss 1790892629,1467273216,234692608,8055368,1714470912,1844994048
findling-rss 1790892631,1488093184,234692608,8054560,1735331840,1844994048
findling-rss 1790892633,1485025280,234688512,8070640,1732239360,1844994048
findling-rss 1790892635,1487278080,234688512,8068384,1734377472,1844994048
findling-rss 1790892637,1400729600,234553344,7950592,1647513600,1844994048
findling-rss 1790892639,1489960960,234553344,7952936,1736994816,1844994048
findling-rss 1790892641,1391783936,234553344,7920600,1650778112,1844994048
findling-rss 1790892643,1487695872,234553344,7969600,1734787072,1844994048
findling-rss 1790892645,1391423488,234201088,7849584,1637531648,1844994048
findling-rss 1790892647,1487745024,234586112,7971888,1734909952,1844994048
findling-rss 1790892649,1489219584,234586112,7969368,1736364032,1844994048
findling-rss 1790892651,1487032320,234586112,7988688,1734250496,1844994048
findling-rss 1790892653,1487650816,234586112,7988280,1734950912,1844994048
findling-rss 1790892655,1467265024,234610688,7984696,1714515968,1844994048
findling-rss 1790892657,1487515648,234610688,7987848,1734529024,1844994048
findling-rss 1790892659,1468923904,234606592,8004336,1715048448,1844994048
findling-rss 1790892661,1494130688,234606592,8005696,1741307904,1844994048
findling-rss 1790892663,1401864192,234639360,8001744,1648754688,1844994048
findling-rss 1790892665,1486929920,234639360,8005888,1734062080,1844994048
findling-rss 1790892667,1428705280,234643456,8022440,1675599872,1844994048
findling-rss 1790892669,1487118336,234643456,8020752,1734402048,1844994048
findling-rss 1790892671,1391423488,234287104,7902368,1637920768,1844994048
findling-rss 1790892673,1521750016,234639360,8021720,1769062400,1844994048
findling-rss 1790892675,1521750016,234639360,8019176,1769295872,1844994048
findling-rss 1790892677,1489481728,234672128,8038776,1736691712,1844994048
findling-rss 1790892679,1491378176,234672128,8040640,1738874880,1844994048
findling-rss 1790892681,1485578240,234688512,8039176,1732694016,1844994048
findling-rss 1790892683,1487556608,234688512,8036992,1734836224,1844994048
findling-rss 1790892685,1486499840,234696704,8057464,1733693440,1844994048
findling-rss 1790892687,1487409152,234696704,8057368,1734950912,1844994048
findling-rss 1790892689,1431625728,234721280,8065456,1679015936,1844994048
findling-rss 1790892691,1487220736,234721280,8055800,1734746112,1844994048
findling-rss 1790892693,1467273216,234729472,8071464,1714614272,1844994048
findling-rss 1790892695,1489756160,234729472,8073168,1737170944,1844994048
findling-rss 1790892697,1391435776,235958272,7993352,1639866368,1844994048
findling-rss 1790892699,1488166912,234582016,7959728,1735430144,1844994048
findling-rss 1790892701,1391435776,234229760,7858616,1637855232,1844994048
findling-rss 1790892703,1487532032,234577920,7977568,1734668288,1844994048
findling-rss 1790892705,1425371136,234229760,7856304,1671798784,1844994048
findling-rss 1790892707,1487093760,234606592,7975752,1734320128,1844994048
findling-rss 1790892709,1487843328,234606592,7977112,1735233536,1844994048
findling-rss 1790892711,1487929344,234606592,7994360,1735385088,1844994048
findling-rss 1790892713,1487929344,234606592,7995480,1735163904,1844994048
findling-rss 1790892715,1467265024,236748800,8052408,1716580352,1844994048
findling-rss 1790892717,1487495168,236748800,8052128,1737019392,1844994048
findling-rss 1790892719,1467277312,236748800,8054544,1716670464,1844994048
findling-rss 1790892721,1487822848,236748800,8050800,1737216000,1844994048
findling-rss 1790892723,1538301952,236748800,8049320,1787867136,1844994048
findling-rss 1790892725,1544671232,236748800,8050936,1794224128,1844994048
findling-rss 1790892727,1486794752,236748800,8050824,1736241152,1844994048
findling-rss 1790892729,1487474688,236748800,8049056,1736998912,1844994048
findling-rss 1790892731,1486999552,236748800,8052264,1736175616,1844994048
findling-rss 1790892733,1487515648,236748800,8050120,1737125888,1844994048
findling-rss 1790892735,1539952640,236748800,8053464,1789358080,1844994048
findling-rss 1790892737,1540050944,236748800,8053424,1789546496,1844994048
findling-rss 1790892739,1486774272,236748800,8053080,1736048640,1844994048
findling-rss 1790892741,1488498688,236748800,8053760,1738141696,1844994048
findling-rss 1790892743,1487777792,234651648,8014104,1735168000,1844994048
findling-rss 1790892745,1487790080,234651648,8014920,1735061504,1844994048
findling-rss 1790892747,1484193792,236072960,8054384,1732530176,1844994048
findling-rss 1790892749,1487101952,236072960,8060688,1736019968,1844994048
findling-rss 1790892751,1487220736,236072960,8054248,1735962624,1844994048
findling-rss 1790892753,1488293888,236072960,8055472,1736974336,1844994048
findling-rss 1790892755,1539194880,236072960,8052608,1788116992,1844994048
findling-rss 1790892757,1539956736,236072960,8049656,1788829696,1844994048
findling-rss 1790892759,1486106624,236072960,8049568,1734819840,1844994048
findling-rss 1790892761,1487028224,236072960,8050208,1735577600,1844994048
findling-rss 1790892763,1487122432,236072960,8049568,1735827456,1844994048
findling-rss 1790892765,1491275776,236072960,8049024,1739997184,1844994048
findling-rss 1790892767,1487265792,234676224,8028632,1734832128,1844994048
findling-rss 1790892769,1493614592,234676224,8029992,1740828672,1844994048
findling-rss 1790892771,1467273216,235126784,8046648,1715036160,1844994048
findling-rss 1790892773,1490841600,235126784,8044744,1738674176,1844994048
findling-rss 1790892775,1467269120,235126784,8063384,1715236864,1844994048
findling-rss 1790892777,1489928192,235126784,8064064,1737723904,1844994048
findling-rss 1790892779,1391443968,234803200,7934992,1638207488,1844994048
findling-rss 1790892781,1487265792,235155456,8061752,1735004160,1844994048
findling-rss 1790892783,1443512320,235155456,7972912,1691160576,1844994048
findling-rss 1790892785,1488367616,235155456,8081160,1736151040,1844994048
findling-rss 1790892787,1432522752,234827776,7962864,1679773696,1844994048
findling-rss 1790892789,1486491648,235204608,8080432,1734369280,1844994048
findling-rss 1790892791,1487220736,235204608,8082296,1735229440,1844994048
findling-rss 1790892793,1487773696,235216896,8100472,1735782400,1844994048
findling-rss 1790892795,1487773696,235216896,8097096,1735598080,1844994048
findling-rss 1790892798,1467265024,235417600,7985456,1715085312,1844994048
findling-rss 1790892800,1487216640,235417600,7988080,1735217152,1844994048
findling-rss 1790892802,1487073280,235417600,7988240,1734754304,1844994048
findling-rss 1790892804,1492279296,235417600,7987432,1740349440,1844994048
findling-rss 1790892806,1487007744,235081728,7996864,1734488064,1844994048
findling-rss 1790892808,1488117760,235081728,7998488,1735946240,1844994048
findling-rss 1790892810,1428721664,235106304,7993568,1675812864,1844994048
findling-rss 1790892812,1487716352,235106304,7996072,1735278592,1844994048
findling-rss 1790892814,1431556096,235102208,8015368,1679007744,1844994048
findling-rss 1790892816,1487073280,235102208,8015304,1734795264,1844994048
findling-rss 1790892818,1391443968,234782720,7893872,1638395904,1844994048
findling-rss 1790892820,1486958592,235130880,8013424,1734557696,1844994048
findling-rss 1790892822,1487458304,235130880,8013696,1735274496,1844994048
findling-rss 1790892824,1487781888,235130880,8031312,1735753728,1844994048
findling-rss 1790892826,1446555648,234782720,7913016,1693622272,1844994048
findling-rss 1790892828,1486479360,235159552,8029768,1734299648,1844994048
findling-rss 1790892830,1486733312,235159552,8030448,1734352896,1844994048
findling-rss 1790892832,1487073280,235167744,8049928,1734905856,1844994048
findling-rss 1790892834,1489776640,235167744,8053592,1736753152,1844994048
findling-rss 1790892836,1467273216,235196416,8044888,1715019776,1844994048
findling-rss 1790892838,1486987264,235196416,8048040,1734840320,1844994048
findling-rss 1790892840,1467297792,235192320,8063936,1715109888,1844994048
findling-rss 1790892842,1488035840,235192320,8067592,1735716864,1844994048
findling-rss 1790892844,1402474496,235225088,8063248,1650081792,1844994048
findling-rss 1790892846,1487331328,235225088,8064568,1735143424,1844994048
findling-rss 1790892848,1430786048,235225088,8081456,1678422016,1844994048
findling-rss 1790892850,1487749120,235225088,8083232,1735606272,1844994048
findling-rss 1790892852,1391452160,234897408,7953752,1638506496,1844994048
findling-rss 1790892854,1487818752,235249664,8082232,1735970816,1844994048
findling-rss 1790892856,1391460352,234897408,7982192,1638838272,1844994048
findling-rss 1790892858,1521848320,235225088,8099344,1769734144,1844994048
findling-rss 1790892860,1426067456,234897408,7978840,1673388032,1844994048
findling-rss 1790892862,1486688256,235110400,7982496,1734287360,1844994048
findling-rss 1790892864,1492455424,235110400,7981816,1740374016,1844994048
findling-rss 1790892866,1487343616,235106304,8001200,1735057408,1844994048
findling-rss 1790892868,1490083840,235106304,8000512,1737768960,1844994048
findling-rss 1790892870,1431265280,235134976,8003176,1678897152,1844994048
findling-rss 1790892872,1490911232,235134976,8003112,1738825728,1844994048
findling-rss 1790892874,1430982656,235143168,8015560,1678647296,1844994048
findling-rss 1790892876,1487646720,235143168,8019008,1735405568,1844994048
findling-rss 1790892878,1391464448,234807296,7898376,1638387712,1844994048
findling-rss 1790892880,1487499264,235163648,8016976,1735434240,1844994048
findling-rss 1790892882,1487949824,235163648,8016160,1735647232,1844994048
findling-rss 1790892884,1486704640,235163648,8035360,1734516736,1844994048
findling-rss 1790892886,1421344768,235163648,8033376,1708462080,1844994048
findling-rss 1790892888,1487122432,235188224,8032760,1734991872,1844994048
findling-rss 1790892890,1489838080,235188224,8059352,1737736192,1844994048
findling-rss 1790892892,1487278080,235196416,8054048,1735376896,1844994048
findling-rss 1790892894,1488064512,235196416,8052656,1735819264,1844994048
findling-rss 1790892896,1458606080,235225088,8048648,1706221568,1844994048
findling-rss 1790892898,1487409152,235225088,8051024,1735258112,1844994048
findling-rss 1790892900,1467305984,235212800,8069584,1715077120,1844994048
findling-rss 1790892902,1487904768,235212800,8067816,1736036352,1844994048
findling-rss 1790892904,1423810560,235249664,7959880,1669488640,1844994048
findling-rss 1790892906,1487585280,235249664,8067336,1735507968,1844994048
findling-rss 1790892908,1426698240,235245568,7978952,1672990720,1844994048
findling-rss 1790892910,1487613952,235245568,8085160,1735593984,1844994048
findling-rss 1790892912,1391480832,234897408,7966232,1638391808,1844994048
findling-rss 1790892914,1487360000,235286528,8084784,1735200768,1844994048
findling-rss 1790892916,1487970304,235286528,8084248,1735671808,1844994048
findling-rss 1790892918,1487675392,235282432,8103976,1735507968,1844994048
findling-rss 1790892920,1487675392,235282432,8103704,1735831552,1844994048
findling-rss 1790892922,1501745152,235098112,7985376,1749450752,1844994048
findling-rss 1790892924,1522589696,235098112,7986736,1770156032,1844994048
findling-rss 1790892926,1467322368,235114496,8003760,1714843648,1844994048
findling-rss 1790892928,1494126592,235114496,8004440,1742004224,1844994048
findling-rss 1790892930,1427591168,235151360,7895096,1673805824,1844994048
findling-rss 1790892932,1487085568,235151360,8004400,1734696960,1844994048
findling-rss 1790892934,1443565568,235147264,7914760,1690923008,1844994048
findling-rss 1790892936,1487273984,235147264,8021624,1735069696,1844994048
findling-rss 1790892938,1426575360,234795008,7902672,1673412608,1844994048
findling-rss 1790892940,1487036416,235171840,8020920,1735036928,1844994048
findling-rss 1790892942,1487052800,235171840,8019968,1734721536,1844994048
findling-rss 1790892944,1487142912,235184128,8038528,1734991872,1844994048
findling-rss 1790892946,1391509504,234823680,7917888,1638453248,1844994048
findling-rss 1790892948,1487433728,235204608,8038064,1735221248,1844994048
findling-rss 1790892950,1488187392,235204608,8038376,1735966720,1844994048
findling-rss 1790892952,1487691776,235208704,8055408,1735610368,1844994048
findling-rss 1790892954,1487691776,235208704,8055408,1735639040,1844994048
findling-rss 1790892956,1467342848,235233280,8055200,1715257344,1844994048
findling-rss 1790892958,1487286272,235233280,8055736,1734914048,1844994048
findling-rss 1790892960,1467330560,235233280,8073048,1715412992,1844994048
findling-rss 1790892962,1492553728,235233280,8074408,1740541952,1844994048
findling-rss 1790892964,1391509504,234909696,7943408,1638338560,1844994048
findling-rss 1790892966,1486843904,235266048,8073216,1734729728,1844994048
findling-rss 1790892968,1418977280,235261952,7982008,1665335296,1844994048
findling-rss 1790892970,1487581184,235261952,8089624,1735712768,1844994048
findling-rss 1790892972,1448497152,234909696,7970104,1695744000,1844994048
findling-rss 1790892974,1487044608,244752384,8348472,1744605184,1844994048
findling-rss 1790892976,1487822848,244752384,8347320,1745256448,1844994048
findling-rss 1790892978,1487237120,244752384,8347160,1745043456,1844994048
findling-rss 1790892980,1487310848,244752384,8348520,1744822272,1844994048
findling-rss 1790892982,1538904064,244752384,8347320,1796534272,1844994048
findling-rss 1790892984,1544224768,244752384,8348504,1801961472,1844994048
findling-rss 1790892986,1487073280,244752384,8349360,1744867328,1844994048
findling-rss 1790892988,1487859712,244752384,8348000,1745821696,1844994048
findling-rss 1790892990,1486573568,244752384,8352976,1744433152,1844994048
findling-rss 1790892992,1488343040,244752384,8352296,1745829888,1844994048
findling-rss 1790892994,1539473408,244752384,8347752,1797259264,1844994048
findling-rss 1790892996,1397133312,244752384,8243272,1710698496,1844994048
findling-rss 1790892998,1487097856,244752384,8347840,1744756736,1844994048
findling-rss 1790893000,1482268672,244752384,8348584,1739927552,1844994048
findling-rss 1790893002,1540534272,244752384,8348520,1798516736,1844994048
findling-rss 1790893004,1467703296,244752384,8345344,1725345792,1844994048
findling-rss 1790893006,1492537344,244752384,8348000,1750245376,1844994048
findling-rss 1790893008,1520140288,244752384,8345480,1777643520,1844994048
findling-rss 1790893010,1540243456,244752384,8346640,1797947392,1844994048
findling-rss 1790893012,1529917440,244752384,8348000,1787559936,1844994048
findling-rss 1790893014,1550192640,244752384,8347320,1808080896,1844994048
findling-rss 1790893016,1551376384,244752384,8346256,1809149952,1844994048
findling-rss 1790893018,1552236544,244752384,8344496,1810096128,1844994048
findling-rss 1790893020,1551699968,244752384,8344792,1809653760,1844994048
findling-rss 1790893022,1552404480,244752384,8345472,1810472960,1844994048
findling-rss 1790893024,1552314368,244752384,8346240,1810227200,1844994048
findling-rss 1790893026,1552515072,244752384,8345424,1810255872,1844994048
findling-rss 1790893028,1551826944,244752384,8344192,1809870848,1844994048
findling-rss 1790893030,1552306176,244752384,8345312,1810063360,1844994048
findling-rss 1790893032,1498087424,244752384,8345192,1755942912,1844994048
findling-rss 1790893034,1454788608,244752384,8241672,1712156672,1844994048
findling-rss 1790893036,1498927104,244752384,8346640,1756622848,1844994048
findling-rss 1790893038,1473941504,244752384,8345360,1724174336,1844994048
findling-rss 1790893040,1547100160,244752384,8348000,1804935168,1844994048
findling-rss 1790893043,1524011008,244752384,8346904,1781604352,1844994048
findling-rss 1790893045,1552642048,244752384,8348520,1810591744,1844994048
findling-rss 1790893047,1533767680,244752384,8346888,1791623168,1844994048
findling-rss 1790893049,1554018304,244752384,8348000,1811865600,1844994048
findling-rss 1790893051,1533788160,244752384,8348264,1791639552,1844994048
findling-rss 1790893053,1553956864,244752384,8348504,1811734528,1844994048
findling-rss 1790893055,1552424960,244752384,8349744,1810186240,1844994048
findling-rss 1790893057,1559207936,244752384,8347704,1816825856,1844994048
findling-rss 1790893059,1500672000,244752384,8348120,1758355456,1844994048
findling-rss 1790893061,1502412800,244752384,8348296,1759891456,1844994048
findling-rss 1790893063,1499664384,244752384,8348136,1757343744,1844994048
findling-rss 1790893065,1500569600,244752384,8352296,1758425088,1844994048
findling-rss 1790893067,1544712192,244752384,8347320,1802792960,1844994048
findling-rss 1790893069,1519411200,244752384,8347320,1777127424,1844994048
findling-rss 1790893071,1554300928,244752384,8349184,1812267008,1844994048
findling-rss 1790893073,1487224832,244752384,8345592,1745076224,1844994048
findling-rss 1790893075,1556471808,244752384,8348000,1814310912,1844994048
findling-rss 1790893077,1498501120,244752384,8348448,1756028928,1844994048
findling-rss 1790893079,1557143552,244752384,8349112,1814618112,1844994048
findling-rss 1790893081,1504624640,235302912,8107672,1752559616,1844994048
findling-rss 1790893083,1525317632,235302912,8108344,1773436928,1844994048
findling-rss 1790893085,1429016576,236707840,8036552,1678295040,1844994048
findling-rss 1790893087,1490698240,235200512,7997208,1738469376,1844994048
findling-rss 1790893089,1441345536,235204608,7905808,1687498752,1844994048
findling-rss 1790893091,1490714624,235204608,8013904,1738694656,1844994048
findling-rss 1790893093,1395249152,234848256,7894872,1642217472,1844994048
findling-rss 1790893095,1490763776,235233280,8010664,1738596352,1844994048
findling-rss 1790893097,1491152896,235233280,8010600,1738797056,1844994048
findling-rss 1790893099,1490755584,235229184,8029016,1738399744,1844994048
findling-rss 1790893101,1493356544,235229184,8027832,1741250560,1844994048
findling-rss 1790893103,1462394880,235261952,8024968,1710084096,1844994048
findling-rss 1790893105,1491537920,235261952,8028304,1739456512,1844994048
findling-rss 1790893107,1471107072,235261952,8043696,1719087104,1844994048
findling-rss 1790893109,1491619840,235261952,8046400,1739550720,1844994048
findling-rss 1790893111,1395257344,234934272,7921376,1642561536,1844994048
findling-rss 1790893113,1491349504,235294720,8050320,1739423744,1844994048
findling-rss 1790893115,1495867392,235294720,8044264,1743859712,1844994048
findling-rss 1790893117,1490169856,235282432,8062344,1738285056,1844994048
findling-rss 1790893119,1493327872,235282432,8060848,1741336576,1844994048
findling-rss 1790893121,1491730432,235315200,8061224,1739677696,1844994048
findling-rss 1790893123,1491767296,235315200,8061152,1739821056,1844994048
findling-rss 1790893125,1490862080,235315200,8079528,1738809344,1844994048
findling-rss 1790893127,1497411584,235315200,8078440,1745489920,1844994048
findling-rss 1790893129,1434677248,235343872,8075592,1682542592,1844994048
findling-rss 1790893131,1491722240,235343872,8079416,1739726848,1844994048
findling-rss 1790893133,1434996736,235335680,8097624,1682886656,1844994048
findling-rss 1790893135,1491136512,235335680,8097056,1739354112,1844994048
findling-rss 1790893137,1417629696,235372544,7992648,1658494976,1844994048
findling-rss 1790893139,1491095552,235372544,8095464,1739157504,1844994048
findling-rss 1790893141,1423237120,235376640,8005832,1669386240,1844994048
findling-rss 1790893143,1491496960,235376640,8113560,1739522048,1844994048
findling-rss 1790893145,1452789760,235020288,7990312,1700110336,1844994048
findling-rss 1790893147,1525280768,235208704,7997144,1773146112,1844994048
findling-rss 1790893149,1525354496,235208704,7997176,1772986368,1844994048
findling-rss 1790893151,1491087360,235241472,8017024,1739182080,1844994048
findling-rss 1790893153,1491202048,235241472,8018072,1739177984,1844994048
findling-rss 1790893155,1475887104,235261952,8011624,1722785792,1844994048
findling-rss 1790893157,1491337216,235261952,8013784,1739476992,1844994048
findling-rss 1790893159,1488658432,235266048,8033600,1736736768,1844994048
findling-rss 1790893161,1491763200,235266048,8032784,1739649024,1844994048
findling-rss 1790893163,1422884864,235319296,8030752,1670492160,1844994048
findling-rss 1790893165,1492021248,235319296,8033160,1740062720,1844994048
findling-rss 1790893167,1423892480,235327488,8049792,1671876608,1844994048
findling-rss 1790893169,1491009536,235327488,8050256,1739067392,1844994048
findling-rss 1790893171,1450713088,234971136,7931872,1698209792,1844994048
findling-rss 1790893173,1491398656,235352064,8049936,1739472896,1844994048
findling-rss 1790893175,1491435520,235352064,8051296,1739452416,1844994048
findling-rss 1790893177,1490288640,235352064,8068440,1738194944,1844994048
findling-rss 1790893179,1455263744,235352064,8068984,1712828416,1844994048
findling-rss 1790893181,1491001344,235384832,8067192,1739042816,1844994048
findling-rss 1790893183,1491001344,235384832,8066376,1739010048,1844994048
findling-rss 1790893185,1491243008,235376640,8087024,1739272192,1844994048
findling-rss 1790893187,1492639744,235376640,8084608,1740746752,1844994048
findling-rss 1790893189,1349959680,235409408,7933928,1597136896,1844994048
findling-rss 1790893191,1502400512,235421696,8145504,1750777856,1844994048
findling-rss 1790893193,1502633984,235421696,8145912,1750945792,1844994048
findling-rss 1790893195,1536368640,235421696,8164544,1784852480,1844994048
findling-rss 1790893197,1537130496,235421696,8165352,1785344000,1844994048
findling-rss 1790893199,1515888640,235450368,8160672,1764200448,1844994048
findling-rss 1790893201,1535524864,235450368,8163816,1783791616,1844994048
findling-rss 1790893203,1515909120,235458560,8181288,1764134912,1844994048
findling-rss 1790893205,1536466944,235458560,8182144,1784811520,1844994048
findling-rss 1790893207,1390776320,238481408,8167944,1640820736,1844994048
findling-rss 1790893209,1523126272,236478464,8095032,1772281856,1844994048
findling-rss 1790893211,1524772864,236478464,8095032,1773879296,1844994048
findling-rss 1790893213,1536163840,235311104,8083312,1784492032,1844994048
findling-rss 1790893215,1511796736,235311104,8084912,1759899648,1844994048
findling-rss 1790893217,1526554624,235339776,8080024,1773608960,1844994048
findling-rss 1790893219,1541406720,235339776,8081208,1789493248,1844994048
findling-rss 1790893221,1516826624,235339776,8098528,1764974592,1844994048
findling-rss 1790893223,1543311360,235339776,8099032,1791246336,1844994048
findling-rss 1790893225,1441005568,235376640,8001128,1688793088,1844994048
findling-rss 1790893227,1537118208,235376640,8098160,1785360384,1844994048
findling-rss 1790893229,1452314624,235372544,8114416,1700220928,1844994048
findling-rss 1790893231,1536552960,235372544,8119512,1784827904,1844994048
findling-rss 1790893233,1435537408,235020288,7999880,1682989056,1844994048
findling-rss 1790893235,1536696320,235401216,8116304,1785110528,1844994048
findling-rss 1790893237,1537703936,235401216,8114032,1786073088,1844994048
findling-rss 1790893239,1536020480,235409408,8135712,1784496128,1844994048
findling-rss 1790893241,1536716800,235409408,8133424,1784995840,1844994048
findling-rss 1790893243,1536118784,235429888,8130744,1784201216,1844994048
findling-rss 1790893245,1536966656,235429888,8131424,1785012224,1844994048
findling-rss 1790893247,1537155072,235433984,8149904,1785262080,1844994048
findling-rss 1790893249,1539596288,235433984,8150448,1788067840,1844994048
findling-rss 1790893251,1516847104,235458560,8146680,1764974592,1844994048
findling-rss 1790893253,1536970752,235458560,8147840,1785094144,1844994048
findling-rss 1790893255,1516859392,235458560,8167704,1764933632,1844994048
findling-rss 1790893257,1537490944,235458560,8168208,1785839616,1844994048
findling-rss 1790893259,1441030144,235479040,8050600,1688780800,1844994048
findling-rss 1790893261,1536593920,235479040,8165392,1784713216,1844994048
findling-rss 1790893263,1473761280,235491328,8183048,1718079488,1844994048
findling-rss 1790893265,1539018752,235491328,8185456,1787469824,1844994048
findling-rss 1790893267,1388961792,237031424,8112344,1638318080,1844994048
findling-rss 1790893269,1537175552,239177728,8171568,1789014016,1844994048
findling-rss 1790893271,1537208320,239177728,8172928,1789255680,1844994048
findling-rss 1790893273,1547018240,239177728,8171960,1798975488,1844994048
findling-rss 1790893275,1450950656,239177728,8068632,1702522880,1844994048
findling-rss 1790893277,1547862016,239177728,8171160,1800019968,1844994048
findling-rss 1790893279,1452929024,239177728,8064272,1704468480,1844994048
findling-rss 1790893282,1547964416,239177728,8206520,1801166848,1844994048
findling-rss 1790893284,1479798784,239177728,8170408,1726226432,1844994048
findling-rss 1790893286,1548746752,239177728,8172816,1800978432,1844994048
findling-rss 1790893288,1502650368,239177728,8168936,1754599424,1844994048
findling-rss 1790893290,1548959744,239177728,8170776,1801154560,1844994048
findling-rss 1790893292,1475936256,239177728,8169800,1727758336,1844994048
findling-rss 1790893294,1495506944,239177728,8172680,1747279872,1844994048
findling-rss 1790893296,1475956736,239177728,8174632,1728049152,1844994048
findling-rss 1790893298,1495736320,239177728,8173704,1747677184,1844994048
findling-rss 1790893300,1539874816,239177728,8172376,1791844352,1844994048
findling-rss 1790893302,1541079040,239177728,8172440,1793097728,1844994048
findling-rss 1790893304,1549455360,239177728,8172520,1801396224,1844994048
findling-rss 1790893306,1554075648,239177728,8172344,1806249984,1844994048
findling-rss 1790893308,1550155776,239177728,8172384,1802084352,1844994048
findling-rss 1790893310,1552551936,239177728,8172928,1804369920,1844994048
findling-rss 1790893312,1550585856,239177728,8168192,1802682368,1844994048
findling-rss 1790893314,1555492864,239177728,8169816,1807478784,1844994048
findling-rss 1790893316,1536798720,235360256,8083184,1784995840,1844994048
findling-rss 1790893318,1541316608,235360256,8084544,1789661184,1844994048
findling-rss 1790893320,1491390464,236568576,8116312,1740509184,1844994048
findling-rss 1790893322,1519927296,236568576,8119832,1769078784,1844994048
findling-rss 1790893324,1481187328,235393024,8102464,1729171456,1844994048
findling-rss 1790893326,1536303104,235393024,8103968,1784414208,1844994048
findling-rss 1790893328,1445122048,235040768,7984880,1692594176,1844994048
findling-rss 1790893330,1536487424,235417600,8103648,1784471552,1844994048
findling-rss 1790893332,1536888832,235417600,8103472,1785102336,1844994048
findling-rss 1790893334,1540800512,235417600,8122136,1788968960,1844994048
findling-rss 1790893336,1541742592,235417600,8124320,1789759488,1844994048
findling-rss 1790893338,1516867584,235450368,8122968,1765064704,1844994048
findling-rss 1790893340,1536647168,235450368,8122368,1784885248,1844994048
findling-rss 1790893342,1530851328,235446272,8140984,1777958912,1844994048
findling-rss 1790893344,1536884736,235446272,8142072,1785135104,1844994048
findling-rss 1790893346,1388974080,235126784,8020504,1636073472,1844994048
findling-rss 1790893348,1537228800,235479040,8143624,1785729024,1844994048
findling-rss 1790893350,1537228800,235479040,8143216,1785483264,1844994048
findling-rss 1790893352,1536843776,235479040,8161832,1785167872,1844994048
findling-rss summary samples=1799 max_anon=1596928000 peak=1844994048 events=[low=0 high=0 max=0 oom=0 oom_kill=0 oom_group_kill=0 sock_throttled=0] oom_killed=false
