findling-rss timestamp,anon,file,slab,current,peak
findling-rss 1791026322,117473280,73728,641456,121470976,139169792
findling-rss 1791026324,117522432,2711552,812232,123535360,139169792
findling-rss 1791026326,117522432,2711552,814336,124489728,139169792
findling-rss 1791026328,117522432,2711552,815192,123867136,139169792
findling-rss 1791026330,117522432,2711552,813016,124444672,139169792
findling-rss 1791026332,117522432,2711552,815616,124219392,139169792
findling-rss 1791026334,117522432,2711552,816128,124239872,139169792
findling-rss 1791026336,117522432,2711552,817488,124301312,139169792
findling-rss 1791026338,117522432,2711552,819112,124227584,139169792
findling-rss 1791026340,117522432,2711552,819968,124301312,139169792
findling-rss 1791026342,117522432,2711552,821568,124002304,139169792
findling-rss 1791026344,117522432,2711552,819968,123973632,139169792
findling-rss 1791026346,117522432,2711552,820440,123682816,139169792
findling-rss 1791026348,117522432,2711552,819696,123564032,139169792
findling-rss 1791026350,117522432,2711552,821296,123658240,139169792
findling-rss 1791026352,117522432,2711552,820376,122798080,139169792
findling-rss 1791026354,117522432,2711552,817248,124452864,139169792
findling-rss 1791026356,117522432,2711552,819112,124944384,139169792
findling-rss 1791026358,117522432,2711552,820688,125345792,139169792
findling-rss 1791026360,117522432,2711552,819528,124485632,139169792
findling-rss 1791026362,117522432,2711552,817960,124203008,139169792
findling-rss 1791026364,117522432,2711552,815208,124014592,139169792
findling-rss 1791026366,117522432,2711552,827840,124674048,139169792
findling-rss 1791026368,117522432,2711552,817248,124284928,139169792
findling-rss 1791026370,117522432,2711552,819776,124149760,139169792
findling-rss 1791026372,117522432,2711552,819048,124551168,139169792
findling-rss 1791026374,117522432,2711552,816192,124641280,139169792
findling-rss 1791026376,117522432,2711552,813640,124067840,139169792
findling-rss 1791026378,117522432,2711552,814800,124489728,139169792
findling-rss 1791026380,117522432,2711552,814768,124403712,139169792
findling-rss 1791026382,117522432,2711552,808880,122212352,139169792
findling-rss 1791026384,117522432,2711552,806504,124526592,139169792
findling-rss 1791026386,117522432,2711552,809136,124645376,139169792
findling-rss 1791026388,117522432,2711552,809184,123768832,139169792
findling-rss 1791026390,118341632,2711552,810200,123912192,139169792
findling-rss 1791026392,117522432,2711552,810240,124071936,139169792
findling-rss 1791026394,117522432,2711552,810784,123719680,139169792
findling-rss 1791026396,117522432,2711552,813128,124153856,139169792
findling-rss 1791026398,117522432,2711552,814008,123899904,139169792
findling-rss 1791026400,117522432,2711552,815104,123744256,139169792
findling-rss 1791026402,117522432,2711552,816224,123834368,139169792
findling-rss 1791026404,117522432,2711552,815544,124227584,139169792
findling-rss 1791026406,117522432,2711552,816264,124510208,139169792
findling-rss 1791026408,117522432,2711552,811552,123686912,139169792
findling-rss 1791026410,117522432,2711552,813152,124256256,139169792
findling-rss 1791026412,117522432,2711552,817384,123641856,139169792
findling-rss 1791026414,117522432,2711552,806552,123396096,139169792
findling-rss 1791026416,117522432,2711552,808896,124514304,139169792
findling-rss 1791026418,117522432,2711552,810056,124026880,139169792
findling-rss 1791026420,117522432,2711552,809752,124334080,139169792
findling-rss 1791026422,119345152,2719744,815872,126009344,139169792
findling-rss 1791026424,119345152,2719744,817232,125874176,139169792
findling-rss 1791026426,119345152,2719744,815424,126529536,139169792
findling-rss 1791026428,119345152,2719744,814304,126488576,139169792
findling-rss 1791026430,119345152,2719744,815160,126111744,139169792
findling-rss 1791026432,119345152,2719744,816760,126164992,139169792
findling-rss 1791026434,119345152,2719744,817440,126193664,139169792
findling-rss 1791026436,119345152,2719744,815872,126234624,139169792
findling-rss 1791026438,119349248,2719744,816552,125698048,139169792
findling-rss 1791026440,119349248,2719744,817912,125353984,139169792
findling-rss 1791026442,119349248,2719744,813832,125313024,139169792
findling-rss 1791026444,119365632,2719744,819104,126316544,139169792
findling-rss 1791026446,119365632,2719744,820704,126066688,139169792
findling-rss 1791026448,119365632,2719744,821824,125468672,139169792
findling-rss 1791026450,119365632,2719744,818832,125652992,139169792
findling-rss 1791026452,119365632,2719744,816960,125591552,139169792
findling-rss 1791026454,119365632,2719744,816960,125976576,139169792
findling-rss 1791026456,119365632,2719744,816816,126099456,139169792
findling-rss 1791026458,119365632,2719744,817232,124100608,139169792
findling-rss 1791026460,119365632,2719744,816624,125632512,139169792
findling-rss 1791026462,119365632,2719744,817984,126132224,139169792
findling-rss 1791026464,119365632,2719744,818320,126320640,139169792
findling-rss 1791026466,119365632,2719744,816456,125992960,139169792
findling-rss 1791026468,119365632,2719744,815056,124428288,139169792
findling-rss 1791026470,119365632,2719744,816896,125468672,139169792
findling-rss 1791026472,119365632,2719744,815736,124764160,139169792
findling-rss 1791026474,119365632,2719744,814920,125571072,139169792
findling-rss 1791026476,119365632,2719744,815936,126115840,139169792
findling-rss 1791026478,119365632,2719744,815672,125861888,139169792
findling-rss 1791026480,119365632,2719744,828064,125800448,139169792
findling-rss 1791026482,119648256,2719744,810976,125509632,139169792
findling-rss 1791026485,119648256,2719744,812608,125595648,139169792
findling-rss 1791026487,119648256,2719744,815192,126050304,139169792
findling-rss 1791026489,119648256,2719744,816048,126689280,139169792
findling-rss 1791026491,119648256,2719744,816928,126722048,139169792
findling-rss 1791026493,119648256,2719744,818048,126054400,139169792
findling-rss 1791026495,119648256,2719744,818864,126480384,139169792
findling-rss 1791026497,119648256,2719744,819208,126717952,139169792
findling-rss 1791026499,119652352,2719744,820328,126377984,139169792
findling-rss 1791026501,119652352,2719744,815968,126074880,139169792
findling-rss 1791026503,119652352,2719744,811784,125616128,139169792
findling-rss 1791026505,119652352,2719744,812064,125665280,139169792
findling-rss 1791026507,119652352,2719744,811320,126328832,139169792
findling-rss 1791026509,119652352,2719744,812704,126885888,139169792
findling-rss 1791026511,119652352,2719744,813800,126595072,139169792
findling-rss 1791026513,119652352,2719744,814920,126742528,139169792
findling-rss 1791026515,119668736,2719744,816280,126341120,139169792
findling-rss 1791026517,119668736,2719744,817880,126660608,139169792
findling-rss 1791026519,119668736,2719744,819480,126734336,139169792
findling-rss 1791026521,119668736,2719744,819648,126668800,139169792
findling-rss 1791026523,119668736,2719744,818320,127049728,139169792
findling-rss 1791026525,119668736,2719744,819680,126435328,139169792
findling-rss 1791026527,119668736,2719744,819616,126627840,139169792
findling-rss 1791026529,119701504,2719744,813832,124174336,139169792
findling-rss 1791026531,119701504,2719744,815192,126197760,139169792
findling-rss 1791026533,119701504,2719744,816008,126050304,139169792
findling-rss 1791026535,119701504,2719744,816552,126644224,139169792
findling-rss 1791026537,119701504,2719744,815840,126918656,139169792
findling-rss 1791026539,119701504,2719744,817440,126115840,139169792
findling-rss 1791026541,119701504,2719744,817904,126861312,139169792
findling-rss 1791026543,119701504,2719744,819000,126365696,139169792
findling-rss 1791026545,119975936,2719744,819816,126357504,139169792
findling-rss 1791026547,119975936,2719744,819208,126726144,139169792
findling-rss 1791026549,119975936,2719744,821312,126951424,139169792
findling-rss 1791026551,119975936,2719744,822232,127037440,139169792
findling-rss 1791026553,119975936,2719744,819200,126513152,139169792
findling-rss 1791026555,119975936,2719744,820776,126754816,139169792
findling-rss 1791026557,119975936,2719744,817296,126910464,139169792
findling-rss 1791026559,119975936,2719744,818392,126324736,139169792
findling-rss 1791026561,119975936,2719744,819208,126984192,139169792
findling-rss 1791026563,119975936,2719744,816552,126312448,139169792
findling-rss 1791026565,119975936,2719744,818968,125784064,139169792
findling-rss 1791026567,119975936,2719744,819200,126447616,139169792
findling-rss 1791026569,119975936,2719744,813152,126492672,139169792
findling-rss 1791026571,119975936,2719744,814512,126783488,139169792
findling-rss 1791026573,119975936,2719744,857568,128008192,139169792
findling-rss 1791026575,119975936,2719744,814512,126652416,139169792
findling-rss 1791026577,119975936,2719744,816112,126464000,139169792
findling-rss 1791026579,119975936,2719744,817712,126705664,139169792
findling-rss 1791026581,119975936,2719744,817328,126918656,139169792
findling-rss 1791026583,119975936,2719744,817640,126767104,139169792
findling-rss 1791026585,119975936,2719744,817640,127303680,139169792
findling-rss 1791026587,119975936,2719744,816384,127111168,139169792
findling-rss 1791026589,119975936,2719744,817984,126812160,139169792
findling-rss 1791026591,119975936,2719744,817840,127197184,139169792
findling-rss 1791026593,119975936,2719744,815296,126046208,139169792
findling-rss 1791026595,119975936,2719744,816080,126500864,139169792
findling-rss 1791026597,119975936,2719744,814784,127152128,139169792
findling-rss 1791026599,119975936,2719744,816248,127336448,139169792
findling-rss 1791026601,119975936,2719744,816144,126263296,139169792
findling-rss 1791026603,119975936,2719744,818488,126152704,139169792
findling-rss 1791026605,119975936,2719744,818120,126701568,139169792
findling-rss 1791026607,119975936,2719744,820224,126636032,139169792
findling-rss 1791026609,119975936,2719744,818592,126160896,139169792
findling-rss 1791026611,119975936,2719744,817960,126812160,139169792
findling-rss 1791026613,119975936,2719744,814376,127164416,139169792
findling-rss 1791026615,119975936,2719744,816216,126570496,139169792
findling-rss 1791026617,119975936,2719744,817816,126431232,139169792
findling-rss 1791026619,121298944,2727936,830344,127451136,139169792
findling-rss 1791026621,121303040,2732032,819624,127766528,139169792
findling-rss 1791026623,121303040,2732032,818944,126976000,139169792
findling-rss 1791026625,121303040,2732032,820784,127844352,139169792
findling-rss 1791026627,121303040,2732032,820264,127803392,139169792
findling-rss 1791026629,121303040,2732032,820000,128176128,139169792
findling-rss 1791026631,121303040,2732032,822040,127930368,139169792
findling-rss 1791026633,121303040,2732032,822480,127705088,139169792
findling-rss 1791026635,123490304,2994176,817288,130195456,139169792
findling-rss 1791026637,123510784,3002368,813616,129789952,139169792
findling-rss 1791026639,123514880,3002368,814536,130134016,139169792
findling-rss 1791026641,123514880,3002368,817952,130801664,139169792
findling-rss 1791026643,123514880,3002368,815384,130310144,139169792
findling-rss 1791026645,123514880,3002368,817248,130338816,139169792
findling-rss 1791026647,123514880,3002368,817800,130080768,139169792
findling-rss 1791026649,123514880,3002368,818920,130039808,139169792
findling-rss 1791026651,123514880,3002368,820080,130138112,139169792
findling-rss 1791026653,123514880,3002368,814976,130568192,139169792
findling-rss 1791026655,123514880,3002368,816032,131268608,139169792
findling-rss 1791026657,123514880,3002368,817392,130772992,139169792
findling-rss 1791026659,123514880,3002368,818752,130371584,139169792
findling-rss 1791026661,123514880,3002368,819264,130674688,139169792
findling-rss 1791026663,123514880,3002368,817936,130453504,139169792
findling-rss 1791026665,124809216,3002368,831824,131768320,139169792
findling-rss 1791026667,123514880,3002368,815296,130707456,139169792
findling-rss 1791026669,123514880,3002368,817424,130445312,139169792
findling-rss 1791026671,123514880,3002368,814840,130797568,139169792
findling-rss 1791026673,123514880,3002368,815960,130514944,139169792
findling-rss 1791026675,123514880,3002368,817320,130760704,139169792
findling-rss 1791026677,123514880,3002368,816640,130203648,139169792
findling-rss 1791026679,123514880,3002368,816000,130109440,139169792
findling-rss 1791026681,123514880,3002368,814976,130002944,139169792
findling-rss 1791026683,123514880,3002368,812184,129957888,139169792
findling-rss 1791026685,123514880,3002368,817192,130932736,139169792
findling-rss 1791026687,123514880,3002368,819536,130985984,139169792
findling-rss 1791026689,123514880,3002368,815216,130924544,139169792
findling-rss 1791026691,123514880,3002368,816296,130572288,139169792
findling-rss 1791026693,123514880,3002368,817456,130232320,139169792
findling-rss 1791026695,123514880,3002368,818000,130473984,139169792
findling-rss 1791026697,123514880,3002368,819360,130306048,139169792
findling-rss 1791026699,123514880,3002368,816200,130265088,139169792
findling-rss 1791026701,123514880,3002368,817792,130023424,139169792
findling-rss 1791026703,123514880,3002368,815144,130478080,139169792
findling-rss 1791026705,123514880,3002368,815488,130691072,139169792
findling-rss 1791026707,123514880,3002368,815488,129654784,139169792
findling-rss 1791026709,123514880,3002368,817592,130408448,139169792
findling-rss 1791026711,124805120,3002368,859128,131629056,139169792
findling-rss 1791026713,123514880,3002368,813648,129363968,139169792
findling-rss 1791026715,123514880,3002368,815008,130535424,139169792
findling-rss 1791026717,123514880,3002368,816632,130523136,139169792
findling-rss 1791026719,123514880,3002368,816504,130732032,139169792
findling-rss 1791026721,123514880,3002368,818808,131006464,139169792
findling-rss 1791026723,123514880,3002368,819224,130621440,139169792
findling-rss 1791026725,123514880,3002368,820824,130367488,139169792
findling-rss 1791026727,123514880,3002368,821744,130170880,139169792
findling-rss 1791026729,123514880,3002368,822800,129978368,139169792
findling-rss 1791026731,123514880,3002368,819968,130813952,139169792
findling-rss 1791026733,123514880,3002368,820248,130818048,139169792
findling-rss 1791026735,123514880,3002368,818648,130617344,139169792
findling-rss 1791026737,123514880,3002368,819328,130863104,139169792
findling-rss 1791026739,123514880,3002368,818776,130834432,139169792
findling-rss 1791026741,123514880,3002368,819320,130539520,139169792
findling-rss 1791026743,123514880,3002368,819360,129904640,139169792
findling-rss 1791026745,123514880,3002368,819832,130289664,139169792
findling-rss 1791026747,123514880,3002368,820512,130572288,139169792
findling-rss 1791026749,123514880,3002368,818824,130461696,139169792
findling-rss 1791026751,123514880,3002368,817528,130105344,139169792
findling-rss 1791026753,123514880,3002368,818648,130265088,139169792
findling-rss 1791026755,123514880,3002368,817904,130752512,139169792
findling-rss 1791026757,123514880,3002368,818168,130502656,139169792
findling-rss 1791026759,123514880,3002368,818208,129712128,139169792
findling-rss 1791026761,123514880,3002368,818232,130236416,139169792
findling-rss 1791026763,123514880,3002368,818680,130555904,139169792
findling-rss 1791026765,123514880,3002368,819624,130240512,139169792
findling-rss 1791026767,123514880,3002368,816032,130772992,139169792
findling-rss 1791026770,123514880,3002368,816912,128802816,139169792
findling-rss 1791026772,123514880,3002368,818512,130076672,139169792
findling-rss 1791026774,123514880,3002368,817832,130838528,139169792
findling-rss 1791026776,123514880,3133440,816712,130424832,139169792
findling-rss 1791026778,123514880,3133440,817632,130342912,139169792
findling-rss 1791026780,124596224,3133440,818912,130379776,139169792
findling-rss 1791026782,123514880,3133440,819632,130318336,139169792
findling-rss 1791026784,123514880,3133440,817584,130768896,139169792
findling-rss 1791026786,123514880,3133440,818264,131264512,139169792
findling-rss 1791026788,123514880,3133440,817824,130793472,139169792
findling-rss 1791026790,123514880,3133440,819456,129949696,139169792
findling-rss 1791026792,123514880,3133440,819936,130555904,139169792
findling-rss 1791026794,123514880,3133440,818312,130445312,139169792
findling-rss 1791026796,123514880,3133440,818952,130973696,139169792
findling-rss 1791026798,123514880,3133440,820616,130924544,139169792
findling-rss 1791026800,123514880,3133440,820488,131108864,139169792
findling-rss 1791026802,123514880,3133440,831280,130920448,139169792
findling-rss 1791026804,123514880,3133440,815552,130101248,139169792
findling-rss 1791026806,123527168,3133440,822672,130228224,139169792
findling-rss 1791026808,123527168,3133440,822928,131485696,139169792
findling-rss 1791026810,123527168,3133440,815184,131280896,139169792
findling-rss 1791026812,123527168,3133440,815208,131125248,139169792
findling-rss 1791026814,123527168,3133440,815824,131010560,139169792
findling-rss 1791026816,123527168,3133440,817688,131125248,139169792
findling-rss 1791026818,123527168,3133440,813336,131235840,139169792
findling-rss 1791026820,123527168,3133440,814432,130371584,139169792
findling-rss 1791026822,123527168,3133440,815816,130826240,139169792
findling-rss 1791026824,123527168,3133440,815864,130666496,139169792
findling-rss 1791026826,123527168,3133440,815824,130789376,139169792
findling-rss 1791026828,123527168,3133440,816872,130240512,139169792
findling-rss 1791026830,123527168,3133440,817968,130207744,139169792
findling-rss 1791026832,123527168,3133440,818672,130904064,139169792
findling-rss 1791026834,123527168,3133440,814736,130473984,139169792
findling-rss 1791026836,123527168,3133440,814256,130478080,139169792
findling-rss 1791026838,123527168,3133440,814672,130519040,139169792
findling-rss 1791026840,123527168,3133440,814400,131547136,139169792
findling-rss 1791026842,123527168,3133440,813408,131108864,139169792
findling-rss 1791026844,123527168,3133440,814264,130895872,139169792
findling-rss 1791026846,123527168,3133440,816368,130760704,139169792
findling-rss 1791026848,123527168,3133440,816328,130744320,139169792
findling-rss 1791026850,123531264,3133440,817184,130465792,139169792
findling-rss 1791026852,123531264,3133440,817048,130162688,139169792
findling-rss 1791026854,123531264,3133440,818408,130527232,139169792
findling-rss 1791026856,123531264,3133440,820008,130699264,139169792
findling-rss 1791026858,123531264,3133440,816160,130744320,139169792
findling-rss 1791026860,123531264,3133440,816160,130609152,139169792
findling-rss 1791026862,123531264,3133440,816640,130154496,139169792
findling-rss 1791026864,123531264,3133440,814840,130052096,139169792
findling-rss 1791026866,123531264,3133440,816440,130068480,139169792
findling-rss 1791026868,123531264,3133440,815520,131248128,139169792
findling-rss 1791026870,123875328,3133440,814600,131276800,139169792
findling-rss 1791026872,123531264,3133440,815960,130633728,139169792
findling-rss 1791026874,123531264,3133440,817320,130727936,139169792
findling-rss 1791026876,123531264,3133440,820768,130326528,139169792
findling-rss 1791026878,123531264,3133440,818040,130514944,139169792
findling-rss 1791026880,123535360,3133440,817800,129830912,139169792
findling-rss 1791026882,123535360,3133440,818504,130547712,139169792
findling-rss 1791026884,123535360,3133440,818376,130220032,139169792
findling-rss 1791026886,123535360,3133440,818992,130396160,139169792
findling-rss 1791026888,123535360,3133440,818776,131084288,139169792
findling-rss 1791026890,123535360,3133440,819632,130908160,139169792
findling-rss 1791026892,123535360,3133440,831144,130600960,139169792
findling-rss 1791026894,123535360,3133440,815552,129642496,139169792
findling-rss 1791026896,152055808,10543104,1760072,167641088,167899136
findling-rss 1791026898,208068608,43974656,6246952,261890048,262459392
findling-rss 1791026900,231665664,64045056,8923336,308973568,309317632
findling-rss 1791026902,243601408,67293184,9334760,324198400,325472256
findling-rss 1791026904,241340416,68919296,9407568,322969600,325599232
findling-rss 1791026906,246951936,69554176,9450912,329613312,331247616
findling-rss 1791026908,247517184,70541312,9503448,330792960,332836864
findling-rss 1791026910,249159680,71516160,9554896,334282752,335769600
findling-rss 1791026912,249446400,72642560,9609856,335372288,337403904
findling-rss 1791026914,241143808,72753152,9713712,327524352,340602880
findling-rss 1791026916,248688640,73244672,9809752,334479360,340602880
findling-rss 1791026918,252264448,73596928,9724576,339075072,341499904
findling-rss 1791026920,254689280,74158080,9761272,342765568,343711744
findling-rss 1791026922,256520192,74244096,9790880,344141824,346050560
findling-rss 1791026924,256655360,74698752,9808832,343990272,346206208
findling-rss 1791026926,258867200,74838016,9842320,347586560,349638656
findling-rss 1791026928,181956608,75497472,9821928,270532608,350478336
findling-rss 1791026930,245374976,76001280,10014696,333959168,350478336
findling-rss 1791026932,250191872,75878400,10009592,339333120,350478336
findling-rss 1791026934,254136320,76103680,10047608,343633920,356007936
findling-rss 1791026936,257105920,77303808,9987136,347455488,356007936
findling-rss 1791026938,257200128,76574720,9989328,347361280,356007936
findling-rss 1791026940,257961984,77414400,10087256,348409856,356007936
findling-rss 1791026942,258326528,77369344,10108872,348831744,356007936
findling-rss 1791026944,189878272,77979648,10107776,280895488,356007936
findling-rss 1791026946,250212352,77742080,10239424,341217280,359636992
findling-rss 1791026948,252329984,78135296,10276184,344739840,359636992
findling-rss 1791026950,254652416,78446592,10301568,347021312,359636992
findling-rss 1791026952,255160320,78643200,10274288,348123136,359636992
findling-rss 1791026954,262807552,79036416,10284088,355241984,359800832
findling-rss 1791026956,263180288,79249408,10323984,356425728,359800832
findling-rss 1791026958,263520256,79634432,10359536,357109760,359800832
findling-rss 1791026960,173637632,80379904,10258600,267460608,359911424
findling-rss 1791026962,234336256,80080896,10512240,328417280,359911424
findling-rss 1791026964,253538304,80891904,10593792,348803072,359911424
findling-rss 1791026966,255545344,81223680,10622328,352014336,359911424
findling-rss 1791026968,258048000,81297408,10652776,353882112,359911424
findling-rss 1791026970,258863104,81862656,10571288,354168832,368033792
findling-rss 1791026972,261824512,82321408,10605312,358031360,368033792
findling-rss 1791026974,265056256,82186240,10619200,361193472,369152000
findling-rss 1791026976,191664128,82669568,10606624,288645120,369152000
findling-rss 1791026978,249622528,82505728,10747448,346284032,369152000
findling-rss 1791026980,254922752,86032384,10909376,355729408,369152000
findling-rss 1791026982,262201344,83021824,10858328,359735296,369152000
findling-rss 1791026984,262209536,83369984,10938128,362192896,369152000
findling-rss 1791026986,262209536,83738624,10919512,360804352,369152000
findling-rss 1791026988,255889408,83861504,10831968,354152448,369152000
findling-rss 1791026990,256729088,84258816,10867624,355315712,369152000
findling-rss 1791026992,179707904,85254144,10830192,279613440,369152000
findling-rss 1791026994,251846656,85258240,11011576,351645696,369152000
findling-rss 1791026996,252710912,85237760,11046080,352043008,369152000
findling-rss 1791026998,252837888,86007808,11081208,353157120,369152000
findling-rss 1791027000,255336448,85823488,11100864,355893248,369152000
findling-rss 1791027002,255369216,86200320,11130872,356401152,369152000
findling-rss 1791027004,257433600,86339584,11046192,358334464,374661120
findling-rss 1791027006,257867776,86732800,11104784,359473152,374661120
findling-rss 1791027008,216244224,87277568,11157720,317812736,374661120
findling-rss 1791027010,252071936,87453696,11328952,353718272,374661120
findling-rss 1791027012,252219392,87683072,11342704,354938880,374661120
findling-rss 1791027014,253198336,87789568,11377416,355549184,374661120
findling-rss 1791027016,256245760,88342528,11409296,359510016,375963648
findling-rss 1791027018,261394432,88342528,11433584,365207552,375963648
findling-rss 1791027020,254009344,89153536,11475840,358924288,375963648
findling-rss 1791027022,258940928,89026560,11384912,362958848,381849600
findling-rss 1791027024,232390656,89378816,11446280,336904192,381849600
findling-rss 1791027026,252436480,89591808,11520040,356397056,381849600
findling-rss 1791027028,256061440,89944064,11555056,360660992,381849600
findling-rss 1791027030,257544192,90296320,11618584,363139072,381849600
findling-rss 1791027032,259915776,90554368,11623848,366448640,381849600
findling-rss 1791027034,260804608,90873856,11643336,367693824,381849600
findling-rss 1791027036,261996544,91254784,11741336,368431104,381849600
findling-rss 1791027038,262021120,111509504,12338424,389648384,390123520
findling-rss 1791027040,234983424,91840512,11737016,341053440,390123520
findling-rss 1791027042,251793408,91865088,11787512,358375424,390123520
findling-rss 1791027044,254722048,92229632,11825704,363036672,390123520
findling-rss 1791027047,256937984,92577792,11901440,365010944,390123520
findling-rss 1791027049,258150400,93233152,11942976,366972928,390123520
findling-rss 1791027051,259264512,93151232,11955784,368386048,390123520
findling-rss 1791027053,259301376,93614080,11996456,368742400,390123520
findling-rss 1791027055,163840000,93941760,11830040,272490496,390123520
findling-rss 1791027057,232071168,116711424,12721400,365154304,390123520
findling-rss 1791027059,253456384,94253056,12036248,363151360,390123520
findling-rss 1791027061,255320064,94699520,12070384,365711360,390123520
findling-rss 1791027063,255971328,95023104,12110200,367120384,390123520
findling-rss 1791027065,258240512,95404032,12135192,368619520,390123520
findling-rss 1791027067,260014080,95719424,12171904,371703808,390123520
findling-rss 1791027069,260280320,96096256,12268944,371679232,390123520
findling-rss 1791027071,260399104,96481280,12276176,373112832,390123520
findling-rss 1791027073,248147968,97005568,12412592,361553920,390123520
findling-rss 1791027075,254349312,96686080,12305568,367116288,394072064
findling-rss 1791027077,256147456,97107968,12398672,368898048,394072064
findling-rss 1791027079,256282624,97542144,12436440,369950720,394072064
findling-rss 1791027081,258813952,97906688,12451048,372269056,394072064
findling-rss 1791027083,257359872,98095104,12486424,371437568,397340672
findling-rss 1791027085,258867200,98447360,12518016,373284864,397340672
findling-rss 1791027087,195035136,99225600,12516976,310099968,397340672
findling-rss 1791027089,254767104,99078144,12642360,369627136,397340672
findling-rss 1791027091,258170880,99278848,12680544,373764096,397340672
findling-rss 1791027093,258211840,99508224,12595104,374484992,405303296
findling-rss 1791027095,258613248,99987456,12695784,374812672,405303296
findling-rss 1791027097,259805184,100446208,12729728,376033280,405303296
findling-rss 1791027099,260075520,100851712,12778304,377389056,405303296
findling-rss 1791027101,260952064,101564416,12804728,378572800,405303296
findling-rss 1791027103,221126656,101781504,12831352,339161088,405303296
findling-rss 1791027105,253153280,101687296,12926400,370552832,405303296
findling-rss 1791027107,257699840,101998592,12957376,376860672,405303296
findling-rss 1791027109,258772992,102187008,12929464,377024512,409784320
findling-rss 1791027111,257376256,102588416,12960008,376524800,409784320
findling-rss 1791027113,259764224,102952960,13007912,379486208,409784320
findling-rss 1791027115,259076096,103292928,13009368,378449920,409784320
findling-rss 1791027117,259084288,103473152,13046088,379482112,409784320
findling-rss 1791027119,254652416,104796160,13192240,374837248,409784320
findling-rss 1791027121,257998848,104148992,13204624,378503168,409784320
findling-rss 1791027123,258330624,104460288,13258800,380686336,409784320
findling-rss 1791027125,258572288,104660992,13310504,379785216,409784320
findling-rss 1791027127,260972544,104828928,13208952,382332928,415789056
findling-rss 1791027129,261328896,105164800,13244400,382836736,415789056
findling-rss 1791027131,261951488,105586688,13277536,384819200,415789056
findling-rss 1791027133,262025216,105926656,13309928,384491520,415789056
findling-rss 1791027135,235245568,106033152,13432032,358772736,415789056
findling-rss 1791027137,255148032,106405888,13511752,378695680,415789056
findling-rss 1791027139,260165632,106762240,13544152,383893504,415789056
findling-rss 1791027141,261283840,107114496,13579784,385286144,415789056
findling-rss 1791027143,262078464,142958592,14611360,423739392,425320448
findling-rss 1791027145,264462336,107749376,13495712,389189632,425320448
findling-rss 1791027147,264785920,107921408,13533480,389566464,425320448
findling-rss 1791027149,264785920,108236800,13563080,390094848,425320448
findling-rss 1791027151,230998016,108949504,13640448,356872192,425320448
findling-rss 1791027153,254205952,109031424,13706008,380166144,425320448
findling-rss 1791027155,254623744,108986368,13729072,380755968,425320448
findling-rss 1791027157,256028672,109625344,13823696,383029248,425320448
findling-rss 1791027159,259584000,109780992,13855728,387317760,425320448
findling-rss 1791027161,260165632,110010368,13767992,387153920,427442176
findling-rss 1791027163,268423168,110862336,13813376,396771328,427442176
findling-rss 1791027165,268652544,110694400,13845392,396607488,427442176
findling-rss 1791027167,242593792,110739456,13895568,371732480,427442176
findling-rss 1791027169,257429504,111038464,13962480,385093632,427442176
findling-rss 1791027171,257867776,111378432,13990984,386629632,427442176
findling-rss 1791027173,266207232,112091136,14041088,396017664,427442176
findling-rss 1791027175,266293248,112119808,14060152,396058624,427442176
findling-rss 1791027177,266346496,153034752,15274288,438919168,438919168
findling-rss 1791027179,266702848,112398336,13983048,397242368,439259136
findling-rss 1791027181,266858496,112791552,14020448,396783616,439259136
findling-rss 1791027183,236302336,113168384,14105384,366456832,439259136
findling-rss 1791027185,256618496,113664000,14173032,387854336,439259136
findling-rss 1791027187,259629056,113856512,14188280,391569408,439259136
findling-rss 1791027189,257429504,114151424,14221424,388964352,439259136
findling-rss 1791027191,259571712,114528256,14323224,392650752,439259136
findling-rss 1791027193,256385024,114888704,14345616,388411392,439259136
findling-rss 1791027195,263221248,158601216,15638848,441745408,441753600
findling-rss 1791027197,263442432,115576832,14269176,396914688,442744832
findling-rss 1791027199,234258432,115515392,14334744,367292416,442744832
findling-rss 1791027201,300249088,138805248,14909016,458346496,458346496
findling-rss 1791027203,373706752,140984320,14915480,533823488,535670784
findling-rss 1791027205,303910912,142356480,14919984,465235968,535670784
findling-rss 1791027207,349298688,142356480,14919216,511082496,535670784
findling-rss 1791027209,588529664,166309888,14931904,773599232,779673600
findling-rss 1791027211,1291829248,307163136,15745304,1610297344,1656877056
findling-rss 1791027213,1370656768,308150272,15882896,1701810176,1703669760
findling-rss 1791027215,1371136000,308150272,15882240,1702191104,1704054784
findling-rss 1791027217,1367334912,308146176,15898952,1698488320,1704054784
findling-rss 1791027219,1367334912,308146176,15903152,1698136064,1704054784
findling-rss 1791027221,1343438848,308539392,15804824,1671811072,1729720320
findling-rss 1791027223,1436041216,308944896,15913856,1766604800,1768222720
findling-rss 1791027225,1441382400,308944896,15912896,1773887488,1775468544
findling-rss 1791027227,1435975680,308948992,15931176,1768112128,1775468544
findling-rss 1791027229,1436721152,308948992,15931616,1769312256,1775468544
findling-rss 1791027231,1344606208,308752384,15830664,1676050432,1775468544
findling-rss 1791027233,1440993280,309186560,15938320,1773088768,1775468544
findling-rss 1791027235,1441001472,309186560,15937088,1773441024,1775468544
findling-rss 1791027237,1441259520,309202944,15968360,1773465600,1775468544
findling-rss 1791027239,1441259520,309202944,15955856,1773465600,1775468544
findling-rss 1791027241,1406791680,309051392,15837184,1738285056,1775468544
findling-rss 1791027243,1445298176,309460992,15960680,1777491968,1777496064
findling-rss 1791027245,1445371904,309460992,15958552,1777876992,1780285440
findling-rss 1791027247,1445838848,309465088,15978456,1778507776,1780285440
findling-rss 1791027249,1407033344,309108736,15866336,1738665984,1780285440
findling-rss 1791027251,1368027136,309317632,15864728,1738657792,1780285440
findling-rss 1791027253,1446895616,309727232,15985752,1778765824,1781571584
findling-rss 1791027255,1451114496,309727232,15989168,1783783424,1785573376
findling-rss 1791027257,1446051840,309727232,16008696,1778667520,1785573376
findling-rss 1791027259,1350275072,309374976,15889416,1682063360,1785573376
findling-rss 1791027261,1408786432,309587968,15892808,1740611584,1785573376
findling-rss 1791027263,1447407616,309833728,15898136,1780191232,1785573376
findling-rss 1791027265,1447628800,309833728,15897552,1780371456,1785573376
findling-rss 1791027267,1448263680,309846016,15912088,1781551104,1785573376
findling-rss 1791027269,1352065024,309481472,15796808,1683791872,1785573376
findling-rss 1791027271,1352105984,309747712,15796848,1684172800,1785573376
findling-rss 1791027273,1447092224,310095872,15918928,1780789248,1785573376
findling-rss 1791027275,1404182528,310108160,15833728,1736962048,1785573376
findling-rss 1791027277,1453740032,310108160,15936720,1786716160,1788280832
findling-rss 1791027279,1406808064,309776384,15819176,1738940416,1788280832
findling-rss 1791027281,1353134080,310013952,15818376,1685594112,1788280832
findling-rss 1791027283,1449222144,310370304,15935776,1782775808,1788280832
findling-rss 1791027285,1392287744,310362112,15848784,1724448768,1788280832
findling-rss 1791027287,1449250816,310362112,15957416,1782808576,1788280832
findling-rss 1791027289,1357365248,310042624,15839216,1690365952,1788280832
findling-rss 1791027291,1357385728,310284288,15839328,1690275840,1788280832
findling-rss 1791027293,1453707264,310640640,15958656,1786888192,1788993536
findling-rss 1791027295,1409462272,310632448,15872680,1743097856,1789173760
findling-rss 1791027297,1453748224,310632448,15978376,1787584512,1789460480
findling-rss 1791027299,1413758976,310317056,15859832,1747243008,1789579264
findling-rss 1791027301,1384693760,310906880,15866944,1716346880,1789579264
findling-rss 1791027303,1453072384,310906880,15985512,1786548224,1789579264
findling-rss 1791027305,1409486848,310906880,15895912,1742876672,1789579264
findling-rss 1791027307,1454686208,310906880,16024104,1789628416,1789628416
findling-rss 1791027309,1357651968,310583296,15891280,1690828800,1790414848
findling-rss 1791027311,1357676544,310816768,15891760,1691234304,1790414848
findling-rss 1791027313,1362702336,310980608,15916080,1696342016,1790414848
findling-rss 1791027315,1363365888,311300096,15950760,1696563200,1790414848
findling-rss 1791027317,1363406848,311513088,15874744,1697337344,1790414848
findling-rss 1791027319,1363415040,311869440,15899528,1697390592,1790414848
findling-rss 1791027321,1366761472,312188928,15930512,1701429248,1790414848
findling-rss 1791027324,1323675648,312725504,15943992,1656971264,1790414848
findling-rss 1791027326,1358282752,312565760,16121304,1693687808,1790414848
findling-rss 1791027328,1359822848,313020416,16154872,1695211520,1790414848
findling-rss 1791027330,1360326656,313466880,16188512,1696165888,1790414848
findling-rss 1791027332,1362546688,313868288,16219848,1699368960,1790414848
findling-rss 1791027334,1361592320,361533440,17639864,1747566592,1790414848
findling-rss 1791027336,1363451904,314437632,16137744,1700241408,1790414848
findling-rss 1791027338,1363308544,314793984,16172376,1700786176,1790414848
findling-rss 1791027340,1355014144,314925056,16301816,1693081600,1790414848
findling-rss 1791027342,1358331904,315461632,16381160,1696882688,1790414848
findling-rss 1791027344,1363054592,315723776,16427696,1701920768,1790414848
findling-rss 1791027346,1367818240,316162048,16438464,1706635264,1790414848
findling-rss 1791027348,1367879680,316526592,16486344,1707487232,1790414848
findling-rss 1791027350,1365970944,316686336,16517848,1705443328,1790414848
findling-rss 1791027352,1362153472,316882944,16418616,1701982208,1790414848
findling-rss 1791027354,1365970944,317124608,16456960,1706680320,1790414848
findling-rss 1791027356,1339658240,317448192,16567368,1680166912,1790414848
findling-rss 1791027358,1361002496,317587456,16640232,1701031936,1790414848
findling-rss 1791027360,1364070400,317964288,16672840,1704890368,1790414848
findling-rss 1791027362,1364828160,318291968,16710152,1707147264,1790414848
findling-rss 1791027364,1364836352,318595072,16733432,1706594304,1790414848
findling-rss 1791027366,1365032960,318918656,16761440,1707483136,1790414848
findling-rss 1791027368,1368236032,319008768,16678048,1710333952,1790414848
findling-rss 1791027370,1288577024,319643648,16638256,1632092160,1790414848
findling-rss 1791027372,1359740928,319401984,16816496,1702879232,1790414848
findling-rss 1791027374,1360723968,319897600,16853096,1704587264,1790414848
findling-rss 1791027376,1363664896,320270336,16883344,1707577344,1790414848
findling-rss 1791027378,1366237184,320593920,16919352,1710346240,1790414848
findling-rss 1791027380,1366249472,321024000,16952776,1711153152,1790414848
findling-rss 1791027382,1370914816,321347584,16960832,1715810304,1790414848
findling-rss 1791027384,1370918912,321802240,17032312,1715945472,1790414848
findling-rss 1791027386,1321308160,321966080,16915824,1666433024,1790414848
findling-rss 1791027388,1357008896,321884160,17026432,1702653952,1790414848
findling-rss 1791027390,1362382848,322183168,17091920,1708171264,1790414848
findling-rss 1791027392,1365000192,322453504,17128816,1711259648,1790414848
findling-rss 1791027394,1365331968,322752512,17158592,1712009216,1790414848
findling-rss 1791027396,1456664576,323473408,17313096,1805119488,1805127680
findling-rss 1791027398,1478586368,323473408,17315200,1827368960,1828962304
findling-rss 1791027400,1472454656,323465216,17317760,1820741632,1829171200
findling-rss 1791027402,1497292800,323465216,17317448,1845768192,1845772288
findling-rss 1791027404,1443258368,323264512,17195472,1774931968,1847074816
findling-rss 1791027406,1438076928,323821568,17325480,1786376192,1847074816
findling-rss 1791027408,1458495488,323821568,17328480,1806737408,1847074816
findling-rss 1791027410,1438068736,323817472,17349624,1786380288,1847074816
findling-rss 1791027412,1460330496,323817472,17346128,1808293888,1847074816
findling-rss 1791027414,1419862016,323555328,17228128,1767583744,1847074816
findling-rss 1791027416,1438089216,324091904,17356464,1786474496,1847074816
findling-rss 1791027418,1458118656,324091904,17356640,1806692352,1847074816
findling-rss 1791027420,1551011840,327471104,17641184,1903390720,1922121728
findling-rss 1791027422,1572462592,327471104,17655648,1924005888,1924841472
findling-rss 1791027424,1463414784,327385088,17527112,1815027712,1928892416
findling-rss 1791027426,1373032448,384020480,19279400,1782829056,1928892416
findling-rss 1791027428,1458884608,327729152,17527008,1810993152,1928892416
findling-rss 1791027430,1402699776,327745536,17548920,1755275264,1928892416
findling-rss 1791027432,1458991104,327745536,17545792,1811824640,1928892416
findling-rss 1791027434,1420136448,327446528,17426448,1771909120,1928892416
findling-rss 1791027436,1414602752,328003584,17453320,1767616512,1928892416
findling-rss 1791027438,1464328192,328003584,17548208,1817243648,1928892416
findling-rss 1791027440,1364193280,328011776,17558352,1716424704,1928892416
findling-rss 1791027442,1458245632,328011776,17568544,1810866176,1928892416
findling-rss 1791027444,1419935744,327712768,17494048,1771937792,1928892416
findling-rss 1791027446,1374072832,328323072,17570728,1726771200,1928892416
findling-rss 1791027448,1459470336,328323072,17573608,1813319680,1928892416
findling-rss 1791027450,1402081280,328310784,17591688,1755992064,1928892416
findling-rss 1791027452,1458700288,328310784,17594232,1811996672,1928892416
findling-rss 1791027454,1418698752,328019968,17474720,1771552768,1928892416
findling-rss 1791027456,1414660096,328900608,17499136,1768136704,1928892416
findling-rss 1791027458,1459159040,328900608,17611320,1813032960,1928892416
findling-rss 1791027460,1373478912,328900608,17625408,1727524864,1928892416
findling-rss 1791027462,1460547584,328900608,17632640,1814491136,1928892416
findling-rss 1791027464,1419784192,328548352,17512408,1772498944,1928892416
findling-rss 1791027466,1414660096,328937472,17532040,1767788544,1928892416
findling-rss 1791027468,1459466240,328937472,17628776,1813057536,1928892416
findling-rss 1791027470,1373818880,328925184,17647616,1727250432,1928892416
findling-rss 1791027472,1458429952,328925184,17645792,1812332544,1928892416
findling-rss 1791027474,1420206080,328577024,17530784,1772941312,1928892416
findling-rss 1791027476,1364021248,328953856,17628152,1717374976,1928892416
findling-rss 1791027478,1458069504,328953856,17644848,1812217856,1928892416
findling-rss 1791027480,1400500224,328957952,17663368,1753931776,1928892416
findling-rss 1791027482,1458601984,328957952,17666352,1811918848,1928892416
findling-rss 1791027484,1418960896,328605696,17550040,1771692032,1928892416
findling-rss 1791027486,1414692864,328994816,17552496,1767243776,1928892416
findling-rss 1791027488,1459003392,328994816,17665016,1812803584,1928892416
findling-rss 1791027490,1389494272,328982528,17681504,1743609856,1928892416
findling-rss 1791027492,1458671616,328982528,17682688,1810767872,1928892416
findling-rss 1791027494,1420247040,328634368,17557496,1773387776,1928892416
findling-rss 1791027496,1407787008,385130496,19224416,1816993792,1928892416
findling-rss 1791027498,1458851840,328847360,17562488,1812520960,1928892416
findling-rss 1791027500,1372442624,328847360,17578544,1726287872,1928892416
findling-rss 1791027502,1459146752,328847360,17577104,1813274624,1928892416
findling-rss 1791027504,1362698240,328491008,17458096,1715695616,1928892416
findling-rss 1791027506,1414807552,328871936,17477560,1768144896,1928892416
findling-rss 1791027508,1459253248,328871936,17578880,1812598784,1928892416
findling-rss 1791027510,1390227456,328871936,17596488,1735540736,1928892416
findling-rss 1791027512,1458683904,328871936,17639768,1812258816,1928892416
findling-rss 1791027514,1387175936,328519680,17482568,1772625920,1928892416
findling-rss 1791027516,1401253888,328904704,17485328,1753657344,1928892416
findling-rss 1791027518,1458724864,328904704,17595024,1812578304,1928892416
findling-rss 1791027520,1414807552,328904704,17509392,1768173568,1928892416
findling-rss 1791027522,1458819072,328904704,17614680,1812656128,1928892416
findling-rss 1791027524,1362911232,328548352,17497552,1715511296,1928892416
findling-rss 1791027526,1414586368,328933376,17506712,1766588416,1928892416
findling-rss 1791027528,1459150848,328933376,17616504,1813692416,1928892416
findling-rss 1791027530,1414983680,328933376,17526376,1768591360,1928892416
findling-rss 1791027532,1458446336,328933376,17631200,1812910080,1928892416
findling-rss 1791027534,1362915328,328577024,17512824,1716088832,1928892416
findling-rss 1791027536,1362919424,328605696,17509704,1715326976,1928892416
findling-rss 1791027538,1458962432,328957952,17630240,1812762624,1928892416
findling-rss 1791027540,1414987776,328962048,17548456,1768890368,1928892416
findling-rss 1791027542,1458626560,328962048,17648520,1812574208,1928892416
findling-rss 1791027544,1362919424,328605696,17533528,1715822592,1928892416
findling-rss 1791027546,1394450432,328978432,17542736,1746952192,1928892416
findling-rss 1791027548,1458667520,328978432,17648592,1813020672,1928892416
findling-rss 1791027550,1372319744,328982528,17673320,1726402560,1928892416
findling-rss 1791027552,1460682752,328982528,17680776,1814441984,1928892416
findling-rss 1791027554,1418035200,328634368,17549376,1770713088,1928892416
findling-rss 1791027556,1411129344,329015296,17555104,1763655680,1928892416
findling-rss 1791027558,1458466816,329015296,17708880,1813352448,1928892416
findling-rss 1791027560,1414995968,329015296,17577792,1768595456,1928892416
findling-rss 1791027562,1458847744,329015296,17683128,1812226048,1928892416
findling-rss 1791027564,1420120064,328663040,17568688,1773232128,1928892416
findling-rss 1791027566,1415012352,385183744,19223120,1826992128,1928892416
findling-rss 1791027568,1458409472,328871936,17566744,1812729856,1928892416
findling-rss 1791027570,1371152384,328871936,17580360,1723990016,1928892416
findling-rss 1791027572,1458839552,328871936,17584960,1811947520,1928892416
findling-rss 1791027574,1420558336,328523776,17471184,1773068288,1928892416
findling-rss 1791027576,1415020544,328908800,17475760,1768390656,1928892416
findling-rss 1791027578,1458667520,328908800,17587472,1811968000,1928892416
findling-rss 1791027580,1374502912,328908800,17606344,1728679936,1928892416
findling-rss 1791027582,1460146176,328908800,17601656,1814265856,1928892416
findling-rss 1791027584,1420144640,328552448,17481960,1772699648,1928892416
findling-rss 1791027586,1415028736,328929280,17496792,1768366080,1928892416
findling-rss 1791027588,1457860608,328929280,17595160,1811464192,1928892416
findling-rss 1791027590,1403219968,328929280,17610856,1756598272,1928892416
findling-rss 1791027592,1459220480,328929280,17611960,1813053440,1928892416
findling-rss 1791027594,1362960384,328581120,17496208,1716670464,1928892416
findling-rss 1791027597,1401028608,328962048,17613656,1755037696,1928892416
findling-rss 1791027599,1459281920,328962048,17611320,1813753856,1928892416
findling-rss 1791027601,1430097920,328962048,17629096,1784037376,1928892416
findling-rss 1791027603,1458593792,328962048,17629624,1812606976,1928892416
findling-rss 1791027605,1419743232,328609792,17520608,1772646400,1928892416
findling-rss 1791027607,1402830848,328982528,17628264,1755660288,1928892416
findling-rss 1791027609,1458442240,328982528,17633640,1811787776,1928892416
findling-rss 1791027611,1438818304,328990720,17651056,1792368640,1928892416
findling-rss 1791027613,1458376704,328990720,17654032,1812426752,1928892416
findling-rss 1791027615,1420591104,328638464,17532592,1773203456,1928892416
findling-rss 1791027617,1430097920,329023488,17645200,1783554048,1928892416
findling-rss 1791027619,1461985280,329023488,17643432,1815609344,1928892416
findling-rss 1791027621,1438801920,329019392,17662200,1792737280,1928892416
findling-rss 1791027623,1458053120,329019392,17663560,1812152320,1928892416
findling-rss 1791027625,1420595200,328667136,17545680,1773715456,1928892416
findling-rss 1791027627,1430110208,329072640,17666344,1781899264,1928892416
findling-rss 1791027629,1458700288,329072640,17664384,1812762624,1928892416
findling-rss 1791027631,1438834688,329076736,17680376,1792528384,1928892416
findling-rss 1791027633,1459445760,329076736,17683992,1812856832,1928892416
findling-rss 1791027635,1420603392,328724480,17567280,1773481984,1928892416
findling-rss 1791027637,1430142976,328941568,17563856,1782059008,1928892416
findling-rss 1791027639,1460916224,328941568,17568536,1814921216,1928892416
findling-rss 1791027641,1438818304,328929280,17585752,1792643072,1928892416
findling-rss 1791027643,1458241536,328929280,17586912,1811988480,1928892416
findling-rss 1791027645,1420423168,328589312,17462600,1772847104,1928892416
findling-rss 1791027647,1403805696,328962048,17584696,1757810688,1928892416
findling-rss 1791027649,1458135040,328962048,17584016,1811791872,1928892416
findling-rss 1791027651,1438855168,328970240,17598864,1792307200,1928892416
findling-rss 1791027653,1458167808,328970240,17602496,1812361216,1928892416
findling-rss 1791027655,1418964992,328617984,17482184,1772290048,1928892416
findling-rss 1791027657,1431461888,328994816,17595840,1783836672,1928892416
findling-rss 1791027659,1458733056,328994816,17601712,1812996096,1928892416
findling-rss 1791027661,1438859264,328994816,17619096,1792954368,1928892416
findling-rss 1791027663,1458843648,328994816,17622184,1812230144,1928892416
findling-rss 1791027665,1420255232,328646656,17501912,1773891584,1928892416
findling-rss 1791027667,1438941184,329027584,17614472,1792065536,1928892416
findling-rss 1791027669,1459970048,329027584,17617184,1813512192,1928892416
findling-rss 1791027671,1438920704,329023488,17636000,1792110592,1928892416
findling-rss 1791027673,1458937856,329023488,17666072,1812967424,1928892416
findling-rss 1791027675,1419874304,328675328,17519288,1772806144,1928892416
findling-rss 1791027677,1438945280,329064448,17624448,1792819200,1928892416
findling-rss 1791027679,1459703808,329064448,17627744,1813671936,1928892416
findling-rss 1791027681,1474195456,330694656,17678128,1829834752,1928892416
findling-rss 1791027683,1500643328,330694656,17681672,1856192512,1928892416
findling-rss 1791027685,1397706752,329162752,17533968,1767628800,1928892416
findling-rss 1791027687,1389969408,329547776,17643216,1744166912,1928892416
findling-rss 1791027689,1464524800,329547776,17649480,1818583040,1928892416
findling-rss 1791027691,1395523584,329539584,17668856,1745711104,1928892416
findling-rss 1791027693,1463812096,329539584,17667984,1817616384,1928892416
findling-rss 1791027695,1420722176,329191424,17549688,1773596672,1928892416
findling-rss 1791027697,1415180288,329576448,17557744,1769365504,1928892416
findling-rss 1791027699,1459318784,329576448,17668240,1813876736,1928892416
findling-rss 1791027701,1389977600,329572352,17688656,1744130048,1928892416
findling-rss 1791027703,1459343360,329572352,17689816,1814282240,1928892416
findling-rss 1791027705,1363111936,329220096,17573000,1716686848,1928892416
findling-rss 1791027707,1400889344,386134016,19250216,1811816448,1928892416
findling-rss 1791027709,1458974720,329752576,17577272,1813422080,1928892416
findling-rss 1791027711,1416916992,329752576,17575280,1771474944,1928892416
findling-rss 1791027713,1510772736,329752576,17574992,1865412608,1928892416
findling-rss 1791027715,1390804992,329412608,17586736,1745162240,1928892416
findling-rss 1791027717,1459855360,329412608,17583832,1813815296,1928892416
findling-rss 1791027719,1370353664,329056256,17467088,1717465088,1928892416
findling-rss 1791027721,1415188480,329433088,17469664,1768980480,1928892416
findling-rss 1791027723,1458515968,329433088,17583072,1812172800,1928892416
findling-rss 1791027725,1400397824,329449472,17607736,1753812992,1928892416
findling-rss 1791027727,1459744768,329449472,17598184,1813233664,1928892416
findling-rss 1791027729,1420312576,329089024,17483408,1773555712,1928892416
findling-rss 1791027731,1415200768,329478144,17485800,1768849408,1928892416
findling-rss 1791027733,1458737152,329478144,17600512,1813000192,1928892416
findling-rss 1791027735,1406955520,330670080,17646224,1762758656,1928892416
findling-rss 1791027737,1495302144,330670080,17650720,1851105280,1928892416
findling-rss 1791027739,1454514176,329125888,17499944,1808297984,1928892416
findling-rss 1791027741,1397739520,329154560,17543560,1751052288,1928892416
findling-rss 1791027743,1458536448,329502720,17612768,1812168704,1928892416
findling-rss 1791027745,1415200768,329502720,17522232,1769078784,1928892416
findling-rss 1791027747,1458720768,329502720,17634800,1812729856,1928892416
findling-rss 1791027749,1370914816,329154560,17519272,1722056704,1928892416
findling-rss 1791027751,1415200768,329535488,17519584,1769275392,1928892416
findling-rss 1791027753,1459118080,329535488,17633912,1813512192,1928892416
findling-rss 1791027755,1390706688,329539584,17655144,1744883712,1928892416
findling-rss 1791027757,1459478528,329539584,17652656,1813999616,1928892416
findling-rss 1791027759,1419489280,329183232,17534224,1773903872,1928892416
findling-rss 1791027761,1415204864,329568256,17546704,1769431040,1928892416
findling-rss 1791027763,1459728384,329568256,17667352,1814495232,1928892416
findling-rss 1791027765,1391882240,329564160,17668064,1746214912,1928892416
findling-rss 1791027767,1458540544,329564160,17674312,1812697088,1928892416
findling-rss 1791027769,1419284480,329211904,17552520,1773158400,1928892416
findling-rss 1791027771,1391046656,329601024,17662320,1744691200,1928892416
findling-rss 1791027773,1459298304,329601024,17663240,1813725184,1928892416
findling-rss 1791027775,1403826176,331714560,17738880,1760522240,1928892416
findling-rss 1791027777,1459040256,331714560,17741936,1815965696,1928892416
findling-rss 1791027779,1491062784,331714560,17744576,1847988224,1928892416
findling-rss 1791027781,1511522304,331714560,17744576,1868697600,1928892416
findling-rss 1791027783,1438982144,331714560,17744632,1795510272,1928892416
findling-rss 1791027785,1459384320,331714560,17746848,1815457792,1928892416
findling-rss 1791027787,1510838272,331714560,17743256,1867911168,1928892416
findling-rss 1791027789,1515945984,331714560,17744792,1873346560,1928892416
findling-rss 1791027791,1520758784,331714560,17743008,1877803008,1928892416
findling-rss 1791027793,1521643520,331714560,17742128,1879146496,1928892416
findling-rss 1791027795,1522065408,331714560,17739776,1878716416,1928892416
findling-rss 1791027797,1522827264,331714560,17739280,1879523328,1928892416
findling-rss 1791027799,1523322880,331714560,17737240,1880068096,1928892416
findling-rss 1791027801,1523322880,331714560,17737144,1879957504,1928892416
findling-rss 1791027803,1419853824,329666560,17578912,1773899776,1928892416
findling-rss 1791027805,1461338112,329875456,17581344,1815375872,1928892416
findling-rss 1791027807,1462317056,329875456,17581784,1817124864,1928892416
findling-rss 1791027809,1459335168,329879552,17613104,1814048768,1928892416
findling-rss 1791027811,1326317568,329523200,17245928,1679589376,1928892416
findling-rss 1791027813,1328394240,329523200,17240104,1681506304,1928892416
findling-rss 1791027815,1425625088,329900032,17614048,1780236288,1928892416
findling-rss 1791027817,1444990976,329900032,17615200,1799991296,1928892416
findling-rss 1791027819,1459380224,329908224,17635816,1814675456,1928892416
findling-rss 1791027821,1479487488,329908224,17636976,1834143744,1928892416
findling-rss 1791027823,1389088768,329551872,17521528,1743421440,1928892416
findling-rss 1791027825,1459376128,329957376,17645200,1814786048,1928892416
findling-rss 1791027827,1479077888,329957376,17645224,1834078208,1928892416
findling-rss 1791027829,1477738496,329961472,17665456,1831526400,1928892416
findling-rss 1791027831,1479663616,329961472,17667296,1834270720,1928892416
findling-rss 1791027833,1388269568,329605120,17545944,1741742080,1928892416
findling-rss 1791027835,1459404800,329986048,17659904,1814183936,1928892416
findling-rss 1791027837,1479405568,329986048,17661784,1834233856,1928892416
findling-rss 1791027839,1478451200,329990144,17679080,1833222144,1928892416
findling-rss 1791027841,1484038144,329990144,17679960,1839017984,1928892416
findling-rss 1791027843,1331507200,329633792,17562000,1685385216,1928892416
findling-rss 1791027845,1459400704,330014720,17678520,1814679552,1928892416
findling-rss 1791027847,1480355840,330014720,17681456,1835290624,1928892416
findling-rss 1791027849,1459396608,330006528,17700704,1814736896,1928892416
findling-rss 1791027851,1479503872,330006528,17702568,1834561536,1928892416
findling-rss 1791027853,1331511296,329662464,17587520,1710989312,1928892416
findling-rss 1791027855,1458249728,330039296,17693096,1805303808,1928892416
findling-rss 1791027857,1479725056,330039296,17696728,1834668032,1928892416
findling-rss 1791027859,1459412992,330047488,17712040,1814269952,1928892416
findling-rss 1791027861,1478950912,330047488,17717360,1834377216,1928892416
findling-rss 1791027863,1388306432,329691136,17593336,1742295040,1928892416
findling-rss 1791027865,1459441664,330076160,17710176,1814614016,1928892416
findling-rss 1791027867,1480081408,330076160,17713432,1835433984,1928892416
findling-rss 1791027869,1522450432,329863168,17752672,1877327872,1928892416
findling-rss 1791027871,1545785344,329863168,17754776,1900609536,1928892416
findling-rss 1791027873,1434411008,329719808,17641616,1788633088,1928892416
findling-rss 1791027875,1460539392,329940992,17647768,1815351296,1928892416
findling-rss 1791027878,1480839168,329940992,17659720,1835937792,1928892416
findling-rss 1791027880,1460551680,329940992,17658528,1815437312,1928892416
findling-rss 1791027882,1480568832,329940992,17664576,1835491328,1928892416
findling-rss 1791027884,1390063616,329588736,17543384,1743790080,1928892416
findling-rss 1791027886,1460580352,329981952,17658544,1814827008,1928892416
findling-rss 1791027888,1480302592,329981952,17661856,1834737664,1928892416
findling-rss 1791027890,1460559872,329973760,17679000,1814831104,1928892416
findling-rss 1791027892,1483243520,329973760,17673280,1837903872,1928892416
findling-rss 1791027894,1389023232,329617408,17553656,1743364096,1928892416
findling-rss 1791027896,1460580352,329998336,17671968,1815138304,1928892416
findling-rss 1791027898,1484419072,329998336,17671224,1839370240,1928892416
findling-rss 1791027900,1443758080,331161600,17723040,1799647232,1928892416
findling-rss 1791027902,1463959552,331161600,17722016,1819680768,1928892416
findling-rss 1791027904,1373249536,329646080,17571640,1721954304,1928892416
findling-rss 1791027906,1460609024,330031104,17686592,1816014848,1928892416
findling-rss 1791027908,1480925184,330031104,17691192,1836642304,1928892416
findling-rss 1791027910,1460600832,330022912,17707984,1816076288,1928892416
findling-rss 1791027912,1484234752,330022912,17710144,1839538176,1928892416
findling-rss 1791027914,1389891584,329674752,17591328,1744121856,1928892416
findling-rss 1791027916,1451892736,330055680,17702704,1806995456,1928892416
findling-rss 1791027918,1483698176,330055680,17706672,1838391296,1928892416
findling-rss 1791027920,1460592640,330055680,17726352,1815314432,1928892416
findling-rss 1791027922,1482428416,330055680,17726216,1837322240,1928892416
findling-rss 1791027924,1390321664,329703424,17609800,1744142336,1928892416
findling-rss 1791027926,1434509312,330092544,17719664,1789521920,1928892416
findling-rss 1791027928,1480527872,330092544,17725160,1836085248,1928892416
findling-rss 1791027930,1460604928,330084352,17739440,1815646208,1928892416
findling-rss 1791027932,1480491008,330084352,17743104,1835020288,1928892416
findling-rss 1791027934,1388859392,329732096,17623088,1743364096,1928892416
findling-rss 1791027936,1451909120,330113024,17740680,1806958592,1928892416
findling-rss 1791027938,1480388608,330113024,17739016,1835638784,1928892416
findling-rss 1791027940,1460604928,330108928,17758376,1816641536,1928892416
findling-rss 1791027942,1479901184,330108928,17756400,1835409408,1928892416
findling-rss 1791027944,1389080576,329760768,17636080,1742241792,1928892416
findling-rss 1791027946,1460637696,329973760,17651576,1815252992,1928892416
findling-rss 1791027948,1487593472,329973760,17639704,1842159616,1928892416
findling-rss 1791027950,1460633600,329973760,17659064,1816363008,1928892416
findling-rss 1791027952,1480007680,329973760,17658712,1834598400,1928892416
findling-rss 1791027954,1388883968,329617408,17539928,1743147008,1928892416
findling-rss 1791027956,1434533888,330002432,17653184,1789509632,1928892416
findling-rss 1791027958,1480343552,330002432,17656072,1835753472,1928892416
findling-rss 1791027960,1460629504,329994240,17673960,1816244224,1928892416
findling-rss 1791027962,1480785920,329994240,17675008,1835950080,1928892416
findling-rss 1791027964,1390145536,329646080,17556800,1744486400,1928892416
findling-rss 1791027966,1434513408,330022912,17675880,1789046784,1928892416
findling-rss 1791027968,1480380416,330022912,17676560,1835511808,1928892416
findling-rss 1791027970,1460633600,330018816,17690752,1815633920,1928892416
findling-rss 1791027972,1480306688,330018816,17694968,1835737088,1928892416
findling-rss 1791027974,1390366720,329674752,17573456,1743515648,1928892416
findling-rss 1791027976,1451962368,330084352,17689512,1807159296,1928892416
findling-rss 1791027978,1480564736,330084352,17692352,1835155456,1928892416
findling-rss 1791027980,1460678656,330092544,17712064,1815547904,1928892416
findling-rss 1791027982,1483366400,330092544,17712376,1838432256,1928892416
findling-rss 1791027984,1390383104,329728000,17592832,1744596992,1928892416
findling-rss 1791027986,1443278848,330121216,17710640,1791262720,1928892416
findling-rss 1791027988,1480409088,330121216,17707008,1835159552,1928892416
findling-rss 1791027990,1460678656,330108928,17726808,1815810048,1928892416
findling-rss 1791027992,1481068544,330108928,17726328,1836478464,1928892416
findling-rss 1791027994,1390174208,329756672,17608160,1744625664,1928892416
findling-rss 1791027996,1451991040,330145792,17722504,1806417920,1928892416
findling-rss 1791027998,1481310208,330145792,17723904,1837023232,1928892416
findling-rss 1791028000,1460670464,330133504,17740272,1815633920,1928892416
findling-rss 1791028002,1480622080,330133504,17743688,1835397120,1928892416
findling-rss 1791028004,1332772864,329785344,17619864,1685581824,1928892416
findling-rss 1791028006,1413349376,331550720,17773744,1769652224,1928892416
findling-rss 1791028008,1480925184,331550720,17781888,1837383680,1928892416
findling-rss 1791028010,1470447616,331550720,17783320,1826533376,1928892416
findling-rss 1791028012,1493217280,331550720,17780464,1850023936,1928892416
findling-rss 1791028014,1471500288,331550720,17809592,1828655104,1928892416
findling-rss 1791028016,1490919424,331550720,17783088,1848008704,1928892416
findling-rss 1791028018,1491562496,331550720,17785200,1848037376,1928892416
findling-rss 1791028020,1493065728,331550720,17785240,1850105856,1928892416
findling-rss 1791028022,1491382272,331550720,17783880,1848082432,1928892416
findling-rss 1791028024,1497841664,331550720,17781840,1854533632,1928892416
findling-rss 1791028026,1480806400,330162176,17762456,1836335104,1928892416
findling-rss 1791028028,1480941568,330162176,17763616,1836249088,1928892416
findling-rss 1791028030,1390407680,329814016,17641728,1744605184,1928892416
findling-rss 1791028032,1480548352,330035200,17645560,1834582016,1928892416
findling-rss 1791028034,1481310208,330035200,17642840,1835003904,1928892416
findling-rss 1791028036,1480273920,330027008,17662848,1835855872,1928892416
findling-rss 1791028038,1482182656,330027008,17663392,1837887488,1928892416
findling-rss 1791028040,1390465024,329682944,17543328,1744719872,1928892416
findling-rss 1791028042,1480675328,330063872,17659176,1835700224,1928892416
findling-rss 1791028044,1485107200,330063872,17657272,1839599616,1928892416
findling-rss 1791028046,1481363456,330067968,17678184,1836257280,1928892416
findling-rss 1791028048,1481363456,330067968,17676240,1836085248,1928892416
findling-rss 1791028050,1390485504,329711616,17560768,1744809984,1928892416
findling-rss 1791028052,1480613888,330096640,17676208,1835692032,1928892416
findling-rss 1791028054,1481523200,330096640,17676208,1836220416,1928892416
findling-rss 1791028056,1480474624,330096640,17695568,1835417600,1928892416
findling-rss 1791028058,1483124736,330096640,17696688,1838231552,1928892416
findling-rss 1791028060,1334378496,329740288,17593864,1689530368,1928892416
findling-rss 1791028062,1482047488,330125312,17694216,1837969408,1928892416
findling-rss 1791028064,1482838016,330125312,17689960,1836544000,1928892416
findling-rss 1791028066,1481617408,330117120,17706192,1836417024,1928892416
findling-rss 1791028068,1484017664,330117120,17708600,1838637056,1928892416
findling-rss 1791028070,1362980864,329777152,17589704,1707659264,1928892416
findling-rss 1791028072,1482076160,330162176,17705680,1837232128,1928892416
findling-rss 1791028074,1482498048,330162176,17705680,1837129728,1928892416
findling-rss 1791028076,1482223616,330162176,17727400,1836834816,1928892416
findling-rss 1791028078,1482674176,330162176,17727976,1837989888,1928892416
findling-rss 1791028080,1334398976,329805824,17610280,1688752128,1928892416
findling-rss 1791028082,1482264576,330186752,17728392,1837535232,1928892416
findling-rss 1791028084,1487810560,330186752,17728568,1842843648,1928892416
findling-rss 1791028086,1481609216,330186752,17746216,1837023232,1928892416
findling-rss 1791028088,1483239424,330186752,17747232,1838399488,1928892416
findling-rss 1791028090,1391386624,329834496,17629040,1746083840,1928892416
findling-rss 1791028092,1482543104,330223616,17745952,1837187072,1928892416
findling-rss 1791028094,1483321344,330223616,17743232,1837244416,1928892416
findling-rss 1791028096,1482084352,330219520,17757280,1837568000,1928892416
findling-rss 1791028098,1482084352,330219520,17757920,1837780992,1928892416
findling-rss 1791028100,1391603712,329863168,17643200,1745625088,1928892416
findling-rss 1791028102,1483177984,330080256,17642576,1837666304,1928892416
findling-rss 1791028104,1484902400,330080256,17642344,1840345088,1928892416
findling-rss 1791028106,1483120640,330080256,17661392,1837793280,1928892416
findling-rss 1791028108,1488564224,330080256,17663200,1843802112,1928892416
findling-rss 1791028110,1392685056,329732096,17542112,1747025920,1928892416
findling-rss 1791028112,1482207232,330117120,17660904,1837150208,1928892416
findling-rss 1791028114,1483108352,330117120,17661792,1838444544,1928892416
findling-rss 1791028116,1481998336,330108928,17680312,1836871680,1928892416
findling-rss 1791028118,1483685888,330108928,17679088,1838612480,1928892416
findling-rss 1791028120,1392693248,329760768,17559296,1746792448,1928892416
findling-rss 1791028122,1483534336,330145792,17682344,1838698496,1928892416
findling-rss 1791028124,1483567104,330145792,17679856,1838186496,1928892416
findling-rss 1791028126,1483218944,330149888,17697160,1837469696,1928892416
findling-rss 1791028128,1484075008,330149888,17711656,1839034368,1928892416
findling-rss 1791028130,1392070656,329789440,17580008,1745666048,1928892416
findling-rss 1791028132,1483083776,330170368,17693856,1837588480,1928892416
findling-rss 1791028134,1483182080,330170368,17695216,1838522368,1928892416
findling-rss 1791028136,1483526144,330170368,17714632,1839222784,1928892416
findling-rss 1791028138,1483579392,330170368,17716712,1839140864,1928892416
findling-rss 1791028140,1390829568,329818112,17597960,1745100800,1928892416
findling-rss 1791028142,1482371072,330194944,17717240,1837711360,1928892416
findling-rss 1791028144,1482686464,330194944,17718344,1837514752,1928892416
findling-rss 1791028146,1482645504,330203136,17736928,1837494272,1928892416
findling-rss 1791028148,1488310272,330203136,17736944,1843351552,1928892416
findling-rss 1791028150,1392713728,329846784,17616576,1747185664,1928892416
findling-rss 1791028152,1481658368,330219520,17731184,1836666880,1928892416
findling-rss 1791028154,1482473472,330219520,17728872,1836478464,1928892416
findling-rss 1791028157,1483726848,330227712,17749704,1839128576,1928892416
findling-rss 1791028159,1488031744,330227712,17747864,1843236864,1928892416
findling-rss 1791028161,1392713728,329904128,17630536,1746776064,1928892416
findling-rss 1791028163,1482846208,330280960,17748976,1837453312,1928892416
findling-rss 1791028165,1483567104,330280960,17749112,1838424064,1928892416
findling-rss 1791028167,1482797056,330285056,17765472,1838358528,1928892416
findling-rss 1791028169,1485721600,330285056,17767096,1841029120,1928892416
findling-rss 1791028171,1392721920,329932800,17649096,1746698240,1928892416
findling-rss 1791028173,1482866688,330149888,17648832,1838804992,1928892416
findling-rss 1791028175,1482895360,330149888,17660904,1838194688,1928892416
findling-rss 1791028177,1488322560,330153984,17666648,1843699712,1928892416
findling-rss 1791028179,1488842752,330153984,17667992,1844170752,1928892416
findling-rss 1791028181,1392730112,329793536,17546768,1746714624,1928892416
findling-rss 1791028183,1482498048,330174464,17660904,1837780992,1928892416
findling-rss 1791028185,1482502144,330174464,17662264,1836396544,1928892416
findling-rss 1791028187,1483128832,330178560,17680408,1838018560,1928892416
findling-rss 1791028189,1483202560,330178560,17682248,1837522944,1928892416
findling-rss 1791028191,1392099328,329822208,17563608,1745817600,1928892416
findling-rss 1791028193,1482510336,330211328,17682248,1838231552,1928892416
findling-rss 1791028195,1488482304,330211328,17684712,1843908608,1928892416
findling-rss 1791028197,1482911744,331264000,17730432,1839300608,1928892416
findling-rss 1791028199,1483026432,331264000,17731976,1838993408,1928892416
findling-rss 1791028201,1493147648,331264000,17732632,1849823232,1928892416
findling-rss 1791028203,1398013952,331264000,17628328,1754177536,1928892416
findling-rss 1791028205,1494212608,331264000,17733984,1850851328,1928892416
findling-rss 1791028207,1407201280,331264000,17735760,1760149504,1928892416
findling-rss 1791028209,1495113728,331264000,17736312,1851027456,1928892416
findling-rss 1791028211,1387933696,329850880,17582784,1742258176,1928892416
findling-rss 1791028213,1335472128,329887744,17576144,1688543232,1928892416
findling-rss 1791028215,1486123008,330235904,17693304,1840582656,1928892416
findling-rss 1791028217,1335123968,329887744,17598424,1689038848,1928892416
findling-rss 1791028219,1483042816,330240000,17713560,1837813760,1928892416
findling-rss 1791028221,1394036736,329887744,17638784,1748459520,1928892416
findling-rss 1791028223,1335132160,329912320,17593984,1689341952,1928892416
findling-rss 1791028225,1482682368,330268672,17715920,1838551040,1928892416
findling-rss 1791028227,1335140352,329916416,17622368,1689206784,1928892416
findling-rss 1791028229,1482526720,330268672,17735160,1838223360,1928892416
findling-rss 1791028231,1335140352,329916416,17620432,1690136576,1928892416
findling-rss 1791028233,1335152640,329945088,17607392,1689550848,1928892416
findling-rss 1791028235,1483444224,330301440,17731984,1838993408,1928892416
findling-rss 1791028237,1378353152,330293248,17647048,1732108288,1928892416
findling-rss 1791028239,1483284480,330293248,17753936,1838247936,1928892416
findling-rss 1791028241,1388625920,329945088,17632744,1743101952,1928892416
findling-rss 1791028243,1335156736,329973760,17626192,1689518080,1928892416
findling-rss 1791028245,1482719232,330326016,17750008,1836953600,1928892416
findling-rss 1791028247,1387225088,330330112,17664624,1741918208,1928892416
findling-rss 1791028249,1483460608,330330112,17773128,1838362624,1928892416
findling-rss 1791028251,1376059392,329973760,17651656,1730514944,1928892416
findling-rss 1791028253,1373659136,386818048,19322632,1785405440,1928892416
findling-rss 1791028255,1484013568,330190848,17651016,1838936064,1928892416
findling-rss 1791028257,1387241472,331603968,17601704,1743458304,1928892416
findling-rss 1791028259,1483522048,331603968,17706704,1840582656,1928892416
findling-rss 1791028261,1435377664,331603968,17708872,1791696896,1928892416
findling-rss 1791028263,1493086208,331603968,17709424,1849507840,1928892416
findling-rss 1791028265,1473216512,331603968,17711768,1830268928,1928892416
findling-rss 1791028267,1494069248,331603968,17710480,1850925056,1928892416
findling-rss 1791028269,1473196032,331603968,17708104,1829801984,1928892416
findling-rss 1791028271,1497632768,331603968,17708664,1854255104,1928892416
findling-rss 1791028273,1493762048,331603968,17707080,1849950208,1928892416
findling-rss 1791028275,1495019520,331603968,17703136,1851420672,1928892416
findling-rss 1791028277,1393852416,329838592,17543848,1748430848,1928892416
findling-rss 1791028279,1482047488,330227712,17665320,1837948928,1928892416
findling-rss 1791028281,1483030528,330227712,17664984,1838399488,1928892416
findling-rss 1791028283,1482792960,330235904,17683744,1837895680,1928892416
findling-rss 1791028285,1483730944,330235904,17685104,1838604288,1928892416
findling-rss 1791028287,1392803840,329875456,17565616,1746903040,1928892416
findling-rss 1791028289,1479929856,334790656,17808232,1839939584,1928892416
findling-rss 1791028291,1484312576,334790656,17808888,1844080640,1928892416
findling-rss 1791028293,1492340736,334790656,17808712,1852354560,1928892416
findling-rss 1791028295,1492463616,334790656,17808304,1852149760,1928892416
findling-rss 1791028297,1492213760,334790656,17806816,1851371520,1928892416
findling-rss 1791028299,1493872640,334790656,17808176,1853100032,1928892416
findling-rss 1791028301,1494487040,334790656,17808808,1854091264,1928892416
findling-rss 1791028303,1398566912,334790656,17707128,1758064640,1928892416
findling-rss 1791028305,1495097344,334790656,17804976,1854459904,1928892416
findling-rss 1791028307,1426444288,334790656,17805168,1786048512,1928892416
findling-rss 1791028309,1495232512,334790656,17805408,1855004672,1928892416
findling-rss 1791028311,1475317760,334790656,17807728,1835286528,1928892416
findling-rss 1791028313,1495310336,334790656,17809848,1855016960,1928892416
findling-rss 1791028315,1422548992,334790656,17810072,1782132736,1928892416
findling-rss 1791028317,1442902016,334790656,17805216,1802739712,1928892416
findling-rss 1791028319,1441275904,334790656,17806360,1801015296,1928892416
findling-rss 1791028321,1447550976,334790656,17807304,1807921152,1928892416
findling-rss 1791028323,1485639680,334790656,17807616,1845788672,1928892416
findling-rss 1791028325,1486540800,334790656,17808712,1846566912,1928892416
findling-rss 1791028327,1496616960,334790656,17806696,1856602112,1928892416
findling-rss 1791028329,1501036544,334790656,17808664,1860722688,1928892416
findling-rss 1791028331,1497567232,334790656,17807224,1857486848,1928892416
findling-rss 1791028333,1402023936,334790656,17703968,1761320960,1928892416
findling-rss 1791028335,1498554368,334790656,17803904,1858174976,1928892416
findling-rss 1791028337,1432694784,334790656,17834248,1792122880,1928892416
findling-rss 1791028339,1499013120,334790656,17804904,1858617344,1928892416
findling-rss 1791028341,1436983296,330264576,17698232,1791987712,1928892416
findling-rss 1791028343,1486659584,330264576,17700848,1841987584,1928892416
findling-rss 1791028345,1392402432,329920512,17581192,1746300928,1928892416
findling-rss 1791028347,1387798528,330309632,17669600,1741549568,1928892416
findling-rss 1791028349,1483296768,330309632,17702736,1838575616,1928892416
findling-rss 1791028351,1426444288,330321920,17720064,1781039104,1928892416
findling-rss 1791028353,1485180928,330321920,17724056,1840168960,1928892416
findling-rss 1791028355,1392828416,329961472,17605784,1746317312,1928892416
findling-rss 1791028357,1383550976,330350592,17616952,1736421376,1928892416
findling-rss 1791028359,1482952704,330350592,17723744,1837989888,1928892416
findling-rss 1791028361,1387286528,330334208,17634096,1742184448,1928892416
findling-rss 1791028363,1482166272,330334208,17758776,1837518848,1928892416
findling-rss 1791028365,1392832512,329990144,17614968,1747501056,1928892416
findling-rss 1791028367,1335218176,330018816,17616672,1689456640,1928892416
findling-rss 1791028369,1483186176,330362880,17736024,1838559232,1928892416
findling-rss 1791028371,1387286528,330366976,17656248,1741864960,1928892416
findling-rss 1791028373,1483165696,330366976,17754584,1838313472,1928892416
findling-rss 1791028375,1335218176,330018816,17636808,1690042368,1928892416
findling-rss 1791028377,1387294720,330407936,17636944,1742356480,1928892416
findling-rss 1791028379,1486913536,330407936,17753792,1843212288,1928892416
findling-rss 1791028381,1391353856,332496896,17824728,1747300352,1928892416
findling-rss 1791028383,1488654336,332496896,17843072,1846476800,1928892416
findling-rss 1791028385,1436639232,332496896,17833744,1793564672,1928892416
findling-rss 1791028387,1494106112,332496896,17828512,1851310080,1928892416
findling-rss 1791028389,1473953792,332496896,17827128,1831440384,1928892416
findling-rss 1791028391,1493962752,332496896,17827680,1851371520,1928892416
findling-rss 1791028393,1475026944,332496896,17828176,1832337408,1928892416
findling-rss 1791028395,1495470080,332496896,17828008,1852977152,1928892416
findling-rss 1791028397,1494855680,332496896,17826352,1852325888,1928892416
findling-rss 1791028399,1495343104,332496896,17827312,1853046784,1928892416
findling-rss 1791028401,1495162880,332496896,17827296,1852764160,1928892416
findling-rss 1791028403,1496158208,332496896,17825792,1854423040,1928892416
findling-rss 1791028405,1442680832,332496896,17826808,1800675328,1928892416
findling-rss 1791028407,1443446784,332496896,17828072,1801150464,1928892416
findling-rss 1791028409,1403604992,330485760,17664312,1759326208,1928892416
findling-rss 1791028411,1483358208,330711040,17665520,1838514176,1928892416
findling-rss 1791028413,1484128256,330711040,17666648,1839886336,1928892416
findling-rss 1791028415,1483214848,330694656,17685856,1838964736,1928892416
findling-rss 1791028417,1483313152,330694656,17683648,1839153152,1928892416
findling-rss 1791028419,1392013312,330346496,17567680,1746673664,1928892416
findling-rss 1791028421,1483554816,330731520,17684776,1839022080,1928892416
findling-rss 1791028423,1483620352,330731520,17684688,1839378432,1928892416
findling-rss 1791028425,1482805248,330723328,17702008,1837842432,1928892416
findling-rss 1791028427,1482805248,330723328,17700512,1838493696,1928892416
findling-rss 1791028429,1392013312,330375168,17580904,1747148800,1928892416
findling-rss 1791028431,1482743808,330752000,17700152,1838145536,1928892416
findling-rss 1791028433,1483169792,330752000,17701248,1838567424,1928892416
findling-rss 1791028435,1482690560,330760192,17720608,1839038464,1928892416
findling-rss 1791028438,1335238656,330403840,17607968,1690226688,1928892416
findling-rss 1791028440,1335238656,330432512,17590560,1690292224,1928892416
findling-rss 1791028442,1483411456,330792960,17717632,1839394816,1928892416
findling-rss 1791028444,1335238656,330432512,17623592,1690103808,1928892416
findling-rss 1791028446,1483464704,330788864,17739000,1839255552,1928892416
findling-rss 1791028448,1335238656,330432512,17621920,1690656768,1928892416
findling-rss 1791028450,1335238656,330461184,17622704,1689952256,1928892416
findling-rss 1791028452,1483358208,332902400,17798776,1840775168,1928892416
findling-rss 1791028454,1487699968,332902400,17796904,1845686272,1928892416
findling-rss 1791028456,1492971520,332902400,17794736,1850580992,1928892416
findling-rss 1791028458,1409208320,332902400,17790984,1766735872,1928892416
findling-rss 1791028460,1493536768,332902400,17794096,1851162624,1928892416
findling-rss 1791028462,1466322944,332902400,17796472,1823342592,1928892416
findling-rss 1791028464,1495068672,332902400,17794336,1853005824,1928892416
findling-rss 1791028466,1475010560,332902400,17793800,1832878080,1928892416
findling-rss 1791028468,1496006656,332902400,17794720,1853812736,1928892416
findling-rss 1791028470,1495162880,332902400,17793008,1853456384,1928892416
findling-rss 1791028472,1495232512,332902400,17791440,1854099456,1928892416
findling-rss 1791028474,1441284096,332902400,17789288,1799356416,1928892416
findling-rss 1791028476,1446653952,332902400,17788240,1804771328,1928892416
findling-rss 1791028478,1483051008,330833920,17750064,1838673920,1928892416
findling-rss 1791028480,1483059200,330833920,17750744,1838465024,1928892416
findling-rss 1791028482,1360351232,330473472,17629568,1747025920,1928892416
findling-rss 1791028484,1483235328,330858496,17749760,1838768128,1928892416
findling-rss 1791028486,1483235328,330858496,17749760,1839738880,1928892416
findling-rss 1791028488,1482739712,330862592,17773424,1838542848,1928892416
findling-rss 1791028490,1483165696,330862592,17770152,1838981120,1928892416
findling-rss 1791028492,1393045504,330506240,17651200,1747881984,1928892416
findling-rss 1791028494,1483091968,330887168,17764248,1839816704,1928892416
findling-rss 1791028496,1483526144,330887168,17765584,1840029696,1928892416
findling-rss 1791028498,1483182080,330878976,17796888,1839759360,1928892416
findling-rss 1791028500,1483980800,330878976,17785416,1840173056,1928892416
findling-rss 1791028502,1377951744,330534912,17664064,1719099392,1928892416
findling-rss 1791028504,1483640832,334237696,17766032,1843044352,1928892416
findling-rss 1791028506,1483640832,334237696,17765816,1842900992,1928892416
findling-rss 1791028508,1492881408,334237696,17766368,1852313600,1928892416
findling-rss 1791028510,1466789888,334237696,17765976,1851457536,1928892416
findling-rss 1791028512,1494388736,334237696,17765144,1853952000,1928892416
findling-rss 1791028514,1410936832,334237696,17767512,1770287104,1928892416
findling-rss 1791028516,1495203840,334237696,17762864,1854517248,1928892416
findling-rss 1791028518,1440866304,334237696,17760064,1800556544,1928892416
findling-rss 1791028520,1500090368,334237696,17772232,1859702784,1928892416
findling-rss 1791028522,1475215360,334237696,17761328,1834414080,1928892416
findling-rss 1791028524,1495404544,334237696,17761680,1855094784,1928892416
findling-rss 1791028526,1422446592,334237696,17760920,1781796864,1928892416
findling-rss 1791028528,1442402304,334237696,17763056,1801297920,1928892416
findling-rss 1791028530,1441554432,334237696,17761656,1800978432,1928892416
findling-rss 1791028532,1442684928,334237696,17762552,1801588736,1928892416
findling-rss 1791028534,1485983744,334237696,17764128,1845387264,1928892416
findling-rss 1791028536,1487802368,334237696,17765728,1847025664,1928892416
findling-rss 1791028538,1496145920,334237696,17765880,1855201280,1928892416
findling-rss 1791028540,1496145920,334237696,17767240,1855651840,1928892416
findling-rss 1791028542,1497870336,334237696,17768720,1857024000,1928892416
findling-rss 1791028544,1338593280,330403840,17572112,1693478912,1928892416
findling-rss 1791028546,1483390976,330760192,17687064,1838850048,1928892416
findling-rss 1791028548,1387696128,330403840,17569144,1742176256,1928892416
findling-rss 1791028550,1335435264,330440704,17558296,1690472448,1928892416
findling-rss 1791028552,1484992512,330788864,17682688,1841053696,1928892416
findling-rss 1791028554,1489080320,330788864,17684288,1844695040,1928892416
findling-rss 1791028556,1484304384,330801152,17702800,1839288320,1928892416
findling-rss 1791028558,1388302336,330440704,17591736,1742864384,1928892416
findling-rss 1791028560,1393049600,330440704,17584712,1747812352,1928892416
findling-rss 1791028562,1546051584,330608640,17696552,1902145536,1928892416
findling-rss 1791028564,1546051584,330608640,17697576,1902059520,1928892416
findling-rss 1791028566,1483608064,330821632,17734696,1839398912,1928892416
findling-rss 1791028568,1483608064,330821632,17720784,1838866432,1928892416
findling-rss 1791028570,1388097536,330469376,17603328,1742647296,1928892416
findling-rss 1791028572,1483546624,330850304,17717744,1839136768,1928892416
findling-rss 1791028574,1487237120,330850304,17717032,1843122176,1928892416
findling-rss 1791028576,1482571776,330854400,17737032,1838067712,1928892416
findling-rss 1791028578,1335435264,330498048,17624792,1689362432,1928892416
findling-rss 1791028580,1335435264,330526720,17628688,1690300416,1928892416
findling-rss 1791028582,1483685888,330878976,17736168,1839493120,1928892416
findling-rss 1791028584,1483685888,330878976,17735688,1839783936,1928892416
findling-rss 1791028586,1483563008,330878976,17756368,1839661056,1928892416
findling-rss 1791028588,1392836608,330526720,17636576,1747935232,1928892416
findling-rss 1791028590,1335439360,330555392,17627120,1690177536,1928892416
findling-rss 1791028592,1483653120,330899456,17753680,1839767552,1928892416
findling-rss 1791028594,1364799488,330911744,17668160,1719361536,1928892416
findling-rss 1791028596,1483239424,330911744,17774032,1839116288,1928892416
findling-rss 1791028598,1393053696,330555392,17653584,1747931136,1928892416
findling-rss 1791028600,1335439360,330584064,17642592,1689452544,1928892416
findling-rss 1791028602,1489551360,330944512,17771688,1845428224,1928892416
findling-rss 1791028604,1489772544,330944512,17772568,1845796864,1928892416
findling-rss 1791028606,1483259904,330932224,17791496,1839054848,1928892416
findling-rss 1791028608,1335439360,330584064,17677848,1690447872,1928892416
findling-rss 1791028610,1336139776,335548416,17837104,1694814208,1928892416
findling-rss 1791028612,1484726272,330772480,17686216,1840402432,1928892416
findling-rss 1791028614,1487409152,330772480,17671848,1843294208,1928892416
findling-rss 1791028616,1468243968,331956224,17724904,1824796672,1928892416
findling-rss 1791028618,1468243968,331956224,17724256,1824616448,1928892416
findling-rss 1791028620,1428361216,330420224,17572616,1783336960,1928892416
findling-rss 1791028622,1484124160,330797056,17693144,1839341568,1928892416
findling-rss 1791028624,1485221888,330797056,17691480,1840701440,1928892416
findling-rss 1791028626,1484554240,330805248,17708632,1840410624,1928892416
findling-rss 1791028628,1488494592,330805248,17705824,1844543488,1928892416
findling-rss 1791028630,1393778688,330448896,17583816,1748779008,1928892416
findling-rss 1791028632,1466126336,330801152,17701616,1821237248,1928892416
findling-rss 1791028634,1468170240,330801152,17703224,1822556160,1928892416
findling-rss 1791028636,1483669504,330838016,17718464,1839374336,1928892416
findling-rss 1791028638,1484296192,330838016,17718880,1840050176,1928892416
findling-rss 1791028640,1336164352,330493952,17599688,1690976256,1928892416
findling-rss 1791028642,1484267520,330883072,17719160,1839497216,1928892416
findling-rss 1791028644,1484644352,330883072,17720464,1840316416,1928892416
findling-rss 1791028646,1486852096,330874880,17739856,1842503680,1928892416
findling-rss 1791028648,1490145280,330874880,17740384,1846083584,1928892416
findling-rss 1791028650,1393782784,330522624,17620128,1749446656,1928892416
findling-rss 1791028652,1483341824,330899456,17740592,1838960640,1928892416
findling-rss 1791028654,1488666624,330899456,17740464,1844797440,1928892416
findling-rss 1791028656,1483124736,330899456,17755248,1839079424,1928892416
findling-rss 1791028658,1485385728,330899456,17754832,1841098752,1928892416
findling-rss 1791028660,1392320512,330551296,17634280,1747386368,1928892416
findling-rss 1791028662,1464090624,330936320,17751360,1819734016,1928892416
findling-rss 1791028664,1490227200,330936320,17754776,1846657024,1928892416
findling-rss 1791028666,1464066048,330928128,17773584,1819951104,1928892416
findling-rss 1791028668,1490358272,330928128,17774384,1845899264,1928892416
findling-rss 1791028670,1393364992,330579968,17654712,1748045824,1928892416
findling-rss 1791028672,1455362048,330960896,17773592,1811238912,1928892416
findling-rss 1791028674,1483993088,330960896,17772176,1839939584,1928892416
findling-rss 1791028676,1464070144,330956800,17789352,1820033024,1928892416
findling-rss 1791028678,1483218944,330956800,17786168,1839296512,1928892416
findling-rss 1791028680,1336176640,330608640,17666848,1691754496,1928892416
findling-rss 1791028682,1464070144,330821632,17665472,1819656192,1928892416
findling-rss 1791028684,1484079104,330821632,17672136,1839833088,1928892416
findling-rss 1791028686,1464070144,330821632,17686320,1820233728,1928892416
findling-rss 1791028688,1484161024,330821632,17690200,1839620096,1928892416
findling-rss 1791028690,1346715648,330469376,17572592,1696804864,1928892416
findling-rss 1791028692,1464070144,330846208,17685760,1819463680,1928892416
findling-rss 1791028694,1483993088,330846208,17690976,1839841280,1928892416
findling-rss 1791028696,1446408192,331153408,17709512,1802440704,1928892416
findling-rss 1791028698,1473245184,331153408,17710944,1829629952,1928892416
findling-rss 1791028700,1428393984,330792960,17592184,1784258560,1928892416
findling-rss 1791028702,1464074240,331173888,17703544,1819688960,1928892416
findling-rss 1791028704,1484181504,331173888,17702888,1840492544,1928892416
findling-rss 1791028706,1464066048,331517952,17726808,1820631040,1928892416
findling-rss 1791028708,1483374592,331517952,17731304,1839562752,1928892416
findling-rss 1791028710,1491087360,331517952,17733648,1847246848,1928892416
findling-rss 1791028713,1494446080,331517952,17732592,1851559936,1928892416
findling-rss 1791028715,1383137280,330821632,17604592,1723949056,1928892416
findling-rss 1791028717,1473609728,331202560,17726024,1828839424,1928892416
findling-rss 1791028719,1485742080,331202560,17726592,1841340416,1928892416
findling-rss 1791028721,1483849728,331206656,17742744,1839697920,1928892416
findling-rss 1791028723,1484636160,331206656,17747032,1840713728,1928892416
findling-rss 1791028725,1393381376,330854400,17671312,1750286336,1928892416
findling-rss 1791028727,1464107008,331239424,17736000,1820327936,1928892416
findling-rss 1791028729,1489027072,331239424,17743200,1845534720,1928892416
findling-rss 1791028731,1464090624,331231232,17761152,1820880896,1928892416
findling-rss 1791028733,1483333632,331231232,17757472,1840005120,1928892416
findling-rss 1791028735,1393803264,330883072,17638328,1748856832,1928892416
findling-rss 1791028737,1464102912,331268096,17761160,1820000256,1928892416
findling-rss 1791028739,1485066240,331268096,17761968,1840689152,1928892416
findling-rss 1791028741,1464082432,331264000,17778600,1820913664,1928892416
findling-rss 1791028743,1486786560,331264000,17779304,1843707904,1928892416
findling-rss 1791028745,1393594368,330911744,17666296,1740013568,1928892416
findling-rss 1791028747,1455378432,338284544,17982336,1818955776,1928892416
findling-rss 1791028749,1484038144,338284544,17969192,1847783424,1928892416
findling-rss 1791028751,1473859584,338284544,17970232,1837641728,1928892416
findling-rss 1791028753,1493655552,338284544,17968944,1856995328,1928892416
findling-rss 1791028755,1488633856,338284544,17970688,1849946112,1928892416
findling-rss 1791028757,1494867968,338284544,17967424,1857986560,1928892416
findling-rss 1791028759,1495089152,338284544,17967536,1858420736,1928892416
findling-rss 1791028761,1495547904,338284544,17969016,1859203072,1928892416
findling-rss 1791028763,1495711744,338284544,17967888,1858887680,1928892416
findling-rss 1791028765,1497649152,338284544,17969432,1860718592,1928892416
findling-rss 1791028767,1495998464,338284544,17968192,1859649536,1928892416
findling-rss 1791028769,1495998464,338284544,17969056,1860214784,1928892416
findling-rss 1791028771,1443053568,338284544,17970576,1806458880,1928892416
findling-rss 1791028773,1373523968,338284544,17882496,1729085440,1928892416
findling-rss 1791028775,1443057664,338284544,17972328,1806663680,1928892416
findling-rss 1791028777,1393029120,338284544,17954664,1755643904,1928892416
findling-rss 1791028779,1487630336,338284544,17970600,1851039744,1928892416
findling-rss 1791028781,1439432704,338284544,17972096,1802276864,1928892416
findling-rss 1791028783,1498177536,338284544,17967416,1862189056,1928892416
findling-rss 1791028785,1478504448,338284544,17959360,1840525312,1928892416
findling-rss 1791028787,1498791936,338284544,17962376,1862057984,1928892416
findling-rss 1791028789,1478475776,338284544,17962712,1842200576,1928892416
findling-rss 1791028791,1498275840,338284544,17964312,1861779456,1928892416
findling-rss 1791028793,1497743360,338284544,17975624,1861529600,1928892416
findling-rss 1791028795,1498685440,338284544,17963192,1862242304,1928892416
findling-rss 1791028797,1497952256,338284544,17961720,1861685248,1928892416
findling-rss 1791028799,1498894336,338284544,17961480,1862598656,1928892416
findling-rss 1791028801,1503571968,338284544,17962968,1867022336,1928892416
findling-rss 1791028803,1504464896,338284544,17964328,1868009472,1928892416
findling-rss 1791028805,1500631040,338284544,17965960,1864323072,1928892416
findling-rss 1791028807,1404047360,338284544,17878688,1767092224,1928892416
findling-rss 1791028809,1499893760,338284544,17966128,1863946240,1928892416
findling-rss 1791028811,1404047360,338284544,17855784,1767120896,1928892416
findling-rss 1791028813,1499664384,338284544,17961472,1862852608,1928892416
findling-rss 1791028815,1392283648,338284544,17958352,1755095040,1928892416
findling-rss 1791028817,1447636992,338284544,17955952,1811374080,1928892416
findling-rss 1791028819,1427402752,338284544,17955536,1790480384,1928892416
findling-rss 1791028821,1447424000,338284544,17958240,1810857984,1928892416
findling-rss 1791028823,1488310272,338284544,17960240,1851142144,1928892416
findling-rss 1791028825,1491980288,338284544,17961600,1855774720,1928892416
findling-rss 1791028827,1434812416,331321344,17792368,1790959616,1928892416
findling-rss 1791028829,1434812416,331321344,17790024,1790758912,1928892416
findling-rss 1791028831,1396658176,330964992,17671224,1752436736,1928892416
findling-rss 1791028833,1433436160,331194368,17677000,1788751872,1928892416
findling-rss 1791028835,1435648000,331194368,17678864,1791311872,1928892416
findling-rss 1791028837,1434578944,331190272,17695656,1790738432,1928892416
findling-rss 1791028839,1435553792,331190272,17738848,1792872448,1928892416
findling-rss 1791028841,1395617792,330838016,17576016,1750884352,1928892416
findling-rss 1791028843,1434251264,331218944,17693648,1790537728,1928892416
findling-rss 1791028845,1437876224,331218944,17693912,1792806912,1928892416
findling-rss 1791028847,1434492928,331210752,17711568,1790332928,1928892416
findling-rss 1791028849,1440096256,331210752,17713864,1796370432,1928892416
findling-rss 1791028851,1396875264,330866688,17595672,1751826432,1928892416
findling-rss 1791028853,1426792448,331251712,17707000,1781608448,1928892416
findling-rss 1791028855,1435926528,331251712,17707240,1791741952,1928892416
findling-rss 1791028857,1434935296,331251712,17726816,1790652416,1928892416
findling-rss 1791028859,1435504640,331251712,17726536,1791606784,1928892416
findling-rss 1791028861,1394991104,330895360,17619184,1750327296,1928892416
findling-rss 1791028863,1434722304,331280384,17733440,1790500864,1928892416
findling-rss 1791028865,1436028928,331280384,17727944,1792151552,1928892416
findling-rss 1791028867,1434107904,331272192,17747456,1790541824,1928892416
findling-rss 1791028869,1434107904,331272192,17747216,1790169088,1928892416
findling-rss 1791028871,1339269120,330924032,17628120,1694212096,1928892416
findling-rss 1791028873,1434324992,331296768,17744376,1790730240,1928892416
findling-rss 1791028875,1440268288,331296768,17743048,1795690496,1928892416
findling-rss 1791028877,1434456064,331300864,17758960,1790586880,1928892416
findling-rss 1791028879,1440112640,331300864,17760536,1796079616,1928892416
findling-rss 1791028881,1396043776,330969088,17635896,1751912448,1928892416
findling-rss 1791028883,1433870336,331350016,17756112,1790025728,1928892416
findling-rss 1791028885,1434755072,331350016,17756528,1790980096,1928892416
findling-rss 1791028887,1434525696,331354112,17777200,1791008768,1928892416
findling-rss 1791028889,1435308032,331354112,17776856,1791660032,1928892416
findling-rss 1791028891,1339273216,330997760,17658440,1695211520,1928892416
findling-rss 1791028893,1434251264,331370496,17779048,1790054400,1928892416
findling-rss 1791028895,1437483008,331370496,17776800,1793273856,1928892416
findling-rss 1791028897,1434808320,331374592,17797344,1791045632,1928892416
findling-rss 1791028899,1436119040,331374592,17796416,1792528384,1928892416
findling-rss 1791028901,1339273216,331026432,17677696,1695002624,1928892416
findling-rss 1791028903,1415139328,331251712,17678888,1771630592,1928892416
findling-rss 1791028905,1441247232,331251712,17674976,1796694016,1928892416
findling-rss 1791028907,1459167232,331227136,17705520,1814761472,1928892416
findling-rss 1791028909,1476538368,331227136,17694688,1832644608,1928892416
findling-rss 1791028911,1431498752,330891264,17574624,1786572800,1928892416
findling-rss 1791028913,1415106560,331276288,17687664,1770967040,1928892416
findling-rss 1791028915,1434882048,331276288,17694728,1791283200,1928892416
findling-rss 1791028917,1426395136,331259904,17716312,1781850112,1928892416
findling-rss 1791028919,1434640384,331259904,17714064,1791266816,1928892416
findling-rss 1791028921,1395015680,330919936,17596224,1751019520,1928892416
findling-rss 1791028923,1415114752,331296768,17710752,1770905600,1928892416
findling-rss 1791028925,1434894336,331296768,17712176,1791057920,1928892416
findling-rss 1791028927,1468874752,331313152,17732424,1824735232,1928892416
findling-rss 1791028929,1470267392,331313152,17732448,1826037760,1928892416
findling-rss 1791028931,1432743936,330948608,17614120,1788596224,1928892416
findling-rss 1791028933,1416577024,331321344,17730328,1772920832,1928892416
findling-rss 1791028935,1434955776,331321344,17729536,1789730816,1928892416
findling-rss 1791028937,1434886144,331329536,17748080,1791492096,1928892416
findling-rss 1791028939,1436463104,331329536,17748720,1792774144,1928892416
findling-rss 1791028941,1397014528,330977280,17629304,1752637440,1928892416
findling-rss 1791028943,1432506368,331358208,17742240,1788493824,1928892416
findling-rss 1791028945,1435590656,331358208,17742920,1791266816,1928892416
findling-rss 1791028947,1434902528,331370496,17761632,1791102976,1928892416
findling-rss 1791028949,1441497088,331370496,17762512,1797603328,1928892416
findling-rss 1791028951,1397014528,331005952,17639440,1751777280,1928892416
findling-rss 1791028953,1415249920,331395072,17760024,1771126784,1928892416
findling-rss 1791028955,1435885568,331395072,17760328,1792012288,1928892416
findling-rss 1791028957,1415225344,331382784,17778312,1771565056,1928892416
findling-rss 1791028959,1435275264,331382784,17780544,1791905792,1928892416
findling-rss 1791028961,1397018624,331034624,17660488,1744453632,1928892416
findling-rss 1791028963,1415245824,331411456,17777192,1771413504,1928892416
findling-rss 1791028965,1435197440,331411456,17774840,1791672320,1928892416
findling-rss 1791028967,1415241728,331411456,17792016,1771945984,1928892416
findling-rss 1791028969,1435709440,331411456,17797056,1791795200,1928892416
findling-rss 1791028971,1397030912,331063296,17678992,1752477696,1928892416
findling-rss 1791028973,1424498688,332455936,17712544,1781604352,1928892416
findling-rss 1791028975,1477201920,332455936,17713680,1833918464,1928892416
findling-rss 1791028977,1366290432,331280384,17712424,1714647040,1928892416
findling-rss 1791028979,1434755072,331280384,17701392,1790509056,1928892416
findling-rss 1791028981,1396408320,330928128,17582960,1751740416,1928892416
findling-rss 1791028983,1391505408,331304960,17584304,1747492864,1928892416
findling-rss 1791028985,1434877952,331304960,17698680,1791467520,1928892416
findling-rss 1791028987,1350082560,331300864,17722352,1705897984,1928892416
findling-rss 1791028989,1434578944,331300864,17716872,1790709760,1928892416
findling-rss 1791028991,1397047296,330956800,17598296,1752899584,1928892416
findling-rss 1791028994,1350987776,331341824,17710760,1707110400,1928892416
findling-rss 1791028996,1438183424,331341824,17707096,1794514944,1928892416
findling-rss 1791028998,1366306816,335523840,17844792,1727037440,1928892416
findling-rss 1791029000,1435537408,335523840,17845368,1796186112,1928892416
findling-rss 1791029002,1389162496,335523840,17851504,1750183936,1928892416
findling-rss 1791029004,1434898432,335523840,17846280,1795493888,1928892416
findling-rss 1791029006,1467330560,335523840,17846712,1827860480,1928892416
findling-rss 1791029008,1486733312,335523840,17849424,1846906880,1928892416
findling-rss 1791029010,1432649728,335523840,17850544,1793470464,1928892416
findling-rss 1791029012,1439109120,335523840,17846944,1800134656,1928892416
findling-rss 1791029014,1487233024,335523840,17848256,1847832576,1928892416
findling-rss 1791029016,1493135360,335523840,17850600,1853566976,1928892416
findling-rss 1791029018,1497128960,335523840,17844744,1858052096,1928892416
findling-rss 1791029020,1498148864,335523840,17843224,1858711552,1928892416
findling-rss 1791029022,1498529792,335523840,17845256,1858826240,1928892416
findling-rss 1791029024,1499316224,335523840,17857864,1860227072,1928892416
findling-rss 1791029026,1498808320,335523840,17842384,1858822144,1928892416
findling-rss 1791029028,1503612928,335523840,17843744,1864855552,1928892416
findling-rss 1791029030,1499639808,335523840,17845152,1860747264,1928892416
findling-rss 1791029032,1403416576,335523840,17747840,1763647488,1928892416
findling-rss 1791029034,1499435008,335523840,17845960,1860235264,1928892416
findling-rss 1791029036,1412784128,335523840,17850376,1772843008,1928892416
findling-rss 1791029038,1499578368,335523840,17847952,1859604480,1928892416
findling-rss 1791029040,1445150720,335523840,17845976,1805623296,1928892416
findling-rss 1791029042,1499983872,335523840,17845536,1860636672,1928892416
findling-rss 1791029044,1479262208,335523840,17847008,1840476160,1928892416
findling-rss 1791029046,1500065792,335523840,17848864,1860444160,1928892416
findling-rss 1791029048,1340157952,331001856,17614976,1696030720,1928892416
findling-rss 1791029050,1415311360,331390976,17735408,1771171840,1928892416
findling-rss 1791029052,1435529216,331390976,17736592,1791766528,1928892416
findling-rss 1791029054,1415307264,331395072,17750736,1771581440,1928892416
findling-rss 1791029056,1434963968,331395072,17751408,1790390272,1928892416
findling-rss 1791029058,1339887616,331034624,17631472,1695653888,1928892416
findling-rss 1791029060,1415716864,331415552,17751128,1771745280,1928892416
findling-rss 1791029062,1439969280,331415552,17750512,1796104192,1928892416
findling-rss 1791029064,1415696384,331407360,17766944,1771687936,1928892416
findling-rss 1791029066,1435136000,331407360,17768168,1791221760,1928892416
findling-rss 1791029068,1396662272,331063296,17651984,1752182784,1928892416
findling-rss 1791029070,1415708672,331444224,17798664,1773527040,1928892416
findling-rss 1791029072,1435754496,331444224,17767400,1792274432,1928892416
findling-rss 1791029074,1425129472,331444224,17784568,1780662272,1928892416
findling-rss 1791029076,1435787264,331444224,17788744,1792204800,1928892416
findling-rss 1791029078,1395212288,331091968,17669272,1751191552,1928892416
findling-rss 1791029080,1415725056,331878400,17800672,1772986368,1928892416
findling-rss 1791029082,1436168192,331878400,17797304,1792749568,1928892416
findling-rss 1791029084,1435271168,331874304,17816776,1792081920,1928892416
findling-rss 1791029086,1435308032,331874304,17814352,1791852544,1928892416
findling-rss 1791029088,1395630080,331530240,17696264,1751957504,1928892416
findling-rss 1791029090,1434972160,331747328,17696904,1791242240,1928892416
findling-rss 1791029092,1435955200,331747328,17698872,1792577536,1928892416
findling-rss 1791029094,1435287552,331743232,17712464,1791942656,1928892416
findling-rss 1791029096,1435910144,331743232,17714256,1792901120,1928892416
findling-rss 1791029098,1339908096,331390976,17594544,1695682560,1928892416
findling-rss 1791029100,1435099136,331784192,17714280,1791270912,1928892416
findling-rss 1791029102,1442574336,331784192,17712648,1799245824,1928892416
findling-rss 1791029104,1434628096,331763712,17730432,1791508480,1928892416
findling-rss 1791029106,1437429760,331763712,17731792,1794326528,1928892416
findling-rss 1791029108,1397526528,331419648,17611688,1753260032,1928892416
findling-rss 1791029110,1434718208,331800576,17731904,1791492096,1928892416
findling-rss 1791029112,1435664384,331800576,17723672,1793167360,1928892416
findling-rss 1791029114,1435664384,331804672,17742120,1792335872,1928892416
findling-rss 1791029116,1436364800,331804672,17753584,1792917504,1928892416
findling-rss 1791029118,1333194752,331448320,17430080,1688903680,1928892416
findling-rss 1791029120,1370308608,331841536,17693576,1726656512,1928892416
findling-rss 1791029122,1450065920,331841536,17804616,1807028224,1928892416
findling-rss 1791029124,1399185408,331833344,17820864,1755353088,1928892416
findling-rss 1791029126,1483440128,331833344,17822400,1840123904,1928892416
findling-rss 1791029128,1392623616,331481088,17709480,1748602880,1928892416
findling-rss 1791029130,1392586752,331853824,17819240,1747206144,1928892416
findling-rss 1791029132,1483669504,331853824,17823024,1841020928,1928892416
findling-rss 1791029134,1415700480,331862016,17839344,1772503040,1928892416
findling-rss 1791029136,1482715136,331862016,17839224,1839955968,1928892416
findling-rss 1791029138,1393254400,331509760,17721168,1749381120,1928892416
findling-rss 1791029140,1389015040,331886592,17818280,1744564224,1928892416
findling-rss 1791029142,1482809344,331886592,17837784,1839730688,1928892416
findling-rss 1791029144,1397944320,331890688,17855208,1754595328,1928892416
findling-rss 1791029146,1484222464,331890688,17856392,1840820224,1928892416
findling-rss 1791029148,1393278976,331538432,17741656,1749344256,1928892416
findling-rss 1791029150,1389309952,331923456,17831280,1745756160,1928892416
findling-rss 1791029152,1483849728,331923456,17852624,1841053696,1928892416
findling-rss 1791029154,1418440704,331915264,17869136,1774247936,1928892416
findling-rss 1791029156,1486286848,331915264,17873072,1843838976,1928892416
findling-rss 1791029158,1392312320,331567104,17754032,1748668416,1928892416
findling-rss 1791029160,1398988800,388833280,19529016,1814085632,1928892416
findling-rss 1791029162,1490874368,331784192,17759064,1847173120,1928892416
findling-rss 1791029164,1416380416,331784192,17771152,1772990464,1928892416
findling-rss 1791029166,1483468800,331784192,17772064,1839767552,1928892416
findling-rss 1791029168,1392730112,331431936,17656488,1749393408,1928892416
findling-rss 1791029170,1426952192,331816960,17770088,1783328768,1928892416
findling-rss 1791029172,1483452416,331816960,17774080,1839824896,1928892416
findling-rss 1791029174,1455169536,331825152,17793024,1811935232,1928892416
findling-rss 1791029176,1484107776,331825152,17793768,1840492544,1928892416
findling-rss 1791029178,1393569792,331460608,17671224,1750204416,1928892416
findling-rss 1791029180,1463877632,331845632,17789576,1815531520,1928892416
findling-rss 1791029182,1487925248,331845632,17791080,1845014528,1928892416
findling-rss 1791029184,1463861248,333598720,17871016,1821954048,1928892416
findling-rss 1791029186,1483395072,333598720,17860184,1841876992,1928892416
findling-rss 1791029188,1473630208,333598720,17857808,1831849984,1928892416
findling-rss 1791029190,1493417984,333598720,17857912,1852080128,1928892416
findling-rss 1791029192,1494241280,333598720,17858904,1852698624,1928892416
findling-rss 1791029194,1494245376,333598720,17858048,1852899328,1928892416
findling-rss 1791029196,1495445504,333598720,17857624,1854148608,1928892416
findling-rss 1791029198,1496281088,333598720,17856496,1855283200,1928892416
findling-rss 1791029200,1496498176,333598720,17858072,1855102976,1928892416
findling-rss 1791029202,1496961024,333598720,17857552,1855275008,1928892416
findling-rss 1791029204,1495986176,333598720,17855528,1854869504,1928892416
findling-rss 1791029206,1393799168,331513856,17686776,1749893120,1928892416
findling-rss 1791029208,1394638848,331513856,17686592,1750388736,1928892416
findling-rss 1791029210,1483886592,331898880,17809600,1840705536,1928892416
findling-rss 1791029212,1484959744,331898880,17810960,1841795072,1928892416
findling-rss 1791029214,1483526144,331894784,17822704,1840513024,1928892416
findling-rss 1791029216,1489055744,331894784,17824544,1846185984,1928892416
findling-rss 1791029218,1393172480,331542528,17705648,1748910080,1928892416
findling-rss 1791029220,1466937344,331935744,17851816,1823887360,1928892416
findling-rss 1791029222,1471836160,331935744,17853784,1828921344,1928892416
findling-rss 1791029224,1485324288,331927552,17873632,1841242112,1928892416
findling-rss 1791029226,1485369344,331927552,17874432,1842384896,1928892416
findling-rss 1791029228,1370357760,331571200,17754896,1717121024,1928892416
findling-rss 1791029230,1484464128,331952128,17879816,1841020928,1928892416
findling-rss 1791029232,1485004800,331952128,17868744,1841922048,1928892416
findling-rss 1791029234,1484632064,331948032,17885872,1842032640,1928892416
findling-rss 1791029236,1485369344,331948032,17880536,1842188288,1928892416
findling-rss 1791029238,1394737152,331599872,17761320,1751138304,1928892416
findling-rss 1791029240,1484865536,331984896,17879160,1841954816,1928892416
findling-rss 1791029242,1485291520,331984896,17878256,1841774592,1928892416
findling-rss 1791029244,1485459456,331980800,17898136,1842933760,1928892416
findling-rss 1791029246,1490276352,331980800,17895872,1848000512,1928892416
findling-rss 1791029248,1394536448,331628544,17782768,1751592960,1928892416
findling-rss 1791029250,1485254656,331849728,17784200,1841410048,1928892416
findling-rss 1791029252,1488855040,331849728,17785528,1845559296,1928892416
findling-rss 1791029254,1490812928,331849728,17803552,1848897536,1928892416
findling-rss 1791029256,1491824640,331849728,17801744,1849073664,1928892416
findling-rss 1791029258,1342562304,331493376,17682192,1693122560,1928892416
findling-rss 1791029260,1484861440,331874304,17799256,1841790976,1928892416
findling-rss 1791029262,1488498688,331874304,17800176,1844883456,1928892416
findling-rss 1791029264,1485148160,331874304,17820680,1842282496,1928892416
findling-rss 1791029266,1485234176,331874304,17820136,1842429952,1928892416
findling-rss 1791029268,1393725440,331546624,17701328,1750028288,1928892416
findling-rss 1791029270,1466634240,331907072,17820552,1822953472,1928892416
findling-rss 1791029272,1468088320,331907072,17815616,1824727040,1928892416
findling-rss 1791029275,1484980224,331927552,17832648,1841410048,1928892416
findling-rss 1791029277,1485426688,331927552,17832552,1842077696,1928892416
findling-rss 1791029279,1394778112,331575296,17714784,1750937600,1928892416
findling-rss 1791029281,1484800000,331968512,17834536,1841463296,1928892416
findling-rss 1791029283,1487446016,331968512,17835216,1844273152,1928892416
findling-rss 1791029285,1484619776,331956224,17851672,1841356800,1928892416
findling-rss 1791029287,1485160448,331956224,17853232,1842024448,1928892416
findling-rss 1791029289,1394782208,331603968,17737064,1750683648,1928892416
findling-rss 1791029291,1485131776,331980800,17856056,1841672192,1928892416
findling-rss 1791029293,1485131776,331980800,17854832,1841815552,1928892416
findling-rss 1791029295,1485590528,331988992,17873392,1842483200,1928892416
findling-rss 1791029297,1485590528,331988992,17870896,1842352128,1928892416
findling-rss 1791029299,1393319936,331632640,17761488,1750028288,1928892416
findling-rss 1791029301,1483976704,332017664,17866520,1841270784,1928892416
findling-rss 1791029303,1486782464,332017664,17868992,1844035584,1928892416
findling-rss 1791029305,1485598720,333410304,17927336,1844187136,1928892416
findling-rss 1791029307,1485598720,333410304,17928936,1844195328,1928892416
findling-rss 1791029309,1498300416,333410304,17928040,1856835584,1928892416
findling-rss 1791029311,1499070464,333410304,17926816,1857306624,1928892416
findling-rss 1791029313,1496084480,333410304,17926352,1854693376,1928892416
findling-rss 1791029315,1400229888,333410304,17821552,1758224384,1928892416
findling-rss 1791029317,1497018368,333410304,17925208,1855692800,1928892416
findling-rss 1791029319,1428021248,333410304,17926152,1786761216,1928892416
findling-rss 1791029321,1497268224,333410304,17927312,1855643648,1928892416
findling-rss 1791029323,1394712576,331661312,17772904,1749807104,1928892416
findling-rss 1791029325,1389260800,333803520,17833016,1747996672,1928892416
findling-rss 1791029327,1485029376,333803520,17940864,1843412992,1928892416
findling-rss 1791029329,1425887232,333803520,17938896,1784430592,1928892416
findling-rss 1791029331,1494200320,333803520,17942888,1852522496,1928892416
findling-rss 1791029333,1475903488,333803520,17941432,1834106880,1928892416
findling-rss 1791029335,1495486464,333803520,17941888,1854238720,1928892416
findling-rss 1791029337,1476964352,333803520,17940432,1836212224,1928892416
findling-rss 1791029339,1497153536,333803520,17940728,1856937984,1928892416
findling-rss 1791029341,1497915392,333803520,17941824,1857327104,1928892416
findling-rss 1791029343,1500729344,333803520,17943184,1859555328,1928892416
findling-rss 1791029345,1497137152,333803520,17976896,1857986560,1928892416
findling-rss 1791029347,1497210880,333803520,17943400,1856798720,1928892416
findling-rss 1791029349,1485492224,333455360,17953152,1843560448,1928892416
findling-rss 1791029351,1485492224,333455360,17953792,1843445760,1928892416
findling-rss 1791029353,1494573056,333455360,17950368,1852977152,1928892416
findling-rss 1791029355,1494769664,333455360,17949688,1852825600,1928892416
findling-rss 1791029357,1495433216,333455360,17947128,1853992960,1928892416
findling-rss 1791029359,1401155584,333455360,17844240,1759719424,1928892416
findling-rss 1791029361,1497559040,333455360,17949800,1855909888,1928892416
findling-rss 1791029363,1412165632,333455360,17946048,1770094592,1928892416
findling-rss 1791029365,1497227264,333455360,17946840,1855811584,1928892416
findling-rss 1791029367,1394692096,331706368,17788256,1750904832,1928892416
findling-rss 1791029369,1369276416,389087232,19495176,1783005184,1928892416
findling-rss 1791029371,1484259328,331923456,17790840,1841004544,1928892416
findling-rss 1791029373,1389277184,332271616,17718232,1745485824,1928892416
findling-rss 1791029375,1485062144,332271616,17820800,1842229248,1928892416
findling-rss 1791029377,1448755200,332271616,17822664,1805451264,1928892416
findling-rss 1791029379,1494876160,332271616,17823136,1851363328,1928892416
findling-rss 1791029381,1394618368,331575296,17694256,1750089728,1928892416
findling-rss 1791029383,1412456448,331964416,17801608,1772392448,1928892416
findling-rss 1791029385,1484689408,331964416,17807432,1841696768,1928892416
findling-rss 1791029387,1456406528,331960320,17819760,1813708800,1928892416
findling-rss 1791029389,1484795904,331960320,17821360,1842307072,1928892416
findling-rss 1791029391,1395761152,331608064,17744864,1751973888,1928892416
findling-rss 1791029393,1401241600,331988992,17814976,1757839360,1928892416
findling-rss 1791029395,1485541376,331988992,17823296,1842573312,1928892416
findling-rss 1791029397,1429270528,331984896,17841016,1786515456,1928892416
findling-rss 1791029399,1485099008,331984896,17843272,1842642944,1928892416
findling-rss 1791029401,1395306496,331636736,17725776,1751830528,1928892416
findling-rss 1791029403,1416630272,332013568,17835840,1773801472,1928892416
findling-rss 1791029405,1485221888,332013568,17838304,1842012160,1928892416
findling-rss 1791029407,1439481856,332017664,17856848,1796956160,1928892416
findling-rss 1791029409,1484566528,332017664,17857768,1842200576,1928892416
findling-rss 1791029411,1395331072,331665408,17739576,1751531520,1928892416
findling-rss 1791029413,1417654272,332050432,17856656,1774018560,1928892416
findling-rss 1791029415,1485103104,332050432,17858840,1842688000,1928892416
findling-rss 1791029417,1431207936,332046336,17878896,1786912768,1928892416
findling-rss 1791029419,1485508608,332046336,17872344,1842466816,1928892416
findling-rss 1791029421,1395687424,331694080,17753000,1752154112,1928892416
findling-rss 1791029423,1418772480,332079104,17868296,1775685632,1928892416
findling-rss 1791029425,1486118912,332079104,17868856,1843384320,1928892416
findling-rss 1791029427,1430822912,332083200,17889208,1787916288,1928892416
findling-rss 1791029429,1486254080,332083200,17890096,1843175424,1928892416
findling-rss 1791029431,1395695616,331722752,17770720,1752338432,1928892416
findling-rss 1791029433,1398583296,332111872,17886632,1755095040,1928892416
findling-rss 1791029435,1485824000,332111872,17923560,1842622464,1928892416
findling-rss 1791029437,1418772480,332103680,17912384,1775706112,1928892416
findling-rss 1791029439,1485934592,332103680,17909544,1842081792,1928892416
findling-rss 1791029441,1395699712,331751424,17793112,1751801856,1928892416
findling-rss 1791029443,1390153728,389152768,19476432,1805037568,1928892416
findling-rss 1791029445,1486303232,331956224,17789456,1844027392,1928892416
findling-rss 1791029447,1418117120,332664832,17825680,1775276032,1928892416
findling-rss 1791029449,1485946880,332664832,17828832,1843875840,1928892416
findling-rss 1791029451,1475768320,332664832,17831456,1833824256,1928892416
findling-rss 1791029453,1496584192,332664832,17829896,1854550016,1928892416
findling-rss 1791029455,1476845568,332664832,17827848,1834700800,1928892416
findling-rss 1791029457,1497448448,332664832,17825704,1854775296,1928892416
findling-rss 1791029459,1395707904,331603968,17684848,1752272896,1928892416
findling-rss 1791029461,1465995264,331988992,17801512,1822314496,1928892416
findling-rss 1791029463,1492377600,331988992,17802368,1849159680,1928892416
findling-rss 1791029465,1465995264,331988992,17819064,1823281152,1928892416
findling-rss 1791029467,1487826944,331988992,17822584,1845522432,1928892416
findling-rss 1791029469,1358430208,331636736,17704112,1704173568,1928892416
findling-rss 1791029471,1429843968,332017664,17817928,1786073088,1928892416
findling-rss 1791029473,1486815232,332017664,17821920,1843146752,1928892416
findling-rss 1791029475,1466003456,332021760,17841968,1823047680,1928892416
findling-rss 1791029477,1485905920,332021760,17840152,1842843648,1928892416
findling-rss 1791029479,1394458624,331665408,17721696,1750507520,1928892416
findling-rss 1791029481,1439895552,332046336,17838120,1796349952,1928892416
findling-rss 1791029483,1493684224,332046336,17836920,1850040320,1928892416
findling-rss 1791029485,1457299456,332046336,17856112,1814532096,1928892416
findling-rss 1791029487,1486274560,332046336,17856744,1843138560,1928892416
findling-rss 1791029489,1395720192,331694080,17738392,1751744512,1928892416
findling-rss 1791029491,1430392832,332087296,17854080,1787445248,1928892416
findling-rss 1791029493,1485983744,332087296,17854136,1843511296,1928892416
findling-rss 1791029495,1465995264,332087296,17874624,1822969856,1928892416
findling-rss 1791029497,1485512704,332087296,17870512,1843134464,1928892416
findling-rss 1791029499,1338109952,331739136,17752304,1752326144,1928892416
findling-rss 1791029501,1466011648,332120064,17874224,1822433280,1928892416
findling-rss 1791029503,1485664256,332120064,17885736,1842229248,1928892416
findling-rss 1791029505,1466007552,332120064,17890128,1822470144,1928892416
findling-rss 1791029507,1485737984,332120064,17889744,1842470912,1928892416
findling-rss 1791029509,1394892800,331767808,17769776,1750794240,1928892416
findling-rss 1791029511,1466015744,332144640,17888512,1823322112,1928892416
findling-rss 1791029513,1486131200,332144640,17888888,1843605504,1928892416
findling-rss 1791029515,1466048512,332156928,17905264,1823391744,1928892416
findling-rss 1791029517,1486626816,332156928,17906648,1843994624,1928892416
findling-rss 1791029519,1395519488,331796480,17787288,1751592960,1928892416
findling-rss 1791029521,1466032128,331980800,17790264,1822896128,1928892416
findling-rss 1791029523,1486491648,331980800,17791424,1843642368,1928892416
findling-rss 1791029525,1466015744,331988992,17810608,1822720000,1928892416
findling-rss 1791029527,1488252928,331988992,17869288,1844637696,1928892416
findling-rss 1791029529,1395527680,331636736,17692200,1751744512,1928892416
findling-rss 1791029531,1466019840,332009472,17805984,1822285824,1928892416
findling-rss 1791029533,1485557760,332009472,17807192,1841979392,1928892416
findling-rss 1791029535,1466028032,332017664,17821960,1821810688,1928892416
findling-rss 1791029537,1486286848,332017664,17823720,1842876416,1928892416
findling-rss 1791029539,1394278400,331665408,17704200,1749807104,1928892416
findling-rss 1791029541,1466040320,332054528,17823360,1822793728,1928892416
findling-rss 1791029543,1485713408,332054528,17823432,1842216960,1928892416
findling-rss 1791029545,1482485760,332754944,17859336,1839964160,1928892416
findling-rss 1791029547,1490493440,332754944,17860696,1848115200,1928892416
findling-rss 1791029549,1495093248,332754944,17873144,1853050880,1928892416
findling-rss 1791029552,1495293952,332754944,17860136,1853472768,1928892416
findling-rss 1791029554,1495982080,332754944,17855424,1853521920,1928892416
findling-rss 1791029556,1495982080,332754944,17856784,1853468672,1928892416
findling-rss 1791029558,1396105216,331694080,17718448,1751867392,1928892416
findling-rss 1791029560,1485971456,332083200,17839216,1843322880,1928892416
findling-rss 1791029562,1485971456,332083200,17840576,1843564544,1928892416
findling-rss 1791029564,1485357056,332083200,17856400,1841950720,1928892416
findling-rss 1791029566,1485357056,332083200,17856128,1841491968,1928892416
findling-rss 1791029568,1395552256,331726848,17735840,1752018944,1928892416
findling-rss 1791029570,1485549568,332103680,17859760,1842761728,1928892416
findling-rss 1791029572,1486315520,332103680,17858088,1843789824,1928892416
findling-rss 1791029574,1486434304,332107776,17877512,1843712000,1928892416
findling-rss 1791029576,1486458880,332107776,17882168,1842905088,1928892416
findling-rss 1791029578,1395343360,331755520,17754992,1751707648,1928892416
findling-rss 1791029580,1485717504,332132352,17872728,1843441664,1928892416
findling-rss 1791029582,1485869056,332132352,17874328,1843306496,1928892416
findling-rss 1791029584,1486364672,332136448,17894976,1843658752,1928892416
findling-rss 1791029586,1338150912,331784192,17784800,1695055872,1928892416
findling-rss 1791029588,1394298880,331784192,17774760,1750675456,1928892416
findling-rss 1791029590,1485717504,332169216,17890056,1842749440,1928892416
findling-rss 1791029592,1486151680,332169216,17891656,1843351552,1928892416
findling-rss 1791029594,1486053376,333901824,17957184,1845039104,1928892416
findling-rss 1791029596,1491898368,333901824,17954696,1850126336,1928892416
findling-rss 1791029598,1495953408,333901824,17955872,1855369216,1928892416
findling-rss 1791029600,1401057280,333901824,17853712,1759322112,1928892416
findling-rss 1791029602,1497178112,333901824,17958592,1856397312,1928892416
findling-rss 1791029604,1442381824,333901824,17961200,1801531392,1928892416
findling-rss 1791029606,1498476544,333901824,17954400,1857335296,1928892416
findling-rss 1791029608,1477931008,333901824,17954000,1836544000,1928892416
findling-rss 1791029610,1498099712,333901824,17955400,1856786432,1928892416
findling-rss 1791029612,1494929408,333901824,17954816,1854005248,1928892416
findling-rss 1791029614,1503543296,333901824,17956680,1862782976,1928892416
findling-rss 1791029616,1392082944,331825152,17792088,1748680704,1928892416
findling-rss 1791029618,1466662912,332038144,17793368,1822220288,1928892416
findling-rss 1791029620,1487458304,332038144,17794616,1844830208,1928892416
findling-rss 1791029622,1466077184,332038144,17811248,1823608832,1928892416
findling-rss 1791029624,1486249984,332038144,17813456,1843982336,1928892416
findling-rss 1791029626,1355255808,331681792,17690312,1750659072,1928892416
findling-rss 1791029628,1418567680,332062720,17806720,1775812608,1928892416
findling-rss 1791029630,1492705280,332062720,17810648,1850114048,1928892416
findling-rss 1791029632,1428279296,332066816,17821760,1785462784,1928892416
findling-rss 1791029634,1485996032,332066816,17825992,1843146752,1928892416
findling-rss 1791029636,1394532352,331710464,17708440,1750683648,1928892416
findling-rss 1791029638,1399693312,332083200,17825856,1756643328,1928892416
findling-rss 1791029640,1485082624,332083200,17833224,1842589696,1928892416
findling-rss 1791029642,1439965184,332087296,17849536,1798217728,1928892416
findling-rss 1791029644,1486241792,332087296,17849288,1843974144,1928892416
findling-rss 1791029646,1395798016,331739136,17729272,1752375296,1928892416
findling-rss 1791029648,1430200320,332120064,17846120,1786953728,1928892416
findling-rss 1791029650,1486258176,332120064,17849776,1843781632,1928892416
findling-rss 1791029652,1466105856,332124160,17863608,1823576064,1928892416
findling-rss 1791029654,1486417920,332124160,17865128,1843802112,1928892416
findling-rss 1791029656,1394761728,331776000,17742392,1750196224,1928892416
findling-rss 1791029658,1430282240,332161024,17858976,1788076032,1928892416
findling-rss 1791029660,1486340096,332161024,17860752,1843064832,1928892416
findling-rss 1791029662,1519329280,331948032,17871680,1876631552,1928892416
findling-rss 1791029664,1550372864,331948032,17925992,1907146752,1928892416
findling-rss 1791029666,1440165888,331804672,17760048,1796526080,1928892416
findling-rss 1791029668,1400840192,332185600,17874544,1758007296,1928892416
findling-rss 1791029670,1487220736,332185600,17879912,1844224000,1928892416
findling-rss 1791029672,1430212608,332177408,17896240,1787265024,1928892416
findling-rss 1791029674,1486237696,332177408,17895800,1843781632,1928892416
findling-rss 1791029676,1395191808,332247040,17793736,1752047616,1928892416
findling-rss 1791029678,1390276608,332632064,17800416,1747173376,1928892416
findling-rss 1791029680,1485922304,332632064,17911848,1843113984,1928892416
findling-rss 1791029682,1404194816,332632064,17926728,1759346688,1928892416
findling-rss 1791029684,1485643776,332632064,17929680,1843470336,1928892416
findling-rss 1791029686,1395822592,332275712,17819072,1752035328,1928892416
findling-rss 1791029688,1401257984,389775360,19579712,1817571328,1928892416
findling-rss 1791029690,1485053952,332492800,17808880,1843183616,1928892416
findling-rss 1791029692,1430327296,333557760,17859712,1789190144,1928892416
findling-rss 1791029694,1488355328,333557760,17858696,1846755328,1928892416
findling-rss 1791029696,1475887104,333557760,17855800,1834459136,1928892416
findling-rss 1791029698,1500852224,333557760,17856960,1859362816,1928892416
findling-rss 1791029700,1476972544,333557760,17855152,1835970560,1928892416
findling-rss 1791029702,1497276416,333557760,17854672,1855885312,1928892416
findling-rss 1791029704,1497149440,333557760,17854488,1855578112,1928892416
findling-rss 1791029706,1498267648,333557760,17856000,1856335872,1928892416
findling-rss 1791029708,1338580992,332140544,17715480,1695191040,1928892416
findling-rss 1791029710,1466114048,332525568,17824128,1824260096,1928892416
findling-rss 1791029712,1488547840,332525568,17825520,1846267904,1928892416
findling-rss 1791029714,1484648448,332525568,17843616,1842675712,1928892416
findling-rss 1791029716,1485815808,332525568,17841336,1842028544,1928892416
findling-rss 1791029718,1344307200,332177408,17719968,1695956992,1928892416
findling-rss 1791029720,1472233472,332554240,17835800,1828528128,1928892416
findling-rss 1791029722,1486102528,332554240,17841088,1843650560,1928892416
findling-rss 1791029724,1486467072,332558336,17861808,1844142080,1928892416
findling-rss 1791029726,1490247680,332558336,17862832,1847701504,1928892416
findling-rss 1791029728,1395642368,332206080,17743936,1752641536,1928892416
findling-rss 1791029730,1485824000,332591104,17861664,1843691520,1928892416
findling-rss 1791029732,1486610432,332591104,17861360,1844510720,1928892416
findling-rss 1791029734,1486385152,336097280,17978888,1847209984,1928892416
findling-rss 1791029736,1492078592,336097280,17975552,1853571072,1928892416
findling-rss 1791029738,1496248320,336097280,17976032,1857736704,1928892416
findling-rss 1791029740,1496322048,336097280,17972296,1857744896,1928892416
findling-rss 1791029742,1495498752,336097280,17970696,1856749568,1928892416
findling-rss 1791029744,1495633920,336097280,17972080,1857196032,1928892416
findling-rss 1791029746,1497960448,336097280,17968216,1857949696,1928892416
findling-rss 1791029748,1497960448,336097280,17969336,1858998272,1928892416
findling-rss 1791029750,1498386432,336097280,17967904,1859526656,1928892416
findling-rss 1791029752,1402609664,336097280,17864456,1763676160,1928892416
findling-rss 1791029754,1499947008,336097280,17969984,1860669440,1928892416
findling-rss 1791029756,1442881536,336097280,17971584,1803886592,1928892416
findling-rss 1791029758,1498890240,336097280,17972160,1860304896,1928892416
findling-rss 1791029760,1425543168,336097280,17974304,1786572800,1928892416
findling-rss 1791029762,1445347328,336097280,17972272,1806725120,1928892416
findling-rss 1791029764,1441640448,336097280,17975160,1803173888,1928892416
findling-rss 1791029766,1451659264,336097280,17973296,1813327872,1928892416
findling-rss 1791029768,1489141760,336097280,17973912,1850847232,1928892416
findling-rss 1791029770,1490706432,336097280,17972616,1852178432,1928892416
findling-rss 1791029772,1499488256,336097280,17970160,1861124096,1928892416
findling-rss 1791029774,1499832320,336097280,17971544,1861021696,1928892416
findling-rss 1791029776,1341771776,332251136,17755448,1697955840,1928892416
findling-rss 1791029778,1485639680,332623872,17873368,1843347456,1928892416
findling-rss 1791029780,1490538496,332623872,17877624,1848553472,1928892416
findling-rss 1791029782,1486278656,332632064,17895384,1843277824,1928892416
findling-rss 1791029784,1486311424,332632064,17896928,1844232192,1928892416
findling-rss 1791029786,1338257408,332283904,17779048,1696043008,1928892416
findling-rss 1791029788,1486430208,332668928,17892608,1844527104,1928892416
findling-rss 1791029790,1488478208,332668928,17893288,1847058432,1928892416
findling-rss 1791029792,1485500416,332668928,17913808,1843601408,1928892416
findling-rss 1791029794,1485938688,332668928,17915432,1844088832,1928892416
findling-rss 1791029796,1395240960,332312576,17793352,1752129536,1928892416
findling-rss 1791029798,1485385728,332689408,17910720,1842987008,1928892416
findling-rss 1791029800,1489022976,332689408,17947360,1846333440,1928892416
findling-rss 1791029802,1485328384,332693504,17930216,1843118080,1928892416
findling-rss 1791029804,1490894848,332693504,17931640,1848557568,1928892416
findling-rss 1791029806,1395032064,332341248,17807400,1751179264,1928892416
findling-rss 1791029808,1485148160,332554240,17803464,1843085312,1928892416
findling-rss 1791029810,1486327808,332554240,17807040,1843249152,1928892416
findling-rss 1791029812,1485557760,332554240,17828296,1843228672,1928892416
findling-rss 1791029814,1485901824,332554240,17825904,1843593216,1928892416
findling-rss 1791029816,1395032064,332201984,17707496,1752215552,1928892416
findling-rss 1791029818,1485086720,332587008,17825616,1842335744,1928892416
findling-rss 1791029820,1486221312,332587008,17827456,1843200000,1928892416
findling-rss 1791029822,1468420096,332587008,17844984,1826050048,1928892416
findling-rss 1791029824,1474048000,332587008,17838760,1832071168,1928892416
findling-rss 1791029826,1428799488,332230656,17717888,1785729024,1928892416
findling-rss 1791029828,1485033472,332607488,17837976,1842708480,1928892416
findling-rss 1791029831,1486426112,332607488,17838896,1844568064,1928892416
findling-rss 1791029833,1486180352,332611584,17858768,1844875264,1928892416
findling-rss 1791029835,1486188544,332611584,17860128,1844035584,1928892416
findling-rss 1791029837,1354346496,332386304,17736152,1750388736,1928892416
findling-rss 1791029839,1485942784,332771328,17858096,1842962432,1928892416
findling-rss 1791029841,1486598144,332771328,17856688,1844154368,1928892416
findling-rss 1791029843,1467908096,332779520,17875800,1825824768,1928892416
findling-rss 1791029845,1468805120,332779520,17877824,1826893824,1928892416
findling-rss 1791029847,1431085056,332414976,17767792,1787645952,1928892416
findling-rss 1791029849,1485344768,332795904,17876352,1843298304,1928892416
findling-rss 1791029851,1488171008,332795904,17877752,1846403072,1928892416
findling-rss 1791029853,1485787136,332795904,17896440,1843863552,1928892416
findling-rss 1791029855,1486209024,332795904,17898064,1844170752,1928892416
findling-rss 1791029857,1395875840,332443648,17775392,1753186304,1928892416
findling-rss 1791029859,1485946880,332824576,17894976,1843527680,1928892416
findling-rss 1791029861,1486368768,332824576,17895264,1844031488,1928892416
findling-rss 1791029863,1486008320,332832768,17912640,1843994624,1928892416
findling-rss 1791029865,1486204928,332832768,17911688,1844506624,1928892416
findling-rss 1791029867,1395466240,332472320,17789880,1752289280,1928892416
findling-rss 1791029869,1486372864,332853248,17908680,1844473856,1928892416
findling-rss 1791029871,1486372864,332853248,17906528,1844584448,1928892416
findling-rss 1791029873,1486176256,336359424,18024312,1848320000,1928892416
findling-rss 1791029875,1486176256,336359424,18021808,1847808000,1928892416
findling-rss 1791029877,1497014272,336359424,18022752,1858654208,1928892416
findling-rss 1791029879,1499340800,336359424,18023432,1861328896,1928892416
findling-rss 1791029881,1497174016,336359424,18019696,1858756608,1928892416
findling-rss 1791029883,1401303040,336359424,17921248,1762304000,1928892416
findling-rss 1791029885,1498177536,336359424,18022080,1859661824,1928892416
findling-rss 1791029887,1413529600,336359424,18023464,1775095808,1928892416
findling-rss 1791029889,1498746880,336359424,18023776,1860308992,1928892416
findling-rss 1791029891,1429852160,336359424,18023112,1791684608,1928892416
findling-rss 1791029893,1497743360,336359424,18023352,1859231744,1928892416
findling-rss 1791029895,1416593408,336359424,18030336,1777868800,1928892416
findling-rss 1791029897,1445163008,336359424,18023256,1806098432,1928892416
findling-rss 1791029899,1425297408,336359424,18020384,1786056704,1928892416
findling-rss 1791029901,1445875712,336359424,18021704,1806700544,1928892416
findling-rss 1791029903,1469722624,336359424,18017376,1831133184,1928892416
findling-rss 1791029905,1490026496,336359424,18017448,1851654144,1928892416
findling-rss 1791029907,1498750976,336359424,18017928,1860046848,1928892416
findling-rss 1791029909,1499394048,336359424,18017208,1861259264,1928892416
findling-rss 1791029911,1500188672,336359424,18017152,1861414912,1928892416
findling-rss 1791029913,1504481280,336359424,18019472,1866334208,1928892416
findling-rss 1791029915,1399074816,332517376,17803480,1756164096,1928892416
findling-rss 1791029917,1483972608,332738560,17808584,1841864704,1928892416
findling-rss 1791029919,1493483520,332738560,17811720,1851727872,1928892416
findling-rss 1791029921,1544531968,332517376,17824328,1902383104,1928892416
findling-rss 1791029923,1548476416,332517376,17829096,1906409472,1928892416
findling-rss 1791029925,1440239616,332378112,17715952,1797468160,1928892416
findling-rss 1791029927,1466191872,332783616,17832144,1824571392,1928892416
findling-rss 1791029929,1486041088,332783616,17831600,1843732480,1928892416
findling-rss 1791029931,1478180864,332779520,17847240,1834377216,1928892416
findling-rss 1791029933,1485885440,332779520,17848296,1843580928,1928892416
findling-rss 1791029935,1395896320,332423168,17729224,1752731648,1928892416
findling-rss 1791029937,1483141120,332804096,17846080,1840361472,1928892416
findling-rss 1791029939,1485778944,332804096,17842472,1843568640,1928892416
findling-rss 1791029941,1485283328,332800000,17860568,1843048448,1928892416
findling-rss 1791029943,1489498112,332800000,17861728,1847001088,1928892416
findling-rss 1791029945,1395683328,332451840,17743608,1752440832,1928892416
findling-rss 1791029947,1485389824,332828672,17861424,1843023872,1928892416
findling-rss 1791029949,1486168064,332828672,17863504,1844236288,1928892416
findling-rss 1791029951,1486114816,332832768,17882032,1843830784,1928892416
findling-rss 1791029953,1487609856,332832768,17880944,1846087680,1928892416
findling-rss 1791029955,1392775168,332480512,17760608,1750614016,1928892416
findling-rss 1791029957,1485242368,332869632,17879608,1842827264,1928892416
findling-rss 1791029959,1486786560,332869632,17912776,1844576256,1928892416
findling-rss 1791029961,1485176832,332861440,17895912,1842991104,1928892416
findling-rss 1791029963,1485176832,332861440,17897872,1843523584,1928892416
findling-rss 1791029965,1359724544,332509184,17781984,1704816640,1928892416
findling-rss 1791029967,1468497920,334057472,17929576,1827811328,1928892416
findling-rss 1791029969,1474588672,334057472,17930864,1833828352,1928892416
findling-rss 1791029971,1473216512,332898304,17917688,1829920768,1928892416
findling-rss 1791029973,1486692352,332898304,17915480,1843671040,1928892416
findling-rss 1791029975,1394429952,332537856,17796344,1751429120,1928892416
findling-rss 1791029977,1466195968,332922880,17914232,1823756288,1928892416
findling-rss 1791029979,1487028224,332922880,17914912,1844969472,1928892416
findling-rss 1791029981,1485901824,332922880,17934848,1844412416,1928892416
findling-rss 1791029983,1486262272,332922880,17932384,1844383744,1928892416
findling-rss 1791029985,1395683328,332566528,17812800,1752137728,1928892416
findling-rss 1791029987,1485324288,332787712,17809296,1842765824,1928892416
findling-rss 1791029989,1486356480,332787712,17812496,1843728384,1928892416
findling-rss 1791029991,1485656064,332787712,17833192,1843261440,1928892416
findling-rss 1791029993,1486155776,332787712,17832944,1844170752,1928892416
findling-rss 1791029995,1364709376,332435456,17712560,1712078848,1928892416
findling-rss 1791029997,1466191872,336297984,17923392,1827254272,1928892416
findling-rss 1791029999,1486331904,336297984,17925472,1847951360,1928892416
findling-rss 1791030001,1494577152,336297984,17927376,1856540672,1928892416
findling-rss 1791030003,1496715264,336297984,17929456,1858555904,1928892416
findling-rss 1791030005,1496879104,336297984,17973736,1858850816,1928892416
findling-rss 1791030007,1498345472,336297984,17931360,1859305472,1928892416
findling-rss 1791030009,1497833472,336297984,17930240,1858981888,1928892416
findling-rss 1791030011,1498640384,336297984,17928336,1860304896,1928892416
findling-rss 1791030013,1497698304,336297984,17925696,1858789376,1928892416
findling-rss 1791030015,1402236928,336297984,17828464,1763049472,1928892416
findling-rss 1791030017,1498738688,336297984,17920424,1859858432,1928892416
findling-rss 1791030019,1376333824,336297984,17927216,1737650176,1928892416
findling-rss 1791030021,1445552128,336297984,17923080,1806630912,1928892416
findling-rss 1791030023,1416613888,336297984,17925160,1777623040,1928892416
findling-rss 1791030025,1445580800,336297984,17926560,1806458880,1928892416
findling-rss 1791030027,1469739008,336297984,17923408,1830907904,1928892416
findling-rss 1791030029,1489457152,336297984,17923288,1850392576,1928892416
findling-rss 1791030031,1483296768,336297984,17924224,1843511296,1928892416
findling-rss 1791030033,1499115520,336297984,17924248,1860468736,1928892416
findling-rss 1791030035,1499967488,336297984,17922992,1861181440,1928892416
findling-rss 1791030037,1499967488,336297984,17919664,1861066752,1928892416
findling-rss 1791030039,1485348864,332836864,17845832,1843376128,1928892416
findling-rss 1791030041,1485479936,332836864,17847648,1843290112,1928892416
findling-rss 1791030043,1395912704,332480512,17728728,1753284608,1928892416
findling-rss 1791030045,1484734464,332853248,17851896,1842167808,1928892416
findling-rss 1791030047,1485914112,332853248,17847720,1843625984,1928892416
findling-rss 1791030049,1486262272,332861440,17866232,1844662272,1928892416
findling-rss 1791030051,1486364672,332861440,17872528,1844555776,1928892416
findling-rss 1791030053,1395912704,332513280,17749696,1753026560,1928892416
findling-rss 1791030055,1485864960,332894208,17864520,1843888128,1928892416
findling-rss 1791030057,1486893056,332894208,17867560,1845153792,1928892416
findling-rss 1791030059,1485537280,332890112,17884512,1843388416,1928892416
findling-rss 1791030061,1490624512,332890112,17880632,1848774656,1928892416
findling-rss 1791030063,1395281920,332541952,17761096,1752358912,1928892416
findling-rss 1791030065,1484881920,336769024,17985760,1846136832,1928892416
findling-rss 1791030067,1486123008,336769024,17985320,1848197120,1928892416
findling-rss 1791030069,1495568384,336769024,17986920,1857290240,1928892416
findling-rss 1791030071,1496416256,336769024,17988464,1858052096,1928892416
findling-rss 1791030073,1497489408,336769024,17990024,1859792896,1928892416
findling-rss 1791030075,1497489408,336769024,17990488,1859411968,1928892416
findling-rss 1791030077,1497628672,336769024,17982744,1858088960,1928892416
findling-rss 1791030079,1402265600,336769024,17879904,1763258368,1928892416
findling-rss 1791030081,1498329088,336769024,17984768,1860816896,1928892416
findling-rss 1791030083,1430564864,336769024,17986736,1792598016,1928892416
findling-rss 1791030085,1498238976,336769024,17983456,1860055040,1928892416
findling-rss 1791030087,1416564736,336769024,17982200,1778294784,1928892416
findling-rss 1791030089,1445404672,336769024,17985592,1807134720,1928892416
findling-rss 1791030091,1425252352,336769024,17985624,1786982400,1928892416
findling-rss 1791030093,1443880960,336769024,17986032,1805635584,1928892416
findling-rss 1791030095,1489297408,336769024,17987296,1851736064,1928892416
findling-rss 1791030097,1490235392,336769024,17989160,1852833792,1928892416
findling-rss 1791030099,1498689536,336769024,17988952,1860706304,1928892416
findling-rss 1791030101,1499361280,336769024,17986776,1861435392,1928892416
findling-rss 1791030103,1501048832,336769024,17989144,1862885376,1928892416
findling-rss 1791030105,1506406400,336769024,17989112,1868406784,1928892416
findling-rss 1791030107,1502101504,336769024,17983776,1864093696,1928892416
findling-rss 1791030110,1436295168,336769024,17986120,1837948928,1928892416
findling-rss 1791030112,1486532608,332939264,17900112,1844797440,1928892416
findling-rss 1791030114,1389559808,332587008,17785480,1747021824,1928892416
findling-rss 1791030116,1338298368,332619776,17775240,1694982144,1928892416
findling-rss 1791030118,1485889536,332976128,17900816,1843924992,1928892416
findling-rss 1791030120,1338298368,332619776,17803408,1695551488,1928892416
findling-rss 1791030122,1486032896,332980224,17959864,1845501952,1928892416
findling-rss 1791030124,1395912704,332619776,17797880,1752788992,1928892416
findling-rss 1791030126,1393410048,332619776,17797480,1750581248,1928892416
findling-rss 1791030128,1486209024,332996608,17913688,1843986432,1928892416
findling-rss 1791030130,1486209024,332996608,17915288,1844674560,1928892416
findling-rss 1791030132,1486372864,332996608,17935624,1845297152,1928892416
findling-rss 1791030134,1386426368,332648448,17819632,1743958016,1928892416
findling-rss 1791030136,1395912704,332648448,17817680,1753104384,1928892416
findling-rss 1791030138,1485832192,332861440,17813080,1844248576,1928892416
findling-rss 1791030140,1488601088,332861440,17814808,1845837824,1928892416
findling-rss 1791030142,1486331904,332861440,17832368,1843875840,1928892416
findling-rss 1791030144,1338306560,332505088,17712264,1695080448,1928892416
findling-rss 1791030146,1338306560,332521472,17711240,1695952896,1928892416
findling-rss 1791030148,1486024704,332881920,17830328,1843445760,1928892416
findling-rss 1791030150,1338306560,332533760,17730144,1695584256,1928892416
findling-rss 1791030152,1486372864,332877824,17847648,1844289536,1928892416
findling-rss 1791030154,1392390144,332533760,17730696,1750384640,1928892416
findling-rss 1791030156,1338306560,332562432,17727568,1695236096,1928892416
findling-rss 1791030158,1485422592,332910592,17845800,1842991104,1928892416
findling-rss 1791030160,1489149952,332910592,17845680,1847173120,1928892416
findling-rss 1791030162,1486655488,332918784,17867440,1844887552,1928892416
findling-rss 1791030164,1338306560,332562432,17743912,1696509952,1928892416
findling-rss 1791030166,1338306560,332591104,17736840,1695461376,1928892416
findling-rss 1791030168,1489809408,332947456,17861496,1847197696,1928892416
findling-rss 1791030170,1338310656,332591104,17764256,1694965760,1928892416
findling-rss 1791030172,1485897728,332951552,17884992,1843941376,1928892416
findling-rss 1791030174,1383219200,332591104,17764520,1740443648,1928892416
findling-rss 1791030176,1338310656,332632064,17764232,1696284672,1928892416
findling-rss 1791030178,1486565376,332980224,17882104,1844862976,1928892416
findling-rss 1791030180,1338310656,332632064,17779960,1695969280,1928892416
findling-rss 1791030182,1486127104,332984320,17910832,1844490240,1928892416
findling-rss 1791030184,1395924992,332632064,17780208,1753038848,1928892416
findling-rss 1791030186,1338310656,332660736,17775296,1695608832,1928892416
findling-rss 1791030188,1486065664,333004800,17898528,1844285440,1928892416
findling-rss 1791030190,1390379008,333017088,17822200,1748258816,1928892416
findling-rss 1791030192,1486245888,333017088,17918568,1844125696,1928892416
findling-rss 1791030194,1395924992,332660736,17798424,1753194496,1928892416
findling-rss 1791030196,1338310656,332689408,17795712,1696133120,1928892416
findling-rss 1791030198,1486397440,333049856,17913416,1844592640,1928892416
findling-rss 1791030200,1390379008,333037568,17827536,1748131840,1928892416
findling-rss 1791030202,1488089088,333037568,17935096,1846824960,1928892416
findling-rss 1791030204,1395503104,332689408,17812976,1753071616,1928892416
findling-rss 1791030206,1338310656,355180544,18503848,1717817344,1928892416
findling-rss 1791030208,1485471744,332906496,17817072,1843159040,1928892416
findling-rss 1791030210,1390379008,332902400,17726592,1747263488,1928892416
findling-rss 1791030212,1486598144,332902400,17836168,1844428800,1928892416
findling-rss 1791030214,1338314752,332554240,17716544,1694846976,1928892416
findling-rss 1791030216,1375997952,332935168,17720000,1732112384,1928892416
findling-rss 1791030218,1486196736,332935168,17831264,1843769344,1928892416
findling-rss 1791030220,1338314752,332582912,17741896,1695133696,1928892416
findling-rss 1791030222,1486184448,332935168,17853072,1843879936,1928892416
findling-rss 1791030224,1391788032,332582912,17734416,1748758528,1928892416
findling-rss 1791030226,1338314752,332611584,17728008,1695002624,1928892416
findling-rss 1791030228,1485881344,332963840,17850416,1844023296,1928892416
findling-rss 1791030230,1387085824,332967936,17765496,1743691776,1928892416
findling-rss 1791030232,1486012416,332967936,17870952,1843998720,1928892416
findling-rss 1791030234,1395929088,332611584,17752248,1752682496,1928892416
findling-rss 1791030236,1339604992,332640256,17787872,1696165888,1928892416
findling-rss 1791030238,1486303232,332996608,17868816,1844322304,1928892416
findling-rss 1791030240,1377976320,332996608,17780632,1781567488,1928892416
findling-rss 1791030242,1486704640,332996608,17889184,1844981760,1928892416
findling-rss 1791030244,1389576192,332640256,17776608,1747599360,1928892416
findling-rss 1791030246,1395933184,332640256,17767096,1753329664,1928892416
findling-rss 1791030248,1486389248,333029376,17884648,1844240384,1928892416
findling-rss 1791030250,1490632704,333029376,17885704,1848614912,1928892416
findling-rss 1791030252,1486290944,333025280,17906496,1844891648,1928892416
findling-rss 1791030254,1390387200,333025280,17891024,1815621632,1928892416
findling-rss 1791030256,1395511296,332668928,17786448,1753214976,1928892416
findling-rss 1791030258,1486700544,333049856,17916736,1846022144,1928892416
findling-rss 1791030260,1487450112,333049856,17903776,1845768192,1928892416
findling-rss 1791030262,1485770752,333045760,17917432,1843724288,1928892416
findling-rss 1791030264,1390391296,333045760,17899648,1780256768,1928892416
findling-rss 1791030266,1394888704,332697600,17796848,1752047616,1928892416
findling-rss 1791030268,1485848576,333078528,17916976,1844445184,1928892416
findling-rss 1791030270,1485848576,333078528,17918600,1844617216,1928892416
findling-rss 1791030272,1486708736,333082624,17938912,1845293056,1928892416
findling-rss 1791030274,1344778240,332726272,17835800,1698033664,1928892416
findling-rss 1791030276,1395941376,332726272,17819056,1753481216,1928892416
findling-rss 1791030278,1486475264,332935168,17818192,1844772864,1928892416
findling-rss 1791030280,1486630912,332935168,17819312,1843572736,1928892416
findling-rss 1791030282,1548361728,332718080,17828080,1905221632,1928892416
findling-rss 1791030284,1382891520,332582912,17724872,1740296192,1928892416
findling-rss 1791030286,1382891520,332611584,17706600,1738899456,1928892416
findling-rss 1791030288,1486000128,332963840,17833384,1843789824,1928892416
findling-rss 1791030290,1338327040,332615680,17735776,1718734848,1928892416
findling-rss 1791030292,1487097856,332963840,17855528,1845137408,1928892416
findling-rss 1791030294,1385877504,332611584,17739288,1743376384,1928892416
findling-rss 1791030296,1338327040,332640256,17721528,1695330304,1928892416
findling-rss 1791030298,1488846848,332992512,17847768,1846153216,1928892416
findling-rss 1791030300,1338331136,332644352,17761880,1695883264,1928892416
findling-rss 1791030302,1486741504,332996608,17871296,1845157888,1928892416
findling-rss 1791030304,1338331136,332640256,17752776,1696043008,1928892416
findling-rss 1791030306,1338331136,332668928,17755288,1695481856,1928892416
findling-rss 1791030308,1486684160,333025280,17865824,1844191232,1928892416
findling-rss 1791030310,1338335232,332668928,17783472,1695911936,1928892416
findling-rss 1791030312,1485848576,333017088,17885640,1844301824,1928892416
findling-rss 1791030314,1394692096,332668928,17767816,1752174592,1928892416
findling-rss 1791030316,1395949568,332668928,17762640,1751928832,1928892416
findling-rss 1791030318,1485402112,333045760,17881480,1842057216,1928892416
findling-rss 1791030320,1338335232,332697600,17787344,1695236096,1928892416
findling-rss 1791030322,1486151680,333041664,17901856,1844047872,1928892416
findling-rss 1791030324,1338339328,332697600,17782968,1695662080,1928892416
findling-rss 1791030326,1365790720,333508608,17810832,1722343424,1928892416
findling-rss 1791030328,1487183872,333508608,17915560,1846308864,1928892416
findling-rss 1791030330,1390407680,333504512,17832712,1749098496,1928892416
findling-rss 1791030332,1486475264,333504512,17933720,1844768768,1928892416
findling-rss 1791030334,1383251968,333148160,17822848,1741344768,1928892416
findling-rss 1791030336,1388703744,333529088,17815712,1745694720,1928892416
findling-rss 1791030338,1486159872,333529088,17930128,1844633600,1928892416
findling-rss 1791030340,1390411776,333533184,17840896,1748779008,1928892416
findling-rss 1791030342,1487179776,333533184,17947992,1845862400,1928892416
findling-rss 1791030344,1394704384,333176832,17829400,1752330240,1928892416
findling-rss 1791030346,1382416384,390963200,19514008,1797992448,1928892416
findling-rss 1791030348,1486934016,333385728,17832680,1845534720,1928892416
findling-rss 1791030350,1401929728,333393920,17894320,1759842304,1928892416
findling-rss 1791030352,1486118912,333393920,17851480,1844121600,1928892416
findling-rss 1791030354,1395544064,333041664,17735616,1753448448,1928892416
findling-rss 1791030356,1398820864,333422592,17838448,1756475392,1928892416
findling-rss 1791030358,1485447168,333422592,17843320,1843843072,1928892416
findling-rss 1791030360,1429917696,333414400,17861648,1788624896,1928892416
findling-rss 1791030362,1485721600,333414400,17862200,1844289536,1928892416
findling-rss 1791030364,1395970048,333070336,17744456,1754087424,1928892416
findling-rss 1791030366,1401872384,333455360,17860624,1759821824,1928892416
findling-rss 1791030368,1486282752,333455360,17863432,1844518912,1928892416
findling-rss 1791030370,1425350656,334848000,17921208,1782472704,1928892416
findling-rss 1791030372,1486708736,334848000,17964944,1848430592,1928892416
findling-rss 1791030374,1476018176,334848000,17923856,1836314624,1928892416
findling-rss 1791030376,1496018944,334848000,17919408,1855234048,1928892416
findling-rss 1791030378,1476382720,334848000,17917816,1835896832,1928892416
findling-rss 1791030380,1500123136,334848000,17921208,1860300800,1928892416
findling-rss 1791030382,1495547904,334848000,17922472,1855049728,1928892416
findling-rss 1791030384,1496383488,334848000,17922712,1856258048,1928892416
findling-rss 1791030387,1497878528,334848000,17922808,1857986560,1928892416
findling-rss 1791030389,1501982720,334848000,17924512,1861742592,1928892416
findling-rss 1791030391,1339412480,333099008,17768112,1718009856,1928892416
findling-rss 1791030393,1485950976,333488128,17889680,1844101120,1928892416
findling-rss 1791030395,1485950976,333488128,17889200,1845063680,1928892416
findling-rss 1791030397,1486987264,333496320,17905872,1845764096,1928892416
findling-rss 1791030399,1488326656,333496320,17905416,1847504896,1928892416
findling-rss 1791030401,1393684480,333135872,17782480,1751605248,1928892416
findling-rss 1791030403,1485955072,334557184,17928520,1845764096,1928892416
findling-rss 1791030405,1492844544,334557184,17924448,1853448192,1928892416
findling-rss 1791030407,1495842816,334557184,17925416,1854672896,1928892416
findling-rss 1791030409,1496432640,334557184,17927016,1856487424,1928892416
findling-rss 1791030411,1500291072,334557184,17931208,1859612672,1928892416
findling-rss 1791030413,1500307456,334557184,17932832,1860153344,1928892416
findling-rss 1791030415,1498767360,334557184,17933424,1858150400,1928892416
findling-rss 1791030417,1346940928,333520896,17810536,1696280576,1928892416
findling-rss 1791030419,1487015936,333520896,17964824,1845096448,1928892416
findling-rss 1791030421,1276866560,333164544,17605024,1633415168,1928892416
findling-rss 1791030423,1276866560,333201408,17603736,1633693696,1928892416
findling-rss 1791030425,1431609344,333553664,17978544,1790283776,1928892416
findling-rss 1791030427,1452351488,333553664,17980520,1811308544,1928892416
findling-rss 1791030429,1482498048,333557760,17993616,1841233920,1928892416
findling-rss 1791030431,1485307904,333557760,17995424,1844166656,1928892416
findling-rss 1791030433,1394331648,333205504,17873784,1752588288,1928892416
findling-rss 1791030435,1464819712,333582336,17995088,1823186944,1928892416
findling-rss 1791030437,1483735040,333582336,17993832,1842024448,1928892416
findling-rss 1791030439,1464856576,333590528,18015384,1823395840,1928892416
findling-rss 1791030441,1485324288,333590528,18027776,1844002816,1928892416
findling-rss 1791030443,1394548736,333234176,17896272,1752387584,1928892416
findling-rss 1791030445,1464848384,333422592,17890448,1823281152,1928892416
findling-rss 1791030447,1485074432,333422592,17893984,1845039104,1928892416
findling-rss 1791030449,1473003520,333418496,17910048,1830531072,1928892416
findling-rss 1791030451,1485033472,333418496,17911720,1843949568,1928892416
findling-rss 1791030453,1394561024,333070336,17792280,1753313280,1928892416
findling-rss 1791030455,1464872960,333455360,17911952,1823776768,1928892416
findling-rss 1791030457,1490055168,333455360,17911888,1848381440,1928892416
findling-rss 1791030459,1464836096,333451264,17929344,1823879168,1928892416
findling-rss 1791030461,1485176832,333451264,17929104,1844031488,1928892416
findling-rss 1791030463,1393516544,333099008,17811456,1751482368,1928892416
findling-rss 1791030465,1464848384,333479936,17924560,1823674368,1928892416
findling-rss 1791030467,1484021760,333479936,17928104,1842114560,1928892416
findling-rss 1791030469,1464848384,333471744,17945184,1823629312,1928892416
findling-rss 1791030471,1485172736,333471744,17946640,1843286016,1928892416
findling-rss 1791030473,1336950784,333127680,17828416,1694998528,1928892416
findling-rss 1791030475,1464868864,333508608,17943264,1823907840,1928892416
findling-rss 1791030477,1484738560,333508608,17944440,1843687424,1928892416
findling-rss 1791030479,1464872960,333512704,17960976,1823932416,1928892416
findling-rss 1791030481,1485283328,333512704,17962520,1844178944,1928892416
findling-rss 1791030483,1363959808,333156352,17843248,1712095232,1928892416
findling-rss 1791030485,1464856576,333537280,17959336,1824141312,1928892416
findling-rss 1791030487,1485029376,333537280,17959320,1843851264,1928892416
findling-rss 1791030489,1464840192,333533184,17976848,1823621120,1928892416
findling-rss 1791030491,1484849152,333533184,17980240,1843892224,1928892416
findling-rss 1791030493,1394151424,333185024,17860080,1752252416,1928892416
findling-rss 1791030495,1464856576,333561856,17980640,1823436800,1928892416
findling-rss 1791030497,1485467648,333561856,17974384,1843187712,1928892416
findling-rss 1791030499,1483972608,333565952,17992592,1842884608,1928892416
findling-rss 1791030501,1484165120,333565952,17993120,1843007488,1928892416
findling-rss 1791030503,1394167808,333213696,17874704,1751846912,1928892416
findling-rss 1791030505,1485193216,333590528,17994032,1844101120,1928892416
findling-rss 1791030507,1485426688,333590528,17993992,1843994624,1928892416
findling-rss 1791030509,1484677120,333598720,18025912,1842941952,1928892416
findling-rss 1791030511,1485443072,333598720,18015208,1844224000,1928892416
findling-rss 1791030513,1336975360,333242368,17894936,1733267456,1928892416
findling-rss 1791030515,1484787712,333467648,17898264,1842720768,1928892416
findling-rss 1791030517,1485123584,333467648,17900472,1842868224,1928892416
findling-rss 1791030519,1484251136,333459456,17917056,1842663424,1928892416
findling-rss 1791030521,1484894208,333459456,17919288,1843507200,1928892416
findling-rss 1791030523,1394614272,333111296,17806048,1752731648,1928892416
findling-rss 1791030525,1484288000,333496320,17917504,1842163712,1928892416
findling-rss 1791030527,1484726272,333496320,17913800,1843011584,1928892416
findling-rss 1791030529,1485680640,333496320,17932568,1844310016,1928892416
findling-rss 1791030531,1485778944,333496320,17937664,1844785152,1928892416
findling-rss 1791030533,1373257728,333139968,17818096,1751658496,1928892416
findling-rss 1791030535,1484840960,333520896,17937600,1843830784,1928892416
findling-rss 1791030537,1490980864,333520896,17934864,1849720832,1928892416
findling-rss 1791030539,1485156352,333516800,17951464,1843806208,1928892416
findling-rss 1791030541,1485209600,333516800,17951992,1843802112,1928892416
findling-rss 1791030543,1394630656,333168640,17830904,1752977408,1928892416
findling-rss 1791030545,1483862016,333549568,17952384,1842421760,1928892416
findling-rss 1791030547,1484738560,333549568,17953984,1843134464,1928892416
findling-rss 1791030549,1484222464,333553664,17973616,1843122176,1928892416
findling-rss 1791030551,1484513280,333553664,17970136,1843236864,1928892416
findling-rss 1791030553,1394630656,333197312,17849032,1752354816,1928892416
findling-rss 1791030555,1485180928,333582336,17968280,1843281920,1928892416
findling-rss 1791030557,1486131200,333582336,17963136,1844391936,1928892416
findling-rss 1791030559,1484124160,333574144,17978336,1841623040,1928892416
findling-rss 1791030561,1485103104,333574144,17978848,1844072448,1928892416
findling-rss 1791030563,1337016320,333225984,17859640,1695350784,1928892416
findling-rss 1791030565,1485012992,333602816,17981168,1843929088,1928892416
findling-rss 1791030567,1485479936,333602816,17982288,1844617216,1928892416
findling-rss 1791030569,1484599296,333602816,18001720,1843494912,1928892416
findling-rss 1791030571,1485451264,333602816,18000792,1844633600,1928892416
findling-rss 1791030573,1394634752,333254656,17880792,1752784896,1928892416
findling-rss 1791030575,1484185600,333635584,18000944,1843150848,1928892416
findling-rss 1791030577,1485684736,333635584,18002528,1843838976,1928892416
findling-rss 1791030579,1484443648,337858560,18132128,1847881728,1928892416
findling-rss 1791030581,1484783616,337858560,18132808,1847902208,1928892416
findling-rss 1791030583,1494523904,337858560,18131040,1857101824,1928892416
findling-rss 1791030585,1496014848,337858560,18132400,1858670592,1928892416
findling-rss 1791030587,1495506944,337858560,18128848,1857974272,1928892416
findling-rss 1791030589,1400066048,337858560,18024368,1762824192,1928892416
findling-rss 1791030591,1497583616,337858560,18127664,1860661248,1928892416
findling-rss 1791030593,1412231168,337858560,18134520,1774940160,1928892416
findling-rss 1791030595,1497223168,337858560,18130184,1860255744,1928892416
findling-rss 1791030597,1450151936,337858560,18132584,1806172160,1928892416
findling-rss 1791030599,1496444928,337858560,18132336,1858658304,1928892416
findling-rss 1791030601,1424011264,337858560,18128712,1786941440,1928892416
findling-rss 1791030603,1444302848,337858560,18133056,1806802944,1928892416
findling-rss 1791030605,1439866880,337858560,18131360,1802706944,1928892416
findling-rss 1791030607,1443667968,337858560,18129400,1806467072,1928892416
findling-rss 1791030609,1488973824,337858560,18128808,1851412480,1928892416
findling-rss 1791030611,1488990208,337858560,18129168,1851908096,1928892416
findling-rss 1791030613,1498992640,337858560,18127216,1861804032,1928892416
findling-rss 1791030615,1499021312,337858560,18127000,1862180864,1928892416
findling-rss 1791030617,1500069888,337858560,18124800,1862422528,1928892416
findling-rss 1791030619,1500069888,337858560,18124128,1863032832,1928892416
findling-rss 1791030621,1505701888,337858560,18125304,1868636160,1928892416
findling-rss 1791030623,1403486208,337858560,18020528,1765965824,1928892416
findling-rss 1791030625,1499648000,337858560,18124688,1862975488,1928892416
findling-rss 1791030627,1396273152,333299712,17897392,1754898432,1928892416
findling-rss 1791030629,1370910720,391192576,19588752,1787260928,1928892416
findling-rss 1791030631,1485189120,333524992,17895448,1843699712,1928892416
findling-rss 1791030633,1389096960,333529088,17807360,1747177472,1928892416
findling-rss 1791030635,1484935168,333529088,17916504,1843793920,1928892416
findling-rss 1791030637,1389490176,333168640,17797744,1747755008,1928892416
findling-rss 1791030639,1337028608,333197312,17789240,1694097408,1928892416
findling-rss 1791030641,1484263424,333545472,17916808,1842180096,1928892416
findling-rss 1791030643,1389096960,333557760,17834264,1747542016,1928892416
findling-rss 1791030645,1485365248,333557760,17937936,1843572736,1928892416
findling-rss 1791030647,1391013888,333197312,17851992,1748336640,1928892416
findling-rss 1791030649,1337036800,333225984,17808312,1694588928,1928892416
findling-rss 1791030651,1485189120,333582336,17936328,1844813824,1928892416
findling-rss 1791030653,1371643904,333549568,17850008,1728970752,1928892416
findling-rss 1791030655,1467564032,333549568,17955088,1826754560,1928892416
findling-rss 1791030657,1371643904,333225984,17837528,1730314240,1928892416
findling-rss 1791030660,1389109248,333611008,17833192,1747771392,1928892416
findling-rss 1791030662,1490546688,333611008,17948000,1849094144,1928892416
findling-rss 1791030664,1389109248,333606912,17863496,1747677184,1928892416
findling-rss 1791030666,1485295616,333606912,17965720,1843924992,1928892416
findling-rss 1791030668,1394659328,333254656,17849808,1752985600,1928892416
findling-rss 1791030670,1337061376,333283328,17844720,1695055872,1928892416
findling-rss 1791030672,1485119488,333639680,17969200,1844068352,1928892416
findling-rss 1791030674,1389129728,333635584,17883720,1747501056,1928892416
findling-rss 1791030676,1485455360,333635584,17985144,1844183040,1928892416
findling-rss 1791030678,1383092224,333283328,17863568,1740881920,1928892416
findling-rss 1791030680,1367867392,333672448,17861360,1725001728,1928892416
findling-rss 1791030682,1485623296,333672448,17978880,1844322304,1928892416
findling-rss 1791030684,1363292160,334372864,17909320,1713885184,1928892416
findling-rss 1791030686,1484840960,334372864,18018352,1843941376,1928892416
findling-rss 1791030688,1405681664,334372864,18017016,1760337920,1928892416
findling-rss 1791030690,1499508736,334372864,18019936,1859350528,1928892416
findling-rss 1791030692,1438633984,334372864,18021944,1797320704,1928892416
findling-rss 1791030694,1495949312,334372864,18017792,1855139840,1928892416
findling-rss 1791030696,1352392704,333312000,17882904,1700716544,1928892416
findling-rss 1791030698,1463291904,333479936,18018312,1821609984,1928892416
findling-rss 1791030700,1547010048,333479936,18022200,1906061312,1928892416
findling-rss 1791030702,1431007232,333692928,18045912,1789485056,1928892416
findling-rss 1791030704,1485967360,333692928,18048864,1845215232,1928892416
findling-rss 1791030706,1395822592,333344768,17929408,1754181632,1928892416
findling-rss 1791030708,1390743552,333557760,17885912,1749491712,1928892416
findling-rss 1791030710,1486278656,333557760,17929896,1845510144,1928892416
findling-rss 1791030712,1397583872,333570048,17944856,1755418624,1928892416
findling-rss 1791030714,1486700544,333570048,17943240,1845002240,1928892416
findling-rss 1791030716,1393537024,333209600,17836680,1750863872,1928892416
findling-rss 1791030718,1373929472,333586432,17828728,1730351104,1928892416
findling-rss 1791030720,1486860288,333586432,17945376,1845706752,1928892416
findling-rss 1791030722,1391538176,333590528,17942008,1749647360,1928892416
findling-rss 1791030724,1486249984,333590528,17966272,1845354496,1928892416
findling-rss 1791030726,1394802688,333238272,17848720,1752895488,1928892416
findling-rss 1791030728,1371238400,333615104,17854984,1728708608,1928892416
findling-rss 1791030730,1485791232,333615104,17961584,1844781056,1928892416
findling-rss 1791030732,1392168960,333619200,17974896,1750122496,1928892416
findling-rss 1791030734,1485840384,333619200,17981192,1845018624,1928892416
findling-rss 1791030736,1395855360,333266944,17866696,1754128384,1928892416
findling-rss 1791030738,1388654592,333668352,17866960,1746710528,1928892416
findling-rss 1791030740,1486573568,333668352,17976856,1845276672,1928892416
findling-rss 1791030742,1398951936,333672448,17998272,1757351936,1928892416
findling-rss 1791030744,1490141184,333672448,17996880,1848942592,1928892416
findling-rss 1791030746,1338245120,333316096,17886568,1695961088,1928892416
findling-rss 1791030748,1388548096,333692928,17881944,1745829888,1928892416
findling-rss 1791030750,1486401536,333692928,17998832,1845125120,1928892416
findling-rss 1791030752,1391910912,333692928,18009896,1749929984,1928892416
findling-rss 1791030754,1486680064,333692928,18014272,1844953088,1928892416
findling-rss 1791030756,1383718912,333344768,17895464,1753108480,1928892416
findling-rss 1791030758,1390317568,333733888,17902984,1748877312,1928892416
findling-rss 1791030760,1488203776,333733888,18013672,1847410688,1928892416
findling-rss 1791030762,1390321664,333717504,17924224,1748680704,1928892416
findling-rss 1791030764,1485737984,333717504,18031816,1844506624,1928892416
findling-rss 1791030766,1390915584,333373440,17914648,1749504000,1928892416
findling-rss 1791030768,1390321664,333754368,17918504,1749356544,1928892416
findling-rss 1791030770,1486069760,333754368,18029240,1844617216,1928892416
findling-rss 1791030772,1427976192,333754368,18054520,1786736640,1928892416
findling-rss 1791030774,1486057472,333754368,18050208,1845481472,1928892416
findling-rss 1791030776,1395871744,333402112,17931032,1754554368,1928892416
findling-rss 1791030778,1418244096,391409664,19727640,1835933696,1928892416
findling-rss 1791030780,1486331904,333615104,17928128,1845121024,1928892416
findling-rss 1791030782,1457455104,333615104,17948368,1816100864,1928892416
findling-rss 1791030784,1485918208,333615104,17961712,1844224000,1928892416
findling-rss 1791030786,1395449856,333266944,17843976,1753243648,1928892416
findling-rss 1791030788,1429516288,333651968,17938088,1787953152,1928892416
findling-rss 1791030790,1485938688,333651968,17949448,1844281344,1928892416
findling-rss 1791030792,1466171392,333647872,17968928,1824706560,1928892416
findling-rss 1791030794,1486249984,333647872,17965024,1844899840,1928892416
findling-rss 1791030796,1395458048,333295616,17848984,1753309184,1928892416
findling-rss 1791030798,1440051200,333692928,17958672,1798950912,1928892416
findling-rss 1791030800,1491857408,333692928,17962776,1850400768,1928892416
findling-rss 1791030802,1466142720,333676544,17980344,1824878592,1928892416
findling-rss 1791030804,1485598720,333676544,17980408,1843937280,1928892416
findling-rss 1791030806,1394835456,333336576,17860800,1753092096,1928892416
findling-rss 1791030808,1430544384,334753792,18009120,1789820928,1928892416
findling-rss 1791030810,1485107200,334753792,18007896,1844797440,1928892416
findling-rss 1791030812,1475891200,334753792,18004472,1835831296,1928892416
findling-rss 1791030814,1495519232,334753792,18007392,1855688704,1928892416
findling-rss 1791030816,1495957504,334753792,18009056,1855922176,1928892416
findling-rss 1791030818,1495986176,334753792,18006824,1856110592,1928892416
findling-rss 1791030820,1497694208,334753792,18008192,1858035712,1928892416
findling-rss 1791030822,1498763264,334753792,18011352,1859018752,1928892416
findling-rss 1791030824,1485889536,333717504,17999440,1844781056,1928892416
findling-rss 1791030826,1486131200,333717504,18000776,1845293056,1928892416
findling-rss 1791030828,1395888128,333365248,17881040,1753931776,1928892416
findling-rss 1791030830,1487024128,333766656,18004560,1846194176,1928892416
findling-rss 1791030832,1487056896,333766656,18004592,1846022144,1928892416
findling-rss 1791030834,1484840960,333754368,18020856,1843671040,1928892416
findling-rss 1791030836,1485754368,333754368,18022584,1844957184,1928892416
findling-rss 1791030838,1394221056,333402112,17903800,1752563712,1928892416
findling-rss 1791030840,1486393344,333787136,18019032,1845719040,1928892416
findling-rss 1791030842,1486655488,333787136,18020656,1845706752,1928892416
findling-rss 1791030844,1486798848,333774848,18039712,1845702656,1928892416
findling-rss 1791030846,1486802944,333774848,18039816,1845542912,1928892416
findling-rss 1791030848,1394647040,333430784,17918832,1753042944,1928892416
findling-rss 1791030850,1468813312,333819904,18034824,1827971072,1928892416
findling-rss 1791030852,1469423616,333819904,18034648,1828388864,1928892416
findling-rss 1791030854,1485344768,333799424,18054264,1844113408,1928892416
findling-rss 1791030856,1338298368,333459456,17941616,1696456704,1928892416
findling-rss 1791030858,1338302464,335118336,18006048,1697046528,1928892416
findling-rss 1791030860,1492828160,333664256,17932336,1851244544,1928892416
findling-rss 1791030862,1492828160,333664256,17934512,1851219968,1928892416
findling-rss 1791030864,1485422592,333664256,17953928,1844342784,1928892416
findling-rss 1791030866,1338302464,333316096,17840432,1696854016,1928892416
findling-rss 1791030868,1338302464,333344768,17825784,1696301056,1928892416
findling-rss 1791030870,1469095936,333709312,17951936,1827401728,1928892416
findling-rss 1791030872,1390379008,333697024,17867736,1748934656,1928892416
findling-rss 1791030874,1486458880,333697024,17969568,1845702656,1928892416
findling-rss 1791030876,1386442752,333344768,17852544,1745104896,1928892416
findling-rss 1791030878,1339621376,333373440,17891432,1697112064,1928892416
findling-rss 1791030880,1492086784,333717504,17967696,1851174912,1928892416
findling-rss 1791030882,1338327040,333373440,17880800,1696010240,1928892416
findling-rss 1791030884,1487257600,333725696,17985272,1845751808,1928892416
findling-rss 1791030886,1383428096,333373440,17869864,1741303808,1928892416
findling-rss 1791030888,1338339328,333402112,17873904,1696444416,1928892416
findling-rss 1791030890,1486786560,333762560,17981128,1845866496,1928892416
findling-rss 1791030892,1491357696,333762560,17983944,1850376192,1928892416
findling-rss 1791030894,1486995456,333758464,18002840,1846009856,1928892416
findling-rss 1791030896,1395531776,333402112,17887600,1740464128,1928892416
findling-rss 1791030898,1394278400,333402112,17884984,1752584192,1928892416
findling-rss 1791030900,1488629760,334196736,18024608,1849417728,1928892416
findling-rss 1791030902,1489502208,334196736,18008632,1848696832,1928892416
findling-rss 1791030904,1485623296,334188544,18028784,1844834304,1928892416
findling-rss 1791030906,1338339328,333840384,17918320,1696866304,1928892416
findling-rss 1791030908,1338339328,333840384,17912568,1713315840,1928892416
findling-rss 1791030910,1486516224,334233600,18024712,1846378496,1928892416
findling-rss 1791030912,1486561280,334233600,18027264,1846071296,1928892416
findling-rss 1791030914,1486241792,334221312,18047832,1845489664,1928892416
findling-rss 1791030916,1379160064,333869056,17931880,1722982400,1928892416
findling-rss 1791030918,1395953664,333869056,17920824,1754591232,1928892416
findling-rss 1791030920,1486655488,334254080,18040648,1846611968,1928892416
findling-rss 1791030922,1487032320,334254080,18042608,1847115776,1928892416
findling-rss 1791030924,1486352384,334254080,18059976,1846005760,1928892416
findling-rss 1791030926,1338347520,333897728,17947904,1696800768,1928892416
findling-rss 1791030928,1338351616,333897728,17945488,1696890880,1928892416
findling-rss 1791030930,1487249408,334106624,17944064,1845878784,1928892416
findling-rss 1791030932,1487249408,334106624,17944944,1845477376,1928892416
findling-rss 1791030934,1485864960,334110720,17961560,1845026816,1928892416
findling-rss 1791030936,1360347136,333758464,17846344,1708470272,1928892416
findling-rss 1791030939,1338355712,333787136,17840072,1696088064,1928892416
findling-rss 1791030941,1485611008,334135296,17962480,1844277248,1928892416
findling-rss 1791030943,1390424064,334143488,17875648,1748996096,1928892416
findling-rss 1791030945,1486270464,334143488,17981680,1845358592,1928892416
findling-rss 1791030947,1395552256,333787136,17863144,1754087424,1928892416
findling-rss 1791030949,1338359808,333815808,17848784,1696931840,1928892416
findling-rss 1791030951,1487138816,334172160,17975400,1846120448,1928892416
findling-rss 1791030953,1387958272,334172160,17886480,1745903616,1928892416
findling-rss 1791030955,1487163392,334172160,17990664,1846595584,1928892416
findling-rss 1791030957,1338363904,333815808,17880000,1697021952,1928892416
findling-rss 1791030959,1354297344,334188544,17885896,1708978176,1928892416
findling-rss 1791030961,1485451264,334188544,17992352,1845202944,1928892416
findling-rss 1791030963,1401233408,334196736,18007664,1759903744,1928892416
findling-rss 1791030965,1491542016,334196736,18012136,1851633664,1928892416
findling-rss 1791030967,1384587264,333844480,17893472,1743233024,1928892416
findling-rss 1791030969,1371557888,334221312,17902320,1728569344,1928892416
findling-rss 1791030971,1485975552,334221312,18013064,1845235712,1928892416
findling-rss 1791030973,1399762944,334225408,18026152,1758416896,1928892416
findling-rss 1791030975,1493700608,334225408,18028352,1853140992,1928892416
findling-rss 1791030977,1394733056,333873152,17917712,1753305088,1928892416
findling-rss 1791030979,1390444544,334254080,17916408,1749696512,1928892416
findling-rss 1791030981,1487147008,334254080,18026600,1845964800,1928892416
findling-rss 1791030983,1417310208,334258176,18041344,1776259072,1928892416
findling-rss 1791030985,1491173376,334258176,18043664,1850793984,1928892416
findling-rss 1791030987,1394106368,333901824,17928056,1752743936,1928892416
findling-rss 1791030989,1338376192,333930496,17918576,1696718848,1928892416
findling-rss 1791030991,1493037056,334286848,18053784,1852223488,1928892416
findling-rss 1791030993,1383702528,334286848,17956600,1740525568,1928892416
findling-rss 1791030995,1485893632,334286848,18058080,1845510144,1928892416
findling-rss 1791030997,1395990528,333930496,17942976,1754181632,1928892416
findling-rss 1791030999,1338380288,391700480,19660472,1756344320,1928892416
findling-rss 1791031001,1486303232,334143488,17943776,1844903936,1928892416
findling-rss 1791031003,1390448640,334147584,17856488,1748963328,1928892416
findling-rss 1791031005,1487212544,334147584,17963392,1846747136,1928892416
findling-rss 1791031007,1388650496,333795328,17843736,1746325504,1928892416
findling-rss 1791031009,1411645440,333967360,17852872,1760956416,1928892416
findling-rss 1791031011,1547718656,333967360,17953552,1907122176,1928892416
findling-rss 1791031013,1390452736,334884864,17894832,1749504000,1928892416
findling-rss 1791031015,1485885440,334884864,18002328,1845964800,1928892416
findling-rss 1791031017,1438285824,334884864,18000864,1798033408,1928892416
findling-rss 1791031019,1496166400,334884864,18001176,1856192512,1928892416
findling-rss 1791031021,1477132288,334884864,17999232,1836920832,1928892416
findling-rss 1791031023,1497243648,334884864,18000960,1857011712,1928892416
findling-rss 1791031025,1395785728,333824000,17861592,1754136576,1928892416
findling-rss 1791031027,1419132928,334209024,17976304,1777913856,1928892416
findling-rss 1791031029,1486647296,334209024,17981352,1846263808,1928892416
findling-rss 1791031031,1457577984,334213120,18000024,1816354816,1928892416
findling-rss 1791031033,1486389248,334213120,17999488,1845411840,1928892416
findling-rss 1791031035,1394532352,333856768,17881368,1753493504,1928892416
findling-rss 1791031037,1402732544,334233600,17997160,1761021952,1928892416
findling-rss 1791031039,1486397440,334233600,17995408,1845714944,1928892416
findling-rss 1791031041,1457582080,334241792,18009648,1816449024,1928892416
findling-rss 1791031043,1486557184,334241792,18008592,1846063104,1928892416
findling-rss 1791031045,1393700864,333885440,17889808,1752412160,1928892416
findling-rss 1791031047,1429860352,334262272,18001432,1788899328,1928892416
findling-rss 1791031049,1489502208,334262272,18008888,1849458688,1928892416
findling-rss 1791031051,1457577984,334270464,18031840,1817452544,1928892416
findling-rss 1791031053,1485983744,334270464,18032760,1845698560,1928892416
findling-rss 1791031055,1393909760,333914112,17916400,1752502272,1928892416
findling-rss 1791031057,1402077184,334295040,18030648,1761656832,1928892416
findling-rss 1791031059,1486893056,334295040,18032000,1846640640,1928892416
findling-rss 1791031061,1430446080,334295040,18044032,1790066688,1928892416
findling-rss 1791031063,1486237696,334295040,18044560,1846013952,1928892416
findling-rss 1791031065,1395998720,333942784,17925656,1754558464,1928892416
findling-rss 1791031067,1419177984,334319616,18041608,1778634752,1928892416
findling-rss 1791031069,1486168064,334319616,18044488,1845690368,1928892416
findling-rss 1791031071,1466294272,334323712,18061296,1824428032,1928892416
findling-rss 1791031073,1485860864,334323712,18062600,1846145024,1928892416
findling-rss 1791031075,1395785728,333971456,17941120,1754603520,1928892416
findling-rss 1791031077,1440157696,334196736,17945128,1799725056,1928892416
findling-rss 1791031079,1486041088,334196736,17947248,1845616640,1928892416
findling-rss 1791031081,1466269696,334196736,17966720,1825812480,1928892416
findling-rss 1791031083,1486086144,334196736,17979352,1845116928,1928892416
findling-rss 1791031085,1395367936,333848576,17849184,1753624576,1928892416
findling-rss 1791031087,1466281984,334233600,17965752,1826156544,1928892416
findling-rss 1791031089,1492611072,334233600,17967912,1852182528,1928892416
findling-rss 1791031091,1466294272,334233600,17981784,1825456128,1928892416
findling-rss 1791031093,1486573568,334233600,17980880,1846087680,1928892416
findling-rss 1791031095,1395998720,333877248,17858528,1754525696,1928892416
findling-rss 1791031097,1433391104,334254080,17972904,1791164416,1928892416
findling-rss 1791031099,1485893632,334254080,17976280,1845350400,1928892416
findling-rss 1791031101,1466290176,334262272,17996384,1826111488,1928892416
findling-rss 1791031103,1486635008,334262272,17997672,1846456320,1928892416
findling-rss 1791031105,1396006912,333905920,17878728,1755136000,1928892416
findling-rss 1791031107,1432367104,334286848,18030552,1791201280,1928892416
findling-rss 1791031109,1487171584,334286848,17993816,1846521856,1928892416
findling-rss 1791031111,1432190976,334286848,18014040,1791041536,1928892416
findling-rss 1791031113,1486864384,334286848,18011240,1846206464,1928892416
findling-rss 1791031115,1396006912,333934592,17891616,1754501120,1928892416
findling-rss 1791031117,1398841344,334319616,18008608,1757917184,1928892416
findling-rss 1791031119,1487073280,334319616,18013024,1847054336,1928892416
findling-rss 1791031121,1419206656,334307328,18028704,1778757632,1928892416
findling-rss 1791031123,1486221312,334307328,18032320,1845649408,1928892416
findling-rss 1791031125,1395585024,333963264,17913720,1753899008,1928892416
findling-rss 1791031127,1390465024,334336000,17926360,1749008384,1928892416
findling-rss 1791031129,1486344192,334336000,18031608,1845628928,1928892416
findling-rss 1791031131,1429159936,334348288,18047304,1788661760,1928892416
findling-rss 1791031133,1488330752,334348288,18053952,1847996416,1928892416
findling-rss 1791031135,1396011008,333991936,17939240,1755623424,1928892416
findling-rss 1791031137,1390469120,334376960,17936992,1749327872,1928892416
findling-rss 1791031139,1485893632,334376960,18048048,1845952512,1928892416
findling-rss 1791031141,1390469120,339988480,18111184,1755758592,1928892416
findling-rss 1791031143,1486221312,339988480,18221360,1851879424,1928892416
findling-rss 1791031145,1440243712,339988480,18221424,1808707584,1928892416
findling-rss 1791031147,1496150016,339988480,18220176,1861197824,1928892416
findling-rss 1791031149,1477132288,339988480,18221672,1842126848,1928892416
findling-rss 1791031151,1497407488,339988480,18222472,1862868992,1928892416
findling-rss 1791031153,1486688256,339988480,18218696,1849090048,1928892416
findling-rss 1791031155,1501196288,339988480,18226128,1866530816,1928892416
findling-rss 1791031157,1497710592,339988480,18227536,1863020544,1928892416
findling-rss 1791031159,1498341376,339988480,18223272,1864114176,1928892416
findling-rss 1791031161,1497976832,339988480,18218312,1863639040,1928892416
findling-rss 1791031163,1498632192,339988480,18220040,1864323072,1928892416
findling-rss 1791031165,1445433344,339988480,18216280,1810137088,1928892416
findling-rss 1791031167,1445457920,339988480,18219696,1810694144,1928892416
findling-rss 1791031169,1445281792,339988480,18219848,1810567168,1928892416
findling-rss 1791031171,1451327488,339988480,18221096,1816784896,1928892416
findling-rss 1791031173,1490079744,339988480,18220024,1855557632,1928892416
findling-rss 1791031175,1403764736,339988480,18130408,1769066496,1928892416
findling-rss 1791031177,1499967488,339988480,18221320,1866100736,1928892416
findling-rss 1791031179,1428008960,339988480,18220872,1797296128,1928892416
findling-rss 1791031181,1501073408,339988480,18221696,1867362304,1928892416
findling-rss 1791031183,1480667136,339988480,18220912,1846292480,1928892416
findling-rss 1791031185,1501179904,339988480,18219328,1866821632,1928892416
findling-rss 1791031187,1480671232,339988480,18220832,1844916224,1928892416
findling-rss 1791031189,1503232000,339988480,18221672,1868226560,1928892416
findling-rss 1791031191,1427865600,339988480,18219368,1792888832,1928892416
findling-rss 1791031193,1447882752,339988480,18216424,1812709376,1928892416
findling-rss 1791031195,1447493632,339988480,18215184,1812606976,1928892416
findling-rss 1791031197,1449680896,339988480,18218432,1814716416,1928892416
findling-rss 1791031199,1492611072,339988480,18216200,1857327104,1928892416
findling-rss 1791031201,1492611072,339988480,18215208,1857998848,1928892416
findling-rss 1791031203,1502212096,339988480,18217504,1867501568,1928892416
findling-rss 1791031205,1502212096,339988480,18216840,1867567104,1928892416
findling-rss 1791031207,1401647104,334041088,17944376,1760997376,1928892416
findling-rss 1791031209,1485893632,334262272,17951664,1844879360,1928892416
findling-rss 1791031211,1487876096,334262272,17952760,1846984704,1928892416
findling-rss 1791031213,1487142912,334258176,17972488,1846231040,1928892416
findling-rss 1791031215,1490644992,334258176,17972488,1849937920,1928892416
findling-rss 1791031218,1396023296,333901824,17847968,1754148864,1928892416
findling-rss 1791031220,1486168064,334286848,17965232,1845841920,1928892416
findling-rss 1791031222,1486172160,334286848,17965032,1845952512,1928892416
findling-rss 1791031224,1485451264,334278656,17979368,1845747712,1928892416
findling-rss 1791031226,1485930496,334278656,17980672,1845886976,1928892416
findling-rss 1791031228,1394982912,333930496,17860472,1753632768,1928892416
findling-rss 1791031230,1485987840,334311424,17980096,1845329920,1928892416
findling-rss 1791031232,1486106624,334311424,17981936,1845645312,1928892416
findling-rss 1791031234,1485475840,334319616,18001472,1844981760,1928892416
findling-rss 1791031236,1490464768,334319616,18000008,1849966592,1928892416
findling-rss 1791031238,1395613696,333959168,17880912,1754230784,1928892416
findling-rss 1791031240,1486114816,334340096,18000800,1845940224,1928892416
findling-rss 1791031242,1486860288,334340096,18002424,1846513664,1928892416
findling-rss 1791031244,1486274560,334336000,18029072,1845874688,1928892416
findling-rss 1791031246,1488543744,334336000,18016896,1847984128,1928892416
findling-rss 1791031248,1396035584,333987840,17894000,1754238976,1928892416
findling-rss 1791031250,1485426688,334360576,18012072,1845370880,1928892416
findling-rss 1791031252,1486245888,334360576,18011920,1846616064,1928892416
findling-rss 1791031254,1485733888,334372864,18034656,1845669888,1928892416
findling-rss 1791031256,1489489920,334372864,18034824,1848631296,1928892416
findling-rss 1791031258,1395613696,334016512,17912848,1754222592,1928892416
findling-rss 1791031260,1487917056,338251776,18141488,1851203584,1928892416
findling-rss 1791031262,1488265216,338251776,18142608,1851805696,1928892416
findling-rss 1791031264,1496018944,338251776,18144992,1860415488,1928892416
findling-rss 1791031266,1496264704,338251776,18139168,1860861952,1928892416
findling-rss 1791031268,1496928256,338251776,18139944,1861238784,1928892416
findling-rss 1791031270,1402351616,338251776,18036560,1765212160,1928892416
findling-rss 1791031272,1498140672,338251776,18139608,1861586944,1928892416
findling-rss 1791031274,1429213184,338251776,18140552,1792606208,1928892416
findling-rss 1791031276,1497939968,338251776,18135184,1861120000,1928892416
findling-rss 1791031278,1478180864,338251776,18133328,1840824320,1928892416
findling-rss 1791031280,1498284032,338251776,18136040,1861931008,1928892416
findling-rss 1791031282,1478184960,338251776,18136248,1842249728,1928892416
findling-rss 1791031284,1498607616,338251776,18132704,1862971392,1928892416
findling-rss 1791031286,1497653248,338251776,18134280,1861533696,1928892416
findling-rss 1791031288,1498742784,338251776,18135424,1862467584,1928892416
findling-rss 1791031290,1499500544,338251776,18143568,1863196672,1928892416
findling-rss 1791031292,1499922432,338251776,18132920,1862930432,1928892416
findling-rss 1791031294,1500291072,338251776,18134920,1864028160,1928892416
findling-rss 1791031296,1501057024,338251776,18135728,1864855552,1928892416
findling-rss 1791031298,1501122560,338251776,18134912,1864970240,1928892416
findling-rss 1791031300,1404870656,338251776,18036800,1767845888,1928892416
findling-rss 1791031302,1500291072,338251776,18136856,1863634944,1928892416
findling-rss 1791031304,1390497792,334417920,17936104,1749815296,1928892416
findling-rss 1791031306,1493422080,334417920,18048544,1853091840,1928892416
findling-rss 1791031308,1393954816,334061568,17931160,1752768512,1928892416
findling-rss 1791031310,1338429440,334094336,17932440,1697312768,1928892416
findling-rss 1791031312,1486352384,334446592,18051608,1846157312,1928892416
findling-rss 1791031314,1339576320,334094336,17952488,1698013184,1928892416
findling-rss 1791031316,1486053376,334446592,18068376,1846398976,1928892416
findling-rss 1791031318,1396051968,334094336,17955160,1754812416,1928892416
findling-rss 1791031320,1338437632,345497600,18297432,1707655168,1928892416
findling-rss 1791031322,1474895872,334315520,17947792,1833881600,1928892416
findling-rss 1791031324,1475883008,334315520,17949152,1834770432,1928892416
findling-rss 1791031326,1489530880,334303232,17966512,1848332288,1928892416
findling-rss 1791031328,1338437632,333946880,17870600,1696993280,1928892416
findling-rss 1791031330,1338437632,334426112,17860176,1697656832,1928892416
findling-rss 1791031332,1485860864,338313216,18077112,1849610240,1928892416
findling-rss 1791031334,1486364672,338313216,18079216,1850433536,1928892416
findling-rss 1791031336,1496940544,338313216,18123120,1860698112,1928892416
findling-rss 1791031338,1401344000,338313216,17976648,1763610624,1928892416
findling-rss 1791031340,1496760320,338313216,18073896,1860005888,1928892416
findling-rss 1791031342,1469513728,338313216,18076464,1833500672,1928892416
findling-rss 1791031344,1498460160,338313216,18078832,1862270976,1928892416
findling-rss 1791031346,1478234112,338313216,18073960,1841500160,1928892416
findling-rss 1791031348,1498882048,338313216,18074936,1862033408,1928892416
findling-rss 1791031350,1488662528,338313216,18076536,1850982400,1928892416
findling-rss 1791031352,1499058176,338313216,18078400,1862406144,1928892416
findling-rss 1791031354,1444708352,338313216,18080584,1808404480,1928892416
findling-rss 1791031356,1445670912,338313216,18077944,1809137664,1928892416
findling-rss 1791031358,1445294080,338313216,18079776,1808506880,1928892416
findling-rss 1791031360,1452507136,338313216,18078592,1815830528,1928892416
findling-rss 1791031362,1490784256,338313216,18080208,1854238720,1928892416
findling-rss 1791031364,1494937600,338313216,18078648,1857781760,1928892416
findling-rss 1791031366,1500106752,338313216,18080792,1862942720,1928892416
findling-rss 1791031368,1500196864,338313216,18075256,1862832128,1928892416
findling-rss 1791031370,1500815360,338313216,18074520,1863970816,1928892416
findling-rss 1791031372,1390518272,334819328,17883064,1750233088,1928892416
findling-rss 1791031374,1485946880,334819328,18001352,1846054912,1928892416
findling-rss 1791031376,1386770432,334467072,17880888,1745756160,1928892416
findling-rss 1791031378,1358163968,334823424,17885776,1716154368,1928892416
findling-rss 1791031380,1471406080,334823424,17998136,1830920192,1928892416
findling-rss 1791031382,1391755264,334852096,18010520,1750114304,1928892416
findling-rss 1791031384,1485901824,334852096,18016832,1845428224,1928892416
findling-rss 1791031386,1396068352,334499840,17897912,1755095040,1928892416
findling-rss 1791031388,1377054720,334876672,17920680,1736081408,1928892416
findling-rss 1791031390,1485877248,334876672,18017376,1845919744,1928892416
findling-rss 1791031392,1387257856,334876672,17932504,1745731584,1928892416
findling-rss 1791031394,1485914112,334876672,18043680,1845608448,1928892416
findling-rss 1791031396,1395859456,334528512,17917400,1754550272,1928892416
findling-rss 1791031398,1390526464,334905344,17923144,1749549056,1928892416
findling-rss 1791031400,1485783040,334905344,18035824,1845755904,1928892416
findling-rss 1791031402,1408978944,337694720,18128224,1768587264,1928892416
findling-rss 1791031404,1486557184,337694720,18128024,1849847808,1928892416
findling-rss 1791031406,1468284928,337694720,18127560,1830060032,1928892416
findling-rss 1791031408,1495924736,337694720,18129640,1859145728,1928892416
findling-rss 1791031410,1468493824,337694720,18135920,1831432192,1928892416
findling-rss 1791031412,1497743360,337694720,18131400,1860747264,1928892416
findling-rss 1791031414,1478250496,337694720,18133488,1841156096,1928892416
findling-rss 1791031416,1497804800,337694720,18131184,1860800512,1928892416
findling-rss 1791031418,1497182208,337694720,18129488,1860792320,1928892416
findling-rss 1791031420,1498607616,337694720,18131064,1861226496,1928892416
findling-rss 1791031422,1497931776,337694720,18132416,1860001792,1928892416
findling-rss 1791031424,1499230208,337694720,18133840,1862090752,1928892416
findling-rss 1791031426,1446436864,337694720,18134064,1809215488,1928892416
findling-rss 1791031428,1446436864,337694720,18134856,1809457152,1928892416
findling-rss 1791031430,1447583744,337694720,18132168,1810464768,1928892416
findling-rss 1791031432,1448955904,337694720,18131080,1812209664,1928892416
findling-rss 1791031434,1489674240,337694720,18130976,1852583936,1928892416
findling-rss 1791031436,1386704896,334569472,17940744,1746710528,1928892416
findling-rss 1791031438,1341612032,334602240,17927760,1700990976,1928892416
findling-rss 1791031440,1486954496,334958592,18057488,1847414784,1928892416
findling-rss 1791031442,1338470400,334606336,17974632,1698177024,1928892416
findling-rss 1791031444,1492652032,334958592,18073392,1853091840,1928892416
findling-rss 1791031446,1395662848,334602240,17958032,1755234304,1928892416
findling-rss 1791031448,1395036160,334602240,17953376,1754488832,1928892416
findling-rss 1791031450,1485746176,334979072,18073128,1846214656,1928892416
findling-rss 1791031452,1486192640,334979072,18071664,1846923264,1928892416
findling-rss 1791031454,1487908864,334987264,18092472,1848803328,1928892416
findling-rss 1791031456,1488183296,334987264,18092208,1848401920,1928892416
findling-rss 1791031458,1396117504,334630912,17969912,1755897856,1928892416
findling-rss 1791031460,1487769600,334848000,17971752,1847390208,1928892416
findling-rss 1791031462,1488482304,334848000,17973584,1848135680,1928892416
findling-rss 1791031464,1487486976,334839808,17983816,1847869440,1928892416
findling-rss 1791031466,1488232448,334839808,17985176,1848352768,1928892416
findling-rss 1791031468,1397252096,334487552,17869792,1756798976,1928892416
findling-rss 1791031470,1488191488,334868480,17984688,1848664064,1928892416
findling-rss 1791031472,1492193280,334868480,17986048,1852579840,1928892416
findling-rss 1791031474,1486663680,334864384,18011776,1846980608,1928892416
findling-rss 1791031476,1486663680,334864384,18000944,1846747136,1928892416
findling-rss 1791031478,1395789824,334516224,17886136,1754615808,1928892416
findling-rss 1791031480,1490214912,334893056,18002872,1850163200,1928892416
findling-rss 1791031482,1490214912,334893056,18000968,1849864192,1928892416
findling-rss 1791031484,1487241216,334888960,18020656,1847373824,1928892416
findling-rss 1791031486,1487667200,334888960,18021776,1847910400,1928892416
findling-rss 1791031488,1397264384,334544896,17899280,1756508160,1928892416
findling-rss 1791031490,1487745024,334934016,18018544,1848545280,1928892416
findling-rss 1791031492,1487745024,334934016,18021856,1847369728,1928892416
findling-rss 1791031494,1488052224,334929920,18038624,1847795712,1928892416
findling-rss 1791031496,1488097280,334929920,18039720,1848365056,1928892416
findling-rss 1791031499,1397272576,334573568,17919648,1756229632,1928892416
findling-rss 1791031501,1486856192,334958592,18032408,1846759424,1928892416
findling-rss 1791031503,1487101952,334958592,18032848,1847275520,1928892416
findling-rss 1791031505,1490472960,334950400,18053744,1850830848,1928892416
findling-rss 1791031507,1491484672,334950400,18054624,1851584512,1928892416
findling-rss 1791031509,1397276672,334602240,17933520,1756172288,1928892416
findling-rss 1791031511,1486594048,334979072,18052176,1846333440,1928892416
findling-rss 1791031513,1486594048,334979072,18053248,1846693888,1928892416
findling-rss 1791031515,1491251200,334983168,18067520,1851326464,1928892416
findling-rss 1791031517,1492713472,334983168,18065672,1853378560,1928892416
findling-rss 1791031519,1396854784,334630912,17945696,1755881472,1928892416
findling-rss 1791031521,1488306176,335011840,18064272,1847062528,1928892416
findling-rss 1791031523,1488871424,335011840,18068248,1847660544,1928892416
findling-rss 1791031525,1487282176,335007744,18087192,1847996416,1928892416
findling-rss 1791031527,1373765632,334659584,17967040,1733771264,1928892416
findling-rss 1791031529,1395191808,334659584,17964024,1754591232,1928892416
findling-rss 1791031531,1490825216,335224832,17974376,1851559936,1928892416
findling-rss 1791031533,1490825216,335224832,17975920,1851736064,1928892416
findling-rss 1791031535,1497067520,335224832,17976816,1857478656,1928892416
findling-rss 1791031537,1374375936,334868480,17877632,1733193728,1928892416
findling-rss 1791031539,1487671296,334868480,17985720,1847783424,1928892416
findling-rss 1791031541,1381826560,334520320,17864840,1740648448,1928892416
findling-rss 1791031543,1377898496,334905344,17884112,1736368128,1928892416
findling-rss 1791031545,1487659008,334905344,17984944,1848041472,1928892416
findling-rss 1791031547,1400426496,334909440,18002184,1760546816,1928892416
findling-rss 1791031549,1488351232,334909440,18004296,1848385536,1928892416
findling-rss 1791031551,1388384256,334553088,17881976,1748025344,1928892416
findling-rss 1791031553,1339674624,334581760,17873840,1699094528,1928892416
findling-rss 1791031555,1488310272,334934016,17999576,1848614912,1928892416
findling-rss 1791031557,1391742976,334934016,17913464,1751797760,1928892416
findling-rss 1791031559,1493991424,334934016,18019408,1854627840,1928892416
findling-rss 1791031561,1395200000,334581760,17904328,1754394624,1928892416
findling-rss 1791031563,1339674624,334610432,17892288,1698533376,1928892416
findling-rss 1791031565,1490743296,334958592,18019128,1850802176,1928892416
findling-rss 1791031567,1372569600,334962688,17926768,1730842624,1928892416
findling-rss 1791031569,1487556608,334962688,18035424,1848410112,1928892416
findling-rss 1791031571,1348386816,334610432,17921496,1707462656,1928892416
findling-rss 1791031573,1348386816,334655488,17914728,1707401216,1928892416
findling-rss 1791031575,1496178688,335007744,18038424,1855995904,1928892416
findling-rss 1791031577,1400459264,335003648,17948560,1760002048,1928892416
findling-rss 1791031579,1496309760,335003648,18053672,1855873024,1928892416
findling-rss 1791031581,1398464512,334655488,17933808,1757581312,1928892416
findling-rss 1791031583,1400459264,335032320,17938944,1760231424,1928892416
findling-rss 1791031585,1496858624,335032320,18050720,1857515520,1928892416
findling-rss 1791031587,1429061632,336453632,18109544,1790771200,1928892416
findling-rss 1791031589,1495490560,336453632,18109344,1857527808,1928892416
findling-rss 1791031591,1486069760,336453632,18115392,1848061952,1928892416
findling-rss 1791031593,1506750464,336453632,18110680,1869144064,1928892416
findling-rss 1791031595,1493430272,336453632,18106496,1853980672,1928892416
findling-rss 1791031597,1507553280,336453632,18109376,1869074432,1928892416
findling-rss 1791031599,1508691968,336453632,18109352,1870594048,1928892416
findling-rss 1791031601,1508691968,336453632,18110712,1870753792,1928892416
findling-rss 1791031603,1508511744,336453632,18110272,1870479360,1928892416
findling-rss 1791031605,1508515840,336453632,18111192,1870442496,1928892416
findling-rss 1791031607,1406730240,334684160,17947472,1766473728,1928892416
findling-rss 1791031609,1496817664,335077376,18068848,1857892352,1928892416
findling-rss 1791031611,1501814784,335077376,18082696,1862549504,1928892416
findling-rss 1791031613,1478381568,335077376,18090624,1838030848,1928892416
findling-rss 1791031615,1479204864,335077376,18092408,1839624192,1928892416
findling-rss 1791031617,1439584256,334721024,17973840,1799200768,1928892416
findling-rss 1791031619,1495654400,334938112,17968600,1855500288,1928892416
findling-rss 1791031621,1498460160,334938112,17967752,1858392064,1928892416
findling-rss 1791031623,1496264704,334938112,17985176,1856135168,1928892416
findling-rss 1791031625,1496424448,334938112,17984056,1856380928,1928892416
findling-rss 1791031627,1405607936,334585856,17865792,1764970496,1928892416
findling-rss 1791031629,1495527424,334970880,17985792,1855787008,1928892416
findling-rss 1791031631,1496375296,334970880,17987360,1856684032,1928892416
findling-rss 1791031633,1496686592,334966784,18007600,1856618496,1928892416
findling-rss 1791031635,1496686592,334966784,18006104,1856581632,1928892416
findling-rss 1791031637,1406042112,334614528,17885848,1765621760,1928892416
findling-rss 1791031639,1495715840,334999552,18002528,1856196608,1928892416
findling-rss 1791031641,1502695424,334999552,18000832,1863393280,1928892416
findling-rss 1791031643,1495793664,335003648,18023880,1855553536,1928892416
findling-rss 1791031645,1496743936,335003648,18023576,1857069056,1928892416
findling-rss 1791031647,1406046208,334643200,17901152,1765568512,1928892416
findling-rss 1791031649,1493807104,335024128,18018080,1854427136,1928892416
findling-rss 1791031651,1495662592,335024128,18019440,1856229376,1928892416
findling-rss 1791031653,1495846912,335020032,18037928,1856397312,1928892416
findling-rss 1791031655,1497444352,335020032,18040032,1857966080,1928892416
findling-rss 1791031657,1406050304,334671872,17920192,1765232640,1928892416
findling-rss 1791031659,1495027712,335048704,18035416,1854803968,1928892416
findling-rss 1791031661,1497681920,335048704,18037208,1857789952,1928892416
findling-rss 1791031663,1495416832,335052800,18055824,1855700992,1928892416
findling-rss 1791031665,1498091520,335052800,18057224,1858428928,1928892416
findling-rss 1791031667,1406603264,334700544,17935096,1766035456,1928892416
findling-rss 1791031669,1493487616,335081472,18052456,1853308928,1928892416
findling-rss 1791031671,1497169920,335081472,18050920,1857753088,1928892416
findling-rss 1791031673,1496731648,335089664,18069808,1857499136,1928892416
findling-rss 1791031675,1497178112,335089664,18070528,1857810432,1928892416
findling-rss 1791031677,1406390272,334729216,17946040,1766129664,1928892416
findling-rss 1791031679,1497952256,335106048,18066376,1857773568,1928892416
findling-rss 1791031681,1503916032,335106048,18066944,1864204288,1928892416
findling-rss 1791031683,1495900160,340701184,18237360,1862074368,1928892416
findling-rss 1791031685,1496981504,340701184,18241856,1863880704,1928892416
findling-rss 1791031687,1506537472,340701184,18239344,1872961536,1928892416
findling-rss 1791031689,1506537472,340701184,18239120,1872478208,1928892416
findling-rss 1791031691,1507332096,340701184,18241120,1873465344,1928892416
findling-rss 1791031693,1510236160,340701184,18237112,1876213760,1928892416
findling-rss 1791031695,1508077568,340701184,18239248,1874284544,1928892416
findling-rss 1791031697,1412984832,340701184,18141280,1778397184,1928892416
findling-rss 1791031699,1509429248,340701184,18238816,1875394560,1928892416
findling-rss 1791031701,1452908544,340701184,18235704,1818497024,1928892416
findling-rss 1791031703,1509851136,340701184,18235440,1875849216,1928892416
findling-rss 1791031705,1488814080,340701184,18237984,1855459328,1928892416
findling-rss 1791031707,1509203968,340701184,18237112,1875058688,1928892416
findling-rss 1791031709,1489199104,340701184,18238496,1855049728,1928892416
findling-rss 1791031711,1509507072,340701184,18236056,1875468288,1928892416
findling-rss 1791031713,1509400576,340701184,18238200,1875243008,1928892416
findling-rss 1791031715,1509937152,340701184,18239560,1876066304,1928892416
findling-rss 1791031717,1509617664,340701184,18237872,1876369408,1928892416
findling-rss 1791031719,1509810176,340701184,18239472,1876402176,1928892416
findling-rss 1791031721,1510318080,340701184,18239776,1876692992,1928892416
findling-rss 1791031723,1510653952,340701184,18244336,1876647936,1928892416
findling-rss 1791031725,1510072320,340701184,18244424,1876434944,1928892416
findling-rss 1791031727,1424687104,340701184,18243944,1790472192,1928892416
findling-rss 1791031729,1510846464,340701184,18236784,1876582400,1928892416
findling-rss 1791031731,1483272192,340701184,18237832,1849819136,1928892416
findling-rss 1791031733,1512235008,340701184,18243120,1878626304,1928892416
findling-rss 1791031735,1491955712,340701184,18241912,1858428928,1928892416
findling-rss 1791031737,1518575616,340701184,18242352,1884450816,1928892416
findling-rss 1791031739,1491980288,340701184,18240232,1858621440,1928892416
findling-rss 1791031741,1512357888,340701184,18241296,1878675456,1928892416
findling-rss 1791031743,1459490816,340701184,18240064,1825976320,1928892416
findling-rss 1791031745,1460727808,340701184,18242056,1827020800,1928892416
findling-rss 1791031747,1344921600,334778368,17822872,1704157184,1928892416
findling-rss 1791031749,1334263808,334999552,17882384,1694056448,1928892416
findling-rss 1791031751,1461587968,334999552,18039776,1821843456,1928892416
findling-rss 1791031753,1365876736,334655488,17947640,1725423616,1928892416
findling-rss 1791031755,1495719936,335007744,18058888,1856237568,1928892416
findling-rss 1791031757,1403494400,334655488,17937272,1762918400,1928892416
findling-rss 1791031759,1347555328,334684160,17940160,1707065344,1928892416
findling-rss 1791031761,1558818816,334823424,18069088,1919447040,1928892416
findling-rss 1791031763,1558818816,334823424,18069152,1918693376,1928892416
findling-rss 1791031765,1496956928,335040512,18097456,1857032192,1928892416
findling-rss 1791031767,1405685760,334684160,17979296,1765076992,1928892416
findling-rss 1791031769,1406103552,334684160,17991928,1765089280,1928892416
findling-rss 1791031771,1496002560,335060992,18092528,1855819776,1928892416
findling-rss 1791031774,1496002560,335060992,18092832,1856147456,1928892416
findling-rss 1791031776,1496367104,335060992,18112768,1856286720,1928892416
findling-rss 1791031778,1348702208,334712832,18011688,1707581440,1928892416
findling-rss 1791031780,1406316544,334712832,17995400,1765777408,1928892416
findling-rss 1791031782,1495891968,335093760,18114904,1856380928,1928892416
findling-rss 1791031784,1496322048,335093760,18110432,1856856064,1928892416
findling-rss 1791031786,1496862720,338231296,18215544,1860829184,1928892416
findling-rss 1791031788,1496862720,338231296,18213976,1860993024,1928892416
findling-rss 1791031790,1507713024,338231296,18213968,1871425536,1928892416
findling-rss 1791031792,1410686976,338231296,18107424,1774219264,1928892416
findling-rss 1791031794,1506684928,338231296,18213320,1870635008,1928892416
findling-rss 1791031796,1437806592,338231296,18214416,1801928704,1928892416
findling-rss 1791031798,1506697216,338231296,18212888,1870745600,1928892416
findling-rss 1791031800,1488138240,338231296,18212896,1852047360,1928892416
findling-rss 1791031802,1508179968,338231296,18216048,1871847424,1928892416
findling-rss 1791031804,1489215488,338231296,18215784,1852805120,1928892416
findling-rss 1791031806,1516871680,338231296,18213344,1880408064,1928892416
findling-rss 1791031808,1507762176,338231296,18212392,1870831616,1928892416
findling-rss 1791031810,1510690816,338231296,18212936,1874350080,1928892416
findling-rss 1791031812,1510490112,338231296,18212688,1874120704,1928892416
findling-rss 1791031814,1511309312,338231296,18210200,1874464768,1928892416
findling-rss 1791031816,1509928960,338231296,18251296,1873989632,1928892416
findling-rss 1791031818,1509928960,338231296,18209200,1873285120,1928892416
findling-rss 1791031820,1510129664,338231296,18205328,1873842176,1928892416
findling-rss 1791031822,1516199936,338231296,18207368,1879994368,1928892416
findling-rss 1791031824,1408278528,334757888,18001704,1767866368,1928892416
findling-rss 1791031826,1496928256,335142912,18125144,1857073152,1928892416
findling-rss 1791031828,1496956928,335142912,18124968,1856851968,1928892416
findling-rss 1791031830,1503272960,335138816,18144136,1863315456,1928892416
findling-rss 1791031832,1503506432,335138816,18145200,1863802880,1928892416
findling-rss 1791031834,1406349312,334790656,18021800,1766027264,1928892416
findling-rss 1791031836,1497014272,335183872,18142144,1857990656,1928892416
findling-rss 1791031838,1497063424,335183872,18143240,1857486848,1928892416
findling-rss 1791031840,1496551424,335179776,18159480,1857257472,1928892416
findling-rss 1791031842,1497079808,335179776,18159376,1857802240,1928892416
findling-rss 1791031844,1406357504,334819328,18045008,1765650432,1928892416
findling-rss 1791031846,1495605248,335196160,18160992,1856225280,1928892416
findling-rss 1791031848,1496125440,335196160,18161736,1856434176,1928892416
findling-rss 1791031850,1496809472,335208448,18177344,1857744896,1928892416
findling-rss 1791031852,1496858624,335208448,18177944,1857511424,1928892416
findling-rss 1791031854,1355878400,334864384,18062056,1712590848,1928892416
findling-rss 1791031856,1495306240,335069184,18064912,1855369216,1928892416
findling-rss 1791031858,1496100864,335069184,18065792,1856143360,1928892416
findling-rss 1791031860,1496526848,335073280,18078680,1857400832,1928892416
findling-rss 1791031862,1497001984,335073280,18088968,1857466368,1928892416
findling-rss 1791031864,1401618432,334721024,17962264,1761157120,1928892416
findling-rss 1791031866,1497038848,335097856,18077592,1857167360,1928892416
findling-rss 1791031868,1497038848,335097856,18076696,1857114112,1928892416
findling-rss 1791031870,1496178688,335097856,18096432,1856413696,1928892416
findling-rss 1791031872,1496367104,335097856,18096064,1856360448,1928892416
findling-rss 1791031874,1406164992,334749696,17977944,1765552128,1928892416
findling-rss 1791031876,1497108480,335126528,18095920,1857351680,1928892416
findling-rss 1791031878,1498603520,335126528,18093232,1858306048,1928892416
findling-rss 1791031880,1500569600,335126528,18111048,1861365760,1928892416
findling-rss 1791031882,1500569600,335126528,18111448,1861464064,1928892416
findling-rss 1791031884,1348767744,334778368,17997200,1708462080,1928892416
findling-rss 1791031886,1496973312,335159296,18109424,1856454656,1928892416
findling-rss 1791031888,1497210880,335159296,18111976,1856884736,1928892416
findling-rss 1791031890,1558519808,334950400,18122960,1918861312,1928892416
findling-rss 1791031892,1558528000,334950400,18124824,1918898176,1928892416
findling-rss 1791031894,1450110976,334807040,18008640,1809641472,1928892416
findling-rss 1791031896,1496088576,335183872,18125560,1856352256,1928892416
findling-rss 1791031898,1496264704,335183872,18127264,1858076672,1928892416
findling-rss 1791031900,1496973312,335187968,18145816,1858334720,1928892416
findling-rss 1791031902,1496973312,335187968,18147600,1857462272,1928892416
findling-rss 1791031904,1406181376,334835712,18028680,1766072320,1928892416
findling-rss 1791031906,1496928256,335208448,18146056,1857179648,1928892416
findling-rss 1791031908,1496928256,335208448,18157168,1856925696,1928892416
findling-rss 1791031910,1496616960,335208448,18160032,1857101824,1928892416
findling-rss 1791031912,1400852480,335208448,18076816,1791037440,1928892416
findling-rss 1791031914,1406402560,334864384,18041464,1766273024,1928892416
findling-rss 1791031916,1496948736,335245312,18155320,1857945600,1928892416
findling-rss 1791031918,1501769728,335245312,18156368,1862340608,1928892416
findling-rss 1791031920,1496748032,335249408,18176912,1856688128,1928892416
findling-rss 1791031922,1497714688,335249408,18177352,1857863680,1928892416
findling-rss 1791031924,1404727296,334893056,18058808,1764208640,1928892416
findling-rss 1791031926,1497567232,335101952,18061424,1857769472,1928892416
findling-rss 1791031928,1497567232,335101952,18061840,1858060288,1928892416
findling-rss 1791031930,1496686592,335114240,18093040,1857253376,1928892416
findling-rss 1791031932,1496723456,335114240,18082688,1857662976,1928892416
findling-rss 1791031934,1348792320,334753792,17962272,1709076480,1928892416
findling-rss 1791031936,1496846336,335130624,18078720,1856897024,1928892416
findling-rss 1791031938,1496854528,335130624,18080176,1856397312,1928892416
findling-rss 1791031940,1496166400,335138816,18098952,1856774144,1928892416
findling-rss 1791031942,1496969216,335138816,18100440,1857785856,1928892416
findling-rss 1791031944,1378377728,334782464,17978736,1728077824,1928892416
findling-rss 1791031946,1495744512,335167488,18095896,1856172032,1928892416
findling-rss 1791031948,1497649152,335167488,18097736,1858633728,1928892416
findling-rss 1791031950,1496539136,335163392,18116104,1857245184,1928892416
findling-rss 1791031952,1497325568,335163392,18128976,1858011136,1928892416
findling-rss 1791031954,1406427136,334811136,17993936,1765847040,1928892416
findling-rss 1791031956,1480364032,336359424,18145888,1842241536,1928892416
findling-rss 1791031958,1485352960,336359424,18139688,1846521856,1928892416
findling-rss 1791031960,1496440832,335187968,18127016,1856450560,1928892416
findling-rss 1791031962,1502175232,335187968,18128984,1862959104,1928892416
findling-rss 1791031964,1405796352,334839808,18014240,1765904384,1928892416
findling-rss 1791031966,1495961600,335220736,18129168,1856954368,1928892416
findling-rss 1791031968,1496866816,335220736,18128520,1857490944,1928892416
findling-rss 1791031970,1496788992,335220736,18146744,1857626112,1928892416
findling-rss 1791031972,1497567232,335220736,18146032,1858084864,1928892416
findling-rss 1791031974,1406431232,334868480,18028864,1766191104,1928892416
findling-rss 1791031976,1496424448,335253504,18146856,1856651264,1928892416
findling-rss 1791031978,1496424448,335253504,18142312,1857097728,1928892416
findling-rss 1791031980,1496285184,335241216,18161480,1856495616,1928892416
findling-rss 1791031982,1496858624,335241216,18162816,1857708032,1928892416
findling-rss 1791031984,1404964864,334897152,18047568,1764585472,1928892416
findling-rss 1791031986,1495879680,335278080,18162792,1857052672,1928892416
findling-rss 1791031988,1502818304,335278080,18163864,1863540736,1928892416
findling-rss 1791031990,1497055232,335278080,18182912,1857593344,1928892416
findling-rss 1791031992,1497133056,335278080,18184880,1857949696,1928892416
findling-rss 1791031994,1406439424,334925824,18066304,1766875136,1928892416
findling-rss 1791031996,1479286784,335155200,18065232,1840029696,1928892416
findling-rss 1791031998,1480552448,335155200,18108944,1839919104,1928892416
findling-rss 1791032000,1496993792,335138816,18078296,1857167360,1928892416
findling-rss 1791032002,1500340224,335138816,18085496,1860321280,1928892416
findling-rss 1791032004,1404985344,335216640,17972816,1764544512,1928892416
findling-rss 1791032006,1500016640,335601664,18090568,1860796416,1928892416
findling-rss 1791032008,1501028352,335601664,18091816,1862266880,1928892416
findling-rss 1791032010,1496240128,335601664,18113568,1856720896,1928892416
findling-rss 1791032012,1496977408,335601664,18114928,1857777664,1928892416
findling-rss 1791032014,1405829120,335245312,17995104,1766031360,1928892416
findling-rss 1791032016,1498877952,335630336,18106280,1859153920,1928892416
findling-rss 1791032018,1499578368,335630336,18104992,1860747264,1928892416
findling-rss 1791032020,1495982080,335630336,18124680,1857011712,1928892416
findling-rss 1791032022,1502060544,335630336,18127600,1862987776,1928892416
findling-rss 1791032024,1405833216,335273984,18012240,1765818368,1928892416
findling-rss 1791032026,1496379392,335654912,18127624,1857376256,1928892416
findling-rss 1791032028,1503666176,335654912,18125904,1863856128,1928892416
findling-rss 1791032030,1478692864,335663104,18145928,1840300032,1928892416
findling-rss 1791032032,1484161024,335663104,18147472,1845661696,1928892416
findling-rss 1791032034,1440440320,335302656,18030432,1800916992,1928892416
findling-rss 1791032036,1494622208,335683584,18144464,1854963712,1928892416
findling-rss 1791032038,1497706496,335683584,18144088,1858326528,1928892416
findling-rss 1791032040,1495625728,335687680,18163696,1856237568,1928892416
findling-rss 1791032042,1496678400,335687680,18163256,1857437696,1928892416
findling-rss 1791032044,1406472192,335331328,18041816,1766047744,1928892416
findling-rss 1791032046,1476755456,335712256,18160216,1837125632,1928892416
findling-rss 1791032048,1500020736,335712256,18163736,1861267456,1928892416
findling-rss 1791032050,1476751360,335704064,18180296,1837993984,1928892416
findling-rss 1791032052,1496350720,335704064,18182672,1857384448,1928892416
findling-rss 1791032055,1406480384,335360000,18066816,1766670336,1928892416
findling-rss 1791032057,1476763648,335740928,18180288,1837215744,1928892416
findling-rss 1791032059,1496514560,335740928,18176376,1857097728,1928892416
findling-rss 1791032061,1476784128,336797696,18225424,1838895104,1928892416
findling-rss 1791032063,1497161728,336797696,18225800,1860055040,1928892416
findling-rss 1791032065,1506398208,336797696,18225016,1869131776,1928892416
findling-rss 1791032067,1507213312,336797696,18236328,1870348288,1928892416
findling-rss 1791032069,1506054144,336797696,18222656,1868771328,1928892416
findling-rss 1791032071,1508982784,336797696,18223816,1871273984,1928892416
findling-rss 1791032073,1455570944,336797696,18220320,1818071040,1928892416
findling-rss 1791032075,1456340992,336797696,18221344,1818218496,1928892416
findling-rss 1791032077,1416957952,335388672,18072192,1777127424,1928892416
findling-rss 1791032079,1496616960,335613952,18078424,1857523712,1928892416
findling-rss 1791032081,1498484736,335613952,18078056,1859559424,1928892416
findling-rss 1791032083,1479901184,336793600,18128712,1841954816,1928892416
findling-rss 1791032085,1480790016,336793600,18129088,1843560448,1928892416
findling-rss 1791032087,1383473152,335257600,17978872,1743945728,1928892416
findling-rss 1791032089,1557577728,335425536,18088112,1918414848,1928892416
findling-rss 1791032091,1558827008,335425536,18086520,1919746048,1928892416
findling-rss 1791032093,1496100864,335634432,18112080,1857642496,1928892416
findling-rss 1791032095,1497739264,335634432,18115136,1859244032,1928892416
findling-rss 1791032097,1348878336,335286272,17996592,1709223936,1928892416
findling-rss 1791032099,1495769088,335671296,18109296,1856585728,1928892416
findling-rss 1791032101,1496264704,335671296,18110152,1856933888,1928892416
findling-rss 1791032103,1503514624,335671296,18130128,1864404992,1928892416
findling-rss 1791032105,1503514624,335671296,18128568,1864421376,1928892416
findling-rss 1791032107,1404198912,335314944,18007504,1764818944,1928892416
findling-rss 1791032109,1496387584,335699968,18124648,1857015808,1928892416
findling-rss 1791032111,1497321472,335699968,18123472,1858527232,1928892416
findling-rss 1791032113,1497473024,335704064,18143864,1858424832,1928892416
findling-rss 1791032115,1497501696,335704064,18143840,1858547712,1928892416
findling-rss 1791032117,1406500864,335343616,18024576,1767940096,1928892416
findling-rss 1791032119,1495781376,335724544,18137336,1856278528,1928892416
findling-rss 1791032121,1498222592,335724544,18139176,1859260416,1928892416
findling-rss 1791032123,1496199168,337129472,18201496,1859379200,1928892416
findling-rss 1791032125,1496756224,337129472,18202616,1858977792,1928892416
findling-rss 1791032127,1506598912,337129472,18205320,1869094912,1928892416
findling-rss 1791032129,1506598912,337129472,18203504,1869185024,1928892416
findling-rss 1791032131,1506607104,337129472,18201192,1868664832,1928892416
findling-rss 1791032133,1480404992,337129472,18204464,1843712000,1928892416
findling-rss 1791032135,1505861632,337129472,18216912,1869422592,1928892416
findling-rss 1791032137,1423220736,337129472,18203112,1786068992,1928892416
findling-rss 1791032139,1508065280,337129472,18196184,1870843904,1928892416
findling-rss 1791032141,1406726144,335372288,18044792,1767620608,1928892416
findling-rss 1791032143,1378164736,335765504,18053464,1737314304,1928892416
findling-rss 1791032145,1496993792,335765504,18158016,1858588672,1928892416
findling-rss 1791032147,1400971264,336826368,18098928,1763155968,1928892416
findling-rss 1791032149,1496326144,336826368,18207472,1858572288,1928892416
findling-rss 1791032151,1451376640,336826368,18207904,1813200896,1928892416
findling-rss 1791032153,1506230272,336826368,18207232,1868627968,1928892416
findling-rss 1791032155,1486934016,336826368,18208224,1849901056,1928892416
findling-rss 1791032157,1506476032,336826368,18210088,1869668352,1928892416
findling-rss 1791032159,1502076928,336826368,18205968,1864507392,1928892416
findling-rss 1791032161,1507352576,336826368,18208648,1869963264,1928892416
findling-rss 1791032163,1406595072,335409152,18060776,1767194624,1928892416
findling-rss 1791032165,1476800512,335794176,18180024,1838256128,1928892416
findling-rss 1791032167,1496817664,335794176,18179008,1857732608,1928892416
findling-rss 1791032169,1476808704,335802368,18195448,1837830144,1928892416
findling-rss 1791032171,1497133056,335802368,18194648,1858539520,1928892416
findling-rss 1791032173,1348907008,335446016,18076360,1709322240,1928892416
findling-rss 1791032175,1476800512,335654912,18079488,1837043712,1928892416
findling-rss 1791032177,1501638656,335654912,18078808,1862344704,1928892416
findling-rss 1791032179,1476808704,335659008,18094120,1837703168,1928892416
findling-rss 1791032181,1500258304,335659008,18138272,1861492736,1928892416
findling-rss 1791032183,1370488832,335302656,17975384,1766313984,1928892416
findling-rss 1791032185,1476796416,335679488,18086896,1837498368,1928892416
findling-rss 1791032187,1496043520,335679488,18093240,1857163264,1928892416
findling-rss 1791032189,1476829184,335683584,18114456,1837797376,1928892416
findling-rss 1791032191,1497309184,335683584,18115376,1858236416,1928892416
findling-rss 1791032193,1404649472,335331328,17996944,1765183488,1928892416
findling-rss 1791032195,1476845568,335720448,18107872,1837871104,1928892416
findling-rss 1791032197,1498300416,335720448,18109760,1859764224,1928892416
findling-rss 1791032199,1492660224,335712256,18129256,1853878272,1928892416
findling-rss 1791032201,1496944640,335712256,18128792,1857929216,1928892416
findling-rss 1791032203,1404243968,335360000,18009904,1764564992,1928892416
findling-rss 1791032205,1476849664,335757312,18124112,1837707264,1928892416
findling-rss 1791032207,1497407488,335757312,18127744,1858863104,1928892416
findling-rss 1791032209,1494036480,335757312,18146672,1853599744,1928892416
findling-rss 1791032211,1497280512,335757312,18148264,1858625536,1928892416
findling-rss 1791032213,1406676992,335405056,18029832,1767235584,1928892416
findling-rss 1791032215,1492779008,335785984,18151448,1853743104,1928892416
findling-rss 1791032217,1496494080,335785984,18150256,1857544192,1928892416
findling-rss 1791032219,1496961024,335781888,18160696,1858416640,1928892416
findling-rss 1791032221,1497509888,335781888,18162240,1858592768,1928892416
findling-rss 1791032223,1406271488,335433728,18041848,1766821888,1928892416
findling-rss 1791032225,1496788992,335814656,18158632,1858822144,1928892416
findling-rss 1791032227,1499025408,335814656,18171504,1861079040,1928892416
findling-rss 1791032229,1497600000,335814656,18179176,1859477504,1928892416
findling-rss 1791032231,1497640960,335814656,18179456,1858789376,1928892416
findling-rss 1791032233,1403817984,335462400,18060752,1764704256,1928892416
findling-rss 1791032235,1497223168,335847424,18177920,1857646592,1928892416
findling-rss 1791032237,1497989120,335847424,18177928,1859047424,1928892416
findling-rss 1791032239,1497260032,335843328,18194088,1858244608,1928892416
findling-rss 1791032241,1497264128,335843328,18198920,1858781184,1928892416
findling-rss 1791032243,1407356928,335491072,18078560,1768517632,1928892416
findling-rss 1791032245,1496969216,335683584,18080568,1857806336,1928892416
findling-rss 1791032247,1497833472,335683584,18080568,1858859008,1928892416
findling-rss 1791032249,1497358336,335687680,18101240,1858428928,1928892416
findling-rss 1791032251,1501716480,335687680,18100216,1862529024,1928892416
findling-rss 1791032253,1407148032,335331328,17975720,1767424000,1928892416
findling-rss 1791032255,1477648384,335716352,18096528,1839181824,1928892416
findling-rss 1791032257,1497292800,335716352,18100200,1859203072,1928892416
findling-rss 1791032259,1477656576,335716352,18114632,1838608384,1928892416
findling-rss 1791032261,1497378816,335716352,18115976,1858965504,1928892416
findling-rss 1791032263,1349758976,335360000,17999416,1709940736,1928892416
findling-rss 1791032265,1477668864,335745024,18112456,1838628864,1928892416
findling-rss 1791032267,1502830592,335745024,18112352,1864060928,1928892416
findling-rss 1791032269,1477664768,335740928,18129472,1838993408,1928892416
findling-rss 1791032271,1497870336,335740928,18128392,1859276800,1928892416
findling-rss 1791032273,1408610304,335388672,18022872,1768914944,1928892416
findling-rss 1791032275,1477648384,335757312,18124680,1838477312,1928892416
findling-rss 1791032277,1497341952,335757312,18129072,1858510848,1928892416
findling-rss 1791032279,1477664768,336461824,18162176,1839357952,1928892416
findling-rss 1791032281,1501044736,336461824,18165656,1863114752,1928892416
findling-rss 1791032283,1507491840,336461824,18167096,1869213696,1928892416
findling-rss 1791032285,1508212736,336461824,18167336,1869844480,1928892416
findling-rss 1791032287,1512865792,336461824,18168696,1874956288,1928892416
findling-rss 1791032289,1513562112,336461824,18170296,1875349504,1928892416
findling-rss 1791032291,1350111232,335417344,18029296,1710800896,1928892416
findling-rss 1791032293,1497853952,335806464,18147808,1859117056,1928892416
findling-rss 1791032295,1497960448,335806464,18149656,1859899392,1928892416
findling-rss 1791032297,1498009600,335806464,18166048,1859518464,1928892416
findling-rss 1791032299,1503309824,335806464,18163784,1864019968,1928892416
findling-rss 1791032301,1407389696,335450112,18045216,1768026112,1928892416
findling-rss 1791032303,1478586368,337014784,18190920,1841102848,1928892416
findling-rss 1791032305,1484447744,337014784,18192080,1847025664,1928892416
findling-rss 1791032307,1477685248,335831040,18181472,1838886912,1928892416
findling-rss 1791032309,1498435584,335831040,18182392,1858965504,1928892416
findling-rss 1791032311,1407393792,335478784,18065088,1767464960,1928892416
findling-rss 1791032313,1477668864,335859712,18179984,1839009792,1928892416
findling-rss 1791032315,1497288704,335859712,18184904,1858920448,1928892416
findling-rss 1791032317,1497022464,335859712,18202832,1858330624,1928892416
findling-rss 1791032319,1497022464,335859712,18242160,1860214784,1928892416
findling-rss 1791032321,1407393792,335507456,18077320,1767555072,1928892416
findling-rss 1791032323,1484918784,335732736,18078048,1844342784,1928892416
findling-rss 1791032325,1497583616,335732736,18080960,1858551808,1928892416
findling-rss 1791032327,1496608768,335728640,18098088,1857658880,1928892416
findling-rss 1791032329,1497137152,335728640,18096904,1857675264,1928892416
findling-rss 1791032331,1407393792,335380480,17976944,1767866368,1928892416
findling-rss 1791032334,1496436736,335761408,18096592,1857249280,1928892416
findling-rss 1791032336,1497776128,335761408,18101968,1858920448,1928892416
findling-rss 1791032338,1497198592,335761408,18118160,1858437120,1928892416
findling-rss 1791032340,1497653248,335761408,18116616,1858703360,1928892416
findling-rss 1791032342,1407397888,335409152,17997424,1767641088,1928892416
findling-rss 1791032344,1497473024,335802368,18114232,1858564096,1928892416
findling-rss 1791032346,1501413376,335802368,18115592,1862922240,1928892416
findling-rss 1791032348,1497026560,335802368,18133496,1858330624,1928892416
findling-rss 1791032350,1497948160,335802368,18134856,1859158016,1928892416
findling-rss 1791032352,1367760896,335450112,18018968,1768468480,1928892416
findling-rss 1791032354,1497341952,335831040,18130144,1857957888,1928892416
findling-rss 1791032356,1498460160,335831040,18132080,1860046848,1928892416
findling-rss 1791032358,1497485312,335839232,18148216,1858404352,1928892416
findling-rss 1791032360,1501515776,335839232,18150872,1862365184,1928892416
findling-rss 1791032362,1405517824,335478784,18034760,1765888000,1928892416
findling-rss 1791032364,1497571328,335859712,18149760,1859276800,1928892416
findling-rss 1791032366,1498263552,335859712,18162632,1859706880,1928892416
findling-rss 1791032368,1504374784,335859712,18170888,1865830400,1928892416
findling-rss 1791032370,1505337344,335859712,18169472,1866743808,1928892416
findling-rss 1791032372,1407401984,335507456,18048832,1767284736,1928892416
findling-rss 1791032374,1496956928,335892480,18167968,1858326528,1928892416
findling-rss 1791032376,1498345472,335892480,18166712,1859047424,1928892416
findling-rss 1791032378,1496956928,335900672,18186160,1858056192,1928892416
findling-rss 1791032380,1499144192,335900672,18189320,1860014080,1928892416
findling-rss 1791032382,1407410176,335556608,18063792,1768275968,1928892416
findling-rss 1791032384,1496711168,335933440,18181336,1857830912,1928892416
findling-rss 1791032386,1498095616,335933440,18180720,1859665920,1928892416
findling-rss 1791032388,1497075712,335945728,18200968,1858220032,1928892416
findling-rss 1791032390,1497952256,335945728,18201296,1859002368,1928892416
findling-rss 1791032392,1406779392,335585280,18080672,1767243776,1928892416
findling-rss 1791032394,1496248320,335802368,18082400,1857101824,1928892416
findling-rss 1791032396,1498755072,335802368,18080248,1860124672,1928892416
findling-rss 1791032398,1497333760,335810560,18099568,1857581056,1928892416
findling-rss 1791032400,1497882624,335810560,18100904,1859325952,1928892416
findling-rss 1791032402,1406152704,335450112,17980792,1766891520,1928892416
findling-rss 1791032404,1497092096,335826944,18096960,1857716224,1928892416
findling-rss 1791032406,1498042368,335826944,18098688,1858842624,1928892416
findling-rss 1791032408,1498255360,335835136,18118040,1859125248,1928892416
findling-rss 1791032410,1499099136,335835136,18116976,1860620288,1928892416
findling-rss 1791032412,1349795840,335478784,18008352,1709838336,1928892416
findling-rss 1791032414,1497944064,335867904,18116040,1858506752,1928892416
findling-rss 1791032416,1499111424,335867904,18116544,1860317184,1928892416
findling-rss 1791032418,1496408064,335847424,18134456,1856389120,1928892416
findling-rss 1791032420,1496838144,335847424,18134792,1857740800,1928892416
findling-rss 1791032422,1407414272,335507456,18010136,1767915520,1928892416
findling-rss 1791032424,1497374720,335892480,18128880,1858949120,1928892416
findling-rss 1791032426,1497374720,335892480,18131144,1859305472,1928892416
findling-rss 1791032428,1497194496,335884288,18150112,1858338816,1928892416
findling-rss 1791032430,1497808896,335884288,18151840,1859534848,1928892416
findling-rss 1791032432,1404911616,335536128,18031256,1766174720,1928892416
findling-rss 1791032434,1497804800,335917056,18149824,1859821568,1928892416
findling-rss 1791032436,1501290496,335917056,18149728,1862578176,1928892416
findling-rss 1791032438,1497636864,335908864,18167912,1859227648,1928892416
findling-rss 1791032440,1498378240,335908864,18169032,1859534848,1928892416
findling-rss 1791032442,1407414272,335564800,18050600,1768185856,1928892416
findling-rss 1791032444,1497493504,335949824,18166488,1858551808,1928892416
findling-rss 1791032446,1497505792,335949824,18163920,1859309568,1928892416
findling-rss 1791032448,1498275840,335945728,18183520,1859944448,1928892416
findling-rss 1791032450,1498275840,335945728,18184568,1859502080,1928892416
findling-rss 1791032452,1406574592,335593472,18065592,1766948864,1928892416
findling-rss 1791032454,1497559040,335974400,18179312,1858719744,1928892416
findling-rss 1791032456,1499377664,335974400,18182680,1861386240,1928892416
findling-rss 1791032458,1499099136,335970304,18247920,1860694016,1928892416
findling-rss 1791032460,1473355776,335970304,18196424,1852518400,1928892416
findling-rss 1791032462,1407418368,335622144,18076816,1768144896,1928892416
findling-rss 1791032464,1497108480,335831040,18083744,1857990656,1928892416
findling-rss 1791032466,1497726976,335831040,18081800,1858699264,1928892416
findling-rss 1791032468,1502420992,335826944,18101160,1863262208,1928892416
findling-rss 1791032470,1504116736,335826944,18102464,1865240576,1928892416
findling-rss 1791032472,1349804032,335482880,17980360,1710325760,1928892416
findling-rss 1791032474,1497710592,335867904,18097520,1858285568,1928892416
findling-rss 1791032476,1498468352,335867904,18097080,1859497984,1928892416
findling-rss 1791032478,1497997312,335863808,18116904,1859301376,1928892416
findling-rss 1791032480,1498062848,335863808,18117720,1858895872,1928892416
findling-rss 1791032482,1406582784,335511552,17997168,1766785024,1928892416
findling-rss 1791032484,1497804800,335884288,18113896,1858363392,1928892416
findling-rss 1791032486,1497804800,335884288,18113560,1858207744,1928892416
findling-rss 1791032488,1498066944,335892480,18131368,1859280896,1928892416
findling-rss 1791032490,1349808128,335540224,18020800,1710026752,1928892416
findling-rss 1791032492,1349808128,335568896,18004880,1710399488,1928892416
findling-rss 1791032494,1497640960,335917056,18132880,1858813952,1928892416
findling-rss 1791032496,1473888256,335917056,18134608,1835388928,1928892416
findling-rss 1791032498,1480425472,335929344,18154504,1841655808,1928892416
findling-rss 1791032500,1384411136,335568896,18034704,1745346560,1928892416
findling-rss 1791032502,1384411136,335597568,18033440,1744592896,1928892416
findling-rss 1791032504,1497620480,335945728,18150968,1859227648,1928892416
findling-rss 1791032506,1401876480,335953920,18063208,1763151872,1928892416
findling-rss 1791032508,1497321472,335953920,18167048,1858875392,1928892416
findling-rss 1791032510,1398517760,335597568,18048000,1758715904,1928892416
findling-rss 1791032512,1349808128,335626240,18039312,1709473792,1928892416
findling-rss 1791032514,1499791360,335978496,18164824,1861062656,1928892416
findling-rss 1791032516,1401876480,335978496,18076664,1762017280,1928892416
findling-rss 1791032518,1498112000,335978496,18180688,1859031040,1928892416
findling-rss 1791032520,1404919808,335626240,18062448,1764782080,1928892416
findling-rss 1791032522,1378222080,336015360,18061880,1737682944,1928892416
findling-rss 1791032524,1498296320,336015360,18182616,1860509696,1928892416
findling-rss 1791032526,1401753600,336007168,18141408,1761656832,1928892416
findling-rss 1791032528,1497788416,336007168,18199576,1859362816,1928892416
findling-rss 1791032530,1406488576,335654912,18083296,1766760448,1928892416
findling-rss 1791032532,1349922816,353927168,18643744,1728356352,1928892416
findling-rss 1791032534,1498296320,336289792,18095704,1860714496,1928892416
findling-rss 1791032536,1365483520,336293888,18010120,1722904576,1928892416
findling-rss 1791032538,1498521600,336293888,18116656,1859989504,1928892416
findling-rss 1791032540,1398575104,335937536,17996704,1759789056,1928892416
findling-rss 1791032542,1350262784,335966208,17989040,1710776320,1928892416
findling-rss 1791032544,1480425472,336289792,18113304,1841971200,1928892416
findling-rss 1791032546,1402331136,336326656,18025568,1763344384,1928892416
findling-rss 1791032548,1497853952,336326656,18144984,1859805184,1928892416
findling-rss 1791032550,1404346368,335966208,18018032,1765621760,1928892416
findling-rss 1791032552,1350266880,335994880,18007912,1710698496,1928892416
findling-rss 1791032554,1497980928,336351232,18131616,1859735552,1928892416
findling-rss 1791032556,1402335232,336343040,18048712,1763708928,1928892416
findling-rss 1791032558,1499082752,336343040,18151784,1860902912,1928892416
findling-rss 1791032560,1350266880,335994880,18033360,1759752192,1928892416
findling-rss 1791032562,1402339328,336728064,18049768,1762414592,1928892416
findling-rss 1791032564,1496891392,336728064,18158808,1858871296,1928892416
findling-rss 1791032566,1451216896,336728064,18160888,1812914176,1928892416
findling-rss 1791032568,1507471360,336728064,18161112,1869475840,1928892416
findling-rss 1791032570,1469464576,336375808,18165656,1830957056,1928892416
findling-rss 1791032572,1498546176,336375808,18163920,1860222976,1928892416
findling-rss 1791032574,1407889408,336023552,18048792,1768529920,1928892416
findling-rss 1791032576,1413808128,336412672,18161320,1775509504,1928892416
findling-rss 1791032578,1497952256,336412672,18165824,1859682304,1928892416
findling-rss 1791032580,1443819520,336412672,18180224,1805537280,1928892416
findling-rss 1791032582,1498402816,336412672,18184016,1860743168,1928892416
findling-rss 1791032584,1406631936,336056320,18062960,1767854080,1928892416
findling-rss 1791032586,1413996544,336441344,18181088,1775902720,1928892416
findling-rss 1791032588,1498124288,336441344,18184416,1860206592,1928892416
findling-rss 1791032590,1413554176,336437248,18202248,1775403008,1928892416
findling-rss 1791032592,1498324992,336437248,18200504,1859612672,1928892416
findling-rss 1791032594,1398018048,336084992,18092224,1759166464,1928892416
findling-rss 1791032596,1384026112,336465920,18085432,1744187392,1928892416
findling-rss 1791032598,1503535104,336465920,18202312,1865580544,1928892416
findling-rss 1791032600,1402343424,336457728,18108256,1764007936,1928892416
findling-rss 1791032602,1498136576,336457728,18230144,1860014080,1928892416
findling-rss 1791032604,1407467520,336113664,18095408,1768579072,1928892416
findling-rss 1791032606,1402343424,394969088,19810712,1823723520,1928892416
findling-rss 1791032608,1498308608,336318464,18098200,1859735552,1928892416
findling-rss 1791032611,1402343424,340910080,18135864,1767743488,1928892416
findling-rss 1791032613,1500196864,340910080,18241568,1866543104,1928892416
findling-rss 1791032615,1440624640,340910080,18242664,1807175680,1928892416
findling-rss 1791032617,1508425728,340910080,18244344,1874460672,1928892416
findling-rss 1791032619,1488293888,340910080,18237240,1853784064,1928892416
findling-rss 1791032621,1507721216,340910080,18243016,1873502208,1928892416
findling-rss 1791032623,1436577792,340910080,18247304,1802985472,1928892416
findling-rss 1791032625,1457438720,340910080,18246632,1823174656,1928892416
findling-rss 1791032627,1455247360,340910080,18242080,1821487104,1928892416
findling-rss 1791032629,1457201152,340910080,18243680,1822814208,1928892416
findling-rss 1791032631,1500254208,340910080,18242000,1866952704,1928892416
findling-rss 1791032633,1504010240,340910080,18243336,1870528512,1928892416
findling-rss 1791032635,1511088128,340910080,18244456,1877356544,1928892416
findling-rss 1791032637,1511763968,340910080,18245576,1878126592,1928892416
findling-rss 1791032639,1511669760,340910080,18245808,1877626880,1928892416
findling-rss 1791032641,1511669760,340910080,18289264,1878937600,1928892416
findling-rss 1791032643,1512652800,340910080,18247992,1878663168,1928892416
findling-rss 1791032645,1417064448,340910080,18148624,1782308864,1928892416
findling-rss 1791032647,1513455616,340910080,18248592,1879269376,1928892416
findling-rss 1791032649,1445810176,340910080,18251904,1812082688,1928892416
findling-rss 1791032651,1519333376,340910080,18254272,1885511680,1928892416
findling-rss 1791032653,1430700032,340910080,18251232,1796378624,1928892416
findling-rss 1791032655,1459712000,340910080,18247912,1825800192,1928892416
findling-rss 1791032657,1439408128,340910080,18245504,1805561856,1928892416
findling-rss 1791032659,1459544064,340910080,18239216,1824591872,1928892416
findling-rss 1791032661,1500864512,340910080,18239216,1866891264,1928892416
findling-rss 1791032663,1503473664,340910080,18241424,1870184448,1928892416
findling-rss 1791032665,1412554752,335990784,17994600,1773387776,1928892416
findling-rss 1791032667,1478176768,336379904,18115880,1840103424,1928892416
findling-rss 1791032669,1498079232,336379904,18119584,1860022272,1928892416
findling-rss 1791032671,1497550848,336384000,18138672,1859522560,1928892416
findling-rss 1791032673,1498865664,336384000,18140064,1860632576,1928892416
findling-rss 1791032675,1408348160,336027648,18020168,1769025536,1928892416
findling-rss 1791032677,1478647808,336416768,18140240,1840242688,1928892416
findling-rss 1791032679,1499082752,336416768,18137928,1861206016,1928892416
findling-rss 1791032681,1495220224,336404480,18156816,1857687552,1928892416
findling-rss 1791032683,1504325632,336404480,18151792,1866665984,1928892416
findling-rss 1791032685,1408352256,336056320,18033872,1770307584,1928892416
findling-rss 1791032687,1541566464,336228352,18145168,1902202880,1928892416
findling-rss 1791032689,1560883200,336228352,18143240,1922396160,1928892416
findling-rss 1791032691,1478660096,336445440,18165056,1840480256,1928892416
findling-rss 1791032693,1501892608,336445440,18169472,1863372800,1928892416
findling-rss 1791032695,1363345408,336084992,18052744,1768275968,1928892416
findling-rss 1791032697,1478635520,336465920,18176592,1840418816,1928892416
findling-rss 1791032699,1498804224,336465920,18170832,1860755456,1928892416
findling-rss 1791032701,1478615040,336461824,18187464,1840263168,1928892416
findling-rss 1791032703,1498124288,336461824,18187968,1859522560,1928892416
findling-rss 1791032705,1408352256,336113664,18064440,1769041920,1928892416
findling-rss 1791032707,1478627328,336490496,18184928,1840828416,1928892416
findling-rss 1791032709,1498415104,336490496,18184816,1860943872,1928892416
findling-rss 1791032711,1497468928,336494592,18201280,1859264512,1928892416
findling-rss 1791032713,1499435008,336494592,18204432,1861398528,1928892416
findling-rss 1791032715,1350803456,336142336,18083416,1711915008,1928892416
findling-rss 1791032717,1478631424,336523264,18198160,1840545792,1928892416
findling-rss 1791032719,1499058176,336523264,18198816,1859907584,1928892416
findling-rss 1791032721,1498230784,336527360,18214504,1859805184,1928892416
findling-rss 1791032723,1498951680,336527360,18215864,1860747264,1928892416
findling-rss 1791032725,1408360448,336171008,18097424,1769742336,1928892416
findling-rss 1791032727,1498324992,336375808,18101392,1860243456,1928892416
findling-rss 1791032729,1499107328,336375808,18100872,1861042176,1928892416
findling-rss 1791032731,1497944064,336728064,18129896,1859948544,1928892416
findling-rss 1791032733,1499955200,336728064,18129808,1860890624,1928892416
findling-rss 1791032735,1508274176,336728064,18127832,1870028800,1928892416
findling-rss 1791032737,1508638720,336728064,18127576,1870495744,1928892416
findling-rss 1791032739,1366839296,336023552,17997960,1767063552,1928892416
findling-rss 1791032741,1498202112,336412672,18115552,1859514368,1928892416
findling-rss 1791032743,1498480640,336412672,18120864,1860247552,1928892416
findling-rss 1791032745,1497591808,336404480,18137680,1858998272,1928892416
findling-rss 1791032747,1499439104,336404480,18135104,1861382144,1928892416
findling-rss 1791032749,1408364544,336056320,18014384,1769361408,1928892416
findling-rss 1791032751,1498349568,336437248,18131544,1860608000,1928892416
findling-rss 1791032753,1499123712,336437248,18131840,1861169152,1928892416
findling-rss 1791032755,1498648576,336429056,18150096,1860345856,1928892416
findling-rss 1791032757,1498648576,336429056,18148992,1860452352,1928892416
findling-rss 1791032759,1407315968,336097280,18030560,1768566784,1928892416
findling-rss 1791032761,1498550272,336482304,18151656,1860423680,1928892416
findling-rss 1791032763,1498603520,336482304,18152752,1860481024,1928892416
findling-rss 1791032765,1481474048,336490496,18168720,1843077120,1928892416
findling-rss 1791032767,1482944512,336490496,18169200,1845071872,1928892416
findling-rss 1791032769,1442971648,336125952,18048792,1804312576,1928892416
findling-rss 1791032771,1498701824,336506880,18167136,1860419584,1928892416
findling-rss 1791032773,1504309248,336506880,18166640,1866076160,1928892416
findling-rss 1791032775,1501556736,336498688,18184544,1863286784,1928892416
findling-rss 1791032777,1501556736,336498688,18183304,1863225344,1928892416
findling-rss 1791032779,1409675264,336154624,18106776,1770610688,1928892416
findling-rss 1791032781,1498202112,336535552,18180288,1860751360,1928892416
findling-rss 1791032783,1502916608,336535552,18181408,1864564736,1928892416
findling-rss 1791032785,1498112000,338296832,18249680,1861767168,1928892416
findling-rss 1791032787,1504808960,338296832,18247912,1868898304,1928892416
findling-rss 1791032789,1507840000,338296832,18245632,1871523840,1928892416
findling-rss 1791032791,1509593088,338296832,18245816,1873260544,1928892416
findling-rss 1791032793,1508179968,338296832,18245336,1871294464,1928892416
findling-rss 1791032795,1512624128,338296832,18247064,1876656128,1928892416
findling-rss 1791032797,1457053696,338296832,18245536,1821396992,1928892416
findling-rss 1791032799,1462509568,338296832,18246840,1826680832,1928892416
findling-rss 1791032801,1457364992,338296832,18247712,1821179904,1928892416
findling-rss 1791032803,1405669376,338296832,18143648,1769132032,1928892416
findling-rss 1791032805,1501470720,338296832,18248192,1865314304,1928892416
findling-rss 1791032807,1409392640,336195584,18083432,1770844160,1928892416
findling-rss 1791032809,1353248768,336224256,18076096,1713532928,1928892416
findling-rss 1791032811,1498746880,337293312,18224560,1861644288,1928892416
findling-rss 1791032813,1412616192,337293312,18124176,1775165440,1928892416
findling-rss 1791032815,1508753408,337293312,18223952,1871347712,1928892416
findling-rss 1791032817,1439834112,337293312,18224664,1800716288,1928892416
findling-rss 1791032819,1514168320,337293312,18224928,1876910080,1928892416
findling-rss 1791032821,1441980416,336572416,18219384,1803743232,1928892416
findling-rss 1791032823,1498341376,336572416,18221216,1860202496,1928892416
findling-rss 1791032825,1350770688,336224256,18112728,1712312320,1928892416
findling-rss 1791032827,1402839040,395198464,19852008,1824706560,1928892416
findling-rss 1791032829,1503932416,336445440,18103440,1865629696,1928892416
findling-rss 1791032831,1410977792,336445440,18124112,1769435136,1928892416
findling-rss 1791032833,1498816512,336445440,18122856,1860259840,1928892416
findling-rss 1791032835,1398333440,336093184,18002688,1758941184,1928892416
findling-rss 1791032837,1402343424,336478208,18011648,1762562048,1928892416
findling-rss 1791032839,1498988544,336478208,18117728,1860317184,1928892416
findling-rss 1791032841,1412239360,336478208,18135576,1773998080,1928892416
findling-rss 1791032843,1499308032,336478208,18138152,1861431296,1928892416
findling-rss 1791032845,1350787072,336121856,18018744,1712386048,1928892416
findling-rss 1791032847,1402855424,336498688,18030320,1763999744,1928892416
findling-rss 1791032849,1497903104,336498688,18137752,1859870720,1928892416
findling-rss 1791032851,1413505024,336515072,18155320,1775542272,1928892416
findling-rss 1791032853,1499037696,336515072,18155688,1861693440,1928892416
findling-rss 1791032855,1407983616,336150528,18036512,1769463808,1928892416
findling-rss 1791032857,1402859520,336531456,18043264,1764106240,1928892416
findling-rss 1791032859,1498464256,336531456,18153912,1860902912,1928892416
findling-rss 1791032861,1440673792,336527360,18170392,1802178560,1928892416
findling-rss 1791032863,1498206208,336527360,18174960,1860169728,1928892416
findling-rss 1791032865,1408409600,336179200,18052368,1769836544,1928892416
findling-rss 1791032867,1429815296,336556032,18166424,1791959040,1928892416
findling-rss 1791032869,1497870336,336556032,18165520,1859751936,1928892416
findling-rss 1791032871,1469988864,336556032,18185288,1831923712,1928892416
findling-rss 1791032873,1499664384,336556032,18181816,1861664768,1928892416
findling-rss 1791032875,1407361024,336207872,18060936,1768665088,1928892416
findling-rss 1791032877,1478705152,337989632,18219096,1841623040,1928892416
findling-rss 1791032879,1498935296,337989632,18224856,1862295552,1928892416
findling-rss 1791032881,1488482304,337989632,18224616,1851715584,1928892416
findling-rss 1791032883,1508548608,337989632,18225768,1871769600,1928892416
findling-rss 1791032885,1508130816,337989632,18223856,1871982592,1928892416
findling-rss 1791032887,1508925440,337989632,18225696,1871990784,1928892416
findling-rss 1791032889,1456857088,337989632,18226576,1820102656,1928892416
findling-rss 1791032892,1456857088,337989632,18225624,1819992064,1928892416
findling-rss 1791032894,1456300032,337989632,18227784,1820151808,1928892416
findling-rss 1791032896,1456721920,337989632,18227480,1820131328,1928892416
findling-rss 1791032898,1499058176,336588800,18205824,1861443584,1928892416
findling-rss 1791032900,1474211840,336588800,18203920,1835003904,1928892416
findling-rss 1791032902,1407578112,336236544,18085248,1768964096,1928892416
findling-rss 1791032904,1499475968,336629760,18202512,1861996544,1928892416
findling-rss 1791032906,1499537408,336629760,18200416,1861545984,1928892416
findling-rss 1791032908,1498726400,336625664,18219776,1860354048,1928892416
findling-rss 1791032910,1353883648,336273408,18100696,1712062464,1928892416
findling-rss 1791032912,1407160320,336273408,18098392,1768136704,1928892416
findling-rss 1791032914,1501409280,336482304,18101192,1863553024,1928892416
findling-rss 1791032916,1503055872,336482304,18102552,1865502720,1928892416
findling-rss 1791032918,1499148288,336482304,18121800,1860841472,1928892416
findling-rss 1791032920,1500454912,336482304,18120576,1862815744,1928892416
findling-rss 1791032922,1406537728,336130048,18001664,1768001536,1928892416
findling-rss 1791032924,1499201536,336515072,18124128,1860890624,1928892416
findling-rss 1791032926,1500774400,336515072,18123576,1862352896,1928892416
findling-rss 1791032928,1498492928,336515072,18142408,1860374528,1928892416
findling-rss 1791032930,1499111424,336515072,18136552,1860055040,1928892416
findling-rss 1791032932,1289297920,336158720,17821232,1649549312,1928892416
findling-rss 1791032934,1394606080,336539648,18194544,1757040640,1928892416
findling-rss 1791032936,1463808000,336539648,18200176,1825902592,1928892416
findling-rss 1791032938,1444229120,336535552,18217312,1804890112,1928892416
findling-rss 1791032940,1505341440,336535552,18259664,1867362304,1928892416
findling-rss 1791032942,1406140416,336187392,18093480,1767362560,1928892416
findling-rss 1791032944,1420451840,336568320,18211472,1785884672,1928892416
findling-rss 1791032946,1496940544,336568320,18217880,1858691072,1928892416
findling-rss 1791032948,1443127296,336572416,18232424,1804713984,1928892416
findling-rss 1791032950,1497137152,336572416,18235904,1859166208,1928892416
findling-rss 1791032952,1407651840,336216064,18116032,1768902656,1928892416
findling-rss 1791032954,1393446912,336568320,18225224,1751990272,1928892416
findling-rss 1791032956,1480994816,336568320,18232232,1843253248,1928892416
findling-rss 1791032958,1431040000,336601088,18249112,1792962560,1928892416
findling-rss 1791032960,1501655040,336601088,18251808,1863823360,1928892416
findling-rss 1791032962,1404760064,336244736,18139992,1765851136,1928892416
findling-rss 1791032964,1402744832,336617472,18130824,1764659200,1928892416
findling-rss 1791032966,1498882048,336617472,18247240,1860534272,1928892416
findling-rss 1791032968,1440382976,336625664,18266008,1802932224,1928892416
findling-rss 1791032970,1498734592,336625664,18267400,1861545984,1928892416
findling-rss 1791032972,1407037440,336273408,18144840,1768505344,1928892416
findling-rss 1791032974,1405616128,336662528,18259728,1766158336,1928892416
findling-rss 1791032976,1498533888,336662528,18264368,1860763648,1928892416
findling-rss 1791032978,1452478464,336670720,18283800,1808101376,1928892416
findling-rss 1791032980,1501073408,336670720,18284024,1863454720,1928892416
findling-rss 1791032982,1408299008,336314368,18163160,1769684992,1928892416
findling-rss 1791032984,1414463488,336523264,18372584,1775624192,1928892416
findling-rss 1791032986,1499488256,336523264,18166768,1860567040,1928892416
findling-rss 1791032988,1442562048,336519168,18189152,1804058624,1928892416
findling-rss 1791032990,1498935296,336519168,18185624,1860489216,1928892416
findling-rss 1791032992,1408303104,336171008,18066728,1769115648,1928892416
findling-rss 1791032994,1442160640,336547840,18179816,1803919360,1928892416
findling-rss 1791032996,1499164672,336547840,18181416,1860317184,1928892416
findling-rss 1791032998,1478594560,336547840,18198400,1840537600,1928892416
findling-rss 1791033000,1499254784,336547840,18200528,1861050368,1928892416
findling-rss 1791033002,1408311296,336199680,18081488,1768910848,1928892416
findling-rss 1791033004,1444372480,338690048,18254664,1807458304,1928892416
findling-rss 1791033006,1498836992,338690048,18255848,1862696960,1928892416
findling-rss 1791033008,1488388096,338690048,18259232,1853112320,1928892416
findling-rss 1791033010,1508933632,338690048,18256544,1872707584,1928892416
findling-rss 1791033012,1488744448,338690048,18252664,1852551168,1928892416
findling-rss 1791033014,1514070016,338690048,18257040,1878560768,1928892416
findling-rss 1791033016,1507868672,338690048,18256208,1871896576,1928892416
findling-rss 1791033018,1508261888,338690048,18256496,1873166336,1928892416
findling-rss 1791033020,1508466688,338690048,18252288,1871962112,1928892416
findling-rss 1791033022,1508982784,338690048,18253648,1872318464,1928892416
findling-rss 1791033024,1511231488,338690048,18255200,1875238912,1928892416
findling-rss 1791033026,1511231488,338690048,18256584,1875017728,1928892416
findling-rss 1791033028,1511108608,338690048,18257184,1874739200,1928892416
findling-rss 1791033030,1369468928,336592896,18111464,1726480384,1928892416
findling-rss 1791033032,1499119616,336592896,18216352,1861398528,1928892416
findling-rss 1791033034,1407905792,336228352,18098536,1768943616,1928892416
findling-rss 1791033036,1350713344,336269312,18093800,1711849472,1928892416
findling-rss 1791033038,1498451968,338014208,18254200,1861853184,1928892416
findling-rss 1791033040,1499602944,338014208,18255744,1862881280,1928892416
findling-rss 1791033042,1509396480,338014208,18257336,1873244160,1928892416
findling-rss 1791033044,1417363456,338014208,18258832,1779392512,1928892416
findling-rss 1791033046,1510080512,338014208,18258464,1874026496,1928892416
findling-rss 1791033048,1454661632,338014208,18256176,1818468352,1928892416
findling-rss 1791033050,1509740544,338014208,18254288,1872986112,1928892416
findling-rss 1791033052,1490530304,338014208,18256128,1854271488,1928892416
findling-rss 1791033054,1510391808,338014208,18298864,1874079744,1928892416
findling-rss 1791033056,1478619136,336617472,18237576,1840754688,1928892416
findling-rss 1791033058,1504964608,336617472,18239304,1867243520,1928892416
findling-rss 1791033060,1408339968,336269312,18116232,1769705472,1928892416
findling-rss 1791033062,1442701312,336658432,18233664,1804873728,1928892416
findling-rss 1791033064,1502195712,336658432,18237864,1864364032,1928892416
findling-rss 1791033066,1461219328,336658432,18249656,1814114304,1928892416
findling-rss 1791033068,1501282304,336658432,18249600,1863544832,1928892416
findling-rss 1791033070,1406459904,336306176,18129296,1768304640,1928892416
findling-rss 1791033072,1413238784,336687104,18250096,1775099904,1928892416
findling-rss 1791033074,1498624000,336687104,18252656,1861476352,1928892416
findling-rss 1791033076,1442512896,336687104,18266416,1804808192,1928892416
findling-rss 1791033078,1504169984,336687104,18265672,1866641408,1928892416
findling-rss 1791033080,1407303680,336334848,18150048,1768808448,1928892416
findling-rss 1791033082,1412214784,336711680,18260104,1773826048,1928892416
findling-rss 1791033084,1498583040,336711680,18262296,1860694016,1928892416
findling-rss 1791033086,1449709568,336723968,18277864,1807433728,1928892416
findling-rss 1791033088,1499136000,336723968,18282880,1861046272,1928892416
findling-rss 1791033090,1351475200,336363520,18162688,1711869952,1928892416
findling-rss 1791033092,1442201600,336908288,18174800,1804460032,1928892416
findling-rss 1791033094,1498578944,336908288,18175608,1861013504,1928892416
findling-rss 1791033096,1488375808,336908288,18176360,1850900480,1928892416
findling-rss 1791033098,1513398272,336908288,18175296,1875677184,1928892416
findling-rss 1791033100,1478668288,336572416,18217696,1840189440,1928892416
findling-rss 1791033102,1499484160,336572416,18184264,1861275648,1928892416
findling-rss 1791033104,1407516672,336211968,18066632,1768857600,1928892416
findling-rss 1791033106,1469943808,336596992,18178848,1830993920,1928892416
findling-rss 1791033108,1499082752,336596992,18182016,1860710400,1928892416
findling-rss 1791033110,1478635520,336592896,18199352,1840787456,1928892416
findling-rss 1791033112,1498439680,336592896,18201824,1860534272,1928892416
findling-rss 1791033114,1407934464,336244736,18077800,1768894464,1928892416
findling-rss 1791033116,1456742400,336621568,18195096,1814941696,1928892416
findling-rss 1791033118,1498324992,336621568,18199328,1861230592,1928892416
findling-rss 1791033120,1478631424,336621568,18217600,1840803840,1928892416
findling-rss 1791033122,1499148288,336621568,18220552,1861091328,1928892416
findling-rss 1791033124,1400037376,336273408,18100968,1760841728,1928892416
findling-rss 1791033126,1478619136,336650240,18213056,1840402432,1928892416
findling-rss 1791033128,1498107904,336650240,18215632,1860440064,1928892416
findling-rss 1791033130,1494814720,336658432,18235272,1856581632,1928892416
findling-rss 1791033132,1499226112,336658432,18232248,1861492736,1928892416
findling-rss 1791033134,1406689280,336302080,18113168,1767821312,1928892416
findling-rss 1791033136,1478647808,336687104,18235152,1841119232,1928892416
findling-rss 1791033138,1498357760,336687104,18236920,1860706304,1928892416
findling-rss 1791033140,1496150016,336683008,18253152,1857286144,1928892416
findling-rss 1791033142,1499410432,336683008,18255600,1861341184,1928892416
findling-rss 1791033144,1405870080,336330752,18132952,1767399424,1928892416
findling-rss 1791033146,1485447168,336715776,18249072,1845174272,1928892416
findling-rss 1791033148,1498705920,336715776,18247752,1860354048,1928892416
findling-rss 1791033150,1498353664,336715776,18268640,1860943872,1928892416
findling-rss 1791033152,1499123712,336715776,18269640,1861033984,1928892416
findling-rss 1791033154,1407119360,336359424,18150328,1768112128,1928892416
findling-rss 1791033156,1498103808,336740352,18268104,1860120576,1928892416
findling-rss 1791033158,1499197440,336740352,18268408,1861640192,1928892416
findling-rss 1791033160,1480466432,336715776,18284792,1842176000,1928892416
findling-rss 1791033162,1483702272,336715776,18284752,1845895168,1928892416
findling-rss 1791033164,1442988032,336805888,18175048,1805070336,1928892416
findling-rss 1791033167,1498034176,337018880,18178768,1859850240,1928892416
findling-rss 1791033169,1503834112,337018880,18180672,1865801728,1928892416
findling-rss 1791033171,1498726400,337014784,18191928,1860382720,1928892416
findling-rss 1791033173,1501458432,337014784,18194360,1864003584,1928892416
findling-rss 1791033175,1371582464,336662528,18074968,1722904576,1928892416
findling-rss 1791033177,1487908864,337043456,18196264,1849069568,1928892416
findling-rss 1791033179,1502289920,337043456,18199648,1864826880,1928892416
findling-rss 1791033181,1493647360,337051648,18215808,1854668800,1928892416
findling-rss 1791033183,1499029504,337051648,18217640,1861406720,1928892416
findling-rss 1791033185,1407762432,336691200,18102000,1769340928,1928892416
findling-rss 1791033187,1478676480,337072128,18209344,1840439296,1928892416
findling-rss 1791033189,1499328512,337072128,18210704,1861955584,1928892416
findling-rss 1791033191,1478676480,337072128,18229464,1841033216,1928892416
findling-rss 1791033193,1498529792,337072128,18229160,1861120000,1928892416
findling-rss 1791033195,1408397312,336719872,18115032,1770369024,1928892416
findling-rss 1791033197,1478684672,337096704,18227512,1840422912,1928892416
findling-rss 1791033199,1499987968,337096704,18230224,1862447104,1928892416
findling-rss 1791033201,1489170432,337104896,18245352,1850941440,1928892416
findling-rss 1791033203,1499455488,337104896,18258672,1862434816,1928892416
findling-rss 1791033205,1407574016,336748544,18125912,1768927232,1928892416
findling-rss 1791033207,1478705152,337133568,18241304,1840496640,1928892416
findling-rss 1791033209,1498804224,337133568,18242528,1861480448,1928892416
findling-rss 1791033211,1478701056,337121280,18262944,1841696768,1928892416
findling-rss 1791033213,1499299840,337121280,18261824,1862488064,1928892416
findling-rss 1791033215,1408516096,336777216,18146176,1769861120,1928892416
findling-rss 1791033217,1478717440,337158144,18260584,1840427008,1928892416
findling-rss 1791033219,1499123712,337158144,18263024,1863286784,1928892416
findling-rss 1791033221,1478705152,337154048,18280408,1841840128,1928892416
findling-rss 1791033223,1499017216,337154048,18286760,1861382144,1928892416
findling-rss 1791033225,1408434176,336805888,18172224,1770618880,1928892416
findling-rss 1791033227,1478737920,337195008,18283136,1841143808,1928892416
findling-rss 1791033229,1499377664,337195008,18282688,1861910528,1928892416
findling-rss 1791033231,1478729728,337190912,18302080,1840996352,1928892416
findling-rss 1791033233,1499074560,337190912,18303832,1862000640,1928892416
findling-rss 1791033235,1350819840,336834560,18181528,1712250880,1928892416
findling-rss 1791033237,1461067776,337027072,18182808,1823600640,1928892416
findling-rss 1791033239,1481916416,337027072,18180696,1844174848,1928892416
findling-rss 1791033241,1478721536,337043456,18199416,1840279552,1928892416
findling-rss 1791033243,1505525760,337043456,18201112,1867751424,1928892416
findling-rss 1791033245,1408229376,336695296,18083040,1770078208,1928892416
findling-rss 1791033247,1478729728,337080320,18194976,1841213440,1928892416
findling-rss 1791033249,1498484736,337080320,18198112,1860628480,1928892416
findling-rss 1791033251,1478729728,337076224,18217496,1841319936,1928892416
findling-rss 1791033253,1498681344,337076224,18217480,1860915200,1928892416
findling-rss 1791033255,1406771200,336723968,18098464,1768374272,1928892416
findling-rss 1791033257,1478717440,337100800,18214048,1840844800,1928892416
findling-rss 1791033259,1498447872,337100800,18214456,1860956160,1928892416
findling-rss 1791033261,1494933504,337113088,18232792,1856487424,1928892416
findling-rss 1791033263,1499328512,337113088,18235272,1861656576,1928892416
findling-rss 1791033265,1389387776,336752640,18115512,1739685888,1928892416
findling-rss 1791033267,1494544384,337133568,18231800,1856892928,1928892416
findling-rss 1791033269,1499590656,337133568,18233864,1862389760,1928892416
findling-rss 1791033271,1498435584,337137664,18251456,1860628480,1928892416
findling-rss 1791033273,1499095040,337137664,18253424,1861488640,1928892416
findling-rss 1791033275,1407827968,336781312,18132808,1769897984,1928892416
findling-rss 1791033277,1495838720,337162240,18242312,1857949696,1928892416
findling-rss 1791033279,1498689536,337162240,18255184,1861066752,1928892416
findling-rss 1791033281,1497571328,337162240,18263744,1859846144,1928892416
findling-rss 1791033283,1503956992,337162240,18273176,1866891264,1928892416
findling-rss 1791033285,1350844416,336809984,18142328,1712422912,1928892416
findling-rss 1791033287,1483399168,337195008,18259960,1844572160,1928892416
findling-rss 1791033289,1498824704,337195008,18262072,1861328896,1928892416
findling-rss 1791033291,1497587712,337190912,18277104,1860177920,1928892416
findling-rss 1791033293,1499119616,337190912,18278224,1861849088,1928892416
findling-rss 1791033295,1406791680,336838656,18161440,1768861696,1928892416
findling-rss 1791033297,1479450624,346681344,18540016,1850343424,1928892416
findling-rss 1791033299,1499230208,346681344,18538776,1871892480,1928892416
findling-rss 1791033301,1508388864,346681344,18536032,1880489984,1928892416
findling-rss 1791033303,1508483072,346681344,18536816,1880932352,1928892416
findling-rss 1791033305,1508352000,346681344,18538936,1881362432,1928892416
findling-rss 1791033307,1513672704,346681344,18539376,1886400512,1928892416
findling-rss 1791033309,1508589568,346681344,18540080,1880801280,1928892416
findling-rss 1791033311,1509376000,346681344,18538496,1882087424,1928892416
findling-rss 1791033313,1509511168,346681344,18539008,1882206208,1928892416
findling-rss 1791033315,1493872640,346681344,18540232,1883942912,1928892416
findling-rss 1791033317,1511411712,346681344,18542232,1883947008,1928892416
findling-rss 1791033319,1427017728,346681344,18536704,1799577600,1928892416
findling-rss 1791033321,1511104512,346681344,18533320,1883500544,1928892416
findling-rss 1791033323,1482674176,346681344,18532560,1855303680,1928892416
findling-rss 1791033325,1511763968,346681344,18534200,1884291072,1928892416
findling-rss 1791033327,1491357696,346681344,18533416,1863720960,1928892416
findling-rss 1791033329,1516191744,346681344,18548520,1888792576,1928892416
findling-rss 1791033331,1508827136,346681344,18532744,1881292800,1928892416
findling-rss 1791033333,1511837696,346681344,18535480,1884725248,1928892416
findling-rss 1791033335,1512501248,346681344,18536680,1885302784,1928892416
findling-rss 1791033337,1513078784,346681344,18536440,1885720576,1928892416
findling-rss 1791033339,1514590208,346681344,18537784,1886990336,1928892416
findling-rss 1791033341,1515126784,346681344,18537232,1887453184,1928892416
findling-rss 1791033343,1513627648,346681344,18536160,1886318592,1928892416
findling-rss 1791033345,1514205184,346681344,18537760,1886707712,1928892416
findling-rss 1791033347,1514115072,346681344,18538880,1886441472,1928892416
findling-rss 1791033349,1418031104,346681344,18432472,1789591552,1928892416
findling-rss 1791033351,1460920320,346681344,18534704,1832951808,1928892416
findling-rss 1791033353,1404280832,346681344,18538632,1776316416,1928892416
findling-rss 1791033355,1460240384,346681344,18538200,1832939520,1928892416
findling-rss 1791033357,1485103104,346681344,18539552,1857880064,1928892416
findling-rss 1791033359,1505488896,346681344,18533128,1878507520,1928892416
findling-rss 1791033361,1509490688,346681344,18534648,1880834048,1928892416
findling-rss 1791033363,1519030272,346681344,18535568,1891602432,1928892416
findling-rss 1791033365,1515720704,346681344,18536544,1888030720,1928892416
findling-rss 1791033367,1520578560,346681344,18536640,1892421632,1928892416
findling-rss 1791033369,1516175360,346681344,18532728,1888452608,1928892416
findling-rss 1791033371,1516175360,346681344,18531688,1888960512,1928892416
findling-rss 1791033373,1515782144,346681344,18533728,1888854016,1928892416
findling-rss 1791033375,1516109824,346681344,18533688,1888722944,1928892416
findling-rss 1791033377,1521360896,346681344,18534976,1893539840,1928892416
findling-rss 1791033379,1420439552,346681344,18437952,1792831488,1928892416
findling-rss 1791033381,1516056576,346681344,18538768,1888825344,1928892416
findling-rss 1791033383,1450205184,346681344,18535512,1822810112,1928892416
findling-rss 1791033385,1515995136,346681344,18539064,1888710656,1928892416
findling-rss 1791033387,1498365952,346681344,18539904,1870790656,1928892416
findling-rss 1791033389,1518510080,346681344,18538808,1891332096,1928892416
findling-rss 1791033391,1502154752,346681344,18539744,1872936960,1928892416
findling-rss 1791033393,1517522944,346681344,18539704,1889804288,1928892416
findling-rss 1791033395,1517690880,346681344,18540320,1889837056,1928892416
findling-rss 1791033397,1524555776,346681344,18552952,1896968192,1928892416
findling-rss 1791033399,1517826048,346681344,18540520,1889738752,1928892416
findling-rss 1791033401,1517826048,346681344,18538168,1889902592,1928892416
findling-rss 1791033403,1482141696,337231872,18299640,1844416512,1928892416
findling-rss 1791033405,1487126528,337231872,18301000,1849360384,1928892416
findling-rss 1791033407,1442996224,336896000,18183600,1805496320,1928892416
findling-rss 1791033409,1499561984,337129472,18180712,1863000064,1928892416
findling-rss 1791033411,1499561984,337129472,18177608,1862197248,1928892416
findling-rss 1791033413,1499000832,337133568,18197320,1862402048,1928892416
findling-rss 1791033415,1499578368,337133568,18197960,1861955584,1928892416
findling-rss 1791033417,1408819200,336777216,18081832,1770299392,1928892416
findling-rss 1791033419,1499176960,337162240,18199048,1860960256,1928892416
findling-rss 1791033421,1499176960,337162240,18197064,1861287936,1928892416
findling-rss 1791033423,1498304512,337158144,18216080,1861644288,1928892416
findling-rss 1791033425,1501384704,337158144,18217056,1864499200,1928892416
findling-rss 1791033427,1408827392,336805888,18100472,1767010304,1928892416
findling-rss 1791033429,1498857472,337207296,18212112,1861390336,1928892416
findling-rss 1791033431,1499676672,337207296,18212992,1862979584,1928892416
findling-rss 1791033433,1499643904,337207296,18231520,1862524928,1928892416
findling-rss 1791033435,1499643904,337207296,18233120,1862443008,1928892416
findling-rss 1791033437,1408827392,336850944,18119536,1770393600,1928892416
findling-rss 1791033439,1499193344,337240064,18230680,1861013504,1928892416
findling-rss 1791033442,1503891456,337240064,18231016,1866293248,1928892416
findling-rss 1791033444,1498198016,337227776,18258392,1860734976,1928892416
findling-rss 1791033446,1500360704,337227776,18248040,1862688768,1928892416
findling-rss 1791033448,1408200704,336879616,18129696,1769943040,1928892416
findling-rss 1791033450,1498898432,337260544,18244016,1860997120,1928892416
findling-rss 1791033452,1499795456,337260544,18245616,1862053888,1928892416
findling-rss 1791033454,1498529792,337260544,18262136,1861726208,1928892416
findling-rss 1791033456,1505443840,337260544,18263976,1868705792,1928892416
findling-rss 1791033458,1406758912,336908288,18148896,1768820736,1928892416
findling-rss 1791033460,1494753280,337289216,18267200,1856835584,1928892416
findling-rss 1791033462,1499762688,337289216,18267888,1862615040,1928892416
findling-rss 1791033464,1498001408,337281024,18287712,1860337664,1928892416
findling-rss 1791033466,1499172864,337281024,18288416,1862045696,1928892416
findling-rss 1791033468,1408438272,336936960,18168920,1770438656,1928892416
findling-rss 1791033470,1497972736,337317888,18280344,1860464640,1928892416
findling-rss 1791033472,1499127808,337317888,18282400,1862365184,1928892416
findling-rss 1791033474,1498292224,337321984,18297176,1860362240,1928892416
findling-rss 1791033476,1499422720,337321984,18301160,1862152192,1928892416
findling-rss 1791033478,1408860160,336965632,18181616,1770725376,1928892416
findling-rss 1791033480,1480994816,337154048,18181072,1843179520,1928892416
findling-rss 1791033482,1481207808,337154048,18181032,1842962432,1928892416
findling-rss 1791033484,1498423296,337186816,18198064,1860485120,1928892416
findling-rss 1791033486,1499127808,337186816,18196752,1861914624,1928892416
findling-rss 1791033488,1408864256,336826368,18080192,1770229760,1928892416
findling-rss 1791033490,1498451968,337207296,18198560,1861206016,1928892416
findling-rss 1791033492,1499262976,337207296,18197536,1861390336,1928892416
findling-rss 1791033494,1498869760,337211392,18217464,1861447680,1928892416
findling-rss 1791033496,1499697152,337211392,18217704,1861685248,1928892416
findling-rss 1791033498,1408872448,336855040,18102360,1770835968,1928892416
findling-rss 1791033500,1498820608,337231872,18216720,1860349952,1928892416
findling-rss 1791033502,1499951104,337231872,18217944,1862275072,1928892416
findling-rss 1791033504,1498918912,337240064,18233280,1861189632,1928892416
findling-rss 1791033506,1498943488,337240064,18234400,1861169152,1928892416
findling-rss 1791033508,1351258112,336883712,18117936,1746718720,1928892416
findling-rss 1791033510,1498464256,337264640,18232952,1861464064,1928892416
findling-rss 1791033512,1499373568,337264640,18233216,1862078464,1928892416
findling-rss 1791033514,1498230784,337264640,18252688,1860440064,1928892416
findling-rss 1791033516,1498718208,337264640,18253552,1861468160,1928892416
findling-rss 1791033518,1408884736,336912384,18136912,1770721280,1928892416
findling-rss 1791033520,1498918912,337297408,18253128,1860677632,1928892416
findling-rss 1791033522,1499713536,337297408,18257448,1861533696,1928892416
findling-rss 1791033524,1499566080,337289216,18276008,1862406144,1928892416
findling-rss 1791033526,1500831744,337289216,18271688,1863299072,1928892416
findling-rss 1791033528,1408884736,336941056,18153088,1771114496,1928892416
findling-rss 1791033530,1498529792,337321984,18266208,1861058560,1928892416
findling-rss 1791033532,1499643904,337321984,18265784,1862799360,1928892416
findling-rss 1791033534,1499648000,337321984,18287176,1861951488,1928892416
findling-rss 1791033536,1500409856,337321984,18286920,1863434240,1928892416
findling-rss 1791033538,1407844352,336969728,18172032,1769897984,1928892416
findling-rss 1791033540,1498611712,337350656,18289776,1861832704,1928892416
findling-rss 1791033542,1502670848,337350656,18286304,1865777152,1928892416
findling-rss 1791033544,1499754496,337358848,18304976,1862344704,1928892416
findling-rss 1791033546,1499754496,337358848,18305512,1862553600,1928892416
findling-rss 1791033548,1351282688,336998400,18189728,1714257920,1928892416
findling-rss 1791033550,1483763712,338378752,18219976,1847320576,1928892416
findling-rss 1791033552,1486475264,338378752,18221224,1850081280,1928892416
findling-rss 1791033554,1497522176,337211392,18203888,1859850240,1928892416
findling-rss 1791033556,1500246016,337211392,18205456,1862283264,1928892416
findling-rss 1791033558,1408901120,336863232,18091792,1770196992,1928892416
findling-rss 1791033560,1481232384,337240064,18200192,1841553408,1928892416
findling-rss 1791033562,1503760384,337240064,18201272,1866592256,1928892416
findling-rss 1791033564,1496297472,337240064,18217584,1858711552,1928892416
findling-rss 1791033566,1505665024,337240064,18217456,1868759040,1928892416
findling-rss 1791033568,1408483328,336891904,18102936,1770176512,1928892416
findling-rss 1791033570,1479196672,337276928,18215832,1842012160,1928892416
findling-rss 1791033572,1499480064,337276928,18219560,1862029312,1928892416
findling-rss 1791033574,1487667200,337272832,18238744,1849401344,1928892416
findling-rss 1791033576,1499471872,337272832,18237936,1862090752,1928892416
findling-rss 1791033578,1407238144,336920576,18119264,1768947712,1928892416
findling-rss 1791033580,1479200768,337301504,18238176,1842532352,1928892416
findling-rss 1791033582,1500065792,337301504,18235928,1863770112,1928892416
findling-rss 1791033584,1497870336,337309696,18252064,1860919296,1928892416
findling-rss 1791033586,1499078656,337309696,18253144,1861943296,1928892416
findling-rss 1791033588,1407242240,336949248,18135424,1768976384,1928892416
findling-rss 1791033590,1498484736,337330176,18249312,1860595712,1928892416
findling-rss 1791033592,1499332608,337330176,18250856,1862332416,1928892416
findling-rss 1791033594,1499512832,337334272,18271200,1862160384,1928892416
findling-rss 1791033596,1501954048,337334272,18268952,1865064448,1928892416
findling-rss 1791033598,1498386432,337358848,18266680,1861840896,1928892416
findling-rss 1791033600,1499324416,337358848,18266856,1862316032,1928892416
findling-rss 1791033602,1499045888,337358848,18284104,1861832704,1928892416
findling-rss 1791033604,1499840512,337358848,18284720,1862787072,1928892416
findling-rss 1791033606,1479196672,337379328,18278168,1842380800,1928892416
findling-rss 1791033608,1498943488,337379328,18282600,1861767168,1928892416
findling-rss 1791033610,1498972160,337391616,18303296,1861668864,1928892416
findling-rss 1791033612,1501368320,337391616,18303976,1864515584,1928892416
findling-rss 1791033614,1479229440,341082112,18289320,1845895168,1928892416
findling-rss 1791033616,1499529216,341082112,18288304,1866006528,1928892416
findling-rss 1791033618,1489002496,341082112,18289784,1855574016,1928892416
findling-rss 1791033620,1509371904,341082112,18290224,1875472384,1928892416
findling-rss 1791033622,1508474880,341082112,18289840,1875202048,1928892416
findling-rss 1791033624,1513697280,341082112,18291200,1880375296,1928892416
findling-rss 1791033626,1511079936,341082112,18287960,1877172224,1928892416
findling-rss 1791033628,1514622976,341082112,18288152,1881296896,1928892416
findling-rss 1791033630,1510780928,341082112,18288048,1877430272,1928892416
findling-rss 1791033632,1511137280,341082112,18288552,1877577728,1928892416
findling-rss 1791033634,1511313408,341082112,18289144,1878003712,1928892416
findling-rss 1791033636,1511325696,341082112,18292616,1878343680,1928892416
findling-rss 1791033638,1457864704,341082112,18292728,1824382976,1928892416
findling-rss 1791033640,1414537216,341082112,18187632,1780207616,1928892416
findling-rss 1791033642,1458089984,341082112,18290456,1824849920,1928892416
findling-rss 1791033644,1439563776,341082112,18291376,1802534912,1928892416
findling-rss 1791033646,1503428608,341082112,18292160,1870274560,1928892416
findling-rss 1791033648,1492512768,341082112,18303600,1859420160,1928892416
findling-rss 1791033650,1516433408,341082112,18291864,1882234880,1928892416
findling-rss 1791033652,1493573632,341082112,18287464,1860378624,1928892416
findling-rss 1791033654,1513467904,341082112,18288064,1880199168,1928892416
findling-rss 1791033656,1512943616,341082112,18289424,1878933504,1928892416
findling-rss 1791033658,1517850624,341082112,18291296,1883979776,1928892416
findling-rss 1791033660,1499160576,337264640,18203096,1861144576,1928892416
findling-rss 1791033662,1503678464,337264640,18200784,1866199040,1928892416
findling-rss 1791033664,1425457152,338485248,18231776,1789190144,1928892416
findling-rss 1791033666,1482285056,338485248,18235032,1846415360,1928892416
findling-rss 1791033668,1422774272,337309696,18221208,1788637184,1928892416
findling-rss 1791033670,1498664960,337309696,18232496,1861332992,1928892416
findling-rss 1791033672,1407479808,336957440,18102032,1769754624,1928892416
findling-rss 1791033674,1498845184,337334272,18221768,1861697536,1928892416
findling-rss 1791033676,1499246592,337334272,18222208,1862103040,1928892416
findling-rss 1791033678,1503158272,337334272,18239936,1865142272,1928892416
findling-rss 1791033680,1383448576,336986112,18123920,1735593984,1928892416
findling-rss 1791033682,1498304512,337367040,18237248,1861103616,1928892416
findling-rss 1791033684,1499029504,337367040,18236536,1861996544,1928892416
findling-rss 1791033686,1499242496,337362944,18253568,1861824512,1928892416
findling-rss 1791033688,1499242496,337362944,18253848,1861480448,1928892416
findling-rss 1791033690,1496702976,337395712,18254352,1859534848,1928892416
findling-rss 1791033692,1499586560,337395712,18266544,1862356992,1928892416
findling-rss 1791033694,1499201536,337395712,18272352,1862459392,1928892416
findling-rss 1791033696,1499238400,337395712,18274448,1862164480,1928892416
findling-rss 1791033698,1470529536,337424384,18266232,1832841216,1928892416
findling-rss 1791033700,1499115520,337424384,18269424,1861914624,1928892416
findling-rss 1791033702,1479225344,337428480,18284176,1841762304,1928892416
findling-rss 1791033704,1498718208,337428480,18287696,1861427200,1928892416
findling-rss 1791033706,1414586368,337448960,18283952,1777041408,1928892416
findling-rss 1791033708,1499037696,337448960,18286408,1861472256,1928892416
findling-rss 1791033710,1453117440,337444864,18305048,1815236608,1928892416
findling-rss 1791033712,1499365376,337444864,18303856,1861931008,1928892416
findling-rss 1791033714,1351331840,396132352,19944560,1774882816,1928892416
findling-rss 1791033716,1504591872,337321984,18185568,1866825728,1928892416
findling-rss 1791033719,1382502400,337321984,18095816,1743687680,1928892416
findling-rss 1791033721,1499836416,337321984,18208048,1863041024,1928892416
findling-rss 1791033723,1351335936,336965632,18092720,1714139136,1928892416
findling-rss 1791033725,1502711808,337342464,18203632,1865875456,1928892416
findling-rss 1791033727,1502711808,337342464,18204728,1865994240,1928892416
findling-rss 1791033729,1499131904,337342464,18223088,1862991872,1928892416
findling-rss 1791033731,1499193344,337342464,18222408,1862553600,1928892416
findling-rss 1791033733,1499082752,337375232,18218176,1861890048,1928892416
findling-rss 1791033735,1505767424,337375232,18220016,1868668928,1928892416
findling-rss 1791033737,1561350144,337158144,18260128,1924124672,1928892416
findling-rss 1791033739,1561899008,337158144,18260592,1924464640,1928892416
findling-rss 1791033741,1480183808,337403904,18262080,1842012160,1928892416
findling-rss 1791033743,1505374208,337403904,18265032,1868386304,1928892416
findling-rss 1791033745,1462517760,337412096,18281840,1825452032,1928892416
findling-rss 1791033747,1483333632,337412096,18283360,1846329344,1928892416
findling-rss 1791033749,1454080000,337428480,18278336,1817010176,1928892416
findling-rss 1791033751,1505665024,337428480,18282664,1868607488,1928892416
findling-rss 1791033753,1480187904,337432576,18299616,1843433472,1928892416
findling-rss 1791033755,1503141888,337432576,18301576,1866096640,1928892416
findling-rss 1791033757,1386897408,337465344,18185752,1749041152,1928892416
findling-rss 1791033759,1482412032,337465344,18297784,1845436416,1928892416
findling-rss 1791033761,1445085184,337461248,18318592,1807888384,1928892416
findling-rss 1791033763,1500053504,337461248,18316520,1863196672,1928892416
findling-rss 1791033765,1404370944,337494016,18209608,1767481344,1928892416
findling-rss 1791033767,1503371264,337494016,18315808,1867096064,1928892416
findling-rss 1791033769,1413869568,337485824,18336296,1777393664,1928892416
findling-rss 1791033771,1500209152,337485824,18333856,1862950912,1928892416
findling-rss 1791033773,1352302592,337174528,18249904,1714147328,1928892416
findling-rss 1791033775,1500168192,337350656,18215264,1863344128,1928892416
findling-rss 1791033777,1502728192,337350656,18218176,1865637888,1928892416
findling-rss 1791033779,1500225536,337350656,18237816,1862848512,1928892416
findling-rss 1791033781,1406795776,337002496,18122592,1758412800,1928892416
findling-rss 1791033783,1500684288,337391616,18232296,1863704576,1928892416
findling-rss 1791033785,1500758016,337391616,18231720,1863393280,1928892416
findling-rss 1791033787,1500418048,337387520,18251720,1863622656,1928892416
findling-rss 1791033789,1501384704,337387520,18252088,1863954432,1928892416
findling-rss 1791033791,1495855104,337412096,18250320,1858564096,1928892416
findling-rss 1791033793,1499820032,337412096,18242536,1863020544,1928892416
findling-rss 1791033795,1499516928,337403904,18260704,1862320128,1928892416
findling-rss 1791033797,1500094464,337403904,18262544,1863127040,1928892416
findling-rss 1791033799,1480208384,337440768,18263760,1842819072,1928892416
findling-rss 1791033801,1500377088,337440768,18260368,1863184384,1928892416
findling-rss 1791033803,1482240000,337436672,18279960,1844830208,1928892416
findling-rss 1791033805,1500966912,337436672,18281320,1864056832,1928892416
findling-rss 1791033807,1447256064,337465344,18325016,1809174528,1928892416
findling-rss 1791033809,1505157120,337465344,18298768,1867673600,1928892416
findling-rss 1791033811,1480830976,337465344,18300944,1844342784,1928892416
findling-rss 1791033813,1507172352,337465344,18302376,1870385152,1928892416
findling-rss 1791033815,1354612736,337494016,18184536,1715650560,1928892416
findling-rss 1791033817,1501241344,337494016,18299504,1864286208,1928892416
findling-rss 1791033819,1405018112,337498112,18211464,1767591936,1928892416
findling-rss 1791033821,1501413376,337498112,18316856,1865056256,1928892416
findling-rss 1791033823,1403817984,337145856,18206016,1765748736,1928892416
findling-rss 1791033825,1500758016,337522688,18316400,1864253440,1928892416
findling-rss 1791033827,1418805248,337522688,18315744,1838628864,1928892416
findling-rss 1791033829,1500598272,337522688,18335312,1863565312,1928892416
findling-rss 1791033831,1393324032,337174528,18221016,1754865664,1928892416
findling-rss 1791033833,1500684288,337379328,18215008,1862840320,1928892416
findling-rss 1791033835,1505251328,337379328,18216792,1868165120,1928892416
findling-rss 1791033837,1500532736,337375232,18234832,1863290880,1928892416
findling-rss 1791033839,1500532736,337375232,18237096,1863172096,1928892416
findling-rss 1791033841,1500184576,337399808,18237504,1862742016,1928892416
findling-rss 1791033843,1500893184,337399808,18237368,1863938048,1928892416
findling-rss 1791033845,1500426240,337408000,18255888,1863614464,1928892416
findling-rss 1791033847,1506861056,337408000,18249728,1869615104,1928892416
findling-rss 1791033849,1480863744,337432576,18248848,1843134464,1928892416
findling-rss 1791033851,1500622848,337432576,18250608,1863360512,1928892416
findling-rss 1791033853,1500524544,337440768,18269040,1861406720,1928892416
findling-rss 1791033855,1501286400,337440768,18269608,1864167424,1928892416
findling-rss 1791033857,1472167936,337465344,18265384,1834881024,1928892416
findling-rss 1791033859,1501429760,337465344,18269744,1864491008,1928892416
findling-rss 1791033861,1480847360,337465344,18285824,1843638272,1928892416
findling-rss 1791033863,1505857536,337465344,18283616,1868427264,1928892416
findling-rss 1791033865,1405038592,337489920,18171632,1766846464,1928892416
findling-rss 1791033867,1503780864,337489920,18285968,1866432512,1928892416
findling-rss 1791033869,1415487488,337494016,18302408,1778159616,1928892416
findling-rss 1791033871,1501540352,337494016,18300112,1864572928,1928892416
findling-rss 1791033873,1405837312,337141760,18182176,1768431616,1928892416
findling-rss 1791033875,1501368320,337518592,18302984,1864282112,1928892416
findling-rss 1791033877,1501368320,337518592,18303080,1863933952,1928892416
findling-rss 1791033879,1501188096,338923520,18359504,1865334784,1928892416
findling-rss 1791033881,1406177280,338923520,18260888,1768808448,1928892416
findling-rss 1791033883,1510670336,338923520,18357488,1874874368,1928892416
findling-rss 1791033885,1415905280,338923520,18258616,1780465664,1928892416
findling-rss 1791033887,1511837696,338923520,18358896,1876066304,1928892416
findling-rss 1791033889,1443848192,338923520,18360256,1807925248,1928892416
findling-rss 1791033891,1512300544,338923520,18350648,1876557824,1928892416
findling-rss 1791033893,1492811776,338923520,18352288,1857769472,1928892416
findling-rss 1791033895,1512919040,338923520,18353184,1878093824,1928892416
findling-rss 1791033897,1405046784,337559552,18212280,1767251968,1928892416
findling-rss 1791033899,1501503488,337559552,18320400,1863798784,1928892416
findling-rss 1791033901,1432961024,337563648,18340168,1795022848,1928892416
findling-rss 1791033903,1501093888,337563648,18335992,1864458240,1928892416
findling-rss 1791033905,1352982528,348233728,18556056,1726234624,1928892416
findling-rss 1791033907,1501093888,337424384,18220144,1863102464,1928892416
findling-rss 1791033909,1405050880,337420288,18137264,1767727104,1928892416
findling-rss 1791033911,1500499968,337420288,18234256,1863831552,1928892416
findling-rss 1791033913,1352982528,337072128,18117888,1715392512,1928892416
findling-rss 1791033915,1501130752,337457152,18233552,1864343552,1928892416
findling-rss 1791033917,1505349632,337457152,18235544,1868705792,1928892416
findling-rss 1791033919,1500323840,337457152,18252288,1863745536,1928892416
findling-rss 1791033921,1505124352,337457152,18262808,1867681792,1928892416
findling-rss 1791033923,1483280384,338649088,18279664,1847930880,1928892416
findling-rss 1791033925,1484390400,338649088,18282544,1848655872,1928892416
findling-rss 1791033927,1499877376,337477632,18268872,1862090752,1928892416
findling-rss 1791033929,1500712960,337477632,18266416,1863467008,1928892416
findling-rss 1791033931,1480908800,337514496,18263384,1843736576,1928892416
findling-rss 1791033933,1501401088,337514496,18266224,1865076736,1928892416
findling-rss 1791033935,1480908800,337510400,18284960,1844224000,1928892416
findling-rss 1791033937,1500614656,337510400,18286504,1864372224,1928892416
findling-rss 1791033939,1444962304,337539072,18282416,1808166912,1928892416
findling-rss 1791033941,1503694848,337539072,18286656,1866842112,1928892416
findling-rss 1791033943,1472196608,337534976,18305272,1834967040,1928892416
findling-rss 1791033945,1508290560,337534976,18335640,1871048704,1928892416
findling-rss 1791033947,1353003008,337215488,18176256,1715040256,1928892416
findling-rss 1791033949,1500549120,337567744,18304768,1863602176,1928892416
findling-rss 1791033951,1405071360,337567744,18209928,1767870464,1928892416
findling-rss 1791033953,1501401088,337567744,18312936,1864314880,1928892416
findling-rss 1791033955,1353011200,337215488,18202688,1715810304,1928892416
findling-rss 1791033957,1500344320,337604608,18314680,1863618560,1928892416
findling-rss 1791033959,1500344320,337604608,18316040,1863454720,1928892416
findling-rss 1791033961,1501061120,337604608,18335976,1863815168,1928892416
findling-rss 1791033963,1501061120,337604608,18339040,1863942144,1928892416
findling-rss 1791033965,1499766784,337448960,18220440,1862914048,1928892416
findling-rss 1791033967,1500651520,337448960,18222784,1863884800,1928892416
findling-rss 1791033969,1499279360,337448960,18236248,1862447104,1928892416
findling-rss 1791033971,1500504064,337448960,18236224,1863557120,1928892416
findling-rss 1791033973,1480933376,337481728,18235328,1843388416,1928892416
findling-rss 1791033975,1500975104,337481728,18238480,1864101888,1928892416
findling-rss 1791033977,1492537344,337489920,18254408,1854529536,1928892416
findling-rss 1791033979,1502121984,337489920,18253496,1865441280,1928892416
findling-rss 1791033981,1480945664,337514496,18249104,1843355648,1928892416
findling-rss 1791033983,1505497088,337514496,18249816,1868136448,1928892416
findling-rss 1791033985,1480941568,337510400,18270712,1843793920,1928892416
findling-rss 1791033987,1501802496,337510400,18272112,1864962048,1928892416
findling-rss 1791033989,1405100032,337530880,18170304,1767399424,1928892416
findling-rss 1791033991,1500803072,337530880,18313232,1863651328,1928892416
findling-rss 1791033993,1443078144,337547264,18284640,1805737984,1928892416
findling-rss 1791033995,1501409280,337547264,18287320,1864441856,1928892416
findling-rss 1791033997,1353031680,337215488,18164600,1715281920,1928892416
findling-rss 1791034000,1507680256,337567744,18287576,1870704640,1928892416
findling-rss 1791034002,1365463040,337567744,18193216,1769553920,1928892416
findling-rss 1791034004,1500508160,337563648,18302096,1864118272,1928892416
findling-rss 1791034006,1408565248,337215488,18188280,1771253760,1928892416
findling-rss 1791034008,1500667904,337596416,18303856,1863880704,1928892416
findling-rss 1791034010,1503461376,337596416,18303896,1866850304,1928892416
findling-rss 1791034012,1500889088,337596416,18318256,1863790592,1928892416
findling-rss 1791034014,1382887424,337244160,18216376,1734520832,1928892416
findling-rss 1791034016,1501212672,337633280,18314752,1864486912,1928892416
findling-rss 1791034018,1505390592,337633280,18316624,1868922880,1928892416
findling-rss 1791034020,1500246016,337625088,18337056,1863667712,1928892416
findling-rss 1791034022,1505361920,337625088,18338176,1868406784,1928892416
findling-rss 1791034024,1480925184,337485824,18216792,1843568640,1928892416
findling-rss 1791034026,1499897856,337485824,18218168,1862127616,1928892416
findling-rss 1791034028,1500053504,337489920,18237320,1862709248,1928892416
findling-rss 1791034030,1500549120,337489920,18237424,1862979584,1928892416
findling-rss 1791034032,1480945664,337518592,18234488,1843277824,1928892416
findling-rss 1791034034,1501261824,337518592,18236088,1864114176,1928892416
findling-rss 1791034036,1484623872,339259392,18301496,1848651776,1928892416
findling-rss 1791034038,1500667904,339259392,18322696,1867030528,1928892416
findling-rss 1791034040,1510744064,339259392,18301120,1875861504,1928892416
findling-rss 1791034042,1511489536,339259392,18302480,1876058112,1928892416
findling-rss 1791034044,1511559168,339259392,18304768,1876905984,1928892416
findling-rss 1791034046,1513717760,339259392,18306632,1878949888,1928892416
findling-rss 1791034048,1511919616,339259392,18301688,1876783104,1928892416
findling-rss 1791034050,1517731840,339259392,18301928,1882402816,1928892416
findling-rss 1791034052,1511919616,339259392,18302616,1876553728,1928892416
findling-rss 1791034054,1511919616,339259392,18299560,1876783104,1928892416
findling-rss 1791034056,1512841216,339259392,18301304,1877311488,1928892416
findling-rss 1791034058,1411723264,337170432,18139088,1773277184,1928892416
findling-rss 1791034060,1500487680,337567744,18255840,1863290880,1928892416
findling-rss 1791034062,1501077504,337567744,18254856,1863643136,1928892416
findling-rss 1791034064,1501032448,337567744,18273592,1864216576,1928892416
findling-rss 1791034066,1501421568,337567744,18272776,1864642560,1928892416
findling-rss 1791034068,1500188672,337596416,18270896,1863528448,1928892416
findling-rss 1791034070,1501163520,337596416,18271920,1864527872,1928892416
findling-rss 1791034072,1500000256,337592320,18284872,1862828032,1928892416
findling-rss 1791034074,1503240192,337592320,18286232,1866194944,1928892416
findling-rss 1791034076,1344524288,337616896,18196656,1707335680,1928892416
findling-rss 1791034078,1466015744,337616896,18344288,1828651008,1928892416
findling-rss 1791034080,1403764736,337616896,18256728,1765740544,1928892416
findling-rss 1791034082,1499078656,337616896,18364256,1862025216,1928892416
findling-rss 1791034084,1364197376,337268736,18245200,1719795712,1928892416
findling-rss 1791034086,1499594752,337661952,18365584,1862836224,1928892416
findling-rss 1791034088,1500393472,337661952,18366944,1863258112,1928892416
findling-rss 1791034090,1499402240,337653760,18385848,1863548928,1928892416
findling-rss 1791034092,1504714752,337653760,18383016,1868316672,1928892416
findling-rss 1791034094,1498714112,337682432,18379208,1861255168,1928892416
findling-rss 1791034096,1499676672,337682432,18380280,1863483392,1928892416
findling-rss 1791034098,1499037696,337678336,18399440,1862836224,1928892416
findling-rss 1791034100,1504497664,337678336,18397944,1867735040,1928892416
findling-rss 1791034102,1479614464,337526784,18277280,1842044928,1928892416
findling-rss 1791034104,1499860992,337526784,18279600,1862705152,1928892416
findling-rss 1791034106,1479622656,337534976,18308656,1842106368,1928892416
findling-rss 1791034108,1500884992,337534976,18297824,1864003584,1928892416
findling-rss 1791034110,1443442688,337555456,18293512,1806405632,1928892416
findling-rss 1791034112,1499770880,337555456,18298120,1861996544,1928892416
findling-rss 1791034114,1444085760,337555456,18314968,1806995456,1928892416
findling-rss 1791034116,1499320320,337555456,18318168,1862438912,1928892416
findling-rss 1791034118,1351720960,337235968,18197848,1714290688,1928892416
findling-rss 1791034120,1505341440,337588224,18317360,1868185600,1928892416
findling-rss 1791034122,1506500608,337588224,18317848,1869205504,1928892416
findling-rss 1791034124,1499262976,337588224,18331504,1861902336,1928892416
findling-rss 1791034126,1351720960,337235968,18212568,1713979392,1928892416
findling-rss 1791034128,1498927104,337620992,18333912,1862598656,1928892416
findling-rss 1791034130,1499877376,337620992,18331256,1863454720,1928892416
findling-rss 1791034132,1498529792,337612800,18348880,1861718016,1928892416
findling-rss 1791034134,1502445568,337612800,18350424,1865621504,1928892416
findling-rss 1791034136,1498677248,337645568,18349832,1861165056,1928892416
findling-rss 1791034138,1499197440,337645568,18355288,1862242304,1928892416
findling-rss 1791034140,1500168192,337653760,18375568,1863278592,1928892416
findling-rss 1791034142,1501020160,337653760,18368248,1864298496,1928892416
findling-rss 1791034144,1479634944,337670144,18364376,1841913856,1928892416
findling-rss 1791034146,1504550912,337670144,18365960,1867792384,1928892416
findling-rss 1791034148,1494491136,337678336,18384640,1856397312,1928892416
findling-rss 1791034150,1499828224,337678336,18386448,1863180288,1928892416
findling-rss 1791034152,1443999744,337702912,18399176,1807048704,1928892416
findling-rss 1791034154,1499979776,337702912,18385176,1863995392,1928892416
findling-rss 1791034156,1479659520,337707008,18397416,1843003392,1928892416
findling-rss 1791034158,1505087488,337707008,18401800,1868779520,1928892416
findling-rss 1791034160,1407549440,396976128,20122480,1830285312,1928892416
findling-rss 1791034162,1499463680,337571840,18284080,1862590464,1928892416
findling-rss 1791034164,1477279744,337354752,18319512,1839263744,1928892416
findling-rss 1791034166,1562595328,337354752,18322120,1925427200,1928892416
findling-rss 1791034168,1397399552,337596416,18214808,1759875072,1928892416
findling-rss 1791034170,1506377728,337596416,18329056,1869533184,1928892416
findling-rss 1791034172,1404923904,337600512,18239344,1767858176,1928892416
findling-rss 1791034174,1500082176,337600512,18347688,1863204864,1928892416
findling-rss 1791034176,1398697984,337248256,18231632,1760874496,1928892416
findling-rss 1791034178,1500262400,337629184,18344344,1863315456,1928892416
findling-rss 1791034180,1506131968,337629184,18345704,1869864960,1928892416
findling-rss 1791034182,1500393472,337629184,18362000,1863127040,1928892416
findling-rss 1791034184,1408589824,337276928,18249752,1770377216,1928892416
findling-rss 1791034186,1500237824,337653760,18360928,1862561792,1928892416
findling-rss 1791034188,1500667904,337653760,18359600,1863589888,1928892416
findling-rss 1791034190,1503559680,337657856,18377984,1867202560,1928892416
findling-rss 1791034192,1504239616,337657856,18374344,1867931648,1928892416
findling-rss 1791034194,1500151808,337686528,18372968,1863118848,1928892416
findling-rss 1791034196,1500995584,337686528,18372312,1864683520,1928892416
findling-rss 1791034198,1500442624,337686528,18403880,1863663616,1928892416
findling-rss 1791034200,1506283520,337686528,18393288,1869750272,1928892416
findling-rss 1791034202,1480773632,337715200,18386504,1843822592,1928892416
findling-rss 1791034204,1500319744,337715200,18390000,1863720960,1928892416
findling-rss 1791034206,1480794112,337723392,18405616,1843445760,1928892416
findling-rss 1791034208,1501507584,337723392,18412848,1864114176,1928892416
findling-rss 1791034210,1404948480,338161664,18313008,1767821312,1928892416
findling-rss 1791034212,1501126656,338161664,18427232,1864736768,1928892416
findling-rss 1791034214,1414680576,338149376,18439808,1778061312,1928892416
findling-rss 1791034216,1500467200,338149376,18439200,1863860224,1928892416
findling-rss 1791034218,1352884224,338018304,18338656,1715593216,1928892416
findling-rss 1791034220,1503469568,338018304,18428072,1867386880,1928892416
findling-rss 1791034222,1377202176,338026496,18235496,1731751936,1928892416
findling-rss 1791034224,1500729344,338026496,18336400,1863786496,1928892416
findling-rss 1791034226,1391853568,337666048,18220760,1754624000,1928892416
findling-rss 1791034228,1503277056,338046976,18335776,1866342400,1928892416
findling-rss 1791034230,1503940608,338046976,18337136,1867481088,1928892416
findling-rss 1791034232,1500831744,338046976,18356816,1864495104,1928892416
findling-rss 1791034234,1501392896,338046976,18357128,1864863744,1928892416
findling-rss 1791034236,1500246016,338079744,18357440,1864056832,1928892416
findling-rss 1791034238,1500528640,338079744,18355200,1863720960,1928892416
findling-rss 1791034240,1501282304,338767872,18393312,1864708096,1928892416
findling-rss 1791034242,1501282304,338767872,18395176,1864978432,1928892416
findling-rss 1791034244,1511219200,338767872,18390784,1874694144,1928892416
findling-rss 1791034246,1511219200,338767872,18390504,1874821120,1928892416
findling-rss 1791034248,1509879808,338767872,18390936,1873903616,1928892416
findling-rss 1791034250,1352896512,337723392,18250912,1715376128,1928892416
findling-rss 1791034252,1500807168,338100224,18368680,1864478720,1928892416
findling-rss 1791034254,1501597696,338100224,18369224,1865490432,1928892416
findling-rss 1791034256,1500377088,338108416,18391936,1863925760,1928892416
findling-rss 1791034258,1500819456,338108416,18394520,1864253440,1928892416
findling-rss 1791034260,1499897856,338132992,18394408,1863643136,1928892416
findling-rss 1791034262,1501016064,338132992,18391992,1864962048,1928892416
findling-rss 1791034264,1483419648,338108416,18408568,1846669312,1928892416
findling-rss 1791034266,1484189696,338108416,18409184,1847197696,1928892416
findling-rss 1791034268,1500209152,338165760,18407200,1863000064,1928892416
findling-rss 1791034270,1502523392,338165760,18405592,1865736192,1928892416
findling-rss 1791034272,1500151808,338169856,18422624,1863798784,1928892416
findling-rss 1791034274,1501224960,338169856,18421400,1865261056,1928892416
findling-rss 1791034277,1480843264,338202624,18417344,1844506624,1928892416
findling-rss 1791034279,1501233152,338202624,18421600,1865203712,1928892416
findling-rss 1791034281,1480818688,338194432,18437712,1844039680,1928892416
findling-rss 1791034283,1500700672,338194432,18439312,1864933376,1928892416
findling-rss 1791034285,1472110592,338055168,18323864,1835638784,1928892416
findling-rss 1791034287,1499766784,338055168,18324032,1863315456,1928892416
findling-rss 1791034289,1480830976,339460096,18382864,1845862400,1928892416
findling-rss 1791034291,1500143616,339460096,18385688,1865449472,1928892416
findling-rss 1791034293,1509543936,339460096,18385272,1875714048,1928892416
findling-rss 1791034295,1514237952,339460096,18385584,1879478272,1928892416
findling-rss 1791034297,1510924288,339460096,18387384,1875771392,1928892416
findling-rss 1791034299,1511755776,339460096,18385112,1877065728,1928892416
findling-rss 1791034301,1510400000,339460096,18383896,1875435520,1928892416
findling-rss 1791034303,1510899712,339460096,18380376,1875861504,1928892416
findling-rss 1791034305,1459040256,339460096,18382152,1824194560,1928892416
findling-rss 1791034307,1460150272,339460096,18383264,1825497088,1928892416
findling-rss 1791034309,1500286976,338100224,18342904,1863794688,1928892416
findling-rss 1791034311,1500725248,338100224,18339896,1864671232,1928892416
findling-rss 1791034313,1501163520,338104320,18360848,1865461760,1928892416
findling-rss 1791034315,1501163520,338104320,18361256,1864904704,1928892416
findling-rss 1791034317,1498382336,338124800,18359032,1861931008,1928892416
findling-rss 1791034319,1501282304,338124800,18360944,1865064448,1928892416
findling-rss 1791034321,1483116544,339271680,18413144,1847779328,1928892416
findling-rss 1791034323,1484177408,339271680,18408656,1849118720,1928892416
findling-rss 1791034325,1480855552,338157568,18373688,1844555776,1928892416
findling-rss 1791034327,1500889088,338157568,18375512,1865052160,1928892416
findling-rss 1791034329,1480851456,338157568,18393424,1844748288,1928892416
findling-rss 1791034331,1505890304,338157568,18397048,1869864960,1928892416
findling-rss 1791034333,1431887872,338182144,18393184,1795776512,1928892416
findling-rss 1791034335,1500737536,338182144,18396400,1865224192,1928892416
findling-rss 1791034337,1433071616,348389376,18733752,1808740352,1928892416
findling-rss 1791034339,1501835264,348389376,18691288,1875914752,1928892416
findling-rss 1791034341,1490636800,348389376,18686648,1863630848,1928892416
findling-rss 1791034343,1511366656,348389376,18689400,1885769728,1928892416
findling-rss 1791034345,1491709952,348389376,18688984,1865535488,1928892416
findling-rss 1791034347,1513500672,348389376,18691928,1887842304,1928892416
findling-rss 1791034349,1511354368,348389376,18692680,1884332032,1928892416
findling-rss 1791034351,1514164224,348389376,18692064,1888448512,1928892416
findling-rss 1791034353,1512464384,348389376,18692576,1886765056,1928892416
findling-rss 1791034355,1519853568,348389376,18692504,1894096896,1928892416
findling-rss 1791034357,1512361984,348389376,18693480,1886957568,1928892416
findling-rss 1791034359,1512882176,348389376,18695048,1887260672,1928892416
findling-rss 1791034361,1513234432,348389376,18692672,1887735808,1928892416
findling-rss 1791034363,1514536960,348389376,18694512,1889255424,1928892416
findling-rss 1791034365,1512714240,348389376,18693736,1886863360,1928892416
findling-rss 1791034367,1418342400,348389376,18591096,1791922176,1928892416
findling-rss 1791034369,1514201088,348389376,18694888,1888964608,1928892416
findling-rss 1791034371,1459560448,348389376,18688288,1832411136,1928892416
findling-rss 1791034373,1515360256,348389376,18691480,1889632256,1928892416
findling-rss 1791034375,1495248896,348389376,18691608,1870503936,1928892416
findling-rss 1791034377,1515233280,348389376,18692968,1890287616,1928892416
findling-rss 1791034379,1510375424,348389376,18691184,1883877376,1928892416
findling-rss 1791034381,1514905600,348389376,18691112,1889406976,1928892416
findling-rss 1791034383,1462382592,348389376,18699480,1837150208,1928892416
findling-rss 1791034385,1463197696,348389376,18684680,1837867008,1928892416
findling-rss 1791034387,1462566912,348389376,18683176,1837481984,1928892416
findling-rss 1791034389,1463316480,348389376,18684536,1837821952,1928892416
findling-rss 1791034391,1506070528,348389376,18685752,1880571904,1928892416
findling-rss 1791034393,1506508800,348389376,18686872,1881088000,1928892416
findling-rss 1791034395,1515773952,348389376,18688760,1890263040,1928892416
findling-rss 1791034397,1421524992,348389376,18586272,1795035136,1928892416
findling-rss 1791034399,1517092864,348389376,18691592,1891012608,1928892416
findling-rss 1791034401,1461547008,348389376,18683088,1835261952,1928892416
findling-rss 1791034403,1516679168,348389376,18684968,1891160064,1928892416
findling-rss 1791034405,1497378816,348389376,18684824,1871884288,1928892416
findling-rss 1791034407,1517797376,348389376,18682688,1892245504,1928892416
findling-rss 1791034409,1497362432,348389376,18683080,1871888384,1928892416
findling-rss 1791034411,1517518848,348389376,18685752,1890684928,1928892416
findling-rss 1791034413,1517088768,348389376,18686768,1890902016,1928892416
findling-rss 1791034415,1518391296,348389376,18687072,1893085184,1928892416
findling-rss 1791034417,1518514176,348389376,18686216,1892835328,1928892416
findling-rss 1791034419,1519292416,348389376,18686992,1893953536,1928892416
findling-rss 1791034421,1520357376,348389376,18687648,1895215104,1928892416
findling-rss 1791034423,1520791552,348389376,18692448,1894957056,1928892416
findling-rss 1791034425,1519026176,348389376,18694752,1893265408,1928892416
findling-rss 1791034427,1523949568,348389376,18690936,1898381312,1928892416
findling-rss 1791034429,1518465024,348389376,18702032,1892986880,1928892416
findling-rss 1791034431,1397116928,348389376,18688128,1762840576,1928892416
findling-rss 1791034433,1466384384,348389376,18686112,1840865280,1928892416
findling-rss 1791034435,1420570624,348389376,18686304,1794924544,1928892416
findling-rss 1791034437,1466302464,348389376,18687488,1840128000,1928892416
findling-rss 1791034439,1491111936,348389376,18687552,1865424896,1928892416
findling-rss 1791034441,1518153728,348389376,18690328,1892577280,1928892416
findling-rss 1791034443,1500872704,348389376,18690304,1875320832,1928892416
findling-rss 1791034445,1521713152,348389376,18690784,1895743488,1928892416
findling-rss 1791034447,1521463296,348389376,18694160,1895608320,1928892416
findling-rss 1791034449,1522417664,348389376,18691792,1896419328,1928892416
findling-rss 1791034451,1433890816,338268160,18416792,1797836800,1928892416
findling-rss 1791034453,1455874048,338268160,18420880,1819725824,1928892416
findling-rss 1791034455,1433866240,338268160,18438568,1798057984,1928892416
findling-rss 1791034457,1453862912,338268160,18438704,1817657344,1928892416
findling-rss 1791034459,1395195904,338288640,18435208,1758298112,1928892416
findling-rss 1791034461,1453568000,338288640,18426296,1816625152,1928892416
findling-rss 1791034463,1434345472,338300928,18444496,1797984256,1928892416
findling-rss 1791034465,1454788608,338300928,18447880,1818607616,1928892416
findling-rss 1791034467,1410572288,397725696,20071112,1835687936,1928892416
findling-rss 1791034469,1453809664,338149376,18327600,1817444352,1928892416
findling-rss 1791034471,1489653760,337940480,18336840,1852510208,1928892416
findling-rss 1791034473,1556729856,337940480,18341312,1920360448,1928892416
findling-rss 1791034475,1392058368,337829888,18234504,1754537984,1928892416
findling-rss 1791034477,1454374912,338182144,18348888,1818189824,1928892416
findling-rss 1791034479,1410580480,338178048,18268624,1774276608,1928892416
findling-rss 1791034481,1458139136,338178048,18368608,1821806592,1928892416
findling-rss 1791034483,1413623808,337829888,18251152,1776111616,1928892416
findling-rss 1791034485,1454972928,338219008,18364176,1818669056,1928892416
findling-rss 1791034487,1459154944,338219008,18362200,1823002624,1928892416
findling-rss 1791034489,1453785088,338206720,18379696,1817489408,1928892416
findling-rss 1791034491,1454178304,338206720,18377408,1817677824,1928892416
findling-rss 1791034493,1453977600,338235392,18377680,1817759744,1928892416
findling-rss 1791034495,1454829568,338235392,18379544,1819676672,1928892416
findling-rss 1791034497,1455230976,338239488,18399232,1819308032,1928892416
findling-rss 1791034499,1457631232,338239488,18402224,1821298688,1928892416
findling-rss 1791034501,1451110400,338264064,18396512,1815031808,1928892416
findling-rss 1791034503,1454272512,338264064,18394384,1818378240,1928892416
findling-rss 1791034505,1453780992,338268160,18414240,1817513984,1928892416
findling-rss 1791034507,1454276608,338268160,18413472,1818451968,1928892416
findling-rss 1791034509,1434365952,338300928,18408016,1798819840,1928892416
findling-rss 1791034511,1454448640,338300928,18409616,1818370048,1928892416
findling-rss 1791034513,1448173568,338292736,18422376,1810821120,1928892416
findling-rss 1791034515,1454247936,338292736,18425224,1818439680,1928892416
findling-rss 1791034517,1425674240,338325504,18426120,1789972480,1928892416
findling-rss 1791034519,1454977024,338325504,18429776,1818955776,1928892416
findling-rss 1791034521,1434365952,338325504,18485776,1799434240,1928892416
findling-rss 1791034523,1454247936,338325504,18444432,1818083328,1928892416
findling-rss 1791034525,1364131840,397791232,20181952,1787260928,1928892416
findling-rss 1791034527,1453780992,338182144,18325872,1818210304,1928892416
findling-rss 1791034529,1397825536,338182144,18343664,1761832960,1928892416
findling-rss 1791034531,1460244480,338182144,18345376,1823834112,1928892416
findling-rss 1791034533,1358639104,337862656,18214048,1721884672,1928892416
findling-rss 1791034535,1454092288,338214912,18343536,1817780224,1928892416
findling-rss 1791034537,1410711552,338210816,18259784,1774026752,1928892416
findling-rss 1791034539,1457774592,338210816,18364584,1821052928,1928892416
findling-rss 1791034541,1416253440,337862656,18248968,1779163136,1928892416
findling-rss 1791034543,1454292992,338243584,18366976,1818476544,1928892416
findling-rss 1791034545,1455353856,338243584,18364392,1819291648,1928892416
findling-rss 1791034547,1454395392,338243584,18382240,1818521600,1928892416
findling-rss 1791034549,1455218688,338243584,18380168,1818832896,1928892416
findling-rss 1791034551,1454260224,338272256,18374104,1817952256,1928892416
findling-rss 1791034553,1455026176,338272256,18375464,1819484160,1928892416
findling-rss 1791034555,1454481408,338272256,18393352,1817595904,1928892416
findling-rss 1791034558,1454628864,338272256,18394472,1818193920,1928892416
findling-rss 1791034560,1451417600,338309120,18394568,1814810624,1928892416
findling-rss 1791034562,1455013888,338309120,18394232,1819172864,1928892416
findling-rss 1791034564,1453756416,338292736,18414016,1817202688,1928892416
findling-rss 1791034566,1453883392,338292736,18414152,1817616384,1928892416
findling-rss 1791034568,1435758592,338329600,18460416,1798873088,1928892416
findling-rss 1791034570,1454489600,338329600,18412800,1818619904,1928892416
findling-rss 1791034572,1451409408,338329600,18429448,1814777856,1928892416
findling-rss 1791034574,1459159040,338329600,18430664,1822707712,1928892416
findling-rss 1791034576,1396609024,338358272,18428096,1759649792,1928892416
findling-rss 1791034578,1460551680,338358272,18429880,1824296960,1928892416
findling-rss 1791034580,1395433472,338350080,18446392,1759055872,1928892416
findling-rss 1791034582,1454170112,338350080,18439904,1817899008,1928892416
findling-rss 1791034584,1358639104,397484032,20089224,1783009280,1928892416
findling-rss 1791034586,1455517696,338219008,18327648,1818583040,1928892416
findling-rss 1791034588,1400995840,338219008,18235720,1762471936,1928892416
findling-rss 1791034590,1454305280,338219008,18344760,1818411008,1928892416
findling-rss 1791034592,1363353600,337862656,18225880,1765806080,1928892416
findling-rss 1791034594,1454542848,338243584,18343440,1818202112,1928892416
findling-rss 1791034596,1454899200,338243584,18343992,1818271744,1928892416
findling-rss 1791034598,1459683328,338247680,18362432,1824059392,1928892416
findling-rss 1791034600,1460715520,338247680,18363952,1824157696,1928892416
findling-rss 1791034602,1454501888,338276352,18362288,1818509312,1928892416
findling-rss 1791034604,1454616576,338276352,18363816,1818693632,1928892416
findling-rss 1791034606,1454428160,338276352,18379872,1818267648,1928892416
findling-rss 1791034608,1454833664,338276352,18378960,1818738688,1928892416
findling-rss 1791034610,1451167744,338296832,18376648,1814511616,1928892416
findling-rss 1791034612,1455607808,338296832,18378488,1818791936,1928892416
findling-rss 1791034614,1453838336,338296832,18397024,1817268224,1928892416
findling-rss 1791034616,1454112768,338296832,18394008,1817706496,1928892416
findling-rss 1791034618,1434488832,338333696,18392256,1798033408,1928892416
findling-rss 1791034620,1455194112,338333696,18400280,1819688960,1928892416
findling-rss 1791034622,1451388928,338329600,18419688,1815252992,1928892416
findling-rss 1791034624,1454309376,338329600,18414824,1818660864,1928892416
findling-rss 1791034626,1425780736,338366464,18411072,1789579264,1928892416
findling-rss 1791034628,1454452736,338366464,18411744,1817817088,1928892416
findling-rss 1791034630,1468866560,338329600,18428920,1831817216,1928892416
findling-rss 1791034632,1489211392,338329600,18428240,1853288448,1928892416
findling-rss 1791034634,1410715648,338382848,18320888,1773883392,1928892416
findling-rss 1791034636,1455431680,338382848,18430640,1818722304,1928892416
findling-rss 1791034638,1410715648,338382848,18339776,1774178304,1928892416
findling-rss 1791034640,1453981696,338382848,18445616,1817780224,1928892416
findling-rss 1791034642,1358643200,338038784,18330688,1721319424,1928892416
findling-rss 1791034644,1454661632,338235392,18329792,1818136576,1928892416
findling-rss 1791034646,1358643200,337887232,18237368,1752092672,1928892416
findling-rss 1791034648,1454305280,338243584,18347904,1818017792,1928892416
findling-rss 1791034650,1398661120,337883136,18231024,1761828864,1928892416
findling-rss 1791034652,1454764032,338272256,18349552,1818296320,1928892416
findling-rss 1791034654,1454854144,338272256,18348632,1817804800,1928892416
findling-rss 1791034656,1490321408,339451904,18394896,1855451136,1928892416
findling-rss 1791034658,1490337792,339451904,18406488,1855660032,1928892416
findling-rss 1791034660,1434484736,338296832,18359400,1798381568,1928892416
findling-rss 1791034662,1458995200,338296832,18364272,1822580736,1928892416
findling-rss 1791034664,1468891136,338296832,18378008,1832546304,1928892416
findling-rss 1791034666,1489002496,338296832,18382000,1852907520,1928892416
findling-rss 1791034668,1408356352,338317312,18379840,1771597824,1928892416
findling-rss 1791034670,1461166080,338317312,18383352,1824862208,1928892416
findling-rss 1791034672,1434480640,338321408,18393608,1797967872,1928892416
findling-rss 1791034674,1454452736,338321408,18396464,1818628096,1928892416
findling-rss 1791034676,1360879616,338350080,18391528,1724391424,1928892416
findling-rss 1791034678,1454874624,338350080,18396056,1819000832,1928892416
findling-rss 1791034680,1386418176,338350080,18416192,1750339584,1928892416
findling-rss 1791034682,1455099904,338350080,18451936,1818628096,1928892416
findling-rss 1791034684,1410719744,338382848,18304496,1773948928,1928892416
findling-rss 1791034686,1454362624,338382848,18413056,1818148864,1928892416
findling-rss 1791034688,1366634496,338382848,18435376,1727328256,1928892416
findling-rss 1791034690,1454350336,338382848,18432608,1817976832,1928892416
findling-rss 1791034692,1358647296,338055168,18308120,1721454592,1928892416
findling-rss 1791034694,1453965312,338407424,18432376,1817972736,1928892416
findling-rss 1791034696,1358647296,338055168,18338032,1721507840,1928892416
findling-rss 1791034698,1459781632,338411520,18450976,1823543296,1928892416
findling-rss 1791034700,1358647296,338055168,18338480,1722327040,1928892416
findling-rss 1791034702,1454444544,338264064,18329248,1818136576,1928892416
findling-rss 1791034704,1454923776,338264064,18341864,1818984448,1928892416
findling-rss 1791034706,1557499904,338055168,18340544,1920831488,1928892416
findling-rss 1791034708,1559113728,338055168,18341904,1922965504,1928892416
findling-rss 1791034710,1454080000,338292736,18344472,1817362432,1928892416
findling-rss 1791034712,1454538752,338292736,18346520,1818361856,1928892416
findling-rss 1791034714,1455628288,338296832,18363440,1819766784,1928892416
findling-rss 1791034716,1461694464,338296832,18364984,1825640448,1928892416
findling-rss 1791034718,1434488832,338329600,18363984,1797713920,1928892416
findling-rss 1791034720,1454039040,338329600,18361528,1818132480,1928892416
findling-rss 1791034722,1453789184,339030016,18403816,1817739264,1928892416
findling-rss 1791034724,1455149056,339030016,18404656,1820155904,1928892416
findling-rss 1791034726,1454833664,339030016,18406792,1819926528,1928892416
findling-rss 1791034728,1461440512,339030016,18406696,1826791424,1928892416
findling-rss 1791034730,1454383104,339030016,18408968,1819619328,1928892416
findling-rss 1791034732,1455124480,339030016,18402040,1820028928,1928892416
findling-rss 1791034734,1434501120,338362368,18381712,1797992448,1928892416
findling-rss 1791034736,1454706688,338362368,18383000,1818296320,1928892416
findling-rss 1791034738,1451925504,338362368,18404824,1816150016,1928892416
findling-rss 1791034740,1454473216,338362368,18406552,1818677248,1928892416
findling-rss 1791034742,1460219904,338395136,18403488,1824317440,1928892416
findling-rss 1791034744,1488547840,338395136,18401176,1853353984,1928892416
findling-rss 1791034746,1434497024,338391040,18418696,1797853184,1928892416
findling-rss 1791034748,1454452736,338391040,18420904,1818488832,1928892416
findling-rss 1791034750,1385525248,338411520,18416976,1749065728,1928892416
findling-rss 1791034752,1456758784,338411520,18416304,1821274112,1928892416
findling-rss 1791034754,1387204608,342962176,18561792,1756020736,1928892416
findling-rss 1791034756,1454256128,342962176,18560920,1821872128,1928892416
findling-rss 1791034758,1434480640,342962176,18559280,1802854400,1928892416
findling-rss 1791034760,1454383104,342962176,18561736,1822748672,1928892416
findling-rss 1791034762,1434497024,342962176,18556928,1803681792,1928892416
findling-rss 1791034764,1454374912,342962176,18556728,1823428608,1928892416
findling-rss 1791034766,1451925504,342962176,18557720,1820307456,1928892416
findling-rss 1791034768,1455153152,342962176,18559928,1824034816,1928892416
findling-rss 1791034770,1454616576,342962176,18557424,1823371264,1928892416
findling-rss 1791034772,1462644736,342962176,18557192,1830662144,1928892416
findling-rss 1791034774,1453961216,342962176,18556392,1822269440,1928892416
findling-rss 1791034776,1454473216,342962176,18557440,1822732288,1928892416
findling-rss 1791034778,1506676736,342962176,18557048,1875333120,1928892416
findling-rss 1791034780,1506676736,342962176,18556792,1875415040,1928892416
findling-rss 1791034782,1454649344,342962176,18555784,1823797248,1928892416
findling-rss 1791034784,1410732032,342962176,18454520,1779294208,1928892416
findling-rss 1791034786,1456848896,342962176,18554912,1825087488,1928892416
findling-rss 1791034788,1439510528,342962176,18549800,1807675392,1928892416
findling-rss 1791034790,1506816000,342962176,18553072,1875468288,1928892416
findling-rss 1791034792,1434501120,342962176,18554856,1802854400,1928892416
findling-rss 1791034794,1456967680,342962176,18556320,1825615872,1928892416
findling-rss 1791034796,1486577664,342962176,18551600,1855369216,1928892416
findling-rss 1791034798,1506889728,342962176,18553392,1875800064,1928892416
findling-rss 1791034800,1513361408,342962176,18552960,1882927104,1928892416
findling-rss 1791034802,1520484352,342962176,18552816,1889677312,1928892416
findling-rss 1791034804,1516802048,342962176,18554256,1884893184,1928892416
findling-rss 1791034806,1517641728,342962176,18553344,1885782016,1928892416
findling-rss 1791034808,1434480640,338472960,18427664,1798086656,1928892416
findling-rss 1791034810,1454252032,338472960,18430080,1818951680,1928892416
findling-rss 1791034812,1434484736,338468864,18449912,1798377472,1928892416
findling-rss 1791034814,1454235648,338468864,18451688,1818206208,1928892416
findling-rss 1791034816,1369604096,338317312,18342376,1733103616,1928892416
findling-rss 1791034818,1454178304,338317312,18332712,1817960448,1928892416
findling-rss 1791034820,1400221696,338317312,18354400,1763975168,1928892416
findling-rss 1791034822,1454882816,338317312,18357200,1818632192,1928892416
findling-rss 1791034824,1394798592,338358272,18233736,1757065216,1928892416
findling-rss 1791034826,1454723072,338358272,18350560,1818361856,1928892416
findling-rss 1791034828,1406746624,338354176,18262664,1768939520,1928892416
findling-rss 1791034830,1453973504,338354176,18366776,1817694208,1928892416
findling-rss 1791034833,1404133376,338001920,18254232,1766703104,1928892416
findling-rss 1791034835,1460555776,338382848,18366664,1824280576,1928892416
findling-rss 1791034837,1461338112,338382848,18365376,1824858112,1928892416
findling-rss 1791034839,1454706688,338386944,18386992,1818619904,1928892416
findling-rss 1791034841,1455943680,338386944,18396968,1819557888,1928892416
findling-rss 1791034843,1454264320,338415616,18384960,1818120192,1928892416
findling-rss 1791034845,1455239168,338415616,18388112,1819381760,1928892416
findling-rss 1791034847,1460072448,338415616,18406960,1824337920,1928892416
findling-rss 1791034849,1461465088,338415616,18403048,1824473088,1928892416
findling-rss 1791034851,1537449984,338227200,18392896,1901326336,1928892416
findling-rss 1791034853,1557905408,338227200,18391248,1921380352,1928892416
findling-rss 1791034855,1434525696,338440192,18417784,1798443008,1928892416
findling-rss 1791034857,1455058944,338440192,18418880,1818861568,1928892416
findling-rss 1791034859,1387085824,338468864,18415936,1751326720,1928892416
findling-rss 1791034861,1454874624,338468864,18420432,1818652672,1928892416
findling-rss 1791034863,1408393216,338468864,18462112,1772331008,1928892416
findling-rss 1791034865,1454288896,338468864,18436632,1818152960,1928892416
findling-rss 1791034867,1410748416,338501632,18323872,1773801472,1928892416
findling-rss 1791034869,1455058944,338501632,18436760,1818689536,1928892416
findling-rss 1791034871,1366904832,338501632,18450272,1730592768,1928892416
findling-rss 1791034873,1454460928,338501632,18448400,1818804224,1928892416
findling-rss 1791034875,1358680064,351113216,18744288,1734406144,1928892416
findling-rss 1791034877,1455525888,338370560,18332632,1818931200,1928892416
findling-rss 1791034879,1390981120,338370560,18335520,1793880064,1928892416
findling-rss 1791034881,1454641152,338370560,18352856,1818714112,1928892416
findling-rss 1791034883,1358692352,338014208,18233528,1721249792,1928892416
findling-rss 1791034885,1454821376,338399232,18357616,1818787840,1928892416
findling-rss 1791034887,1454821376,338399232,18346968,1819156480,1928892416
findling-rss 1791034889,1455038464,338395136,18366672,1818873856,1928892416
findling-rss 1791034891,1456435200,338395136,18367312,1820086272,1928892416
findling-rss 1791034893,1454329856,338419712,18364384,1817927680,1928892416
findling-rss 1791034895,1455505408,338419712,18366352,1819320320,1928892416
findling-rss 1791034897,1454428160,338423808,18385832,1818664960,1928892416
findling-rss 1791034899,1454428160,338423808,18385000,1818292224,1928892416
findling-rss 1791034901,1434546176,338460672,18383392,1798885376,1928892416
findling-rss 1791034903,1455476736,338460672,18385680,1820102656,1928892416
findling-rss 1791034905,1453764608,338456576,18402440,1817841664,1928892416
findling-rss 1791034907,1460477952,338456576,18401848,1824575488,1928892416
findling-rss 1791034909,1396350976,338489344,18399784,1759612928,1928892416
findling-rss 1791034911,1454604288,338489344,18402056,1818644480,1928892416
findling-rss 1791034913,1433026560,338489344,18409696,1790291968,1928892416
findling-rss 1791034915,1454776320,338489344,18415880,1819328512,1928892416
findling-rss 1791034917,1360084992,338501632,18395936,1723842560,1928892416
findling-rss 1791034919,1454288896,338501632,18415040,1818673152,1928892416
findling-rss 1791034921,1408430080,338513920,18432296,1765654528,1928892416
findling-rss 1791034923,1461166080,338513920,18434768,1824919552,1928892416
findling-rss 1791034925,1358712832,338190336,18308056,1721589760,1928892416
findling-rss 1791034927,1454678016,338542592,18434176,1818165248,1928892416
findling-rss 1791034929,1410785280,338546688,18343424,1773780992,1928892416
findling-rss 1791034931,1456795648,338546688,18464176,1821540352,1928892416
findling-rss 1791034933,1358712832,338190336,18339160,1737875456,1928892416
findling-rss 1791034935,1454129152,339787776,18374144,1819947008,1928892416
findling-rss 1791034937,1454608384,339787776,18374536,1820270592,1928892416
findling-rss 1791034939,1453617152,339787776,18370912,1818177536,1928892416
findling-rss 1791034941,1459363840,339787776,18371744,1824219136,1928892416
findling-rss 1791034943,1455235072,339787776,18371096,1820327936,1928892416
findling-rss 1791034945,1410789376,339787776,18266416,1775542272,1928892416
findling-rss 1791034947,1454239744,339787776,18368096,1819693056,1928892416
findling-rss 1791034949,1397866496,339787776,18370776,1763061760,1928892416
findling-rss 1791034951,1458626560,339787776,18371088,1823715328,1928892416
findling-rss 1791034953,1434554368,338403328,18353584,1798299648,1928892416
findling-rss 1791034955,1455218688,338403328,18352080,1818894336,1928892416
findling-rss 1791034957,1369690112,338432000,18350448,1733517312,1928892416
findling-rss 1791034959,1454649344,338432000,18353664,1818886144,1928892416
findling-rss 1791034961,1408438272,338440192,18371960,1772666880,1928892416
findling-rss 1791034963,1458487296,338440192,18373416,1822523392,1928892416
findling-rss 1791034965,1358721024,338128896,18252128,1721888768,1928892416
findling-rss 1791034967,1454235648,338481152,18371560,1818361856,1928892416
findling-rss 1791034969,1410793472,338489344,18286864,1774669824,1928892416
findling-rss 1791034971,1454727168,338489344,18388864,1818918912,1928892416
findling-rss 1791034973,1412820992,338128896,18269104,1775771648,1928892416
findling-rss 1791034975,1453998080,338513920,18389288,1818124288,1928892416
findling-rss 1791034977,1454850048,338513920,18397264,1818501120,1928892416
findling-rss 1791034979,1454673920,338509824,18404392,1818419200,1928892416
findling-rss 1791034981,1457020928,338509824,18406120,1820905472,1928892416
findling-rss 1791034983,1454157824,338542592,18403688,1818394624,1928892416
findling-rss 1791034985,1455230976,338542592,18401032,1818841088,1928892416
findling-rss 1791034987,1489289216,339701760,18453272,1854787584,1928892416
findling-rss 1791034989,1489809408,339701760,18453432,1855528960,1928892416
findling-rss 1791034991,1434595328,338571264,18421728,1798234112,1928892416
findling-rss 1791034993,1455910912,338571264,18419008,1819996160,1928892416
findling-rss 1791034995,1434562560,338563072,18436720,1798832128,1928892416
findling-rss 1791034997,1454411776,338563072,18436280,1818750976,1928892416
findling-rss 1791034999,1386803200,338595840,18434912,1749925888,1928892416
findling-rss 1791035001,1454604288,338595840,18433240,1817976832,1928892416
findling-rss 1791035003,1398067200,338595840,18445448,1761918976,1928892416
findling-rss 1791035005,1454649344,338595840,18455304,1818206208,1928892416
findling-rss 1791035007,1358753792,397975552,20111624,1783345152,1928892416
findling-rss 1791035009,1454788608,338460672,18337440,1818390528,1928892416
findling-rss 1791035011,1395982336,338464768,18249480,1758453760,1928892416
findling-rss 1791035013,1454891008,338464768,18351840,1818898432,1928892416
findling-rss 1791035015,1415950336,338108416,18236496,1779326976,1928892416
findling-rss 1791035017,1454333952,340934656,18420648,1820602368,1928892416
findling-rss 1791035019,1454333952,340934656,18418784,1820356608,1928892416
findling-rss 1791035021,1454592000,340934656,18420720,1821016064,1928892416
findling-rss 1791035023,1455292416,340934656,18423504,1822031872,1928892416
findling-rss 1791035025,1454899200,340934656,18424736,1821437952,1928892416
findling-rss 1791035027,1410838528,340934656,18322496,1777082368,1928892416
findling-rss 1791035029,1508593664,340934656,18423792,1874210816,1928892416
findling-rss 1791035031,1397706752,340934656,18418488,1762603008,1928892416
findling-rss 1791035033,1454518272,340934656,18419128,1821696000,1928892416
findling-rss 1791035035,1434591232,340934656,18420048,1801175040,1928892416
findling-rss 1791035037,1454227456,340934656,18421168,1820774400,1928892416
findling-rss 1791035039,1486692352,340934656,18419368,1853526016,1928892416
findling-rss 1791035041,1506557952,340934656,18420992,1873293312,1928892416
findling-rss 1791035043,1453932544,340934656,18420240,1820135424,1928892416
findling-rss 1791035045,1459138560,340934656,18421376,1825280000,1928892416
findling-rss 1791035047,1557270528,338292736,18366632,1921511424,1928892416
findling-rss 1791035049,1558032384,338292736,18367544,1921925120,1928892416
findling-rss 1791035051,1434587136,338530304,18372592,1798057984,1928892416
findling-rss 1791035053,1454616576,338530304,18375040,1818365952,1928892416
findling-rss 1791035055,1434599424,338534400,18395352,1798639616,1928892416
findling-rss 1791035057,1454948352,338534400,18396512,1818783744,1928892416
findling-rss 1791035059,1385996288,338558976,18391384,1750302720,1928892416
findling-rss 1791035061,1454981120,338558976,18392240,1817456640,1928892416
findling-rss 1791035063,1408491520,338554880,18410904,1772548096,1928892416
findling-rss 1791035065,1454518272,338554880,18412304,1819029504,1928892416
findling-rss 1791035067,1395658752,338587648,18349744,1758769152,1928892416
findling-rss 1791035069,1454825472,338587648,18425240,1818529792,1928892416
findling-rss 1791035071,1410854912,338583552,18322136,1774563328,1928892416
findling-rss 1791035073,1454424064,338583552,18422744,1818406912,1928892416
findling-rss 1791035075,1413898240,338235392,18307648,1777090560,1928892416
findling-rss 1791035077,1454604288,338612224,18419936,1819324416,1928892416
findling-rss 1791035079,1457700864,338612224,18421776,1821671424,1928892416
findling-rss 1791035081,1454379008,338620416,18439416,1818681344,1928892416
findling-rss 1791035083,1459585024,338620416,18441200,1824251904,1928892416
findling-rss 1791035085,1454522368,338640896,18440640,1819074560,1928892416
findling-rss 1791035087,1455394816,338640896,18442000,1820155904,1928892416
findling-rss 1791035089,1454809088,338649088,18472656,1818943488,1928892416
findling-rss 1791035091,1454809088,338649088,18456976,1818640384,1928892416
findling-rss 1791035093,1434640384,338513920,18333536,1798598656,1928892416
findling-rss 1791035095,1456553984,338513920,18337072,1820155904,1928892416
findling-rss 1791035097,1469030400,338472960,18355496,1833730048,1928892416
findling-rss 1791035099,1494888448,338472960,18355760,1859469312,1928892416
findling-rss 1791035101,1385689088,338526208,18352784,1748746240,1928892416
findling-rss 1791035103,1454211072,338526208,18357520,1818173440,1928892416
findling-rss 1791035106,1416970240,338542592,18374552,1772269568,1928892416
findling-rss 1791035108,1454891008,338542592,18373232,1818771456,1928892416
findling-rss 1791035110,1410871296,338558976,18260744,1774940160,1928892416
findling-rss 1791035112,1454653440,338558976,18370640,1818611712,1928892416
findling-rss 1791035114,1392717824,338558976,18385120,1752981504,1928892416
findling-rss 1791035116,1454837760,338558976,18388552,1819119616,1928892416
findling-rss 1791035118,1358798848,338239488,18269472,1721581568,1928892416
findling-rss 1791035120,1455165440,338587648,18385688,1819181056,1928892416
findling-rss 1791035122,1393405952,339759104,18332752,1757900800,1928892416
findling-rss 1791035124,1490350080,339759104,18438072,1855528960,1928892416
findling-rss 1791035126,1393405952,338239488,18290088,1757147136,1928892416
findling-rss 1791035128,1454686208,338620416,18404496,1818791936,1928892416
findling-rss 1791035130,1455431680,338620416,18404496,1820262400,1928892416
findling-rss 1791035132,1454891008,338616320,18421736,1819201536,1928892416
findling-rss 1791035134,1396047872,338616320,18422816,1791315968,1928892416
findling-rss 1791035136,1454526464,338640896,18431296,1818144768,1928892416
findling-rss 1791035138,1454526464,338640896,18420864,1818492928,1928892416
findling-rss 1791035140,1454264320,338653184,18440032,1818951680,1928892416
findling-rss 1791035142,1454862336,338653184,18438608,1818537984,1928892416
findling-rss 1791035144,1387073536,338677760,18386688,1750638592,1928892416
findling-rss 1791035146,1466777600,338677760,18500888,1831276544,1928892416
findling-rss 1791035148,1433284608,338677760,18516144,1797406720,1928892416
findling-rss 1791035150,1500409856,338677760,18518616,1864904704,1928892416
findling-rss 1791035152,1404473344,398479360,20177264,1829679104,1928892416
findling-rss 1791035154,1500766208,338534400,18399816,1864597504,1928892416
findling-rss 1791035156,1404473344,338538496,18312712,1768341504,1928892416
findling-rss 1791035158,1500221440,338538496,18417712,1864503296,1928892416
findling-rss 1791035160,1352409088,338214912,18287016,1715683328,1928892416
findling-rss 1791035162,1500332032,339263488,18434920,1865576448,1928892416
findling-rss 1791035164,1414254592,339263488,18331368,1779240960,1928892416
findling-rss 1791035166,1512329216,339263488,18437296,1877086208,1928892416
findling-rss 1791035168,1443532800,339263488,18439680,1808691200,1928892416
findling-rss 1791035170,1513754624,339263488,18440280,1878876160,1928892416
findling-rss 1791035172,1443860480,338571264,18434456,1807986688,1928892416
findling-rss 1791035174,1501704192,338571264,18438632,1865773056,1928892416
findling-rss 1791035176,1352421376,338247680,18319656,1715965952,1928892416
findling-rss 1791035178,1501364224,338599936,18440920,1865445376,1928892416
findling-rss 1791035180,1404489728,338604032,18351064,1767956480,1928892416
findling-rss 1791035182,1500389376,338604032,18484808,1864515584,1928892416
findling-rss 1791035184,1352421376,338247680,18334832,1715273728,1928892416
findling-rss 1791035186,1500200960,338628608,18452456,1863897088,1928892416
findling-rss 1791035188,1504464896,338628608,18452048,1868574720,1928892416
findling-rss 1791035190,1499459584,338628608,18469608,1863503872,1928892416
findling-rss 1791035192,1352421376,338276352,18365600,1716133888,1928892416
findling-rss 1791035194,1498963968,338649088,18467352,1863249920,1928892416
findling-rss 1791035196,1504657408,338649088,18468296,1869336576,1928892416
findling-rss 1791035198,1499860992,338665472,18488040,1864585216,1928892416
findling-rss 1791035200,1500839936,338665472,18485256,1865457664,1928892416
findling-rss 1791035202,1499332608,338681856,18481552,1863946240,1928892416
findling-rss 1791035204,1506852864,338681856,18483656,1871564800,1928892416
findling-rss 1791035206,1500037120,338681856,18500544,1864261632,1928892416
findling-rss 1791035208,1500393472,338681856,18502168,1864855552,1928892416
findling-rss 1791035210,1480339456,338710528,18497816,1844654080,1928892416
findling-rss 1791035212,1500684288,338710528,18498416,1863966720,1928892416
findling-rss 1791035214,1480343552,338710528,18518920,1844559872,1928892416
findling-rss 1791035216,1500098560,338710528,18519424,1865740288,1928892416
findling-rss 1791035218,1471647744,338571264,18399296,1835311104,1928892416
findling-rss 1791035220,1500684288,338571264,18406920,1865031680,1928892416
findling-rss 1791035222,1480347648,338575360,18424920,1844834304,1928892416
findling-rss 1791035224,1500504064,338575360,18421856,1864847360,1928892416
findling-rss 1791035226,1415733248,338608128,18416488,1780023296,1928892416
findling-rss 1791035228,1503858688,338608128,18420040,1868726272,1928892416
findling-rss 1791035230,1433112576,338608128,18446888,1797029888,1928892416
findling-rss 1791035232,1500856320,338608128,18439416,1865543680,1928892416
findling-rss 1791035234,1352454144,338280448,18316576,1716264960,1928892416
findling-rss 1791035236,1500340224,338632704,18438776,1863737344,1928892416
findling-rss 1791035238,1385000960,338632704,18352000,1747140608,1928892416
findling-rss 1791035240,1500151808,338632704,18452544,1863491584,1928892416
findling-rss 1791035242,1401167872,338280448,18336944,1764225024,1928892416
findling-rss 1791035244,1500082176,338653184,18451720,1864306688,1928892416
findling-rss 1791035246,1500229632,338653184,18453584,1864597504,1928892416
findling-rss 1791035248,1500282880,338665472,18471080,1864712192,1928892416
findling-rss 1791035250,1364885504,338665472,18379080,1769394176,1928892416
findling-rss 1791035252,1500889088,338690048,18469704,1865220096,1928892416
findling-rss 1791035254,1501405184,338690048,18467664,1865809920,1928892416
findling-rss 1791035256,1483911168,339886080,18517080,1849577472,1928892416
findling-rss 1791035258,1484046336,339886080,18518200,1849204736,1928892416
findling-rss 1791035260,1480364032,338722816,18484736,1844477952,1928892416
findling-rss 1791035262,1501122560,338722816,18485696,1865609216,1928892416
findling-rss 1791035264,1474187264,339894272,18537808,1838927872,1928892416
findling-rss 1791035266,1483149312,339894272,18538664,1848700928,1928892416
findling-rss 1791035268,1443827712,338743296,18501456,1808519168,1928892416
findling-rss 1791035270,1499910144,338743296,18501752,1864523776,1928892416
findling-rss 1791035272,1480364032,338747392,18533128,1845030912,1928892416
findling-rss 1791035274,1500270592,338747392,18520784,1864675328,1928892416
findling-rss 1791035276,1412698112,398626816,20271672,1837424640,1928892416
findling-rss 1791035278,1500565504,338612224,18400960,1864810496,1928892416
findling-rss 1791035280,1444016128,338612224,18419984,1808506880,1928892416
findling-rss 1791035282,1500618752,338612224,18418696,1864503296,1928892416
findling-rss 1791035284,1404534784,338636800,18304992,1767927808,1928892416
findling-rss 1791035286,1500233728,338636800,18419168,1865060352,1928892416
findling-rss 1791035288,1424441344,338640896,18432888,1783758848,1928892416
findling-rss 1791035290,1500147712,338640896,18437120,1864351744,1928892416
findling-rss 1791035292,1352470528,338313216,18311328,1715896320,1928892416
findling-rss 1791035294,1500921856,338669568,18439264,1864339456,1928892416
findling-rss 1791035296,1389473792,338673664,18354088,1751572480,1928892416
findling-rss 1791035298,1502908416,338673664,18456904,1867993088,1928892416
findling-rss 1791035300,1407795200,338313216,18342448,1771663360,1928892416
findling-rss 1791035302,1501151232,338706432,18454144,1864798208,1928892416
findling-rss 1791035304,1501192192,338706432,18455184,1865990144,1928892416
findling-rss 1791035306,1499893760,338694144,18470608,1864540160,1928892416
findling-rss 1791035308,1500336128,338694144,18471936,1865269248,1928892416
findling-rss 1791035310,1500418048,344682496,18634864,1871060992,1928892416
findling-rss 1791035312,1501274112,344682496,18634048,1871441920,1928892416
findling-rss 1791035314,1509736448,344682496,18630608,1880883200,1928892416
findling-rss 1791035316,1510453248,344682496,18631728,1881341952,1928892416
findling-rss 1791035318,1511124992,344682496,18667064,1882374144,1928892416
findling-rss 1791035320,1416425472,344682496,18530672,1786920960,1928892416
findling-rss 1791035322,1511624704,344682496,18635496,1882624000,1928892416
findling-rss 1791035324,1456578560,344682496,18639952,1826910208,1928892416
findling-rss 1791035326,1511419904,344682496,18639272,1882288128,1928892416
findling-rss 1791035328,1492271104,344682496,18638104,1862369280,1928892416
findling-rss 1791035330,1516740608,344682496,18633248,1887469568,1928892416
findling-rss 1791035332,1492254720,344682496,18628528,1862647808,1928892416
findling-rss 1791035334,1512296448,344682496,18628528,1882132480,1928892416
findling-rss 1791035336,1512026112,344682496,18629320,1882226688,1928892416
findling-rss 1791035338,1512607744,344682496,18630936,1883406336,1928892416
findling-rss 1791035340,1513345024,344682496,18635336,1883959296,1928892416
findling-rss 1791035342,1513558016,344682496,18636384,1884151808,1928892416
findling-rss 1791035344,1515167744,344682496,18632648,1885470720,1928892416
findling-rss 1791035346,1518661632,344682496,18633280,1889509376,1928892416
findling-rss 1791035348,1514532864,344682496,18632752,1885929472,1928892416
findling-rss 1791035350,1418895360,344682496,18528992,1789239296,1928892416
findling-rss 1791035352,1514844160,344682496,18632104,1885335552,1928892416
findling-rss 1791035354,1447510016,344682496,18633392,1817808896,1928892416
findling-rss 1791035356,1513353216,344682496,18633944,1883787264,1928892416
findling-rss 1791035358,1494728704,344682496,18636528,1865412608,1928892416
findling-rss 1791035360,1515233280,344682496,18637008,1885450240,1928892416
findling-rss 1791035362,1511530496,344682496,18631376,1880571904,1928892416
findling-rss 1791035364,1516085248,344682496,18632032,1887191040,1928892416
findling-rss 1791035366,1516826624,344682496,18628240,1888051200,1928892416
findling-rss 1791035368,1517711360,344682496,18629120,1888763904,1928892416
findling-rss 1791035370,1517109248,344682496,18629640,1887952896,1928892416
findling-rss 1791035372,1517109248,344682496,18630008,1887776768,1928892416
findling-rss 1791035374,1516081152,344682496,18630000,1885315072,1928892416
findling-rss 1791035376,1516945408,344682496,18631800,1887617024,1928892416
findling-rss 1791035378,1500020736,338739200,18489640,1864585216,1928892416
findling-rss 1791035380,1394831360,338391040,18375464,1758744576,1928892416
findling-rss 1791035383,1500786688,338792448,18487264,1865261056,1928892416
findling-rss 1791035385,1500786688,338792448,18488864,1864937472,1928892416
findling-rss 1791035387,1500831744,338792448,18520448,1865314304,1928892416
findling-rss 1791035389,1501704192,338792448,18507384,1866772480,1928892416
findling-rss 1791035391,1462743040,338792448,18504608,1826787328,1928892416
findling-rss 1791035393,1483452416,338792448,18505448,1847721984,1928892416
findling-rss 1791035395,1500028928,338812928,18524128,1865183232,1928892416
findling-rss 1791035397,1506914304,338812928,18523688,1871970304,1928892416
findling-rss 1791035399,1444626432,338657280,18408336,1808568320,1928892416
findling-rss 1791035401,1500598272,338657280,18405072,1864904704,1928892416
findling-rss 1791035403,1507295232,338444288,18444864,1871863808,1928892416
findling-rss 1791035405,1562484736,338444288,18443784,1926877184,1928908800
findling-rss 1791035407,1400463360,338694144,18335568,1762213888,1929322496
findling-rss 1791035409,1502576640,338694144,18460680,1867358208,1929322496
findling-rss 1791035411,1405693952,338698240,18361544,1769447424,1929322496
findling-rss 1791035413,1502334976,338698240,18465888,1866858496,1929322496
findling-rss 1791035415,1411239936,338341888,18355072,1775177728,1929322496
findling-rss 1791035417,1501220864,338718720,18467040,1865777152,1929322496
findling-rss 1791035419,1501753344,338718720,18466872,1866096640,1929322496
findling-rss 1791035421,1501536256,338726912,18486600,1865736192,1929322496
findling-rss 1791035423,1353641984,338370560,18383536,1729933312,1929322496
findling-rss 1791035425,1501622272,338751488,18483584,1866043392,1929322496
findling-rss 1791035427,1502388224,338751488,18483200,1866747904,1929322496
findling-rss 1791035429,1501499392,338755584,18499880,1866051584,1929322496
findling-rss 1791035431,1501499392,338755584,18513272,1865654272,1929322496
findling-rss 1791035433,1495511040,338767872,18499536,1858662400,1929322496
findling-rss 1791035435,1500631040,338767872,18498024,1865912320,1929322496
findling-rss 1791035437,1501069312,338780160,18516752,1866498048,1929322496
findling-rss 1791035439,1501507584,338780160,18517672,1866424320,1929322496
findling-rss 1791035441,1481543680,338817024,18511816,1845903360,1929322496
findling-rss 1791035443,1501937664,338817024,18511304,1866477568,1929322496
findling-rss 1791035445,1481560064,338817024,18532032,1845792768,1929322496
findling-rss 1791035447,1502244864,338817024,18532096,1866330112,1929322496
findling-rss 1791035449,1434525696,338833408,18530384,1799024640,1929322496
findling-rss 1791035451,1501290496,338833408,18531248,1866076160,1929322496
findling-rss 1791035453,1517453312,338624512,18543400,1882075136,1929322496
findling-rss 1791035455,1564512256,338624512,18542896,1929199616,1931022336
findling-rss 1791035457,1398218752,398446592,20216496,1823944704,1931022336
findling-rss 1791035459,1503703040,338702336,18430648,1867902976,1931022336
findling-rss 1791035461,1405722624,338702336,18345792,1769250816,1931022336
findling-rss 1791035463,1501753344,338702336,18453816,1866682368,1931022336
findling-rss 1791035465,1353654272,338345984,18337088,1717035008,1931022336
findling-rss 1791035467,1501814784,338731008,18449496,1866010624,1931022336
findling-rss 1791035469,1503006720,338731008,18450840,1867554816,1931022336
findling-rss 1791035471,1501286400,342237184,18567352,1869717504,1931022336
findling-rss 1791035473,1405870080,342237184,18478256,1774538752,1931022336
findling-rss 1791035475,1510948864,342237184,18568632,1879363584,1931022336
findling-rss 1791035477,1425899520,342237184,18582448,1793671168,1931022336
findling-rss 1791035479,1518866432,342237184,18570736,1886953472,1931022336
findling-rss 1791035481,1457356800,342237184,18570328,1824862208,1931022336
findling-rss 1791035483,1513734144,342237184,18562992,1881628672,1931022336
findling-rss 1791035485,1493495808,342237184,18562176,1861607424,1931022336
findling-rss 1791035487,1519058944,342237184,18564368,1887068160,1931022336
findling-rss 1791035489,1493520384,342237184,18561768,1861799936,1931022336
findling-rss 1791035491,1516818432,342237184,18563152,1884901376,1931022336
findling-rss 1791035493,1440653312,342237184,18564576,1809014784,1931022336
findling-rss 1791035495,1460670464,342237184,18565216,1828773888,1931022336
findling-rss 1791035497,1459568640,342237184,18567176,1827495936,1931022336
findling-rss 1791035499,1466851328,342237184,18567120,1835286528,1931022336
findling-rss 1791035501,1505239040,342237184,18563832,1873383424,1931022336
findling-rss 1791035503,1506136064,342237184,18567224,1873940480,1931022336
findling-rss 1791035505,1513725952,342237184,18567504,1881841664,1931022336
findling-rss 1791035507,1514070016,342237184,18565024,1882284032,1931022336
findling-rss 1791035509,1516048384,342237184,18559968,1884274688,1931022336
findling-rss 1791035511,1516048384,342237184,18559968,1884168192,1931022336
findling-rss 1791035513,1501097984,338776064,18465056,1864634368,1931022336
findling-rss 1791035515,1501462528,338776064,18464544,1865584640,1931022336
findling-rss 1791035517,1501306880,338776064,18484120,1866289152,1931022336
findling-rss 1791035519,1505468416,338776064,18486088,1870086144,1931022336
findling-rss 1791035521,1481584640,338812928,18479120,1845862400,1931022336
findling-rss 1791035523,1501593600,338812928,18495024,1865961472,1931022336
findling-rss 1791035525,1499209728,338804736,18499664,1863790592,1931022336
findling-rss 1791035527,1501827072,338804736,18502424,1866280960,1931022336
findling-rss 1791035529,1481592832,338837504,18498608,1846190080,1931022336
findling-rss 1791035531,1505001472,338837504,18499632,1869565952,1931022336
findling-rss 1791035533,1481564160,338829312,18517680,1845841920,1931022336
findling-rss 1791035535,1500606464,338829312,18520752,1864912896,1931022336
findling-rss 1791035537,1434849280,343060480,18630008,1802506240,1931022336
findling-rss 1791035539,1501351936,343060480,18638768,1870540800,1931022336
findling-rss 1791035541,1491353600,343060480,18634816,1860055040,1931022336
findling-rss 1791035543,1518182400,343060480,18632024,1886818304,1931022336
findling-rss 1791035545,1492389888,343060480,18635936,1861378048,1931022336
findling-rss 1791035547,1513238528,343060480,18630512,1882099712,1931022336
findling-rss 1791035549,1512398848,343060480,18629464,1881387008,1931022336
findling-rss 1791035551,1513492480,343060480,18630064,1882411008,1931022336
findling-rss 1791035553,1513492480,343060480,18635192,1883176960,1931022336
findling-rss 1791035555,1513492480,343060480,18636256,1883357184,1931022336
findling-rss 1791035557,1512837120,343060480,18633736,1882206208,1931022336
findling-rss 1791035559,1512837120,343060480,18632488,1882124288,1931022336
findling-rss 1791035561,1461190656,343060480,18632672,1830289408,1931022336
findling-rss 1791035563,1380745216,343060480,18632584,1804320768,1931022336
findling-rss 1791035565,1460252672,343060480,18635024,1828835328,1931022336
findling-rss 1791035567,1420070912,343060480,18629664,1788715008,1931022336
findling-rss 1791035569,1508265984,343060480,18666808,1876873216,1931022336
findling-rss 1791035571,1468723200,343060480,18629688,1837477888,1931022336
findling-rss 1791035573,1515196416,343060480,18629816,1883578368,1931022336
findling-rss 1791035575,1495920640,343060480,18628504,1865609216,1931022336
findling-rss 1791035577,1516498944,343060480,18631656,1886158848,1931022336
findling-rss 1791035579,1497001984,343060480,18633160,1866244096,1931022336
findling-rss 1791035581,1517641728,343060480,18638432,1886498816,1931022336
findling-rss 1791035583,1516195840,343060480,18638136,1885364224,1931022336
findling-rss 1791035585,1520267264,343060480,18635960,1889386496,1931022336
findling-rss 1791035587,1483915264,340045824,18568144,1849806848,1931022336
findling-rss 1791035589,1484693504,340045824,18569024,1850511360,1931022336
findling-rss 1791035591,1447137280,338907136,18537352,1811046400,1931022336
findling-rss 1791035593,1501323264,338907136,18536128,1866027008,1931022336
findling-rss 1791035595,1481596928,338911232,18556568,1846259712,1931022336
findling-rss 1791035597,1507004416,338911232,18559128,1872117760,1931022336
findling-rss 1791035599,1356025856,398938112,20220824,1779359744,1931022336
findling-rss 1791035601,1505038336,338767872,18436832,1868976128,1931022336
findling-rss 1791035603,1404612608,338776064,18347968,1767092224,1931022336
findling-rss 1791035605,1502494720,338776064,18450968,1867321344,1931022336
findling-rss 1791035607,1353756672,338415616,18345536,1718034432,1931022336
findling-rss 1791035609,1501147136,338792448,18453432,1865142272,1931022336
findling-rss 1791035611,1501147136,338792448,18453128,1865797632,1931022336
findling-rss 1791035613,1501278208,338792448,18472672,1866485760,1931022336
findling-rss 1791035615,1505329152,338792448,18472608,1868734464,1931022336
findling-rss 1791035617,1500917760,338829312,18469528,1864716288,1931022336
findling-rss 1791035619,1502736384,338829312,18470912,1866915840,1931022336
findling-rss 1791035621,1501151232,338825216,18486688,1865633792,1931022336
findling-rss 1791035623,1506148352,338825216,18489384,1870503936,1931022336
findling-rss 1791035625,1472901120,338849792,18482072,1837776896,1931022336
findling-rss 1791035627,1501224960,338849792,18485824,1865809920,1931022336
findling-rss 1791035629,1481617408,338853888,18504616,1846210560,1931022336
findling-rss 1791035631,1502236672,338853888,18506456,1867616256,1931022336
findling-rss 1791035633,1432649728,338882560,18501016,1796972544,1931022336
findling-rss 1791035635,1502072832,338882560,18501952,1865920512,1931022336
findling-rss 1791035637,1455513600,338886656,18518512,1819295744,1931022336
findling-rss 1791035639,1501818880,338886656,18522384,1866440704,1931022336
findling-rss 1791035641,1385963520,338903040,18409672,1749069824,1931022336
findling-rss 1791035643,1501155328,338903040,18523848,1866211328,1931022336
findling-rss 1791035645,1405788160,338911232,18437696,1770528768,1931022336
findling-rss 1791035647,1501868032,338911232,18536576,1866698752,1931022336
findling-rss 1791035649,1353719808,338587648,18422784,1717178368,1931022336
findling-rss 1791035651,1501990912,347369472,18765472,1875439616,1931022336
findling-rss 1791035653,1501990912,347369472,18764088,1875005440,1931022336
findling-rss 1791035655,1511337984,347369472,18766144,1884545024,1931022336
findling-rss 1791035657,1424728064,347369472,18767080,1794793472,1931022336
findling-rss 1791035660,1512595456,347369472,18810424,1887084544,1931022336
findling-rss 1791035662,1467412480,347369472,18769648,1840857088,1931022336
findling-rss 1791035664,1513369600,347369472,18763792,1886257152,1931022336
findling-rss 1791035666,1493540864,347369472,18763816,1867198464,1931022336
findling-rss 1791035668,1517924352,347369472,18766384,1891983360,1931022336
findling-rss 1791035670,1493573632,347369472,18767744,1867276288,1931022336
findling-rss 1791035672,1513324544,347369472,18768864,1886773248,1931022336
findling-rss 1791035674,1461313536,347369472,18768408,1834401792,1931022336
findling-rss 1791035676,1461313536,347369472,18769768,1834733568,1931022336
findling-rss 1791035678,1460047872,347369472,18768344,1833078784,1931022336
findling-rss 1791035680,1460461568,347369472,18765528,1833521152,1931022336
findling-rss 1791035682,1505210368,347369472,18767104,1878290432,1931022336
findling-rss 1791035684,1505210368,347369472,18763872,1878753280,1931022336
findling-rss 1791035686,1515298816,347369472,18764872,1888956416,1931022336
findling-rss 1791035688,1515298816,347369472,18765272,1889230848,1931022336
findling-rss 1791035690,1516679168,347369472,18764944,1889992704,1931022336
findling-rss 1791035692,1421266944,347369472,18666712,1794031616,1931022336
findling-rss 1791035694,1518137344,347369472,18760568,1891323904,1931022336
findling-rss 1791035696,1449988096,347369472,18760288,1823481856,1931022336
findling-rss 1791035698,1516490752,347369472,18760200,1890205696,1931022336
findling-rss 1791035700,1497112576,347369472,18763048,1869721600,1931022336
findling-rss 1791035702,1517473792,347369472,18767840,1890390016,1931022336
findling-rss 1791035704,1497104384,347369472,18766032,1869979648,1931022336
findling-rss 1791035706,1516953600,347369472,18773088,1890045952,1931022336
findling-rss 1791035708,1516371968,347369472,18763488,1889841152,1931022336
findling-rss 1791035710,1517715456,347369472,18764224,1891217408,1931022336
findling-rss 1791035712,1523671040,347369472,18764776,1897345024,1931022336
findling-rss 1791035714,1524846592,347369472,18764600,1898872832,1931022336
findling-rss 1791035716,1517760512,347369472,18764112,1891438592,1931022336
findling-rss 1791035718,1518309376,347369472,18763152,1891954688,1931022336
findling-rss 1791035720,1523601408,347369472,18763760,1897463808,1931022336
findling-rss 1791035722,1523601408,347369472,18765384,1897148416,1931022336
findling-rss 1791035724,1465954304,347369472,18761424,1839366144,1931022336
findling-rss 1791035726,1421881344,347369472,18663352,1794908160,1931022336
findling-rss 1791035728,1466146816,347369472,18764896,1839841280,1931022336
findling-rss 1791035730,1442234368,347369472,18762952,1815363584,1931022336
findling-rss 1791035732,1510240256,347369472,18766752,1883582464,1931022336
findling-rss 1791035734,1499865088,347369472,18765704,1872945152,1931022336
findling-rss 1791035736,1525563392,347369472,18764528,1899057152,1931022336
findling-rss 1791035738,1500917760,347369472,18766000,1874104320,1931022336
findling-rss 1791035740,1521946624,347369472,18767056,1895297024,1931022336
findling-rss 1791035742,1513525248,347369472,18768296,1885941760,1931022336
findling-rss 1791035744,1520377856,347369472,18766232,1893904384,1931022336
findling-rss 1791035746,1454448640,338964480,18554544,1818804224,1931022336
findling-rss 1791035748,1457283072,338964480,18555424,1821622272,1931022336
findling-rss 1791035750,1428570112,338853888,18448280,1792380928,1931022336
findling-rss 1791035752,1457635328,338853888,18451144,1821753344,1931022336
findling-rss 1791035754,1481646080,338849792,18454744,1845448704,1931022336
findling-rss 1791035756,1501941760,338849792,18456184,1866211328,1931022336
findling-rss 1791035758,1405812736,338882560,18341032,1769766912,1931022336
findling-rss 1791035760,1503555584,338882560,18455248,1867268096,1931022336
findling-rss 1791035762,1405812736,338882560,18362168,1769517056,1931022336
findling-rss 1791035764,1502154752,338882560,18475976,1866772480,1931022336
findling-rss 1791035766,1411358720,338526208,18360720,1774780416,1931022336
findling-rss 1791035768,1501495296,338898944,18479032,1866604544,1931022336
findling-rss 1791035770,1502437376,338898944,18467600,1867419648,1931022336
findling-rss 1791035772,1502380032,338907136,18484632,1867206656,1931022336
findling-rss 1791035774,1366171648,338907136,18402992,1769844736,1931022336
findling-rss 1791035776,1508745216,338944000,18485328,1872830464,1931022336
findling-rss 1791035778,1508823040,338944000,18486688,1874214912,1931022336
findling-rss 1791035780,1500954624,338939904,18506296,1865662464,1931022336
findling-rss 1791035782,1501884416,338939904,18506744,1866969088,1931022336
findling-rss 1791035784,1483902976,338964480,18503368,1847517184,1931022336
findling-rss 1791035786,1500897280,338964480,18505208,1865887744,1931022336
findling-rss 1791035788,1501868032,338960384,18519552,1867665408,1931022336
findling-rss 1791035790,1501945856,338960384,18520912,1867493376,1931022336
findling-rss 1791035792,1481658368,338997248,18520928,1846398976,1931022336
findling-rss 1791035794,1506807808,338997248,18519872,1871233024,1931022336
findling-rss 1791035796,1481633792,339001344,18542464,1845739520,1931022336
findling-rss 1791035798,1502707712,339001344,18544072,1866657792,1931022336
findling-rss 1791035800,1445593088,339034112,18535680,1810497536,1931022336
findling-rss 1791035802,1501675520,339034112,18538656,1866346496,1931022336
findling-rss 1791035804,1456160768,340209664,18582376,1822531584,1931022336
findling-rss 1791035806,1487941632,340209664,18585544,1853517824,1931022336
findling-rss 1791035808,1388351488,352141312,18848200,1766043648,1931022336
findling-rss 1791035810,1502035968,338903040,18436472,1866653696,1931022336
findling-rss 1791035812,1390170112,338890752,18348304,1752051712,1931022336
findling-rss 1791035814,1501044736,338890752,18453568,1865940992,1931022336
findling-rss 1791035816,1353748480,338575360,18329680,1717948416,1931022336
findling-rss 1791035818,1487994880,338935808,18456248,1852862464,1931022336
findling-rss 1791035820,1388351488,338575360,18370272,1751494656,1931022336
findling-rss 1791035822,1502420992,338927616,18478648,1866702848,1931022336
findling-rss 1791035824,1396084736,338575360,18366888,1760227328,1931022336
findling-rss 1791035826,1501454336,338952192,18472680,1866338304,1931022336
findling-rss 1791035828,1501474816,338952192,18472544,1866121216,1931022336
findling-rss 1791035830,1504284672,338956288,18492664,1869520896,1931022336
findling-rss 1791035832,1505243136,338956288,18491912,1870307328,1931022336
findling-rss 1791035834,1501003776,338980864,18486680,1865502720,1931022336
findling-rss 1791035836,1501003776,338980864,18487200,1865478144,1931022336
findling-rss 1791035838,1501507584,338980864,18505360,1866461184,1931022336
findling-rss 1791035840,1502298112,338980864,18506424,1867735040,1931022336
findling-rss 1791035842,1498963968,339013632,18506112,1863016448,1931022336
findling-rss 1791035844,1501896704,339013632,18505568,1866534912,1931022336
findling-rss 1791035846,1501032448,339009536,18522720,1865474048,1931022336
findling-rss 1791035848,1508917248,339009536,18525448,1873850368,1931022336
findling-rss 1791035850,1481646080,339034112,18520248,1846558720,1931022336
findling-rss 1791035852,1505812480,339034112,18522040,1871376384,1931022336
findling-rss 1791035854,1481637888,339038208,18539880,1846665216,1931022336
findling-rss 1791035856,1501450240,339038208,18539304,1866223616,1931022336
findling-rss 1791035858,1421541376,339075072,18536208,1781800960,1931022336
findling-rss 1791035860,1501499392,339075072,18537032,1866117120,1931022336
findling-rss 1791035862,1442762752,339075072,18554232,1807040512,1931022336
findling-rss 1791035864,1501364224,339075072,18556344,1866264576,1931022336
findling-rss 1791035866,1353748480,359038976,19050704,1737523200,1931022336
findling-rss 1791035868,1501941760,338919424,18437560,1866240000,1931022336
findling-rss 1791035870,1405816832,338919424,18349040,1769529344,1931022336
findling-rss 1791035872,1501466624,338919424,18456272,1865256960,1931022336
findling-rss 1791035874,1396449280,338575360,18337040,1760641024,1931022336
findling-rss 1791035876,1501519872,338952192,18456400,1866153984,1931022336
findling-rss 1791035878,1353748480,338604032,18363832,1717620736,1931022336
findling-rss 1791035880,1501040640,338956288,18473360,1865736192,1931022336
findling-rss 1791035882,1353748480,338604032,18360432,1717534720,1931022336
findling-rss 1791035884,1501421568,338980864,18471616,1865748480,1931022336
findling-rss 1791035886,1503559680,338980864,18470016,1867771904,1931022336
findling-rss 1791035888,1484873728,339001344,18490456,1849249792,1931022336
findling-rss 1791035890,1485586432,339001344,18490640,1849114624,1931022336
findling-rss 1791035892,1500999680,339013632,18485024,1865818112,1931022336
findling-rss 1791035894,1501810688,339013632,18488080,1866121216,1931022336
findling-rss 1791035896,1501515776,339009536,18508448,1865949184,1931022336
findling-rss 1791035898,1501515776,339009536,18509328,1866526720,1931022336
findling-rss 1791035900,1481641984,343269376,18628584,1850515456,1931022336
findling-rss 1791035902,1501257728,343269376,18627272,1868840960,1931022336
findling-rss 1791035904,1509130240,343269376,18620696,1878294528,1931022336
findling-rss 1791035906,1512099840,343269376,18622760,1881513984,1931022336
findling-rss 1791035908,1511313408,343269376,18621008,1880813568,1931022336
findling-rss 1791035910,1511612416,343269376,18620112,1881169920,1931022336
findling-rss 1791035912,1513340928,343269376,18621272,1883242496,1931022336
findling-rss 1791035914,1514237952,343269376,18622672,1883824128,1931022336
findling-rss 1791035916,1514582016,343269376,18622552,1883623424,1931022336
findling-rss 1791035918,1471668224,343269376,18624224,1857257472,1931022336
findling-rss 1791035920,1514778624,343269376,18626072,1884053504,1931022336
findling-rss 1791035922,1366568960,343269376,18616624,1734918144,1931022336
findling-rss 1791035924,1461198848,343269376,18624760,1830895616,1931022336
findling-rss 1791035926,1404125184,343269376,18624104,1773375488,1931022336
findling-rss 1791035928,1461256192,343269376,18625312,1830518784,1931022336
findling-rss 1791035930,1485193216,343269376,18626744,1854324736,1931022336
findling-rss 1791035932,1504350208,343269376,18625176,1873063936,1931022336
findling-rss 1791035934,1503440896,343269376,18626816,1871601664,1931022336
findling-rss 1791035936,1520984064,343269376,18625576,1890299904,1931022336
findling-rss 1791035939,1515581440,343269376,18623760,1885196288,1931022336
findling-rss 1791035941,1519063040,343269376,18628272,1888763904,1931022336
findling-rss 1791035943,1515995136,343269376,18626624,1885409280,1931022336
findling-rss 1791035945,1516015616,343269376,18625608,1885581312,1931022336
findling-rss 1791035947,1515380736,343269376,18623248,1884966912,1931022336
findling-rss 1791035949,1519026176,343269376,18623712,1888120832,1931022336
findling-rss 1791035951,1502347264,339058688,18526944,1867472896,1931022336
findling-rss 1791035953,1505116160,339058688,18528248,1870450688,1931022336
findling-rss 1791035955,1500606464,339099648,18528832,1866059776,1931022336
findling-rss 1791035957,1501085696,339099648,18529928,1865846784,1931022336
findling-rss 1791035959,1502195712,339103744,18549792,1866809344,1931022336
findling-rss 1791035961,1503219712,339103744,18551528,1868058624,1931022336
findling-rss 1791035963,1481662464,339128320,18542776,1845653504,1931022336
findling-rss 1791035965,1501904896,339128320,18544944,1866616832,1931022336
findling-rss 1791035967,1481654272,339124224,18562144,1847173120,1931022336
findling-rss 1791035969,1501077504,339124224,18565296,1866313728,1931022336
findling-rss 1791035971,1444945920,338993152,18440696,1808920576,1931022336
findling-rss 1791035973,1500856320,338993152,18440760,1865338880,1931022336
findling-rss 1791035975,1481674752,338997248,18458528,1846419456,1931022336
findling-rss 1791035977,1503002624,338997248,18460112,1867563008,1931022336
findling-rss 1791035979,1405829120,339013632,18351192,1769562112,1931022336
findling-rss 1791035981,1502146560,339013632,18461744,1866792960,1931022336
findling-rss 1791035983,1405829120,339021824,18369072,1770389504,1931022336
findling-rss 1791035985,1502519296,339021824,18475976,1866772480,1931022336
findling-rss 1791035987,1409081344,338665472,18360960,1772945408,1931022336
findling-rss 1791035989,1501159424,339046400,18474808,1865879552,1931022336
findling-rss 1791035991,1475444736,339046400,18476408,1850515456,1931022336
findling-rss 1791035993,1500950528,339042304,18491888,1865142272,1931022336
findling-rss 1791035995,1353773056,338694144,18381496,1718181888,1931022336
findling-rss 1791035997,1501229056,339079168,18491328,1865490432,1931022336
findling-rss 1791035999,1501696000,339079168,18491328,1866338304,1931022336
findling-rss 1791036001,1507115008,339070976,18507976,1871974400,1931022336
findling-rss 1791036003,1507713024,339070976,18507864,1872891904,1931022336
findling-rss 1791036005,1502171136,339107840,18504592,1866952704,1931022336
findling-rss 1791036007,1502208000,339107840,18507304,1867374592,1931022336
findling-rss 1791036009,1501519872,339107840,18525072,1866686464,1931022336
findling-rss 1791036011,1503014912,339107840,18525272,1867706368,1931022336
findling-rss 1791036013,1481687040,339128320,18522672,1846251520,1931022336
findling-rss 1791036015,1502138368,339128320,18525824,1867194368,1931022336
findling-rss 1791036017,1499111424,339136512,18543024,1863548928,1931022336
findling-rss 1791036019,1502806016,339136512,18541824,1867362304,1931022336
findling-rss 1791036021,1445818368,339173376,18539760,1810804736,1931022336
findling-rss 1791036023,1502265344,339173376,18538248,1866498048,1931022336
findling-rss 1791036025,1481678848,339161088,18558320,1846738944,1931022336
findling-rss 1791036027,1501986816,339161088,18558560,1866452992,1931022336
findling-rss 1791036029,1407225856,399429632,20318624,1833320448,1931022336
findling-rss 1791036031,1502068736,339021824,18440128,1867137024,1931022336
findling-rss 1791036033,1443979264,339021824,18455720,1808285696,1931022336
findling-rss 1791036035,1501773824,339021824,18457840,1865940992,1931022336
findling-rss 1791036037,1353793536,338698240,18330728,1717100544,1931022336
findling-rss 1791036039,1562947584,338837504,18448992,1926885376,1931022336
findling-rss 1791036041,1398366208,342917120,18471584,1765617664,1931022336
findling-rss 1791036043,1501741056,342917120,18587704,1870471168,1931022336
findling-rss 1791036045,1415647232,342917120,18486040,1784127488,1931022336
findling-rss 1791036047,1511247872,342917120,18585648,1879789568,1931022336
findling-rss 1791036049,1454555136,342917120,18588232,1822728192,1931022336
findling-rss 1791036051,1513365504,342917120,18587296,1881391104,1931022336
findling-rss 1791036053,1484926976,342917120,18587128,1851736064,1931022336
findling-rss 1791036055,1513852928,342917120,18587640,1882742784,1931022336
findling-rss 1791036057,1493614592,342917120,18589680,1862402048,1931022336
findling-rss 1791036059,1513582592,342917120,18585600,1882382336,1931022336
findling-rss 1791036061,1512681472,342917120,18590600,1881907200,1931022336
findling-rss 1791036063,1513496576,342917120,18590488,1882271744,1931022336
findling-rss 1791036065,1512456192,342917120,18588368,1881325568,1931022336
findling-rss 1791036067,1513357312,342917120,18585896,1882308608,1931022336
findling-rss 1791036069,1513717760,342917120,18586208,1882677248,1931022336
findling-rss 1791036071,1514192896,342917120,18586448,1883295744,1931022336
findling-rss 1791036073,1514528768,342917120,18600088,1883643904,1931022336
findling-rss 1791036075,1419247616,342917120,18483216,1787555840,1931022336
findling-rss 1791036077,1514676224,342917120,18588776,1883525120,1931022336
findling-rss 1791036079,1458962432,342917120,18587208,1827549184,1931022336
findling-rss 1791036081,1515130880,342917120,18588000,1883906048,1931022336
findling-rss 1791036083,1495076864,342917120,18576720,1863331840,1931022336
findling-rss 1791036085,1515175936,342917120,18580240,1883901952,1931022336
findling-rss 1791036087,1405874176,339107840,18370336,1769857024,1931022336
findling-rss 1791036089,1501855744,339107840,18479456,1866493952,1931022336
findling-rss 1791036091,1434427392,339099648,18496680,1799069696,1931022336
findling-rss 1791036093,1501261824,339099648,18495432,1866342400,1931022336
findling-rss 1791036095,1353805824,338776064,18371344,1717305344,1931022336
findling-rss 1791036097,1501569024,339128320,18491648,1865392128,1931022336
findling-rss 1791036099,1387208704,339128320,18409072,1750282240,1931022336
findling-rss 1791036101,1502162944,339128320,18511144,1866641408,1931022336
findling-rss 1791036103,1411428352,338776064,18400400,1775452160,1931022336
findling-rss 1791036105,1501249536,339161088,18509064,1865248768,1931022336
findling-rss 1791036107,1505394688,339161088,18509432,1870155776,1931022336
findling-rss 1791036109,1502928896,343035904,18633800,1871613952,1931022336
findling-rss 1791036111,1503043584,343035904,18635400,1871912960,1931022336
findling-rss 1791036113,1511518208,343035904,18635704,1879470080,1931022336
findling-rss 1791036115,1416736768,343035904,18527280,1785094144,1931022336
findling-rss 1791036117,1512517632,343035904,18631944,1881444352,1931022336
findling-rss 1791036119,1467531264,343035904,18644760,1832202240,1931022336
findling-rss 1791036121,1514639360,343035904,18634336,1883299840,1931022336
findling-rss 1791036123,1493635072,343035904,18634120,1862086656,1931022336
findling-rss 1791036125,1513455616,343035904,18635912,1882710016,1931022336
findling-rss 1791036127,1493651456,343035904,18631160,1862246400,1931022336
findling-rss 1791036129,1515589632,343035904,18632760,1884278784,1931022336
findling-rss 1791036131,1458388992,343035904,18633792,1827307520,1931022336
findling-rss 1791036133,1465061376,343035904,18635336,1834340352,1931022336
findling-rss 1791036135,1460072448,343035904,18636656,1829081088,1931022336
findling-rss 1791036137,1467371520,343035904,18635616,1836331008,1931022336
findling-rss 1791036139,1504382976,343035904,18633696,1873367040,1931022336
findling-rss 1791036141,1505136640,343035904,18635624,1873960960,1931022336
findling-rss 1791036143,1514659840,343035904,18633192,1882062848,1931022336
findling-rss 1791036145,1515139072,343035904,18631648,1883516928,1931022336
findling-rss 1791036147,1516371968,343035904,18632680,1885077504,1931022336
findling-rss 1791036149,1516371968,343035904,18629392,1885773824,1931022336
findling-rss 1791036151,1515089920,343035904,18629208,1884327936,1931022336
findling-rss 1791036153,1412739072,338821120,18409872,1777168384,1931022336
findling-rss 1791036155,1501048832,339210240,18526968,1865908224,1931022336
findling-rss 1791036157,1502228480,339210240,18527216,1867608064,1931022336
findling-rss 1791036159,1485393920,340385792,18575168,1851846656,1931022336
findling-rss 1791036161,1486430208,340385792,18576896,1852440576,1931022336
findling-rss 1791036163,1481732096,339238912,18546296,1846779904,1931022336
findling-rss 1791036165,1501396992,339238912,18568664,1866846208,1931022336
findling-rss 1791036167,1481732096,339234816,18557520,1846538240,1931022336
findling-rss 1791036169,1508139008,339234816,18562120,1873694720,1931022336
findling-rss 1791036171,1432784896,399581184,20331432,1859919872,1931022336
findling-rss 1791036173,1501904896,339099648,18442672,1866878976,1931022336
findling-rss 1791036175,1417535488,339099648,18456680,1782214656,1931022336
findling-rss 1791036177,1502539776,339099648,18462440,1867542528,1931022336
findling-rss 1791036179,1353854976,338776064,18342496,1717391360,1931022336
findling-rss 1791036181,1501413376,339128320,18466912,1866399744,1931022336
findling-rss 1791036183,1391464448,339128320,18377960,1754222592,1931022336
findling-rss 1791036185,1502478336,339128320,18482432,1866907648,1931022336
findling-rss 1791036187,1398022144,338776064,18368888,1762881536,1931022336
findling-rss 1791036189,1502035968,339156992,18479296,1866698752,1931022336
findling-rss 1791036191,1502035968,339156992,18480280,1866383360,1931022336
findling-rss 1791036193,1484279808,339169280,18495736,1848922112,1931022336
findling-rss 1791036195,1446076416,338804736,18380120,1810079744,1931022336
findling-rss 1791036197,1502486528,339189760,18494600,1867292672,1931022336
findling-rss 1791036199,1502961664,339189760,18495456,1867915264,1931022336
findling-rss 1791036201,1505431552,339181568,18514152,1870450688,1931022336
findling-rss 1791036203,1506217984,339181568,18509568,1870127104,1931022336
findling-rss 1791036205,1501061120,339218432,18509784,1865801728,1931022336
findling-rss 1791036207,1502715904,339218432,18509752,1867927552,1931022336
findling-rss 1791036209,1502584832,339218432,18528360,1867878400,1931022336
findling-rss 1791036211,1503821824,339218432,18540992,1869279232,1931022336
findling-rss 1791036213,1481797632,339247104,18523512,1846243328,1931022336
findling-rss 1791036215,1502023680,339247104,18527664,1866260480,1931022336
findling-rss 1791036218,1481764864,339238912,18543280,1846235136,1931022336
findling-rss 1791036220,1501896704,339238912,18542336,1866776576,1931022336
findling-rss 1791036222,1434476544,340672512,18580600,1800679424,1931022336
findling-rss 1791036224,1502855168,340672512,18582576,1869115392,1931022336
findling-rss 1791036226,1465458688,340672512,18578848,1832116224,1931022336
findling-rss 1791036228,1512148992,340672512,18583264,1878937600,1931022336
findling-rss 1791036230,1491927040,340672512,18585464,1858772992,1931022336
findling-rss 1791036232,1511907328,340672512,18586632,1878360064,1931022336
findling-rss 1791036234,1498152960,340672512,18584168,1863184384,1931022336
findling-rss 1791036236,1511374848,340672512,18599216,1878024192,1931022336
findling-rss 1791036238,1512919040,340672512,18584776,1879207936,1931022336
findling-rss 1791036240,1513058304,340672512,18585448,1879937024,1931022336
findling-rss 1791036242,1500889088,339275776,18568024,1866362880,1931022336
findling-rss 1791036244,1506111488,339275776,18568000,1871249408,1931022336
findling-rss 1791036246,1481781248,339128320,18451128,1846181888,1931022336
findling-rss 1791036248,1500790784,339128320,18453152,1865621504,1931022336
findling-rss 1791036250,1501212672,339128320,18471168,1865957376,1931022336
findling-rss 1791036252,1502244864,339128320,18467168,1867210752,1931022336
findling-rss 1791036254,1464393728,339161088,18467896,1824882688,1931022336
findling-rss 1791036256,1507405824,339161088,18468200,1871769600,1931022336
findling-rss 1791036258,1481793536,339156992,18498520,1847529472,1931022336
findling-rss 1791036260,1501892608,339156992,18485608,1867272192,1931022336
findling-rss 1791036262,1417482240,339193856,18478768,1782034432,1931022336
findling-rss 1791036264,1507786752,339193856,18478400,1872326656,1931022336
findling-rss 1791036266,1433731072,339193856,18495832,1798270976,1931022336
findling-rss 1791036268,1502793728,339193856,18497048,1867530240,1931022336
findling-rss 1791036270,1353900032,338862080,18380744,1718468608,1931022336
findling-rss 1791036272,1501691904,339218432,18494272,1866698752,1931022336
findling-rss 1791036274,1353900032,338866176,18395536,1718353920,1931022336
findling-rss 1791036276,1500721152,339214336,18512256,1866256384,1931022336
findling-rss 1791036278,1353908224,338866176,18397504,1718345728,1931022336
findling-rss 1791036280,1501831168,339251200,18513528,1866543104,1931022336
findling-rss 1791036282,1502400512,339251200,18513728,1866973184,1931022336
findling-rss 1791036284,1501036544,339243008,18533440,1865424896,1931022336
findling-rss 1791036286,1475899392,339243008,18528952,1840439296,1931022336
findling-rss 1791036288,1501777920,339271680,18531336,1867010048,1931022336
findling-rss 1791036290,1501822976,339271680,18527728,1866801152,1931022336
findling-rss 1791036292,1502265344,339275776,18548160,1867915264,1931022336
findling-rss 1791036294,1502384128,339275776,18545864,1867329536,1931022336
findling-rss 1791036296,1481818112,339296256,18544352,1847070720,1931022336
findling-rss 1791036298,1503031296,339296256,18548008,1868718080,1931022336
findling-rss 1791036300,1500913664,339304448,18563824,1865953280,1931022336
findling-rss 1791036302,1501446144,339304448,18565464,1866563584,1931022336
findling-rss 1791036304,1481826304,339161088,18460560,1846521856,1931022336
findling-rss 1791036306,1503395840,339161088,18445712,1867517952,1931022336
findling-rss 1791036308,1481805824,339857408,18476336,1846784000,1931022336
findling-rss 1791036310,1501999104,339857408,18481400,1867579392,1931022336
findling-rss 1791036312,1510395904,339857408,18482480,1876484096,1931022336
findling-rss 1791036314,1511034880,339857408,18480608,1876721664,1931022336
findling-rss 1791036316,1512443904,339857408,18482424,1878298624,1931022336
findling-rss 1791036318,1512443904,339857408,18483832,1878220800,1931022336
findling-rss 1791036320,1481822208,340946944,18514504,1848582144,1931022336
findling-rss 1791036322,1505030144,340946944,18514448,1870946304,1931022336
findling-rss 1791036324,1511272448,340946944,18514112,1877684224,1931022336
findling-rss 1791036326,1511305216,340946944,18511344,1878011904,1931022336
findling-rss 1791036328,1512316928,340946944,18511744,1879232512,1931022336
findling-rss 1791036330,1517211648,340946944,18510344,1884123136,1931022336
findling-rss 1791036332,1512992768,340946944,18511232,1879445504,1931022336
findling-rss 1791036334,1518620672,340946944,18508760,1886162944,1931022336
findling-rss 1791036336,1513218048,340946944,18509232,1880244224,1931022336
findling-rss 1791036338,1513218048,340946944,18507400,1880121344,1931022336
findling-rss 1791036340,1513988096,340946944,18508736,1881247744,1931022336
findling-rss 1791036342,1513988096,340946944,18509144,1880727552,1931022336
findling-rss 1791036344,1501351936,342007808,18559704,1869193216,1931022336
findling-rss 1791036346,1505153024,342007808,18561192,1872560128,1931022336
findling-rss 1791036348,1511178240,342007808,18554224,1878929408,1931022336
findling-rss 1791036350,1416822784,342007808,18463000,1784201216,1931022336
findling-rss 1791036352,1513242624,342007808,18557264,1880686592,1931022336
findling-rss 1791036354,1467625472,342007808,18555952,1835077632,1931022336
findling-rss 1791036356,1513988096,342007808,18553880,1881772032,1931022336
findling-rss 1791036358,1493721088,342007808,18554048,1862000640,1931022336
findling-rss 1791036360,1517592576,342007808,18553880,1885270016,1931022336
findling-rss 1791036362,1493716992,342007808,18553792,1861107712,1931022336
findling-rss 1791036364,1513746432,342007808,18554952,1881698304,1931022336
findling-rss 1791036366,1510584320,342007808,18555448,1878552576,1931022336
findling-rss 1791036368,1513361408,342007808,18556056,1881538560,1931022336
findling-rss 1791036370,1513545728,342007808,18556856,1881096192,1931022336
findling-rss 1791036372,1515446272,342007808,18558720,1882947584,1931022336
findling-rss 1791036374,1514573824,342007808,18557136,1882411008,1931022336
findling-rss 1791036376,1520082944,342007808,18558272,1888227328,1931022336
findling-rss 1791036378,1481834496,339251200,18483808,1847001088,1931022336
findling-rss 1791036380,1502478336,339251200,18485600,1867632640,1931022336
findling-rss 1791036382,1500987392,339247104,18506520,1866145792,1931022336
findling-rss 1791036384,1502232576,339247104,18500136,1867190272,1931022336
findling-rss 1791036386,1446572032,339288064,18496504,1812193280,1931022336
findling-rss 1791036388,1503019008,339288064,18495712,1867902976,1931022336
findling-rss 1791036390,1473134592,339279872,18513144,1837780992,1931022336
findling-rss 1791036392,1501921280,339279872,18514784,1866559488,1931022336
findling-rss 1791036394,1405988864,339300352,18403456,1770545152,1931022336
findling-rss 1791036396,1502785536,339300352,18586576,1867284480,1931022336
findling-rss 1791036398,1406119936,339292160,18431024,1770921984,1931022336
findling-rss 1791036400,1502212096,339292160,18532864,1867862016,1931022336
findling-rss 1791036402,1354051584,338980864,18406552,1717882880,1931022336
findling-rss 1791036404,1501900800,339333120,18533064,1866702848,1931022336
findling-rss 1791036406,1360986112,339333120,18450640,1717669888,1931022336
findling-rss 1791036408,1502257152,339333120,18552968,1867534336,1931022336
findling-rss 1791036410,1411665920,338980864,18442664,1776136192,1931022336
findling-rss 1791036412,1501827072,339369984,18551232,1867476992,1931022336
findling-rss 1791036414,1501872128,339369984,18546264,1867141120,1931022336
findling-rss 1791036416,1501528064,339361792,18564352,1866788864,1931022336
findling-rss 1791036418,1501990912,339361792,18576744,1867239424,1931022336
findling-rss 1791036420,1502326784,339218432,18446280,1867644928,1931022336
findling-rss 1791036422,1508139008,339218432,18451848,1873035264,1931022336
findling-rss 1791036424,1501966336,339214336,18471648,1867063296,1931022336
findling-rss 1791036426,1502044160,339214336,18465832,1867292672,1931022336
findling-rss 1791036428,1331978240,339251200,18344976,1695924224,1931022336
findling-rss 1791036430,1466478592,339251200,18521016,1831370752,1931022336
findling-rss 1791036432,1466896384,339251200,18523248,1831768064,1931022336
findling-rss 1791036434,1500471296,339251200,18541064,1865437184,1931022336
findling-rss 1791036436,1500565504,339251200,18541944,1865293824,1931022336
findling-rss 1791036438,1499906048,339275776,18537296,1864970240,1931022336
findling-rss 1791036440,1505869824,339275776,18550296,1871282176,1931022336
findling-rss 1791036442,1499222016,339275776,18556248,1864552448,1931022336
findling-rss 1791036444,1503952896,339275776,18555624,1869479936,1931022336
findling-rss 1791036446,1480531968,339308544,18556224,1845932032,1931022336
findling-rss 1791036448,1507381248,339308544,18559936,1872859136,1931022336
findling-rss 1791036450,1480519680,339304448,18575840,1845481472,1931022336
findling-rss 1791036452,1502216192,339304448,18579360,1867833344,1931022336
findling-rss 1791036454,1404686336,339324928,18467440,1769242624,1931022336
findling-rss 1791036456,1500577792,339324928,18578264,1865584640,1931022336
findling-rss 1791036458,1433456640,339324928,18592112,1798336512,1931022336
findling-rss 1791036460,1499840512,339324928,18592648,1864577024,1931022336
findling-rss 1791036462,1352622080,339009536,18466928,1716125696,1931022336
findling-rss 1791036464,1503416320,339361792,18592776,1868312576,1931022336
findling-rss 1791036466,1404690432,339361792,18508640,1769410560,1931022336
findling-rss 1791036468,1501237248,339361792,18612208,1866719232,1931022336
findling-rss 1791036470,1408561152,339009536,18496840,1773498368,1931022336
findling-rss 1791036472,1500561408,339394560,18609240,1865863168,1931022336
findling-rss 1791036474,1500594176,339394560,18607848,1865392128,1931022336
findling-rss 1791036476,1500590080,339390464,18624544,1865936896,1931022336
findling-rss 1791036478,1391423488,339038208,18512824,1755795456,1931022336
findling-rss 1791036480,1500250112,339247104,18508096,1865084928,1931022336
findling-rss 1791036482,1505894400,339247104,18510152,1870647296,1931022336
findling-rss 1791036484,1500872704,339251200,18529688,1865916416,1931022336
findling-rss 1791036486,1502105600,339251200,18543200,1866870784,1931022336
findling-rss 1791036488,1487224832,339283968,18526904,1850785792,1931022336
findling-rss 1791036490,1500893184,339283968,18530056,1865904128,1931022336
findling-rss 1791036492,1499860992,339279872,18546592,1864790016,1931022336
findling-rss 1791036494,1500057600,339279872,18545912,1865183232,1931022336
findling-rss 1791036497,1480552448,339312640,18542968,1844887552,1931022336
findling-rss 1791036499,1505644544,339312640,18544888,1870979072,1931022336
findling-rss 1791036501,1480560640,343154688,18670248,1849700352,1931022336
findling-rss 1791036503,1501200384,343154688,18671544,1870565376,1931022336
findling-rss 1791036505,1496170496,343154688,18668064,1863950336,1931022336
findling-rss 1791036507,1516310528,343154688,18666784,1885306880,1931022336
findling-rss 1791036509,1510891520,343154688,18661888,1879990272,1931022336
findling-rss 1791036511,1510924288,343154688,18661168,1879785472,1931022336
findling-rss 1791036513,1512329216,343154688,18663712,1881829376,1931022336
findling-rss 1791036515,1512767488,343154688,18663888,1881825280,1931022336
findling-rss 1791036517,1518157824,343154688,18665824,1887694848,1931022336
findling-rss 1791036519,1518931968,343154688,18664440,1888329728,1931022336
findling-rss 1791036521,1512734720,343154688,18666088,1882169344,1931022336
findling-rss 1791036523,1516404736,343154688,18669272,1885343744,1931022336
findling-rss 1791036525,1459314688,343154688,18671328,1827540992,1931022336
findling-rss 1791036527,1459314688,343154688,18667848,1828200448,1931022336
findling-rss 1791036529,1460678656,343154688,18670416,1830232064,1931022336
findling-rss 1791036531,1408245760,343154688,18566952,1777049600,1931022336
findling-rss 1791036533,1504055296,343154688,18683696,1873235968,1931022336
findling-rss 1791036535,1455919104,343154688,18665568,1824432128,1931022336
findling-rss 1791036537,1514233856,343154688,18666088,1883574272,1931022336
findling-rss 1791036539,1494900736,343154688,18667344,1863872512,1931022336
findling-rss 1791036541,1515220992,343154688,18665992,1884499968,1931022336
findling-rss 1791036543,1494908928,343154688,18670920,1864323072,1931022336
findling-rss 1791036545,1514876928,343154688,18671800,1883906048,1931022336
findling-rss 1791036547,1446432768,339361792,18562984,1810042880,1931022336
findling-rss 1791036549,1501249536,339361792,18566776,1866686464,1931022336
findling-rss 1791036551,1480544256,339357696,18584696,1845755904,1931022336
findling-rss 1791036553,1502408704,339357696,18583536,1868324864,1931022336
findling-rss 1791036555,1392029696,339386368,18481784,1755504640,1931022336
findling-rss 1791036557,1500262400,339386368,18579968,1866178560,1931022336
findling-rss 1791036559,1408933888,339382272,18601208,1771384832,1931022336
findling-rss 1791036561,1500778496,339382272,18600496,1866457088,1931022336
findling-rss 1791036563,1409638400,339034112,18477992,1773887488,1931022336
findling-rss 1791036565,1501388800,339419136,18596256,1866461184,1931022336
findling-rss 1791036567,1501388800,339419136,18598464,1866833920,1931022336
findling-rss 1791036569,1500598272,339419136,18616024,1865404416,1931022336
findling-rss 1791036571,1501376512,339419136,18613504,1866350592,1931022336
findling-rss 1791036573,1500237824,339447808,18612984,1865129984,1931022336
findling-rss 1791036575,1501102080,339447808,18613624,1865932800,1931022336
findling-rss 1791036577,1500385280,340480000,18662328,1866534912,1931022336
findling-rss 1791036579,1501425664,340480000,18660192,1865834496,1931022336
findling-rss 1791036581,1509744640,340480000,18660848,1875390464,1931022336
findling-rss 1791036583,1509773312,340480000,18656720,1876189184,1931022336
findling-rss 1791036585,1511079936,340480000,18657392,1877536768,1931022336
findling-rss 1791036587,1416581120,340480000,18559376,1782386688,1931022336
findling-rss 1791036589,1512075264,340480000,18660008,1878593536,1931022336
findling-rss 1791036591,1352998912,342646784,18642952,1720000512,1931022336
findling-rss 1791036593,1500876800,339308544,18512160,1865478144,1931022336
findling-rss 1791036595,1383944192,339316736,18427144,1746989056,1931022336
findling-rss 1791036597,1500946432,339316736,18531408,1865986048,1931022336
findling-rss 1791036599,1352654848,338964480,18409936,1717633024,1931022336
findling-rss 1791036601,1500045312,339345408,18538168,1864384512,1931022336
findling-rss 1791036603,1505107968,339345408,18527704,1869000704,1931022336
findling-rss 1791036605,1501020160,339345408,18547320,1865330688,1931022336
findling-rss 1791036607,1501020160,339345408,18546888,1865863168,1931022336
findling-rss 1791036609,1499967488,339382272,18547560,1865162752,1931022336
findling-rss 1791036611,1500512256,339382272,18546528,1865687040,1931022336
findling-rss 1791036613,1500069888,339374080,18564616,1865326592,1931022336
findling-rss 1791036615,1500508160,339374080,18563216,1865502720,1931022336
findling-rss 1791036617,1497747456,339423232,18562016,1863331840,1931022336
findling-rss 1791036619,1504796672,339423232,18564040,1870290944,1931022336
findling-rss 1791036621,1500139520,339423232,18581664,1865670656,1931022336
findling-rss 1791036623,1500774400,339423232,18580520,1865588736,1931022336
findling-rss 1791036625,1481547776,339456000,18577280,1845923840,1931022336
findling-rss 1791036627,1500745728,339456000,18579288,1866498048,1931022336
findling-rss 1791036629,1480572928,339460096,18595584,1846026240,1931022336
findling-rss 1791036631,1500749824,339460096,18595880,1865867264,1931022336
findling-rss 1791036633,1445453824,339484672,18592440,1810284544,1931022336
findling-rss 1791036635,1501085696,339484672,18595928,1866391552,1931022336
findling-rss 1791036637,1480593408,339484672,18613536,1845899264,1931022336
findling-rss 1791036639,1501282304,339484672,18617288,1866797056,1931022336
findling-rss 1791036641,1402646528,339861504,18511808,1766678528,1931022336
findling-rss 1791036643,1500753920,339861504,18625816,1866694656,1931022336
findling-rss 1791036645,1442455552,339861504,18624688,1808158720,1931022336
findling-rss 1791036647,1510694912,339861504,18625816,1877381120,1931022336
findling-rss 1791036649,1444757504,339509248,18630560,1810423808,1931022336
findling-rss 1791036651,1503834112,339509248,18636424,1869787136,1931022336
findling-rss 1791036653,1352675328,382144512,19788776,1755648000,1931022336
findling-rss 1791036655,1500729344,339365888,18510192,1865543680,1931022336
findling-rss 1791036657,1387278336,339345408,18422800,1751998464,1931022336
findling-rss 1791036659,1482256384,339345408,18525536,1846980608,1931022336
findling-rss 1791036661,1413050368,339017728,18409528,1767309312,1931022336
findling-rss 1791036663,1500938240,339390464,18531944,1866051584,1931022336
findling-rss 1791036665,1502490624,339390464,18532976,1867390976,1931022336
findling-rss 1791036667,1500983296,339394560,18547064,1865879552,1931022336
findling-rss 1791036669,1503911936,339394560,18547264,1869434880,1931022336
findling-rss 1791036671,1500971008,339431424,18591256,1866706944,1931022336
findling-rss 1791036673,1505718272,339431424,18547688,1871192064,1931022336
findling-rss 1791036675,1499856896,339431424,18565984,1864617984,1931022336
findling-rss 1791036677,1500971008,339431424,18569368,1866465280,1931022336
findling-rss 1791036679,1480589312,339456000,18564320,1845542912,1931022336
findling-rss 1791036681,1502044160,339456000,18568256,1867255808,1931022336
findling-rss 1791036683,1480585216,339456000,18582576,1845862400,1931022336
findling-rss 1791036685,1503363072,339456000,18580112,1869430784,1931022336
findling-rss 1791036687,1415188480,339484672,18584944,1780101120,1931022336
findling-rss 1791036689,1501011968,339484672,18580032,1866326016,1931022336
findling-rss 1791036691,1444773888,339484672,18598136,1809399808,1931022336
findling-rss 1791036693,1501888512,339484672,18599888,1866952704,1931022336
findling-rss 1791036695,1383301120,339505152,18486376,1746583552,1931022336
findling-rss 1791036697,1500016640,339505152,18598856,1865093120,1931022336
findling-rss 1791036699,1404764160,339509248,18513200,1769168896,1931022336
findling-rss 1791036701,1500717056,339509248,18615576,1865781248,1931022336
findling-rss 1791036703,1409261568,339161088,18496552,1774379008,1931022336
findling-rss 1791036705,1499447296,339533824,18612112,1864978432,1931022336
findling-rss 1791036707,1500282880,339533824,18611328,1865895936,1931022336
findling-rss 1791036709,1499561984,339537920,18631720,1864617984,1931022336
findling-rss 1791036711,1410322432,339189760,18519928,1775120384,1931022336
findling-rss 1791036713,1499836416,339410944,18514608,1864716288,1931022336
findling-rss 1791036715,1500434432,339410944,18514336,1865691136,1931022336
findling-rss 1791036717,1500495872,339406848,18532168,1865777152,1931022336
findling-rss 1791036719,1504727040,339406848,18533120,1869606912,1931022336
findling-rss 1791036721,1501032448,339439616,18529120,1866588160,1931022336
findling-rss 1791036723,1501118464,339439616,18530408,1866792960,1931022336
findling-rss 1791036725,1500315648,339439616,18548656,1865568256,1931022336
findling-rss 1791036727,1503264768,339439616,18549560,1869230080,1931022336
findling-rss 1791036729,1480630272,339468288,18547760,1845780480,1931022336
findling-rss 1791036731,1505488896,339468288,18549008,1871618048,1931022336
findling-rss 1791036733,1480609792,339460096,18567608,1845932032,1931022336
findling-rss 1791036735,1500581888,339460096,18567256,1866129408,1931022336
findling-rss 1791036737,1415774208,339484672,18566248,1780305920,1931022336
findling-rss 1791036739,1500352512,339484672,18605848,1865900032,1931022336
findling-rss 1791036741,1471918080,339492864,18583224,1837375488,1931022336
findling-rss 1791036743,1500672000,339492864,18581256,1864937472,1931022336
findling-rss 1791036745,1404792832,339517440,18466352,1769619456,1931022336
findling-rss 1791036747,1500618752,339517440,18579312,1866326016,1931022336
findling-rss 1791036749,1415806976,339525632,18597448,1781051392,1931022336
findling-rss 1791036751,1501523968,339525632,18597768,1866838016,1931022336
findling-rss 1791036753,1352732672,339197952,18479216,1717198848,1931022336
findling-rss 1791036755,1499590656,339554304,18598992,1864880128,1931022336
findling-rss 1791036757,1378840576,339554304,18513536,1736536064,1931022336
findling-rss 1791036759,1500696576,339554304,18617536,1865977856,1931022336
findling-rss 1791036761,1401638912,339197952,18494744,1766371328,1931022336
findling-rss 1791036763,1500807168,339582976,18613784,1866678272,1931022336
findling-rss 1791036765,1500856320,339582976,18615624,1866776576,1931022336
findling-rss 1791036767,1501503488,339578880,18634136,1867247616,1931022336
findling-rss 1791036769,1475567616,339578880,18635232,1841025024,1931022336
findling-rss 1791036771,1500889088,339427328,18516488,1865555968,1931022336
findling-rss 1791036774,1502142464,339427328,18513112,1867096064,1931022336
findling-rss 1791036776,1502720000,340475904,18562520,1868918784,1931022336
findling-rss 1791036778,1503223808,340475904,18559016,1869107200,1931022336
findling-rss 1791036780,1511301120,340475904,18560648,1877729280,1931022336
findling-rss 1791036782,1511325696,340475904,18564560,1877250048,1931022336
findling-rss 1791036784,1516875776,340475904,18566632,1883185152,1931022336
findling-rss 1791036786,1518608384,340475904,18581856,1885372416,1931022336
findling-rss 1791036788,1512468480,340475904,18564776,1878851584,1931022336
findling-rss 1791036790,1410269184,339087360,18422584,1774649344,1931022336
findling-rss 1791036792,1500557312,339480576,18534784,1865908224,1931022336
findling-rss 1791036794,1500557312,339480576,18534784,1866121216,1931022336
findling-rss 1791036796,1499910144,339480576,18553080,1865375744,1931022336
findling-rss 1791036798,1504444416,339480576,18547680,1869991936,1931022336
findling-rss 1791036800,1480650752,339505152,18548208,1845223424,1931022336
findling-rss 1791036802,1500651520,339505152,18549504,1865302016,1931022336
findling-rss 1791036804,1485742080,339509248,18566488,1849212928,1931022336
findling-rss 1791036806,1500893184,339509248,18567648,1866153984,1931022336
findling-rss 1791036808,1434505216,339529728,18610000,1799987200,1931022336
findling-rss 1791036810,1500512256,339529728,18564456,1865723904,1931022336
findling-rss 1791036812,1494827008,339324928,18602520,1859891200,1931022336
findling-rss 1791036814,1563189248,339324928,18603752,1928105984,1931022336
findling-rss 1791036816,1398374400,339566592,18490912,1763143680,1931022336
findling-rss 1791036818,1502642176,339566592,18608520,1868496896,1931022336
findling-rss 1791036820,1405870080,339562496,18517328,1770160128,1931022336
findling-rss 1791036822,1501388800,339562496,18626328,1867460608,1931022336
findling-rss 1791036824,1409740800,339210240,18508720,1774231552,1931022336
findling-rss 1791036826,1501515776,339582976,18627792,1867460608,1931022336
findling-rss 1791036828,1353801728,339238912,18533048,1718235136,1931022336
findling-rss 1791036830,1485369344,340770816,18683248,1851838464,1931022336
findling-rss 1791036832,1388417024,340770816,18666104,1786941440,1931022336
findling-rss 1791036834,1501392896,339623936,18645400,1865465856,1931022336
findling-rss 1791036836,1502138368,339623936,18644920,1866989568,1931022336
findling-rss 1791036838,1505038336,339623936,18662216,1870454784,1931022336
findling-rss 1791036840,1508696064,339623936,18663336,1873874944,1931022336
findling-rss 1791036842,1481728000,339476480,18545360,1846411264,1931022336
findling-rss 1791036844,1501777920,339476480,18546456,1867038720,1931022336
findling-rss 1791036846,1500655616,339476480,18564352,1865469952,1931022336
findling-rss 1791036848,1501495296,339476480,18565712,1866842112,1931022336
findling-rss 1791036850,1481711616,339509248,18564760,1846259712,1931022336
findling-rss 1791036852,1501564928,339509248,18566840,1866752000,1931022336
findling-rss 1791036854,1482997760,339505152,18629248,1848008704,1931022336
findling-rss 1791036856,1501024256,339505152,18585808,1866088448,1931022336
findling-rss 1791036858,1455579136,339529728,18576400,1821175808,1931022336
findling-rss 1791036860,1501306880,339529728,18579624,1866616832,1931022336
findling-rss 1791036862,1481728000,339537920,18596864,1847398400,1931022336
findling-rss 1791036864,1501917184,339537920,18596456,1867141120,1931022336
findling-rss 1791036866,1433784320,339558400,18590808,1798328320,1931022336
findling-rss 1791036868,1501229056,339558400,18594656,1866153984,1931022336
findling-rss 1791036870,1473036288,339570688,18615712,1838166016,1931022336
findling-rss 1791036872,1501814784,339570688,18616632,1867419648,1931022336
findling-rss 1791036874,1353826304,339238912,18487744,1717587968,1931022336
findling-rss 1791036876,1501143040,339595264,18613144,1866829824,1931022336
findling-rss 1791036878,1405894656,339591168,18530072,1771487232,1931022336
findling-rss 1791036880,1502539776,339591168,18629232,1867997184,1931022336
findling-rss 1791036882,1354629120,339267584,18503224,1719685120,1931022336
findling-rss 1791036884,1508532224,339615744,18627512,1873809408,1931022336
findling-rss 1791036886,1354629120,339267584,18525480,1718370304,1931022336
findling-rss 1791036888,1502797824,339623936,18646920,1868058624,1931022336
findling-rss 1791036890,1411612672,339267584,18524328,1775955968,1931022336
findling-rss 1791036892,1503334400,339648512,18642656,1868820480,1931022336
findling-rss 1791036894,1503387648,339648512,18643720,1868795904,1931022336
findling-rss 1791036896,1502642176,339644416,18665064,1867366400,1931022336
findling-rss 1791036898,1502642176,339644416,18663288,1868234752,1931022336
findling-rss 1791036900,1501822976,339509248,18551144,1867386880,1931022336
findling-rss 1791036902,1502126080,339509248,18540496,1867440128,1931022336
findling-rss 1791036904,1502461952,339517440,18564968,1867460608,1931022336
findling-rss 1791036906,1503322112,339517440,18566296,1868931072,1931022336
findling-rss 1791036908,1502408704,339546112,18560944,1868427264,1931022336
findling-rss 1791036910,1507516416,339546112,18560952,1873436672,1931022336
findling-rss 1791036912,1502035968,339542016,18581520,1867702272,1931022336
findling-rss 1791036914,1503961088,339542016,18582240,1869529088,1931022336
findling-rss 1791036916,1482555392,339570688,18579776,1847877632,1931022336
findling-rss 1791036918,1503670272,339570688,18577912,1868783616,1931022336
findling-rss 1791036920,1482551296,339582976,18597288,1847672832,1931022336
findling-rss 1791036922,1503027200,339582976,18598888,1868365824,1931022336
findling-rss 1791036924,1480179712,339386368,18587824,1844830208,1931022336
findling-rss 1791036926,1564905472,339386368,18587736,1930649600,1932464128
findling-rss 1791036928,1456455680,339607552,18606552,1822724096,1933393920
findling-rss 1791036930,1503059968,339607552,18611256,1869070336,1933393920
findling-rss 1791036932,1354653696,339279872,18480296,1719046144,1933393920
findling-rss 1791036934,1502490624,339636224,18609264,1867325440,1933393920
findling-rss 1791036936,1406722048,339640320,18526568,1771646976,1933393920
findling-rss 1791036938,1502928896,339640320,18628496,1868722176,1933393920
findling-rss 1791036940,1406914560,339279872,18513904,1770983424,1933393920
findling-rss 1791036942,1501896704,339656704,18628280,1867022336,1933393920
findling-rss 1791036944,1502359552,339656704,18627968,1867456512,1933393920
findling-rss 1791036946,1503100928,340697088,18719200,1870442496,1933393920
findling-rss 1791036948,1416491008,340697088,18569240,1783087104,1933393920
findling-rss 1791036950,1512640512,340697088,18674352,1878765568,1933393920
findling-rss 1791036952,1446375424,340697088,18680368,1812987904,1933393920
findling-rss 1791036954,1513848832,340697088,18673984,1879539712,1933393920
findling-rss 1791036956,1494441984,340697088,18672752,1861169152,1933393920
findling-rss 1791036958,1513910272,340697088,18676576,1880879104,1933393920
findling-rss 1791036960,1433591808,339697664,18640560,1799073792,1933393920
findling-rss 1791036962,1502711808,339697664,18646744,1867980800,1933393920
findling-rss 1791036964,1448296448,339693568,18666416,1813626880,1933393920
findling-rss 1791036966,1502740480,339693568,18667792,1868472320,1933393920
findling-rss 1791036968,1354657792,400121856,20356488,1781686272,1933393920
findling-rss 1791036970,1502023680,339546112,18544856,1867833344,1933393920
findling-rss 1791036972,1406726144,339542016,18460448,1772564480,1933393920
findling-rss 1791036974,1502474240,339542016,18565768,1867948032,1933393920
findling-rss 1791036976,1410183168,339193856,18451840,1774952448,1933393920
findling-rss 1791036978,1502482432,339574784,18563152,1867313152,1933393920
findling-rss 1791036980,1502498816,339574784,18563096,1867173888,1933393920
findling-rss 1791036982,1502523392,339574784,18582248,1868001280,1933393920
findling-rss 1791036984,1354657792,339222528,18465464,1719480320,1933393920
findling-rss 1791036986,1502203904,340647936,18607104,1868947456,1933393920
findling-rss 1791036988,1502978048,340647936,18609152,1869762560,1933393920
findling-rss 1791036990,1512067072,340647936,18608576,1878458368,1933393920
findling-rss 1791036992,1512488960,340647936,18608456,1878556672,1933393920
findling-rss 1791036994,1513893888,340647936,18604600,1880027136,1933393920
findling-rss 1791036996,1418600448,340647936,18501176,1784627200,1933393920
findling-rss 1791036998,1514196992,340647936,18606376,1880674304,1933393920
findling-rss 1791037000,1435308032,339599360,18593256,1799843840,1933393920
findling-rss 1791037002,1502609408,339599360,18594976,1868181504,1933393920
findling-rss 1791037004,1354657792,339283968,18474920,1720012800,1933393920
findling-rss 1791037006,1503158272,339644416,18598128,1868783616,1933393920
findling-rss 1791037008,1506529280,339644416,18598128,1871826944,1933393920
findling-rss 1791037010,1485221888,340811776,18650288,1852297216,1933393920
findling-rss 1791037012,1485484032,340811776,18651416,1852485632,1933393920
findling-rss 1791037014,1501409280,339664896,18613952,1865912320,1933393920
findling-rss 1791037016,1502167040,339664896,18615264,1867223040,1933393920
findling-rss 1791037018,1502277632,339668992,18634512,1866989568,1933393920
findling-rss 1791037020,1502507008,339668992,18635424,1867653120,1933393920
findling-rss 1791037022,1497391104,339701760,18631176,1861787648,1933393920
findling-rss 1791037024,1502511104,339701760,18632576,1868050432,1933393920
findling-rss 1791037026,1504645120,339697664,18652560,1869500416,1933393920
findling-rss 1791037028,1508909056,339697664,18649744,1874440192,1933393920
findling-rss 1791037030,1444200448,339730432,18642448,1808912384,1933393920
findling-rss 1791037032,1502945280,339730432,18646944,1868255232,1933393920
findling-rss 1791037034,1448259584,339722240,18665776,1813258240,1933393920
findling-rss 1791037036,1504436224,339722240,18731072,1869664256,1933393920
findling-rss 1791037038,1406726144,400519168,20343528,1834434560,1933393920
findling-rss 1791037040,1503272960,339566592,18549000,1868726272,1933393920
findling-rss 1791037042,1417977856,339570688,18569936,1783005184,1933393920
findling-rss 1791037044,1502109696,339570688,18566888,1867157504,1933393920
findling-rss 1791037046,1407119360,339218432,18456064,1772343296,1933393920
findling-rss 1791037048,1502785536,339599360,18564816,1867063296,1933393920
findling-rss 1791037050,1502785536,339599360,18565256,1867730944,1933393920
findling-rss 1791037053,1508143104,339595264,18580752,1873920000,1933393920
findling-rss 1791037055,1412272128,339247104,18470512,1776844800,1933393920
findling-rss 1791037057,1502564352,339632128,18578896,1868206080,1933393920
findling-rss 1791037059,1507360768,339632128,18602640,1873031168,1933393920
findling-rss 1791037061,1502322688,339628032,18594664,1867624448,1933393920
findling-rss 1791037063,1504804864,339628032,18596448,1870798848,1933393920
findling-rss 1791037065,1482551296,339664896,18595384,1848160256,1933393920
findling-rss 1791037067,1502175232,339664896,18591536,1867735040,1933393920
findling-rss 1791037069,1501442048,339660800,18609064,1866014720,1933393920
findling-rss 1791037071,1502453760,339660800,18607696,1867735040,1933393920
findling-rss 1791037073,1482563584,339685376,18607496,1847521280,1933393920
findling-rss 1791037075,1504653312,339685376,18607864,1870839808,1933393920
findling-rss 1791037077,1482563584,339693568,18627904,1848492032,1933393920
findling-rss 1791037079,1502756864,339693568,18628304,1868603392,1933393920
findling-rss 1791037081,1427132416,339718144,18627064,1788059648,1933393920
findling-rss 1791037083,1503965184,339718144,18624272,1869393920,1933393920
findling-rss 1791037085,1446920192,339714048,18644064,1812942848,1933393920
findling-rss 1791037087,1502633984,339714048,18642896,1867681792,1933393920
findling-rss 1791037089,1406738432,339755008,18532360,1772007424,1933393920
findling-rss 1791037091,1502027776,339755008,18642824,1866985472,1933393920
findling-rss 1791037093,1406738432,339755008,18557576,1771954176,1933393920
findling-rss 1791037095,1502126080,339755008,18663032,1868075008,1933393920
findling-rss 1791037097,1412284416,339390464,18544304,1777373184,1933393920
findling-rss 1791037099,1503027200,339599360,18547680,1868206080,1933393920
findling-rss 1791037101,1503027200,339599360,18545840,1868152832,1933393920
findling-rss 1791037103,1503682560,339603456,18564064,1869037568,1933393920
findling-rss 1791037105,1506594816,339603456,18608240,1872605184,1933393920
findling-rss 1791037107,1502171136,339632128,18564800,1867530240,1933393920
findling-rss 1791037109,1503039488,339632128,18562560,1868742656,1933393920
findling-rss 1791037111,1503268864,339636224,18581992,1868353536,1933393920
findling-rss 1791037113,1503268864,339636224,18582640,1868963840,1933393920
findling-rss 1791037115,1482571776,339656704,18578872,1848045568,1933393920
findling-rss 1791037117,1501724672,339656704,18579752,1867718656,1933393920
findling-rss 1791037119,1502396416,339660800,18598976,1867354112,1933393920
findling-rss 1791037121,1503125504,339660800,18600096,1868165120,1933393920
findling-rss 1791037123,1473867776,339685376,18603640,1838616576,1933393920
findling-rss 1791037125,1503326208,339685376,18602032,1868255232,1933393920
findling-rss 1791037127,1482584064,339685376,18631760,1847857152,1933393920
findling-rss 1791037129,1502756864,339685376,18619992,1867993088,1933393920
findling-rss 1791037131,1434886144,339718144,18608576,1799962624,1933393920
findling-rss 1791037133,1503539200,339718144,18615880,1869041664,1933393920
findling-rss 1791037135,1434845184,339714048,18630456,1800212480,1933393920
findling-rss 1791037137,1502625792,339714048,18627640,1868083200,1933393920
findling-rss 1791037139,1354682368,339390464,18506096,1719513088,1933393920
findling-rss 1791037141,1502167040,339742720,18634736,1867636736,1933393920
findling-rss 1791037143,1388572672,339742720,18547488,1752121344,1933393920
findling-rss 1791037145,1502281728,339742720,18653720,1867554816,1933393920
findling-rss 1791037147,1411043328,339390464,18535624,1775697920,1933393920
findling-rss 1791037149,1502412800,339779584,18648960,1868435456,1933393920
findling-rss 1791037151,1505067008,339779584,18648824,1870643200,1933393920
findling-rss 1791037153,1507479552,339771392,18668968,1872867328,1933393920
findling-rss 1791037155,1508470784,339771392,18671048,1874182144,1933393920
findling-rss 1791037157,1501884416,339632128,18549520,1867059200,1933393920
findling-rss 1791037159,1504071680,339632128,18549656,1869606912,1933393920
findling-rss 1791037161,1502244864,339632128,18573256,1868251136,1933393920
findling-rss 1791037163,1507913728,339632128,18574112,1873465344,1933393920
findling-rss 1791037165,1482629120,340082688,18579056,1848549376,1933393920
findling-rss 1791037167,1502433280,340082688,18579128,1868242944,1933393920
findling-rss 1791037169,1482616832,340074496,18600016,1848487936,1933393920
findling-rss 1791037171,1503080448,340074496,18599560,1868730368,1933393920
findling-rss 1791037173,1435361280,340094976,18608768,1800540160,1933393920
findling-rss 1791037175,1502658560,340094976,18594576,1867915264,1933393920
findling-rss 1791037177,1473908736,340103168,18612384,1838731264,1933393920
findling-rss 1791037179,1502720000,340103168,18612952,1868800000,1933393920
findling-rss 1791037181,1406779392,340123648,18504424,1772126208,1933393920
findling-rss 1791037183,1502896128,340123648,18610312,1868390400,1933393920
findling-rss 1791037185,1444577280,340131840,18626440,1809854464,1933393920
findling-rss 1791037187,1503010816,340131840,18629456,1869754368,1933393920
findling-rss 1791037189,1354715136,339804160,18506160,1719590912,1933393920
findling-rss 1791037191,1502670848,340160512,18627328,1868115968,1933393920
findling-rss 1791037193,1406783488,340152320,18537400,1772580864,1933393920
findling-rss 1791037195,1502142464,340152320,18643992,1868283904,1933393920
findling-rss 1791037197,1354719232,339804160,18531512,1719803904,1933393920
findling-rss 1791037199,1501958144,341913600,18692744,1869561856,1933393920
findling-rss 1791037201,1415561216,341913600,18592424,1782509568,1933393920
findling-rss 1791037203,1517408256,341913600,18690832,1884524544,1933393920
findling-rss 1791037205,1426374656,341913600,18688136,1793851392,1933393920
findling-rss 1791037207,1513680896,341913600,18690024,1881587712,1933393920
findling-rss 1791037209,1456451584,341913600,18687128,1823641600,1933393920
findling-rss 1791037211,1517891584,341913600,18690544,1886105600,1933393920
findling-rss 1791037213,1485807616,341913600,18687728,1853661184,1933393920
findling-rss 1791037215,1514692608,341913600,18688888,1882816512,1933393920
findling-rss 1791037217,1494523904,341913600,18690544,1862914048,1933393920
findling-rss 1791037219,1514868736,341913600,18702056,1882927104,1933393920
findling-rss 1791037221,1499029504,340180992,18659608,1864847360,1933393920
findling-rss 1791037223,1503277056,340180992,18661496,1868865536,1933393920
findling-rss 1791037225,1473941504,340230144,18659128,1839652864,1933393920
findling-rss 1791037227,1503391744,340230144,18661832,1869107200,1933393920
findling-rss 1791037229,1482637312,340226048,18678760,1849393152,1933393920
findling-rss 1791037231,1502552064,340226048,18683120,1868959744,1933393920
findling-rss 1791037233,1418412032,401125376,20449488,1846390784,1933393920
findling-rss 1791037235,1502945280,340086784,18558472,1868713984,1933393920
findling-rss 1791037237,1449644032,340082688,18577912,1814016000,1933393920
findling-rss 1791037239,1503285248,340082688,18578088,1869230080,1933393920
findling-rss 1791037241,1354739712,339759104,18450616,1718845440,1933393920
findling-rss 1791037243,1502097408,340103168,18575992,1867575296,1933393920
findling-rss 1791037245,1406808064,340111360,18488312,1770160128,1933393920
findling-rss 1791037247,1503084544,340111360,18595624,1869058048,1933393920
findling-rss 1791037249,1354743808,339759104,18484792,1719529472,1933393920
findling-rss 1791037251,1502801920,340140032,18597488,1868378112,1933393920
findling-rss 1791037253,1504604160,340140032,18592080,1870409728,1933393920
findling-rss 1791037255,1503019008,340135936,18606176,1868386304,1933393920
findling-rss 1791037257,1409036288,339787776,18495048,1773498368,1933393920
findling-rss 1791037259,1507848192,340176896,18606672,1872928768,1933393920
findling-rss 1791037261,1509490688,340176896,18610824,1875079168,1933393920
findling-rss 1791037263,1502396416,340164608,18631608,1868316672,1933393920
findling-rss 1791037265,1502982144,340164608,18674928,1869160448,1933393920
findling-rss 1791037267,1484001280,340189184,18622280,1848881152,1933393920
findling-rss 1791037269,1503481856,340189184,18624072,1869844480,1933393920
findling-rss 1791037271,1502285824,340201472,18644560,1868259328,1933393920
findling-rss 1791037273,1506443264,340201472,18645920,1872359424,1933393920
findling-rss 1791037275,1456558080,340234240,18642536,1822302208,1933393920
findling-rss 1791037277,1503064064,340234240,18646048,1869209600,1933393920
findling-rss 1791037279,1482661888,340226048,18665616,1848987648,1933393920
findling-rss 1791037281,1502248960,340226048,18662872,1869209600,1933393920
findling-rss 1791037283,1443905536,340246528,18658640,1809682432,1933393920
findling-rss 1791037285,1506996224,340246528,18660528,1873481728,1933393920
findling-rss 1791037287,1508945920,340041728,18671392,1875415040,1933393920
findling-rss 1791037289,1564573696,340041728,18665176,1930776576,1933393920
findling-rss 1791037291,1406836736,401195008,20368160,1835163648,1933393920
findling-rss 1791037293,1503072256,340127744,18559368,1868828672,1933393920
findling-rss 1791037295,1418313728,340115456,18573184,1783918592,1933393920
findling-rss 1791037297,1502420992,340115456,18576912,1868668928,1933393920
findling-rss 1791037299,1354768384,339800064,18449560,1719595008,1933393920
findling-rss 1791037301,1503883264,340156416,18575760,1869418496,1933393920
findling-rss 1791037303,1382424576,340156416,18488976,1781858304,1933393920
findling-rss 1791037305,1502461952,340152320,18598048,1868345344,1933393920
findling-rss 1791037307,1400614912,339800064,18475480,1765601280,1933393920
findling-rss 1791037309,1501818880,340180992,18596144,1867407360,1933393920
findling-rss 1791037311,1503604736,340180992,18639392,1869217792,1933393920
findling-rss 1791037313,1503105024,340180992,18613776,1868890112,1933393920
findling-rss 1791037315,1503105024,340180992,18609624,1868791808,1933393920
findling-rss 1791037317,1501745152,340213760,18608968,1867476992,1933393920
findling-rss 1791037319,1508671488,340213760,18607840,1874305024,1933393920
findling-rss 1791037321,1502031872,340205568,18628488,1867792384,1933393920
findling-rss 1791037323,1502777344,340205568,18628656,1868533760,1933393920
findling-rss 1791037325,1495982080,340226048,18627768,1860382720,1933393920
findling-rss 1791037327,1502769152,340226048,18628888,1868836864,1933393920
findling-rss 1791037329,1501466624,340238336,18647040,1868070912,1933393920
findling-rss 1791037331,1502093312,340238336,18647376,1868410880,1933393920
findling-rss 1791037333,1482682368,340267008,18648840,1848799232,1933393920
findling-rss 1791037336,1502638080,340267008,18648840,1869131776,1933393920
findling-rss 1791037338,1482686464,340275200,18665744,1848799232,1933393920
findling-rss 1791037340,1502547968,340275200,18669856,1868898304,1933393920
findling-rss 1791037342,1448325120,340287488,18666472,1814007808,1933393920
findling-rss 1791037344,1503002624,340287488,18663608,1869156352,1933393920
findling-rss 1791037346,1482702848,340303872,18676128,1849397248,1933393920
findling-rss 1791037348,1503322112,340303872,18677000,1870688256,1933393920
findling-rss 1791037350,1406869504,401264640,20360360,1835581440,1933393920
findling-rss 1791037352,1503080448,340156416,18561984,1869656064,1933393920
findling-rss 1791037354,1406869504,340156416,18473320,1772482560,1933393920
findling-rss 1791037356,1502953472,340156416,18576832,1868943360,1933393920
findling-rss 1791037358,1412771840,339800064,18459120,1776799744,1933393920
findling-rss 1791037360,1502797824,340176896,18578040,1868771328,1933393920
findling-rss 1791037362,1502797824,340176896,18579768,1869078528,1933393920
findling-rss 1791037364,1503023104,340185088,18599528,1869049856,1933393920
findling-rss 1791037366,1503023104,340185088,18598960,1869021184,1933393920
findling-rss 1791037368,1503010816,340209664,18595872,1869074432,1933393920
findling-rss 1791037370,1504018432,340209664,18597896,1869996032,1933393920
findling-rss 1791037372,1503318016,340209664,18617288,1869238272,1933393920
findling-rss 1791037374,1504075776,340209664,18618576,1869041664,1933393920
findling-rss 1791037376,1345753088,340234240,18524896,1710776320,1933393920
findling-rss 1791037378,1471889408,340234240,18671400,1837797376,1933393920
findling-rss 1791037380,1371738112,340234240,18593504,1772101632,1933393920
findling-rss 1791037382,1503981568,340246528,18690208,1869729792,1933393920
findling-rss 1791037384,1389477888,339886080,18582128,1754726400,1933393920
findling-rss 1791037386,1501847552,342028288,18743920,1869889536,1933393920
findling-rss 1791037388,1504350208,342028288,18743848,1872400384,1933393920
findling-rss 1791037390,1510187008,342028288,18738560,1878085632,1933393920
findling-rss 1791037392,1513156608,342028288,18738736,1880956928,1933393920
findling-rss 1791037394,1511448576,342028288,18740480,1878962176,1933393920
findling-rss 1791037396,1415581696,342028288,18637424,1783226368,1933393920
findling-rss 1791037398,1510944768,342028288,18736480,1879060480,1933393920
findling-rss 1791037400,1427693568,342028288,18738424,1795375104,1933393920
findling-rss 1791037402,1517113344,342028288,18739184,1884897280,1933393920
findling-rss 1791037404,1459531776,342028288,18737544,1825734656,1933393920
findling-rss 1791037406,1514639360,342028288,18741104,1881968640,1933393920
findling-rss 1791037408,1473859584,340258816,18708712,1838481408,1933393920
findling-rss 1791037410,1501593600,340258816,18709040,1867390976,1933393920
findling-rss 1791037412,1409859584,340303872,18707360,1773588480,1933393920
findling-rss 1791037414,1506451456,340303872,18708544,1872150528,1933393920
findling-rss 1791037416,1432354816,340307968,18730008,1798397952,1933393920
findling-rss 1791037418,1503076352,340307968,18728384,1869742080,1933393920
findling-rss 1791037420,1353420800,339984384,18601432,1718620160,1933393920
findling-rss 1791037422,1501265920,340336640,18725968,1867517952,1933393920
findling-rss 1791037424,1388617728,340336640,18637808,1752903680,1933393920
findling-rss 1791037426,1500241920,340336640,18763008,1866321920,1933393920
findling-rss 1791037428,1411035136,339984384,18633352,1776082944,1933393920
findling-rss 1791037430,1501691904,340205568,18631744,1867837440,1933393920
findling-rss 1791037432,1501691904,340205568,18630088,1867186176,1933393920
findling-rss 1791037434,1501650944,340201472,18648840,1866108928,1933393920
findling-rss 1791037436,1408331776,339849216,18530672,1774055424,1933393920
findling-rss 1791037438,1501405184,340230144,18646760,1867558912,1933393920
findling-rss 1791037440,1503502336,340230144,18649048,1869156352,1933393920
findling-rss 1791037442,1500995584,340230144,18668120,1866711040,1933393920
findling-rss 1791037444,1501544448,340230144,18662064,1867091968,1933393920
findling-rss 1791037446,1498820608,340258816,18661896,1864392704,1933393920
findling-rss 1791037448,1505046528,340258816,18664664,1871556608,1933393920
findling-rss 1791037450,1500815360,340254720,18681696,1867276288,1933393920
findling-rss 1791037452,1501560832,340254720,18682376,1867829248,1933393920
findling-rss 1791037454,1481355264,340287488,18677080,1847148544,1933393920
findling-rss 1791037456,1501409280,340287488,18679656,1868046336,1933393920
findling-rss 1791037458,1481351168,341340160,18729480,1848885248,1933393920
findling-rss 1791037460,1502302208,341340160,18731344,1869754368,1933393920
findling-rss 1791037462,1511448576,341340160,18729576,1879154688,1933393920
findling-rss 1791037464,1511501824,341340160,18724160,1878118400,1933393920
findling-rss 1791037466,1510674432,341340160,18725024,1878142976,1933393920
findling-rss 1791037468,1512964096,341340160,18723928,1880600576,1933393920
findling-rss 1791037470,1510588416,341340160,18726152,1878347776,1933393920
findling-rss 1791037472,1511882752,341340160,18769592,1879318528,1933393920
findling-rss 1791037474,1500803072,341377024,18722936,1868115968,1933393920
findling-rss 1791037476,1507360768,341377024,18724912,1874518016,1933393920
findling-rss 1791037478,1511579648,341377024,18725704,1879048192,1933393920
findling-rss 1791037480,1516716032,341377024,18724360,1883877376,1933393920
findling-rss 1791037482,1511206912,341377024,18726824,1879097344,1933393920
findling-rss 1791037484,1511378944,341377024,18721376,1878794240,1933393920
findling-rss 1791037486,1459113984,341377024,18721056,1826324480,1933393920
findling-rss 1791037488,1459527680,341377024,18719472,1826750464,1933393920
findling-rss 1791037490,1501257728,340324352,18710752,1867055104,1933393920
findling-rss 1791037492,1501257728,340324352,18711232,1867579392,1933393920
findling-rss 1791037494,1500254208,340361216,18711912,1866846208,1933393920
findling-rss 1791037496,1505292288,340361216,18709368,1872195584,1933393920
findling-rss 1791037498,1501528064,340365312,18726736,1867431936,1933393920
findling-rss 1791037500,1505083392,340365312,18729184,1871556608,1933393920
findling-rss 1791037502,1481510912,340398080,18723200,1847861248,1933393920
findling-rss 1791037504,1500954624,340398080,18729600,1866665984,1933393920
findling-rss 1791037506,1481519104,340402176,18748600,1847914496,1933393920
findling-rss 1791037508,1506848768,340402176,18748728,1873473536,1933393920
findling-rss 1791037510,1434484736,340250624,18622560,1800413184,1933393920
findling-rss 1791037512,1501679616,340250624,18627696,1868062720,1933393920
findling-rss 1791037514,1472794624,340250624,18642528,1838727168,1933393920
findling-rss 1791037516,1501065216,340250624,18644536,1867395072,1933393920
findling-rss 1791037518,1405681664,340283392,18536904,1770577920,1933393920
findling-rss 1791037520,1500762112,340283392,18642400,1866850304,1933393920
findling-rss 1791037522,1444941824,340283392,18666880,1811394560,1933393920
findling-rss 1791037524,1501335552,340283392,18659688,1866240000,1933393920
findling-rss 1791037526,1384697856,340312064,18548352,1749553152,1933393920
findling-rss 1791037528,1500827648,340312064,18659504,1867493376,1933393920
findling-rss 1791037530,1405681664,340316160,18579392,1771704320,1933393920
findling-rss 1791037532,1502867456,340316160,18679072,1868599296,1933393920
findling-rss 1791037534,1353613312,339963904,18567640,1718910976,1933393920
findling-rss 1791037536,1501003776,340340736,18678464,1867206656,1933393920
findling-rss 1791037538,1353613312,339988480,18577456,1718333440,1933393920
findling-rss 1791037540,1482977280,340316160,18694992,1849495552,1933393920
findling-rss 1791037542,1389518848,339988480,18619064,1755115520,1933393920
findling-rss 1791037544,1500987392,340369408,18689696,1867284480,1933393920
findling-rss 1791037546,1501880320,340369408,18691424,1868460032,1933393920
findling-rss 1791037548,1501044736,340373504,18711104,1867235328,1933393920
findling-rss 1791037550,1393987584,340017152,18599880,1760083968,1933393920
findling-rss 1791037552,1484513280,340377600,18711784,1850830848,1933393920
findling-rss 1791037554,1486417920,340377600,18708584,1852035072,1933393920
findling-rss 1791037556,1501110272,340393984,18728976,1867599872,1933393920
findling-rss 1791037558,1501868032,340393984,18725872,1867776000,1933393920
findling-rss 1791037560,1500581888,340418560,18724656,1867026432,1933393920
findling-rss 1791037562,1501073408,340418560,18726176,1867108352,1933393920
findling-rss 1791037564,1564098560,340217856,18777848,1929936896,1933393920
findling-rss 1791037566,1564573696,340217856,18765144,1930014720,1933393920
findling-rss 1791037568,1482620928,340283392,18657144,1848614912,1933393920
findling-rss 1791037570,1501884416,340283392,18656952,1867714560,1933393920
findling-rss 1791037572,1501044736,340283392,18673296,1866395648,1933393920
findling-rss 1791037574,1509629952,340283392,18671592,1875886080,1933393920
findling-rss 1791037576,1473933312,340316160,18669688,1838960640,1933393920
findling-rss 1791037578,1503186944,340316160,18672080,1868513280,1933393920
findling-rss 1791037580,1482633216,340307968,18688528,1848070144,1933393920
findling-rss 1791037582,1503031296,340307968,18686160,1868677120,1933393920
findling-rss 1791037584,1433669632,340340736,18683192,1799254016,1933393920
findling-rss 1791037586,1502187520,340340736,18687960,1867907072,1933393920
findling-rss 1791037588,1456496640,340340736,18704440,1822560256,1933393920
findling-rss 1791037590,1502629888,340340736,18705440,1869152256,1933393920
findling-rss 1791037592,1408307200,340373504,18685720,1774202880,1933393920
findling-rss 1791037594,1502404608,340373504,18705968,1869029376,1933393920
findling-rss 1791037596,1418371072,340373504,18724128,1784541184,1933393920
findling-rss 1791037598,1502806016,340373504,18720872,1869099008,1933393920
findling-rss 1791037600,1354747904,340049920,18605432,1720098816,1933393920
findling-rss 1791037602,1502818304,340406272,18721576,1869324288,1933393920
findling-rss 1791037604,1406816256,340398080,18636744,1773518848,1933393920
findling-rss 1791037606,1501540352,340398080,18741504,1868259328,1933393920
findling-rss 1791037608,1354747904,340078592,18612304,1719463936,1933393920
findling-rss 1791037610,1503416320,342179840,18819680,1871437824,1933393920
findling-rss 1791037612,1416929280,342179840,18693472,1785135104,1933393920
findling-rss 1791037614,1512599552,342179840,18783808,1879121920,1933393920
findling-rss 1791037617,1458634752,342179840,18787536,1826000896,1933393920
findling-rss 1791037619,1515995136,342179840,18786912,1883766784,1933393920
findling-rss 1791037621,1494908928,342179840,18782856,1863372800,1933393920
findling-rss 1791037623,1514971136,342179840,18785552,1883250688,1933393920
findling-rss 1791037625,1494913024,342179840,18788272,1862569984,1933393920
findling-rss 1791037627,1515261952,342179840,18786368,1883402240,1933393920
findling-rss 1791037629,1510682624,342179840,18785928,1878290432,1933393920
findling-rss 1791037631,1515151360,342179840,18787048,1883230208,1933393920
findling-rss 1791037633,1502867456,340439040,18753408,1869271040,1933393920
findling-rss 1791037635,1503858688,340439040,18753608,1870163968,1933393920
findling-rss 1791037637,1474289664,340471808,18755304,1841283072,1933393920
findling-rss 1791037639,1502711808,340471808,18758256,1869369344,1933393920
findling-rss 1791037641,1482977280,340471808,18773920,1849667584,1933393920
findling-rss 1791037643,1503133696,340471808,18776368,1869426688,1933393920
findling-rss 1791037645,1416572928,401592320,20550000,1845100544,1933393920
findling-rss 1791037647,1502547968,340316160,18656200,1868853248,1933393920
findling-rss 1791037649,1448611840,340320256,18671032,1814933504,1933393920
findling-rss 1791037651,1505484800,340320256,18673496,1871507456,1933393920
findling-rss 1791037653,1355104256,339996672,18549312,1720692736,1933393920
findling-rss 1791037655,1503293440,340344832,18673504,1869701120,1933393920
findling-rss 1791037657,1407172608,342110208,18633632,1774903296,1933393920
findling-rss 1791037659,1502695424,342110208,18739504,1870913536,1933393920
findling-rss 1791037661,1416941568,342110208,18636864,1785032704,1933393920
findling-rss 1791037663,1513279488,342110208,18741368,1880866816,1933393920
findling-rss 1791037665,1456140288,342110208,18740976,1823608832,1933393920
findling-rss 1791037667,1512947712,342110208,18740080,1880678400,1933393920
findling-rss 1791037669,1484431360,342110208,18739968,1852301312,1933393920
findling-rss 1791037671,1518182400,342110208,18741024,1885487104,1933393920
findling-rss 1791037673,1441406976,342110208,18741840,1809477632,1933393920
findling-rss 1791037675,1461858304,342110208,18735312,1829974016,1933393920
findling-rss 1791037677,1485832192,342110208,18737400,1853722624,1933393920
findling-rss 1791037679,1505587200,342110208,18750272,1873268736,1933393920
findling-rss 1791037681,1444945920,340398080,18688440,1810690048,1933393920
findling-rss 1791037683,1503264768,340398080,18691552,1869008896,1933393920
findling-rss 1791037685,1440202752,341565440,18738736,1807523840,1933393920
findling-rss 1791037687,1486815232,341565440,18739872,1854390272,1933393920
findling-rss 1791037689,1389723648,340066304,18583040,1755705344,1933393920
findling-rss 1791037691,1501708288,340414464,18706960,1868185600,1933393920
findling-rss 1791037693,1401376768,340418560,18621176,1766137856,1933393920
findling-rss 1791037695,1502736384,340418560,18723192,1868845056,1933393920
findling-rss 1791037697,1409413120,340066304,18605264,1775529984,1933393920
findling-rss 1791037699,1502707712,340447232,18724480,1869205504,1933393920
findling-rss 1791037701,1503035392,340447232,18726136,1869131776,1933393920
findling-rss 1791037703,1502183424,340451328,18742960,1867845632,1933393920
findling-rss 1791037705,1502572544,340451328,18741224,1867808768,1933393920
findling-rss 1791037707,1502736384,340475904,18741608,1869168640,1933393920
findling-rss 1791037709,1504403456,340475904,18741800,1870843904,1933393920
findling-rss 1791037711,1503494144,340471808,18760896,1870544896,1933393920
findling-rss 1791037713,1507770368,340471808,18759696,1874485248,1933393920
findling-rss 1791037715,1466212352,341671936,18789280,1833013248,1933393920
findling-rss 1791037717,1486712832,341671936,18785976,1853894656,1933393920
findling-rss 1791037719,1483038720,340508672,18772720,1850310656,1933393920
findling-rss 1791037721,1503363072,340508672,18774504,1870172160,1933393920
findling-rss 1791037723,1435856896,401661952,20559720,1865121792,1933393920
findling-rss 1791037725,1505873920,340353024,18659160,1870884864,1933393920
findling-rss 1791037727,1505288192,340140032,18669896,1867649024,1933393920
findling-rss 1791037729,1566625792,340140032,18672608,1932914688,1934573568
findling-rss 1791037731,1401495552,340025344,18561368,1767616512,1938636800
findling-rss 1791037733,1505353728,340381696,18679272,1872191488,1938636800
findling-rss 1791037735,1384271872,340389888,18587184,1748058112,1938636800
findling-rss 1791037737,1504985088,340389888,18690824,1871536128,1938636800
findling-rss 1791037739,1356935168,340025344,18580640,1722445824,1938636800
findling-rss 1791037741,1505112064,340410368,18691144,1871278080,1938636800
findling-rss 1791037743,1505112064,340410368,18696600,1871269888,1938636800
findling-rss 1791037745,1504313344,340402176,18715336,1871032320,1938636800
findling-rss 1791037747,1395388416,340054016,18602520,1746612224,1938636800
findling-rss 1791037749,1504772096,340434944,18705008,1870684160,1938636800
findling-rss 1791037751,1504874496,340434944,18709888,1871347712,1938636800
findling-rss 1791037753,1504587776,340430848,18729152,1871417344,1938636800
findling-rss 1791037755,1505337344,340430848,18725560,1871798272,1938636800
findling-rss 1791037757,1504505856,340463616,18725648,1870774272,1938636800
findling-rss 1791037759,1505247232,340463616,18721376,1871745024,1938636800
findling-rss 1791037761,1506652160,340459520,18740704,1872908288,1938636800
findling-rss 1791037763,1510137856,340459520,18742008,1876381696,1938636800
findling-rss 1791037765,1487196160,340492288,18740032,1851904000,1938636800
findling-rss 1791037767,1504886784,340492288,18741816,1871507456,1938636800
findling-rss 1791037769,1486753792,340467712,18759520,1852977152,1938636800
findling-rss 1791037771,1487712256,340467712,18758760,1854312448,1938636800
findling-rss 1791037773,1484849152,341229568,18775576,1852104704,1938636800
findling-rss 1791037775,1505611776,341229568,18776536,1872785408,1938636800
findling-rss 1791037777,1495060480,341229568,18773160,1862045696,1938636800
findling-rss 1791037779,1515028480,341229568,18775040,1882611712,1938636800
findling-rss 1791037781,1514213376,341229568,18774832,1882103808,1938636800
findling-rss 1791037783,1515163648,341229568,18774112,1882263552,1938636800
findling-rss 1791037785,1503686656,340520960,18772000,1870266368,1938636800
findling-rss 1791037787,1508302848,340520960,18773728,1874804736,1938636800
findling-rss 1791037789,1484840960,340389888,18657704,1850839040,1938636800
findling-rss 1791037791,1504321536,340389888,18658528,1870123008,1938636800
findling-rss 1791037793,1484869632,340385792,18688728,1851117568,1938636800
findling-rss 1791037795,1505361920,340385792,18673496,1870856192,1938636800
findling-rss 1791037797,1409028096,342179840,18612976,1776181248,1938636800
findling-rss 1791037799,1505390592,342179840,18724920,1873309696,1938636800
findling-rss 1791037801,1458819072,342179840,18724216,1829883904,1938636800
findling-rss 1791037803,1514741760,342179840,18721104,1882726400,1938636800
findling-rss 1791037805,1494986752,342179840,18721064,1862569984,1938636800
findling-rss 1791037807,1515237376,342179840,18721248,1882853376,1938636800
findling-rss 1791037809,1494986752,342179840,18721944,1862635520,1938636800
findling-rss 1791037811,1516212224,342179840,18725520,1884508160,1938636800
findling-rss 1791037813,1515741184,342179840,18722456,1883889664,1938636800
findling-rss 1791037815,1516642304,342179840,18723840,1884405760,1938636800
findling-rss 1791037817,1517244416,342179840,18724552,1885155328,1938636800
findling-rss 1791037819,1518284800,342179840,18724512,1885659136,1938636800
findling-rss 1791037821,1504333824,340418560,18693720,1870336000,1938636800
findling-rss 1791037823,1504333824,340418560,18695104,1870725120,1938636800
findling-rss 1791037825,1504591872,340451328,18693816,1871319040,1938636800
findling-rss 1791037827,1504997376,340451328,18695680,1872023552,1938636800
findling-rss 1791037829,1504317440,340447232,18713664,1870340096,1938636800
findling-rss 1791037831,1504915456,340447232,18709248,1871241216,1938636800
findling-rss 1791037833,1485848576,340488192,18710984,1851408384,1938636800
findling-rss 1791037835,1506123776,340488192,18708224,1871994880,1938636800
findling-rss 1791037837,1503277056,340484096,18726304,1869893632,1938636800
findling-rss 1791037839,1505771520,340484096,18725800,1872261120,1938636800
findling-rss 1791037841,1482059776,340529152,18721400,1843257344,1938636800
findling-rss 1791037843,1505976320,340529152,18724752,1872433152,1938636800
findling-rss 1791037845,1485836288,340520960,18741816,1851826176,1938636800
findling-rss 1791037847,1505763328,340520960,18745224,1872375808,1938636800
findling-rss 1791037849,1410015232,340549632,18631152,1775898624,1938636800
findling-rss 1791037851,1505361920,340549632,18743008,1871843328,1938636800
findling-rss 1791037853,1436295168,340553728,18759848,1795645440,1938636800
findling-rss 1791037855,1505730560,340553728,18760304,1871888384,1938636800
findling-rss 1791037857,1357963264,340230144,18631576,1723424768,1938636800
findling-rss 1791037859,1505607680,340586496,18760576,1871572992,1938636800
findling-rss 1791037861,1410031616,340582400,18672560,1776144384,1938636800
findling-rss 1791037863,1505931264,340582400,18779512,1872310272,1938636800
findling-rss 1791037865,1414955008,340230144,18664320,1781432320,1938636800
findling-rss 1791037867,1506439168,340434944,18663864,1872711680,1938636800
findling-rss 1791037869,1506521088,340434944,18661544,1872707584,1938636800
findling-rss 1791037871,1506226176,340443136,18680720,1872187392,1938636800
findling-rss 1791037873,1413914624,340086784,18566776,1779761152,1938636800
findling-rss 1791037875,1506013184,340467712,18678296,1872158720,1938636800
findling-rss 1791037877,1506213888,340467712,18676064,1872666624,1938636800
findling-rss 1791037879,1506406400,340471808,18695688,1873186816,1938636800
findling-rss 1791037881,1507815424,340471808,18697616,1874214912,1938636800
findling-rss 1791037883,1505386496,340496384,18691480,1871933440,1938636800
findling-rss 1791037885,1506668544,340496384,18686528,1872105472,1938636800
findling-rss 1791037887,1504231424,340492288,18706832,1871364096,1938636800
findling-rss 1791037889,1505333248,340492288,18704296,1872093184,1938636800
findling-rss 1791037891,1485885440,340529152,18704504,1852469248,1938636800
findling-rss 1791037894,1509425152,340529152,18709344,1876086784,1938636800
findling-rss 1791037896,1485860864,340525056,18728424,1852256256,1938636800
findling-rss 1791037898,1505136640,340525056,18725584,1871257600,1938636800
findling-rss 1791037900,1438507008,340553728,18723048,1804357632,1938636800
findling-rss 1791037902,1508757504,340553728,18723544,1874853888,1938636800
findling-rss 1791037904,1468477440,340549632,18745008,1834397696,1938636800
findling-rss 1791037906,1506955264,340549632,18743984,1873526784,1938636800
findling-rss 1791037908,1386795008,340582400,18626784,1751461888,1938636800
findling-rss 1791037910,1505779712,340582400,18741192,1872265216,1938636800
findling-rss 1791037912,1410662400,340566016,18743144,1776308224,1938636800
findling-rss 1791037914,1512194048,340566016,18761896,1878814720,1938636800
findling-rss 1791037916,1357979648,340230144,18646336,1723547648,1938636800
findling-rss 1791037918,1505607680,340606976,18759504,1872277504,1938636800
findling-rss 1791037920,1357979648,340258816,18667808,1724055552,1938636800
findling-rss 1791037922,1506390016,340619264,18778912,1873088512,1938636800
findling-rss 1791037924,1512734720,340619264,18777656,1879367680,1938636800
findling-rss 1791037926,1506205696,340471808,18661896,1872465920,1938636800
findling-rss 1791037928,1511940096,340471808,18662032,1878028288,1938636800
findling-rss 1791037930,1505468416,340467712,18723184,1872855040,1938636800
findling-rss 1791037932,1505792000,340467712,18678024,1871847424,1938636800
findling-rss 1791037934,1485897728,340496384,18673760,1852399616,1938636800
findling-rss 1791037936,1506676736,340496384,18676576,1872904192,1938636800
findling-rss 1791037938,1503211520,340500480,18696544,1869955072,1938636800
findling-rss 1791037940,1506353152,340500480,18694824,1872908288,1938636800
findling-rss 1791037942,1459777536,340529152,18689880,1826115584,1938636800
findling-rss 1791037944,1506267136,340529152,18694520,1873457152,1938636800
findling-rss 1791037946,1485877248,340529152,18709888,1852563456,1938636800
findling-rss 1791037948,1507115008,340529152,18709144,1873985536,1938636800
findling-rss 1791037950,1417224192,340570112,18705344,1783648256,1938636800
findling-rss 1791037952,1505595392,340570112,18710904,1872019456,1938636800
findling-rss 1791037954,1421082624,340561920,18724816,1786998784,1938636800
findling-rss 1791037956,1505308672,340561920,18725200,1871949824,1938636800
findling-rss 1791037958,1357979648,340230144,18606488,1724424192,1938636800
findling-rss 1791037960,1506021376,340590592,18726480,1872261120,1938636800
findling-rss 1791037962,1507360768,340590592,18727840,1874804736,1938636800
findling-rss 1791037964,1488232448,340557824,18745400,1855135744,1938636800
findling-rss 1791037966,1494355968,340557824,18747264,1861062656,1938636800
findling-rss 1791037968,1506160640,340615168,18746280,1873121280,1938636800
findling-rss 1791037970,1508491264,340615168,18747400,1875619840,1938636800
findling-rss 1791037972,1505615872,340623360,18766112,1873068032,1938636800
findling-rss 1791037974,1511055360,340623360,18766752,1878208512,1938636800
findling-rss 1791037976,1485873152,340652032,18753256,1852420096,1938636800
findling-rss 1791037978,1507004416,340652032,18757488,1873477632,1938636800
findling-rss 1791037980,1488343040,340647936,18774456,1853493248,1938636800
findling-rss 1791037982,1507340288,340647936,18777608,1873911808,1938636800
findling-rss 1791037984,1468207104,340525056,18662704,1834618880,1938636800
findling-rss 1791037986,1488723968,340525056,18665040,1854586880,1938636800
findling-rss 1791037988,1485877248,340508672,18683952,1852456960,1938636800
findling-rss 1791037990,1509830656,340508672,18679224,1875894272,1938636800
findling-rss 1791037992,1410048000,340541440,18567992,1775628288,1938636800
findling-rss 1791037994,1505931264,340541440,18681200,1872203776,1938636800
findling-rss 1791037996,1421332480,345088000,18827128,1792495616,1938636800
findling-rss 1791037998,1507246080,345088000,18867680,1879089152,1938636800
findling-rss 1791038000,1486950400,345088000,18816344,1858355200,1938636800
findling-rss 1791038002,1520345088,345088000,18819776,1892139008,1938636800
findling-rss 1791038004,1495625728,345088000,18819200,1866891264,1938636800
findling-rss 1791038006,1515556864,345088000,18817432,1886642176,1938636800
findling-rss 1791038008,1515909120,345088000,18818744,1886814208,1938636800
findling-rss 1791038010,1516380160,345088000,18819864,1887735808,1938636800
findling-rss 1791038012,1517694976,345088000,18817680,1888493568,1938636800
findling-rss 1791038014,1518112768,345088000,18818704,1889452032,1938636800
findling-rss 1791038016,1517293568,345088000,18822072,1888927744,1938636800
findling-rss 1791038018,1517772800,345088000,18821104,1888911360,1938636800
findling-rss 1791038020,1518084096,345088000,18822064,1889116160,1938636800
findling-rss 1791038022,1422266368,345088000,18722648,1792671744,1938636800
findling-rss 1791038024,1518612480,345088000,18820568,1889964032,1938636800
findling-rss 1791038026,1433956352,345088000,18819832,1805242368,1938636800
findling-rss 1791038028,1521131520,345088000,18822904,1892519936,1938636800
findling-rss 1791038030,1451491328,345088000,18821648,1822875648,1938636800
findling-rss 1791038032,1520271360,345088000,18822560,1891553280,1938636800
findling-rss 1791038034,1491914752,345088000,18824728,1863749632,1938636800
findling-rss 1791038036,1521934336,345088000,18816776,1892970496,1938636800
findling-rss 1791038038,1500614656,345088000,18817216,1871523840,1938636800
findling-rss 1791038040,1522716672,345088000,18815544,1894416384,1938636800
findling-rss 1791038042,1508544512,345088000,18817728,1879044096,1938636800
findling-rss 1791038044,1520975872,345088000,18832568,1892495360,1938636800
findling-rss 1791038046,1467748352,345088000,18819544,1839206400,1938636800
findling-rss 1791038048,1467748352,345088000,18818904,1839116288,1938636800
findling-rss 1791038050,1485889536,340598784,18694376,1851686912,1938636800
findling-rss 1791038052,1507631104,340598784,18698048,1874321408,1938636800
findling-rss 1791038054,1485869056,340594688,18718704,1852981248,1938636800
findling-rss 1791038056,1506775040,340594688,18719496,1873887232,1938636800
findling-rss 1791038058,1418862592,340631552,18713648,1784320000,1938636800
findling-rss 1791038060,1505161216,340631552,18718320,1871974400,1938636800
findling-rss 1791038062,1450094592,340623360,18737536,1816858624,1938636800
findling-rss 1791038064,1506230272,340623360,18737096,1872457728,1938636800
findling-rss 1791038066,1395482624,340664320,18631664,1760256000,1938636800
findling-rss 1791038068,1505390592,340664320,18731808,1872429056,1938636800
findling-rss 1791038070,1411698688,340660224,18747784,1778937856,1938636800
findling-rss 1791038072,1506234368,340660224,18748496,1873416192,1938636800
findling-rss 1791038074,1357983744,340303872,18639000,1723920384,1938636800
findling-rss 1791038076,1505873920,340688896,18747088,1872097280,1938636800
findling-rss 1791038078,1398079488,340684800,18660456,1763454976,1938636800
findling-rss 1791038080,1504935936,340684800,18767368,1871822848,1938636800
findling-rss 1791038082,1408057344,340332544,18649688,1774276608,1938636800
findling-rss 1791038084,1505607680,340713472,18763168,1872154624,1938636800
findling-rss 1791038086,1508511744,340713472,18764688,1875152896,1938636800
findling-rss 1791038088,1510576128,341741568,18814152,1877827584,1938636800
findling-rss 1791038090,1511452672,341741568,18813592,1878990848,1938636800
findling-rss 1791038092,1515716608,341741568,18813496,1884000256,1938636800
findling-rss 1791038094,1515798528,341741568,18813496,1883799552,1938636800
findling-rss 1791038096,1516085248,341741568,18812472,1883734016,1938636800
findling-rss 1791038098,1420169216,341741568,18704528,1787654144,1938636800
findling-rss 1791038100,1515520000,341741568,18808768,1883516928,1938636800
findling-rss 1791038102,1358331904,355581952,19129616,1738887168,1938636800
findling-rss 1791038104,1506050048,340578304,18668440,1872666624,1938636800
findling-rss 1791038106,1384628224,340578304,18584120,1745412096,1938636800
findling-rss 1791038108,1505714176,340578304,18687048,1872433152,1938636800
findling-rss 1791038110,1415180288,340230144,18568272,1780674560,1938636800
findling-rss 1791038112,1506398208,340619264,18682216,1873317888,1938636800
findling-rss 1791038114,1506406400,340619264,18680256,1872969728,1938636800
findling-rss 1791038116,1506664448,340615168,18701816,1873248256,1938636800
findling-rss 1791038118,1506725888,340615168,18697456,1873375232,1938636800
findling-rss 1791038120,1502027776,340643840,18695048,1867935744,1938636800
findling-rss 1791038122,1510252544,340643840,18690440,1876348928,1938636800
findling-rss 1791038124,1504903168,340643840,18709584,1871601664,1938636800
findling-rss 1791038126,1505026048,340643840,18711552,1871785984,1938636800
findling-rss 1791038128,1485897728,340668416,18710072,1852227584,1938636800
findling-rss 1791038130,1506189312,340668416,18711192,1872429056,1938636800
findling-rss 1791038132,1485869056,340664320,18731728,1852768256,1938636800
findling-rss 1791038134,1505546240,340664320,18732848,1872396288,1938636800
findling-rss 1791038136,1449213952,340697088,18729136,1814564864,1938636800
findling-rss 1791038138,1506021376,340697088,18732176,1872625664,1938636800
findling-rss 1791038140,1485873152,340688896,18746512,1852809216,1938636800
findling-rss 1791038142,1505558528,340688896,18749200,1871855616,1938636800
findling-rss 1791038144,1410064384,340725760,18638576,1776279552,1938636800
findling-rss 1791038146,1506566144,340725760,18747784,1872830464,1938636800
findling-rss 1791038148,1416105984,340725760,18767472,1779875840,1938636800
findling-rss 1791038150,1505583104,340725760,18766048,1872465920,1938636800
findling-rss 1791038152,1357996032,340402176,18637760,1724186624,1938636800
findling-rss 1791038154,1511677952,340754432,18761696,1878683648,1938636800
findling-rss 1791038156,1357996032,340406272,18675696,1723994112,1938636800
findling-rss 1791038158,1506267136,340754432,18792112,1872838656,1938636800
findling-rss 1791038160,1357996032,340402176,18677632,1724555264,1938636800
findling-rss 1791038162,1505042432,340606976,18663344,1871560704,1938636800
findling-rss 1791038164,1506009088,340606976,18663728,1872986112,1938636800
findling-rss 1791038166,1505800192,340611072,18684176,1872191488,1938636800
findling-rss 1791038168,1508659200,340611072,18684432,1874972672,1938636800
findling-rss 1791038170,1505779712,340639744,18681128,1872371712,1938636800
findling-rss 1791038172,1506496512,340639744,18680592,1873133568,1938636800
findling-rss 1791038175,1505128448,340643840,18695744,1871433728,1938636800
findling-rss 1791038177,1505157120,340643840,18697136,1871732736,1938636800
findling-rss 1791038179,1504706560,340676608,18697960,1870712832,1938636800
findling-rss 1791038181,1511174144,340676608,18710720,1877716992,1938636800
findling-rss 1791038183,1505710080,340676608,18716168,1872510976,1938636800
findling-rss 1791038185,1506115584,340676608,18718328,1871646720,1938636800
findling-rss 1791038187,1485897728,340697088,18707104,1852137472,1938636800
findling-rss 1791038189,1506160640,340697088,18712136,1872916480,1938636800
findling-rss 1791038191,1485910016,340705280,18727448,1852882944,1938636800
findling-rss 1791038193,1506865152,340705280,18729896,1874128896,1938636800
findling-rss 1791038195,1477189632,340729856,18726464,1844404224,1938636800
findling-rss 1791038197,1506304000,340729856,18730312,1872674816,1938636800
findling-rss 1791038199,1485922304,340725760,18749192,1852854272,1938636800
findling-rss 1791038201,1506578432,340725760,18750616,1873403904,1938636800
findling-rss 1791038203,1418158080,340762624,18744192,1781522432,1938636800
findling-rss 1791038205,1506131968,340762624,18747264,1872171008,1938636800
findling-rss 1791038207,1421176832,340754432,18765400,1787662336,1938636800
findling-rss 1791038209,1506676736,340754432,18765416,1873461248,1938636800
findling-rss 1791038211,1358012416,340434944,18635384,1723895808,1938636800
findling-rss 1791038213,1506746368,340787200,18769064,1873797120,1938636800
findling-rss 1791038215,1393283072,340787200,18675544,1787236352,1938636800
findling-rss 1791038217,1506451456,340795392,18782216,1872592896,1938636800
findling-rss 1791038219,1411661824,340434944,18668192,1777336320,1938636800
findling-rss 1791038221,1506111488,340652032,18665008,1872252928,1938636800
findling-rss 1791038223,1511493632,340652032,18666104,1878274048,1938636800
findling-rss 1791038225,1506172928,340647936,18685072,1872977920,1938636800
findling-rss 1791038227,1506172928,340647936,18695160,1872388096,1938636800
findling-rss 1791038229,1495412736,340688896,18678968,1860915200,1938636800
findling-rss 1791038231,1506643968,340688896,18681424,1873494016,1938636800
findling-rss 1791038233,1505218560,340676608,18699040,1872207872,1938636800
findling-rss 1791038235,1506086912,340676608,18699880,1872924672,1938636800
findling-rss 1791038237,1486094336,340709376,18696800,1852715008,1938636800
findling-rss 1791038239,1505918976,340709376,18699392,1872277504,1938636800
findling-rss 1791038241,1486086144,340701184,18717200,1853263872,1938636800
findling-rss 1791038243,1505656832,340701184,18711936,1872314368,1938636800
findling-rss 1791038245,1451773952,340733952,18709136,1817546752,1938636800
findling-rss 1791038247,1505923072,340733952,18709568,1872429056,1938636800
findling-rss 1791038249,1486102528,340733952,18726704,1852350464,1938636800
findling-rss 1791038251,1506119680,340733952,18729056,1872236544,1938636800
findling-rss 1791038253,1566629888,340557824,18613600,1932836864,1938636800
findling-rss 1791038255,1568935936,340557824,18725304,1935872000,1938636800
findling-rss 1791038257,1410838528,340766720,18722808,1775849472,1942679552
findling-rss 1791038259,1505476608,340766720,18753080,1872166912,1942679552
findling-rss 1791038261,1395101696,340414464,18636072,1781460992,1942679552
findling-rss 1791038263,1505800192,340799488,18749328,1872957440,1942679552
findling-rss 1791038265,1508818944,340799488,18747456,1876078592,1942679552
findling-rss 1791038267,1505624064,342192128,18805536,1873694720,1942679552
findling-rss 1791038269,1509994496,342192128,18805056,1878077440,1942679552
findling-rss 1791038271,1515147264,342192128,18806136,1883910144,1942679552
findling-rss 1791038273,1432264704,342192128,18850712,1802244096,1942679552
findling-rss 1791038275,1516638208,342192128,18807800,1883287552,1942679552
findling-rss 1791038277,1487532032,342192128,18808976,1855631360,1942679552
findling-rss 1791038279,1516003328,342192128,18804224,1884921856,1942679552
findling-rss 1791038281,1497628672,342192128,18805904,1865953280,1942679552
findling-rss 1791038283,1517182976,342192128,18805368,1885839360,1942679552
findling-rss 1791038285,1437159424,340832256,18765752,1803182080,1942679552
findling-rss 1791038287,1506459648,340832256,18764504,1872961536,1942679552
findling-rss 1791038289,1459789824,340840448,18785792,1825148928,1942679552
findling-rss 1791038291,1488334848,340840448,18784376,1854840832,1942679552
findling-rss 1791038293,1401290752,402309120,20496512,1830191104,1942679552
findling-rss 1791038295,1507581952,340688896,18709576,1874599936,1942679552
findling-rss 1791038297,1410297856,340692992,18582104,1776472064,1942679552
findling-rss 1791038299,1506062336,340692992,18685048,1872023552,1942679552
findling-rss 1791038301,1358233600,340340736,18574584,1723678720,1942679552
findling-rss 1791038303,1506373632,340717568,18685056,1872375808,1942679552
findling-rss 1791038305,1358233600,340365312,18580768,1723109376,1942679552
findling-rss 1791038307,1509756928,340721664,18701816,1876754432,1942679552
findling-rss 1791038309,1408901120,340365312,18581472,1774555136,1942679552
findling-rss 1791038311,1506598912,340746240,18698664,1873391616,1942679552
findling-rss 1791038313,1506598912,340746240,18700744,1873309696,1942679552
findling-rss 1791038315,1505837056,340742144,18719192,1872486400,1942679552
findling-rss 1791038317,1509474304,340742144,18717224,1876115456,1942679552
findling-rss 1791038319,1503326208,341458944,18740672,1870544896,1942679552
findling-rss 1791038321,1506222080,341458944,18733816,1873854464,1942679552
findling-rss 1791038323,1515446272,341458944,18733816,1883000832,1942679552
findling-rss 1791038325,1515831296,341458944,18738136,1883688960,1942679552
findling-rss 1791038327,1516380160,341458944,18739736,1883795456,1942679552
findling-rss 1791038329,1516478464,341458944,18740856,1884368896,1942679552
findling-rss 1791038331,1506746368,340774912,18741464,1873661952,1942679552
findling-rss 1791038333,1507926016,340774912,18743248,1874370560,1942679552
findling-rss 1791038335,1505501184,340807680,18738848,1871585280,1942679552
findling-rss 1791038337,1510506496,340807680,18739952,1876758528,1942679552
findling-rss 1791038339,1508184064,340807680,18758408,1874997248,1942679552
findling-rss 1791038341,1509269504,340807680,18755936,1876287488,1942679552
findling-rss 1791038343,1477451776,343994368,18832192,1847455744,1942679552
findling-rss 1791038345,1506201600,343994368,18841496,1876701184,1942679552
findling-rss 1791038347,1495928832,343994368,18844144,1865781248,1942679552
findling-rss 1791038349,1516654592,343994368,18842312,1886056448,1942679552
findling-rss 1791038351,1515925504,343994368,18839216,1885831168,1942679552
findling-rss 1791038353,1523486720,343994368,18839520,1893232640,1942679552
findling-rss 1791038355,1516752896,343994368,18840272,1886662656,1942679552
findling-rss 1791038357,1516810240,343994368,18840008,1886650368,1942679552
findling-rss 1791038359,1516875776,343994368,18840344,1886851072,1942679552
findling-rss 1791038361,1517871104,343994368,18843520,1887883264,1942679552
findling-rss 1791038363,1518702592,343994368,18844216,1888645120,1942679552
findling-rss 1791038365,1520480256,343994368,18838632,1889615872,1942679552
findling-rss 1791038367,1519661056,343994368,18838576,1889841152,1942679552
findling-rss 1791038369,1422942208,343994368,18739648,1792557056,1942679552
findling-rss 1791038371,1518657536,343994368,18840720,1889169408,1942679552
findling-rss 1791038373,1422942208,343994368,18738448,1792987136,1942679552
findling-rss 1791038375,1518944256,343994368,18837552,1888915456,1942679552
findling-rss 1791038377,1463472128,343994368,18836432,1833517056,1942679552
findling-rss 1791038379,1519443968,343994368,18835440,1889550336,1942679552
findling-rss 1791038381,1486176256,340848640,18770704,1853358080,1942679552
findling-rss 1791038383,1506422784,340848640,18769176,1873690624,1942679552
findling-rss 1791038385,1421373440,340893696,18793360,1788129280,1942679552
findling-rss 1791038387,1506086912,340893696,18771696,1873235968,1942679552
findling-rss 1791038389,1422012416,340881408,18785696,1788424192,1942679552
findling-rss 1791038391,1505869824,340881408,18788280,1873154048,1942679552
findling-rss 1791038393,1414631424,340533248,18671120,1781026816,1942679552
findling-rss 1791038395,1506881536,343908352,18751864,1875722240,1942679552
findling-rss 1791038397,1506881536,343908352,18753272,1877254144,1942679552
findling-rss 1791038399,1516711936,343908352,18755192,1886621696,1942679552
findling-rss 1791038401,1420484608,343908352,18657360,1790427136,1942679552
findling-rss 1791038403,1515614208,343908352,18758672,1885962240,1942679552
findling-rss 1791038405,1470197760,343908352,18758728,1838620672,1942679552
findling-rss 1791038407,1516605440,343908352,18761352,1887043584,1942679552
findling-rss 1791038409,1497714688,343908352,18758296,1867030528,1942679552
findling-rss 1791038411,1518333952,343908352,18758016,1888845824,1942679552
findling-rss 1791038413,1498804224,343908352,18758000,1869193216,1942679552
findling-rss 1791038415,1518981120,343908352,18754608,1889517568,1942679552
findling-rss 1791038417,1519222784,343908352,18755328,1889529856,1942679552
findling-rss 1791038419,1525059584,343908352,18755600,1895219200,1942679552
findling-rss 1791038421,1519230976,343908352,18754408,1889644544,1942679552
findling-rss 1791038423,1519632384,343908352,18752400,1890238464,1942679552
findling-rss 1791038425,1520218112,343908352,18752160,1889165312,1942679552
findling-rss 1791038427,1520218112,343908352,18754000,1889939456,1942679552
findling-rss 1791038429,1466630144,343908352,18753648,1836797952,1942679552
findling-rss 1791038431,1466630144,343908352,18768512,1836769280,1942679552
findling-rss 1791038433,1506496512,340746240,18688480,1873174528,1942679552
findling-rss 1791038435,1403199488,340398080,18568488,1769218048,1942679552
findling-rss 1791038437,1505779712,340795392,18688120,1872556032,1942679552
findling-rss 1791038439,1506103296,340795392,18689480,1873444864,1942679552
findling-rss 1791038441,1507704832,340787200,18706704,1874731008,1942679552
findling-rss 1791038443,1507704832,340787200,18708248,1874706432,1942679552
findling-rss 1791038445,1504948224,340815872,18708400,1871052800,1942679552
findling-rss 1791038447,1506086912,340815872,18708016,1872162816,1942679552
findling-rss 1791038449,1505378304,340815872,18722584,1871478784,1942679552
findling-rss 1791038452,1505779712,340815872,18724208,1873072128,1942679552
findling-rss 1791038454,1486266368,340840448,18724296,1852710912,1942679552
findling-rss 1791038456,1508339712,340840448,18718280,1873555456,1942679552
findling-rss 1791038458,1502015488,340848640,18736624,1868955648,1942679552
findling-rss 1791038460,1511710720,340848640,18738304,1878740992,1942679552
findling-rss 1791038462,1448140800,345796608,18864552,1819688960,1942679552
findling-rss 1791038464,1509416960,345796608,18868240,1880756224,1942679552
findling-rss 1791038466,1461010432,345796608,18872760,1832644608,1942679552
findling-rss 1791038468,1516437504,345796608,18876000,1888829440,1942679552
findling-rss 1791038470,1487720448,345796608,18869800,1859764224,1942679552
findling-rss 1791038472,1516548096,345796608,18871392,1888604160,1942679552
findling-rss 1791038474,1496416256,345796608,18873392,1868492800,1942679552
findling-rss 1791038476,1517916160,345796608,18874880,1890263040,1942679552
findling-rss 1791038478,1498947584,345796608,18875208,1870356480,1942679552
findling-rss 1791038480,1517789184,345796608,18875000,1889923072,1942679552
findling-rss 1791038482,1517953024,345796608,18876728,1889984512,1942679552
findling-rss 1791038484,1518993408,345796608,18873888,1891069952,1942679552
findling-rss 1791038486,1519988736,345796608,18872240,1891508224,1942679552
findling-rss 1791038488,1519988736,345796608,18869872,1892388864,1942679552
findling-rss 1791038490,1520062464,345796608,18871248,1892048896,1942679552
findling-rss 1791038492,1521782784,345796608,18873216,1893994496,1942679552
findling-rss 1791038494,1519190016,345796608,18874248,1890951168,1942679552
findling-rss 1791038496,1424142336,345796608,18769472,1795706880,1942679552
findling-rss 1791038498,1466720256,345796608,18874832,1838596096,1942679552
findling-rss 1791038500,1381425152,345796608,18885264,1753247744,1942679552
findling-rss 1791038502,1466798080,345796608,18871208,1839009792,1942679552
findling-rss 1791038504,1465085952,345796608,18870136,1835937792,1942679552
findling-rss 1791038506,1511649280,345796608,18873288,1883598848,1942679552
findling-rss 1791038508,1500987392,345796608,18873512,1872728064,1942679552
findling-rss 1791038510,1520574464,345796608,18868112,1892687872,1942679552
findling-rss 1791038512,1516281856,345796608,18866024,1887309824,1942679552
findling-rss 1791038514,1521565696,345796608,18865688,1893294080,1942679552
findling-rss 1791038516,1521156096,345796608,18865688,1892687872,1942679552
findling-rss 1791038518,1521156096,345796608,18867288,1892741120,1942679552
findling-rss 1791038520,1506402304,340893696,18752000,1872797696,1942679552
findling-rss 1791038522,1507606528,340893696,18753248,1874190336,1942679552
findling-rss 1791038524,1408040960,340930560,18701640,1773281280,1942679552
findling-rss 1791038526,1471197184,340930560,18814264,1837604864,1942679552
findling-rss 1791038528,1420591104,340930560,18832224,1786916864,1942679552
findling-rss 1791038530,1504178176,340930560,18832296,1871138816,1942679552
findling-rss 1791038532,1356935168,340578304,18713624,1723568128,1942679552
findling-rss 1791038534,1507549184,340955136,18832488,1874944000,1942679552
findling-rss 1791038536,1508519936,340955136,18833608,1875689472,1942679552
findling-rss 1791038538,1504395264,340951040,18850776,1871376384,1942679552
findling-rss 1791038540,1356935168,340606976,18731792,1741766656,1942679552
findling-rss 1791038542,1504305152,340803584,18731840,1871335424,1942679552
findling-rss 1791038544,1505255424,340803584,18733704,1872384000,1942679552
findling-rss 1791038546,1503973376,340807680,18750320,1870118912,1942679552
findling-rss 1791038548,1400020992,340455424,18637768,1765855232,1942679552
findling-rss 1791038550,1504247808,340840448,18744904,1870643200,1942679552
findling-rss 1791038552,1505067008,340840448,18746264,1871884288,1942679552
findling-rss 1791038554,1504747520,340836352,18766616,1872523264,1942679552
findling-rss 1791038556,1504747520,340836352,18765592,1871994880,1942679552
findling-rss 1791038558,1504256000,340869120,18761424,1870737408,1942679552
findling-rss 1791038560,1504280576,340869120,18759344,1871028224,1942679552
findling-rss 1791038562,1504157696,340860928,18781936,1870970880,1942679552
findling-rss 1791038564,1509167104,340860928,18782176,1876185088,1942679552
findling-rss 1791038566,1484853248,340893696,18782688,1851674624,1942679552
findling-rss 1791038568,1509920768,340893696,18783832,1876910080,1942679552
findling-rss 1791038570,1489805312,340901888,18813504,1855598592,1942679552
findling-rss 1791038572,1505583104,340901888,18803072,1872863232,1942679552
findling-rss 1791038574,1476161536,340926464,18800680,1842962432,1942679552
findling-rss 1791038576,1504677888,340926464,18798872,1871298560,1942679552
findling-rss 1791038578,1484857344,340918272,18814664,1851645952,1942679552
findling-rss 1791038580,1508786176,340918272,18816856,1875554304,1942679552
findling-rss 1791038582,1419927552,340951040,18810560,1786753024,1942679552
findling-rss 1791038584,1505038336,340951040,18812560,1872404480,1942679552
findling-rss 1791038586,1458782208,340951040,18832960,1825001472,1942679552
findling-rss 1791038588,1507794944,340951040,18835576,1875161088,1942679552
findling-rss 1791038590,1356980224,340631552,18705208,1722941440,1942679552
findling-rss 1791038592,1505083392,340979712,18845512,1872068608,1942679552
findling-rss 1791038594,1389133824,340987904,18742664,1754292224,1942679552
findling-rss 1791038596,1505198080,340987904,18851880,1871953920,1942679552
findling-rss 1791038598,1414598656,340631552,18730544,1781047296,1942679552
findling-rss 1791038600,1504931840,340836352,18733296,1871405056,1942679552
findling-rss 1791038602,1504931840,340836352,18734656,1871904768,1942679552
findling-rss 1791038604,1511337984,340844544,18757416,1878016000,1942679552
findling-rss 1791038606,1512124416,340844544,18756424,1878683648,1942679552
findling-rss 1791038608,1504124928,340885504,18753384,1871015936,1942679552
findling-rss 1791038610,1504587776,340885504,18747888,1871073280,1942679552
findling-rss 1791038612,1504796672,344748032,18874592,1876533248,1942679552
findling-rss 1791038614,1505177600,344748032,18876080,1876770816,1942679552
findling-rss 1791038616,1514733568,344748032,18874800,1885851648,1942679552
findling-rss 1791038618,1514872832,344748032,18875944,1886097408,1942679552
findling-rss 1791038620,1516023808,344748032,18876696,1886793728,1942679552
findling-rss 1791038622,1521197056,344748032,18878424,1892286464,1942679552
findling-rss 1791038624,1517600768,344748032,18883200,1888272384,1942679552
findling-rss 1791038626,1420963840,344748032,18772464,1791008768,1942679552
findling-rss 1791038628,1517547520,344748032,18877824,1888391168,1942679552
findling-rss 1791038630,1447829504,344748032,18879432,1818542080,1942679552
findling-rss 1791038632,1517015040,344748032,18877544,1887539200,1942679552
findling-rss 1791038634,1443971072,344748032,18878472,1814433792,1942679552
findling-rss 1791038636,1463947264,344748032,18874816,1834971136,1942679552
findling-rss 1791038638,1444892672,344748032,18874264,1814970368,1942679552
findling-rss 1791038640,1464115200,344748032,18876376,1835044864,1942679552
findling-rss 1791038642,1507586048,344748032,18879192,1878368256,1942679552
findling-rss 1791038644,1509130240,344748032,18878664,1880047616,1942679552
findling-rss 1791038646,1518026752,344748032,18877696,1889017856,1942679552
findling-rss 1791038648,1518276608,344748032,18877424,1889263616,1942679552
findling-rss 1791038650,1518862336,344748032,18878336,1889763328,1942679552
findling-rss 1791038652,1519648768,344748032,18878384,1890439168,1942679552
findling-rss 1791038654,1519173632,344748032,18873632,1889431552,1942679552
findling-rss 1791038656,1400889344,340545536,18660480,1766907904,1942679552
findling-rss 1791038658,1503858688,340930560,18767560,1870483456,1942679552
findling-rss 1791038660,1504788480,340930560,18808560,1871777792,1942679552
findling-rss 1791038662,1504440320,340934656,18786088,1871298560,1942679552
findling-rss 1791038664,1505165312,340934656,18787424,1873215488,1942679552
findling-rss 1791038666,1484894208,340959232,18783120,1851670528,1942679552
findling-rss 1791038668,1510330368,340959232,18783368,1877659648,1942679552
findling-rss 1791038670,1484881920,340951040,18801432,1852108800,1942679552
findling-rss 1791038672,1504522240,340951040,18804448,1871679488,1942679552
findling-rss 1791038674,1458774016,340983808,18800240,1825660928,1942679552
findling-rss 1791038676,1504055296,340983808,18802608,1870995456,1942679552
findling-rss 1791038678,1463492608,342175744,18856344,1827553280,1942679552
findling-rss 1791038680,1489018880,342175744,18857528,1856495616,1942679552
findling-rss 1791038682,1392332800,341008384,18720104,1757855744,1942679552
findling-rss 1791038684,1505128448,341008384,18819728,1871704064,1942679552
findling-rss 1791038686,1411026944,341020672,18837520,1777053696,1942679552
findling-rss 1791038688,1505005568,341020672,18836928,1872474112,1942679552
findling-rss 1791038690,1357000704,340692992,18731816,1722945536,1942679552
findling-rss 1791038692,1504768000,341045248,18837000,1871495168,1942679552
findling-rss 1791038694,1509511168,341045248,18836256,1876410368,1942679552
findling-rss 1791038696,1505484800,341045248,18848016,1871941632,1942679552
findling-rss 1791038698,1478000640,341045248,18848632,1847316480,1942679552
findling-rss 1791038700,1505468416,340914176,18731776,1871917056,1942679552
findling-rss 1791038702,1506406400,340914176,18733112,1873551360,1942679552
findling-rss 1791038704,1505193984,340914176,18753632,1871912960,1942679552
findling-rss 1791038706,1506553856,340914176,18768504,1873502208,1942679552
findling-rss 1791038708,1484902400,340930560,18753296,1850888192,1942679552
findling-rss 1791038710,1504997376,340930560,18752360,1871491072,1942679552
findling-rss 1791038712,1505624064,340938752,18768952,1871872000,1942679552
findling-rss 1791038714,1508118528,340938752,18770048,1875185664,1942679552
findling-rss 1791038716,1484926976,340975616,18768408,1851920384,1942679552
findling-rss 1791038718,1505521664,340975616,18767720,1872363520,1942679552
findling-rss 1791038720,1484898304,340963328,18785976,1851731968,1942679552
findling-rss 1791038722,1503993856,340963328,18787072,1871478784,1942679552
findling-rss 1791038724,1419542528,341000192,18783408,1786834944,1942679552
findling-rss 1791038726,1508151296,341000192,18784936,1875902464,1942679552
findling-rss 1791038729,1435947008,340996096,18805336,1803534336,1942679552
findling-rss 1791038731,1505398784,340996096,18805336,1872646144,1942679552
findling-rss 1791038733,1357012992,340672512,18678112,1723006976,1942679552
findling-rss 1791038735,1504862208,341032960,18800264,1871491072,1942679552
findling-rss 1791038737,1402527744,341024768,18716520,1768628224,1942679552
findling-rss 1791038739,1505406976,341024768,18821416,1872150528,1942679552
findling-rss 1791038741,1411100672,340672512,18701368,1776726016,1942679552
findling-rss 1791038743,1504813056,341053440,18820744,1872084992,1942679552
findling-rss 1791038745,1504813056,341053440,18816056,1869848576,1942679552
findling-rss 1791038747,1504833536,341053440,18829320,1871962112,1942679552
findling-rss 1791038749,1507586048,341053440,18830920,1875271680,1942679552
findling-rss 1791038751,1505386496,341078016,18830928,1872576512,1942679552
findling-rss 1791038753,1509769216,341078016,18845288,1878671360,1942679552
findling-rss 1791038755,1507889152,341078016,18849928,1875255296,1942679552
findling-rss 1791038757,1508814848,341078016,18850264,1875824640,1942679552
findling-rss 1791038759,1484902400,340938752,18736008,1851179008,1942679552
findling-rss 1791038761,1504518144,340938752,18735056,1871650816,1942679552
findling-rss 1791038763,1501904896,340938752,18755032,1868484608,1942679552
findling-rss 1791038765,1505177600,340938752,18755472,1872408576,1942679552
findling-rss 1791038767,1484926976,340975616,18751264,1851170816,1942679552
findling-rss 1791038769,1505734656,340975616,18751680,1872150528,1942679552
findling-rss 1791038771,1484939264,340975616,18769192,1851838464,1942679552
findling-rss 1791038773,1504387072,340975616,18766368,1871544320,1942679552
findling-rss 1791038775,1448550400,341004288,18765264,1815805952,1942679552
findling-rss 1791038777,1505304576,341004288,18765000,1872297984,1942679552
findling-rss 1791038779,1476235264,341004288,18782728,1842995200,1942679552
findling-rss 1791038781,1512058880,341004288,18786880,1879072768,1942679552
findling-rss 1791038783,1357033472,342773760,18715208,1723998208,1942679552
findling-rss 1791038785,1504288768,348774400,18999744,1879498752,1942679552
findling-rss 1791038787,1418887168,348774400,18899520,1792782336,1942679552
findling-rss 1791038789,1514708992,348774400,18997120,1889558528,1942679552
findling-rss 1791038791,1448566784,348774400,18998384,1823129600,1942679552
findling-rss 1791038793,1516523520,348774400,18997256,1891618816,1942679552
findling-rss 1791038795,1496866816,348774400,18996896,1871945728,1942679552
findling-rss 1791038797,1517441024,348774400,18996664,1892069376,1942679552
findling-rss 1791038799,1496858624,348774400,18996488,1872338944,1942679552
findling-rss 1791038801,1516994560,348774400,18995944,1891934208,1942679552
findling-rss 1791038803,1516548096,348774400,18993368,1891094528,1942679552
findling-rss 1791038805,1517297664,348774400,18993496,1891975168,1942679552
findling-rss 1791038807,1463644160,348774400,18994616,1838608384,1942679552
findling-rss 1791038809,1464385536,348774400,18995808,1839161344,1942679552
findling-rss 1791038811,1463705600,348774400,18996928,1837883392,1942679552
findling-rss 1791038813,1466040320,348774400,18998768,1840955392,1942679552
findling-rss 1791038815,1508958208,348774400,18998664,1884200960,1942679552
findling-rss 1791038817,1512837120,348774400,18998832,1888018432,1942679552
findling-rss 1791038819,1518497792,348774400,18995680,1893650432,1942679552
findling-rss 1791038821,1422417920,348774400,18899968,1797820416,1942679552
findling-rss 1791038823,1519673344,348774400,18994728,1894653952,1942679552
findling-rss 1791038825,1451036672,348774400,18992992,1825562624,1942679552
findling-rss 1791038827,1519722496,348774400,18997344,1894580224,1942679552
findling-rss 1791038829,1490628608,348774400,18994240,1865719808,1942679552
findling-rss 1791038831,1519046656,348774400,18992520,1894645760,1942679552
findling-rss 1791038833,1499303936,348774400,18992176,1875165184,1942679552
findling-rss 1791038835,1519923200,348774400,18994888,1895620608,1942679552
findling-rss 1791038837,1518166016,348774400,18994976,1893449728,1942679552
findling-rss 1791038839,1523728384,348774400,18994472,1899167744,1942679552
findling-rss 1791038841,1520332800,348774400,18995832,1895800832,1942679552
findling-rss 1791038843,1520332800,348774400,18996952,1895370752,1942679552
findling-rss 1791038845,1522823168,348774400,19010408,1898508288,1942679552
findling-rss 1791038847,1522823168,348774400,18993896,1898156032,1942679552
findling-rss 1791038849,1521283072,348774400,18996040,1896013824,1942679552
findling-rss 1791038851,1499758592,348774400,18997160,1891000320,1942679552
findling-rss 1791038853,1522245632,348774400,18994736,1896714240,1942679552
findling-rss 1791038855,1380888576,348774400,19001032,1752260608,1942679552
findling-rss 1791038857,1468948480,348774400,18992728,1843097600,1942679552
findling-rss 1791038859,1412800512,348774400,18991496,1787154432,1942679552
findling-rss 1791038861,1468874752,348774400,18995992,1843208192,1942679552
findling-rss 1791038863,1493032960,348774400,18995984,1867390976,1942679552
findling-rss 1791038865,1515421696,348774400,18997016,1890398208,1942679552
findling-rss 1791038867,1502810112,348774400,18999160,1877590016,1942679552
findling-rss 1791038869,1529016320,348774400,18997472,1903190016,1942679552
findling-rss 1791038871,1484922880,341045248,18797432,1851621376,1942679552
findling-rss 1791038873,1504108544,341045248,18803656,1871003648,1942679552
findling-rss 1791038875,1473114112,341110784,18799672,1834536960,1942679552
findling-rss 1791038877,1505034240,341110784,18804432,1871626240,1942679552
findling-rss 1791038879,1484959744,341106688,18816464,1852973056,1942679552
findling-rss 1791038881,1505329152,341106688,18822784,1872949248,1942679552
findling-rss 1791038883,1406246912,341135360,18708768,1771843584,1942679552
findling-rss 1791038885,1504161792,341135360,18822088,1870798848,1942679552
findling-rss 1791038887,1409142784,341127168,18729776,1775325184,1942679552
findling-rss 1791038889,1505116160,341127168,18840264,1871704064,1942679552
findling-rss 1791038891,1357078528,340791296,18755288,1724469248,1942679552
findling-rss 1791038893,1505325056,341159936,18853136,1871781888,1942679552
findling-rss 1791038895,1357545472,340807680,18743992,1723785216,1942679552
findling-rss 1791038897,1505718272,341164032,18857984,1873412096,1942679552
findling-rss 1791038899,1362149376,340807680,18743080,1724174336,1942679552
findling-rss 1791038901,1505206272,341020672,18742120,1872302080,1942679552
findling-rss 1791038903,1505206272,341020672,18740216,1871773696,1942679552
findling-rss 1791038905,1488392192,342183936,18791448,1856962560,1942679552
findling-rss 1791038907,1488392192,342183936,18788872,1856450560,1942679552
findling-rss 1791038909,1504890880,341041152,18756144,1871437824,1942679552
findling-rss 1791038911,1505587200,341041152,18755944,1872666624,1942679552
findling-rss 1791038913,1507004416,341057536,18795376,1873838080,1942679552
findling-rss 1791038915,1506639872,341057536,18771896,1874059264,1942679552
findling-rss 1791038917,1485463552,341073920,18767560,1852604416,1942679552
findling-rss 1791038919,1505460224,341073920,18771792,1872613376,1942679552
findling-rss 1791038921,1485475840,341073920,18791352,1852657664,1942679552
findling-rss 1791038923,1506607104,341073920,18794384,1873756160,1942679552
findling-rss 1791038925,1357561856,340750336,18676464,1723555840,1942679552
findling-rss 1791038927,1357561856,340750336,18665168,1724100608,1942679552
findling-rss 1791038929,1504526336,342163456,18816712,1872236544,1942679552
findling-rss 1791038931,1505415168,342163456,18818072,1873502208,1942679552
findling-rss 1791038933,1514962944,342163456,18818816,1883074560,1942679552
findling-rss 1791038935,1514962944,342163456,18821160,1882525696,1942679552
findling-rss 1791038937,1515876352,342163456,18816312,1884360704,1942679552
findling-rss 1791038939,1516847104,342163456,18814048,1885237248,1942679552
findling-rss 1791038941,1516396544,342163456,18814944,1885147136,1942679552
findling-rss 1791038943,1520467968,342163456,18817152,1888665600,1942679552
findling-rss 1791038945,1505771520,341098496,18804400,1872924672,1942679552
findling-rss 1791038947,1404739584,340750336,18695984,1771651072,1942679552
findling-rss 1791038949,1505038336,344641536,18911136,1875521536,1942679552
findling-rss 1791038951,1505837056,344641536,18907536,1876492288,1942679552
findling-rss 1791038953,1514676224,344641536,18908112,1885700096,1942679552
findling-rss 1791038955,1515683840,344641536,18907592,1886674944,1942679552
findling-rss 1791038957,1516216320,344641536,18907904,1886511104,1942679552
findling-rss 1791038959,1420484608,344641536,18819552,1791008768,1942679552
findling-rss 1791038961,1522790400,344641536,18909984,1893588992,1942679552
findling-rss 1791038963,1421549568,344641536,18809760,1791500288,1942679552
findling-rss 1791038965,1517412352,344641536,18902760,1886711808,1942679552
findling-rss 1791038967,1431760896,344641536,18903688,1802293248,1942679552
findling-rss 1791038969,1517953024,344641536,18904344,1889046528,1942679552
findling-rss 1791038971,1460252672,344641536,18907560,1830297600,1942679552
findling-rss 1791038973,1516814336,344641536,18905872,1887821824,1942679552
findling-rss 1791038975,1497722880,344641536,18900696,1868144640,1942679552
findling-rss 1791038977,1517641728,344641536,18900968,1888608256,1942679552
findling-rss 1791038979,1498783744,344641536,18906712,1869160448,1942679552
findling-rss 1791038981,1518698496,344641536,18900928,1889542144,1942679552
findling-rss 1791038983,1518981120,344641536,18901768,1889714176,1942679552
findling-rss 1791038985,1519489024,344641536,18901368,1888641024,1942679552
findling-rss 1791038987,1520107520,344641536,18901936,1890897920,1942679552
findling-rss 1791038989,1521233920,344641536,18903776,1891966976,1942679552
findling-rss 1791038991,1505488896,341155840,18826824,1873440768,1942679552
findling-rss 1791038993,1505648640,341155840,18824880,1873399808,1942679552
findling-rss 1791038995,1491787776,341184512,18823024,1857388544,1942679552
findling-rss 1791038997,1509916672,341184512,18823096,1877508096,1942679552
findling-rss 1791038999,1504968704,341188608,18841088,1873145856,1942679552
findling-rss 1791039001,1505935360,341188608,18875768,1873612800,1942679552
findling-rss 1791039004,1459396608,341225472,18834808,1826754560,1942679552
findling-rss 1791039006,1505460224,341225472,18839856,1873195008,1942679552
findling-rss 1791039008,1485467648,341209088,18857144,1852727296,1942679552
findling-rss 1791039010,1505140736,341209088,18859688,1871728640,1942679552
findling-rss 1791039012,1438044160,341073920,18733720,1805488128,1942679552
findling-rss 1791039014,1507528704,341073920,18736672,1874866176,1942679552
findling-rss 1791039016,1468100608,341086208,18758736,1832808448,1942679552
findling-rss 1791039018,1506340864,341086208,18759264,1873825792,1942679552
findling-rss 1791039020,1385910272,341102592,18643200,1750945792,1942679552
findling-rss 1791039022,1505685504,341102592,18758064,1872510976,1942679552
findling-rss 1791039024,1417789440,341118976,18778816,1781661696,1942679552
findling-rss 1791039026,1506496512,341118976,18778424,1873039360,1942679552
findling-rss 1791039028,1357598720,340783104,18667064,1724338176,1942679552
findling-rss 1791039030,1505107968,341139456,18769320,1872490496,1942679552
findling-rss 1791039032,1357602816,340787200,18683408,1724289024,1942679552
findling-rss 1791039034,1505042432,341131264,18788408,1871699968,1942679552
findling-rss 1791039036,1357602816,340783104,18674248,1723514880,1942679552
findling-rss 1791039038,1505005568,341159936,18787552,1872179200,1942679552
findling-rss 1791039040,1505005568,341159936,18788696,1872695296,1942679552
findling-rss 1791039042,1505243136,341159936,18809432,1872789504,1942679552
findling-rss 1791039044,1505353728,341159936,18806608,1872445440,1942679552
findling-rss 1791039046,1505447936,341196800,18803312,1872998400,1942679552
findling-rss 1791039048,1505480704,341196800,18803728,1873006592,1942679552
findling-rss 1791039050,1505099776,341200896,18822584,1872154624,1942679552
findling-rss 1791039052,1505976320,341200896,18821560,1873145856,1942679552
findling-rss 1791039054,1487560704,341192704,18820616,1854484480,1942679552
findling-rss 1791039056,1488388096,341192704,18820616,1854730240,1942679552
findling-rss 1791039058,1505497088,341225472,18836368,1872703488,1942679552
findling-rss 1791039060,1505497088,341225472,18835536,1872855040,1942679552
findling-rss 1791039062,1504382976,341245952,18837872,1871499264,1942679552
findling-rss 1791039064,1505525760,341245952,18836208,1872359424,1942679552
findling-rss 1791039066,1487306752,341217280,18859576,1854070784,1942679552
findling-rss 1791039068,1487908864,341217280,18860496,1854763008,1942679552
findling-rss 1791039070,1485520896,341114880,18746376,1852264448,1942679552
findling-rss 1791039072,1505198080,341114880,18740960,1872351232,1942679552
findling-rss 1791039074,1485516800,341114880,18758288,1852145664,1942679552
findling-rss 1791039076,1504813056,341114880,18760760,1871601664,1942679552
findling-rss 1791039078,1453039616,341139456,18757704,1816809472,1942679552
findling-rss 1791039080,1505779712,341139456,18762104,1872076800,1942679552
findling-rss 1791039082,1485508608,341135360,18773576,1852342272,1942679552
findling-rss 1791039084,1510080512,341135360,18775288,1876893696,1942679552
findling-rss 1791039086,1390927872,341172224,18662208,1755918336,1942679552
findling-rss 1791039088,1505669120,341172224,18773544,1872707584,1942679552
findling-rss 1791039090,1484939264,341172224,18772568,1851764736,1942679552
findling-rss 1791039092,1505742848,341176320,18792288,1872703488,1942679552
findling-rss 1791039094,1415557120,340815872,18675120,1780932608,1942679552
findling-rss 1791039096,1504866304,341188608,18792272,1872588800,1942679552
findling-rss 1791039098,1505116160,341188608,18790152,1872723968,1942679552
findling-rss 1791039100,1505431552,341204992,18805560,1873031168,1942679552
findling-rss 1791039102,1505464320,341204992,18805504,1872592896,1942679552
findling-rss 1791039104,1504632832,341233664,18803576,1871667200,1942679552
findling-rss 1791039106,1505730560,341233664,18805120,1872703488,1942679552
findling-rss 1791039108,1504567296,341217280,18822016,1871245312,1942679552
findling-rss 1791039110,1508618240,341217280,18825560,1875218432,1942679552
findling-rss 1791039112,1474818048,341262336,18847816,1840672768,1942679552
findling-rss 1791039114,1488216064,341262336,18852288,1854926848,1942679552
findling-rss 1791039116,1505685504,341250048,18867344,1872158720,1942679552
findling-rss 1791039118,1506959360,341250048,18867768,1874018304,1942679552
findling-rss 1791039120,1358618624,340930560,18744080,1725489152,1942679552
findling-rss 1791039122,1358618624,340930560,18745680,1724887040,1942679552
findling-rss 1791039124,1358618624,340930560,18744112,1724575744,1942679552
findling-rss 1791039126,1358618624,340930560,18745952,1725100032,1942679552
findling-rss 1791039128,1358618624,340930560,18747072,1724928000,1942679552
findling-rss 1791039130,1358618624,340930560,18744792,1724542976,1942679552
findling-rss 1791039132,1358618624,340930560,18746656,1724715008,1942679552
findling-rss 1791039134,1358618624,340930560,18747992,1724874752,1942679552
findling-rss 1791039136,1358618624,340930560,18744120,1724837888,1942679552
findling-rss 1791039138,1358618624,340930560,18743664,1725161472,1942679552
findling-rss 1791039140,1359912960,340930560,18786432,1726582784,1942679552
findling-rss 1791039142,1358618624,340930560,18742952,1725165568,1942679552
findling-rss 1791039144,1358618624,340930560,18743672,1724006400,1942679552
findling-rss 1791039146,1358618624,340930560,18743672,1723883520,1942679552
findling-rss 1791039148,1358618624,340930560,18744896,1724821504,1942679552
findling-rss 1791039150,1358618624,340930560,18746496,1725247488,1942679552
findling-rss 1791039152,1358618624,340930560,18747616,1724968960,1942679552
findling-rss 1791039154,1358618624,340930560,18749720,1724641280,1942679552
findling-rss 1791039156,1358618624,340930560,18746360,1724936192,1942679552
findling-rss 1791039158,1358618624,340930560,18748088,1725145088,1942679552
findling-rss 1791039160,1358618624,340930560,18748704,1724903424,1942679552
findling-rss 1791039162,1358618624,340930560,18751048,1724993536,1942679552
findling-rss 1791039164,1358618624,340930560,18748432,1724690432,1942679552
findling-rss 1791039166,1358618624,340930560,18745000,1725190144,1942679552
findling-rss 1791039168,1358618624,340930560,18746120,1725108224,1942679552
findling-rss 1791039170,1358618624,340930560,18745984,1725059072,1942679552
findling-rss 1791039172,1358618624,340930560,18747544,1725284352,1942679552
findling-rss 1791039174,1358618624,340930560,18748160,1725435904,1942679552
findling-rss 1791039176,1358618624,340930560,18746936,1724997632,1942679552
findling-rss 1791039178,1358618624,340930560,18747856,1725702144,1942679552
findling-rss 1791039180,1358618624,340930560,18749016,1725906944,1942679552
findling-rss 1791039182,1358618624,340930560,18749656,1725853696,1942679552
findling-rss 1791039184,1358618624,340930560,18748176,1725800448,1942679552
findling-rss 1791039186,1358925824,340930560,18815912,1726754816,1942679552
findling-rss 1791039188,1358618624,340930560,18751800,1725112320,1942679552
findling-rss 1791039190,1358618624,340930560,18751360,1725534208,1942679552
findling-rss 1791039192,1358618624,340930560,18746664,1725227008,1942679552
findling-rss 1791039194,1358618624,340930560,18747888,1724825600,1942679552
findling-rss 1791039196,1358618624,340930560,18747176,1725718528,1942679552
findling-rss 1791039198,1358618624,340930560,18742752,1725476864,1942679552
findling-rss 1791039200,1358618624,340930560,18744352,1725169664,1942679552
findling-rss 1791039202,1358618624,340930560,18745032,1725112320,1942679552
findling-rss 1791039204,1358618624,340930560,18744288,1724878848,1942679552
findling-rss 1791039206,1358618624,340930560,18745448,1724588032,1942679552
findling-rss 1791039208,1358618624,340930560,18756440,1724882944,1942679552
findling-rss 1791039210,1358618624,340930560,18745032,1724792832,1942679552
findling-rss 1791039212,1358618624,340930560,18743672,1725534208,1942679552
findling-rss 1791039214,1358618624,340930560,18744792,1724633088,1942679552
findling-rss 1791039216,1358618624,340930560,18750504,1725100032,1942679552
findling-rss 1791039218,1358618624,340930560,18748256,1725444096,1942679552
findling-rss 1791039220,1358618624,340930560,18744656,1725566976,1942679552
findling-rss 1791039222,1358618624,340930560,18743400,1725263872,1942679552
findling-rss 1791039224,1358618624,340930560,18744520,1725157376,1942679552
findling-rss 1791039226,1358618624,340930560,18755344,1724170240,1942679552
findling-rss 1791039228,1358618624,340930560,18744696,1724350464,1942679552
findling-rss 1791039230,1358618624,340930560,18744928,1725276160,1942679552
findling-rss 1791039232,1359949824,340930560,18782136,1725972480,1942679552
findling-rss 1791039234,1358618624,340930560,18745680,1724747776,1942679552
findling-rss 1791039236,1358618624,340930560,18746360,1724190720,1942679552
findling-rss 1791039238,1358618624,340930560,18747520,1725816832,1942679552
findling-rss 1791039240,1358618624,340930560,18747176,1725882368,1942679552
findling-rss 1791039242,1358618624,340930560,18747928,1725837312,1942679552
findling-rss 1791039244,1358618624,340930560,18748808,1724383232,1942679552
findling-rss 1791039246,1358618624,340930560,18749072,1724829696,1942679552
findling-rss 1791039248,1358618624,340930560,18750888,1725710336,1942679552
findling-rss 1791039250,1358618624,340930560,18748432,1725026304,1942679552
findling-rss 1791039252,1358618624,340930560,18749552,1724649472,1942679552
findling-rss 1791039254,1358618624,340930560,18761680,1724297216,1942679552
findling-rss 1791039256,1358618624,340930560,18751088,1724379136,1942679552
findling-rss 1791039258,1358618624,340930560,18750848,1724706816,1942679552
findling-rss 1791039260,1358618624,340930560,18752472,1724887040,1942679552
findling-rss 1791039262,1358618624,340930560,18751792,1725120512,1942679552
findling-rss 1791039264,1358618624,340930560,18750304,1725263872,1942679552
findling-rss 1791039266,1358618624,340930560,18750032,1724116992,1942679552
findling-rss 1791039268,1358618624,340930560,18752112,1725153280,1942679552
findling-rss 1791039270,1358618624,340930560,18751632,1725755392,1942679552
findling-rss 1791039272,1358618624,340930560,18749184,1725489152,1942679552
findling-rss 1791039274,1358618624,340930560,18747616,1724891136,1942679552
findling-rss 1791039276,1358618624,340930560,18746352,1724805120,1942679552
findling-rss 1791039278,1359966208,340930560,18784280,1725804544,1942679552
findling-rss 1791039280,1358618624,340930560,18748152,1724788736,1942679552
findling-rss 1791039282,1358618624,340930560,18749248,1725251584,1942679552
findling-rss 1791039285,1358618624,340930560,18745984,1724616704,1942679552
findling-rss 1791039287,1358618624,340930560,18747584,1725116416,1942679552
findling-rss 1791039289,1358618624,340930560,18744896,1725566976,1942679552
findling-rss 1791039291,1358618624,340930560,18743128,1725165568,1942679552
findling-rss 1791039293,1358618624,340930560,18744728,1724784640,1942679552
findling-rss 1791039295,1358618624,340930560,18745608,1724932096,1942679552
findling-rss 1791039297,1358618624,340930560,18739904,1723871232,1942679552
findling-rss 1791039299,1358618624,340930560,18738200,1724792832,1942679552
findling-rss 1791039301,1358618624,340930560,18750352,1724903424,1942679552
findling-rss 1791039303,1358618624,340930560,18740744,1725005824,1942679552
findling-rss 1791039305,1358618624,340930560,18741864,1724821504,1942679552
findling-rss 1791039307,1358618624,340930560,18746392,1724997632,1942679552
findling-rss 1791039309,1358618624,340930560,18747680,1725284352,1942679552
findling-rss 1791039311,1358618624,340930560,18747856,1724915712,1942679552
findling-rss 1791039313,1358618624,340930560,18745680,1724928000,1942679552
findling-rss 1791039315,1358618624,340930560,18746560,1725083648,1942679552
findling-rss 1791039317,1358618624,340930560,18747208,1725562880,1942679552
findling-rss 1791039319,1358618624,340930560,18746216,1725206528,1942679552
findling-rss 1791039321,1358618624,340930560,18748056,1725493248,1942679552
findling-rss 1791039323,1358618624,340930560,18748976,1724809216,1942679552
findling-rss 1791039325,1358618624,340930560,18748192,1724547072,1942679552
findling-rss 1791039327,1358618624,340930560,18742616,1724170240,1942679552
findling-rss 1791039329,1358618624,340930560,18743120,1725190144,1942679552
findling-rss 1791039331,1358618624,340930560,18744216,1725317120,1942679552
findling-rss 1791039333,1358618624,340930560,18744216,1725255680,1942679552
findling-rss 1791039335,1358618624,340930560,18747752,1724993536,1942679552
findling-rss 1791039337,1358618624,340930560,18751112,1724731392,1942679552
findling-rss 1791039339,1358618624,340930560,18749048,1725427712,1942679552
findling-rss 1791039341,1358618624,340930560,18749968,1725079552,1942679552
findling-rss 1791039343,1358618624,340930560,18747792,1725276160,1942679552
findling-rss 1791039345,1358618624,340930560,18745168,1725333504,1942679552
findling-rss 1791039347,1358618624,340930560,18744488,1724870656,1942679552
findling-rss 1791039349,1358618624,340930560,18746088,1724485632,1942679552
findling-rss 1791039351,1358618624,340930560,18747712,1725079552,1942679552
findling-rss 1791039353,1358618624,340930560,18748808,1725009920,1942679552
findling-rss 1791039355,1358618624,340930560,18749928,1725472768,1942679552
findling-rss 1791039357,1358618624,340930560,18743400,1724784640,1942679552
findling-rss 1791039359,1358618624,340930560,18745264,1725194240,1942679552
findling-rss 1791039361,1358618624,340930560,18745608,1725276160,1942679552
findling-rss 1791039363,1358618624,340930560,18746464,1724583936,1942679552
findling-rss 1791039365,1358618624,340930560,18744216,1724497920,1942679552
findling-rss 1791039367,1358618624,340930560,18746664,1724882944,1942679552
findling-rss 1791039369,1358618624,340930560,18746120,1724968960,1942679552
findling-rss 1791039371,1358618624,340930560,18747040,1725018112,1942679552
findling-rss 1791039373,1358618624,340930560,18748424,1725018112,1942679552
findling-rss 1791039375,1358618624,340930560,18749520,1724575744,1942679552
findling-rss 1791039377,1358618624,340930560,18749896,1724682240,1942679552
findling-rss 1791039379,1358618624,340930560,18746936,1725120512,1942679552
findling-rss 1791039381,1358618624,340930560,18748320,1725554688,1942679552
findling-rss 1791039383,1358618624,340930560,18749920,1725960192,1942679552
findling-rss 1791039385,1358618624,340930560,18748400,1725505536,1942679552
findling-rss 1791039387,1358618624,340930560,18745136,1724833792,1942679552
findling-rss 1791039389,1358618624,340930560,18745640,1725259776,1942679552
findling-rss 1791039391,1358618624,340930560,18788352,1725890560,1942679552
findling-rss 1791039393,1358618624,340930560,18746696,1725526016,1942679552
findling-rss 1791039395,1358618624,340930560,18748560,1725689856,1942679552
findling-rss 1791039397,1358618624,340930560,18747512,1725702144,1942679552
findling-rss 1791039399,1358618624,340930560,18746192,1725378560,1942679552
findling-rss 1791039401,1358618624,340930560,18744312,1724755968,1942679552
findling-rss 1791039403,1358618624,340930560,18745888,1725407232,1942679552
findling-rss 1791039405,1358618624,340930560,18748344,1725460480,1942679552
findling-rss 1791039407,1358618624,340930560,18745240,1724964864,1942679552
findling-rss 1791039409,1358618624,340930560,18746840,1725255680,1942679552
findling-rss 1791039411,1358618624,340930560,18741088,1725075456,1942679552
findling-rss 1791039413,1358618624,340930560,18742208,1725304832,1942679552
findling-rss 1791039415,1358618624,340930560,18742792,1725157376,1942679552
findling-rss 1791039417,1358618624,340930560,18741432,1724264448,1942679552
findling-rss 1791039419,1358618624,340930560,18741536,1725124608,1942679552
findling-rss 1791039421,1358618624,340930560,18742720,1725206528,1942679552
findling-rss 1791039423,1358618624,340930560,18744296,1725038592,1942679552
findling-rss 1791039425,1358618624,340930560,18744256,1724784640,1942679552
findling-rss 1791039427,1358618624,340930560,18747216,1725612032,1942679552
findling-rss 1791039429,1358618624,340930560,18748816,1725505536,1942679552
findling-rss 1791039431,1358618624,340930560,18750680,1725001728,1942679552
findling-rss 1791039433,1358618624,340930560,18745856,1725407232,1942679552
findling-rss 1791039435,1358618624,340930560,18747040,1725075456,1942679552
findling-rss 1791039437,1358618624,340930560,18745984,1724940288,1942679552
findling-rss 1791039439,1358618624,340930560,18746840,1725186048,1942679552
findling-rss 1791039441,1358618624,340930560,18748200,1724846080,1942679552
findling-rss 1791039443,1358618624,340930560,18748440,1724891136,1942679552
findling-rss 1791039445,1358618624,340930560,18746184,1724960768,1942679552
findling-rss 1791039447,1358618624,340930560,18743440,1724485632,1942679552
findling-rss 1791039449,1358618624,340930560,18745040,1724932096,1942679552
findling-rss 1791039451,1358618624,340930560,18743104,1725435904,1942679552
findling-rss 1791039453,1358618624,340930560,18740616,1725313024,1942679552
findling-rss 1791039455,1358618624,340930560,18744864,1725612032,1942679552
findling-rss 1791039457,1358618624,340930560,18744488,1725132800,1942679552
findling-rss summary samples=6545 max_anon=1572462592 peak=1942679552 events=[low=0 high=0 max=0 oom=0 oom_kill=0 oom_group_kill=0 sock_throttled=0] oom_killed=false
