findling-cpu epoch,usage_usec,box_total_jiffies,box_idle_jiffies,uptime_usec
findling-cpu 1791107935,5194691,5120839,3800042,12841810000
findling-cpu 1791107940,5338319,5122833,3801671,12846820000
findling-cpu 1791107945,5437672,5124828,3803592,12851840000
findling-cpu 1791107950,5535421,5126824,3805534,12856850000
findling-cpu 1791107955,5619036,5128823,3807492,12861860000
findling-cpu 1791107960,5717397,5130824,3809426,12866880000
findling-cpu 1791107965,5814587,5132823,3811383,12871890000
findling-cpu 1791107970,5915518,5134821,3813328,12876900000
findling-cpu 1791107975,6012620,5136816,3815265,12881920000
findling-cpu 1791107980,6092012,5138814,3817216,12886930000
findling-cpu 1791107985,6192709,5140813,3819170,12891940000
findling-cpu 1791107990,6289843,5142811,3821118,12896960000
findling-cpu 1791107995,6386255,5144809,3823076,12901970000
findling-cpu 1791108000,6487634,5146808,3825018,12906990000
findling-cpu 1791108005,6585964,5148803,3826949,12912000000
findling-cpu 1791108010,6683994,5150800,3828892,12917010000
findling-cpu 1791108015,6785444,5152799,3830847,12922030000
findling-cpu 1791108020,6864484,5154798,3832792,12927040000
findling-cpu 1791108025,6961974,5156794,3834728,12932050000
findling-cpu 1791108030,7062557,5158793,3836664,12937070000
findling-cpu 1791108035,7159786,5160786,3838596,12942080000
findling-cpu 1791108040,7239708,5162785,3840548,12947090000
findling-cpu 1791108045,7341091,5164783,3842503,12952110000
findling-cpu 1791108050,7438434,5166781,3844451,12957120000
findling-cpu 1791108055,7536005,5168781,3846409,12962130000
findling-cpu 1791108060,7626599,5170782,3848346,12967150000
findling-cpu 1791108065,7725154,5172777,3850273,12972160000
findling-cpu 1791108071,7823266,5174773,3852217,12977180000
findling-cpu 1791108076,7924227,5176772,3854171,12982190000
findling-cpu 1791108081,8003335,5178770,3856125,12987200000
findling-cpu 1791108086,8101257,5180768,3858085,12992220000
findling-cpu 1791108091,8201324,5182766,3860029,12997230000
findling-cpu 1791108096,8298981,5184762,3861931,13002240000
findling-cpu 1791108101,8397755,5186759,3863877,13007260000
findling-cpu 1791108106,8479660,5188759,3865838,13012270000
findling-cpu 1791108111,8576319,5190758,3867787,13017280000
findling-cpu 1791108116,8673878,5192754,3869744,13022300000
findling-cpu 1791108121,8791476,5194753,3871635,13027310000
findling-cpu 1791108126,8871802,5196746,3873563,13032320000
findling-cpu 1791108131,8970101,5198744,3875513,13037340000
findling-cpu 1791108136,9076166,5200741,3877454,13042350000
findling-cpu 1791108141,9174093,5202738,3879404,13047370000
findling-cpu 1791108146,9254566,5204736,3881367,13052380000
findling-cpu 1791108151,9360522,5206734,3883302,13057390000
findling-cpu 1791108156,9457880,5208731,3885203,13062410000
findling-cpu 1791108161,9556365,5210731,3887153,13067420000
findling-cpu 1791108166,9644489,5212731,3889101,13072430000
findling-cpu 1791108171,9741603,5214728,3891051,13077450000
findling-cpu 1791108176,9840398,5216728,3893007,13082460000
findling-cpu 1791108181,9963019,5218723,3894928,13087480000
findling-cpu 1791108186,10044088,5220718,3896855,13092490000
findling-cpu 1791108191,10142101,5222719,3898805,13097500000
findling-cpu 1791108196,10248710,5224715,3900725,13102520000
findling-cpu 1791108201,10346673,5226713,3902660,13107530000
findling-cpu 1791108206,10433297,5228712,3904618,13112540000
findling-cpu 1791108211,10534724,5230712,3906555,13117560000
findling-cpu 1791108216,10632172,5232707,3908457,13122570000
findling-cpu 1791108221,10730465,5234706,3910403,13127580000
findling-cpu 1791108226,10837104,5236706,3912343,13132600000
findling-cpu 1791108231,10916754,5238703,3914299,13137610000
findling-cpu 1791108236,11014713,5240704,3916257,13142620000
findling-cpu 1791108241,11140670,5242703,3918182,13147640000
findling-cpu 1791108246,11239201,5244698,3920099,13152650000
findling-cpu 1791108251,11319722,5246696,3922056,13157670000
findling-cpu 1791108256,11426535,5248694,3923997,13162680000
findling-cpu 1791108261,11523577,5250692,3925946,13167690000
findling-cpu 1791108266,11622830,5252691,3927902,13172710000
findling-cpu 1791108271,11711203,5254688,3929842,13177720000
findling-cpu 1791108276,11808864,5256682,3931742,13182730000
findling-cpu 1791108281,11907452,5258680,3933691,13187750000
findling-cpu 1791108286,12014264,5260680,3935635,13192760000
findling-cpu 1791108291,12094164,5262678,3937591,13197780000
findling-cpu 1791108296,12192379,5264678,3939548,13202790000
findling-cpu 1791108301,12315958,5266675,3941446,13207800000
findling-cpu 1791108306,12414879,5268669,3943367,13212820000
findling-cpu 1791108311,12494894,5270667,3945324,13217830000
findling-cpu 1791108316,12602534,5272666,3947265,13222840000
findling-cpu 1791108321,12700401,5274664,3949213,13227860000
findling-cpu 1791108326,12799257,5276663,3951170,13232870000
findling-cpu 1791108331,12907435,5278662,3953103,13237880000
findling-cpu 1791108336,12986827,5280655,3955009,13242900000
findling-cpu 1791108341,13085387,5282654,3956958,13247910000
findling-cpu 1791108346,13192096,5284651,3958898,13252930000
findling-cpu 1791108351,13290235,5286649,3960847,13257940000
findling-cpu 1791108356,13370313,5288648,3962811,13262950000
findling-cpu 1791108361,13489235,5290648,3964741,13267970000
findling-cpu 1791108366,13586879,5292643,3966669,13272980000
findling-cpu 1791108371,13685411,5294642,3968612,13277990000
findling-cpu 1791108376,13773988,5296642,3970559,13283010000
findling-cpu 1791108381,13871729,5298640,3972507,13288020000
findling-cpu 1791108386,13970331,5300638,3974465,13293040000
findling-cpu 1791108391,14077529,5302635,3976397,13298050000
findling-cpu 1791108396,14157756,5304627,3978305,13303060000
findling-cpu 1791108401,14255702,5306625,3980254,13308080000
findling-cpu 1791108406,14362612,5308622,3982195,13313090000
findling-cpu 1791108411,14460182,5310621,3984143,13318100000
findling-cpu 1791108416,14540548,5312620,3986061,13323120000
findling-cpu 1791108421,14664274,5314615,3987961,13328130000
findling-cpu 1791108426,14762480,5316614,3989893,13333140000
findling-cpu 1791108431,14861414,5318610,3991833,13338160000
findling-cpu 1791108437,14959487,5320610,3993777,13343170000
findling-cpu 1791108442,15048337,5322607,3995730,13348190000
findling-cpu 1791108447,15146452,5324605,3997688,13353200000
findling-cpu 1791108452,15252532,5326603,3999621,13358210000
findling-cpu 1791108457,15349996,5328598,4001552,13363230000
findling-cpu 1791108462,15429828,5330593,4003478,13368240000
findling-cpu 1791108467,15535919,5332590,4005417,13373250000
findling-cpu 1791108472,15633797,5334587,4007365,13378270000
findling-cpu 1791108477,15732521,5336588,4009323,13383280000
findling-cpu 1791108482,15832458,5338588,4011261,13388290000
findling-cpu 1791108487,15930605,5340585,4013192,13393310000
findling-cpu 1791108492,16029580,5342581,4015132,13398320000
findling-cpu 1791108497,16135909,5344579,4017074,13403330000
findling-cpu 1791108502,16215814,5346578,4018996,13408350000
findling-cpu 1791108507,16313796,5348578,4020954,13413360000
findling-cpu 1791108512,16424577,5350578,4022887,13418380000
findling-cpu 1791108517,16522444,5352573,4024818,13423390000
findling-cpu 1791108522,16602481,5354571,4026742,13428400000
findling-cpu 1791108527,16709416,5356567,4028682,13433420000
findling-cpu 1791108532,16807304,5358567,4030630,13438430000
findling-cpu 1791108537,16905404,5360566,4032588,13443440000
findling-cpu 1791108542,17022496,5362563,4034504,13448460000
findling-cpu 1791108547,17117041,5364561,4036437,13453470000
findling-cpu 1791108552,17215943,5366558,4038378,13458490000
findling-cpu 1791108557,17322682,5368558,4040320,13463500000
findling-cpu 1791108562,17420689,5370554,4042268,13468510000
findling-cpu 1791108567,17501298,5372553,4044232,13473530000
findling-cpu 1791108572,17608550,5374547,4046133,13478540000
findling-cpu 1791108577,17706005,5376542,4048066,13483550000
findling-cpu 1791108582,17804515,5378536,4049983,13488570000
findling-cpu 1791108587,18880779,5380536,4051764,13493580000
findling-cpu 1791108592,20306913,5382513,4053096,13498590000
findling-cpu 1791108597,21559890,5384498,4054418,13503610000
findling-cpu 1791108602,27987417,5386490,4055390,13508620000
findling-cpu 1791108607,39281779,5388480,4055846,13513640000
findling-cpu 1791108612,49654611,5390460,4056286,13518660000
findling-cpu 1791108617,59941754,5392448,4056752,13523680000
findling-cpu 1791108622,71208118,5394440,4057214,13528710000
findling-cpu 1791108627,81695765,5396428,4057658,13533730000
findling-cpu 1791108632,92182519,5398416,4058100,13538750000
findling-cpu 1791108637,103017177,5400403,4058538,13543770000
findling-cpu 1791108642,113722748,5402389,4058965,13548790000
findling-cpu 1791108647,124209134,5404380,4059418,13553810000
findling-cpu 1791108652,134457748,5406365,4059877,13558830000
findling-cpu 1791108657,145768411,5408351,4060348,13563850000
findling-cpu 1791108662,156045420,5410342,4060778,13568870000
findling-cpu 1791108667,166410293,5412329,4061214,13573890000
findling-cpu 1791108672,177549067,5414320,4061676,13578910000
findling-cpu 1791108677,188102657,5416310,4062149,13583950000
findling-cpu 1791108682,198458501,5418315,4062612,13589000000
findling-cpu 1791108687,208955105,5420303,4063076,13594020000
findling-cpu 1791108692,220206591,5422297,4063537,13599040000
findling-cpu 1791108697,230613861,5424286,4063968,13604070000
findling-cpu 1791108702,240956584,5426269,4064387,13609080000
findling-cpu 1791108707,252285619,5428255,4064858,13614100000
findling-cpu 1791108712,262653497,5430244,4065315,13619130000
findling-cpu 1791108717,272845348,5432228,4065715,13624140000
findling-cpu 1791108723,283371790,5434215,4066166,13629170000
findling-cpu 1791108728,294647609,5436207,4066614,13634190000
findling-cpu 1791108733,304970958,5438192,4067072,13639210000
findling-cpu 1791108738,315400846,5440181,4067539,13644230000
findling-cpu 1791108743,326616524,5442170,4067995,13649250000
findling-cpu 1791108748,337101599,5444157,4068462,13654270000
findling-cpu 1791108753,347431804,5446141,4068924,13659280000
findling-cpu 1791108758,357800626,5448131,4069367,13664310000
findling-cpu 1791108763,369068548,5450126,4069817,13669340000
findling-cpu 1791108768,379460391,5452117,4070279,13674370000
findling-cpu 1791108773,389719536,5454103,4070741,13679400000
findling-cpu 1791108778,401052070,5456094,4071205,13684420000
findling-cpu 1791108783,411446174,5458079,4071661,13689440000
findling-cpu 1791108788,421741572,5460065,4072106,13694460000
findling-cpu 1791108793,432002735,5462051,4072570,13699480000
findling-cpu 1791108798,443278766,5464041,4073048,13704500000
findling-cpu 1791108803,453984277,5466027,4073451,13709510000
findling-cpu 1791108808,464338420,5468011,4073932,13714530000
findling-cpu 1791108813,475470037,5470003,4074397,13719560000
findling-cpu 1791108818,486083212,5471989,4074824,13724580000
findling-cpu 1791108823,496482923,5473978,4075282,13729600000
findling-cpu 1791108828,506877562,5475968,4075721,13734630000
findling-cpu 1791108833,518155607,5477961,4076180,13739650000
findling-cpu 1791108838,528608601,5479955,4076634,13744700000
findling-cpu 1791108843,539031790,5481945,4077117,13749730000
findling-cpu 1791108848,550160705,5483938,4077564,13754750000
findling-cpu 1791108853,560803698,5485943,4078019,13759820000
findling-cpu 1791108858,571271933,5487928,4078466,13764840000
findling-cpu 1791108863,581721319,5489916,4078924,13769870000
findling-cpu 1791108868,592939127,5491907,4079392,13774890000
findling-cpu 1791108873,603564098,5493900,4079843,13779910000
findling-cpu 1791108878,613906271,5495885,4080259,13784930000
findling-cpu 1791108883,625265199,5497876,4080724,13789950000
findling-cpu 1791108888,635488986,5499860,4081156,13794970000
findling-cpu 1791108893,645837037,5501851,4081619,13799990000
findling-cpu 1791108898,656259812,5503838,4082060,13805010000
findling-cpu 1791108903,667631305,5505832,4082522,13810030000
findling-cpu 1791108908,678117086,5507814,4082953,13815050000
findling-cpu 1791108913,688669758,5509804,4083412,13820070000
findling-cpu 1791108918,699876076,5511794,4083880,13825090000
findling-cpu 1791108923,713967828,5513797,4084360,13830120000
findling-cpu 1791108928,727925415,5515796,4084850,13835130000
findling-cpu 1791108933,742197649,5517796,4085331,13840150000
findling-cpu 1791108939,756278892,5519794,4085786,13845160000
findling-cpu 1791108944,770450635,5521796,4086278,13850180000
findling-cpu 1791108949,784844916,5523795,4086726,13855190000
findling-cpu 1791108954,798903888,5525796,4087211,13860210000
findling-cpu 1791108959,813131447,5527796,4087676,13865220000
findling-cpu 1791108964,827392841,5529797,4088159,13870240000
findling-cpu 1791108969,841440540,5531795,4088617,13875260000
findling-cpu 1791108974,855622384,5533795,4089107,13880280000
findling-cpu 1791108979,870070487,5535795,4089583,13885290000
findling-cpu 1791108984,884147798,5537795,4090068,13890310000
findling-cpu 1791108989,898342896,5539795,4090548,13895330000
findling-cpu 1791108994,912603748,5541799,4091034,13900350000
findling-cpu 1791108999,926859256,5543800,4091474,13905370000
findling-cpu 1791109004,941036093,5545802,4091959,13910390000
findling-cpu 1791109009,955442169,5547800,4092404,13915410000
findling-cpu 1791109014,969407254,5549799,4092892,13920420000
findling-cpu 1791109019,983506785,5551801,4093283,13925440000
findling-cpu 1791109024,995691847,5553795,4093759,13930460000
findling-cpu 1791109029,1006049136,5555782,4094190,13935480000
findling-cpu 1791109034,1017055276,5557772,4094668,13940500000
findling-cpu 1791109039,1027623839,5559761,4095120,13945520000
findling-cpu 1791109044,1037941895,5561749,4095587,13950540000
findling-cpu 1791109049,1048603187,5563738,4096038,13955570000
findling-cpu 1791109054,1059967306,5565726,4096503,13960590000
findling-cpu 1791109059,1070337553,5567710,4096937,13965610000
findling-cpu 1791109064,1080666703,5569698,4097409,13970630000
findling-cpu 1791109069,1091829408,5571685,4097846,13975650000
findling-cpu 1791109074,1102269779,5573671,4098316,13980670000
findling-cpu 1791109079,1112570343,5575660,4098784,13985700000
findling-cpu 1791109084,1122921221,5577643,4099249,13990710000
findling-cpu 1791109089,1134254057,5579630,4099683,13995730000
findling-cpu 1791109094,1144668256,5581619,4100153,14000750000
findling-cpu 1791109099,1155100191,5583602,4100603,14005770000
findling-cpu 1791109104,1166262632,5585593,4101035,14010790000
findling-cpu 1791109109,1176845305,5587584,4101489,14015810000
findling-cpu 1791109114,1187191933,5589570,4101951,14020840000
findling-cpu 1791109119,1201258445,5591571,4102415,14025850000
findling-cpu 1791109124,1215469162,5593572,4102894,14030880000
findling-cpu 1791109129,1229677660,5595573,4103340,14035890000
findling-cpu 1791109134,1243876145,5597578,4103827,14040930000
findling-cpu 1791109139,1258175743,5599583,4104276,14045950000
findling-cpu 1791109144,1272497163,5601583,4104762,14050970000
findling-cpu 1791109149,1286546826,5603582,4105226,14055990000
findling-cpu 1791109154,1300753798,5605584,4105713,14061010000
findling-cpu 1791109159,1315026775,5607585,4106190,14066030000
findling-cpu 1791109164,1329208344,5609586,4106676,14071050000
findling-cpu 1791109169,1343380279,5611591,4107155,14076080000
findling-cpu 1791109174,1357901976,5613593,4107634,14081100000
findling-cpu 1791109179,1371895448,5615594,4108100,14086110000
findling-cpu 1791109184,1386133156,5617597,4108573,14091130000
findling-cpu 1791109189,1400407581,5619595,4109043,14096150000
findling-cpu 1791109195,1414520433,5621595,4109499,14101170000
findling-cpu 1791109200,1428720066,5623604,4109985,14106200000
findling-cpu 1791109205,1443068216,5625606,4110469,14111230000
findling-cpu 1791109210,1457146269,5627606,4110928,14116240000
findling-cpu 1791109215,1471380257,5629608,4111414,14121260000
findling-cpu 1791109220,1485573599,5631608,4111892,14126280000
findling-cpu 1791109225,1499847870,5633607,4112361,14131290000
findling-cpu 1791109230,1514029835,5635606,4112844,14136310000
findling-cpu 1791109235,1528238782,5637607,4113324,14141320000
findling-cpu 1791109240,1539930583,5639607,4114049,14146340000
findling-cpu 1791109245,1544768465,5641606,4115505,14151350000
findling-cpu 1791109250,1549614305,5643606,4116945,14156370000
findling-cpu 1791109255,1556003112,5645602,4118204,14161380000
findling-cpu 1791109260,1560855823,5647599,4119634,14166390000
findling-cpu 1791109265,1565811973,5649599,4121072,14171410000
findling-cpu 1791109270,1571908563,5651594,4122389,14176420000
findling-cpu 1791109275,1577101268,5653593,4123799,14181440000
findling-cpu 1791109280,1581957061,5655591,4125241,14186450000
findling-cpu 1791109285,1586788809,5657588,4126693,14191460000
findling-cpu 1791109290,1593573427,5659587,4127956,14196480000
findling-cpu 1791109295,1598421545,5661586,4129407,14201490000
findling-cpu 1791109300,1603272445,5663581,4130821,14206500000
findling-cpu 1791109305,1609731388,5665580,4132090,14211520000
findling-cpu 1791109310,1614846878,5667581,4133538,14216530000
findling-cpu 1791109315,1619958963,5669579,4134961,14221540000
findling-cpu 1791109320,1625074786,5671577,4136373,14226560000
findling-cpu 1791109325,1630073703,5673576,4137815,14231570000
findling-cpu 1791109330,1634941640,5675572,4139232,14236590000
findling-cpu 1791109335,1640984485,5677573,4140573,14241600000
findling-cpu 1791109340,1645840976,5679570,4142015,14246610000
findling-cpu 1791109345,1650719024,5681567,4143473,14251630000
findling-cpu 1791109350,1657320081,5683563,4144715,14256640000
findling-cpu 1791109355,1662168641,5685564,4146166,14261650000
findling-cpu 1791109360,1667021227,5687560,4147581,14266670000
findling-cpu 1791109365,1673069560,5689560,4148929,14271680000
findling-cpu 1791109370,1678043050,5691559,4150354,14276700000
findling-cpu 1791109375,1682895426,5693555,4151774,14281710000
findling-cpu 1791109380,1689120397,5695555,4153047,14286730000
findling-cpu 1791109385,1694069117,5697556,4154485,14291740000
findling-cpu 1791109390,1698917732,5699549,4155900,14296760000
findling-cpu 1791109395,1703807489,5701550,4157353,14301770000
findling-cpu 1791109400,1710533139,5703548,4158615,14306780000
findling-cpu 1791109405,1715370615,5705548,4160067,14311800000
findling-cpu 1791109410,1720350489,5707547,4161460,14316810000
findling-cpu 1791109415,1726537144,5709545,4162769,14321820000
findling-cpu 1791109420,1731393577,5711539,4164183,14326840000
findling-cpu 1791109425,1736234312,5713539,4165638,14331850000
findling-cpu 1791109430,1742887078,5715538,4166887,14336860000
findling-cpu 1791109435,1747959660,5717538,4168311,14341880000
findling-cpu 1791109440,1752826442,5719535,4169747,14346890000
findling-cpu 1791109445,1759338874,5721533,4171026,14351900000
findling-cpu 1791109450,1764455632,5723531,4172449,14356920000
findling-cpu 1791109455,1769541261,5725530,4173906,14361930000
findling-cpu 1791109460,1775133656,5727529,4175257,14366950000
findling-cpu 1791109465,1779967118,5729526,4176712,14371960000
findling-cpu 1791109470,1784811701,5731524,4178155,14376970000
findling-cpu 1791109475,1790993560,5733524,4179487,14381990000
findling-cpu 1791109480,1795846478,5735516,4180901,14387000000
findling-cpu 1791109485,1800678922,5737516,4182358,14392010000
findling-cpu 1791109490,1806239295,5739515,4183722,14397030000
findling-cpu 1791109495,1812158085,5741511,4185033,14402040000
findling-cpu 1791109500,1817148110,5743511,4186445,14407060000
findling-cpu 1791109505,1821985244,5745511,4187901,14412070000
findling-cpu 1791109510,1828818333,5747507,4189132,14417080000
findling-cpu 1791109515,1833673914,5749505,4190582,14422100000
findling-cpu 1791109520,1838517584,5751503,4192024,14427110000
findling-cpu 1791109525,1845250667,5753500,4193266,14432120000
findling-cpu 1791109530,1850147105,5755500,4194710,14437140000
findling-cpu 1791109535,1855007102,5757499,4196158,14442150000
findling-cpu 1791109541,1861096988,5759495,4197435,14447170000
findling-cpu 1791109546,1866010197,5761495,4198894,14452180000
findling-cpu 1791109551,1871005998,5763491,4200336,14457200000
findling-cpu 1791109556,1877446628,5765490,4201575,14462210000
findling-cpu 1791109561,1882561979,5767489,4203024,14467220000
findling-cpu 1791109566,1887435402,5769488,4204480,14472240000
findling-cpu 1791109571,1893186204,5771484,4205822,14477250000
findling-cpu 1791109576,1898039158,5773483,4207274,14482260000
findling-cpu 1791109581,1902877949,5775480,4208719,14487280000
findling-cpu 1791109586,1908319214,5777482,4210115,14492300000
findling-cpu 1791109591,1914334632,5779480,4211429,14497310000
findling-cpu 1791109596,1919410313,5781479,4212877,14502330000
findling-cpu 1791109601,1924526346,5783477,4214303,14507340000
findling-cpu 1791109606,1929853494,5785478,4215705,14512350000
findling-cpu 1791109611,1934927810,5787473,4217148,14517370000
findling-cpu 1791109616,1939816604,5789472,4218564,14522380000
findling-cpu 1791109621,1946208896,5791470,4219819,14527390000
findling-cpu 1791109626,1951305399,5793470,4221274,14532410000
findling-cpu 1791109631,1956422158,5795467,4222703,14537420000
findling-cpu 1791109636,1961535871,5797467,4224157,14542440000
findling-cpu 1791109641,1966649029,5799466,4225606,14547450000
findling-cpu 1791109646,1971746941,5801467,4227069,14552460000
findling-cpu 1791109651,1976834924,5803467,4228507,14557470000
findling-cpu 1791109656,1981682731,5805464,4229949,14562490000
findling-cpu 1791109661,1986571014,5807463,4231378,14567500000
findling-cpu 1791109666,1992858076,5809462,4232674,14572510000
findling-cpu 1791109671,1997715394,5811459,4234115,14577530000
findling-cpu 1791109676,2002786395,5813461,4235543,14582540000
findling-cpu 1791109681,2008800904,5815459,4236882,14587560000
findling-cpu 1791109686,2013912643,5817459,4238334,14592570000
findling-cpu 1791109691,2019027070,5819456,4239764,14597580000
findling-cpu 1791109696,2024639809,5821454,4241122,14602600000
findling-cpu 1791109701,2029484300,5823453,4242565,14607610000
findling-cpu 1791109706,2034362592,5825454,4244022,14612620000
findling-cpu 1791109711,2040641448,5827451,4245272,14617640000
findling-cpu 1791109716,2045496054,5829446,4246710,14622650000
findling-cpu 1791109721,2050607035,5831446,4248140,14627660000
findling-cpu 1791109726,2056087346,5833443,4249552,14632680000
findling-cpu 1791109731,2061202349,5835441,4250999,14637690000
findling-cpu 1791109736,2066278637,5837439,4252453,14642710000
findling-cpu 1791109741,2071901394,5839436,4253739,14647720000
findling-cpu 1791109746,2076728877,5841434,4255188,14652730000
findling-cpu 1791109751,2081750247,5843430,4256591,14657750000
findling-cpu 1791109756,2087190226,5845430,4258010,14662760000
findling-cpu 1791109761,2093169637,5847430,4259365,14667780000
findling-cpu 1791109766,2098267781,5849431,4260827,14672790000
findling-cpu 1791109771,2103381585,5851431,4262276,14677810000
findling-cpu 1791109776,2108503590,5853429,4263719,14682820000
findling-cpu 1791109781,2113571832,5855427,4265148,14687830000
findling-cpu 1791109786,2118408478,5857426,4266604,14692850000
findling-cpu 1791109791,2123953157,5859422,4267966,14697860000
findling-cpu 1791109796,2128840189,5861420,4269417,14702870000
findling-cpu 1791109801,2133696353,5863417,4270829,14707890000
findling-cpu 1791109806,2140591683,5865417,4272057,14712900000
findling-cpu 1791109811,2145443131,5867412,4273483,14717910000
findling-cpu 1791109816,2150518473,5869410,4274936,14722930000
findling-cpu 1791109821,2157512719,5871409,4276144,14727940000
findling-cpu 1791109826,2162348102,5873409,4277599,14732960000
findling-cpu 1791109831,2167235559,5875403,4279043,14737970000
findling-cpu 1791109836,2174026790,5877405,4280277,14742980000
findling-cpu 1791109841,2178879640,5879402,4281701,14748000000
findling-cpu 1791109846,2183712191,5881403,4283156,14753010000
findling-cpu 1791109851,2190185753,5883398,4284448,14758020000
findling-cpu 1791109856,2195029725,5885399,4285897,14763040000
findling-cpu 1791109861,2199991060,5887397,4287278,14768050000
findling-cpu 1791109866,2204953529,5889396,4288713,14773070000
findling-cpu 1791109871,2210976617,5891399,4290018,14778100000
findling-cpu 1791109876,2216051102,5893398,4291472,14783110000
findling-cpu 1791109881,2220888591,5895397,4292915,14788120000
findling-cpu 1791109886,2227006222,5897395,4294236,14793140000
findling-cpu 1791109891,2231851915,5899395,4295679,14798150000
findling-cpu 1791109897,2236697108,5901393,4297107,14803160000
findling-cpu 1791109902,2243386427,5903392,4298365,14808180000
findling-cpu 1791109907,2248482211,5905391,4299827,14813190000
findling-cpu 1791109912,2253595820,5907393,4301275,14818200000
findling-cpu 1791109917,2258711935,5909388,4302693,14823220000
findling-cpu 1791109922,2263827377,5911385,4304112,14828230000
findling-cpu 1791109927,2268926777,5913385,4305565,14833250000
findling-cpu 1791109932,2274050129,5915383,4306994,14838270000
findling-cpu 1791109937,2279162174,5917384,4308451,14843280000
findling-cpu 1791109942,2284276880,5919383,4309899,14848290000
findling-cpu 1791109947,2289383922,5921381,4311354,14853310000
findling-cpu 1791109952,2294489762,5923380,4312807,14858320000
findling-cpu 1791109957,2299448822,5925382,4314229,14863330000
findling-cpu 1791109962,2304924509,5927378,4315577,14868350000
findling-cpu 1791109967,2309999636,5929378,4317029,14873360000
findling-cpu 1791109972,2314837949,5931376,4318477,14878380000
findling-cpu 1791109977,2321163377,5933377,4319768,14883390000
findling-cpu 1791109982,2326060948,5935374,4321171,14888400000
findling-cpu 1791109987,2330900965,5937371,4322611,14893420000
findling-cpu 1791109992,2337393298,5939367,4323851,14898430000
findling-cpu 1791109997,2342382739,5941365,4325285,14903440000
findling-cpu 1791110002,2347431605,5943364,4326727,14908460000
findling-cpu 1791110007,2353377719,5945363,4328062,14913470000
findling-cpu 1791110012,2358296256,5947363,4329465,14918490000
findling-cpu 1791110017,2363150312,5949361,4330909,14923500000
findling-cpu 1791110022,2368019540,5951361,4332336,14928520000
findling-cpu 1791110027,2374663668,5953358,4333588,14933530000
findling-cpu 1791110032,2379484667,5955357,4335035,14938550000
findling-cpu 1791110037,2384559211,5957357,4336488,14943560000
findling-cpu 1791110042,2391321759,5959352,4337680,14948570000
findling-cpu 1791110047,2396169266,5961349,4339122,14953590000
findling-cpu 1791110052,2401047386,5963348,4340556,14958600000
findling-cpu 1791110057,2407159017,5965348,4341884,14963610000
findling-cpu 1791110062,2412272316,5967346,4343332,14968630000
findling-cpu 1791110067,2417387194,5969344,4344788,14973640000
findling-cpu 1791110072,2422485086,5971343,4346240,14978650000
findling-cpu 1791110077,2427597945,5973342,4347684,14983670000
findling-cpu 1791110082,2432712557,5975342,4349119,14988680000
findling-cpu 1791110087,2437835387,5977340,4350567,14993690000
findling-cpu 1791110092,2442649361,5979340,4352015,14998710000
findling-cpu 1791110097,2447487048,5981336,4353462,15003720000
findling-cpu 1791110102,2454021754,5983332,4354655,15008740000
findling-cpu 1791110107,2458855949,5985328,4356090,15013750000
findling-cpu 1791110112,2463810191,5987326,4357504,15018760000
findling-cpu 1791110117,2469702621,5989326,4358865,15023780000
findling-cpu 1791110122,2474552490,5991321,4360309,15028790000
findling-cpu 1791110127,2479399875,5993319,4361758,15033800000
findling-cpu 1791110132,2485844656,5995320,4363050,15038820000
findling-cpu 1791110137,2490704004,5997321,4364474,15043840000
findling-cpu 1791110142,2495557195,5999316,4365915,15048860000
findling-cpu 1791110147,2500482457,6001315,4367358,15053870000
findling-cpu 1791110152,2506966743,6003313,4368651,15058880000
findling-cpu 1791110157,2511944796,6005311,4370073,15063900000
findling-cpu 1791110162,2516795283,6007310,4371494,15068910000
findling-cpu 1791110167,2522595902,6009306,4372816,15073920000
findling-cpu 1791110172,2527653692,6011307,4374265,15078940000
findling-cpu 1791110177,2532765129,6013307,4375714,15083950000
findling-cpu 1791110182,2538601321,6015307,4377086,15088970000
findling-cpu 1791110187,2543447999,6017304,4378528,15093980000
findling-cpu 1791110192,2548324500,6019303,4379986,15098990000
findling-cpu 1791110197,2554365315,6021299,4381276,15104010000
findling-cpu 1791110202,2559217034,6023299,4382723,15109020000
findling-cpu 1791110207,2564278563,6025297,4384157,15114030000
findling-cpu 1791110212,2570713805,6027295,4385442,15119050000
findling-cpu 1791110217,2575569779,6029294,4386848,15124060000
findling-cpu 1791110222,2580433014,6031292,4388284,15129080000
findling-cpu 1791110227,2587302106,6033290,4389467,15134090000
findling-cpu 1791110232,2592138867,6035289,4390919,15139100000
findling-cpu 1791110237,2596991128,6037289,4392363,15144120000
findling-cpu 1791110242,2603184099,6039287,4393696,15149130000
findling-cpu 1791110247,2608458269,6041285,4395121,15154150000
findling-cpu 1791110252,2613555726,6043286,4396586,15159160000
findling-cpu 1791110258,2618461949,6045279,4398004,15164180000
findling-cpu 1791110263,2624199045,6047281,4399381,15169190000
findling-cpu 1791110268,2629312396,6049280,4400828,15174200000
findling-cpu 1791110273,2634345956,6051278,4402282,15179220000
findling-cpu 1791110278,2639470407,6053277,4403726,15184230000
findling-cpu 1791110283,2644584735,6055278,4405181,15189240000
findling-cpu 1791110288,2649555689,6057269,4406551,15194260000
findling-cpu 1791110293,2655159837,6059267,4407920,15199270000
findling-cpu 1791110298,2660231081,6061267,4409368,15204280000
findling-cpu 1791110303,2665087957,6063266,4410817,15209300000
findling-cpu 1791110308,2671895133,6065265,4412052,15214310000
findling-cpu 1791110313,2676731996,6067263,4413491,15219320000
findling-cpu 1791110318,2681621885,6069260,4414896,15224340000
findling-cpu 1791110323,2687631777,6071260,4416213,15229350000
findling-cpu 1791110328,2692595456,6073255,4417635,15234370000
findling-cpu 1791110333,2697651621,6075254,4419092,15239380000
findling-cpu 1791110338,2703839072,6077253,4420410,15244390000
findling-cpu 1791110343,2708802800,6079252,4421842,15249410000
findling-cpu 1791110348,2713649242,6081246,4423234,15254420000
findling-cpu 1791110353,2720334430,6083244,4424487,15259430000
findling-cpu 1791110358,2725231878,6085242,4425932,15264450000
findling-cpu 1791110363,2730087139,6087240,4427381,15269460000
findling-cpu 1791110368,2736285898,6089238,4428682,15274470000
findling-cpu 1791110373,2741623262,6091240,4430079,15279490000
findling-cpu 1791110378,2746709223,6093235,4431501,15284510000
findling-cpu 1791110383,2751562645,6095232,4432947,15289520000
findling-cpu 1791110388,2757645886,6097231,4434250,15294530000
findling-cpu 1791110393,2762740644,6099229,4435712,15299550000
findling-cpu 1791110398,2767518372,6101227,4437168,15304560000
findling-cpu 1791110403,2773544114,6103225,4438486,15309570000
findling-cpu 1791110408,2778395932,6105218,4439875,15314590000
findling-cpu 1791110413,2783231244,6107217,4441328,15319600000
findling-cpu 1791110418,2789904268,6109215,4442597,15324610000
findling-cpu 1791110423,2795019881,6111214,4444052,15329630000
findling-cpu 1791110428,2800134575,6113212,4445501,15334640000
findling-cpu 1791110433,2805124684,6115213,4446939,15339650000
findling-cpu 1791110438,2810177467,6117209,4448363,15344670000
findling-cpu 1791110443,2815052767,6119208,4449810,15349680000
findling-cpu 1791110448,2821849086,6121206,4451042,15354690000
findling-cpu 1791110453,2826684871,6123206,4452499,15359710000
findling-cpu 1791110458,2831575997,6125202,4453943,15364720000
findling-cpu 1791110463,2838353954,6127200,4455154,15369740000
findling-cpu 1791110468,2843207217,6129195,4456543,15374750000
findling-cpu 1791110473,2848189081,6131193,4457980,15379760000
findling-cpu 1791110478,2854116384,6133192,4459329,15384780000
findling-cpu 1791110483,2859308968,6135192,4460772,15389790000
findling-cpu 1791110488,2864197037,6137191,4462216,15394810000
findling-cpu 1791110493,2869032914,6139190,4463673,15399820000
findling-cpu 1791110498,2875171351,6141187,4464980,15404830000
findling-cpu 1791110503,2880021940,6143184,4466418,15409850000
findling-cpu 1791110508,2885134888,6145182,4467864,15414860000
findling-cpu 1791110513,2890944270,6147182,4469243,15419870000
findling-cpu 1791110518,2896057995,6149182,4470648,15424890000
findling-cpu 1791110523,2901173859,6151181,4472105,15429900000
findling-cpu 1791110528,2906296050,6153178,4473495,15434910000
findling-cpu 1791110533,2911172042,6155177,4474949,15439930000
findling-cpu 1791110538,2916019692,6157174,4476392,15444940000
findling-cpu 1791110543,2922280093,6159173,4477695,15449960000
findling-cpu 1791110548,2927295405,6161170,4479140,15454970000
findling-cpu 1791110553,2932262638,6163171,4480579,15459980000
findling-cpu 1791110558,2938964728,6165166,4481799,15465000000
findling-cpu 1791110563,2943853498,6167164,4483246,15470010000
findling-cpu 1791110568,2948701930,6169162,4484689,15475020000
findling-cpu 1791110573,2954606631,6171162,4486025,15480040000
findling-cpu 1791110578,2959452526,6173160,4487467,15485050000
findling-cpu 1791110583,2964534795,6175158,4488909,15490060000
findling-cpu 1791110588,2971113821,6177153,4490103,15495080000
findling-cpu 1791110593,2976229322,6179151,4491554,15500090000
findling-cpu 1791110598,2981344684,6181151,4493003,15505110000
findling-cpu 1791110603,2986459881,6183149,4494456,15510120000
findling-cpu 1791110608,2991570600,6185148,4495907,15515130000
findling-cpu 1791110613,2996670908,6187150,4497369,15520150000
findling-cpu 1791110618,3002409042,6189145,4498655,15525160000
findling-cpu 1791110624,3007262138,6191146,4500100,15530180000
findling-cpu 1791110629,3012335806,6193145,4501545,15535190000
findling-cpu 1791110634,3017321962,6195142,4502978,15540200000
findling-cpu 1791110639,3023157310,6197141,4504313,15545220000
findling-cpu 1791110644,3028009710,6199139,4505763,15550230000
findling-cpu 1791110649,3032904606,6201137,4507153,15555250000
findling-cpu 1791110654,3039111813,6203134,4508451,15560260000
findling-cpu 1791110659,3044092817,6205132,4509877,15565270000
findling-cpu 1791110664,3049165995,6207131,4511330,15570290000
findling-cpu 1791110669,3055805860,6209130,4512579,15575300000
findling-cpu 1791110674,3060921412,6211130,4514038,15580310000
findling-cpu 1791110679,3066035640,6213127,4515465,15585330000
findling-cpu 1791110684,3071152217,6215124,4516913,15590340000
findling-cpu 1791110689,3076264509,6217123,4518360,15595350000
findling-cpu 1791110694,3081355821,6219122,4519822,15600370000
findling-cpu 1791110699,3086210068,6221122,4521261,15605380000
findling-cpu 1791110704,3091075396,6223119,4522698,15610390000
findling-cpu 1791110709,3095921214,6225113,4524088,15615410000
findling-cpu 1791110714,3102872521,6227112,4525340,15620420000
findling-cpu 1791110719,3107988966,6229109,4526791,15625430000
findling-cpu 1791110724,3113105877,6231110,4528249,15630450000
findling-cpu 1791110729,3118225594,6233107,4529693,15635460000
findling-cpu 1791110734,3123321294,6235106,4531155,15640480000
findling-cpu 1791110739,3128435776,6237103,4532581,15645490000
findling-cpu 1791110744,3133513342,6239103,4534027,15650500000
findling-cpu 1791110749,3138367270,6241101,4535467,15655520000
findling-cpu 1791110754,3143201402,6243102,4536924,15660530000
findling-cpu 1791110759,3149987971,6245098,4538155,15665540000
findling-cpu 1791110764,3154868910,6247096,4539608,15670560000
findling-cpu 1791110769,3159719970,6249092,4541026,15675570000
findling-cpu 1791110774,3165805704,6251092,4542318,15680590000
findling-cpu 1791110779,3171157203,6253091,4543706,15685610000
findling-cpu 1791110784,3176230851,6255088,4545159,15690620000
findling-cpu 1791110789,3181087051,6257087,4546600,15695630000
findling-cpu 1791110794,3187108734,6259087,4547928,15700650000
findling-cpu 1791110799,3192081486,6261082,4549328,15705660000
findling-cpu 1791110804,3196978222,6263080,4550776,15710670000
findling-cpu 1791110809,3203727463,6265077,4552014,15715680000
findling-cpu 1791110814,3208565076,6267076,4553471,15720700000
findling-cpu 1791110819,3213637690,6269074,4554883,15725710000
findling-cpu 1791110824,3220443331,6271073,4556092,15730730000
findling-cpu 1791110829,3225284497,6273067,4557511,15735740000
findling-cpu 1791110834,3230101523,6275065,4558933,15740750000
findling-cpu 1791110839,3236719349,6277064,4560184,15745770000
findling-cpu 1791110844,3241571488,6279062,4561632,15750780000
findling-cpu 1791110849,3246425677,6281061,4563075,15755790000
findling-cpu 1791110854,3252638477,6283060,4564407,15760810000
findling-cpu 1791110859,3257488686,6285055,4565828,15765820000
findling-cpu 1791110864,3262344680,6287053,4567273,15770830000
findling-cpu 1791110869,3267963123,6289053,4568631,15775850000
findling-cpu 1791110874,3273720351,6291053,4569997,15780870000
findling-cpu 1791110879,3278692825,6293052,4571420,15785890000
findling-cpu 1791110884,3283542955,6295052,4572869,15790900000
findling-cpu 1791110889,3290151436,6297047,4574099,15795910000
findling-cpu 1791110894,3295209884,6299046,4575521,15800930000
findling-cpu 1791110899,3300324582,6301045,4576968,15805940000
findling-cpu 1791110904,3306049669,6303045,4578349,15810950000
findling-cpu 1791110909,3310853032,6305044,4579794,15815970000
findling-cpu 1791110914,3315710961,6307043,4581252,15820980000
findling-cpu 1791110919,3321843013,6309039,4582529,15825990000
findling-cpu 1791110924,3326925267,6311038,4583976,15831010000
findling-cpu 1791110929,3331755181,6313038,4585418,15836020000
findling-cpu 1791110934,3337839765,6315036,4586730,15841030000
findling-cpu 1791110939,3342811989,6317036,4588146,15846050000
findling-cpu 1791110944,3347669333,6319031,4589583,15851060000
findling-cpu 1791110949,3353943995,6321029,4590875,15856070000
findling-cpu 1791110954,3358780904,6323027,4592295,15861090000
findling-cpu 1791110959,3363637234,6325029,4593738,15866100000
findling-cpu 1791110964,3370048752,6327027,4595014,15871110000
findling-cpu 1791110969,3374929922,6329024,4596458,15876130000
findling-cpu 1791110974,3379747871,6331023,4597913,15881140000
findling-cpu 1791110979,3385084547,6333019,4599270,15886160000
findling-cpu 1791110985,3391036096,6335015,4600598,15891170000
findling-cpu 1791110990,3396109939,6337016,4602044,15896190000
findling-cpu 1791110995,3400938908,6339013,4603487,15901200000
findling-cpu 1791111000,3406770929,6341011,4604815,15906210000
findling-cpu 1791111005,3411639713,6343010,4606267,15911230000
findling-cpu 1791111010,3416477188,6345006,4607686,15916240000
findling-cpu 1791111015,3423114417,6347003,4608911,15921250000
findling-cpu 1791111020,3428187020,6349003,4610351,15926270000
findling-cpu 1791111025,3433299727,6351002,4611805,15931280000
findling-cpu 1791111030,3439124688,6353003,4613169,15936290000
findling-cpu 1791111035,3444221001,6355003,4614632,15941310000
findling-cpu 1791111040,3449332977,6356999,4616059,15946320000
findling-cpu 1791111045,3454453014,6358998,4617504,15951330000
findling-cpu 1791111050,3459565181,6360998,4618951,15956350000
findling-cpu 1791111055,3464518882,6362997,4620390,15961360000
findling-cpu 1791111060,3470749556,6364995,4621677,15966380000
findling-cpu 1791111065,3475611745,6366992,4623112,15971390000
findling-cpu 1791111070,3480451356,6368989,4624531,15976400000
findling-cpu 1791111075,3486616034,6370988,4625831,15981420000
findling-cpu 1791111080,3491448490,6372985,4627272,15986430000
findling-cpu 1791111085,3496287188,6374982,4628718,15991440000
findling-cpu 1791111090,3502361448,6376980,4630057,15996460000
findling-cpu 1791111095,3507221113,6378978,4631516,16001470000
findling-cpu 1791111100,3512176077,6380974,4632918,16006480000
findling-cpu 1791111105,3517714728,6382974,4634287,16011500000
findling-cpu 1791111110,3524276848,6384972,4635578,16016510000
findling-cpu 1791111115,3529112639,6386970,4637034,16021530000
findling-cpu 1791111120,3533965876,6388968,4638445,16026540000
findling-cpu 1791111125,3540091547,6390967,4639754,16031550000
findling-cpu 1791111130,3544976128,6392964,4641177,16036570000
findling-cpu 1791111135,3549799526,6394960,4642597,16041580000
findling-cpu 1791111140,3556522073,6396961,4643831,16046590000
findling-cpu 1791111145,3561374556,6398955,4645278,16051610000
findling-cpu 1791111150,3566449775,6400956,4646725,16056620000
findling-cpu 1791111155,3572972956,6402955,4647999,16061640000
findling-cpu 1791111160,3577849081,6404952,4649419,16066650000
findling-cpu 1791111165,3582964354,6406949,4650868,16071660000
findling-cpu 1791111170,3588396403,6408948,4652258,16076680000
findling-cpu 1791111175,3593301349,6410947,4653713,16081690000
findling-cpu 1791111180,3598140517,6412943,4655154,16086700000
findling-cpu 1791111185,3604802404,6414942,4656373,16091720000
findling-cpu 1791111190,3609808467,6416938,4657776,16096730000
findling-cpu 1791111195,3614629967,6418937,4659198,16101740000
findling-cpu 1791111200,3620038062,6420933,4660579,16106760000
findling-cpu 1791111205,3625941628,6422934,4661919,16111780000
findling-cpu 1791111210,3631018415,6424933,4663366,16116790000
findling-cpu 1791111215,3635852957,6426931,4664823,16121800000
findling-cpu 1791111220,3641892726,6428924,4666077,16126820000
findling-cpu 1791111225,3646771239,6430924,4667523,16131830000
findling-cpu 1791111230,3651748308,6432920,4668942,16136840000
findling-cpu 1791111235,3658251680,6434919,4670216,16141860000
findling-cpu 1791111240,3663110895,6436917,4671654,16146870000
findling-cpu 1791111245,3668185703,6438915,4673108,16151880000
findling-cpu 1791111250,3674712301,6440911,4674346,16156900000
findling-cpu 1791111255,3679539867,6442911,4675797,16161910000
findling-cpu 1791111260,3684394255,6444909,4677213,16166920000
findling-cpu 1791111265,3690991714,6446905,4678480,16171940000
findling-cpu 1791111270,3695970553,6448905,4679902,16176950000
findling-cpu 1791111275,3700801174,6450905,4681359,16181970000
findling-cpu 1791111280,3707036826,6452901,4682653,16186980000
findling-cpu 1791111285,3712153316,6454902,4684101,16191990000
findling-cpu 1791111290,3717003085,6456905,4685544,16197010000
findling-cpu 1791111295,3722489146,6458903,4686930,16202020000
findling-cpu 1791111300,3727919594,6460904,4688314,16207040000
findling-cpu 1791111305,3732767285,6462901,4689748,16212050000
findling-cpu 1791111310,3737597534,6464896,4691164,16217060000
findling-cpu 1791111315,3744203948,6466894,4692420,16222080000
findling-cpu 1791111320,3749288358,6468894,4693836,16227090000
findling-cpu 1791111325,3754133925,6470893,4695284,16232100000
findling-cpu 1791111330,3760611893,6472888,4696540,16237120000
findling-cpu 1791111335,3765476914,6474890,4698000,16242130000
findling-cpu 1791111340,3770310211,6476884,4699416,16247140000
findling-cpu 1791111345,3776493237,6478880,4700716,16252160000
findling-cpu 1791111351,3781328823,6480877,4702158,16257170000
findling-cpu 1791111356,3786384395,6482878,4703607,16262190000
findling-cpu 1791111361,3792827961,6484878,4704910,16267200000
findling-cpu 1791111366,3797939873,6486877,4706364,16272210000
findling-cpu 1791111371,3803054486,6488875,4707787,16277230000
findling-cpu 1791111376,3808152203,6490876,4709247,16282240000
findling-cpu 1791111381,3813268382,6492877,4710666,16287250000
findling-cpu 1791111386,3818381881,6494876,4712122,16292270000
findling-cpu 1791111391,3823497628,6496875,4713567,16297280000
findling-cpu 1791111396,3828594416,6498875,4715030,16302290000
findling-cpu 1791111401,3833536536,6500871,4716433,16307310000
findling-cpu 1791111406,3839411293,6502872,4717794,16312320000
findling-cpu 1791111411,3844268485,6504869,4719236,16317340000
findling-cpu 1791111416,3849106496,6506869,4720692,16322350000
findling-cpu 1791111421,3855443639,6508866,4721935,16327360000
findling-cpu 1791111426,3860347815,6510867,4723371,16332380000
findling-cpu 1791111431,3865187930,6512862,4724778,16337390000
findling-cpu 1791111436,3870285045,6514862,4726238,16342410000
findling-cpu 1791111441,3876770663,6516860,4727510,16347420000
findling-cpu 1791111446,3881884415,6518859,4728966,16352430000
findling-cpu 1791111451,3886997210,6520860,4730416,16357450000
findling-cpu 1791111456,3892096320,6522861,4731876,16362460000
findling-cpu 1791111461,3897210649,6524857,4733297,16367470000
findling-cpu 1791111466,3902041897,6526857,4734743,16372490000
findling-cpu 1791111471,3907718982,6528854,4736090,16377500000
findling-cpu 1791111476,3912723504,6530854,4737542,16382510000
findling-cpu 1791111481,3917620245,6532853,4738985,16387530000
findling-cpu 1791111486,3923862049,6534852,4740313,16392540000
findling-cpu 1791111491,3928981561,6536850,4741740,16397560000
findling-cpu 1791111496,3934074092,6538850,4743197,16402570000
findling-cpu 1791111501,3939190060,6540849,4744619,16407580000
findling-cpu 1791111506,3944306133,6542848,4746068,16412600000
findling-cpu 1791111511,3949158037,6544848,4747519,16417610000
findling-cpu 1791111516,3954637965,6546846,4748891,16422620000
findling-cpu 1791111521,3959712328,6548842,4750318,16427640000
findling-cpu 1791111526,3964555381,6550841,4751724,16432650000
findling-cpu 1791111531,3970711037,6552839,4753059,16437660000
findling-cpu 1791111536,3975808833,6554839,4754513,16442680000
findling-cpu 1791111541,3980960777,6556835,4755538,16447690000
findling-cpu 1791111546,3986105472,6558833,4756814,16452710000
findling-cpu 1791111551,3990999316,6560829,4758239,16457720000
findling-cpu 1791111556,3995833402,6562827,4759689,16462730000
findling-cpu 1791111561,4002205088,6564823,4760936,16467750000
findling-cpu 1791111566,4007291955,6566821,4762380,16472760000
findling-cpu 1791111571,4012143881,6568822,4763829,16477780000
findling-cpu 1791111576,4018445742,6570819,4765119,16482790000
findling-cpu 1791111581,4023335674,6572818,4766545,16487800000
findling-cpu 1791111586,4028190222,6574816,4767986,16492820000
findling-cpu 1791111591,4034184783,6576815,4769313,16497830000
findling-cpu 1791111596,4039473276,6578819,4770712,16502850000
findling-cpu 1791111601,4044548512,6580818,4772164,16507870000
findling-cpu 1791111606,4049556131,6582817,4773590,16512880000
findling-cpu 1791111611,4055481662,6584811,4774893,16517890000
findling-cpu 1791111616,4060318671,6586809,4776343,16522910000
findling-cpu 1791111621,4065392221,6588809,4777766,16527920000
findling-cpu 1791111626,4072104034,6590807,4779007,16532940000
findling-cpu 1791111631,4076959598,6592808,4780457,16537950000
findling-cpu 1791111636,4081788870,6594803,4781903,16542960000
findling-cpu 1791111641,4087943584,6596802,4783214,16547980000
findling-cpu 1791111646,4093056896,6598802,4784662,16552990000
findling-cpu 1791111651,4097906665,6600803,4786118,16558010000
findling-cpu 1791111656,4103620945,6602801,4787461,16563020000
findling-cpu 1791111661,4108676804,6604800,4788915,16568030000
findling-cpu 1791111666,4113560598,6606796,4790146,16573050000
findling-cpu 1791111671,4120060939,6608793,4791392,16578060000
findling-cpu 1791111676,4124892600,6610793,4792839,16583070000
findling-cpu 1791111681,4129785367,6612788,4794259,16588090000
findling-cpu 1791111686,4136355060,6614787,4795517,16593100000
findling-cpu 1791111691,4141204432,6616784,4796967,16598110000
findling-cpu 1791111696,4146257485,6618785,4798410,16603130000
findling-cpu 1791111701,4151891115,6620784,4799782,16608150000
findling-cpu 1791111706,4157181035,6622783,4801207,16613160000
findling-cpu 1791111712,4162296508,6624783,4802662,16618170000
findling-cpu 1791111717,4167393420,6626783,4804084,16623190000
findling-cpu 1791111722,4172518168,6628783,4805536,16628200000
findling-cpu 1791111727,4177633134,6630780,4806983,16633220000
findling-cpu 1791111732,4182745499,6632777,4808415,16638230000
findling-cpu 1791111737,4187846309,6634778,4809865,16643240000
findling-cpu 1791111742,4192862158,6636778,4811276,16648260000
findling-cpu 1791111747,4197715061,6638776,4812713,16653270000
findling-cpu 1791111752,4204284827,6640774,4814005,16658280000
findling-cpu 1791111757,4209119428,6642772,4815454,16663300000
findling-cpu 1791111762,4213962928,6644770,4816872,16668310000
findling-cpu 1791111767,4220358429,6646768,4818178,16673320000
findling-cpu 1791111772,4225471988,6648766,4819634,16678340000
findling-cpu 1791111777,4230567773,6650763,4821089,16683350000
findling-cpu 1791111782,4235692080,6652764,4822540,16688370000
findling-cpu 1791111787,4240834287,6654761,4823785,16693380000
findling-cpu 1791111792,4245670626,6656760,4825210,16698390000
findling-cpu 1791111797,4251304598,6658759,4826573,16703410000
findling-cpu 1791111802,4256160262,6660756,4828022,16708420000
findling-cpu 1791111807,4261147435,6662752,4829414,16713430000
findling-cpu 1791111812,4267679916,6664750,4830698,16718450000
findling-cpu 1791111817,4272623088,6666748,4832148,16723460000
findling-cpu 1791111822,4277476981,6668743,4833572,16728470000
findling-cpu 1791111827,4284209889,6670740,4834779,16733490000
findling-cpu 1791111832,4289100162,6672738,4836232,16738500000
findling-cpu 1791111837,4293941982,6674737,4837681,16743520000
findling-cpu 1791111842,4300514104,6676734,4838939,16748530000
findling-cpu 1791111847,4305494588,6678731,4840362,16753540000
findling-cpu 1791111852,4310569949,6680730,4841789,16758560000
findling-cpu 1791111857,4315443796,6682728,4843229,16763570000
findling-cpu 1791111862,4321462623,6684728,4844555,16768590000
findling-cpu 1791111867,4326353183,6686724,4845965,16773600000
findling-cpu 1791111872,4331211694,6688724,4847415,16778620000
findling-cpu 1791111877,4337594943,6690724,4848696,16783630000
findling-cpu 1791111882,4342447797,6692721,4850118,16788640000
findling-cpu 1791111887,4347517285,6694718,4851564,16793660000
findling-cpu 1791111892,4354191170,6696714,4852811,16798670000
findling-cpu 1791111897,4359027542,6698714,4854261,16803680000
findling-cpu 1791111902,4363876508,6700710,4855710,16808700000
findling-cpu 1791111907,4370434573,6702706,4856838,16813710000
findling-cpu 1791111912,4375303440,6704701,4858154,16818720000
findling-cpu 1791111917,4380137314,6706698,4859602,16823740000
findling-cpu 1791111922,4386488447,6708697,4860913,16828750000
findling-cpu 1791111927,4391342678,6710694,4862324,16833760000
findling-cpu 1791111932,4396457334,6712696,4863780,16838780000
findling-cpu 1791111937,4402838491,6714692,4865059,16843790000
findling-cpu 1791111942,4407923675,6716691,4866481,16848810000
findling-cpu 1791111947,4412772795,6718690,4867923,16853820000
findling-cpu 1791111952,4417627573,6720689,4869371,16858840000
findling-cpu 1791111957,4423571344,6722689,4870704,16863850000
findling-cpu 1791111962,4428422766,6724690,4872154,16868860000
findling-cpu 1791111967,4433492257,6726689,4873597,16873880000
findling-cpu 1791111972,4439899117,6728684,4874883,16878890000
findling-cpu 1791111977,4444772233,6730684,4876337,16883910000
findling-cpu 1791111982,4449845936,6732681,4877787,16888920000
findling-cpu 1791111987,4455825075,6734680,4879107,16893930000
findling-cpu 1791111992,4460718176,6736679,4880560,16898950000
findling-cpu 1791111997,4465677058,6738677,4881992,16903960000
findling-cpu 1791112002,4471874078,6740676,4883280,16908970000
findling-cpu 1791112007,4476839686,6742674,4884722,16913990000
findling-cpu 1791112012,4481684937,6744673,4886170,16919000000
findling-cpu 1791112017,4487951616,6746674,4887429,16924010000
findling-cpu 1791112022,4492841381,6748675,4888881,16929030000
findling-cpu 1791112027,4497703755,6750671,4890310,16934040000
findling-cpu 1791112032,4504001361,6752664,4891370,16939060000
findling-cpu 1791112037,4508959115,6754660,4892802,16944070000
findling-cpu 1791112042,4514043613,6756660,4894255,16949080000
findling-cpu 1791112047,4520029932,6758657,4895542,16954100000
findling-cpu 1791112052,4524885660,6760655,4896990,16959110000
findling-cpu 1791112057,4529761834,6762652,4898443,16964120000
findling-cpu 1791112062,4534963240,6764649,4899851,16969140000
findling-cpu 1791112067,4540965221,6766650,4901176,16974150000
findling-cpu 1791112073,4545822273,6768648,4902622,16979170000
findling-cpu 1791112078,4550879151,6770648,4904076,16984180000
findling-cpu 1791112083,4557413967,6772646,4905345,16989190000
findling-cpu 1791112088,4562400029,6774645,4906768,16994210000
findling-cpu 1791112093,4567250167,6776639,4908184,16999220000
findling-cpu 1791112098,4573065530,6778640,4909528,17004230000
findling-cpu 1791112103,4577915249,6780637,4910968,17009250000
findling-cpu 1791112108,4582768362,6782635,4912382,17014260000
findling-cpu 1791112113,4589513765,6784633,4913655,17019270000
findling-cpu 1791112118,4594353590,6786633,4915105,17024290000
findling-cpu 1791112123,4599204425,6788627,4916526,17029300000
findling-cpu 1791112128,4606032792,6790623,4917750,17034320000
findling-cpu 1791112133,4610923418,6792622,4919170,17039330000
findling-cpu 1791112138,4615762866,6794620,4920620,17044340000
findling-cpu 1791112143,4622183886,6796619,4921894,17049360000
findling-cpu 1791112148,4627055942,6798618,4923323,17054370000
findling-cpu 1791112153,4632129605,6800611,4924554,17059380000
findling-cpu 1791112158,4637208043,6802611,4925974,17064400000
findling-cpu 1791112163,4642704206,6804611,4927354,17069420000
findling-cpu 1791112168,4647694371,6806608,4928748,17074440000
findling-cpu 1791112173,4652587641,6808607,4930200,17079450000
findling-cpu 1791112178,4659077346,6810606,4931470,17084460000
findling-cpu 1791112183,4663926784,6812603,4932894,17089480000
findling-cpu 1791112188,4669001685,6814604,4934339,17094490000
findling-cpu 1791112193,4675272285,6816600,4935632,17099500000
findling-cpu 1791112198,4680102110,6818599,4937081,17104520000
findling-cpu 1791112203,4684941319,6820596,4938529,17109530000
findling-cpu 1791112208,4691627511,6822593,4939764,17114540000
findling-cpu 1791112213,4696456061,6824591,4941192,17119560000
findling-cpu 1791112218,4701308436,6826589,4942638,17124570000
findling-cpu 1791112223,4707460221,6828587,4943963,17129590000
findling-cpu 1791112228,4712396541,6830586,4945379,17134600000
findling-cpu 1791112233,4717229678,6832586,4946833,17139620000
findling-cpu 1791112238,4724051891,6834583,4948058,17144630000
findling-cpu 1791112243,4729125521,6836580,4949482,17149640000
findling-cpu 1791112248,4733982517,6838576,4950922,17154660000
findling-cpu 1791112253,4739048704,6840577,4952335,17159670000
findling-cpu 1791112258,4745148996,6842577,4953682,17164690000
findling-cpu 1791112263,4750260603,6844578,4955137,17169700000
findling-cpu 1791112268,4755383412,6846579,4956554,17174720000
findling-cpu 1791112273,4760482148,6848573,4957865,17179730000
findling-cpu 1791112278,4765618505,6850575,4959243,17184750000
findling-cpu 1791112283,4770733521,6852575,4960699,17189760000
findling-cpu 1791112288,4775854291,6854573,4962139,17194780000
findling-cpu 1791112293,4780727350,6856572,4963567,17199790000
findling-cpu 1791112298,4785575388,6858571,4965015,17204810000
findling-cpu 1791112303,4791716655,6860565,4966293,17209820000
findling-cpu 1791112308,4796653664,6862563,4967737,17214830000
findling-cpu 1791112313,4801625604,6864559,4969187,17219850000
findling-cpu 1791112318,4807831391,6866555,4970447,17224860000
findling-cpu 1791112323,4812670750,6868555,4971895,17229870000
findling-cpu 1791112328,4817680226,6870553,4973320,17234890000
findling-cpu 1791112333,4823614620,6872550,4974650,17239900000
findling-cpu 1791112338,4828430959,6874547,4976102,17244920000
findling-cpu 1791112343,4833288874,6876546,4977551,17249930000
findling-cpu 1791112348,4840145110,6878544,4978785,17254940000
findling-cpu 1791112353,4844993691,6880544,4980205,17259960000
findling-cpu 1791112358,4849826417,6882542,4981656,17264970000
findling-cpu 1791112363,4856200038,6884538,4982936,17269980000
findling-cpu 1791112368,4861313560,6886538,4984383,17275000000
findling-cpu 1791112373,4866427918,6888538,4985838,17280010000
findling-cpu 1791112378,4872186858,6890538,4987189,17285020000
findling-cpu 1791112383,4877302245,6892538,4988644,17290040000
findling-cpu 1791112388,4882284749,6894533,4990056,17295050000
findling-cpu 1791112393,4887715994,6896532,4991442,17300070000
findling-cpu 1791112398,4892885503,6898528,4992650,17305080000
findling-cpu 1791112403,4897738507,6900527,4994098,17310100000
findling-cpu 1791112408,4902590168,6902523,4995542,17315110000
findling-cpu 1791112413,4909134880,6904520,4996784,17320120000
findling-cpu 1791112418,4913969117,6906520,4998231,17325140000
findling-cpu 1791112423,4919083947,6908516,4999661,17330150000
findling-cpu 1791112428,4925171082,6910515,5000999,17335160000
findling-cpu 1791112434,4930241585,6912514,5002416,17340180000
findling-cpu 1791112439,4935052577,6914514,5003861,17345190000
findling-cpu 1791112444,4941104196,6916514,5005170,17350200000
findling-cpu 1791112449,4945959862,6918512,5006613,17355220000
findling-cpu 1791112454,4950855378,6920506,5008036,17360230000
findling-cpu 1791112459,4956745527,6922504,5009369,17365240000
findling-cpu 1791112464,4961803674,6924504,5010822,17370260000
findling-cpu 1791112469,4966673084,6926502,5012267,17375270000
findling-cpu 1791112474,4973201063,6928500,5013504,17380280000
findling-cpu 1791112479,4978039642,6930499,5014953,17385300000
findling-cpu 1791112484,4983060395,6932494,5016360,17390310000
findling-cpu 1791112489,4989523333,6934493,5017628,17395320000
findling-cpu 1791112494,4994375286,6936488,5019072,17400340000
findling-cpu 1791112499,4999473004,6938489,5020529,17405350000
findling-cpu 1791112504,5005200270,6940488,5021916,17410370000
findling-cpu 1791112509,5010416874,6942486,5023335,17415380000
findling-cpu 1791112514,5015490252,6944484,5024762,17420390000
findling-cpu 1791112519,5020383614,6946480,5026021,17425410000
findling-cpu 1791112524,5026297935,6948481,5027383,17430420000
findling-cpu 1791112529,5031371902,6950478,5028829,17435440000
findling-cpu 1791112534,5036258868,6952477,5030249,17440450000
findling-cpu 1791112539,5041815892,6954477,5031614,17445460000
findling-cpu 1791112544,5046664202,6956471,5033036,17450480000
findling-cpu 1791112549,5051740383,6958470,5034482,17455490000
findling-cpu 1791112554,5058455512,6960468,5035730,17460500000
findling-cpu 1791112559,5063293838,6962467,5037180,17465520000
findling-cpu 1791112564,5068140473,6964464,5038630,17470530000
findling-cpu 1791112569,5074445094,6966464,5039939,17475540000
findling-cpu 1791112574,5079294362,6968457,5041360,17480560000
findling-cpu 1791112579,5084121466,6970456,5042811,17485570000
findling-cpu 1791112584,5090481290,6972453,5044094,17490580000
findling-cpu 1791112589,5095371253,6974450,5045541,17495600000
findling-cpu 1791112594,5100348069,6976448,5046939,17500610000
findling-cpu 1791112599,5107023375,6978447,5048183,17505620000
findling-cpu 1791112604,5111987940,6980441,5049606,17510640000
findling-cpu 1791112609,5116952523,6982441,5051049,17515650000
findling-cpu 1791112614,5122622685,6984442,5052412,17520670000
findling-cpu 1791112619,5127892721,6986442,5053767,17525700000
findling-cpu 1791112624,5132779575,6988442,5055217,17530710000
findling-cpu 1791112629,5137643127,6990441,5056628,17535720000
findling-cpu 1791112634,5144449748,6992436,5057834,17540740000
findling-cpu 1791112639,5149271516,6994433,5059137,17545750000
findling-cpu 1791112644,5154365423,6996430,5060543,17550760000
findling-cpu 1791112649,5160773317,6998429,5061818,17555780000
findling-cpu 1791112654,5165629601,7000426,5063238,17560790000
findling-cpu 1791112659,5170464191,7002424,5064687,17565800000
findling-cpu 1791112664,5177234545,7004417,5065900,17570820000
findling-cpu 1791112669,5182084682,7006416,5067325,17575830000
findling-cpu 1791112674,5187191030,7008414,5068779,17580840000
findling-cpu 1791112679,5192677833,7010416,5070185,17585860000
findling-cpu 1791112684,5197793772,7012415,5071640,17590870000
findling-cpu 1791112689,5202906836,7014413,5073085,17595890000
findling-cpu 1791112694,5208024161,7016412,5074513,17600900000
findling-cpu 1791112699,5213120542,7018411,5075968,17605910000
findling-cpu 1791112704,5218235616,7020412,5077423,17610930000
findling-cpu 1791112709,5223351434,7022409,5078868,17615940000
findling-cpu 1791112714,5228466311,7024408,5080292,17620950000
findling-cpu 1791112719,5233561090,7026408,5081745,17625970000
findling-cpu 1791112724,5238682143,7028407,5083174,17630980000
findling-cpu 1791112729,5243794749,7030405,5084621,17635990000
findling-cpu 1791112734,5248907584,7032404,5086042,17641010000
findling-cpu 1791112739,5254015683,7034402,5087489,17646020000
findling-cpu 1791112744,5259095093,7036403,5088938,17651030000
findling-cpu 1791112749,5264138445,7038400,5090346,17656050000
findling-cpu 1791112754,5270331342,7040396,5091623,17661060000
findling-cpu 1791112759,5275170057,7042397,5093074,17666070000
findling-cpu 1791112764,5280259807,7044396,5094333,17671090000
findling-cpu 1791112769,5286214919,7046394,5095652,17676100000
findling-cpu 1791112774,5291081487,7048391,5097071,17681110000
findling-cpu 1791112779,5295913409,7050389,5098516,17686130000
findling-cpu 1791112784,5300968497,7052387,5099922,17691140000
findling-cpu 1791112789,5307378264,7054385,5101194,17696160000
findling-cpu 1791112795,5312233744,7056383,5102640,17701170000
findling-cpu 1791112800,5317201515,7058381,5104094,17706180000
findling-cpu 1791112805,5323762351,7060380,5105366,17711200000
findling-cpu 1791112810,5328605110,7062377,5106804,17716210000
findling-cpu 1791112815,5333441488,7064374,5108229,17721220000
findling-cpu 1791112820,5340116318,7066373,5109481,17726240000
findling-cpu 1791112825,5344957746,7068367,5110923,17731250000
findling-cpu 1791112830,5349926592,7070368,5112349,17736260000
findling-cpu 1791112835,5356305736,7072369,5113649,17741280000
findling-cpu 1791112840,5361181792,7074368,5115072,17746300000
findling-cpu 1791112845,5366035792,7076362,5116491,17751310000
findling-cpu 1791112850,5372484746,7078360,5117767,17756320000
findling-cpu 1791112855,5377379034,7080359,5119204,17761340000
findling-cpu 1791112860,5382219695,7082359,5120661,17766350000
findling-cpu 1791112865,5388282441,7084358,5121968,17771370000
findling-cpu 1791112870,5393653769,7086360,5123336,17776390000
findling-cpu 1791112875,5398761933,7088358,5124769,17781410000
findling-cpu 1791112880,5403873599,7090360,5126230,17786420000
findling-cpu 1791112885,5409637103,7092356,5127408,17791440000
findling-cpu 1791112890,5414752586,7094355,5128864,17796450000
findling-cpu 1791112895,5419857626,7096355,5130317,17801460000
findling-cpu 1791112900,5424965129,7098353,5131736,17806480000
findling-cpu 1791112905,5430041670,7100350,5133165,17811490000
findling-cpu 1791112910,5434897055,7102349,5134611,17816510000
findling-cpu 1791112915,5440503925,7104349,5135964,17821520000
findling-cpu 1791112920,5445393923,7106347,5137391,17826530000
findling-cpu 1791112925,5450245845,7108345,5138833,17831550000
findling-cpu 1791112930,5457075794,7110344,5140062,17836560000
findling-cpu 1791112935,5461972932,7112341,5141489,17841580000
findling-cpu 1791112940,5466983063,7114339,5142949,17846590000
findling-cpu 1791112945,5473793684,7116337,5144177,17851600000
findling-cpu 1791112950,5478644185,7118337,5145628,17856620000
findling-cpu 1791112955,5483532694,7120336,5147073,17861630000
findling-cpu 1791112960,5490153528,7122334,5148288,17866650000
findling-cpu 1791112965,5494996617,7124329,5149712,17871660000
findling-cpu 1791112970,5499941785,7126330,5151163,17876670000
findling-cpu 1791112975,5506025561,7128326,5152484,17881690000
findling-cpu 1791112980,5510864607,7130326,5153940,17886700000
findling-cpu 1791112985,5515845798,7132323,5155338,17891710000
findling-cpu 1791112990,5521032954,7134321,5156736,17896730000
findling-cpu 1791112995,5527496923,7136318,5157993,17901750000
findling-cpu 1791113000,5532335875,7138318,5159450,17906760000
findling-cpu 1791113005,5537192607,7140313,5160694,17911770000
findling-cpu 1791113010,5544109590,7142313,5161951,17916790000
findling-cpu 1791113015,5548947243,7144312,5163397,17921800000
findling-cpu 1791113020,5553791719,7146313,5164812,17926820000
findling-cpu 1791113025,5560346672,7148307,5166044,17931830000
findling-cpu 1791113030,5565240540,7150305,5167497,17936840000
findling-cpu 1791113035,5570073202,7152301,5168910,17941860000
findling-cpu 1791113040,5576154142,7154301,5170222,17946870000
findling-cpu 1791113045,5581223178,7156299,5171667,17951890000
findling-cpu 1791113050,5586079413,7158296,5173107,17956900000
findling-cpu 1791113055,5592855339,7160294,5174327,17961910000
findling-cpu 1791113060,5597971196,7162291,5175781,17966930000
findling-cpu 1791113065,5603084349,7164290,5177230,17971940000
findling-cpu 1791113070,5608562505,7166290,5178612,17976950000
findling-cpu 1791113075,5613536843,7168288,5180042,17981970000
findling-cpu 1791113080,5618374008,7170287,5181450,17986980000
findling-cpu 1791113085,5623621200,7172283,5182855,17992000000
findling-cpu 1791113090,5629950007,7174280,5184136,17997010000
findling-cpu 1791113095,5634786943,7176279,5185584,18002020000
findling-cpu 1791113100,5639637652,7178278,5187034,18007040000
findling-cpu 1791113105,5645791406,7180273,5188326,18012050000
findling-cpu 1791113110,5650643315,7182270,5189766,18017070000
findling-cpu 1791113115,5655619399,7184268,5191178,18022080000
findling-cpu 1791113120,5662386485,7186267,5192450,18027090000
findling-cpu 1791113125,5667233186,7188262,5193858,18032110000
findling-cpu 1791113130,5672099537,7190262,5195151,18037120000
findling-cpu 1791113135,5678469837,7192259,5196433,18042130000
findling-cpu 1791113140,5683364093,7194256,5197847,18047150000
findling-cpu 1791113145,5688211328,7196252,5199272,18052160000
findling-cpu 1791113151,5694333595,7198248,5200580,18057170000
findling-cpu 1791113156,5699387638,7200249,5202035,18062190000
findling-cpu 1791113161,5704376215,7202244,5203465,18067200000
findling-cpu 1791113166,5710918785,7204245,5204728,18072220000
findling-cpu 1791113171,5716169499,7206244,5206153,18077230000
findling-cpu 1791113176,5721265488,7208241,5207592,18082240000
findling-cpu 1791113181,5726378423,7210242,5209049,18087260000
findling-cpu 1791113186,5731233483,7212238,5210487,18092270000
findling-cpu 1791113191,5736091899,7214239,5211936,18097280000
findling-cpu 1791113196,5740960567,7216237,5213389,18102300000
findling-cpu 1791113201,5747513210,7218232,5214616,18107310000
findling-cpu 1791113206,5752355798,7220230,5216040,18112330000
findling-cpu 1791113211,5757427659,7222231,5217493,18117340000
findling-cpu 1791113216,5763998192,7224229,5218750,18122350000
findling-cpu 1791113221,5768852881,7226228,5220164,18127370000
findling-cpu 1791113226,5773736228,7228224,5221594,18132380000
findling-cpu 1791113231,5779828479,7230221,5222896,18137390000
findling-cpu 1791113236,5784669784,7232218,5224330,18142410000
findling-cpu 1791113241,5789521144,7234220,5225781,18147420000
findling-cpu 1791113246,5796559954,7236217,5227016,18152440000
findling-cpu 1791113251,5801431276,7238213,5228262,18157450000
findling-cpu 1791113256,5806405053,7240214,5229692,18162460000
findling-cpu 1791113261,5812673148,7242212,5230943,18167480000
findling-cpu 1791113266,5817559829,7244208,5232369,18172490000
findling-cpu 1791113271,5822415857,7246206,5233819,18177500000
findling-cpu 1791113276,5828246362,7248204,5235164,18182520000
findling-cpu 1791113281,5834245643,7250208,5236521,18187540000
findling-cpu 1791113286,5839100857,7252205,5237964,18192560000
findling-cpu 1791113291,5843942046,7254204,5239400,18197570000
findling-cpu 1791113296,5850241637,7256200,5240668,18202580000
findling-cpu 1791113301,5855137543,7258198,5242120,18207600000
findling-cpu 1791113306,5859986042,7260194,5243559,18212610000
findling-cpu 1791113311,5866851693,7262193,5244820,18217620000
findling-cpu 1791113316,5871725951,7264189,5246272,18222640000
findling-cpu 1791113321,5876742564,7266189,5247704,18227650000
findling-cpu 1791113326,5882692246,7268186,5248990,18232670000
findling-cpu 1791113331,5887547445,7270186,5250440,18237680000
findling-cpu 1791113336,5892383244,7272182,5251889,18242690000
findling-cpu 1791113341,5898868050,7274182,5253123,18247710000
findling-cpu 1791113346,5903953402,7276183,5254534,18252720000
findling-cpu 1791113351,5909070555,7278182,5255972,18257730000
findling-cpu 1791113356,5913953340,7280179,5257406,18262750000
findling-cpu 1791113361,5918805343,7282178,5258856,18267760000
findling-cpu 1791113366,5923882998,7284179,5260298,18272780000
findling-cpu 1791113371,5930285976,7286173,5261385,18277790000
findling-cpu 1791113376,5935123211,7288172,5262819,18282800000
findling-cpu 1791113381,5940237465,7290172,5264262,18287820000
findling-cpu 1791113386,5945795205,7292168,5265609,18292830000
findling-cpu 1791113391,5950925403,7294168,5267062,18297840000
findling-cpu 1791113396,5956022777,7296169,5268519,18302860000
findling-cpu 1791113401,5961140545,7298168,5269969,18307870000
findling-cpu 1791113406,5966254890,7300168,5271418,18312880000
findling-cpu 1791113411,5971367153,7302167,5272859,18317900000
findling-cpu 1791113416,5976471566,7304165,5274301,18322910000
findling-cpu 1791113421,5981587075,7306164,5275756,18327930000
findling-cpu 1791113426,5986703316,7308163,5277204,18332940000
findling-cpu 1791113431,5991821329,7310166,5278655,18337960000
findling-cpu 1791113436,5996918113,7312166,5280111,18342970000
findling-cpu 1791113441,6002033588,7314164,5281543,18347980000
findling-cpu 1791113446,6007146516,7316161,5282953,18353000000
findling-cpu 1791113451,6012260093,7318160,5284408,18358010000
findling-cpu 1791113456,6017356528,7320160,5285862,18363030000
findling-cpu 1791113461,6022549631,7322158,5287273,18368040000
findling-cpu 1791113466,6027584088,7324157,5288680,18373060000
findling-cpu 1791113471,6032610739,7326156,5290092,18378070000
findling-cpu 1791113476,6037443395,7328155,5291536,18383090000
findling-cpu 1791113481,6044015329,7330152,5292800,18388100000
findling-cpu 1791113486,6049058409,7332151,5294246,18393120000
findling-cpu 1791113491,6053944495,7334148,5295639,18398130000
findling-cpu 1791113496,6060562793,7336149,5296758,18403140000
findling-cpu 1791113501,6065418620,7338144,5298186,18408160000
findling-cpu 1791113507,6070309741,7340140,5299595,18413170000
findling-cpu 1791113512,6076392763,7342136,5300904,18418180000
findling-cpu 1791113517,6081225638,7344135,5302318,18423200000
findling-cpu 1791113522,6086070302,7346134,5303768,18428210000
findling-cpu 1791113527,6093001863,7348132,5305015,18433220000
findling-cpu 1791113532,6097848303,7350132,5306444,18438240000
findling-cpu 1791113537,6102686599,7352130,5307889,18443250000
findling-cpu 1791113542,6109224295,7354129,5309155,18448270000
findling-cpu 1791113547,6114117721,7356130,5310600,18453280000
findling-cpu 1791113552,6119108489,7358130,5312032,18458290000
findling-cpu 1791113557,6124683464,7360126,5313401,18463310000
findling-cpu 1791113562,6130413800,7362124,5314761,18468320000
findling-cpu 1791113567,6135269315,7364121,5316167,18473340000
findling-cpu 1791113572,6140124596,7366118,5317615,18478350000
findling-cpu 1791113577,6146013208,7368118,5318946,18483360000
findling-cpu 1791113582,6150903565,7370117,5320399,18488380000
findling-cpu 1791113587,6155764449,7372116,5321829,18493390000
findling-cpu 1791113592,6162347724,7374110,5323062,18498410000
findling-cpu 1791113597,6167399260,7376109,5324513,18503420000
findling-cpu 1791113602,6172253914,7378105,5325959,18508430000
findling-cpu 1791113607,6178866433,7380103,5327212,18513450000
findling-cpu 1791113612,6183719576,7382101,5328661,18518460000
findling-cpu 1791113617,6188601340,7384100,5329922,18523470000
findling-cpu 1791113622,6194347363,7386094,5331248,18528490000
findling-cpu 1791113627,6199200404,7388089,5332652,18533500000
findling-cpu 1791113632,6204274770,7390090,5334105,18538510000
findling-cpu 1791113637,6210534019,7392087,5335395,18543530000
findling-cpu 1791113642,6215387607,7394088,5336807,18548540000
findling-cpu 1791113647,6220240544,7396087,5338250,18553560000
findling-cpu 1791113652,6226556263,7398085,5339549,18558570000
findling-cpu 1791113657,6231433508,7400083,5340996,18563580000
findling-cpu 1791113662,6236278529,7402081,5342445,18568600000
findling-cpu 1791113667,6241532650,7404083,5343842,18573620000
findling-cpu 1791113672,6247984151,7406082,5345139,18578640000
findling-cpu 1791113677,6253080192,7408084,5346595,18583650000
findling-cpu 1791113682,6258194938,7410083,5348030,18588670000
findling-cpu 1791113687,6263311624,7412081,5349437,18593680000
findling-cpu 1791113692,6268423463,7414081,5350893,18598690000
findling-cpu 1791113697,6273519816,7416082,5352350,18603710000
findling-cpu 1791113702,6278638283,7418082,5353803,18608720000
findling-cpu 1791113707,6283764067,7420081,5355218,18613740000
findling-cpu 1791113712,6288618644,7422079,5356646,18618750000
findling-cpu 1791113717,6294286270,7424080,5357991,18623770000
findling-cpu 1791113722,6299182188,7426079,5359440,18628780000
findling-cpu 1791113727,6304032357,7428077,5360883,18633790000
findling-cpu 1791113732,6310648535,7430076,5362143,18638810000
findling-cpu 1791113737,6315722390,7432076,5363407,18643820000
findling-cpu 1791113742,6320573151,7434070,5364834,18648830000
findling-cpu 1791113747,6327007495,7436070,5366070,18653850000
findling-cpu 1791113752,6331865033,7438067,5367518,18658860000
findling-cpu 1791113757,6336888080,7440065,5368952,18663870000
findling-cpu 1791113762,6343234349,7442063,5370227,18668890000
findling-cpu 1791113767,6348068016,7444062,5371669,18673900000
findling-cpu 1791113772,6353140922,7446061,5373102,18678920000
findling-cpu 1791113777,6359095975,7448058,5374422,18683930000
findling-cpu 1791113782,6363943518,7450057,5375869,18688940000
findling-cpu 1791113787,6368797198,7452055,5377311,18693960000
findling-cpu 1791113792,6374447998,7454056,5378681,18698970000
findling-cpu 1791113797,6380389042,7456054,5380004,18703990000
findling-cpu 1791113802,6385503342,7458052,5381437,18709000000
findling-cpu 1791113807,6390615874,7460052,5382851,18714010000
findling-cpu 1791113812,6396136296,7462051,5384247,18719030000
findling-cpu 1791113817,6400971604,7464047,5385657,18724040000
findling-cpu 1791113822,6405822453,7466047,5387106,18729050000
findling-cpu 1791113827,6412051535,7468045,5388387,18734070000
findling-cpu 1791113832,6416939891,7470038,5389818,18739080000
findling-cpu 1791113837,6421773868,7472038,5391261,18744090000
findling-cpu 1791113842,6428275249,7474036,5392531,18749110000
findling-cpu 1791113847,6433345366,7476034,5393969,18754120000
findling-cpu 1791113852,6438351652,7478034,5395408,18759140000
findling-cpu 1791113857,6444941086,7480032,5396583,18764150000
findling-cpu 1791113863,6450066905,7482027,5397916,18769170000
findling-cpu 1791113868,6455177545,7484025,5399359,18774180000
findling-cpu 1791113873,6460294340,7486025,5400780,18779190000
findling-cpu 1791113878,6465352879,7488024,5402235,18784210000
findling-cpu 1791113883,6470206441,7490022,5403683,18789220000
findling-cpu 1791113888,6476409586,7492020,5404979,18794230000
findling-cpu 1791113893,6481302253,7494018,5406408,18799250000
findling-cpu 1791113898,6486123974,7496017,5407854,18804260000
findling-cpu 1791113903,6492579868,7498017,5409135,18809280000
findling-cpu 1791113908,6497623843,7500015,5410548,18814290000
findling-cpu 1791113913,6502683772,7502016,5412000,18819300000
findling-cpu 1791113918,6507511962,7504013,5413451,18824320000
findling-cpu 1791113923,6513220032,7506008,5414779,18829330000
findling-cpu 1791113928,6518112422,7508007,5416219,18834340000
findling-cpu 1791113933,6522967909,7510001,5417636,18839360000
findling-cpu 1791113938,6529180538,7511999,5418935,18844370000
findling-cpu 1791113943,6534039309,7513998,5420345,18849380000
findling-cpu 1791113948,6539124920,7515996,5421781,18854400000
findling-cpu 1791113953,6545727524,7517993,5423015,18859410000
findling-cpu 1791113958,6550596868,7519992,5424463,18864430000
findling-cpu 1791113963,6555712723,7521992,5425916,18869440000
findling-cpu 1791113968,6561219868,7523989,5427282,18874450000
findling-cpu 1791113973,6566075468,7525987,5428730,18879470000
findling-cpu 1791113978,6570911482,7527984,5430181,18884480000
findling-cpu 1791113983,6577548246,7529979,5431251,18889490000
findling-cpu 1791113988,6582407336,7531976,5432687,18894510000
findling-cpu 1791113993,6587256684,7533973,5434105,18899520000
findling-cpu 1791113998,6593890472,7535971,5435362,18904540000
findling-cpu 1791114003,6598753404,7537970,5436809,18909550000
findling-cpu 1791114008,6603604039,7539970,5438251,18914560000
findling-cpu 1791114013,6609563154,7541964,5439557,18919580000
findling-cpu 1791114018,6615069853,7543963,5440948,18924590000
findling-cpu 1791114023,6619913329,7545964,5442394,18929610000
findling-cpu 1791114028,6624772079,7547961,5443834,18934620000
findling-cpu 1791114033,6630723826,7549960,5445164,18939630000
findling-cpu 1791114038,6635730204,7551959,5446593,18944650000
findling-cpu 1791114043,6640584344,7553952,5448020,18949660000
findling-cpu 1791114048,6646986410,7555949,5449288,18954670000
findling-cpu 1791114053,6652056516,7557946,5450711,18959690000
findling-cpu 1791114058,6656889574,7559945,5452159,18964700000
findling-cpu 1791114063,6663485813,7561942,5453416,18969710000
findling-cpu 1791114068,6668611992,7563941,5454833,18974730000
findling-cpu 1791114073,6673728571,7565939,5456266,18979740000
findling-cpu 1791114078,6678825039,7567940,5457715,18984750000
findling-cpu 1791114083,6683939634,7569940,5459170,18989770000
findling-cpu 1791114088,6689053010,7571939,5460619,18994780000
findling-cpu 1791114093,6694169346,7573938,5462071,18999790000
findling-cpu 1791114098,6699264822,7575938,5463527,19004810000
findling-cpu 1791114103,6704396657,7577934,5464768,19009820000
findling-cpu 1791114108,6709482791,7579931,5466203,19014830000
findling-cpu 1791114113,6714374939,7581930,5467624,19019850000
findling-cpu 1791114118,6719211443,7583928,5469041,19024860000
findling-cpu 1791114123,6725586843,7585928,5470319,19029870000
findling-cpu 1791114128,6730620039,7587927,5471765,19034890000
findling-cpu 1791114133,6735515955,7589924,5473194,19039900000
findling-cpu 1791114138,6742130032,7591921,5474447,19044920000
findling-cpu 1791114143,6746983712,7593920,5475897,19049930000
findling-cpu 1791114148,6751873055,7595918,5477341,19054940000
findling-cpu 1791114153,6757665032,7597916,5478689,19059960000
findling-cpu 1791114158,6763191038,7599916,5480064,19064970000
findling-cpu 1791114163,6768194288,7601912,5481475,19069990000
findling-cpu 1791114168,6773265754,7603913,5482911,19075000000
findling-cpu 1791114173,6779638947,7605907,5484145,19080010000
findling-cpu 1791114178,6784735593,7607908,5485602,19085030000
findling-cpu 1791114183,6789848091,7609906,5487059,19090040000
findling-cpu 1791114188,6794975405,7611907,5488495,19095050000
findling-cpu 1791114193,6800089752,7613907,5489926,19100070000
findling-cpu 1791114198,6805185491,7615905,5491384,19105080000
findling-cpu 1791114203,6810079881,7617906,5492825,19110100000
findling-cpu 1791114208,6814945546,7619902,5494275,19115110000
findling-cpu 1791114213,6820005779,7621902,5495720,19120120000
findling-cpu 1791114218,6826622433,7623902,5496985,19125140000
findling-cpu 1791114223,6831516353,7625897,5498274,19130150000
findling-cpu 1791114229,6836647903,7627895,5499656,19135160000
findling-cpu 1791114234,6842439503,7629892,5500992,19140180000
findling-cpu 1791114239,6847543976,7631892,5502450,19145190000
findling-cpu 1791114244,6852657926,7633890,5503897,19150210000
findling-cpu 1791114249,6857775084,7635890,5505316,19155220000
findling-cpu 1791114254,6862889948,7637887,5506742,19160230000
findling-cpu 1791114259,6867878280,7639888,5508195,19165250000
findling-cpu 1791114264,6873591247,7641886,5509547,19170260000
findling-cpu 1791114269,6878587966,7643885,5510975,19175270000
findling-cpu 1791114274,6883438228,7645883,5512418,19180290000
findling-cpu 1791114279,6890167927,7647881,5513678,19185300000
findling-cpu 1791114284,6895015596,7649876,5515100,19190310000
findling-cpu 1791114289,6899871379,7651874,5516543,19195330000
findling-cpu 1791114294,6905814035,7653869,5517831,19200340000
findling-cpu 1791114299,6910865818,7655869,5519291,19205360000
findling-cpu 1791114304,6915760880,7657868,5520722,19210370000
findling-cpu 1791114309,6921260473,7659866,5522122,19215390000
findling-cpu 1791114314,6927123793,7661863,5523469,19220400000
findling-cpu 1791114319,6932218514,7663864,5524928,19225420000
findling-cpu 1791114324,6937332606,7665863,5526377,19230430000
findling-cpu 1791114329,6942448568,7667864,5527826,19235440000
findling-cpu 1791114334,6947563942,7669864,5529275,19240460000
findling-cpu 1791114339,6952659840,7671864,5530738,19245470000
findling-cpu 1791114344,6957774818,7673860,5532162,19250480000
findling-cpu 1791114349,6962904170,7675857,5533418,19255500000
findling-cpu 1791114354,6968019109,7677857,5534865,19260510000
findling-cpu 1791114359,6973124689,7679856,5536295,19265520000
findling-cpu 1791114364,6978238594,7681855,5537744,19270540000
findling-cpu 1791114369,6983319252,7683855,5539195,19275550000
findling-cpu 1791114374,6988315607,7685849,5540592,19280560000
findling-cpu 1791114379,6993194906,7687850,5542046,19285580000
findling-cpu 1791114384,6998051489,7689848,5543487,19290590000
findling-cpu 1791114389,7004878910,7691848,5544726,19295610000
findling-cpu 1791114394,7009952990,7693844,5546174,19300620000
findling-cpu 1791114399,7014787455,7695845,5547632,19305630000
findling-cpu 1791114404,7021103656,7697842,5548891,19310650000
findling-cpu 1791114409,7025957166,7699843,5550334,19315660000
findling-cpu 1791114414,7030991156,7701841,5551749,19320670000
findling-cpu 1791114419,7036847084,7703837,5553025,19325690000
findling-cpu 1791114424,7041692825,7705837,5554466,19330700000
findling-cpu 1791114429,7046675006,7707837,5555887,19335720000
findling-cpu 1791114434,7053171537,7709834,5557143,19340730000
findling-cpu 1791114439,7058003505,7711832,5558594,19345740000
findling-cpu 1791114444,7062857915,7713829,5560037,19350760000
findling-cpu 1791114449,7069643581,7715828,5561286,19355770000
findling-cpu 1791114454,7074639554,7717825,5562708,19360780000
findling-cpu 1791114459,7079471031,7719822,5564164,19365800000
findling-cpu 1791114464,7084677494,7721820,5565545,19370810000
findling-cpu 1791114469,7090891505,7723819,5566682,19375830000
findling-cpu 1791114474,7095745268,7725819,5568122,19380850000
findling-cpu 1791114479,7100618368,7727816,5569547,19385860000
findling-cpu 1791114484,7107060421,7729815,5570849,19390870000
findling-cpu 1791114489,7112173162,7731813,5572305,19395890000
findling-cpu 1791114494,7117287770,7733811,5573732,19400900000
findling-cpu 1791114499,7122385720,7735811,5575185,19405920000
findling-cpu 1791114504,7127498626,7737809,5576634,19410930000
findling-cpu 1791114509,7132613739,7739807,5578088,19415940000
findling-cpu 1791114514,7137462119,7741805,5579526,19420960000
findling-cpu 1791114519,7142519520,7743805,5580986,19425970000
findling-cpu 1791114524,7147364062,7745803,5582408,19430980000
findling-cpu 1791114529,7154158352,7747801,5583638,19436000000
findling-cpu 1791114534,7159052689,7749799,5585083,19441010000
findling-cpu 1791114539,7163892673,7751797,5586504,19446030000
findling-cpu 1791114544,7169711291,7753792,5587837,19451040000
findling-cpu 1791114549,7174573750,7755791,5589240,19456050000
findling-cpu 1791114554,7179649433,7757787,5590665,19461070000
findling-cpu 1791114559,7186095340,7759784,5591940,19466080000
findling-cpu 1791114564,7190947456,7761781,5593381,19471090000
findling-cpu 1791114569,7195944575,7763780,5594812,19476110000
findling-cpu 1791114574,7202502393,7765776,5596078,19481120000
findling-cpu 1791114579,7207550082,7767777,5597533,19486130000
findling-cpu 1791114584,7212664470,7769775,5598961,19491150000
findling-cpu 1791114589,7217775530,7771773,5600242,19496160000
findling-cpu 1791114595,7222908807,7773772,5601662,19501180000
findling-cpu 1791114600,7228004153,7775774,5603093,19506190000
findling-cpu 1791114605,7233128168,7777775,5604538,19511210000
findling-cpu 1791114610,7238014557,7779775,5605989,19516220000
findling-cpu 1791114615,7242868523,7781774,5607412,19521230000
findling-cpu 1791114620,7248392616,7783772,5608804,19526250000
findling-cpu 1791114625,7254787341,7785771,5610077,19531270000
findling-cpu 1791114630,7259903918,7787773,5611532,19536280000
findling-cpu 1791114635,7265016297,7789773,5612981,19541290000
findling-cpu 1791114640,7270134592,7791772,5614434,19546310000
findling-cpu 1791114645,7275241739,7793771,5615866,19551320000
findling-cpu 1791114650,7280357442,7795770,5617316,19556330000
findling-cpu 1791114655,7285472103,7797769,5618757,19561350000
findling-cpu 1791114660,7290303671,7799769,5620178,19566360000
findling-cpu 1791114665,7295129162,7801768,5621624,19571380000
findling-cpu 1791114670,7301634705,7803768,5622879,19576390000
findling-cpu 1791114675,7306440083,7805764,5624305,19581400000
findling-cpu 1791114680,7311278661,7807763,5625753,19586420000
findling-cpu 1791114685,7318092107,7809762,5627012,19591430000
findling-cpu 1791114690,7322968632,7811760,5628461,19596450000
findling-cpu 1791114695,7327825656,7813761,5629904,19601460000
findling-cpu 1791114700,7334184881,7815758,5631194,19606470000
findling-cpu 1791114705,7339083443,7817760,5632619,19611500000
findling-cpu 1791114710,7344198322,7819759,5634058,19616510000
findling-cpu 1791114715,7350016529,7821755,5635242,19621520000
findling-cpu 1791114720,7354982349,7823751,5636597,19626540000
findling-cpu 1791114725,7359962508,7825751,5638045,19631550000
findling-cpu 1791114730,7365999588,7827752,5639373,19636570000
findling-cpu 1791114735,7370854189,7829750,5640795,19641580000
findling-cpu 1791114740,7375691349,7831745,5642242,19646590000
findling-cpu 1791114745,7381455396,7833746,5643596,19651610000
findling-cpu 1791114750,7387316126,7835750,5644941,19656630000
findling-cpu 1791114755,7392172413,7837749,5646383,19661650000
findling-cpu 1791114760,7397146222,7839748,5647810,19666660000
findling-cpu 1791114765,7403880749,7841747,5649061,19671680000
findling-cpu 1791114770,7408994680,7843745,5650511,19676690000
findling-cpu 1791114775,7413885752,7845743,5651952,19681700000
findling-cpu 1791114780,7419571817,7847742,5653309,19686720000
findling-cpu 1791114785,7424665126,7849742,5654764,19691730000
findling-cpu 1791114790,7429736170,7851738,5656182,19696740000
findling-cpu 1791114795,7434861573,7853734,5657604,19701760000
findling-cpu 1791114800,7439975060,7855734,5659056,19706770000
findling-cpu 1791114805,7445070245,7857733,5660511,19711780000
findling-cpu 1791114810,7450188844,7859731,5661962,19716800000
findling-cpu 1791114815,7455061867,7861732,5663408,19721810000
findling-cpu 1791114820,7459918340,7863730,5664858,19726830000
findling-cpu 1791114825,7466048781,7865726,5666143,19731840000
findling-cpu 1791114830,7470902965,7867725,5667586,19736850000
findling-cpu 1791114835,7475988119,7869719,5668841,19741870000
findling-cpu 1791114840,7482467930,7871719,5670092,19746880000
findling-cpu 1791114845,7487451361,7873718,5671506,19751900000
findling-cpu 1791114850,7492341278,7875716,5672925,19756910000
findling-cpu 1791114855,7499294543,7877714,5674113,19761930000
findling-cpu 1791114860,7504139688,7879708,5675557,19766940000
findling-cpu 1791114865,7509210266,7881708,5677008,19771950000
findling-cpu 1791114870,7514722529,7883709,5678385,19776970000
findling-cpu 1791114875,7520127194,7885706,5679767,19781990000
findling-cpu 1791114880,7524975608,7887708,5681219,19787000000
findling-cpu 1791114885,7529981299,7889707,5682632,19792010000
findling-cpu 1791114890,7536530148,7891701,5683892,19797030000
findling-cpu 1791114895,7541384934,7893700,5685335,19802040000
findling-cpu 1791114900,7546455403,7895702,5686783,19807050000
findling-cpu 1791114905,7552528130,7897699,5688097,19812070000
findling-cpu 1791114910,7557650893,7899700,5689541,19817080000
findling-cpu 1791114915,7562766077,7901696,5690966,19822100000
findling-cpu 1791114920,7567887478,7903697,5692414,19827110000
findling-cpu 1791114925,7572982913,7905696,5693869,19832120000
findling-cpu 1791114930,7578098272,7907697,5695325,19837140000
findling-cpu 1791114935,7583663742,7909693,5696684,19842150000
findling-cpu 1791114941,7588520461,7911692,5698135,19847160000
findling-cpu 1791114946,7593337004,7913689,5699561,19852180000
findling-cpu 1791114951,7600091908,7915687,5700801,19857190000
findling-cpu 1791114956,7605182800,7917683,5702050,19862200000
findling-cpu 1791114961,7610297704,7919682,5703506,19867220000
findling-cpu 1791114966,7616028648,7921680,5704816,19872230000
findling-cpu 1791114971,7620916518,7923679,5706269,19877240000
findling-cpu 1791114976,7625769079,7925673,5707684,19882260000
findling-cpu 1791114981,7632097816,7927672,5708958,19887270000
findling-cpu 1791114986,7636930709,7929670,5710405,19892280000
findling-cpu 1791114991,7642008656,7931669,5711859,19897300000
findling-cpu 1791114996,7647377080,7933668,5713244,19902310000
findling-cpu 1791115001,7652826264,7935669,5714636,19907330000
findling-cpu 1791115006,7657866929,7937665,5716044,19912340000
findling-cpu 1791115011,7662868881,7939663,5717491,19917360000
findling-cpu 1791115016,7669536253,7941660,5718727,19922370000
findling-cpu 1791115021,7674394660,7943659,5720138,19927380000
findling-cpu 1791115026,7679272141,7945657,5721561,19932400000
findling-cpu 1791115031,7685258279,7947656,5722872,19937410000
findling-cpu 1791115036,7690116766,7949651,5724288,19942420000
findling-cpu 1791115041,7694964221,7951650,5725739,19947440000
findling-cpu 1791115046,7701816560,7953649,5726999,19952450000
findling-cpu 1791115051,7706817621,7955648,5728429,19957470000
findling-cpu 1791115056,7711666802,7957647,5729870,19962480000
findling-cpu 1791115061,7718498534,7959648,5731116,19967490000
findling-cpu 1791115066,7723331674,7961643,5732538,19972510000
findling-cpu 1791115071,7728086871,7963643,5733996,19977520000
findling-cpu 1791115076,7734373614,7965642,5735235,19982540000
findling-cpu 1791115081,7739562935,7967646,5736523,19987560000
findling-cpu 1791115086,7744396271,7969643,5737943,19992580000
findling-cpu 1791115091,7749381227,7971642,5739368,19997590000
findling-cpu 1791115096,7755798526,7973638,5740649,20002600000
findling-cpu 1791115101,7760912999,7975636,5742105,20007620000
findling-cpu 1791115106,7765746116,7977635,5743553,20012630000
findling-cpu 1791115111,7772023069,7979633,5744838,20017640000
findling-cpu 1791115116,7776917410,7981630,5746282,20022660000
findling-cpu 1791115121,7781774559,7983629,5747731,20027670000
findling-cpu 1791115126,7787636774,7985624,5749038,20032680000
findling-cpu 1791115131,7792490666,7987622,5750485,20037700000
findling-cpu 1791115136,7797557767,7989622,5751932,20042710000
findling-cpu 1791115141,7804117450,7991622,5753190,20047720000
findling-cpu 1791115146,7808957718,7993619,5754609,20052740000
findling-cpu 1791115151,7813815299,7995618,5756025,20057750000
findling-cpu 1791115156,7820522158,7997616,5757213,20062770000
findling-cpu 1791115161,7825373268,7999612,5758658,20067780000
findling-cpu 1791115166,7830208254,8001611,5760107,20072800000
findling-cpu 1791115171,7836293362,8003611,5761445,20077810000
findling-cpu 1791115176,7841140785,8005608,5762887,20082820000
findling-cpu 1791115181,7846134140,8007606,5764317,20087840000
findling-cpu 1791115186,7851401303,8009604,5765691,20092860000
findling-cpu 1791115191,7857365512,8011605,5767031,20097880000
findling-cpu 1791115196,7862203883,8013600,5768473,20102890000
findling-cpu 1791115201,7867064338,8015597,5769726,20107900000
findling-cpu 1791115206,7874012363,8017594,5770946,20112920000
findling-cpu 1791115211,7878852022,8019594,5772393,20117930000
findling-cpu 1791115216,7883967057,8021590,5773815,20122940000
findling-cpu 1791115221,7889349076,8023591,5775209,20127960000
findling-cpu 1791115226,7894342124,8025587,5776631,20132970000
findling-cpu 1791115231,7899427675,8027588,5778083,20137980000
findling-cpu 1791115236,7906268555,8029583,5779310,20143000000
findling-cpu 1791115241,7911146460,8031584,5780769,20148010000
findling-cpu 1791115246,7916260263,8033584,5782190,20153030000
findling-cpu 1791115251,7921931342,8035582,5783561,20158040000
findling-cpu 1791115256,7926885395,8037582,5785001,20163050000
findling-cpu 1791115261,7931719133,8039583,5786456,20168070000
findling-cpu 1791115266,7938312014,8041579,5787680,20173080000
findling-cpu 1791115271,7943216130,8043579,5789120,20178100000
findling-cpu 1791115276,7948210458,8045575,5790514,20183110000
findling-cpu 1791115281,7954160134,8047577,5791853,20188140000
findling-cpu 1791115287,7959983675,8049592,5793233,20193180000
findling-cpu 1791115292,7964830875,8051588,5794682,20198190000
findling-cpu 1791115297,7969685915,8053586,5796123,20203210000
findling-cpu 1791115302,7975706232,8055588,5797445,20208220000
findling-cpu 1791115307,7980601742,8057584,5798867,20213240000
findling-cpu 1791115312,7985449148,8059582,5800315,20218250000
findling-cpu 1791115317,7992130997,8061579,5801523,20223260000
findling-cpu 1791115322,7997177884,8063578,5802792,20228280000
findling-cpu 1791115327,8002049692,8065579,5804208,20233290000
findling-cpu 1791115332,8008845077,8067576,5805448,20238310000
findling-cpu 1791115337,8013689456,8069574,5806864,20243320000
findling-cpu 1791115342,8018562747,8071573,5808321,20248330000
findling-cpu 1791115347,8025041474,8073571,5809579,20253350000
findling-cpu 1791115352,8029895210,8075569,5811029,20258360000
findling-cpu 1791115357,8034907078,8077566,5812453,20263380000
findling-cpu 1791115362,8041132123,8079566,5813779,20268390000
findling-cpu 1791115367,8045985809,8081562,5815196,20273410000
findling-cpu 1791115372,8050838518,8083562,5816644,20278420000
findling-cpu 1791115377,8056314389,8085560,5818025,20283440000
findling-cpu 1791115382,8062215680,8087564,5819369,20288450000
findling-cpu 1791115387,8067069309,8089562,5820808,20293470000
findling-cpu 1791115392,8072196624,8091563,5822222,20298480000
findling-cpu 1791115397,8078203791,8093559,5823544,20303500000
findling-cpu 1791115402,8083298486,8095557,5825004,20308510000
findling-cpu 1791115407,8088149312,8097556,5826449,20313530000
findling-cpu 1791115412,8093800399,8099556,5827799,20318540000
findling-cpu 1791115417,8098661649,8101554,5829243,20323560000
findling-cpu 1791115422,8103710238,8103554,5830698,20328570000
findling-cpu 1791115427,8110483496,8105553,5831910,20333580000
findling-cpu 1791115432,8115334870,8107551,5833360,20338600000
findling-cpu 1791115437,8120228827,8109550,5834805,20343610000
findling-cpu 1791115442,8126813924,8111547,5835975,20348630000
findling-cpu 1791115447,8131687240,8113546,5837306,20353640000
findling-cpu 1791115452,8136675426,8115543,5838708,20358650000
findling-cpu 1791115457,8142938418,8117541,5839961,20363670000
findling-cpu 1791115462,8147777406,8119538,5841415,20368680000
findling-cpu 1791115467,8152630301,8121539,5842858,20373690000
findling-cpu 1791115472,8158874555,8123537,5844167,20378710000
findling-cpu 1791115477,8164013283,8125536,5845578,20383730000
findling-cpu 1791115482,8168847964,8127533,5847035,20388740000
findling-cpu 1791115487,8173698213,8129531,5848449,20393750000
findling-cpu 1791115492,8180382728,8131529,5849727,20398770000
findling-cpu 1791115497,8185383988,8133527,5851150,20403780000
findling-cpu 1791115502,8190219397,8135525,5852607,20408790000
findling-cpu 1791115507,8196314586,8137523,5853911,20413810000
findling-cpu 1791115512,8201220138,8139521,5855296,20418820000
findling-cpu 1791115517,8206070031,8141517,5856710,20423830000
findling-cpu 1791115522,8212924296,8143518,5857983,20428850000
findling-cpu 1791115527,8218039455,8145513,5859433,20433860000
findling-cpu 1791115532,8223154122,8147515,5860891,20438880000
findling-cpu 1791115537,8228008439,8149514,5862331,20443890000
findling-cpu 1791115542,8232845466,8151515,5863787,20448910000
findling-cpu 1791115547,8237916853,8153511,5865205,20453920000
findling-cpu 1791115552,8244789676,8155508,5866430,20458930000
findling-cpu 1791115557,8249643835,8157507,5867872,20463950000
findling-cpu 1791115562,8254473220,8159505,5869330,20468960000
findling-cpu 1791115567,8261197917,8161502,5870389,20473970000
findling-cpu 1791115572,8266275150,8163500,5871811,20478990000
findling-cpu 1791115577,8271390407,8165497,5873238,20484000000
findling-cpu 1791115582,8276744550,8167497,5874638,20489020000
findling-cpu 1791115587,8282103053,8169499,5876061,20494040000
findling-cpu 1791115592,8287178842,8171501,5877508,20499050000
findling-cpu 1791115597,8292027819,8173499,5878958,20504070000
findling-cpu 1791115602,8297458155,8175498,5880337,20509080000
findling-cpu 1791115607,8302506698,8177495,5881739,20514090000
findling-cpu 1791115612,8307357453,8179493,5883181,20519110000
findling-cpu 1791115617,8313679131,8181490,5884434,20524120000
findling-cpu 1791115622,8318506096,8183488,5885883,20529140000
findling-cpu 1791115627,8323579747,8185489,5887337,20534150000
findling-cpu 1791115633,8330023984,8187485,5888564,20539160000
findling-cpu 1791115638,8334874860,8189486,5889988,20544180000
findling-cpu 1791115643,8339705574,8191485,5891436,20549190000
findling-cpu 1791115648,8346524002,8193484,5892668,20554200000
findling-cpu 1791115653,8351376185,8195481,5894110,20559220000
findling-cpu 1791115658,8356226549,8197481,5895561,20564230000
findling-cpu 1791115663,8362158524,8199478,5896902,20569240000
findling-cpu 1791115668,8367115528,8201476,5898326,20574260000
findling-cpu 1791115673,8371969132,8203475,5899768,20579270000
findling-cpu 1791115678,8378408626,8205472,5901051,20584290000
findling-cpu 1791115683,8383505599,8207472,5902503,20589300000
findling-cpu 1791115688,8388643189,8209471,5903767,20594320000
findling-cpu 1791115693,8393721241,8211468,5905179,20599330000
findling-cpu 1791115698,8398573469,8213465,5906603,20604340000
findling-cpu 1791115703,8403559370,8215461,5908027,20609360000
findling-cpu 1791115708,8408982913,8217464,5909426,20614380000
findling-cpu 1791115713,8415596586,8219465,5910710,20619390000
findling-cpu 1791115718,8420710733,8221465,5912165,20624410000
findling-cpu 1791115723,8425823183,8223465,5913613,20629420000
findling-cpu 1791115728,8430644167,8225464,5915038,20634440000
findling-cpu 1791115733,8435542624,8227459,5916481,20639450000
findling-cpu 1791115738,8440394903,8229459,5917932,20644470000
findling-cpu 1791115743,8447096322,8231458,5919173,20649480000
findling-cpu 1791115748,8452152778,8233459,5920633,20654500000
findling-cpu 1791115753,8457012285,8235457,5922024,20659510000
findling-cpu 1791115758,8463904508,8237455,5923193,20664520000
findling-cpu 1791115763,8468793814,8239453,5924637,20669540000
findling-cpu 1791115768,8473638720,8241451,5926091,20674550000
findling-cpu 1791115773,8479476764,8243449,5927422,20679570000
findling-cpu 1791115778,8484326941,8245447,5928873,20684580000
findling-cpu 1791115783,8489400415,8247447,5930318,20689600000
findling-cpu 1791115788,8495795766,8249443,5931579,20694610000
findling-cpu 1791115793,8500688979,8251441,5933022,20699620000
findling-cpu 1791115798,8505763752,8253442,5934476,20704640000
findling-cpu 1791115803,8512052883,8255443,5935765,20709650000
findling-cpu 1791115808,8516909660,8257442,5937098,20714670000
findling-cpu 1791115813,8522044479,8259438,5938437,20719690000
findling-cpu 1791115818,8527161511,8261436,5939868,20724700000
findling-cpu 1791115823,8532788499,8263436,5941255,20729720000
findling-cpu 1791115828,8537681328,8265436,5942706,20734730000
findling-cpu 1791115833,8542532610,8267436,5944149,20739750000
findling-cpu 1791115838,8548643443,8269434,5945459,20744760000
findling-cpu 1791115843,8553473048,8271435,5946903,20749770000
findling-cpu 1791115848,8558550924,8273433,5948335,20754790000
findling-cpu 1791115853,8565244943,8275430,5949579,20759800000
findling-cpu 1791115858,8570257433,8277428,5951008,20764820000
findling-cpu 1791115863,8575097064,8279425,5952454,20769830000
findling-cpu 1791115868,8581843529,8281425,5953700,20774850000
findling-cpu 1791115873,8586707116,8283422,5955085,20779860000
findling-cpu 1791115878,8591562177,8285419,5956506,20784870000
findling-cpu 1791115883,8597923113,8287418,5957809,20789890000
findling-cpu 1791115888,8602809425,8289418,5959261,20794900000
findling-cpu 1791115893,8607662380,8291416,5960704,20799920000
findling-cpu 1791115898,8614359322,8293415,5961952,20804930000
findling-cpu 1791115903,8619244315,8295414,5963395,20809940000
findling-cpu 1791115908,8624094902,8297412,5964826,20814960000
findling-cpu 1791115913,8629258479,8299411,5966231,20819980000
findling-cpu 1791115918,8635694329,8301415,5967511,20825000000
findling-cpu 1791115923,8640568548,8303411,5968954,20830020000
findling-cpu 1791115928,8645406772,8305412,5970410,20835030000
findling-cpu 1791115933,8651384420,8307409,5971523,20840050000
findling-cpu 1791115938,8656426670,8309407,5972901,20845060000
findling-cpu 1791115943,8661263497,8311405,5974350,20850070000
findling-cpu 1791115948,8668042665,8313404,5975615,20855090000
findling-cpu 1791115953,8673154423,8315404,5977063,20860100000
findling-cpu 1791115958,8678269946,8317405,5978519,20865120000
findling-cpu 1791115963,8683368456,8319406,5979968,20870130000
findling-cpu 1791115968,8688478708,8321406,5981401,20875140000
findling-cpu 1791115973,8693593300,8323405,5982848,20880160000
findling-cpu 1791115979,8698710913,8325405,5984298,20885170000
findling-cpu 1791115984,8703582983,8327403,5985749,20890180000
findling-cpu 1791115989,8708660620,8329403,5987203,20895200000
findling-cpu 1791115994,8714709964,8331398,5988493,20900210000
findling-cpu 1791115999,8719565155,8333397,5989892,20905230000
findling-cpu 1791116004,8724400830,8335393,5991340,20910240000
findling-cpu 1791116009,8730960866,8337393,5992613,20915250000
findling-cpu 1791116014,8736034668,8339391,5994057,20920270000
findling-cpu 1791116019,8741148999,8341393,5995514,20925280000
findling-cpu 1791116024,8746950468,8343392,5996842,20930290000
findling-cpu 1791116029,8751837285,8345387,5998273,20935310000
findling-cpu 1791116034,8756687263,8347384,5999715,20940320000
findling-cpu 1791116039,8762422459,8349380,6001066,20945340000
findling-cpu 1791116044,8768242795,8351383,6002416,20950350000
findling-cpu 1791116049,8773255620,8353381,6003867,20955360000
findling-cpu 1791116054,8778134295,8355376,6005110,20960380000
findling-cpu 1791116059,8784125895,8357372,6006382,20965390000
findling-cpu 1791116064,8789153366,8359369,6007777,20970400000
findling-cpu 1791116069,8794004485,8361369,6009227,20975420000
findling-cpu 1791116074,8800426045,8363367,6010499,20980430000
findling-cpu 1791116079,8805272263,8365364,6011950,20985450000
findling-cpu 1791116084,8810329667,8367363,6013394,20990460000
findling-cpu 1791116089,8816806556,8369359,6014650,20995470000
findling-cpu 1791116094,8821656585,8371358,6016091,21000490000
findling-cpu 1791116099,8826550600,8373357,6017544,21005500000
findling-cpu 1791116104,8833513321,8375354,6018749,21010510000
findling-cpu 1791116109,8838367403,8377354,6020198,21015530000
findling-cpu 1791116114,8843229837,8379351,6021620,21020540000
findling-cpu 1791116119,8849377774,8381348,6022905,21025550000
findling-cpu 1791116124,8854214405,8383347,6024353,21030570000
findling-cpu 1791116129,8859061986,8385347,6025801,21035580000
findling-cpu 1791116134,8864442240,8387344,6027191,21040600000
findling-cpu 1791116139,8870844165,8389346,6028502,21045610000
findling-cpu 1791116144,8875943362,8391344,6029948,21050630000
findling-cpu 1791116149,8880837584,8393344,6031379,21055640000
findling-cpu 1791116154,8886459471,8395341,6032724,21060650000
findling-cpu 1791116159,8891539368,8397338,6034176,21065670000
findling-cpu 1791116164,8896362921,8399336,6035625,21070680000
findling-cpu 1791116169,8902833734,8401334,6036897,21075700000
findling-cpu 1791116174,8907718216,8403332,6038185,21080710000
findling-cpu 1791116179,8912851833,8405330,6039544,21085720000
findling-cpu 1791116184,8918233110,8407327,6040923,21090740000
findling-cpu 1791116189,8923076283,8409327,6042366,21095750000
findling-cpu 1791116194,8928189061,8411325,6043816,21100760000
findling-cpu 1791116199,8934438507,8413323,6045145,21105780000
findling-cpu 1791116204,8939536089,8415322,6046592,21110790000
findling-cpu 1791116209,8944649659,8417323,6048028,21115810000
findling-cpu 1791116214,8949767635,8419321,6049471,21120820000
findling-cpu 1791116219,8954616773,8421319,6050883,21125830000
findling-cpu 1791116224,8959674499,8423319,6052335,21130850000
findling-cpu 1791116229,8966062246,8425317,6053613,21135860000
findling-cpu 1791116234,8971183881,8427317,6055023,21140870000
findling-cpu 1791116239,8976298042,8429315,6056431,21145890000
findling-cpu 1791116244,8981398513,8431317,6057881,21150900000
findling-cpu 1791116249,8986514199,8433316,6059337,21155910000
findling-cpu 1791116254,8991589078,8435315,6060783,21160930000
findling-cpu 1791116259,8997065055,8437314,6062157,21165940000
findling-cpu 1791116264,9001900766,8439314,6063597,21170960000
findling-cpu 1791116269,9006790150,8441311,6065030,21175970000
findling-cpu 1791116274,9013232517,8443307,6066298,21180980000
findling-cpu 1791116279,9018477082,8445308,6067736,21186000000
findling-cpu 1791116284,9023574262,8447309,6069191,21191010000
findling-cpu 1791116289,9028686334,8449309,6070648,21196020000
findling-cpu 1791116294,9033804305,8451307,6072083,21201040000
findling-cpu 1791116299,9038927623,8453303,6073297,21206050000
findling-cpu 1791116304,9044023486,8455302,6074752,21211070000
findling-cpu 1791116309,9049147432,8457302,6076202,21216080000
findling-cpu 1791116314,9054222717,8459299,6077648,21221090000
findling-cpu 1791116319,9059113349,8461298,6079100,21226110000
findling-cpu 1791116324,9064672212,8463299,6080451,21231120000
findling-cpu 1791116329,9069674174,8465294,6081865,21236130000
findling-cpu 1791116334,9074598786,8467293,6083309,21241150000
findling-cpu 1791116339,9081313747,8469292,6084551,21246160000
findling-cpu 1791116345,9086211673,8471286,6085949,21251170000
findling-cpu 1791116350,9091116981,8473288,6087360,21256190000
findling-cpu 1791116355,9097291468,8475283,6088596,21261200000
findling-cpu 1791116360,9102191071,8477277,6089964,21266210000
findling-cpu 1791116365,9107088952,8479272,6091330,21271230000
findling-cpu 1791116370,9113860430,8481269,6092531,21276240000
findling-cpu 1791116375,9119002840,8483266,6093930,21281260000
findling-cpu 1791116380,9123910331,8485264,6095328,21286270000
findling-cpu 1791116385,9130172726,8487262,6096608,21291280000
findling-cpu 1791116390,9135344866,8489261,6098001,21296300000
findling-cpu 1791116395,9140502517,8491258,6099410,21301310000
findling-cpu 1791116400,9145684416,8493257,6100814,21306320000
findling-cpu 1791116405,9150834391,8495256,6102219,21311340000
findling-cpu 1791116410,9155998203,8497258,6103637,21316350000
findling-cpu 1791116415,9161513841,8499253,6104942,21321360000
findling-cpu 1791116420,9166408612,8501249,6106141,21326380000
findling-cpu 1791116425,9171266447,8503248,6107563,21331390000
findling-cpu 1791116430,9177655282,8505245,6108845,21336410000
findling-cpu 1791116435,9182504536,8507242,6110284,21341420000
findling-cpu 1791116440,9187578510,8509242,6111739,21346430000
findling-cpu 1791116445,9192599002,8511240,6113146,21351450000
findling-cpu 1791116450,9198679533,8513237,6114450,21356460000
findling-cpu 1791116455,9203534672,8515233,6115890,21361480000
findling-cpu 1791116460,9208426558,8517231,6117343,21366490000
findling-cpu 1791116465,9215145358,8519230,6118589,21371500000
findling-cpu 1791116470,9219994647,8521230,6120040,21376520000
findling-cpu 1791116475,9225074118,8523224,6121459,21381530000
findling-cpu 1791116480,9231574361,8525221,6122717,21386540000
findling-cpu 1791116485,9236563336,8527219,6124115,21391560000
findling-cpu 1791116490,9241417942,8529218,6125564,21396570000
findling-cpu 1791116495,9247919111,8531219,6126832,21401580000
findling-cpu 1791116500,9252768734,8533216,6128270,21406600000
findling-cpu 1791116505,9257866801,8535213,6129712,21411610000
findling-cpu 1791116510,9263594418,8537211,6131079,21416630000
findling-cpu 1791116515,9268707691,8539208,6132526,21421640000
findling-cpu 1791116520,9273823313,8541207,6133952,21426650000
findling-cpu 1791116525,9278923716,8543208,6135392,21431670000
findling-cpu 1791116530,9284037743,8545206,6136848,21436680000
findling-cpu 1791116535,9289151433,8547204,6138284,21441690000
findling-cpu 1791116540,9294264623,8549201,6139555,21446710000
findling-cpu 1791116545,9299379219,8551197,6140952,21451720000
findling-cpu 1791116550,9304494641,8553197,6142408,21456740000
findling-cpu 1791116555,9309617295,8555196,6143850,21461750000
findling-cpu 1791116560,9314732996,8557196,6145307,21466760000
findling-cpu 1791116565,9319565390,8559192,6146742,21471780000
findling-cpu 1791116570,9325158283,8561191,6148100,21476790000
findling-cpu 1791116575,9330168114,8563188,6149542,21481800000
findling-cpu 1791116580,9335022111,8565190,6150993,21486820000
findling-cpu 1791116585,9341358744,8567187,6152275,21491830000
findling-cpu 1791116590,9346295899,8569185,6153716,21496850000
findling-cpu 1791116595,9351158503,8571182,6155115,21501860000
findling-cpu 1791116600,9356013250,8573180,6156551,21506870000
findling-cpu 1791116605,9363012868,8575178,6157768,21511890000
findling-cpu 1791116610,9368126636,8577179,6159226,21516900000
findling-cpu 1791116615,9372981701,8579177,6160661,21521920000
findling-cpu 1791116620,9378817928,8581176,6162032,21526930000
findling-cpu 1791116625,9383915835,8583174,6163473,21531940000
findling-cpu 1791116630,9389030322,8585173,6164915,21536960000
findling-cpu 1791116635,9394146397,8587172,6166359,21541970000
findling-cpu 1791116640,9399261021,8589172,6167815,21546980000
findling-cpu 1791116645,9404306266,8591173,6169268,21552000000
findling-cpu 1791116650,9409884055,8593171,6170635,21557010000
findling-cpu 1791116655,9414745258,8595168,6172063,21562030000
findling-cpu 1791116660,9419796138,8597164,6173473,21567040000
findling-cpu 1791116665,9425748187,8599161,6174540,21572050000
findling-cpu 1791116670,9430623544,8601161,6175988,21577070000
findling-cpu 1791116675,9435495675,8603158,6177429,21582080000
findling-cpu 1791116680,9442238457,8605159,6178705,21587090000
findling-cpu 1791116685,9447101234,8607156,6180140,21592110000
findling-cpu 1791116690,9451982026,8609155,6181575,21597120000
findling-cpu 1791116695,9458619744,8611153,6182828,21602130000
findling-cpu 1791116700,9463698901,8613154,6184260,21607150000
findling-cpu 1791116705,9468574563,8615153,6185706,21612160000
findling-cpu 1791116711,9474394913,8617153,6187060,21617180000
findling-cpu 1791116716,9480348253,8619150,6188383,21622200000
findling-cpu 1791116721,9485310071,8621149,6189816,21627210000
findling-cpu 1791116726,9490189029,8623146,6191234,21632230000
findling-cpu 1791116731,9496283541,8625144,6192556,21637240000
findling-cpu 1791116736,9498345974,8627142,6194288,21642260000
findling-cpu 1791116741,9498443883,8629137,6196237,21647270000
findling-cpu 1791116746,9499820529,8631135,6198037,21652280000
findling-cpu 1791116751,9499925473,8633130,6199969,21657300000
findling-cpu 1791116756,9500023717,8635129,6201918,21662310000
findling-cpu 1791116761,9500127995,8637127,6203872,21667320000
findling-cpu 1791116766,9500207525,8639126,6205825,21672340000
findling-cpu 1791116771,9500305734,8641125,6207783,21677350000
findling-cpu 1791116776,9500408390,8643120,6209708,21682370000
findling-cpu 1791116781,9500517599,8645118,6211649,21687380000
findling-cpu 1791116786,9500629860,8647112,6213368,21692390000
findling-cpu 1791116791,9500713554,8649113,6215328,21697410000
findling-cpu 1791116796,9500811956,8651109,6217278,21702420000
findling-cpu 1791116801,9500910110,8653107,6219236,21707430000
findling-cpu 1791116806,9501017281,8655101,6221157,21712450000
findling-cpu 1791116811,9501097303,8657098,6223116,21717460000
findling-cpu 1791116816,9501196270,8659097,6225064,21722470000
findling-cpu 1791116821,9501298171,8661094,6226970,21727490000
findling-cpu 1791116826,9501396676,8663093,6228919,21732500000
findling-cpu 1791116831,9501475841,8665092,6230882,21737520000
findling-cpu 1791116836,9501583905,8667088,6232794,21742530000
findling-cpu 1791116841,9501737365,8669087,6234731,21747540000
findling-cpu 1791116846,9501835509,8671083,6236648,21752560000
findling-cpu 1791116851,9501919140,8673083,6238609,21757570000
findling-cpu 1791116856,9502017169,8675081,6240559,21762580000
findling-cpu 1791116861,9502114879,8677079,6242517,21767600000
findling-cpu 1791116866,9502221464,8679076,6244439,21772610000
findling-cpu 1791116871,9502301464,8681076,6246397,21777620000
findling-cpu 1791116876,9502398960,8683073,6248345,21782640000
findling-cpu 1791116881,9502500044,8685070,6250299,21787650000
findling-cpu 1791116886,9502598139,8687068,6252247,21792670000
findling-cpu 1791116891,9502694265,8689065,6254206,21797680000
findling-cpu 1791116896,9502779260,8691063,6256136,21802690000
findling-cpu 1791116901,9502877442,8693059,6258088,21807710000
findling-cpu 1791116906,9502990763,8695055,6259815,21812720000
findling-cpu 1791116911,9503091338,8697053,6261764,21817730000
findling-cpu 1791116916,9503171252,8699051,6263727,21822750000
findling-cpu 1791116921,9503268942,8701051,6265679,21827760000
findling-cpu 1791116926,9503374188,8703048,6267609,21832780000
findling-cpu 1791116931,9503471611,8705044,6269552,21837790000
findling-cpu 1791116936,9503551968,8707044,6271515,21842800000
findling-cpu 1791116941,9503653006,8709044,6273460,21847820000
findling-cpu 1791116946,9503750503,8711043,6275417,21852830000
findling-cpu 1791116951,9503848474,8713041,6277367,21857840000
findling-cpu 1791116956,9503937926,8715038,6279276,21862860000
findling-cpu 1791116961,9504047523,8717036,6281208,21867870000
findling-cpu 1791116966,9504146012,8719034,6283162,21872890000
findling-cpu 1791116971,9504246636,8721031,6285044,21877900000
findling-cpu 1791116976,9504326177,8723031,6287008,21882910000
findling-cpu 1791116981,9504424810,8725028,6288958,21887930000
findling-cpu 1791116986,9504533488,8727026,6290889,21892940000
findling-cpu 1791116991,9504631281,8729024,6292834,21897950000
findling-cpu 1791116996,9504712030,8731023,6294796,21902970000
findling-cpu 1791117001,9504813468,8733019,6296740,21907980000
findling-cpu 1791117006,9504911695,8735019,6298697,21913000000
findling-cpu 1791117011,9505009221,8737017,6300648,21918010000
findling-cpu 1791117016,9505091354,8739015,6302584,21923020000
findling-cpu 1791117021,9505197732,8741011,6304526,21928040000
findling-cpu 1791117026,9505297197,8743009,6306447,21933050000
findling-cpu summary samples=1814 mean_cores=1.045 max_cores=2.893 reason=signal
