findling-rss timestamp,anon,file,slab,current,peak
findling-rss 1791136372,131854336,57282560,6243256,197197824,658370560
findling-rss 1791136374,132128768,57872384,6282336,197623808,658370560
findling-rss 1791136376,132128768,57872384,6283288,198045696,658370560
findling-rss 1791136378,132128768,57872384,6283560,198782976,658370560
findling-rss 1791136380,132128768,57872384,6279784,198426624,658370560
findling-rss 1791136382,132128768,57872384,6279784,198115328,658370560
findling-rss 1791136384,132128768,57872384,6280464,198422528,658370560
findling-rss 1791136386,132128768,57872384,6280192,197992448,658370560
findling-rss 1791136388,132128768,57872384,6281552,198098944,658370560
findling-rss 1791136390,132128768,57872384,6280464,198246400,658370560
findling-rss 1791136392,133558272,57872384,6279936,198922240,658370560
findling-rss 1791136394,132128768,57872384,6274544,198578176,658370560
findling-rss 1791136396,132128768,57872384,6275904,198455296,658370560
findling-rss 1791136398,132128768,57872384,6276584,198189056,658370560
findling-rss 1791136400,132128768,57872384,6274816,198430720,658370560
findling-rss 1791136402,132128768,57872384,6274136,197869568,658370560
findling-rss 1791136404,132128768,57872384,6272776,198660096,658370560
findling-rss 1791136406,132128768,57872384,6272776,198135808,658370560
findling-rss 1791136408,132128768,57872384,6274376,198422528,658370560
findling-rss 1791136410,132128768,57872384,6274816,198615040,658370560
findling-rss 1791136412,132128768,57872384,6277880,198594560,658370560
findling-rss 1791136414,132128768,57872384,6276856,198545408,658370560
findling-rss 1791136416,132128768,57872384,6278216,198332416,658370560
findling-rss 1791136418,132128768,57872384,6278080,198545408,658370560
findling-rss 1791136420,132128768,57872384,6278080,198119424,658370560
findling-rss 1791136422,132128768,57872384,6278896,198197248,658370560
findling-rss 1791136424,132128768,57872384,6274136,198225920,658370560
findling-rss 1791136426,132128768,57872384,6274680,198377472,658370560
findling-rss 1791136428,132128768,57872384,6276040,197775360,658370560
findling-rss 1791136430,132128768,57872384,6275768,198103040,658370560
findling-rss 1791136432,136151040,57872384,6275328,201584640,658370560
findling-rss 1791136434,136151040,57872384,6275192,202473472,658370560
findling-rss 1791136436,136151040,57872384,6276552,202457088,658370560
findling-rss 1791136438,136151040,57872384,6275600,201891840,658370560
findling-rss 1791136440,136151040,57872384,6276144,202432512,658370560
findling-rss 1791136442,136151040,57872384,6277304,202797056,658370560
findling-rss 1791136444,136151040,57872384,6277712,202231808,658370560
findling-rss 1791136446,136151040,57872384,6276928,202289152,658370560
findling-rss 1791136448,136151040,57872384,6276688,202485760,658370560
findling-rss 1791136450,136151040,57872384,6280104,201875456,658370560
findling-rss 1791136452,136151040,57872384,6278184,201977856,658370560
findling-rss 1791136454,137531392,57872384,6280272,203538432,658370560
findling-rss 1791136456,136151040,57872384,6280224,202194944,658370560
findling-rss 1791136458,136151040,57872384,6280632,202051584,658370560
findling-rss 1791136460,136151040,57872384,6281856,202207232,658370560
findling-rss 1791136462,136151040,57872384,6276824,202289152,658370560
findling-rss 1791136464,136151040,57872384,6278184,202231808,658370560
findling-rss 1791136466,136151040,57872384,6278456,202448896,658370560
findling-rss 1791136468,136151040,57872384,6279816,202469376,658370560
findling-rss 1791136470,136151040,57872384,6281896,202387456,658370560
findling-rss 1791136472,136151040,57872384,6281856,202203136,658370560
findling-rss 1791136474,136151040,57872384,6295304,202600448,658370560
findling-rss 1791136476,136151040,57872384,6275224,201863168,658370560
findling-rss 1791136478,136151040,57872384,6275496,202489856,658370560
findling-rss 1791136480,136151040,57872384,6276856,202272768,658370560
findling-rss 1791136482,136151040,57872384,6276176,201785344,658370560
findling-rss 1791136484,136151040,57872384,6277536,202137600,658370560
findling-rss 1791136486,136151040,57872384,6278896,202219520,658370560
findling-rss 1791136488,136151040,57872384,6276312,202207232,658370560
findling-rss 1791136490,136151040,57872384,6276448,202448896,658370560
findling-rss 1791136492,136417280,57872384,6274544,203001856,658370560
findling-rss 1791136494,136417280,57872384,6277912,203280384,658370560
findling-rss 1791136496,136417280,57872384,6277368,203083776,658370560
findling-rss 1791136498,136417280,57872384,6276552,202211328,658370560
findling-rss 1791136500,136417280,57872384,6273048,202203136,658370560
findling-rss 1791136502,136417280,57872384,6274000,202530816,658370560
findling-rss 1791136504,136417280,57872384,6274136,202035200,658370560
findling-rss 1791136506,136417280,57872384,6275224,203022336,658370560
findling-rss 1791136508,136417280,57872384,6273864,202596352,658370560
findling-rss 1791136510,136417280,57872384,6274544,202731520,658370560
findling-rss 1791136512,136417280,57872384,6272640,203014144,658370560
findling-rss 1791136514,136417280,57872384,6274480,202579968,658370560
findling-rss 1791136516,137691136,57872384,6276088,203534336,658370560
findling-rss 1791136518,136417280,57872384,6274000,202932224,658370560
findling-rss 1791136520,136417280,57872384,6275360,202842112,658370560
findling-rss 1791136522,136417280,57872384,6274544,202543104,658370560
findling-rss 1791136524,136417280,57872384,6273864,202272768,658370560
findling-rss 1791136526,136417280,57872384,6273184,202600448,658370560
findling-rss 1791136529,136417280,57872384,6274408,202924032,658370560
findling-rss 1791136531,136417280,57872384,6275768,202596352,658370560
findling-rss 1791136533,136417280,57872384,6277128,202465280,658370560
findling-rss 1791136535,136417280,57872384,6277808,202522624,658370560
findling-rss 1791136537,136417280,57872384,6290440,202575872,658370560
findling-rss 1791136539,136417280,57872384,6275768,202391552,658370560
findling-rss 1791136541,136417280,57872384,6275088,202657792,658370560
findling-rss 1791136543,136417280,57872384,6276448,202797056,658370560
findling-rss 1791136545,136417280,57872384,6274136,203018240,658370560
findling-rss 1791136547,136417280,57872384,6274680,202997760,658370560
findling-rss 1791136549,136417280,57872384,6274680,202739712,658370560
findling-rss 1791136551,136417280,57872384,6274472,202596352,658370560
findling-rss 1791136553,136417280,57872384,6276552,203022336,658370560
findling-rss 1791136555,136417280,57872384,6276688,202186752,658370560
findling-rss 1791136557,136417280,57872384,6278552,202657792,658370560
findling-rss 1791136559,136417280,57872384,6275872,202915840,658370560
findling-rss 1791136561,136417280,57872384,6277232,202670080,658370560
findling-rss 1791136563,136417280,57872384,6278592,202895360,658370560
findling-rss 1791136565,136417280,57872384,6278320,203075584,658370560
findling-rss 1791136567,136417280,57872384,6279680,202530816,658370560
findling-rss 1791136569,136417280,57872384,6280496,202276864,658370560
findling-rss 1791136571,136417280,57872384,6277912,202625024,658370560
findling-rss 1791136573,136417280,57872384,6278320,202227712,658370560
findling-rss 1791136575,136417280,57872384,6279176,202620928,658370560
findling-rss 1791136577,136417280,57872384,6278048,202407936,658370560
findling-rss 1791136579,136417280,57872384,6278728,202334208,658370560
findling-rss 1791136581,136417280,57872384,6279136,202366976,658370560
findling-rss 1791136583,136417280,57872384,6278728,202289152,658370560
findling-rss 1791136585,136417280,57872384,6277504,202674176,658370560
findling-rss 1791136587,136417280,57872384,6274920,202072064,658370560
findling-rss 1791136589,136417280,57872384,6276280,202969088,658370560
findling-rss 1791136591,136417280,57872384,6277640,202866688,658370560
findling-rss 1791136593,136417280,57872384,6279000,202596352,658370560
findling-rss 1791136595,136417280,57872384,6280864,202706944,658370560
findling-rss 1791136597,136417280,57872384,6279680,202289152,658370560
findling-rss 1791136599,137723904,57872384,6282896,203165696,658370560
findling-rss 1791136601,136417280,57872384,6275872,203096064,658370560
findling-rss 1791136603,136417280,57872384,6277232,201990144,658370560
findling-rss 1791136605,136417280,57872384,6278592,202747904,658370560
findling-rss 1791136607,136417280,57872384,6279952,202645504,658370560
findling-rss 1791136609,136417280,57872384,6279952,202661888,658370560
findling-rss 1791136611,136417280,57872384,6281312,202932224,658370560
findling-rss 1791136613,136691712,57872384,6276960,202276864,658370560
findling-rss 1791136615,136691712,57884672,6281056,203423744,658370560
findling-rss 1791136617,136691712,57884672,6280784,203235328,658370560
findling-rss 1791136619,136691712,57884672,6279832,202838016,658370560
findling-rss 1791136621,136691712,57884672,6279048,202870784,658370560
findling-rss 1791136623,136691712,57884672,6280408,203010048,658370560
findling-rss 1791136625,136691712,57884672,6280648,202838016,658370560
findling-rss 1791136627,136691712,57884672,6276736,202747904,658370560
findling-rss 1791136629,136691712,57884672,6277416,202956800,658370560
findling-rss 1791136631,136691712,57884672,6277416,202854400,658370560
findling-rss 1791136633,136691712,57884672,6278776,202633216,658370560
findling-rss 1791136635,136691712,57884672,6280136,202567680,658370560
findling-rss 1791136637,136691712,57884672,6280816,203137024,658370560
findling-rss 1791136639,136691712,57884672,6280104,203362304,658370560
findling-rss 1791136641,136691712,57884672,6280272,202960896,658370560
findling-rss 1791136643,136691712,57884672,6275648,202739712,658370560
findling-rss 1791136645,136691712,57884672,6277008,203001856,658370560
findling-rss 1791136647,136691712,57884672,6277824,202903552,658370560
findling-rss 1791136649,136691712,57884672,6277552,202801152,658370560
findling-rss 1791136651,136691712,57884672,6278912,202973184,658370560
findling-rss 1791136653,136691712,57884672,6277824,202833920,658370560
findling-rss 1791136655,136691712,57884672,6278504,202731520,658370560
findling-rss 1791136657,136691712,57884672,6278504,202625024,658370560
findling-rss 1791136659,136691712,57884672,6277688,202633216,658370560
findling-rss 1791136661,138375168,57884672,6311352,204251136,658370560
findling-rss 1791136663,136691712,57884672,6278096,202563584,658370560
findling-rss 1791136665,136691712,57884672,6279360,202543104,658370560
findling-rss 1791136667,136691712,57884672,6280240,202555392,658370560
findling-rss 1791136669,136691712,57884672,6291648,202256384,658370560
findling-rss 1791136671,136691712,57884672,6277416,202801152,658370560
findling-rss 1791136673,136769536,57884672,6277552,202756096,658370560
findling-rss 1791136675,137060352,57884672,6281872,203137024,658370560
findling-rss 1791136677,137060352,57884672,6280512,203067392,658370560
findling-rss 1791136679,137060352,57884672,6280520,203411456,658370560
findling-rss 1791136681,137060352,57884672,6327336,203788288,658370560
findling-rss 1791136683,137060352,57884672,6281600,203280384,658370560
findling-rss 1791136685,137060352,57884672,6281600,203083776,658370560
findling-rss 1791136687,137060352,57884672,6282960,203096064,658370560
findling-rss 1791136689,137060352,57884672,6282416,203730944,658370560
findling-rss 1791136691,137060352,57884672,6278200,203096064,658370560
findling-rss 1791136693,137060352,57884672,6279288,203091968,658370560
findling-rss 1791136695,137060352,57884672,6280376,202973184,658370560
findling-rss 1791136697,137060352,57884672,6281192,203153408,658370560
findling-rss 1791136699,137060352,57884672,6282552,203563008,658370560
findling-rss 1791136701,137060352,57884672,6284192,203206656,658370560
findling-rss 1791136703,137060352,57884672,6280784,203370496,658370560
findling-rss 1791136705,137060352,57884672,6279832,203137024,658370560
findling-rss 1791136707,137060352,57884672,6279832,203096064,658370560
findling-rss 1791136709,137060352,57884672,6281192,203292672,658370560
findling-rss 1791136711,137060352,57884672,6280784,203452416,658370560
findling-rss 1791136713,137060352,57884672,6281600,202801152,658370560
findling-rss 1791136715,137060352,57884672,6282960,203083776,658370560
findling-rss 1791136717,137060352,57884672,6283640,203309056,658370560
findling-rss 1791136719,137060352,57884672,6282960,203374592,658370560
findling-rss 1791136721,137060352,57884672,6280176,203198464,658370560
findling-rss 1791136723,138346496,57884672,6280864,204402688,658370560
findling-rss 1791136725,137060352,57884672,6278600,203628544,658370560
findling-rss 1791136727,137060352,57884672,6279456,203251712,658370560
findling-rss 1791136729,137060352,57884672,6280816,202887168,658370560
findling-rss 1791136731,137060352,57884672,6280408,203022336,658370560
findling-rss 1791136733,137564160,57884672,6276192,203399168,658370560
findling-rss 1791136735,137564160,57884672,6281464,203776000,658370560
findling-rss 1791136737,137564160,57884672,6282824,204165120,658370560
findling-rss 1791136739,137564160,57884672,6279728,203849728,658370560
findling-rss 1791136741,137564160,57884672,6281088,203980800,658370560
findling-rss 1791136743,137564160,57884672,6296032,204165120,658370560
findling-rss 1791136745,137564160,57884672,6277008,203591680,658370560
findling-rss 1791136747,137564160,57884672,6275920,203325440,658370560
findling-rss 1791136749,137564160,57884672,6277280,203657216,658370560
findling-rss 1791136751,137564160,57884672,6278640,203853824,658370560
findling-rss 1791136753,137564160,57884672,6277416,203640832,658370560
findling-rss 1791136755,137564160,57884672,6278640,203808768,658370560
findling-rss 1791136757,137564160,57884672,6277280,203694080,658370560
findling-rss 1791136759,137564160,57884672,6278368,203563008,658370560
findling-rss 1791136761,137564160,57884672,6279968,203829248,658370560
findling-rss 1791136763,137564160,57884672,6278912,203587584,658370560
findling-rss 1791136765,137564160,57884672,6279048,203722752,658370560
findling-rss 1791136767,137564160,57884672,6280640,203599872,658370560
findling-rss 1791136769,137564160,57884672,6277688,203075584,658370560
findling-rss 1791136771,137564160,57884672,6279048,204013568,658370560
findling-rss 1791136773,137564160,57884672,6280408,203730944,658370560
findling-rss 1791136775,137564160,57884672,6281768,203427840,658370560
findling-rss 1791136777,137564160,57884672,6279728,203628544,658370560
findling-rss 1791136779,137564160,57884672,6281088,203145216,658370560
findling-rss 1791136781,137564160,57884672,6281768,204296192,658370560
findling-rss 1791136783,137564160,57884672,6278640,204251136,658370560
findling-rss 1791136785,137687040,57884672,6321712,205606912,658370560
findling-rss 1791136787,137564160,57884672,6280408,203673600,658370560
findling-rss 1791136789,137564160,57884672,6278640,203341824,658370560
findling-rss 1791136791,137568256,57884672,6278504,203354112,658370560
findling-rss 1791136793,137785344,57884672,6275648,204455936,658370560
findling-rss 1791136795,137785344,57884672,6275376,203665408,658370560
findling-rss 1791136797,137785344,57884672,6276736,204046336,658370560
findling-rss 1791136800,137785344,57884672,6277552,203702272,658370560
findling-rss 1791136802,137785344,57884672,6278912,204120064,658370560
findling-rss 1791136804,137785344,57884672,6279592,203759616,658370560
findling-rss 1791136806,137785344,57884672,6280200,203964416,658370560
findling-rss 1791136808,137785344,57884672,6278104,204275712,658370560
findling-rss 1791136810,137793536,57884672,6279440,203886592,658370560
findling-rss 1791136812,137793536,57884672,6278984,203718656,658370560
findling-rss 1791136814,137793536,57884672,6277688,204066816,658370560
findling-rss 1791136816,137793536,57884672,6277144,204103680,658370560
findling-rss 1791136818,137793536,57884672,6278608,204247040,658370560
findling-rss 1791136820,137793536,57884672,6277928,204079104,658370560
findling-rss 1791136822,137793536,57884672,6277552,203956224,658370560
findling-rss 1791136824,137793536,57884672,6278640,204488704,658370560
findling-rss 1791136826,137793536,57884672,6278232,204390400,658370560
findling-rss 1791136828,137793536,57884672,6278912,204075008,658370560
findling-rss 1791136830,137793536,57884672,6275376,204189696,658370560
findling-rss 1791136832,137793536,57884672,6276736,204201984,658370560
findling-rss 1791136834,137793536,57884672,6278096,204062720,658370560
findling-rss 1791136836,137793536,57884672,6279456,204697600,658370560
findling-rss 1791136838,137793536,57884672,6280816,204099584,658370560
findling-rss 1791136840,137793536,57884672,6280816,203698176,658370560
findling-rss 1791136842,137793536,57884672,6278096,204169216,658370560
findling-rss 1791136844,137793536,57884672,6278136,203841536,658370560
findling-rss 1791136846,137793536,57884672,6278776,203902976,658370560
findling-rss 1791136848,137793536,57884672,6326312,204558336,658370560
findling-rss 1791136850,137793536,57884672,6281296,204050432,658370560
findling-rss 1791136852,137793536,57884672,6279256,204001280,658370560
findling-rss 1791136854,138092544,57884672,6279088,204488704,658370560
findling-rss 1791136856,138469376,57884672,6282176,204881920,658370560
findling-rss 1791136858,138469376,57884672,6282792,204283904,658370560
findling-rss 1791136860,138469376,57884672,6281568,205099008,658370560
findling-rss 1791136862,138469376,57884672,6279320,205230080,658370560
findling-rss 1791136864,138469376,57884672,6279864,204746752,658370560
findling-rss 1791136866,138469376,57884672,6281224,204677120,658370560
findling-rss 1791136868,138469376,57884672,6283088,204779520,658370560
findling-rss 1791136870,138469376,57884672,6278504,205090816,658370560
findling-rss 1791136872,138469376,57884672,6277416,204668928,658370560
findling-rss 1791136874,138469376,57884672,6276600,204890112,658370560
findling-rss 1791136876,138469376,57884672,6277824,204910592,658370560
findling-rss 1791136878,138469376,57884672,6279184,204718080,658370560
findling-rss 1791136880,138469376,57884672,6280544,204660736,658370560
findling-rss 1791136882,138469376,57884672,6280680,204677120,658370560
findling-rss 1791136884,138469376,57884672,6276464,205426688,658370560
findling-rss 1791136886,138469376,57884672,6277824,204402688,658370560
findling-rss 1791136888,138469376,57884672,6278880,204775424,658370560
findling-rss 1791136890,138469376,57884672,6279320,204836864,658370560
findling-rss 1791136892,138469376,57884672,6278368,204771328,658370560
findling-rss 1791136894,138469376,57884672,6279728,204951552,658370560
findling-rss 1791136896,138469376,57884672,6274288,204349440,658370560
findling-rss 1791136898,138469376,57884672,6275648,204353536,658370560
findling-rss 1791136900,138469376,57884672,6277008,204783616,658370560
findling-rss 1791136902,138469376,57884672,6278368,204886016,658370560
findling-rss 1791136904,138469376,57884672,6278984,204713984,658370560
findling-rss 1791136906,138469376,57884672,6279184,204730368,658370560
findling-rss 1791136908,138469376,57884672,6279456,205021184,658370560
findling-rss 1791136910,140152832,57884672,6313280,205996032,658370560
findling-rss 1791136912,138469376,57884672,6280816,204488704,658370560
findling-rss 1791136914,138760192,57884672,6275920,205107200,658370560
findling-rss 1791136916,139120640,57884672,6277552,205529088,658370560
findling-rss 1791136918,139124736,57884672,6278232,205266944,658370560
findling-rss 1791136920,139124736,57884672,6279120,205455360,658370560
findling-rss 1791136922,139124736,57884672,6279464,205070336,658370560
findling-rss 1791136924,139124736,57884672,6278680,205168640,658370560
findling-rss 1791136926,139124736,57884672,6279560,205402112,658370560
findling-rss 1791136928,139137024,57884672,6277416,205262848,658370560
findling-rss 1791136930,139161600,57884672,6278056,205586432,658370560
findling-rss 1791136932,139161600,57884672,6278232,205479936,658370560
findling-rss 1791136934,139161600,57884672,6278096,205656064,658370560
findling-rss 1791136936,139161600,57884672,6278096,205393920,658370560
findling-rss 1791136938,139161600,57884672,6277416,205717504,658370560
findling-rss 1791136940,139161600,57884672,6277416,205254656,658370560
findling-rss 1791136942,139165696,57884672,6278368,205279232,658370560
findling-rss 1791136944,139177984,57884672,6275784,205578240,658370560
findling-rss 1791136946,139182080,57884672,6276192,205455360,658370560
findling-rss 1791136948,139182080,57884672,6276328,205594624,658370560
findling-rss 1791136950,139182080,57884672,6277592,205590528,658370560
findling-rss 1791136952,139792384,57884672,6278960,205217792,658370560
findling-rss 1791136954,139182080,57884672,6278776,204861440,658370560
findling-rss 1791136956,139182080,57884672,6278232,205037568,658370560
findling-rss 1791136958,139182080,57884672,6277552,205582336,658370560
findling-rss 1791136960,139182080,57884672,6278232,205676544,658370560
findling-rss 1791136962,139182080,57884672,6279592,205246464,658370560
findling-rss 1791136964,139182080,57884672,6280952,205340672,658370560
findling-rss 1791136966,139182080,57884672,6278232,205197312,658370560
findling-rss 1791136968,139182080,57884672,6279152,205606912,658370560
findling-rss 1791136970,139182080,57884672,6279592,205398016,658370560
findling-rss 1791136972,139182080,57884672,6292088,205332480,658370560
findling-rss 1791136974,139182080,57884672,6281600,205348864,658370560
findling-rss 1791136976,139935744,57884672,6285648,205885440,658370560
findling-rss 1791136978,139935744,57884672,6287008,206307328,658370560
findling-rss 1791136980,139935744,57884672,6282144,206487552,658370560
findling-rss 1791136982,139935744,57884672,6279968,206032896,658370560
findling-rss 1791136984,139935744,57884672,6281328,206319616,658370560
findling-rss 1791136986,139935744,57884672,6282688,205979648,658370560
findling-rss 1791136988,139935744,57884672,6284048,206196736,658370560
findling-rss 1791136990,139935744,57884672,6283912,205856768,658370560
findling-rss 1791136992,139935744,57884672,6281872,205967360,658370560
findling-rss 1791136994,139935744,57884672,6281464,206061568,658370560
findling-rss 1791136996,139935744,57884672,6280104,206188544,658370560
findling-rss 1791136998,139935744,57884672,6281464,206069760,658370560
findling-rss 1791137000,139935744,57884672,6281328,206426112,658370560
findling-rss 1791137002,139935744,57884672,6281328,205975552,658370560
findling-rss 1791137004,139935744,57884672,6279832,206651392,658370560
findling-rss 1791137006,139935744,57884672,6281192,205836288,658370560
findling-rss 1791137008,139935744,57884672,6280920,205946880,658370560
findling-rss 1791137010,139935744,57884672,6279696,206008320,658370560
findling-rss 1791137012,139935744,57884672,6281056,206598144,658370560
findling-rss 1791137014,141369344,57884672,6286448,207794176,658370560
findling-rss 1791137016,139935744,57884672,6283096,206028800,658370560
findling-rss 1791137018,139935744,57884672,6284184,206188544,658370560
findling-rss 1791137020,139935744,57884672,6281600,206196736,658370560
findling-rss 1791137022,226828288,80453632,9499280,319221760,658370560
findling-rss 1791137024,247963648,86573056,10143560,347160576,658370560
findling-rss 1791137026,249008128,87756800,10197728,350183424,658370560
findling-rss 1791137028,250994688,89350144,10275480,352751616,658370560
findling-rss 1791137030,253423616,89886720,10314144,355999744,658370560
findling-rss 1791137032,256679936,90882048,10366472,360153088,658370560
findling-rss 1791137034,952467456,117043200,10537584,1082785792,1083518976
findling-rss 1791137036,1367887872,259047424,11274992,1643503616,1643814912
findling-rss 1791137038,1323741184,259072000,11385600,1628442624,1671585792
findling-rss 1791137040,1436782592,260321280,11502000,1714057216,1715777536
findling-rss 1791137042,1394864128,260538368,11411896,1672249344,1716613120
findling-rss 1791137044,1400569856,261730304,11473720,1679114240,1716613120
findling-rss 1791137046,1433657344,262545408,11473880,1712361472,1716613120
findling-rss 1791137048,1421578240,263315456,11526760,1701933056,1773096960
findling-rss 1791137050,1424400384,264216576,11577720,1705140224,1773096960
findling-rss 1791137052,1320005632,264695808,11546792,1601302528,1773096960
findling-rss 1791137054,1386528768,265072640,11739240,1668849664,1773096960
findling-rss 1791137056,1393967104,265691136,11773904,1676943360,1773096960
findling-rss 1791137058,1363570688,272265216,11985296,1652899840,1773096960
findling-rss 1791137060,1366802432,266846208,11716696,1650876416,1773096960
findling-rss 1791137062,1424478208,268230656,11779496,1709670400,1773096960
findling-rss 1791137064,1424871424,268214272,11864376,1710325760,1773096960
findling-rss 1791137067,1425211392,268529664,11919320,1711181824,1773096960
findling-rss 1791137069,1379090432,269115392,11950152,1665130496,1773096960
findling-rss 1791137071,1416314880,268922880,12025720,1702760448,1773096960
findling-rss 1791137073,1417736192,269303808,12062976,1703751680,1773096960
findling-rss 1791137075,1363709952,269684736,12093672,1650634752,1773096960
findling-rss 1791137077,1378877440,269869056,12062216,1716051968,1773096960
findling-rss 1791137079,1371488256,270286848,12095296,1659088896,1773096960
findling-rss 1791137081,1429467136,271683584,12158592,1718579200,1773096960
findling-rss 1791137083,1372303360,271011840,12165440,1661124608,1773096960
findling-rss 1791137085,1399832576,271110144,12229744,1688485888,1773096960
findling-rss 1791137087,1396916224,271495168,12364032,1675431936,1773096960
findling-rss 1791137089,1370427392,271966208,12394488,1654038528,1773096960
findling-rss 1791137091,1363017728,272379904,12477504,1653067776,1773096960
findling-rss 1791137093,1424330752,272539648,12337248,1714573312,1773096960
findling-rss 1791137095,1432158208,272928768,12362704,1722613760,1773096960
findling-rss 1791137097,1437401088,273440768,12406984,1718964224,1773096960
findling-rss 1791137099,1289224192,273801216,12317856,1580441600,1773096960
findling-rss 1791137101,1395318784,273637376,12550416,1686990848,1773096960
findling-rss 1791137103,1403727872,277852160,12724840,1697984512,1773096960
findling-rss 1791137105,1412616192,274333696,12672968,1705086976,1773096960
findling-rss 1791137107,1355444224,274518016,12689040,1648181248,1773096960
findling-rss 1791137109,1412653056,274833408,12728536,1705693184,1773096960
findling-rss 1791137111,1404780544,274989056,12631040,1697439744,1773096960
findling-rss 1791137113,1411190784,276299776,12692928,1705046016,1773096960
findling-rss 1791137115,1302200320,276774912,12737232,1597087744,1773096960
findling-rss 1791137117,1352650752,276488192,12822056,1645522944,1773096960
findling-rss 1791137119,1409118208,276795392,12852720,1704443904,1773096960
findling-rss 1791137121,1410371584,277053440,12884840,1705828352,1773096960
findling-rss 1791137123,1354829824,277397504,12912504,1650888704,1773096960
findling-rss 1791137125,1430306816,277786624,12947176,1726263296,1773096960
findling-rss 1791137127,1433169920,278249472,12860464,1729650688,1773096960
findling-rss 1791137129,1433911296,278319104,12946384,1730584576,1773096960
findling-rss 1791137131,1424830464,278380544,13044592,1722052608,1773096960
findling-rss 1791137133,1430032384,278675456,13137264,1727660032,1773096960
findling-rss 1791137135,1432944640,278945792,13167576,1730510848,1773096960
findling-rss 1791137137,1433620480,279425024,13203832,1731407872,1773096960
findling-rss 1791137139,1438552064,280039424,13248752,1737318400,1773096960
findling-rss 1791137141,1442529280,280088576,13273520,1741393920,1773096960
findling-rss 1791137143,1443418112,298061824,13771728,1760628736,1773096960
findling-rss 1791137145,1294626816,280821760,13071872,1593282560,1773096960
findling-rss 1791137147,1428135936,281047040,13325152,1728217088,1773096960
findling-rss 1791137149,1483628544,281407488,13359288,1784791040,1785020416
findling-rss 1791137151,1487843328,282173440,13380800,1789173760,1789571072
findling-rss 1791137153,1483923456,282046464,13415880,1785102336,1795604480
findling-rss 1791137155,1490755584,282189824,13433144,1792110592,1795604480
findling-rss 1791137157,1491972096,282550272,13527312,1793564672,1795842048
findling-rss 1791137159,1490944000,282861568,13559640,1793261568,1795919872
findling-rss 1791137161,1414479872,283320320,13431408,1716449280,1815838720
findling-rss 1791137163,1482248192,283561984,13580032,1784389632,1815838720
findling-rss 1791137165,1431449600,283508736,13636080,1734266880,1815838720
findling-rss 1791137167,1430147072,283901952,13696080,1733578752,1815838720
findling-rss 1791137169,1487187968,284254208,13729880,1790816256,1815838720
findling-rss 1791137171,1453846528,284651520,13762240,1744363520,1815838720
findling-rss 1791137173,1491841024,285077504,13799440,1796349952,1815838720
findling-rss 1791137175,1490698240,285761536,13841176,1796009984,1815838720
findling-rss 1791137177,1465094144,285544448,13903344,1769717760,1815838720
findling-rss 1791137179,1481256960,285790208,13844832,1786458112,1815838720
findling-rss 1791137181,1486651392,286281728,13882472,1792069632,1815838720
findling-rss 1791137183,1493381120,286584832,13916976,1799761920,1815838720
findling-rss 1791137185,1490317312,286932992,13951080,1796550656,1815838720
findling-rss 1791137187,1492238336,287256576,13978440,1799016448,1815838720
findling-rss 1791137189,1492738048,287690752,14069288,1800085504,1815838720
findling-rss 1791137191,1493504000,288509952,14109184,1801818112,1815838720
findling-rss 1791137193,1424347136,291057664,14291312,1734848512,1815838720
findling-rss 1791137195,1487081472,288759808,14131360,1795629056,1823248384
findling-rss 1791137197,1489899520,289198080,14227176,1799229440,1823248384
findling-rss 1791137199,1433030656,289554432,14260184,1742221312,1823248384
findling-rss 1791137201,1435115520,289955840,14272320,1744855040,1823248384
findling-rss 1791137203,1491578880,290611200,14364312,1802399744,1826926592
findling-rss 1791137205,1452056576,290521088,14340360,1803046912,1826926592
findling-rss 1791137207,1437675520,291274752,14371408,1748832256,1826926592
findling-rss 1791137209,1428729856,291139584,14507616,1740029952,1826926592
findling-rss 1791137211,1431896064,318525440,15327864,1767399424,1826926592
findling-rss 1791137213,1487630336,291561472,14418360,1791049728,1831870464
findling-rss 1791137215,1489928192,292081664,14522384,1802498048,1831870464
findling-rss 1791137217,1433448448,292548608,14560992,1745981440,1831870464
findling-rss 1791137219,1440681984,292937728,14593896,1747230720,1831870464
findling-rss 1791137221,1490534400,293654528,14670536,1804595200,1831870464
findling-rss 1791137223,1463664640,293412864,14690232,1777258496,1831870464
findling-rss 1791137225,1429082112,293773312,14756408,1743626240,1831870464
findling-rss 1791137227,1489657856,294121472,14849088,1804288000,1831870464
findling-rss 1791137229,1490276352,294649856,14766176,1805332480,1836670976
findling-rss 1791137231,1490595840,294670336,14792024,1805492224,1836670976
findling-rss 1791137233,1490464768,295038976,14822424,1805910016,1836670976
findling-rss 1791137235,1489092608,295440384,14859384,1805447168,1836670976
findling-rss 1791137237,1490366464,295755776,14869104,1806794752,1836670976
findling-rss 1791137239,1488384000,295854080,14989952,1804587008,1836670976
findling-rss 1791137241,1489047552,296259584,15024464,1806524416,1836670976
findling-rss 1791137243,1490006016,297443328,15083760,1807917056,1836670976
findling-rss 1791137245,1488519168,297299968,15043376,1806356480,1842708480
findling-rss 1791137247,1434783744,297639936,15052224,1753096192,1842708480
findling-rss 1791137249,1493078016,298033152,15106256,1811525632,1842708480
findling-rss 1791137251,1493024768,298201088,15120320,1812344832,1842708480
findling-rss 1791137253,1367117824,298909696,15105496,1679683584,1842708480
findling-rss 1791137255,1481961472,298815488,15351528,1801916416,1842708480
findling-rss 1791137257,1488216064,299290624,15346792,1808375808,1842708480
findling-rss 1791137259,1450938368,299458560,15390872,1811435520,1842708480
findling-rss 1791137261,1434726400,299872256,15420536,1755836416,1842708480
findling-rss 1791137263,1494020096,300048384,15331104,1814982656,1851101184
findling-rss 1791137265,1495449600,300412928,15364288,1817186304,1851101184
findling-rss 1791137267,1438265344,300744704,15393352,1759531008,1851101184
findling-rss 1791137269,1427054592,301531136,15412632,1748910080,1851101184
findling-rss 1791137271,1486241792,301232128,15529888,1808445440,1851101184
findling-rss 1791137273,1485111296,301580288,15561536,1807503360,1851101184
findling-rss 1791137275,1430536192,301916160,15656736,1752567808,1851101184
findling-rss 1791137277,1494429696,302317568,15738472,1818918912,1851101184
findling-rss 1791137279,1489674240,302505984,15602816,1813512192,1854554112
findling-rss 1791137281,1434238976,304062464,15668048,1758752768,1854554112
findling-rss 1791137283,1442033664,303304704,15641304,1779539968,1854554112
findling-rss 1791137285,1413713920,303370240,15730312,1731985408,1854554112
findling-rss 1791137287,1487978496,303661056,15794104,1813061632,1854554112
findling-rss 1791137289,1488814080,303927296,15826704,1814147072,1854554112
findling-rss 1791137291,1431957504,304320512,15860176,1772531712,1854554112
findling-rss 1791137293,1440354304,304742400,15871192,1765994496,1854554112
findling-rss 1791137295,1494020096,316420096,16262056,1820233728,1854554112
findling-rss 1791137297,1497079808,305033216,15813560,1823870976,1866100736
findling-rss 1791137299,1497874432,305426432,15850528,1825263616,1866100736
findling-rss 1791137301,1424777216,306151424,15987672,1752666112,1866100736
findling-rss 1791137303,1461669888,306298880,15983712,1778098176,1866100736
findling-rss 1791137305,1490608128,306692096,16028056,1818787840,1866100736
findling-rss 1791137307,1490259968,306827264,16077600,1818861568,1866100736
findling-rss 1791137309,1433464832,307220480,16149256,1804890112,1866100736
findling-rss 1791137312,1430888448,307597312,16186944,1760202752,1866100736
findling-rss 1791137314,1489383424,307748864,16091536,1819070464,1866100736
findling-rss 1791137316,1701433344,309440512,16806096,2033041408,2034089984
findling-rss 1791137318,1873334272,308727808,17003704,2205962240,2304770048
findling-rss 1791137320,1658802176,308539392,16843040,1990389760,2304770048
findling-rss 1791137322,1941082112,309911552,17255528,2274115584,2328649728
findling-rss 1791137324,1881292800,309903360,17159992,2214367232,2384371712
findling-rss 1791137326,2080522240,309915648,17287392,2415464448,2415718400
findling-rss 1791137328,2032676864,309960704,17282824,2364157952,2416439296
findling-rss 1791137330,1818595328,309604352,17042688,2149302272,2422231040
findling-rss 1791137332,2079952896,309964800,17300832,2414821376,2422231040
findling-rss 1791137334,1984368640,310005760,17291896,2318049280,2422231040
findling-rss 1791137336,1836519424,309657600,17059784,2170449920,2422231040
findling-rss 1791137338,2083729408,310001664,17324840,2418851840,2422231040
findling-rss 1791137340,2000986112,310067200,17319208,2336342016,2422231040
findling-rss 1791137342,1962328064,309723136,17210424,2295455744,2504462336
findling-rss 1791137344,2183766016,310099968,17341840,2518945792,2518945792
findling-rss 1791137346,2088128512,312090624,17592384,2425655296,2520096768
findling-rss 1791137348,2094510080,311746560,17482048,2431500288,2582425600
findling-rss 1791137350,2186874880,312307712,17624664,2524557312,2582425600
findling-rss 1791137352,2065895424,312172544,17510384,2402652160,2582425600
findling-rss 1791137354,2188771328,312172544,17495056,2526076928,2582425600
findling-rss 1791137356,2138406912,312176640,17515816,2521456640,2582425600
findling-rss 1791137358,2058915840,312221696,17508168,2396323840,2582425600
findling-rss 1791137360,2186166272,312221696,17514856,2523947008,2582425600
findling-rss 1791137362,2187915264,312225792,17534904,2525663232,2582425600
findling-rss 1791137364,2091069440,312274944,17528336,2428682240,2582425600
findling-rss 1791137366,2243055616,312274944,17533512,2580946944,2582425600
findling-rss 1791137368,2179325952,312274944,17553920,2517643264,2582425600
findling-rss 1791137370,2092228608,312299520,17548176,2428116992,2583273472
findling-rss 1791137372,2239500288,312315904,17548768,2576875520,2583273472
findling-rss 1791137374,2236010496,312320000,17573784,2573922304,2583273472
findling-rss 1791137376,1976381440,312369152,17422752,2312744960,2583273472
findling-rss 1791137378,2237640704,312369152,17570040,2575515648,2583273472
findling-rss 1791137380,2235916288,312356864,17590216,2574290944,2583273472
findling-rss 1791137382,1893183488,312397824,17331664,2229055488,2583273472
findling-rss 1791137384,2237009920,312397824,17587240,2575003648,2583273472
findling-rss 1791137386,2205147136,312406016,17611104,2579062784,2583273472
findling-rss 1791137388,1922125824,312434688,17477448,2258612224,2583273472
findling-rss 1791137390,2243817472,312434688,17673896,2583330816,2583592960
findling-rss 1791137392,2237128704,312434688,17628728,2575360000,2583592960
findling-rss 1791137394,1924202496,312721408,17260152,2302058496,2583592960
findling-rss 1791137396,2241179648,312721408,17513920,2580000768,2583592960
findling-rss 1791137398,2224279552,314368000,17570776,2564120576,2583592960
findling-rss 1791137400,1826398208,312860672,17142752,2161352704,2583592960
findling-rss 1791137402,2246782976,313217024,17531592,2585595904,2585595904
findling-rss 1791137404,2239684608,313556992,17564536,2578653184,2590531584
findling-rss 1791137406,1858859008,312856576,17289280,2193694720,2590531584
findling-rss 1791137408,1956392960,312856576,17287784,2293559296,2590531584
findling-rss 1791137410,1778659328,312647680,17230640,2115158016,2590531584
findling-rss 1791137412,1840664576,312655872,17251896,2177413120,2590531584
findling-rss 1791137414,1846906880,313057280,17286496,2184413184,2590531584
findling-rss 1791137416,1848573952,313344000,17319832,2186280960,2590531584
findling-rss 1791137418,1850777600,313671680,17350880,2188759040,2590531584
findling-rss 1791137420,1856352256,313741312,17255920,2193973248,2590531584
findling-rss 1791137422,1858150400,314249216,17353464,2196406272,2590531584
findling-rss 1791137424,1859190784,314707968,17362728,2198097920,2590531584
findling-rss 1791137426,1861062656,314916864,17466160,2199883776,2590531584
findling-rss 1791137428,1862918144,315314176,17536352,2202566656,2590531584
findling-rss 1791137430,1863622656,315678720,17533088,2203484160,2590531584
findling-rss 1791137432,1862602752,316137472,17571960,2203033600,2590531584
findling-rss 1791137434,1868234752,316538880,17604720,2209763328,2590531584
findling-rss 1791137436,1869365248,316747776,17580072,2210750464,2590531584
findling-rss 1791137438,1869398016,317120512,17613064,2210820096,2590531584
findling-rss 1791137440,1872306176,317485056,17644968,2214387712,2590531584
findling-rss 1791137442,1871859712,317886464,17678880,2214465536,2590531584
findling-rss 1791137444,1704919040,318435328,17501104,2086735872,2590531584
findling-rss 1791137446,1781944320,318484480,17835624,2124537856,2590531584
findling-rss 1791137448,1782374400,318316544,17933680,2164916224,2590531584
findling-rss 1791137450,1838940160,318619648,18053104,2181140480,2590531584
findling-rss 1791137452,1786310656,319049728,18088424,2130079744,2590531584
findling-rss 1791137454,1790648320,370061312,19583072,2187272192,2590531584
findling-rss 1791137456,1850351616,319549440,18005184,2194403328,2590531584
findling-rss 1791137458,1847230464,324583424,18176864,2195931136,2590531584
findling-rss 1791137460,1795571712,320462848,18088520,2140672000,2590531584
findling-rss 1791137462,1851748352,320425984,18108752,2185379840,2590531584
findling-rss 1791137464,1857970176,320630784,18201256,2203709440,2590531584
findling-rss 1791137466,1858785280,320929792,18229680,2204467200,2590531584
findling-rss 1791137468,1858961408,321437696,18268560,2206130176,2590531584
findling-rss 1791137470,1858641920,322039808,18189392,2205847552,2590531584
findling-rss 1791137472,1863344128,322371584,18220872,2210807808,2590531584
findling-rss 1791137474,1860595712,322777088,18230312,2208870400,2590531584
findling-rss 1791137476,1828917248,323125248,18284984,2167402496,2590531584
findling-rss 1791137478,1869139968,323301376,18298584,2217349120,2590531584
findling-rss 1791137480,1875148800,323657728,18338424,2224451584,2590531584
findling-rss 1791137482,1877200896,324014080,18365328,2226941952,2590531584
findling-rss 1791137484,1878847488,324354048,18404592,2227617792,2590531584
findling-rss 1791137486,1878097920,324440064,18305536,2228047872,2590531584
findling-rss 1791137488,2082529280,327368704,18784448,2436419584,2590531584
findling-rss 1791137490,2160676864,327413760,18788768,2514964480,2590531584
findling-rss 1791137492,2232459264,326205440,18779584,2585665536,2590531584
findling-rss 1791137494,1870462976,325357568,18365064,2204442624,2590531584
findling-rss 1791137496,2149040128,326082560,18768656,2502144000,2590531584
findling-rss 1791137498,2062614528,328204288,18898312,2417328128,2590531584
findling-rss 1791137500,1947295744,327852032,18760112,2301071360,2590531584
findling-rss 1791137502,1992560640,327491584,18623688,2345877504,2590531584
findling-rss 1791137504,1944588288,327491584,18621392,2298527744,2590531584
findling-rss 1791137506,1997553664,327491584,18620576,2349740032,2590531584
findling-rss 1791137508,2005676032,327491584,18622312,2358673408,2590531584
findling-rss 1791137510,2002022400,327491584,18623024,2355343360,2590531584
findling-rss 1791137512,2003128320,327491584,18621544,2356539392,2590531584
findling-rss 1791137514,1902837760,327491584,18618392,2243923968,2590531584
findling-rss 1791137516,1950294016,327491584,18621392,2303643648,2590531584
findling-rss 1791137518,2163363840,326127616,18839192,2513559552,2590531584
findling-rss 1791137520,1847685120,326545408,18610256,2199289856,2590531584
findling-rss 1791137522,2137169920,326545408,18964192,2490347520,2590531584
findling-rss 1791137524,2078339072,326578176,18956680,2426028032,2590531584
findling-rss 1791137526,2212581376,326578176,18964240,2566287360,2590531584
findling-rss 1791137528,2205556736,326586368,18986200,2559123456,2590531584
findling-rss 1791137530,2021208064,326438912,19008760,2370310144,2590531584
findling-rss 1791137532,2273529856,326438912,19011928,2626646016,2628337664
findling-rss 1791137534,2212196352,326664192,19041048,2565816320,2628337664
findling-rss 1791137536,1939427328,327852032,18938832,2293219328,2628337664
findling-rss 1791137538,2193240064,327852032,19068928,2547888128,2628337664
findling-rss 1791137540,2209665024,326696960,19058808,2563244032,2628337664
findling-rss 1791137542,1970831360,326516736,18925944,2320547840,2628337664
findling-rss 1791137544,2205278208,326545408,18929008,2558550016,2628337664
findling-rss 1791137546,2213007360,326561792,18953128,2566574080,2628337664
findling-rss 1791137548,2021875712,326574080,18944200,2368733184,2628337664
findling-rss 1791137550,2206670848,326574080,18949216,2560364544,2628337664
findling-rss 1791137552,2206011392,326619136,18971080,2559266816,2628337664
findling-rss 1791137554,2037714944,326635520,18963304,2390679552,2628337664
findling-rss 1791137557,2209816576,326635520,18968048,2563325952,2628337664
findling-rss 1791137559,2208247808,328011776,19029256,2563485696,2628337664
findling-rss 1791137561,1843159040,327311360,18750440,2196213760,2628337664
findling-rss 1791137563,1780297728,327311360,18661912,2125557760,2628337664
findling-rss 1791137565,1921654784,327311360,18755904,2274656256,2628337664
findling-rss 1791137567,1923514368,327311360,18754584,2276487168,2628337664
findling-rss 1791137569,1903484928,327311360,18751312,2257002496,2628337664
findling-rss 1791137571,1871273984,327327744,18754896,2224545792,2628337664
findling-rss 1791137573,2204721152,326692864,18990856,2558480384,2628337664
findling-rss 1791137575,2089971712,326709248,19014304,2443141120,2628337664
findling-rss 1791137577,2210861056,326709248,19018208,2564706304,2628337664
findling-rss 1791137579,2209128448,326742016,19049784,2564296704,2628337664
findling-rss 1791137581,2121048064,326746112,19027992,2474860544,2628337664
findling-rss 1791137583,2170978304,326746112,19032552,2568568832,2628337664
findling-rss 1791137585,2207961088,326774784,19029104,2561466368,2628337664
findling-rss 1791137587,2109288448,326782976,19043896,2462101504,2628337664
findling-rss 1791137589,2209349632,326782976,19050128,2563235840,2628337664
findling-rss 1791137591,2206212096,326828032,19049376,2560217088,2628337664
findling-rss 1791137593,2111840256,327249920,19081864,2465452032,2628337664
findling-rss 1791137595,2149478400,327249920,19083400,2503532544,2628337664
findling-rss 1791137597,2117914624,327110656,18956808,2461028352,2628337664
findling-rss 1791137599,1996009472,327127040,18973336,2352758784,2628337664
findling-rss 1791137601,2150653952,327127040,18978224,2492452864,2628337664
findling-rss 1791137603,2189328384,328228864,19004800,2544304128,2628337664
findling-rss 1791137605,2092838912,328212480,19017792,2440757248,2628337664
findling-rss 1791137607,2206154752,328212480,19023472,2561060864,2628337664
findling-rss 1791137609,2000760832,327864320,18879240,2355073024,2628337664
findling-rss 1791137611,1906589696,327512064,18741080,2260172800,2628337664
findling-rss 1791137613,1761918976,326492160,18604072,2109726720,2628337664
findling-rss 1791137615,2134245376,327196672,18991240,2488074240,2628337664
findling-rss 1791137617,2137120768,327200768,19014072,2481672192,2628337664
findling-rss 1791137619,1668009984,326905856,18619552,2009853952,2628337664
findling-rss 1791137621,2117230592,328671232,19049456,2466783232,2628337664
findling-rss 1791137623,2177007616,333189120,19194888,2537033728,2628337664
findling-rss 1791137625,1951211520,333193216,19183640,2311139328,2628337664
findling-rss 1791137627,2186113024,333193216,19189344,2546307072,2628337664
findling-rss 1791137629,2043572224,332845056,19051296,2402885632,2628337664
findling-rss 1791137631,2039083008,332845056,19051184,2398781440,2628337664
findling-rss 1791137633,1790754816,331091968,18872456,2137178112,2628337664
findling-rss 1791137635,1879629824,331091968,18874304,2236973056,2628337664
findling-rss 1791137637,1881419776,331091968,18875824,2238369792,2628337664
findling-rss 1791137639,1756721152,331091968,18873072,2111463424,2628337664
findling-rss 1791137641,1718013952,331091968,18858568,2073120768,2628337664
findling-rss 1791137643,1806913536,331091968,18874576,2151411712,2628337664
findling-rss 1791137645,1855901696,331108352,18874696,2213031936,2628337664
findling-rss 1791137647,1789394944,331108352,18876544,2145878016,2628337664
findling-rss 1791137649,1713651712,331108352,18752656,2069958656,2628337664
findling-rss 1791137651,1868234752,331108352,18873256,2224926720,2628337664
findling-rss 1791137653,1868001280,331108352,18871944,2224959488,2628337664
findling-rss 1791137655,1847017472,331108352,18877048,2204278784,2628337664
findling-rss 1791137657,1823444992,331108352,18873016,2173317120,2628337664
findling-rss 1791137659,1813962752,331108352,18869888,2170712064,2628337664
findling-rss 1791137661,2094264320,327344128,19021432,2446913536,2628337664
findling-rss 1791137663,1944854528,326983680,18917680,2341179392,2628337664
findling-rss 1791137665,2159198208,327331840,19046816,2513727488,2628337664
findling-rss 1791137667,2094112768,329482240,19103840,2450436096,2628337664
findling-rss 1791137669,1911373824,329134080,18884704,2266517504,2628337664
findling-rss 1791137671,2165501952,329474048,19123016,2521714688,2628337664
findling-rss 1791137673,2016743424,329117696,18978712,2372317184,2628337664
findling-rss 1791137675,1850068992,328769536,18853384,2205007872,2628337664
findling-rss 1791137677,1870610432,328769536,18838472,2225266688,2628337664
findling-rss 1791137679,1870454784,328769536,18839008,2225143808,2628337664
findling-rss 1791137681,1869799424,328769536,18838464,2224484352,2628337664
findling-rss 1791137683,1797300224,328769536,18837608,2151604224,2628337664
findling-rss 1791137685,1819021312,328769536,18838992,2173521920,2628337664
findling-rss 1791137687,2154508288,327442432,19063232,2508574720,2628337664
findling-rss 1791137689,2094141440,329523200,19145688,2450591744,2628337664
findling-rss 1791137691,2158772224,329523200,19143784,2515124224,2628337664
findling-rss 1791137693,1914892288,328810496,18866280,2269478912,2628337664
findling-rss 1791137695,1868591104,328814592,18864576,2223685632,2628337664
findling-rss 1791137697,1850081280,328814592,18867696,2204753920,2628337664
findling-rss 1791137699,1870176256,328814592,18868808,2225020928,2628337664
findling-rss 1791137701,1870315520,328814592,18862880,2224926720,2628337664
findling-rss 1791137703,1870344192,328814592,18864240,2224734208,2628337664
findling-rss 1791137705,1771175936,328814592,18860544,2125463552,2628337664
findling-rss 1791137707,1821810688,328814592,18863696,2176393216,2628337664
findling-rss 1791137709,2153369600,327323648,18963256,2507407360,2628337664
findling-rss 1791137711,2068049920,330821632,19076152,2425151488,2628337664
findling-rss 1791137713,2160611328,330821632,19078184,2518601728,2628337664
findling-rss 1791137715,1867816960,330117120,18803064,2223620096,2628337664
findling-rss 1791137717,1869447168,330117120,18800896,2224791552,2628337664
findling-rss 1791137719,1850093568,330117120,18800208,2205417472,2628337664
findling-rss 1791137721,1874415616,330117120,18801848,2230657024,2628337664
findling-rss 1791137723,1874857984,330117120,18797544,2230517760,2628337664
findling-rss 1791137725,1870229504,330117120,18796464,2225897472,2628337664
findling-rss 1791137727,1761439744,330117120,18798096,2116444160,2628337664
findling-rss 1791137729,1817366528,330117120,18796984,2173390848,2628337664
findling-rss 1791137731,1817620480,330117120,18796320,2173157376,2628337664
findling-rss 1791137733,1860960256,330117120,18797688,2216505344,2628337664
findling-rss 1791137735,1784926208,330117120,18796992,2140119040,2628337664
findling-rss 1791137737,1871114240,330117120,18796848,2226745344,2628337664
findling-rss 1791137739,1872916480,330117120,18798224,2228985856,2628337664
findling-rss 1791137741,2071658496,327180288,18966736,2425122816,2628337664
findling-rss 1791137743,2218508288,327180288,18972104,2572525568,2628337664
findling-rss 1791137745,2154692608,327389184,19000352,2508746752,2628337664
findling-rss 1791137747,2027155456,327421952,18993504,2377539584,2628337664
findling-rss 1791137749,2155028480,327421952,18999448,2508980224,2628337664
findling-rss 1791137751,2162061312,327430144,19022528,2516094976,2628337664
findling-rss 1791137753,2014257152,328650752,19045064,2368753664,2628337664
findling-rss 1791137755,2115084288,328650752,19045904,2459856896,2628337664
findling-rss 1791137757,2146086912,327868416,19046304,2501144576,2628337664
findling-rss 1791137759,1971625984,327913472,19041080,2325594112,2628337664
findling-rss 1791137761,2119774208,327913472,19047616,2474242048,2628337664
findling-rss 1791137763,2117980160,327921664,19071104,2472570880,2628337664
findling-rss 1791137765,1945837568,327958528,19061328,2300100608,2628337664
findling-rss 1791137767,2107949056,327958528,19066624,2462486528,2628337664
findling-rss 1791137769,2094260224,328286208,19087688,2449424384,2628337664
findling-rss 1791137771,2003136512,328663040,19088384,2357035008,2628337664
findling-rss 1791137773,2149662720,328663040,19094760,2504740864,2628337664
findling-rss 1791137775,2196086784,328667136,19116216,2551775232,2628337664
findling-rss 1791137777,1852964864,327622656,18821224,2205601792,2628337664
findling-rss 1791137779,1704804352,383987712,20369704,2115526656,2628337664
findling-rss 1791137781,2151317504,335155200,19165792,2513477632,2628337664
findling-rss 1791137783,2158661632,335155200,19190216,2520051712,2628337664
findling-rss 1791137785,1897881600,334798848,19039064,2258038784,2628337664
findling-rss 1791137787,2014490624,334798848,19042384,2374868992,2628337664
findling-rss 1791137789,1864351744,334446592,18903904,2224644096,2628337664
findling-rss 1791137791,1864482816,334446592,18905832,2225094656,2628337664
findling-rss 1791137793,1768779776,334446592,18779784,2128568320,2628337664
findling-rss 1791137795,1864826880,334446592,18903240,2224893952,2628337664
findling-rss 1791137797,1813450752,334446592,18905176,2173341696,2628337664
findling-rss 1791137799,1803440128,334446592,18901992,2162221056,2628337664
findling-rss 1791137801,1760149504,334446592,18779424,2119012352,2628337664
findling-rss 1791137803,1856401408,334446592,18902184,2216910848,2628337664
findling-rss 1791137805,1866461184,334446592,18900824,2226626560,2628337664
findling-rss 1791137807,1847209984,334446592,18899712,2207772672,2628337664
findling-rss 1791137809,1867579392,334446592,18902184,2227941376,2628337664
findling-rss 1791137811,1866784768,334446592,18901368,2226585600,2628337664
findling-rss 1791137813,1867378688,334446592,18899872,2227384320,2628337664
findling-rss 1791137815,1847209984,334446592,18898920,2207408128,2628337664
findling-rss 1791137817,1867763712,334446592,18941472,2228264960,2628337664
findling-rss 1791137820,1872584704,334446592,18903632,2232655872,2628337664
findling-rss 1791137822,1868713984,334446592,18900960,2228600832,2628337664
findling-rss 1791137824,1819205632,334446592,18900192,2175848448,2628337664
findling-rss 1791137826,1870110720,334446592,18901784,2229997568,2628337664
findling-rss 1791137828,1868447744,334446592,18899448,2228703232,2628337664
findling-rss 1791137830,1816104960,334446592,18898512,2176483328,2628337664
findling-rss 1791137832,1747136512,334446592,18898560,2107248640,2628337664
findling-rss 1791137834,1816608768,334446592,18899880,2177163264,2628337664
findling-rss 1791137836,1860673536,334446592,18900944,2221252608,2628337664
findling-rss 1791137838,2004017152,328232960,18995384,2364362752,2628337664
findling-rss 1791137840,2106187776,328232960,18991464,2461249536,2628337664
findling-rss 1791137842,2104815616,328224768,19014864,2459414528,2628337664
findling-rss 1791137844,1966141440,328273920,19004320,2320666624,2628337664
findling-rss 1791137846,2104999936,328273920,19010176,2459959296,2628337664
findling-rss 1791137848,2105647104,328269824,19032480,2460684288,2628337664
findling-rss 1791137850,1884880896,328290304,19020904,2236145664,2628337664
findling-rss 1791137852,2085335040,328290304,19029576,2440376320,2628337664
findling-rss 1791137854,2083606528,328314880,19074464,2438684672,2628337664
findling-rss 1791137856,2014572544,328368128,19066544,2369265664,2628337664
findling-rss 1791137858,2108915712,328368128,19067224,2464514048,2628337664
findling-rss 1791137860,2101633024,328355840,19088608,2457157632,2628337664
findling-rss 1791137862,1951682560,329568256,19114344,2307641344,2628337664
findling-rss 1791137864,2092351488,329568256,19120880,2448678912,2628337664
findling-rss 1791137866,2103070720,328388608,19107168,2458701824,2628337664
findling-rss 1791137868,1908490240,332636160,19208576,2267455488,2628337664
findling-rss 1791137870,2101661696,332636160,19214712,2461384704,2628337664
findling-rss 1791137872,2167361536,332615680,19241952,2527174656,2628337664
findling-rss 1791137874,1942765568,332271616,19093992,2300952576,2628337664
findling-rss 1791137876,1783328768,331919360,18959504,2140913664,2628337664
findling-rss 1791137878,1872834560,331919360,18960776,2230759424,2628337664
findling-rss 1791137880,1871986688,331919360,18960312,2229690368,2628337664
findling-rss 1791137882,1849724928,331919360,18954320,2206400512,2628337664
findling-rss 1791137884,1872338944,331919360,18957456,2230603776,2628337664
findling-rss 1791137886,1817202688,331919360,18959248,2175123456,2628337664
findling-rss 1791137888,1815576576,331919360,18959496,2173165568,2628337664
findling-rss 1791137890,1805135872,331919360,18960104,2162397184,2628337664
findling-rss 1791137892,1861169152,331919360,18963056,2218921984,2628337664
findling-rss 1791137894,1870372864,331919360,18962232,2228215808,2628337664
findling-rss 1791137896,1870655488,331919360,18957320,2228064256,2628337664
findling-rss 1791137898,1776537600,331919360,18942536,2132779008,2628337664
findling-rss 1791137900,1873055744,331919360,18960648,2230706176,2628337664
findling-rss 1791137902,1871691776,331919360,18955224,2229596160,2628337664
findling-rss 1791137904,1991946240,328306688,18995056,2339627008,2628337664
findling-rss 1791137906,2101030912,328306688,19000336,2455621632,2628337664
findling-rss 1791137908,2107633664,328335360,19024520,2463137792,2628337664
findling-rss 1791137910,1958760448,328355840,19015616,2312986624,2628337664
findling-rss 1791137912,2103496704,328355840,19021000,2458566656,2628337664
findling-rss 1791137914,2101190656,328359936,19045936,2455945216,2628337664
findling-rss 1791137916,2012176384,328396800,19039864,2362560512,2628337664
findling-rss 1791137918,2162610176,328396800,19039848,2517630976,2628337664
findling-rss 1791137920,2111553536,328400896,19061888,2465562624,2628337664
findling-rss 1791137922,2032074752,328458240,19049928,2387353600,2628337664
findling-rss 1791137924,2100649984,328458240,19056648,2456399872,2628337664
findling-rss 1791137926,2104971264,330194944,19124496,2461970432,2628337664
findling-rss 1791137928,1865793536,329482240,18849032,2221076480,2628337664
findling-rss 1791137930,1799770112,329482240,18845944,2155040768,2628337664
findling-rss 1791137932,1867440128,329482240,18848896,2222481408,2628337664
findling-rss 1791137934,1869455360,329482240,18847920,2224873472,2628337664
findling-rss 1791137936,1868488704,329482240,18851288,2223710208,2628337664
findling-rss 1791137938,1772965888,329482240,18729632,2127753216,2628337664
findling-rss 1791137940,1869152256,329482240,18851304,2224599040,2628337664
findling-rss 1791137942,2138648576,328507392,19091960,2494164992,2628337664
findling-rss 1791137944,1837080576,328491008,18861984,2188304384,2628337664
findling-rss 1791137946,2102849536,328491008,19115912,2457571328,2628337664
findling-rss 1791137948,2107269120,328540160,19115520,2462486528,2628337664
findling-rss 1791137950,1875075072,328511488,18885328,2222170112,2628337664
findling-rss 1791137952,2124873728,328511488,19138656,2480558080,2628337664
findling-rss 1791137954,2111070208,328585216,19131664,2467094528,2628337664
findling-rss 1791137956,1880940544,328577024,19145104,2235150336,2628337664
findling-rss 1791137958,2112684032,328577024,19151384,2468401152,2628337664
findling-rss 1791137960,2110672896,332996608,19150816,2470391808,2628337664
findling-rss 1791137962,2034884608,332996608,19148296,2394812416,2628337664
findling-rss 1791137964,2133848064,332996608,19147896,2493558784,2628337664
findling-rss 1791137966,2183147520,332996608,19145616,2543267840,2628337664
findling-rss 1791137968,2134011904,332996608,19145984,2493784064,2628337664
findling-rss 1791137970,2023587840,332996608,19140008,2379374592,2628337664
findling-rss 1791137972,2191630336,332996608,19144304,2552205312,2628337664
findling-rss 1791137974,2121297920,330543104,19094224,2478452736,2628337664
findling-rss 1791137976,1944788992,328454144,18910936,2298310656,2628337664
findling-rss 1791137978,1718353920,327454720,18619032,2070740992,2628337664
findling-rss 1791137980,2109530112,328507392,19042288,2464731136,2628337664
findling-rss 1791137982,2107797504,328511488,19060072,2462846976,2628337664
findling-rss 1791137984,1718362112,327495680,18642080,2070827008,2628337664
findling-rss 1791137986,2110836736,328564736,19062672,2466377728,2628337664
findling-rss 1791137988,2107797504,328560640,19082304,2462269440,2628337664
findling-rss 1791137990,1718390784,327536640,18659888,2070941696,2628337664
findling-rss 1791137992,2119008256,329302016,19099752,2475061248,2628337664
findling-rss 1791137994,2110627840,329306112,19122184,2466635776,2628337664
findling-rss 1791137996,1889308672,328949760,18973200,2244169728,2628337664
findling-rss 1791137998,2022506496,328949760,18973904,2378100736,2628337664
findling-rss 1791138000,2111504384,328626176,19146400,2467229696,2628337664
findling-rss 1791138002,2006380544,328630272,19112280,2350612480,2628337664
findling-rss 1791138004,2110054400,328646656,19121528,2465239040,2628337664
findling-rss 1791138006,2111758336,328691712,19116528,2467565568,2628337664
findling-rss 1791138008,1993609216,328691712,19133904,2348728320,2628337664
findling-rss 1791138010,2110898176,328691712,19139080,2466533376,2628337664
findling-rss 1791138012,2110345216,329449472,19158176,2466852864,2628337664
findling-rss 1791138014,1977008128,329437184,19181568,2333102080,2628337664
findling-rss 1791138016,2120396800,329437184,19178280,2476769280,2628337664
findling-rss 1791138018,2024304640,329084928,19031776,2380161024,2628337664
findling-rss 1791138020,2017538048,330305536,19076568,2373914624,2628337664
findling-rss 1791138022,2117201920,330305536,19076832,2474311680,2628337664
findling-rss 1791138024,2121822208,330309632,19097824,2478592000,2628337664
findling-rss 1791138026,1973391360,329949184,18953232,2329071616,2628337664
findling-rss 1791138028,1809309696,329596928,18816960,2160173056,2628337664
findling-rss 1791138030,1878962176,329596928,18817512,2233884672,2628337664
findling-rss 1791138032,1878568960,329596928,18813592,2233905152,2628337664
findling-rss 1791138034,1877463040,329596928,18814952,2232549376,2628337664
findling-rss 1791138036,1719484416,327561216,18617264,2071363584,2628337664
findling-rss 1791138038,2109591552,328609792,19047680,2465259520,2628337664
findling-rss 1791138040,2109468672,328626176,19136400,2465992704,2628337664
findling-rss 1791138042,1718444032,327602176,18660992,2071187456,2628337664
findling-rss 1791138044,2174111744,328441856,19058648,2529443840,2628337664
findling-rss 1791138046,2089656320,328667136,19086400,2445107200,2628337664
findling-rss 1791138048,1718460416,327643136,18674176,2071461888,2628337664
findling-rss 1791138050,2114220032,329756672,19115400,2470817792,2628337664
findling-rss 1791138052,2119479296,329760768,19137360,2476376064,2628337664
findling-rss 1791138054,1837244416,329416704,18989496,2175430656,2628337664
findling-rss 1791138056,1973432320,329416704,18991400,2329501696,2628337664
findling-rss 1791138058,1825234944,329060352,18855448,2179829760,2628337664
findling-rss 1791138060,1987153920,332234752,19248656,2345750528,2628337664
findling-rss 1791138062,2121064448,332234752,19197672,2480427008,2628337664
findling-rss 1791138064,2121756672,332259328,19220048,2480586752,2628337664
findling-rss 1791138066,2023149568,331894784,19073424,2381598720,2628337664
findling-rss 1791138068,1793404928,331546624,18934752,2150973440,2628337664
findling-rss 1791138070,1928613888,331546624,18936888,2293211136,2628337664
findling-rss 1791138072,1878765568,331546624,18935240,2236096512,2628337664
findling-rss 1791138074,1877434368,331546624,18933624,2235015168,2628337664
findling-rss 1791138076,1782837248,331546624,18810984,2139480064,2628337664
findling-rss 1791138078,1879318528,331546624,18936056,2236518400,2628337664
findling-rss 1791138080,1825665024,331546624,18938608,2183135232,2628337664
findling-rss 1791138082,1819308032,331546624,18936304,2175520768,2628337664
findling-rss 1791138084,1750323200,331546624,18808672,2105446400,2628337664
findling-rss 1791138086,1871101952,331546624,18934288,2228002816,2628337664
findling-rss 1791138089,1879867392,331546624,18950240,2237644800,2628337664
findling-rss 1791138091,1872400384,328798208,18991176,2227146752,2628337664
findling-rss 1791138093,2115452928,328798208,19119984,2471178240,2628337664
findling-rss 1791138095,2095992832,328802304,19142024,2451947520,2628337664
findling-rss 1791138097,1939693568,328855552,19010496,2290245632,2628337664
findling-rss 1791138099,2145931264,328855552,19140592,2501472256,2628337664
findling-rss 1791138101,2110406656,328839168,19161672,2465943552,2628337664
findling-rss 1791138103,1900318720,332222464,19122744,2258522112,2628337664
findling-rss 1791138105,2111586304,332222464,19129296,2470813696,2628337664
findling-rss 1791138107,2180710400,332009472,19143808,2539859968,2628337664
findling-rss 1791138109,2037870592,331870208,18999760,2396139520,2628337664
findling-rss 1791138111,1972801536,331870208,18880168,2331295744,2628337664
findling-rss 1791138113,1859129344,331509760,18863720,2216456192,2628337664
findling-rss 1791138115,1911840768,331509760,18861816,2269609984,2628337664
findling-rss 1791138117,1900802048,331509760,18862632,2258079744,2628337664
findling-rss 1791138119,1920565248,331509760,18862072,2278047744,2628337664
findling-rss 1791138121,1921814528,331509760,18860456,2279149568,2628337664
findling-rss 1791138123,1923067904,331509760,18860296,2280308736,2628337664
findling-rss 1791138125,1902944256,331509760,18863032,2260320256,2628337664
findling-rss 1791138127,1923309568,331509760,18863024,2280640512,2628337664
findling-rss 1791138129,1922920448,331509760,18862768,2280280064,2628337664
findling-rss 1791138131,1922650112,331509760,18863984,2279981056,2628337664
findling-rss 1791138133,1763397632,328060928,18654648,2117152768,2628337664
findling-rss 1791138135,2157514752,328765440,19053584,2513195008,2628337664
findling-rss 1791138137,2110562304,328769536,19072824,2466234368,2628337664
findling-rss 1791138139,1834491904,329981952,18724368,2189086720,2628337664
findling-rss 1791138141,2150830080,329981952,19103040,2507722752,2628337664
findling-rss 1791138143,2111524864,328814592,19091248,2466586624,2628337664
findling-rss 1791138145,1725186048,331624448,18779488,2075164672,2628337664
findling-rss 1791138147,2109812736,332333056,19182944,2469228544,2628337664
findling-rss 1791138149,2119393280,332312576,19205496,2478903296,2628337664
findling-rss 1791138151,2018160640,331976704,19057736,2376781824,2628337664
findling-rss 1791138153,2027245568,331976704,19057240,2385367040,2628337664
findling-rss 1791138155,1878925312,331624448,18919864,2236502016,2628337664
findling-rss 1791138157,1878024192,331624448,18921224,2235473920,2628337664
findling-rss 1791138159,1849626624,331624448,18921512,2207494144,2628337664
findling-rss 1791138161,1879449600,331624448,18921240,2237104128,2628337664
findling-rss 1791138163,1825845248,331624448,18956552,2185850880,2628337664
findling-rss 1791138165,1825898496,331624448,18917440,2183045120,2628337664
findling-rss 1791138167,1802731520,331624448,18919512,2160029696,2628337664
findling-rss 1791138169,1869795328,331624448,18920288,2227175424,2628337664
findling-rss 1791138171,1879445504,331624448,18921496,2236891136,2628337664
findling-rss 1791138173,1879896064,331624448,18921792,2237194240,2628337664
findling-rss 1791138175,1721667584,327847936,18697344,2074476544,2628337664
findling-rss 1791138177,2110500864,332746752,19218664,2470494208,2628337664
findling-rss 1791138179,2109734912,332763136,19239472,2469146624,2628337664
findling-rss 1791138181,1926729728,332394496,19091104,2285428736,2628337664
findling-rss 1791138183,2015043584,332394496,19104528,2373705728,2628337664
findling-rss 1791138185,1814003712,332046336,18951336,2171801600,2628337664
findling-rss 1791138187,1866752000,332046336,18952680,2224689152,2628337664
findling-rss 1791138189,1820561408,332046336,18950696,2178351104,2628337664
findling-rss 1791138191,1880829952,332046336,18953312,2238259200,2628337664
findling-rss 1791138193,1877491712,332046336,18954672,2234855424,2628337664
findling-rss 1791138195,1877024768,332046336,18954448,2235076608,2628337664
findling-rss 1791138197,1810661376,332046336,18948016,2168463360,2628337664
findling-rss 1791138199,1878966272,332046336,18950472,2237038592,2628337664
findling-rss 1791138201,1878138880,332046336,18949464,2236035072,2628337664
findling-rss 1791138203,1878069248,332046336,18947544,2235404288,2628337664
findling-rss 1791138205,1782444032,332046336,18825072,2140155904,2628337664
findling-rss 1791138207,1878933504,332046336,18948240,2236637184,2628337664
findling-rss 1791138209,2109075456,328966144,19125848,2464960512,2628337664
findling-rss 1791138211,1895276544,328945664,19145704,2249179136,2628337664
findling-rss 1791138213,2110005248,328945664,19150024,2512347136,2628337664
findling-rss 1791138215,2110668800,329019392,19148728,2466410496,2628337664
findling-rss 1791138217,1936728064,328990720,19166552,2291822592,2628337664
findling-rss 1791138219,2110775296,328990720,19170968,2466922496,2628337664
findling-rss 1791138221,2109452288,328876032,19042104,2464907264,2628337664
findling-rss 1791138223,2050363392,328863744,19056296,2405609472,2628337664
findling-rss 1791138225,2090954752,328863744,19056976,2447421440,2628337664
findling-rss 1791138227,2109952000,328912896,19057336,2465525760,2628337664
findling-rss 1791138229,2024275968,328925184,19067968,2379751424,2628337664
findling-rss 1791138231,2165506048,328925184,19074976,2521505792,2628337664
findling-rss 1791138233,2110754816,328949760,19076344,2466451456,2628337664
findling-rss 1791138235,1991340032,328953856,19091464,2337693696,2628337664
findling-rss 1791138237,2111209472,328953856,19094976,2466791424,2628337664
findling-rss 1791138239,2172768256,328773632,19086104,2528251904,2628337664
findling-rss 1791138241,2002984960,328998912,19113968,2358525952,2628337664
findling-rss 1791138243,2116792320,328998912,19116704,2472869888,2628337664
findling-rss 1791138245,2109861888,329015296,19110368,2465415168,2628337664
findling-rss 1791138247,2050404352,329043968,19128464,2406072320,2628337664
findling-rss 1791138249,2170773504,329043968,19132704,2526842880,2628337664
findling-rss 1791138251,2112692224,329080832,19128256,2468749312,2628337664
findling-rss 1791138253,2050363392,329080832,19146696,2406760448,2628337664
findling-rss 1791138255,1988816896,328728576,19014120,2343968768,2628337664
findling-rss 1791138257,2110533632,330530816,19188040,2467553280,2628337664
findling-rss 1791138259,2061438976,331567104,19238072,2418499584,2628337664
findling-rss 1791138261,1948774400,331567104,18991896,2301706240,2628337664
findling-rss 1791138263,2125729792,331558912,19232232,2484408320,2628337664
findling-rss 1791138265,2029260800,331210752,19092248,2387472384,2628337664
findling-rss 1791138267,1934311424,331210752,19085688,2291601408,2628337664
findling-rss 1791138269,1978896384,331210752,19089256,2336235520,2628337664
findling-rss 1791138271,2111762432,328974336,19040440,2467479552,2628337664
findling-rss 1791138273,2069749760,328974336,19061448,2424573952,2628337664
findling-rss 1791138275,1902424064,328622080,18927120,2296516608,2628337664
findling-rss 1791138277,2110590976,329007104,19059896,2466455552,2628337664
findling-rss 1791138279,2066538496,329019392,19084040,2422206464,2628337664
findling-rss 1791138281,1814773760,328310784,18811464,2168737792,2628337664
findling-rss 1791138283,2110414848,329048064,19075832,2466275328,2628337664
findling-rss 1791138285,2094649344,329060352,19094264,2449211392,2628337664
findling-rss 1791138287,1718550528,328040448,18675392,2072035328,2628337664
findling-rss 1791138289,2110722048,329101312,19095048,2466553856,2628337664
findling-rss 1791138291,2109706240,329093120,19113648,2464374784,2628337664
findling-rss 1791138293,1718554624,328081408,18690784,2071552000,2628337664
findling-rss 1791138295,2110754816,329142272,19110968,2466422784,2628337664
findling-rss 1791138297,2109374464,329129984,19136144,2466021376,2628337664
findling-rss 1791138299,1718571008,328122368,18720632,2071568384,2628337664
findling-rss 1791138301,2166308864,333414400,19254472,2526973952,2628337664
findling-rss 1791138303,2119729152,333406208,19269808,2479808512,2628337664
findling-rss 1791138305,1912750080,333053952,19120896,2272051200,2628337664
findling-rss 1791138307,2025938944,333053952,19125440,2385154048,2628337664
findling-rss 1791138309,1825808384,332697600,18984552,2184323072,2628337664
findling-rss 1791138311,1824190464,332697600,18985504,2182909952,2628337664
findling-rss 1791138313,1773469696,332697600,18864512,2131918848,2628337664
findling-rss 1791138315,1869082624,332697600,18988752,2227560448,2628337664
findling-rss 1791138317,1879490560,332697600,18987680,2237988864,2628337664
findling-rss 1791138319,1872113664,332697600,18986184,2229342208,2628337664
findling-rss 1791138321,1784295424,332697600,18865192,2142461952,2628337664
findling-rss 1791138323,1880797184,332697600,18987392,2240053248,2628337664
findling-rss 1791138325,1881067520,332697600,18984688,2239709184,2628337664
findling-rss 1791138327,1860202496,332697600,18983168,2218016768,2628337664
findling-rss 1791138329,1784442880,332697600,18860528,2142826496,2628337664
findling-rss 1791138331,1887211520,332697600,18982392,2245718016,2628337664
findling-rss 1791138333,1882112000,332697600,18983088,2240757760,2628337664
findling-rss 1791138335,1836904448,329216000,19020288,2190376960,2628337664
findling-rss 1791138337,2101768192,329216000,19149168,2458062848,2628337664
findling-rss 1791138339,2111946752,329252864,19173472,2467983360,2628337664
findling-rss 1791138341,1893613568,387346432,20640064,2299039744,2628337664
findling-rss 1791138343,2172723200,329580544,19061112,2529742848,2628337664
findling-rss 1791138345,2126000128,329805824,19135816,2483920896,2628337664
findling-rss 1791138347,1932640256,329445376,18942176,2288283648,2628337664
findling-rss 1791138349,1973710848,329445376,18940448,2328891392,2628337664
findling-rss 1791138351,2110185472,329129984,19064256,2465964032,2628337664
findling-rss 1791138353,2059055104,329134080,19082408,2414002176,2628337664
findling-rss 1791138355,1967792128,328781824,18943464,2322870272,2628337664
findling-rss 1791138358,2112655360,329170944,19080344,2468696064,2628337664
findling-rss 1791138360,2059120640,329170944,19102912,2413453312,2628337664
findling-rss 1791138362,1770741760,328466432,18808616,2155397120,2628337664
findling-rss 1791138364,2110349312,329220096,19099872,2466516992,2628337664
findling-rss 1791138366,2156343296,330248192,19164400,2513760256,2628337664
findling-rss 1791138368,1780502528,329551872,18748904,2135429120,2628337664
findling-rss 1791138370,1876123648,329551872,18871672,2231205888,2628337664
findling-rss 1791138372,1876553728,329551872,18871128,2232471552,2628337664
findling-rss 1791138374,1875251200,329551872,18870816,2231156736,2628337664
findling-rss 1791138376,1719037952,328204288,18697784,2072117248,2628337664
findling-rss 1791138378,2110320640,329273344,19120576,2466799616,2628337664
findling-rss 1791138380,2092437504,329265152,19141184,2448003072,2628337664
findling-rss 1791138382,1753305088,328245248,18714776,2106269696,2628337664
findling-rss 1791138384,2173382656,329281536,19137136,2529710080,2628337664
findling-rss 1791138386,2145599488,329306112,19219464,2502979584,2628337664
findling-rss 1791138388,1753309184,328286208,18747856,2106638336,2628337664
findling-rss 1791138390,2113265664,329355264,19154416,2469543936,2628337664
findling-rss 1791138392,2109526016,329355264,19176672,2465447936,2628337664
findling-rss 1791138394,1718714368,386023424,20499808,2131996672,2628337664
findling-rss 1791138396,2112389120,329220096,19049760,2468605952,2628337664
findling-rss 1791138398,2109722624,329203712,19065480,2465820672,2628337664
findling-rss 1791138400,1771593728,328196096,18660480,2124832768,2628337664
findling-rss 1791138402,2165710848,329265152,19067424,2521600000,2628337664
findling-rss 1791138404,2108534784,329240576,19087656,2464444416,2628337664
findling-rss 1791138406,1736802304,328589312,18722736,2086707200,2628337664
findling-rss 1791138408,2124025856,329297920,19085176,2480586752,2628337664
findling-rss 1791138410,2116079616,329297920,19104808,2472144896,2628337664
findling-rss 1791138412,1718759424,328278016,18686240,2072473600,2628337664
findling-rss 1791138414,2173878272,329834496,19115992,2530746368,2628337664
findling-rss 1791138416,2119766016,330047488,19147200,2476650496,2628337664
findling-rss 1791138418,1892995072,329687040,19003952,2249404416,2628337664
findling-rss 1791138420,1975693312,329687040,19005280,2331627520,2628337664
findling-rss 1791138422,2110111744,329379840,19122408,2466369536,2628337664
findling-rss 1791138424,1908846592,329371648,19142184,2263154688,2628337664
findling-rss 1791138426,2111987712,329371648,19146336,2468003840,2628337664
findling-rss 1791138428,2109558784,329408512,19134992,2465730560,2628337664
findling-rss 1791138430,1977999360,329420800,19154712,2334154752,2628337664
findling-rss 1791138432,2125242368,329420800,19159944,2481901568,2628337664
findling-rss 1791138434,2110889984,329461760,19158448,2466664448,2628337664
findling-rss 1791138436,2046222336,329859072,19186672,2389913600,2628337664
findling-rss 1791138438,2111950848,329859072,19192560,2468405248,2628337664
findling-rss 1791138440,2112393216,335355904,19219144,2474844160,2628337664
findling-rss 1791138442,2045931520,335360000,19240072,2405244928,2628337664
findling-rss 1791138444,2127634432,335360000,19241432,2490368000,2628337664
findling-rss 1791138446,2025680896,334999552,19093392,2386550784,2628337664
findling-rss 1791138448,1880002560,334643200,18955992,2240430080,2628337664
findling-rss 1791138450,1805217792,334643200,18952696,2165288960,2628337664
findling-rss 1791138452,1877893120,334643200,18955712,2238533632,2628337664
findling-rss 1791138454,1870127104,334643200,18955832,2230525952,2628337664
findling-rss 1791138456,1879080960,334643200,18957216,2240155648,2628337664
findling-rss 1791138458,1834340352,334643200,18952536,2194804736,2628337664
findling-rss 1791138460,1886425088,334643200,18954216,2247249920,2628337664
findling-rss 1791138462,1880772608,334643200,18952736,2241716224,2628337664
findling-rss 1791138464,1879912448,334643200,18951664,2240430080,2628337664
findling-rss 1791138466,1784557568,334643200,18844800,2144165888,2628337664
findling-rss 1791138468,1881001984,334643200,18951120,2241802240,2628337664
findling-rss 1791138470,1880653824,334643200,18950696,2241462272,2628337664
findling-rss 1791138472,1861865472,334643200,18950560,2222440448,2628337664
findling-rss 1791138474,1886597120,334643200,18952896,2247196672,2628337664
findling-rss 1791138476,1883033600,334643200,18954744,2243231744,2628337664
findling-rss 1791138478,1883381760,334643200,18954336,2243805184,2628337664
findling-rss 1791138480,1854238720,334643200,18953800,2214645760,2628337664
findling-rss 1791138482,1883455488,334643200,18953520,2244210688,2628337664
findling-rss 1791138484,1830014976,334643200,18954704,2190704640,2628337664
findling-rss 1791138486,2007138304,329805824,19087608,2362155008,2628337664
findling-rss 1791138488,1917034496,329461760,18980792,2277658624,2628337664
findling-rss 1791138490,2061754368,329789440,19106176,2418438144,2628337664
findling-rss 1791138492,2041450496,333705216,19204488,2400522240,2628337664
findling-rss 1791138494,1825284096,333344768,18865736,2184159232,2628337664
findling-rss 1791138496,2114289664,333697024,19231272,2474983424,2628337664
findling-rss 1791138498,2006814720,333361152,19087488,2366963712,2628337664
findling-rss 1791138500,1883725824,332992512,18944056,2242457600,2628337664
findling-rss 1791138502,1905393664,332992512,18944720,2263846912,2628337664
findling-rss 1791138504,1913327616,332992512,18944600,2272485376,2628337664
findling-rss 1791138506,1914716160,332992512,18943496,2273480704,2628337664
findling-rss 1791138508,1895604224,332992512,18945464,2254315520,2628337664
findling-rss 1791138510,1917235200,332992512,18944328,2275799040,2628337664
findling-rss 1791138512,1915871232,332992512,18945688,2274734080,2628337664
findling-rss 1791138514,1915568128,332992512,18945832,2274570240,2628337664
findling-rss 1791138516,1895624704,332992512,18944016,2254233600,2628337664
findling-rss 1791138518,1916051456,332992512,18947168,2275098624,2628337664
findling-rss 1791138520,1916063744,332992512,18946776,2275135488,2628337664
findling-rss 1791138522,1915314176,332992512,18945448,2274271232,2628337664
findling-rss 1791138524,1797513216,329203712,18717008,2150723584,2628337664
findling-rss 1791138526,2116452352,333422592,19215304,2476888064,2628337664
findling-rss 1791138528,2158854144,333471744,19233312,2519691264,2628337664
findling-rss 1791138530,1967337472,333144064,19088856,2326904832,2628337664
findling-rss 1791138532,1979027456,333144064,19089568,2338496512,2628337664
findling-rss 1791138534,1881436160,332795904,18952888,2240090112,2628337664
findling-rss 1791138536,1880817664,332795904,18950712,2239746048,2628337664
findling-rss 1791138538,1813958656,332795904,18955216,2172866560,2628337664
findling-rss 1791138540,1882476544,332795904,18955696,2241290240,2628337664
findling-rss 1791138542,1881333760,332795904,18953576,2240204800,2628337664
findling-rss 1791138544,1880502272,332795904,18954936,2239401984,2628337664
findling-rss 1791138546,1785147392,332795904,18827096,2143096832,2628337664
findling-rss 1791138548,1885872128,332795904,18950640,2243866624,2628337664
findling-rss 1791138550,1881567232,332795904,18950608,2240241664,2628337664
findling-rss 1791138552,1861070848,332795904,18948952,2219536384,2628337664
findling-rss 1791138554,1721880576,328990720,18731512,2075709440,2628337664
findling-rss 1791138556,2112487424,332824576,19214488,2472456192,2628337664
findling-rss 1791138558,2115088384,332840960,19235864,2474057728,2628337664
findling-rss 1791138560,1943556096,332476416,19092008,2298650624,2628337664
findling-rss 1791138562,2029125632,332476416,19089648,2388357120,2628337664
findling-rss 1791138564,1880682496,332128256,18952256,2238595072,2628337664
findling-rss 1791138566,1861050368,332128256,18953360,2219319296,2628337664
findling-rss 1791138568,1882857472,332128256,18957240,2240925696,2628337664
findling-rss 1791138570,1881288704,332128256,18949960,2239336448,2628337664
findling-rss 1791138572,1882189824,332128256,18950624,2240327680,2628337664
findling-rss 1791138574,1861062656,332128256,18949256,2218491904,2628337664
findling-rss 1791138576,1884561408,332128256,18950504,2242600960,2628337664
findling-rss 1791138578,1880940544,332128256,18952120,2239127552,2628337664
findling-rss 1791138580,2053271552,330113024,19156736,2410029056,2628337664
findling-rss 1791138582,2019004416,329756672,19042232,2375360512,2628337664
findling-rss 1791138584,2118115328,330092544,19177936,2474926080,2628337664
findling-rss 1791138586,2088210432,330145792,19175584,2445033472,2628337664
findling-rss 1791138588,1780883456,329781248,18845176,2129821696,2628337664
findling-rss 1791138590,2115874816,330137600,19196808,2472534016,2628337664
findling-rss 1791138592,2162155520,329977856,19062376,2519080960,2628337664
findling-rss 1791138594,1895477248,330330112,18829072,2248073216,2628337664
findling-rss 1791138596,2116517888,330330112,19100192,2473619456,2628337664
findling-rss 1791138598,1878761472,329629696,18824808,2234093568,2628337664
findling-rss 1791138600,1979867136,330027008,19082800,2336182272,2628337664
findling-rss 1791138602,2120806400,330027008,19089336,2477527040,2628337664
findling-rss 1791138604,2116411392,330018816,19108528,2473738240,2628337664
findling-rss 1791138606,1989226496,331472896,19140464,2347180032,2628337664
findling-rss 1791138608,2112565248,331472896,19143800,2470539264,2628337664
findling-rss 1791138610,2148040704,331489280,19168088,2506752000,2628337664
findling-rss 1791138612,2051125248,331128832,19016704,2408497152,2628337664
findling-rss 1791138614,1795076096,330776576,18884016,2151464960,2628337664
findling-rss 1791138616,1852321792,330776576,18881880,2208804864,2628337664
findling-rss 1791138618,1904218112,330776576,18878616,2261057536,2628337664
findling-rss 1791138620,2017378304,330117120,19118792,2374492160,2628337664
findling-rss 1791138622,2114895872,330117120,19122624,2472235008,2628337664
findling-rss 1791138625,2131443712,330137600,19221736,2487906304,2628337664
findling-rss 1791138627,1770246144,329109504,18801520,2125008896,2628337664
findling-rss 1791138629,2162421760,330158080,19223952,2519617536,2628337664
findling-rss 1791138631,2160566272,330170368,19238976,2518241280,2628337664
findling-rss 1791138633,1653198848,329150464,18625528,2007289856,2628337664
findling-rss 1791138635,2122792960,335790080,19468768,2486226944,2628337664
findling-rss 1791138637,2125017088,335589376,19365816,2487697408,2628337664
findling-rss 1791138639,1914454016,335441920,19224384,2275934208,2628337664
findling-rss 1791138641,2019692544,335441920,19348032,2381697024,2628337664
findling-rss 1791138643,1853276160,335093760,19208888,2214305792,2628337664
findling-rss 1791138645,1777410048,335093760,19087488,2138230784,2628337664
findling-rss 1791138647,1873612800,335093760,19211184,2235101184,2628337664
findling-rss 1791138649,1873731584,335093760,19207120,2234679296,2628337664
findling-rss 1791138651,1853313024,335093760,19206008,2214637568,2628337664
findling-rss 1791138653,1777549312,335093760,19099976,2138263552,2628337664
findling-rss 1791138655,1874010112,335093760,19206152,2234724352,2628337664
findling-rss 1791138657,1874423808,335093760,19204848,2235236352,2628337664
findling-rss 1791138659,1855758336,335093760,19207608,2217287680,2628337664
findling-rss 1791138661,1875505152,335093760,19210216,2237202432,2628337664
findling-rss 1791138663,1876168704,335093760,19205608,2237161472,2628337664
findling-rss 1791138665,1875660800,335093760,19206984,2236411904,2628337664
findling-rss 1791138667,1802555392,335093760,19207944,2163310592,2628337664
findling-rss 1791138669,1823383552,335093760,19207808,2184335360,2628337664
findling-rss 1791138671,1822982144,335093760,19205744,2184392704,2628337664
findling-rss 1791138673,1866301440,335093760,19204944,2227597312,2628337664
findling-rss 1791138675,1821003776,335093760,19204712,2182213632,2628337664
findling-rss 1791138677,1877196800,335093760,19207664,2238746624,2628337664
findling-rss 1791138679,1878949888,335093760,19209008,2239963136,2628337664
findling-rss 1791138681,2088701952,333410304,19418176,2448830464,2628337664
findling-rss 1791138683,2160250880,333410304,19419968,2520846336,2628337664
findling-rss 1791138685,2140565504,333410304,19519760,2501578752,2628337664
findling-rss 1791138687,2017329152,333074432,19375560,2376728576,2628337664
findling-rss 1791138689,1861685248,332709888,19253504,2221178880,2628337664
findling-rss 1791138691,1890496512,332709888,19233656,2249043968,2628337664
findling-rss 1791138693,1889972224,332709888,19234488,2249310208,2628337664
findling-rss 1791138695,1897992192,332709888,19234608,2256506880,2628337664
findling-rss 1791138697,1823117312,332709888,19233304,2181660672,2628337664
findling-rss 1791138699,1890996224,332709888,19236256,2249494528,2628337664
findling-rss 1791138701,1891184640,332709888,19235440,2250014720,2628337664
findling-rss 1791138703,1890402304,332709888,19236784,2249236480,2628337664
findling-rss 1791138705,1801244672,332709888,19237392,2157166592,2628337664
findling-rss 1791138707,1897381888,332709888,19237872,2256265216,2628337664
findling-rss 1791138709,2155003904,330174464,19331120,2512732160,2628337664
findling-rss 1791138711,1920192512,330153984,19202408,2270420992,2628337664
findling-rss 1791138713,2157060096,330153984,19328704,2514247680,2628337664
findling-rss 1791138715,2160762880,330190848,19326536,2518007808,2628337664
findling-rss 1791138717,2062200832,329990144,19229408,2452144128,2628337664
findling-rss 1791138719,2220208128,329990144,19358560,2577383424,2628337664
findling-rss 1791138721,2215534592,330227712,19361928,2573012992,2628337664
findling-rss 1791138723,1981276160,330244096,19379680,2332618752,2628337664
findling-rss 1791138725,2164404224,330244096,19382856,2522251264,2628337664
findling-rss 1791138727,2157707264,330293248,19380968,2515410944,2628337664
findling-rss 1791138729,2035683328,331456512,19437080,2394365952,2628337664
findling-rss 1791138731,2149097472,331456512,19437320,2507149312,2628337664
findling-rss 1791138733,2159304704,330321920,19395704,2516893696,2628337664
findling-rss 1791138735,1957720064,330321920,19418168,2313863168,2628337664
findling-rss 1791138737,2163961856,330321920,19423696,2521296896,2628337664
findling-rss 1791138739,2192560128,330383360,19438008,2537656320,2628337664
findling-rss 1791138741,1977794560,330379264,19454040,2334629888,2628337664
findling-rss 1791138743,2166579200,330379264,19457056,2523680768,2628337664
findling-rss 1791138745,2141880320,330420224,19457240,2499997696,2628337664
findling-rss 1791138747,1951846400,330412032,19472496,2308640768,2628337664
findling-rss 1791138749,2166620160,330412032,19477272,2524078080,2628337664
findling-rss 1791138751,2157514752,331313152,19372168,2516045824,2628337664
findling-rss 1791138753,1934614528,332509184,19427176,2291154944,2628337664
findling-rss 1791138755,2155302912,332509184,19431456,2514968576,2628337664
findling-rss 1791138757,2176065536,330768384,19248688,2534158336,2628337664
findling-rss 1791138759,1954676736,330629120,19117128,2311991296,2628337664
findling-rss 1791138761,1794723840,329261056,18937848,2149453824,2628337664
findling-rss 1791138763,2165936128,330321920,19369168,2523324416,2628337664
findling-rss 1791138765,2158194688,330330112,19389616,2515677184,2628337664
findling-rss 1791138767,1715200000,329302016,18963752,2069622784,2628337664
findling-rss 1791138769,2158989312,332832768,19457592,2518958080,2628337664
findling-rss 1791138771,2177662976,332824576,19470928,2537594880,2628337664
findling-rss 1791138773,1988210688,332832768,19465688,2343632896,2628337664
findling-rss 1791138775,2237698048,332832768,19468480,2597965824,2628337664
findling-rss 1791138777,2182828032,332828672,19469456,2542882816,2628337664
findling-rss 1791138779,1874767872,331071488,19168856,2231865344,2628337664
findling-rss 1791138781,1716277248,329351168,18978792,2070560768,2628337664
findling-rss 1791138783,2157899776,330407936,19407416,2515300352,2628337664
findling-rss 1791138785,2158362624,330416128,19428712,2516127744,2628337664
findling-rss 1791138787,1715228672,329392128,19010024,2070425600,2628337664
findling-rss 1791138789,2159984640,330444800,19425776,2517499904,2628337664
findling-rss 1791138791,2215280640,330452992,19443312,2572808192,2628337664
findling-rss 1791138793,1715249152,329433088,19041704,2070384640,2628337664
findling-rss 1791138795,2162741248,330493952,19445352,2520870912,2628337664
findling-rss 1791138797,2158411776,330502144,19466888,2516291584,2628337664
findling-rss 1791138799,1715249152,329474048,19042384,2069909504,2628337664
findling-rss 1791138801,2162749440,331210752,19478328,2521554944,2628337664
findling-rss 1791138803,2169876480,331231232,19502560,2528641024,2628337664
findling-rss 1791138805,1911771136,332054528,19385640,2268008448,2628337664
findling-rss 1791138807,2015014912,332054528,19386336,2373890048,2628337664
findling-rss 1791138809,2157268992,330375168,19356992,2514251776,2628337664
findling-rss 1791138811,1897959424,330371072,19123136,2248097792,2628337664
findling-rss 1791138813,2158862336,330371072,19377568,2516131840,2628337664
findling-rss 1791138815,2161192960,330416128,19376464,2518802432,2628337664
findling-rss 1791138817,1980252160,330424320,19388120,2337144832,2628337664
findling-rss 1791138819,2164793344,330424320,19396096,2522443776,2628337664
findling-rss 1791138821,2166419456,330473472,19392320,2524327936,2628337664
findling-rss 1791138823,2063372288,330461184,19411248,2420731904,2628337664
findling-rss 1791138825,2160463872,330461184,19419376,2523635712,2628337664
findling-rss 1791138827,2216833024,330506240,19411728,2574827520,2628337664
findling-rss 1791138829,2099322880,330498048,19433760,2457300992,2628337664
findling-rss 1791138831,2159845376,330498048,19432968,2517528576,2628337664
findling-rss 1791138833,2159820800,330526720,19429160,2517569536,2628337664
findling-rss 1791138835,2099363840,330543104,19445424,2457333760,2628337664
findling-rss 1791138837,2135822336,330543104,19449472,2511364096,2628337664
findling-rss 1791138839,2165682176,330575872,19445728,2523774976,2628337664
findling-rss 1791138841,2128191488,330588160,19467528,2484391936,2628337664
findling-rss 1791138843,1899966464,329887744,19193440,2255958016,2628337664
findling-rss 1791138845,2143961088,330637312,19481784,2502189056,2628337664
findling-rss 1791138847,2119774208,330633216,19505696,2477998080,2628337664
findling-rss 1791138849,1867825152,329928704,19230688,2223943680,2628337664
findling-rss 1791138851,2161573888,330498048,19378736,2518970368,2628337664
findling-rss 1791138853,2110562304,330465280,19393032,2466390016,2628337664
findling-rss 1791138855,1849544704,329756672,19122592,2205097984,2628337664
findling-rss 1791138857,2160738304,330539008,19396376,2518405120,2628337664
findling-rss 1791138859,2135207936,330887168,19427592,2493259776,2628337664
findling-rss 1791138861,1802948608,330178560,19150664,2153377792,2628337664
findling-rss 1791138863,1875533824,330178560,19153464,2231705600,2628337664
findling-rss 1791138865,2160324608,330579968,19414440,2517835776,2628337664
findling-rss 1791138867,1982210048,330559488,19435392,2339028992,2628337664
findling-rss 1791138869,2170572800,330559488,19439736,2528473088,2628337664
findling-rss 1791138871,2161377280,335204352,19555240,2522775552,2628337664
findling-rss 1791138873,2010984448,335204352,19575864,2379157504,2628337664
findling-rss 1791138875,2177236992,335204352,19580792,2539724800,2628337664
findling-rss 1791138877,2085261312,334639104,19430144,2465980416,2628337664
findling-rss 1791138879,1921306624,334495744,19294344,2281840640,2628337664
findling-rss 1791138881,1863749632,334495744,19294128,2224099328,2628337664
findling-rss 1791138883,1921298432,334495744,19295976,2281906176,2628337664
findling-rss 1791138885,1923219456,334495744,19297608,2283732992,2628337664
findling-rss 1791138887,1867550720,334495744,19294920,2228387840,2628337664
findling-rss 1791138889,1824468992,334495744,19173608,2184781824,2628337664
findling-rss 1791138891,1868214272,334495744,19318216,2229280768,2628337664
findling-rss 1791138893,1912557568,334495744,19295616,2273472512,2628337664
findling-rss 1791138896,1902510080,334495744,19293232,2263388160,2628337664
findling-rss 1791138898,1923616768,334495744,19294480,2284408832,2628337664
findling-rss 1791138900,1930272768,334495744,19298936,2290847744,2628337664
findling-rss 1791138902,1923977216,334495744,19298952,2284810240,2628337664
findling-rss 1791138904,1903595520,334495744,19293912,2264555520,2628337664
findling-rss 1791138906,1923813376,334495744,19296656,2284298240,2628337664
findling-rss 1791138908,1870520320,334495744,19294752,2231046144,2628337664
findling-rss 1791138910,2123079680,330678272,19452432,2480873472,2628337664
findling-rss 1791138912,2022952960,330678272,19348248,2380906496,2628337664
findling-rss 1791138914,2112860160,330670080,19473544,2470866944,2628337664
findling-rss 1791138916,2067677184,331071488,19473008,2425679872,2628337664
findling-rss 1791138918,1851113472,330719232,19255336,2206953472,2628337664
findling-rss 1791138920,2110652416,331067392,19503672,2468503552,2628337664
findling-rss 1791138922,1867644928,330010624,19209584,2224054272,2628337664
findling-rss 1791138924,1870839808,330764288,19483328,2221924352,2628337664
findling-rss 1791138926,2130976768,330764288,19487240,2488983552,2628337664
findling-rss 1791138928,2121187328,330747904,19507440,2479235072,2628337664
findling-rss 1791138930,1866551296,391831552,21166872,2284425216,2628337664
findling-rss 1791138932,2118483968,333094912,19446336,2479104000,2628337664
findling-rss 1791138934,2126741504,333099008,19469432,2487173120,2628337664
findling-rss 1791138936,2132324352,333099008,19455280,2492325888,2628337664
findling-rss 1791138938,1916137472,332034048,19175408,2273198080,2628337664
findling-rss 1791138940,1976872960,332034048,19302576,2335518720,2628337664
findling-rss 1791138942,1880215552,331677696,19164968,2237902848,2628337664
findling-rss 1791138944,1812746240,331685888,19163048,2170769408,2628337664
findling-rss 1791138946,1879810048,331685888,19164504,2237370368,2628337664
findling-rss 1791138948,2112172032,330690560,19401328,2469941248,2628337664
findling-rss 1791138950,2009550848,330670080,19425552,2366431232,2628337664
findling-rss 1791138952,2113482752,330670080,19424536,2471444480,2628337664
findling-rss 1791138954,2113712128,332115968,19457880,2473263104,2628337664
findling-rss 1791138956,2051817472,332124160,19472784,2411126784,2628337664
findling-rss 1791138958,2044981248,332124160,19367344,2402603008,2628337664
findling-rss 1791138960,2075189248,331767808,19332144,2433257472,2628337664
findling-rss 1791138962,1815711744,331415552,19195336,2173358080,2628337664
findling-rss 1791138964,1847934976,331415552,19192200,2205589504,2628337664
findling-rss 1791138966,1867649024,331415552,19193024,2225524736,2628337664
findling-rss 1791138968,2113470464,330776576,19438496,2471268352,2628337664
findling-rss 1791138970,2068766720,330764288,19460520,2425942016,2628337664
findling-rss 1791138972,1904807936,330412032,19321112,2301198336,2628337664
findling-rss 1791138974,2097328128,330788864,19453040,2455232512,2628337664
findling-rss 1791138976,2071502848,330797056,19475720,2429534208,2628337664
findling-rss 1791138978,1816129536,330100736,19197968,2171981824,2628337664
findling-rss 1791138980,2115887104,330850304,19471792,2473840640,2628337664
findling-rss 1791138982,2096455680,332951552,19551080,2456289280,2628337664
findling-rss 1791138984,1759809536,332255232,19153576,2116399104,2628337664
findling-rss 1791138986,1816535040,332255232,19275912,2174742528,2628337664
findling-rss 1791138988,1867538432,332255232,19278112,2225717248,2628337664
findling-rss 1791138990,1795915776,332255232,19276608,2154459136,2628337664
findling-rss 1791138992,1861689344,332255232,19276608,2220027904,2628337664
findling-rss 1791138994,1868304384,332255232,19274824,2226958336,2628337664
findling-rss 1791138996,1878437888,332255232,19274296,2237104128,2628337664
findling-rss 1791138998,1832701952,332255232,19274144,2191310848,2628337664
findling-rss 1791139000,1880145920,332255232,19277296,2238730240,2628337664
findling-rss 1791139002,2115362816,332300288,19534912,2474606592,2628337664
findling-rss 1791139004,2051854336,332292096,19548752,2411405312,2628337664
findling-rss 1791139006,2119880704,332292096,19553008,2479218688,2628337664
findling-rss 1791139008,2055512064,331939840,19405304,2414448640,2628337664
findling-rss 1791139010,1814835200,331587584,19264376,2171985920,2628337664
findling-rss 1791139012,1811890176,331587584,19264464,2169397248,2628337664
findling-rss 1791139014,1873522688,331587584,19268816,2231627776,2628337664
findling-rss 1791139016,2112372736,330760192,19384688,2470420480,2628337664
findling-rss 1791139018,1987473408,331108352,19418800,2345402368,2628337664
findling-rss 1791139020,2113429504,331108352,19421632,2471751680,2628337664
findling-rss 1791139022,1882849280,330395648,19142576,2239221760,2628337664
findling-rss 1791139024,2120298496,330784768,19402288,2477424640,2628337664
findling-rss 1791139026,1920036864,330436608,19165512,2275835904,2628337664
findling-rss 1791139028,2111799296,330801152,19428776,2469900288,2628337664
findling-rss 1791139030,2082709504,330846208,19422768,2438930432,2628337664
findling-rss 1791139032,1772118016,330133504,19083888,2156421120,2628337664
findling-rss 1791139034,2155929600,330817536,19447512,2514259968,2628337664
findling-rss 1791139036,2106580992,330887168,19437936,2462781440,2628337664
findling-rss 1791139038,1809162240,330526720,19080296,2164367360,2628337664
findling-rss 1791139040,2114011136,330874880,19463440,2472415232,2628337664
findling-rss 1791139042,2147725312,330919936,19460704,2505961472,2628337664
findling-rss 1791139044,1779781632,330563584,19214744,2135642112,2628337664
findling-rss 1791139046,2117791744,330924032,19478480,2476290048,2628337664
findling-rss 1791139048,2122055680,330940416,19476296,2480144384,2628337664
findling-rss 1791139050,1842384896,330616832,19235184,2251427840,2628337664
findling-rss 1791139052,2112712704,330960896,19499624,2470756352,2628337664
findling-rss 1791139054,2109042688,331014144,19497800,2466480128,2628337664
findling-rss 1791139056,1825419264,331005952,19261056,2180681728,2628337664
findling-rss 1791139058,2117435392,331005952,19517928,2475290624,2628337664
findling-rss 1791139060,2142105600,340299776,19647584,2509094912,2628337664
findling-rss 1791139062,1841176576,339963904,19406472,2205868032,2628337664
findling-rss 1791139064,2122838016,340320256,19672376,2490503168,2628337664
findling-rss 1791139066,1974546432,339968000,19530880,2341376000,2628337664
findling-rss 1791139068,1858187264,339611648,19391768,2224033792,2628337664
findling-rss 1791139070,1783713792,339611648,19269136,2147991552,2628337664
findling-rss 1791139072,1878929408,339611648,19392016,2244956160,2628337664
findling-rss 1791139074,1882701824,339611648,19460160,2248638464,2628337664
findling-rss 1791139076,1860710400,339611648,19389392,2226417664,2628337664
findling-rss 1791139078,1881034752,339611648,19389856,2247135232,2628337664
findling-rss 1791139080,1881169920,339611648,19389160,2246774784,2628337664
findling-rss 1791139082,1880059904,339611648,19389312,2246451200,2628337664
findling-rss 1791139084,1861070848,339611648,19387384,2227101696,2628337664
findling-rss 1791139086,1881198592,339611648,19387848,2247188480,2628337664
findling-rss 1791139088,1882468352,339611648,19388512,2248552448,2628337664
findling-rss 1791139090,1884069888,339611648,19388672,2250211328,2628337664
findling-rss 1791139092,1830187008,339611648,19392320,2195378176,2628337664
findling-rss 1791139094,1883611136,339611648,19392360,2249424896,2628337664
findling-rss 1791139096,1883594752,339611648,19390520,2249211904,2628337664
findling-rss 1791139098,1829629952,339611648,19390104,2195570688,2628337664
findling-rss 1791139100,1744531456,339611648,19391664,2109698048,2628337664
findling-rss 1791139102,1829654528,339611648,19393392,2195222528,2628337664
findling-rss 1791139104,1874321408,339611648,19387528,2239971328,2628337664
findling-rss 1791139106,1882980352,339611648,19388232,2248867840,2628337664
findling-rss 1791139108,1789366272,339611648,19265736,2154815488,2628337664
findling-rss 1791139110,1889959936,339611648,19389448,2256162816,2628337664
findling-rss 1791139112,1885560832,339611648,19390112,2251714560,2628337664
findling-rss 1791139114,1865269248,339611648,19388496,2230960128,2628337664
findling-rss 1791139116,1789366272,339611648,19266824,2155057152,2628337664
findling-rss 1791139118,1890775040,339611648,19388360,2256396288,2628337664
findling-rss 1791139120,1885347840,339611648,19390544,2251669504,2628337664
findling-rss 1791139122,1866633216,339611648,19389432,2232430592,2628337664
findling-rss 1791139124,1860136960,339611648,19392584,2234667008,2628337664
findling-rss 1791139126,1888100352,339611648,19389360,2253660160,2628337664
findling-rss 1791139128,1886916608,339611648,19387600,2253094912,2628337664
findling-rss 1791139130,1867710464,339611648,19385536,2234081280,2628337664
findling-rss 1791139132,1894100992,339611648,19386760,2260078592,2628337664
findling-rss 1791139134,1887219712,339611648,19388120,2253287424,2628337664
findling-rss 1791139136,2025340928,330948608,19402872,2383548416,2628337664
findling-rss 1791139138,1877291008,330596352,19172424,2233331712,2628337664
findling-rss 1791139140,2070896640,330944512,19434056,2429267968,2628337664
findling-rss 1791139142,2023198720,330973184,19427016,2381074432,2628337664
findling-rss 1791139144,1980956672,330981376,19324816,2338496512,2628337664
findling-rss 1791139146,2100940800,330960896,19449816,2459475968,2628337664
findling-rss 1791139148,2025308160,331034624,19445672,2382663680,2628337664
findling-rss 1791139150,1848123392,330674176,19203848,2205028352,2628337664
findling-rss 1791139152,2066325504,331022336,19472408,2424668160,2628337664
findling-rss 1791139154,2079346688,331063296,19466328,2436096000,2628337664
findling-rss 1791139156,1778298880,330358784,19105832,2134556672,2628337664
findling-rss 1791139158,2067419136,331063296,19485496,2425966592,2628337664
findling-rss 1791139160,2095960064,332271616,19508744,2455609344,2628337664
findling-rss 1791139162,1966362624,332259328,19285992,2324926464,2628337664
findling-rss 1791139165,2077802496,331100160,19505640,2436026368,2628337664
findling-rss 1791139167,2061729792,331153408,19499072,2419269632,2628337664
findling-rss 1791139169,1830375424,331149312,19166968,2239492096,2628337664
findling-rss 1791139171,2119102464,331149312,19520800,2477285376,2628337664
findling-rss 1791139173,2122539008,330997760,19394632,2480947200,2628337664
findling-rss 1791139175,1786982400,336011264,19427432,2141573120,2628337664
findling-rss 1791139177,2054709248,336011264,19555216,2417827840,2628337664
findling-rss 1791139179,1857208320,334131200,19247752,2217271296,2628337664
findling-rss 1791139181,1904209920,334131200,19244888,2264801280,2628337664
findling-rss 1791139183,1822670848,334131200,19122152,2182672384,2628337664
findling-rss 1791139185,1857089536,334131200,19244368,2216644608,2628337664
findling-rss 1791139187,1908994048,334131200,19245032,2269388800,2628337664
findling-rss 1791139189,1898586112,334131200,19246664,2258866176,2628337664
findling-rss 1791139191,1918955520,334131200,19247208,2279268352,2628337664
findling-rss 1791139193,1919295488,334131200,19248584,2279837696,2628337664
findling-rss 1791139195,1920585728,334131200,19247072,2281209856,2628337664
findling-rss 1791139197,1902006272,334131200,19244696,2261450752,2628337664
findling-rss 1791139199,1921552384,334131200,19241392,2282049536,2628337664
findling-rss 1791139201,1924788224,334131200,19240992,2285400064,2628337664
findling-rss 1791139203,1919750144,334131200,19242072,2279927808,2628337664
findling-rss 1791139205,1874616320,334131200,19239760,2235076608,2628337664
findling-rss 1791139207,1925107712,334131200,19242072,2285375488,2628337664
findling-rss 1791139209,2069475328,331051008,19413016,2427953152,2628337664
findling-rss 1791139211,1979998208,331055104,19433952,2338357248,2628337664
findling-rss 1791139213,2066558976,331055104,19436856,2425094144,2628337664
findling-rss 1791139215,2065682432,331104256,19433984,2423808000,2628337664
findling-rss 1791139217,1975332864,331091968,19449104,2330132480,2628337664
findling-rss 1791139219,2033713152,330743808,19313928,2391490560,2628337664
findling-rss 1791139221,2119356416,331145216,19450432,2477723648,2628337664
findling-rss 1791139223,1956569088,330932224,19460992,2314215424,2628337664
findling-rss 1791139225,2140352512,330932224,19464288,2498256896,2628337664
findling-rss 1791139227,2101907456,331194368,19468568,2460127232,2628337664
findling-rss 1791139229,1943732224,331198464,19484016,2301997056,2628337664
findling-rss 1791139231,2052059136,331198464,19489328,2410340352,2628337664
findling-rss 1791139233,2066739200,331218944,19487880,2425081856,2628337664
findling-rss 1791139235,1997467648,331243520,19509624,2355781632,2628337664
findling-rss 1791139237,2123108352,331243520,19526016,2481442816,2628337664
findling-rss 1791139239,2105663488,331259904,19504296,2463977472,2628337664
findling-rss 1791139241,2006110208,331259904,19520840,2364502016,2628337664
findling-rss 1791139243,2078572544,331259904,19527440,2436521984,2628337664
findling-rss 1791139245,2067226624,331124736,19401704,2425565184,2628337664
findling-rss 1791139247,2006118400,331120640,19421800,2363998208,2628337664
findling-rss 1791139249,1861443584,331120640,19318360,2327789568,2628337664
findling-rss 1791139251,2070388736,331173888,19418648,2428239872,2628337664
findling-rss 1791139253,2042961920,331169792,19442208,2401243136,2628337664
findling-rss 1791139255,1779228672,330158080,19041720,2134990848,2628337664
findling-rss 1791139257,2126766080,332611584,19479208,2486059008,2628337664
findling-rss 1791139259,2050859008,332619776,19495320,2409021440,2628337664
findling-rss 1791139261,1836380160,332263424,19244912,2191151104,2628337664
findling-rss 1791139263,1986375680,332263424,19354768,2344886272,2628337664
findling-rss 1791139265,1885810688,331911168,19213544,2243649536,2628337664
findling-rss 1791139267,1866260480,331911168,19214240,2224279552,2628337664
findling-rss 1791139269,1727057920,330207232,19052912,2083074048,2628337664
findling-rss 1791139271,2066886656,331268096,19456520,2425315328,2628337664
findling-rss 1791139273,2077970432,332431360,19510376,2437533696,2628337664
findling-rss 1791139275,1910751232,330563584,19204728,2267906048,2628337664
findling-rss 1791139277,2075201536,331300864,19511984,2434695168,2628337664
findling-rss 1791139279,2025345024,331313152,19492176,2384027648,2628337664
findling-rss 1791139281,1828597760,330600448,19220264,2185568256,2628337664
findling-rss 1791139283,2065809408,331345920,19489760,2424401920,2628337664
findling-rss 1791139285,2031321088,331358208,19508776,2387820544,2628337664
findling-rss 1791139287,1826594816,330645504,19232368,2183376896,2628337664
findling-rss 1791139289,2067582976,331386880,19509520,2426048512,2628337664
findling-rss 1791139291,2086711296,331382784,19532048,2443771904,2628337664
findling-rss 1791139293,1726373888,338452480,19373960,2089168896,2628337664
findling-rss 1791139295,2066444288,331243520,19404304,2424692736,2628337664
findling-rss 1791139297,2063810560,331218944,19419008,2421817344,2628337664
findling-rss 1791139299,1726373888,330219520,19002624,2081726464,2628337664
findling-rss 1791139301,2066984960,333021184,19467920,2426740736,2628337664
findling-rss 1791139303,2065469440,333017088,19491696,2425147392,2628337664
findling-rss 1791139305,1893806080,332656640,19340776,2252599296,2628337664
findling-rss 1791139307,1977462784,332656640,19344688,2332332032,2628337664
findling-rss 1791139309,1821921280,332308480,19205376,2180612096,2628337664
findling-rss 1791139311,1819066368,332308480,19205696,2177298432,2628337664
findling-rss 1791139313,1774424064,332308480,19082920,2131091456,2628337664
findling-rss 1791139315,1822416896,332308480,19208280,2180919296,2628337664
findling-rss 1791139317,2062389248,331337728,19474784,2420473856,2628337664
findling-rss 1791139319,1871601664,331325440,19083792,2227380224,2628337664
findling-rss 1791139321,2071576576,331325440,19462712,2429779968,2628337664
findling-rss 1791139323,2064048128,331362304,19455112,2422247424,2628337664
findling-rss 1791139325,1802379264,331370496,19225736,2156113920,2628337664
findling-rss 1791139327,2073620480,331370496,19480976,2431647744,2628337664
findling-rss 1791139329,2062659584,331411456,19475696,2421043200,2628337664
findling-rss 1791139331,1844383744,331407360,19245256,2197553152,2628337664
findling-rss 1791139333,2071891968,331407360,19497016,2430345216,2628337664
findling-rss 1791139335,2166538240,331235328,19489136,2524737536,2628337664
findling-rss 1791139337,1811877888,331444224,19265040,2166267904,2628337664
findling-rss 1791139339,2076610560,331444224,19517776,2435284992,2628337664
findling-rss 1791139341,2062319616,331485184,19508880,2420527104,2628337664
findling-rss 1791139343,1816887296,331489280,19263672,2172428288,2628337664
findling-rss 1791139345,2071670784,331489280,19536000,2430783488,2628337664
findling-rss 1791139347,2066558976,331350016,19405496,2425438208,2628337664
findling-rss 1791139349,1832345600,331362304,19299968,2190434304,2628337664
findling-rss 1791139351,2069647360,331362304,19431240,2428059648,2628337664
findling-rss 1791139353,2066702336,332091392,19442760,2426056704,2628337664
findling-rss 1791139355,1921744896,332079104,19457712,2273374208,2628337664
findling-rss 1791139357,2067935232,332079104,19459560,2426662912,2628337664
findling-rss 1791139359,1941049344,331730944,19318608,2289954816,2628337664
findling-rss 1791139361,1979838464,331829248,19446776,2338553856,2628337664
findling-rss 1791139363,1956077568,331505664,19341640,2314534912,2628337664
findling-rss 1791139365,2065723392,331857920,19477448,2424954880,2628337664
findling-rss 1791139367,2010853376,333307904,19509808,2369806336,2628337664
findling-rss 1791139369,1891504128,333299712,19403400,2250616832,2628337664
findling-rss 1791139371,2104688640,334442496,19565456,2466426880,2628337664
findling-rss 1791139373,2005344256,332947456,19390688,2365087744,2628337664
findling-rss 1791139375,1858732032,332591104,19249832,2217537536,2628337664
findling-rss 1791139377,1856954368,332591104,19251728,2215702528,2628337664
findling-rss 1791139379,1857617920,332591104,19254072,2216288256,2628337664
findling-rss 1791139381,2006200320,342155264,19773104,2375839744,2628337664
findling-rss 1791139383,2073346048,342155264,19778704,2443079680,2628337664
findling-rss 1791139385,2079305728,342159360,19798304,2449084416,2628337664
findling-rss 1791139387,1980899328,341794816,19657488,2349551616,2628337664
findling-rss 1791139389,1857626112,341446656,19516168,2225467392,2628337664
findling-rss 1791139391,1888301056,341446656,19515624,2256019456,2628337664
findling-rss 1791139393,1893511168,341446656,19514552,2262040576,2628337664
findling-rss 1791139395,1885503488,341446656,19515760,2253889536,2628337664
findling-rss 1791139397,1823285248,341446656,19529320,2187755520,2628337664
findling-rss 1791139399,1887830016,341446656,19512256,2255757312,2628337664
findling-rss 1791139401,1886314496,341446656,19513232,2254757888,2628337664
findling-rss 1791139403,1887449088,341446656,19511824,2255552512,2628337664
findling-rss 1791139405,1803890688,341446656,19507552,2171088896,2628337664
findling-rss 1791139407,1888993280,341446656,19510488,2257412096,2628337664
findling-rss 1791139409,1888800768,341446656,19511728,2256924672,2628337664
findling-rss 1791139411,1887531008,341446656,19513072,2255523840,2628337664
findling-rss 1791139413,1753251840,341446656,19392096,2160697344,2628337664
findling-rss 1791139415,1836900352,341446656,19511168,2204540928,2628337664
findling-rss 1791139417,1837027328,341446656,19511456,2204688384,2628337664
findling-rss 1791139419,1860059136,341446656,19510328,2228060160,2628337664
findling-rss 1791139421,1784295424,341446656,19402304,2151837696,2628337664
findling-rss 1791139423,1889394688,341446656,19513888,2257403904,2628337664
findling-rss 1791139425,1890639872,341446656,19513904,2258055168,2628337664
findling-rss 1791139427,1870905344,341446656,19510784,2238783488,2628337664
findling-rss 1791139429,1890365440,341446656,19506984,2258178048,2628337664
findling-rss 1791139431,1891381248,341446656,19508360,2259451904,2628337664
findling-rss 1791139434,1891094528,341446656,19510544,2258894848,2628337664
findling-rss 1791139436,1871298560,341446656,19508360,2238791680,2628337664
findling-rss 1791139438,1891999744,341446656,19508344,2259755008,2628337664
findling-rss 1791139440,1894273024,341446656,19510312,2262245376,2628337664
findling-rss 1791139442,1893953536,341446656,19507928,2262056960,2628337664
findling-rss 1791139444,1835491328,341446656,19507176,2203205632,2628337664
findling-rss 1791139446,1897541632,341446656,19509024,2265686016,2628337664
findling-rss 1791139448,1892143104,341446656,19508496,2260082688,2628337664
findling-rss 1791139450,1839517696,341446656,19510000,2207154176,2628337664
findling-rss 1791139452,1755303936,341446656,19511344,2123116544,2628337664
findling-rss 1791139454,1839869952,341446656,19511896,2208206848,2628337664
findling-rss 1791139456,1890713600,341446656,19509992,2258329600,2628337664
findling-rss 1791139458,1880190976,341446656,19509312,2246569984,2628337664
findling-rss 1791139460,1799565312,341446656,19389208,2167123968,2628337664
findling-rss 1791139462,1896374272,341446656,19510520,2264039424,2628337664
findling-rss 1791139464,2102292480,331829248,19499208,2461306880,2628337664
findling-rss 1791139466,2034487296,331821056,19272928,2392260608,2628337664
findling-rss 1791139468,2026553344,332042240,19531840,2385616896,2628337664
findling-rss 1791139470,1959657472,332070912,19525368,2319020032,2628337664
findling-rss 1791139472,1920065536,332066816,19425264,2293104640,2628337664
findling-rss 1791139474,2020159488,332079104,19551048,2379517952,2628337664
findling-rss 1791139476,1975824384,331927552,19425512,2334588928,2628337664
findling-rss 1791139478,1827840000,331223040,19175440,2185285632,2628337664
findling-rss 1791139480,2024640512,331923456,19450704,2384027648,2628337664
findling-rss 1791139482,1982701568,331968512,19437824,2338316288,2628337664
findling-rss 1791139484,1898319872,331968512,19213328,2254413824,2628337664
findling-rss 1791139486,2076573696,331980800,19463744,2435739648,2628337664
findling-rss 1791139488,1977683968,332005376,19455504,2336858112,2628337664
findling-rss 1791139490,1752150016,331309056,19086016,2104295424,2628337664
findling-rss 1791139492,2030354432,332009472,19482184,2389315584,2628337664
findling-rss 1791139494,1998168064,332062720,19478832,2357141504,2628337664
findling-rss 1791139496,1818636288,331710464,19111176,2175410176,2628337664
findling-rss 1791139498,2021552128,332058624,19500216,2380505088,2628337664
findling-rss 1791139500,2016559104,332095488,19502840,2375774208,2628337664
findling-rss 1791139502,1841516544,332070912,19394760,2199871488,2628337664
findling-rss 1791139504,2059747328,332070912,19519200,2419003392,2628337664
findling-rss 1791139506,1997631488,332140544,19511848,2356498432,2628337664
findling-rss 1791139508,1869651968,333340672,19444760,2228629504,2628337664
findling-rss 1791139510,2060611584,333336576,19572024,2420379648,2628337664
findling-rss 1791139512,2011697152,332177408,19534728,2369499136,2628337664
findling-rss 1791139514,1862717440,331825152,19296376,2220560384,2628337664
findling-rss 1791139516,2019520512,332181504,19556512,2378678272,2628337664
findling-rss 1791139518,1999884288,332029952,19427496,2357551104,2628337664
findling-rss 1791139520,1879760896,331452416,19071944,2231054336,2628337664
findling-rss 1791139522,2124988416,331800576,19446576,2484449280,2628337664
findling-rss 1791139524,2013831168,332771328,19459928,2371772416,2628337664
findling-rss 1791139526,1939517440,332771328,19233432,2298343424,2628337664
findling-rss 1791139528,2027487232,332775424,19486576,2387415040,2628337664
findling-rss 1791139530,1958748160,332423168,19341360,2317479936,2628337664
findling-rss 1791139532,1825050624,336650240,19447152,2187833344,2628337664
findling-rss 1791139534,2023223296,336650240,19589824,2387427328,2628337664
findling-rss 1791139536,2019352576,336646144,19611704,2382950400,2628337664
findling-rss 1791139538,1966108672,336289792,19467888,2327818240,2628337664
findling-rss 1791139540,1777930240,335945728,19201432,2138349568,2628337664
findling-rss 1791139542,1828700160,335945728,19327640,2190909440,2628337664
findling-rss 1791139544,1834655744,335945728,19325736,2197135360,2628337664
findling-rss 1791139546,1807945728,335945728,19323680,2170085376,2628337664
findling-rss 1791139548,1827999744,335945728,19322048,2190413824,2628337664
findling-rss 1791139550,1880596480,335945728,19324752,2242994176,2628337664
findling-rss 1791139552,1827909632,335945728,19324688,2190184448,2628337664
findling-rss 1791139554,1799233536,335945728,19325296,2161278976,2628337664
findling-rss 1791139556,1831235584,335945728,19323816,2193276928,2628337664
findling-rss 1791139558,1880326144,335945728,19322608,2242895872,2628337664
findling-rss 1791139560,1889861632,335945728,19323976,2252525568,2628337664
findling-rss 1791139562,1823727616,335945728,19323616,2185646080,2628337664
findling-rss 1791139564,1892556800,335945728,19324904,2254606336,2628337664
findling-rss 1791139566,1896181760,335945728,19324360,2258395136,2628337664
findling-rss 1791139568,1888489472,335945728,19323808,2250276864,2628337664
findling-rss 1791139570,1732067328,331108352,19065512,2088460288,2628337664
findling-rss 1791139572,2020159488,332161024,19481808,2379796480,2628337664
findling-rss 1791139574,2019037184,332173312,19503912,2378129408,2628337664
findling-rss 1791139576,1835573248,331460608,19228424,2192891904,2628337664
findling-rss 1791139578,2130563072,331997184,19492960,2490044416,2628337664
findling-rss 1791139580,1980923904,332210176,19522960,2339352576,2628337664
findling-rss 1791139582,1732071424,331165696,19127280,2089041920,2628337664
findling-rss 1791139584,2078814208,332259328,19516512,2438156288,2628337664
findling-rss 1791139586,1996558336,332247040,19532672,2355773440,2628337664
findling-rss 1791139588,1831936000,331538432,19257960,2189422592,2628337664
findling-rss 1791139590,2027122688,332292096,19536184,2386391040,2628337664
findling-rss 1791139592,1998876672,332283904,19558816,2358534144,2628337664
findling-rss 1791139594,1732100096,349753344,19708576,2107027456,2628337664
findling-rss 1791139596,2029637632,332152832,19429616,2389168128,2628337664
findling-rss 1791139598,2015191040,333524992,19488496,2375700480,2628337664
findling-rss 1791139600,1760620544,332828672,19214672,2119479296,2628337664
findling-rss 1791139602,1876832256,332828672,19213184,2236112896,2628337664
findling-rss 1791139604,1828851712,332828672,19213032,2187608064,2628337664
findling-rss 1791139606,1877315584,332828672,19211528,2236059648,2628337664
findling-rss 1791139608,1793941504,332828672,19089336,2152669184,2628337664
findling-rss 1791139610,1831993344,332828672,19213048,2191032320,2628337664
findling-rss 1791139612,2023186432,332210176,19450488,2382397440,2628337664
findling-rss 1791139614,1862909952,332210176,19345144,2219986944,2628337664
findling-rss 1791139616,2021089280,332210176,19467192,2380693504,2628337664
findling-rss 1791139618,2055229440,333406208,19497280,2415972352,2628337664
findling-rss 1791139620,1868718080,332255232,19368944,2224504832,2628337664
findling-rss 1791139622,2021982208,332255232,19494040,2381414400,2628337664
findling-rss 1791139624,2122166272,334536704,19543616,2483613696,2628337664
findling-rss 1791139626,1876271104,334745600,19323064,2237444096,2628337664
findling-rss 1791139628,2021122048,334745600,19575352,2382651392,2628337664
findling-rss 1791139630,1924726784,334389248,19432872,2285740032,2628337664
findling-rss 1791139632,1827483648,334036992,19296048,2187182080,2628337664
findling-rss 1791139634,1741094912,334036992,19294872,2100776960,2628337664
findling-rss 1791139636,1862983680,334036992,19296192,2223607808,2628337664
findling-rss 1791139638,1827835904,334036992,19294424,2187886592,2628337664
findling-rss 1791139640,1876574208,334036992,19294960,2236579840,2628337664
findling-rss 1791139642,1794015232,334036992,19172472,2153893888,2628337664
findling-rss 1791139644,1832693760,334036992,19295368,2193190912,2628337664
findling-rss 1791139646,2017943552,332337152,19499472,2376888320,2628337664
findling-rss 1791139648,1805524992,332341248,19394680,2163507200,2628337664
findling-rss 1791139650,2027040768,332341248,19526248,2386485248,2628337664
findling-rss 1791139652,2054311936,332365824,19520104,2414075904,2628337664
findling-rss 1791139654,1749606400,332382208,19238192,2107318272,2628337664
findling-rss 1791139656,2034294784,332382208,19605120,2393677824,2628337664
findling-rss 1791139658,1981153280,333586432,19634616,2337140736,2628337664
findling-rss 1791139660,2104459264,333586432,19634008,2465619968,2628337664
findling-rss 1791139662,2068656128,332414976,19625392,2428256256,2628337664
findling-rss 1791139664,1971908608,332292096,19491784,2331217920,2628337664
findling-rss 1791139666,2068410368,332292096,19498152,2427465728,2628337664
findling-rss 1791139668,2112180224,332980224,19616536,2472083456,2628337664
findling-rss 1791139670,1774518272,332279808,19220200,2132176896,2628337664
findling-rss 1791139672,1872752640,332279808,19342680,2230919168,2628337664
findling-rss 1791139674,1879908352,332279808,19341992,2237976576,2628337664
findling-rss 1791139676,1892294656,332337152,19466832,2245664768,2628337664
findling-rss 1791139678,2117287936,332337152,19596640,2477166592,2628337664
findling-rss 1791139680,2112868352,332320768,19686336,2471219200,2628337664
findling-rss 1791139682,1732636672,331313152,19272008,2089680896,2628337664
findling-rss 1791139684,2165592064,332369920,19675368,2525413376,2628337664
findling-rss 1791139686,2153668608,332357632,19701400,2513694720,2628337664
findling-rss 1791139688,1714315264,331354112,19282192,2071851008,2628337664
findling-rss 1791139690,2162814976,332419072,19700360,2522619904,2628337664
findling-rss 1791139692,2157027328,332402688,19722104,2516619264,2628337664
findling-rss 1791139694,1768927232,333295616,19358664,2126155776,2628337664
findling-rss 1791139696,2142777344,333651968,19754536,2503614464,2628337664
findling-rss 1791139698,2140909568,333627392,19775688,2502320128,2628337664
findling-rss 1791139700,1786138624,331792384,19334104,2142556160,2628337664
findling-rss 1791139702,2215477248,332500992,19735024,2575757312,2628337664
findling-rss 1791139705,2157948928,332500992,19754008,2518376448,2628337664
findling-rss 1791139707,1766424576,331829248,19349760,2123485184,2628337664
findling-rss 1791139709,2161344512,332554240,19755128,2521186304,2628337664
findling-rss 1791139711,2158661632,338493440,19942352,2524418048,2628337664
findling-rss 1791139713,1852096512,337788928,19658136,2216669184,2628337664
findling-rss 1791139715,1872478208,337788928,19674600,2236624896,2628337664
findling-rss 1791139717,1873223680,337788928,19660200,2237366272,2628337664
findling-rss 1791139719,1873657856,337788928,19661000,2238550016,2628337664
findling-rss 1791139721,1854193664,337788928,19662376,2218741760,2628337664
findling-rss 1791139723,1779732480,337788928,19550248,2143559680,2628337664
findling-rss 1791139725,1878585344,337788928,19655736,2242064384,2628337664
findling-rss 1791139727,1873920000,337788928,19656968,2238058496,2628337664
findling-rss 1791139729,1854570496,337788928,19656544,2218721280,2628337664
findling-rss 1791139731,1874771968,337788928,19658336,2238652416,2628337664
findling-rss 1791139733,1875677184,337788928,19658200,2239832064,2628337664
findling-rss 1791139735,1877200896,337788928,19659296,2241679360,2628337664
findling-rss 1791139737,1847984128,337788928,19655992,2212708352,2628337664
findling-rss 1791139739,1877028864,337788928,19658328,2241331200,2628337664
findling-rss 1791139741,1876873216,337788928,19661424,2241556480,2628337664
findling-rss 1791139743,1875292160,337788928,19678008,2239647744,2628337664
findling-rss 1791139745,1830580224,337788928,19656808,2194935808,2628337664
findling-rss 1791139747,1877270528,337788928,19652240,2241593344,2628337664
findling-rss 1791139749,1878126592,337788928,19653176,2242682880,2628337664
findling-rss 1791139751,1879822336,337788928,19658064,2244526080,2628337664
findling-rss 1791139753,1811709952,337788928,19656872,2175881216,2628337664
findling-rss 1791139755,1879220224,337788928,19659824,2243616768,2628337664
findling-rss 1791139757,1878265856,337788928,19659944,2242809856,2628337664
findling-rss 1791139759,2071941120,332382208,19645528,2431176704,2628337664
findling-rss 1791139761,2123563008,332382208,19644560,2483679232,2628337664
findling-rss 1791139763,2222006272,332193792,19682192,2581635072,2628337664
findling-rss 1791139765,2090737664,332451840,19680568,2450817024,2628337664
findling-rss 1791139767,2163433472,332455936,19682200,2523385856,2628337664
findling-rss 1791139769,2159697920,332443648,19704144,2519760896,2628337664
findling-rss 1791139771,2099453952,332509184,19697320,2459541504,2628337664
findling-rss 1791139773,2160672768,332509184,19701448,2520854528,2628337664
findling-rss 1791139775,2224504832,332279808,19718312,2584555520,2628337664
findling-rss 1791139777,2099474432,336052224,19818272,2463289344,2628337664
findling-rss 1791139779,2162008064,336052224,19818704,2525663232,2628337664
findling-rss 1791139781,2168684544,336044032,19842792,2532601856,2628337664
findling-rss 1791139783,2085289984,335699968,19711432,2448318464,2628337664
findling-rss 1791139785,1807675392,335339520,19554048,2169143296,2628337664
findling-rss 1791139787,1875746816,335339520,19553056,2237231104,2628337664
findling-rss 1791139789,1881382912,335339520,19552352,2243383296,2628337664
findling-rss 1791139791,1855455232,335339520,19550984,2217111552,2628337664
findling-rss 1791139793,1853444096,335339520,19552640,2215575552,2628337664
findling-rss 1791139795,1822650368,335339520,19554824,2184654848,2628337664
findling-rss 1791139797,1822720000,335339520,19554664,2184327168,2628337664
findling-rss 1791139799,1838305280,335339520,19552504,2200117248,2628337664
findling-rss 1791139801,1868226560,335339520,19552832,2229772288,2628337664
findling-rss 1791139803,1876078592,335339520,19568816,2237906944,2628337664
findling-rss 1791139805,1877368832,335339520,19551528,2239623168,2628337664
findling-rss 1791139807,1768374272,331890688,19336264,2124414976,2628337664
findling-rss 1791139809,2162229248,332591104,19742032,2522324992,2628337664
findling-rss 1791139811,2141827072,337952768,19910816,2507030528,2628337664
findling-rss 1791139813,1887887360,336084992,19594264,2250596352,2628337664
findling-rss 1791139815,1960652800,336084992,19600104,2323148800,2628337664
findling-rss 1791139817,1909215232,336084992,19601480,2271784960,2628337664
findling-rss 1791139819,1909944320,336084992,19598216,2272813056,2628337664
findling-rss 1791139821,1854197760,336084992,19600304,2219577344,2628337664
findling-rss 1791139823,1910099968,336084992,19598904,2273120256,2628337664
findling-rss 1791139825,1909448704,336084992,19598640,2272256000,2628337664
findling-rss 1791139827,1856593920,336084992,19592240,2219483136,2628337664
findling-rss 1791139829,1761468416,336084992,19515960,2173845504,2628337664
findling-rss 1791139831,1856856064,336084992,19595432,2219425792,2628337664
findling-rss 1791139833,1901109248,336084992,19596072,2263846912,2628337664
findling-rss 1791139835,1902325760,336084992,19598256,2263781376,2628337664
findling-rss 1791139837,1816526848,336084992,19475896,2178457600,2628337664
findling-rss 1791139839,1913106432,336084992,19596520,2275434496,2628337664
findling-rss 1791139841,1914171392,336084992,19595528,2276818944,2628337664
findling-rss 1791139843,1893519360,336084992,19596888,2255998976,2628337664
findling-rss 1791139845,1917386752,336084992,19598976,2279350272,2628337664
findling-rss 1791139847,2169491456,332660736,19759584,2529701888,2628337664
findling-rss 1791139849,2104397824,332648448,19775112,2462760960,2628337664
findling-rss 1791139851,2019618816,332300288,19643080,2379341824,2628337664
findling-rss 1791139853,2160795648,332689408,19777360,2520682496,2628337664
findling-rss 1791139855,2092924928,332689408,19794984,2452074496,2628337664
findling-rss 1791139857,2013274112,332337152,19657648,2372702208,2628337664
findling-rss 1791139859,2161143808,340971520,19903016,2530336768,2628337664
findling-rss 1791139861,2109276160,340979712,19930816,2477928448,2628337664
findling-rss 1791139863,2114981888,340979712,19928040,2552586240,2628337664
findling-rss 1791139865,2024693760,340627456,19779392,2392842240,2628337664
findling-rss 1791139867,1874718720,340271104,19641640,2241241088,2628337664
findling-rss 1791139869,1855451136,340271104,19643128,2221887488,2628337664
findling-rss 1791139871,1880346624,340271104,19643392,2246873088,2628337664
findling-rss 1791139873,1875320832,340271104,19637016,2242011136,2628337664
findling-rss 1791139875,1823293440,340271104,19638384,2189496320,2628337664
findling-rss 1791139877,1737719808,340271104,19633008,2104373248,2628337664
findling-rss 1791139879,1822445568,340271104,19637680,2189783040,2628337664
findling-rss 1791139881,1867190272,340271104,19639056,2234064896,2628337664
findling-rss 1791139883,1876688896,340271104,19640560,2243162112,2628337664
findling-rss 1791139885,1783447552,340271104,19521416,2149609472,2628337664
findling-rss 1791139887,1878667264,340271104,19637000,2245337088,2628337664
findling-rss 1791139889,1880207360,340271104,19635520,2246725632,2628337664
findling-rss 1791139891,1859006464,340271104,19635088,2225668096,2628337664
findling-rss 1791139893,1878831104,340271104,19638240,2245210112,2628337664
findling-rss 1791139895,1879457792,340271104,19638208,2245873664,2628337664
findling-rss 1791139897,1878941696,340271104,19639192,2245672960,2628337664
findling-rss 1791139899,1858994176,340271104,19637560,2225725440,2628337664
findling-rss 1791139901,1879453696,340271104,19638920,2246000640,2628337664
findling-rss 1791139903,1885982720,340271104,19638656,2252439552,2628337664
findling-rss 1791139905,1880805376,340271104,19650888,2247311360,2628337664
findling-rss 1791139907,1828425728,340271104,19634096,2193551360,2628337664
findling-rss 1791139909,1886658560,340271104,19632424,2253737984,2628337664
findling-rss 1791139911,1881456640,340271104,19634168,2248130560,2628337664
findling-rss 1791139913,1881214976,340271104,19633104,2247905280,2628337664
findling-rss 1791139915,1812103168,340271104,19631784,2172772352,2628337664
findling-rss 1791139917,1881300992,340271104,19633240,2248036352,2628337664
findling-rss 1791139919,1887936512,340271104,19633496,2254700544,2628337664
findling-rss 1791139921,1867014144,340271104,19632696,2232905728,2628337664
findling-rss 1791139923,1787301888,340271104,19511024,2153758720,2628337664
findling-rss 1791139925,1882734592,340271104,19634736,2249834496,2628337664
findling-rss 1791139927,2157826048,332623872,19683368,2517491712,2628337664
findling-rss 1791139929,1883484160,332640256,19460640,2242379776,2628337664
findling-rss 1791139931,2165755904,332640256,19712136,2526355456,2628337664
findling-rss 1791139933,2159771648,332677120,19706600,2519703552,2628337664
findling-rss 1791139935,1912864768,333848576,19634592,2272903168,2628337664
findling-rss 1791139937,2147545088,333848576,19763312,2509094912,2628337664
findling-rss 1791139939,2194042880,332709888,19742088,2553024512,2628337664
findling-rss 1791139941,1831800832,332365824,19601944,2189623296,2628337664
findling-rss 1791139943,2163675136,332713984,19764504,2524413952,2628337664
findling-rss 1791139945,2159038464,332754944,19763032,2519076864,2628337664
findling-rss 1791139947,1899892736,332754944,19529952,2259099648,2628337664
findling-rss 1791139949,2165137408,332754944,19784056,2525671424,2628337664
findling-rss 1791139951,2158837760,332791808,19779904,2519478272,2628337664
findling-rss 1791139953,1922007040,332795904,19674312,2281050112,2628337664
findling-rss 1791139955,2166763520,332795904,19803512,2527100928,2628337664
findling-rss 1791139957,2143518720,332857344,19819864,2503790592,2628337664
findling-rss 1791139959,1937461248,337072128,19809168,2301407232,2628337664
findling-rss 1791139961,2163884032,337072128,19938656,2528739328,2628337664
findling-rss 1791139963,1875623936,336367616,19664472,2239029248,2628337664
findling-rss 1791139965,1874784256,336367616,19662968,2237587456,2628337664
findling-rss 1791139967,1792118784,336367616,19662056,2154766336,2628337664
findling-rss 1791139969,1877766144,336367616,19662544,2240585728,2628337664
findling-rss 1791139971,1878118400,336367616,19663248,2241007616,2628337664
findling-rss 1791139974,1876410368,336367616,19661992,2239324160,2628337664
findling-rss 1791139976,1781018624,336367616,19544864,2143727616,2628337664
findling-rss 1791139978,1824681984,336367616,19666424,2187444224,2628337664
findling-rss 1791139980,1824788480,336367616,19666560,2187358208,2628337664
findling-rss 1791139982,1848582144,336367616,19667256,2211471360,2628337664
findling-rss 1791139984,1773932544,336367616,19667528,2204405760,2628337664
findling-rss 1791139986,1884434432,336367616,19665096,2247409664,2628337664
findling-rss 1791139988,1880711168,336367616,19662448,2243039232,2628337664
findling-rss 1791139990,1859420160,336367616,19659408,2222391296,2628337664
findling-rss 1791139992,1879416832,336367616,19662544,2242445312,2628337664
findling-rss 1791139994,1882447872,336367616,19663768,2245439488,2628337664
findling-rss 1791139996,2101002240,332730368,19694944,2460897280,2628337664
findling-rss 1791139998,2096750592,332730368,19698312,2496364544,2628337664
findling-rss 1791140000,2161713152,332738560,19718464,2521661440,2628337664
findling-rss 1791140002,2101022720,332771328,19713888,2461556736,2628337664
findling-rss 1791140004,1864962048,332062720,19480816,2268385280,2628337664
findling-rss 1791140006,2203082752,332775424,19737560,2563629056,2628337664
findling-rss 1791140008,2136068096,332816384,19727952,2495229952,2628337664
findling-rss 1791140010,1910951936,332476416,19493712,2268446720,2628337664
findling-rss 1791140012,2162057216,332824576,19757376,2522746880,2628337664
findling-rss 1791140014,2199195648,336506880,19849424,2563293184,2628337664
findling-rss 1791140016,2026123264,336515072,19630216,2388779008,2628337664
findling-rss 1791140018,2170540032,336728064,19883368,2535063552,2628337664
findling-rss 1791140020,2024763392,336367616,19734872,2388123648,2628337664
findling-rss 1791140022,1897066496,336015360,19592488,2259869696,2628337664
findling-rss 1791140024,1877344256,336015360,19592216,2239860736,2628337664
findling-rss 1791140026,1877053440,336015360,19593560,2239258624,2628337664
findling-rss 1791140028,1877217280,336015360,19594000,2239459328,2628337664
findling-rss 1791140030,1857044480,336015360,19593296,2219393024,2628337664
findling-rss 1791140032,1876856832,336015360,19594256,2239676416,2628337664
findling-rss 1791140034,1877196800,336015360,19592912,2239913984,2628337664
findling-rss 1791140036,1878044672,336015360,19591280,2240716800,2628337664
findling-rss 1791140038,1859493888,336015360,19589352,2222350336,2628337664
findling-rss 1791140040,1879171072,336015360,19591672,2241421312,2628337664
findling-rss 1791140042,1879621632,336015360,19590736,2242199552,2628337664
findling-rss 1791140044,1879523328,336015360,19592096,2241945600,2628337664
findling-rss 1791140046,1820610560,336793600,19504488,2176385024,2628337664
findling-rss 1791140048,2165293056,336793600,19880616,2530025472,2628337664
findling-rss 1791140050,2154954752,337973248,19933640,2520465408,2628337664
findling-rss 1791140052,2018557952,336441344,19748032,2382286848,2628337664
findling-rss 1791140054,2083614720,336441344,19752528,2452623360,2628337664
findling-rss 1791140056,1912823808,336084992,19613664,2275692544,2628337664
findling-rss 1791140058,1911554048,336084992,19610992,2274168832,2628337664
findling-rss 1791140060,1891680256,336084992,19606544,2254024704,2628337664
findling-rss 1791140062,1912684544,336084992,19609496,2275807232,2628337664
findling-rss 1791140064,1859059712,336084992,19607848,2222026752,2628337664
findling-rss 1791140066,1858154496,336084992,19608408,2221023232,2628337664
findling-rss 1791140068,1807388672,336084992,19497496,2170228736,2628337664
findling-rss 1791140070,1903562752,336084992,19607984,2265559040,2628337664
findling-rss 1791140072,1913245696,336084992,19608120,2275500032,2628337664
findling-rss 1791140074,1905827840,336084992,19605656,2267267072,2628337664
findling-rss 1791140076,1818230784,336084992,19485104,2180534272,2628337664
findling-rss 1791140078,1913192448,336084992,19607864,2275676160,2628337664
findling-rss 1791140080,2166009856,332967936,19783552,2526154752,2628337664
findling-rss 1791140082,1911189504,332967936,19553688,2269958144,2628337664
findling-rss 1791140084,2162524160,332967936,19807176,2523115520,2628337664
findling-rss 1791140086,2200178688,333021184,19804968,2560876544,2628337664
findling-rss 1791140088,1934135296,333021184,19718528,2294038528,2628337664
findling-rss 1791140090,2164555776,333021184,19825864,2525011968,2628337664
findling-rss 1791140092,2156101632,334270464,19734112,2517012480,2628337664
findling-rss 1791140094,1879461888,334262272,19512048,2239021056,2628337664
findling-rss 1791140096,2171269120,334262272,19763384,2532851712,2628337664
findling-rss 1791140098,2024345600,333918208,19611608,2384928768,2628337664
findling-rss 1791140100,1855303680,333565952,19477064,2214907904,2628337664
findling-rss 1791140102,1826533376,333565952,19368328,2186186752,2628337664
findling-rss 1791140104,1876520960,333565952,19476112,2236465152,2628337664
findling-rss 1791140106,2158104576,332922880,19717744,2518433792,2628337664
findling-rss 1791140108,1833123840,332562432,19477952,2191810560,2628337664
findling-rss 1791140110,2160959488,332918784,19741120,2521272320,2628337664
findling-rss 1791140112,2149015552,332951552,19730328,2508169216,2628337664
findling-rss 1791140114,1869627392,332955648,19509176,2226647040,2628337664
findling-rss 1791140116,2163077120,332955648,19758000,2523664384,2628337664
findling-rss 1791140118,2215342080,338276352,19900792,2581118976,2628337664
findling-rss 1791140120,1902755840,338276352,19524288,2267688960,2628337664
findling-rss 1791140122,2191151104,338276352,19897760,2557308928,2628337664
findling-rss 1791140124,2192457728,338276352,19899520,2558652416,2628337664
findling-rss 1791140126,2125008896,337580032,19894288,2490212352,2628337664
findling-rss 1791140128,2045399040,337223680,19769392,2409398272,2628337664
findling-rss 1791140130,2189000704,337575936,19892936,2554245120,2628337664
findling-rss 1791140132,2186682368,337588224,19889248,2552037376,2628337664
findling-rss 1791140134,1858179072,335122432,19567752,2218512384,2628337664
findling-rss 1791140136,1877909504,335122432,19571504,2239668224,2628337664
findling-rss 1791140138,1878659072,335122432,19571672,2240303104,2628337664
findling-rss 1791140140,1879085056,335122432,19571672,2240659456,2628337664
findling-rss 1791140142,1735122944,332361728,19366304,2089787392,2628337664
findling-rss 1791140144,2161422336,333058048,19772200,2521817088,2628337664
findling-rss 1791140146,2160775168,333078528,19790536,2521378816,2628337664
findling-rss 1791140148,1775169536,332759040,19398536,2131144704,2628337664
findling-rss 1791140150,2167480320,333107200,19788552,2528071680,2628337664
findling-rss 1791140152,2160844800,333119488,19811144,2521559040,2628337664
findling-rss 1791140154,1717301248,332095488,19403144,2075525120,2628337664
findling-rss 1791140156,2173399040,333156352,19810552,2534342656,2628337664
findling-rss 1791140158,2163503104,333135872,19827536,2524213248,2628337664
findling-rss 1791140160,1800519680,393293824,21212312,2219429888,2628337664
findling-rss 1791140162,2162356224,332996608,19701152,2522992640,2628337664
findling-rss 1791140164,2161831936,332992512,19723760,2522357760,2628337664
findling-rss 1791140166,1813229568,336883712,19443624,2170290176,2628337664
findling-rss 1791140168,2198437888,336883712,19827472,2552233984,2628337664
findling-rss 1791140170,2170294272,336883712,19846232,2534932480,2628337664
findling-rss 1791140172,1984110592,336527360,19698784,2347675648,2628337664
findling-rss 1791140174,2028359680,336527360,19700152,2391801856,2628337664
findling-rss 1791140176,1877614592,336175104,19563360,2240393216,2628337664
findling-rss 1791140178,1882898432,336175104,19564584,2245849088,2628337664
findling-rss 1791140180,1808248832,336175104,19564168,2170613760,2628337664
findling-rss 1791140182,1878429696,336175104,19562392,2241478656,2628337664
findling-rss 1791140184,1824178176,336175104,19563768,2186862592,2628337664
findling-rss 1791140186,1812582400,336175104,19562544,2173267968,2628337664
findling-rss 1791140188,1766690816,336175104,19436176,2127822848,2628337664
findling-rss 1791140190,1868886016,336175104,19561168,2231521280,2628337664
findling-rss 1791140192,1879056384,336175104,19561320,2241855488,2628337664
findling-rss 1791140194,1859670016,336175104,19561712,2222358528,2628337664
findling-rss 1791140196,1876566016,336175104,19562176,2244702208,2628337664
findling-rss 1791140198,1879797760,336175104,19562696,2242445312,2628337664
findling-rss 1791140200,2201403392,333094912,19738320,2560970752,2628337664
findling-rss 1791140202,1853403136,334123008,19410952,2211311616,2628337664
findling-rss 1791140204,2162323456,334123008,19789408,2524180480,2628337664
findling-rss 1791140206,1874620416,333422592,19512864,2234482688,2628337664
findling-rss 1791140208,1856122880,333422592,19511552,2216226816,2628337664
findling-rss 1791140210,1781284864,333422592,19386056,2140176384,2628337664
findling-rss 1791140212,1876926464,333422592,19511416,2236690432,2628337664
findling-rss 1791140214,2160123904,333148160,19752872,2521255936,2628337664
findling-rss 1791140216,1980489728,333156352,19649736,2343047168,2628337664
findling-rss 1791140218,2166300672,333156352,19776352,2527395840,2628337664
findling-rss 1791140220,2160386048,333201408,19779200,2521587712,2628337664
findling-rss 1791140222,1893863424,333549568,19680032,2253393920,2628337664
findling-rss 1791140224,2163113984,333549568,19810184,2524356608,2628337664
findling-rss 1791140226,1875546112,332836864,19534000,2234707968,2628337664
findling-rss 1791140228,1956503552,333201408,19791720,2316066816,2628337664
findling-rss 1791140230,2152210432,333201408,19794288,2512867328,2628337664
findling-rss 1791140232,2214162432,333221888,19814424,2575409152,2628337664
findling-rss 1791140234,1964703744,333283328,19686184,2324631552,2628337664
findling-rss 1791140236,2166239232,333283328,19814264,2527076352,2628337664
findling-rss 1791140238,2161500160,333271040,19835976,2522722304,2628337664
findling-rss 1791140240,1925570560,333131776,19577008,2284695552,2628337664
findling-rss 1791140243,2161160192,333131776,19708800,2521890816,2628337664
findling-rss 1791140245,2161823744,333156352,19733640,2522591232,2628337664
findling-rss 1791140247,2066927616,333193216,19728168,2426720256,2628337664
findling-rss 1791140249,2168905728,333193216,19726744,2529861632,2628337664
findling-rss 1791140251,2214051840,333176832,19751344,2556526592,2628337664
findling-rss 1791140253,2086981632,333242368,19744728,2447609856,2628337664
findling-rss 1791140255,2161459200,333242368,19748328,2522640384,2628337664
findling-rss 1791140257,2162659328,333221888,19769248,2523185152,2628337664
findling-rss 1791140259,2101362688,334315520,19786136,2463281152,2628337664
findling-rss 1791140261,2167693312,334315520,19792872,2529841152,2628337664
findling-rss 1791140263,2172567552,334311424,19815504,2534481920,2628337664
findling-rss 1791140265,2022682624,333950976,19672136,2383896576,2628337664
findling-rss 1791140267,1806712832,333602816,19531888,2166505472,2628337664
findling-rss 1791140269,1924980736,333602816,19536848,2285142016,2628337664
findling-rss 1791140271,2224439296,333107200,19777704,2584952832,2628337664
findling-rss 1791140273,1998028800,334487552,19834928,2359164928,2628337664
findling-rss 1791140275,2156077056,334487552,19839360,2518392832,2628337664
findling-rss 1791140277,2165202944,333357056,19800544,2526093312,2628337664
findling-rss 1791140279,2035957760,333352960,19818944,2396520448,2628337664
findling-rss 1791140281,2160705536,333352960,19825264,2522116096,2628337664
findling-rss 1791140283,2160840704,333402112,19821608,2521837568,2628337664
findling-rss 1791140285,2084720640,333393920,19842632,2432380928,2628337664
findling-rss 1791140287,2225172480,333393920,19846416,2586718208,2628337664
findling-rss 1791140289,2162364416,333258752,19717552,2522898432,2628337664
findling-rss 1791140291,2056376320,333250560,19772584,2417434624,2628337664
findling-rss 1791140293,2167058432,333250560,19737576,2527969280,2628337664
findling-rss 1791140295,2162089984,333299712,19732952,2522992640,2628337664
findling-rss 1791140297,2076598272,333090816,19763992,2428817408,2628337664
findling-rss 1791140299,2225676288,333090816,19769920,2586378240,2628337664
findling-rss 1791140301,2161336320,334381056,19798960,2523484160,2628337664
findling-rss 1791140303,2153943040,334372864,19817744,2516176896,2628337664
findling-rss 1791140305,2174435328,334372864,19820664,2536562688,2628337664
findling-rss 1791140307,2025357312,334024704,19679784,2386681856,2628337664
findling-rss 1791140309,1877823488,333672448,19538760,2238472192,2628337664
findling-rss 1791140311,1870446592,333377536,19537152,2228690944,2628337664
findling-rss 1791140313,2165776384,333377536,19787448,2527195136,2628337664
findling-rss 1791140315,2162982912,334426112,19838032,2524942336,2628337664
findling-rss 1791140317,1873793024,333721600,19563808,2234032128,2628337664
findling-rss 1791140319,1780654080,333721600,19442856,2140557312,2628337664
findling-rss 1791140321,1877090304,333721600,19564920,2237935616,2628337664
findling-rss 1791140323,1876393984,333721600,19563072,2236600320,2628337664
findling-rss 1791140325,2000269312,334589952,19834880,2362798080,2628337664
findling-rss 1791140327,2144833536,334589952,19841216,2506895360,2628337664
findling-rss 1791140329,2168995840,333430784,19828344,2529808384,2628337664
findling-rss 1791140331,1923768320,333455360,19714232,2283597824,2628337664
findling-rss 1791140333,2164690944,333455360,19821960,2525634560,2628337664
findling-rss 1791140335,2168463360,333463552,19843392,2529447936,2628337664
findling-rss 1791140337,1834037248,333516800,19464064,2189799424,2628337664
findling-rss 1791140339,2164248576,333516800,19841488,2525536256,2628337664
findling-rss 1791140341,2163535872,333516800,19866648,2524520448,2628337664
findling-rss 1791140343,1883037696,333369344,19609480,2238296064,2628337664
findling-rss 1791140345,2162110464,333369344,19739416,2522685440,2628337664
findling-rss 1791140347,2164228096,333352960,19760344,2524983296,2628337664
findling-rss 1791140349,1878327296,333398016,19504504,2236792832,2628337664
findling-rss 1791140351,2163142656,333398016,19756376,2524131328,2628337664
findling-rss 1791140353,2164113408,333389824,19775080,2524958720,2628337664
findling-rss 1791140355,1891467264,333426688,19641240,2249023488,2628337664
findling-rss 1791140357,2161979392,333426688,19773304,2522902528,2628337664
findling-rss 1791140359,2167799808,333438976,19793928,2528739328,2628337664
findling-rss 1791140361,1905262592,333488128,19660376,2264969216,2628337664
findling-rss 1791140363,2170155008,333488128,19791264,2530848768,2628337664
findling-rss 1791140365,2163027968,333463552,19813176,2524397568,2628337664
findling-rss 1791140367,1926221824,333512704,19678488,2286759936,2628337664
findling-rss 1791140369,2162642944,333512704,19809064,2523615232,2628337664
findling-rss 1791140371,2163589120,335237120,19881968,2526531584,2628337664
findling-rss 1791140373,1875787776,334532608,19599952,2237165568,2628337664
findling-rss 1791140375,1781407744,334532608,19478296,2141573120,2628337664
findling-rss 1791140377,1881763840,334532608,19601328,2242998272,2628337664
findling-rss 1791140379,1881948160,334532608,19600224,2242756608,2628337664
findling-rss 1791140381,1858371584,334532608,19601320,2219528192,2628337664
findling-rss 1791140383,1878626304,334532608,19600632,2239950848,2628337664
findling-rss 1791140385,1878802432,334532608,19602008,2240290816,2628337664
findling-rss 1791140387,2138513408,333561856,19830224,2499735552,2628337664
findling-rss 1791140389,1849110528,333611008,19474000,2207141888,2628337664
findling-rss 1791140391,2165035008,333963264,19861848,2526420992,2628337664
findling-rss 1791140393,2141749248,334012416,19850008,2502983680,2628337664
findling-rss 1791140395,1822679040,333656064,19489920,2182434816,2628337664
findling-rss 1791140397,2167681024,334016512,19874152,2529378304,2628337664
findling-rss 1791140399,2222460928,333643776,19740840,2583568384,2628337664
findling-rss 1791140401,1901694976,333864960,19516464,2261549056,2628337664
findling-rss 1791140403,2163933184,333864960,19768472,2525147136,2628337664
findling-rss 1791140405,2218602496,333905920,19768336,2580332544,2628337664
findling-rss 1791140407,2010300416,333893632,19785128,2369699840,2628337664
findling-rss 1791140409,2168897536,333893632,19790432,2530406400,2628337664
findling-rss 1791140411,2161909760,333950976,19787936,2523156480,2628337664
findling-rss 1791140413,2064236544,333946880,19803144,2424406016,2628337664
findling-rss 1791140415,2167263232,333946880,19808272,2528837632,2628337664
findling-rss 1791140417,2163453952,333987840,19804376,2525028352,2628337664
findling-rss 1791140419,2022940672,333979648,19822224,2381316096,2628337664
findling-rss 1791140421,2169548800,333979648,19827536,2531381248,2628337664
findling-rss 1791140423,2166296576,335785984,19869648,2529718272,2628337664
findling-rss 1791140425,2011103232,335781888,19887448,2375630848,2628337664
findling-rss 1791140427,2181513216,335781888,19891824,2545524736,2628337664
findling-rss 1791140429,2024775680,335433728,19746808,2386759680,2628337664
findling-rss 1791140431,1875951616,335081472,19608320,2237792256,2628337664
findling-rss 1791140433,1782644736,335081472,19568024,2143309824,2628337664
findling-rss 1791140435,1882447872,335081472,19609968,2244026368,2628337664
findling-rss 1791140437,1879162880,335081472,19611328,2240991232,2628337664
findling-rss 1791140439,1997041664,334077952,19836736,2354679808,2628337664
findling-rss 1791140441,2163310592,334077952,19841952,2525241344,2628337664
findling-rss 1791140443,2166505472,334073856,19865392,2528112640,2628337664
findling-rss 1791140445,2019037184,335163392,19882832,2380288000,2628337664
findling-rss 1791140447,2163597312,335163392,19889152,2526412800,2628337664
findling-rss 1791140449,2178224128,336220160,19942808,2541854720,2628337664
findling-rss 1791140451,2152296448,336220160,19932112,2515103744,2628337664
findling-rss 1791140453,2136887296,336220160,19928912,2499788800,2628337664
findling-rss 1791140455,2034470912,335867904,19793232,2397609984,2628337664
findling-rss 1791140457,1878528000,334475264,19627208,2240458752,2628337664
findling-rss 1791140459,1894445056,395182080,21404296,2322112512,2628337664
findling-rss 1791140461,2171052032,333996032,19758144,2532433920,2628337664
findling-rss 1791140463,2161696768,333979648,19779616,2523303936,2628337664
findling-rss 1791140465,1906774016,334032896,19761640,2266918912,2628337664
findling-rss 1791140467,2168799232,334032896,19773392,2530304000,2628337664
findling-rss 1791140469,2143895552,334004224,19793784,2504978432,2628337664
findling-rss 1791140471,2038874112,334049280,19790264,2400059392,2628337664
findling-rss 1791140473,2202574848,334049280,19789680,2564046848,2628337664
findling-rss 1791140475,2222968832,333848576,19806456,2584363008,2630307840
findling-rss 1791140477,2029129728,334098432,19801288,2390159360,2630307840
findling-rss 1791140479,2170974208,334098432,19806192,2532339712,2630307840
findling-rss 1791140481,2162868224,334102528,19830048,2524344320,2630307840
findling-rss 1791140483,1992994816,334151680,19821536,2354630656,2630307840
findling-rss 1791140485,2162331648,334151680,19827824,2524127232,2630307840
findling-rss 1791140487,2164264960,335908864,19894344,2527682560,2630307840
findling-rss 1791140489,1876140032,335196160,19617784,2238210048,2630307840
findling-rss 1791140491,1866956800,335196160,19622944,2228572160,2630307840
findling-rss 1791140493,1880076288,335196160,19619552,2242019328,2630307840
findling-rss 1791140495,1878671360,335196160,19619024,2240425984,2630307840
findling-rss 1791140497,1860321280,335196160,19618872,2221072384,2630307840
findling-rss 1791140499,1782628352,335196160,19498848,2143875072,2630307840
findling-rss 1791140501,1878851584,335196160,19622544,2240446464,2630307840
findling-rss 1791140503,2160963584,334196736,19845112,2523136000,2630307840
findling-rss 1791140505,1901604864,335966208,19787912,2261368832,2630307840
findling-rss 1791140507,2206617600,335966208,19919352,2570305536,2630307840
findling-rss 1791140509,1876914176,335257600,19639824,2238918656,2630307840
findling-rss 1791140512,1856761856,335257600,19641208,2218598400,2630307840
findling-rss 1791140514,1879822336,335257600,19639960,2241388544,2630307840
findling-rss 1791140516,1881931776,335257600,19639568,2243776512,2630307840
findling-rss 1791140518,1824649216,335257600,19637920,2185588736,2630307840
findling-rss 1791140520,1810071552,335257600,19637704,2169225216,2630307840
findling-rss 1791140522,1869271040,335257600,19636728,2230829056,2630307840
findling-rss 1791140524,2202406912,335421440,19897216,2565558272,2630307840
findling-rss 1791140526,2058764288,334254080,19882344,2419822592,2630307840
findling-rss 1791140528,2164228096,334254080,19886976,2526171136,2630307840
findling-rss 1791140530,2146660352,335253504,19791944,2510127104,2630307840
findling-rss 1791140532,2067546112,333885440,19777968,2428596224,2630307840
findling-rss 1791140534,2229092352,333885440,19774744,2590498816,2630307840
findling-rss 1791140536,2162208768,334139392,19775120,2524180480,2630307840
findling-rss 1791140538,2028752896,334123008,19789936,2390159360,2630307840
findling-rss 1791140540,2221477888,334123008,19799384,2583527424,2630307840
findling-rss 1791140542,2148339712,334139392,19792968,2510213120,2630307840
findling-rss 1791140544,2066440192,334880768,19832616,2429001728,2630307840
findling-rss 1791140546,2167701504,334880768,19837520,2530238464,2630307840
findling-rss 1791140548,1876881408,334172160,19560096,2237075456,2630307840
findling-rss 1791140550,1877028864,334172160,19559408,2237521920,2630307840
findling-rss 1791140552,1809838080,335626240,19471312,2171035648,2630307840
findling-rss 1791140554,2163277824,335978496,19879592,2527404032,2630307840
findling-rss 1791140556,2172936192,335962112,19887176,2536886272,2630307840
findling-rss 1791140558,1984765952,335626240,19758072,2341130240,2630307840
findling-rss 1791140560,1929728000,335626240,19617496,2291597312,2630307840
findling-rss 1791140562,1878163456,335269888,19602912,2239987712,2630307840
findling-rss 1791140564,1878061056,335269888,19601360,2240315392,2630307840
findling-rss 1791140566,1859293184,335269888,19601536,2221207552,2630307840
findling-rss 1791140568,1880236032,335269888,19598680,2242482176,2630307840
findling-rss 1791140570,2162921472,334258176,19831304,2524663808,2630307840
findling-rss 1791140572,2121814016,334258176,19854688,2483847168,2630307840
findling-rss 1791140574,1718702080,333250560,19433808,2077700096,2630307840
findling-rss 1791140576,2163961856,334307328,19852416,2525696000,2630307840
findling-rss 1791140578,2161631232,334311424,19869736,2523607040,2630307840
findling-rss 1791140580,1718718464,333291520,19450904,2077417472,2630307840
findling-rss 1791140582,2167418880,334348288,19874408,2529939456,2630307840
findling-rss 1791140584,2161512448,334344192,19896848,2522796032,2630307840
findling-rss 1791140586,1718726656,393211904,21257832,2134474752,2630307840
findling-rss 1791140588,2173665280,334192640,19766736,2535231488,2630307840
findling-rss 1791140590,2197139456,334209024,19791104,2557456384,2630307840
findling-rss 1791140592,1718751232,333201408,19365968,2078212096,2630307840
findling-rss 1791140594,2163773440,334258176,19783944,2526146560,2630307840
findling-rss 1791140596,2161590272,334278656,19801376,2523164672,2630307840
findling-rss 1791140598,1718763520,333242368,19401976,2077818880,2630307840
findling-rss 1791140600,2156314624,334270464,19801160,2518437888,2630307840
findling-rss 1791140602,2144927744,334315520,19820640,2506780672,2630307840
findling-rss 1791140604,1753374720,333283328,19403928,2112610304,2630307840
findling-rss 1791140606,2162937856,338882560,19945432,2529239040,2630307840
findling-rss 1791140608,2214236160,338882560,19964912,2580439040,2630307840
findling-rss 1791140610,1891876864,338538496,19817128,2256977920,2630307840
findling-rss 1791140612,2024673280,338538496,19820096,2389856256,2630307840
findling-rss 1791140614,1877225472,338182144,19698544,2242048000,2630307840
findling-rss 1791140616,1878630400,338182144,19681448,2243829760,2630307840
findling-rss 1791140618,1841557504,338182144,19681944,2202288128,2630307840
findling-rss 1791140620,1878724608,338182144,19682496,2243350528,2630307840
findling-rss 1791140622,1879859200,338182144,19681184,2244513792,2630307840
findling-rss 1791140624,1879543808,338182144,19678040,2244288512,2630307840
findling-rss 1791140626,1812258816,338182144,19677824,2176942080,2630307840
findling-rss 1791140628,1884282880,338182144,19677768,2248704000,2630307840
findling-rss 1791140630,1881214976,338182144,19680072,2245836800,2630307840
findling-rss 1791140632,1869340672,338182144,19680488,2232791040,2630307840
findling-rss 1791140634,1785581568,338182144,19556112,2149601280,2630307840
findling-rss 1791140636,1883668480,338182144,19677224,2248163328,2630307840
findling-rss 1791140638,1881919488,338182144,19678856,2246725632,2630307840
findling-rss 1791140640,1808343040,338182144,19676672,2172157952,2630307840
findling-rss 1791140642,1828683776,338182144,19675728,2193145856,2630307840
findling-rss 1791140644,2163146752,334409728,19834784,2525253632,2630307840
findling-rss 1791140646,2133385216,334405632,19855896,2493988864,2630307840
findling-rss 1791140648,1870036992,333697024,19580488,2230116352,2630307840
findling-rss 1791140650,2167615488,335462400,19879016,2530873344,2630307840
findling-rss 1791140652,2131730432,335482880,19902384,2494963712,2630307840
findling-rss 1791140654,2077638656,335478784,19772488,2439688192,2630307840
findling-rss 1791140656,2079670272,335122432,19759168,2425737216,2630307840
findling-rss 1791140658,1876467712,334766080,19621424,2238156800,2630307840
findling-rss 1791140660,1935654912,334483456,19742456,2302181376,2630307840
findling-rss 1791140662,2162036736,334483456,19873016,2524454912,2630307840
findling-rss 1791140664,2163011584,334475264,19893592,2524672000,2630307840
findling-rss 1791140666,1941958656,334352384,19641472,2304204800,2630307840
findling-rss 1791140668,2175221760,334352384,19766464,2536914944,2630307840
findling-rss 1791140670,2162896896,334336000,19786912,2524835840,2630307840
findling-rss 1791140672,1925267456,334401536,19530784,2276093952,2630307840
findling-rss 1791140674,2167754752,334401536,19784328,2529665024,2630307840
findling-rss 1791140676,2163982336,334393344,19806496,2526199808,2630307840
findling-rss 1791140678,1942028288,334430208,19794000,2303332352,2630307840
findling-rss 1791140680,2168418304,334430208,19798456,2530193408,2630307840
findling-rss 1791140682,2164101120,334442496,19825728,2525876224,2630307840
findling-rss 1791140684,1964347392,334475264,19816384,2324799488,2630307840
findling-rss 1791140686,2163572736,334475264,19822488,2525753344,2630307840
findling-rss 1791140688,2162102272,334462976,19845008,2524459008,2630307840
findling-rss 1791140690,2177830912,334303232,19708816,2537484288,2630307840
findling-rss 1791140692,2287886336,334303232,19833264,2650034176,2650034176
findling-rss 1791140694,2163990528,335917056,19900216,2527715328,2650034176
findling-rss 1791140696,1873166336,335208448,19622096,2233663488,2650034176
findling-rss 1791140698,1781018624,335208448,19496352,2142060544,2650034176
findling-rss 1791140700,1877401600,335208448,19621712,2238656512,2650034176
findling-rss 1791140702,1877233664,335208448,19625608,2239430656,2650034176
findling-rss 1791140704,1871462400,335208448,19626424,2231963648,2650034176
findling-rss 1791140706,1719537664,333500416,19464672,2078830592,2650034176
findling-rss 1791140708,2145361920,334577664,19858632,2507313152,2650034176
findling-rss 1791140710,2161004544,334569472,19883584,2523340800,2650034176
findling-rss 1791140712,1718845440,333553664,19458984,2077835264,2650034176
findling-rss 1791140714,2167099392,335290368,19898904,2529894400,2650034176
findling-rss 1791140716,2175037440,335294464,19910184,2537775104,2650034176
findling-rss 1791140718,1862184960,338100224,19735472,2227216384,2650034176
findling-rss 1791140720,2025328640,338100224,19859144,2390601728,2650034176
findling-rss 1791140722,1876643840,337076224,19703400,2240548864,2650034176
findling-rss 1791140724,1867444224,337076224,19699184,2229895168,2650034176
findling-rss 1791140726,1781903360,337076224,19577392,2144825344,2650034176
findling-rss 1791140728,1879416832,337076224,19701104,2243325952,2650034176
findling-rss 1791140730,1878949888,337076224,19700272,2242822144,2650034176
findling-rss 1791140732,1858736128,337076224,19699856,2222374912,2650034176
findling-rss 1791140734,1880506368,337076224,19698912,2244534272,2650034176
findling-rss 1791140736,1826512896,337076224,19697744,2189856768,2650034176
findling-rss 1791140738,1825755136,337076224,19699928,2189041664,2650034176
findling-rss 1791140740,1813528576,337076224,19701984,2177437696,2650034176
findling-rss 1791140742,1870614528,337076224,19703440,2234478592,2650034176
findling-rss 1791140744,1880219648,337076224,19702472,2244288512,2650034176
findling-rss 1791140746,2094080000,334487552,19770096,2455781376,2650034176
findling-rss 1791140748,2162999296,334487552,19771656,2525343744,2650034176
findling-rss 1791140750,2163965952,337657856,19883520,2529153024,2650034176
findling-rss 1791140752,1876848640,336949248,19604264,2240155648,2650034176
findling-rss 1791140754,1885016064,336949248,19601200,2248712192,2650034176
findling-rss 1791140756,1876361216,336949248,19600912,2239111168,2650034176
findling-rss 1791140758,1877344256,336949248,19599704,2240434176,2650034176
findling-rss 1791140760,1878282240,336949248,19599672,2241355776,2650034176
findling-rss 1791140762,1812140032,336949248,19598656,2175533056,2650034176
findling-rss 1791140764,1879715840,336949248,19601592,2243461120,2650034176
findling-rss 1791140766,1881104384,336949248,19602968,2244382720,2650034176
findling-rss 1791140768,1867177984,336949248,19602024,2229514240,2650034176
findling-rss 1791140770,1784623104,336949248,19480208,2147205120,2650034176
findling-rss 1791140772,1881026560,336949248,19602544,2244784128,2650034176
findling-rss 1791140774,1827360768,336949248,19601592,2191093760,2650034176
findling-rss 1791140776,1964105728,334540800,19800808,2325749760,2650034176
findling-rss 1791140778,2163134464,334540800,19785736,2525302784,2650034176
findling-rss 1791140780,2121031680,339468288,20023152,2486853632,2650034176
findling-rss 1791140783,1811906560,338763776,19541624,2176589824,2650034176
findling-rss 1791140785,1834405888,338763776,19543696,2198872064,2650034176
findling-rss 1791140787,1832472576,338763776,19541944,2197651456,2650034176
findling-rss 1791140789,1832058880,338763776,19542760,2196996096,2650034176
findling-rss 1791140791,1749483520,338763776,19542624,2114580480,2650034176
findling-rss 1791140793,1833701376,338763776,19542336,2198818816,2650034176
findling-rss 1791140795,1834909696,338763776,19543712,2200141824,2650034176
findling-rss 1791140797,1834647552,338763776,19544424,2198773760,2650034176
findling-rss 1791140799,1739931648,338763776,19420408,2104393728,2650034176
findling-rss 1791140801,1837682688,338763776,19544104,2203140096,2650034176
findling-rss 1791140803,1835536384,338763776,19544392,2200702976,2650034176
findling-rss 1791140805,1762652160,338763776,19541376,2127314944,2650034176
findling-rss 1791140807,1715859456,338763776,19421496,2078691328,2650034176
findling-rss 1791140809,1782366208,338763776,19542472,2147127296,2650034176
findling-rss 1791140811,1827586048,338763776,19543848,2192519168,2650034176
findling-rss 1791140813,1816846336,338763776,19544536,2181857280,2650034176
findling-rss 1791140815,1836523520,338763776,19543992,2201702400,2650034176
findling-rss 1791140817,1837502464,338763776,19544512,2202128384,2650034176
findling-rss 1791140819,1837080576,338763776,19540840,2202021888,2650034176
findling-rss 1791140821,1793429504,334614528,19577896,2152767488,2650034176
findling-rss 1791140823,2126024704,334614528,19939384,2488340480,2650034176
findling-rss 1791140825,2142420992,334594048,19960072,2505003008,2650034176
findling-rss 1791140827,1654394880,333594624,19334520,2012659712,2650034176
findling-rss 1791140829,2124144640,334655488,20028448,2486087680,2650034176
findling-rss 1791140831,2072076288,334647296,20048656,2434064384,2650034176
findling-rss 1791140833,1867706368,333942784,19777200,2228367360,2650034176
findling-rss 1791140835,2157330432,334688256,20047496,2519601152,2650034176
findling-rss 1791140837,1947422720,334680064,19940128,2308145152,2650034176
findling-rss 1791140839,2162532352,334680064,20063528,2524880896,2650034176
findling-rss 1791140841,2164715520,334737408,20059000,2527121408,2650034176
findling-rss 1791140843,1917947904,338604032,20062312,2281189376,2650034176
findling-rss 1791140845,2158628864,338604032,20191920,2525487104,2650034176
findling-rss 1791140847,1872461824,337895424,19914528,2236907520,2650034176
findling-rss 1791140849,1870020608,337895424,19912752,2235060224,2650034176
findling-rss 1791140851,1778577408,337895424,19791080,2142711808,2650034176
findling-rss 1791140853,1876058112,337895424,19914248,2240811008,2650034176
findling-rss 1791140855,1875230720,337895424,19912208,2240360448,2650034176
findling-rss 1791140857,1854468096,337895424,19913568,2219401216,2650034176
findling-rss 1791140859,1778577408,337895424,19853424,2145566720,2650034176
findling-rss 1791140861,1821704192,337895424,19915472,2186727424,2650034176
findling-rss 1791140863,1821794304,337895424,19916296,2186207232,2650034176
findling-rss 1791140865,1846099968,337895424,19915872,2211004416,2650034176
findling-rss 1791140867,1867481088,337895424,19917632,2231779328,2650034176
findling-rss 1791140869,1875697664,337895424,19915472,2240364544,2650034176
findling-rss 1791140871,1876635648,337895424,19916832,2241540096,2650034176
findling-rss 1791140873,1856925696,337895424,19912848,2221240320,2650034176
findling-rss 1791140875,1876946944,337895424,19915320,2241949696,2650034176
findling-rss 1791140877,2163920896,334786560,20083704,2526457856,2650034176
findling-rss 1791140879,2081718272,335966208,20137216,2445770752,2650034176
findling-rss 1791140881,2145906688,335966208,20137896,2509910016,2650034176
findling-rss 1791140883,2158870528,334655488,19974400,2521989120,2650034176
findling-rss 1791140885,2098548736,334651392,19994120,2460737536,2650034176
findling-rss 1791140887,2162028544,334651392,20000808,2524659712,2650034176
findling-rss 1791140889,2161197056,334696448,19997840,2524028928,2650034176
findling-rss 1791140891,2098610176,334704640,20018600,2460860416,2650034176
findling-rss 1791140893,2066210816,334704640,20021352,2498547712,2650034176
findling-rss 1791140895,2159067136,334733312,20016864,2521419776,2650034176
findling-rss 1791140897,2114392064,334721024,20034736,2476625920,2650034176
findling-rss 1791140899,2072547328,334372864,19912600,2433810432,2650034176
findling-rss 1791140901,2159493120,334778368,20032416,2521755648,2650034176
findling-rss 1791140903,2114560000,342528000,20256192,2484486144,2650034176
findling-rss 1791140905,2016849920,342171648,20124632,2386067456,2650034176
findling-rss 1791140907,1872515072,341815296,19986864,2240811008,2650034176
findling-rss 1791140909,1874325504,341815296,19986472,2242596864,2650034176
findling-rss 1791140911,1820286976,341815296,19985016,2188247040,2650034176
findling-rss 1791140913,1875218432,341815296,19985928,2243903488,2650034176
findling-rss 1791140915,1873969152,341815296,19986320,2242711552,2650034176
findling-rss 1791140917,1875095552,341815296,19986064,2244116480,2650034176
findling-rss 1791140919,1748467712,341815296,19987080,2115268608,2650034176
findling-rss 1791140921,1822179328,341815296,19987560,2190737408,2650034176
findling-rss 1791140923,1821908992,341815296,19986744,2190348288,2650034176
findling-rss 1791140925,1859362816,341815296,19983864,2226245632,2650034176
findling-rss 1791140927,1770422272,341815296,19861976,2138497024,2650034176
findling-rss 1791140929,1876287488,341815296,19984328,2244759552,2650034176
findling-rss 1791140931,1877233664,341815296,19987816,2245804032,2650034176
findling-rss 1791140933,1857028096,341815296,19985928,2225737728,2650034176
findling-rss 1791140935,1877504000,341815296,19985232,2246246400,2650034176
findling-rss 1791140937,1876836352,341815296,19987704,2245447680,2650034176
findling-rss 1791140939,1877794816,341815296,19984008,2246438912,2650034176
findling-rss 1791140941,1857359872,341815296,19986128,2225336320,2650034176
findling-rss 1791140943,1877889024,341815296,19989288,2245910528,2650034176
findling-rss 1791140945,1878118400,341815296,19989984,2247200768,2650034176
findling-rss 1791140947,1880174592,341815296,19986608,2248450048,2650034176
findling-rss 1791140949,1859461120,341815296,19985568,2228461568,2650034176
findling-rss 1791140951,1879248896,341815296,19986072,2248130560,2650034176
findling-rss 1791140953,1880875008,341815296,19986592,2249527296,2650034176
findling-rss 1791140955,1826824192,341815296,19990664,2194956288,2650034176
findling-rss 1791140957,1771208704,341815296,19991384,2139500544,2650034176
findling-rss 1791140959,1829359616,341815296,19986456,2197811200,2650034176
findling-rss 1791140961,1874653184,341815296,19991456,2242990080,2650034176
findling-rss 1791140963,1880502272,341815296,19984552,2249023488,2650034176
findling-rss 1791140965,1722806272,333795328,19629064,2081947648,2650034176
findling-rss 1791140967,2158911488,334856192,20052968,2521604096,2650034176
findling-rss 1791140969,2156462080,334852096,20071704,2518855680,2650034176
findling-rss 1791140971,1715077120,333836288,19646600,2074857472,2650034176
findling-rss 1791140973,2142265344,336068608,20101912,2506186752,2650034176
findling-rss 1791140975,2159263744,334901248,20093712,2521899008,2650034176
findling-rss 1791140977,1767751680,333877248,19675032,2127745024,2650034176
findling-rss 1791140979,2160730112,335990784,20115112,2525011968,2650034176
findling-rss 1791140981,2168377344,339496960,20282944,2537627648,2650034176
findling-rss 1791140983,2029387776,339492864,20223280,2384904192,2650034176
findling-rss 1791140985,2186010624,339492864,20227960,2553868288,2650034176
findling-rss 1791140987,2032967680,339144704,20093648,2399752192,2650034176
findling-rss 1791140989,1875234816,337743872,19921352,2239979520,2650034176
findling-rss 1791140991,1807446016,337743872,19920424,2172387328,2650034176
findling-rss 1791140993,1880584192,337743872,19923504,2244427776,2650034176
findling-rss 1791140995,1875980288,337743872,19922960,2240512000,2650034176
findling-rss 1791140997,1872699392,337743872,19919208,2236628992,2650034176
findling-rss 1791140999,1779425280,337743872,19797392,2143723520,2650034176
findling-rss 1791141001,1875341312,337743872,19918640,2239787008,2650034176
findling-rss 1791141003,1875996672,337743872,19918112,2239860736,2650034176
findling-rss 1791141005,1857097728,337743872,19916864,2221469696,2650034176
findling-rss 1791141007,1781190656,337743872,19797664,2145390592,2650034176
findling-rss 1791141009,1877180416,337743872,19918640,2241622016,2650034176
findling-rss 1791141011,2156412928,334819328,19983176,2518876160,2650034176
findling-rss 1791141013,1897598976,334819328,19872816,2251849728,2650034176
findling-rss 1791141015,2161909760,334819328,20001880,2524123136,2650034176
findling-rss 1791141017,2158751744,334872576,20001160,2521194496,2650034176
findling-rss 1791141019,1946501120,334856192,20017568,2307801088,2650034176
findling-rss 1791141021,2158522368,334856192,20021936,2521411584,2650034176
findling-rss 1791141023,2197901312,334884864,20015024,2560770048,2650034176
findling-rss 1791141025,2096631808,334868480,20029904,2455400448,2650034176
findling-rss 1791141027,2146357248,334868480,20033592,2508918784,2650034176
findling-rss 1791141029,2158702592,334942208,20033856,2521403392,2650034176
findling-rss 1791141031,2099040256,334946304,20052888,2461691904,2650034176
findling-rss 1791141033,2164809728,334946304,20058336,2527735808,2650034176
findling-rss 1791141035,2161930240,334991360,20052672,2524778496,2650034176
findling-rss 1791141037,1991536640,334635008,19955800,2353164288,2650034176
findling-rss 1791141039,1750855680,333963264,19684920,2110726144,2650034176
findling-rss 1791141041,1753731072,333963264,19676392,2111205376,2650034176
findling-rss 1791141043,1804533760,333963264,19675648,2164793344,2650034176
findling-rss 1791141045,1750855680,333963264,19674288,2110574592,2650034176
findling-rss 1791141047,1750855680,333963264,19674288,2111225856,2650034176
findling-rss 1791141049,1750855680,333963264,19674968,2110791680,2650034176
findling-rss 1791141052,1750855680,333963264,19676328,2110930944,2650034176
findling-rss 1791141054,1750855680,333963264,19677688,2110504960,2650034176
findling-rss 1791141056,1750855680,333963264,19677008,2111148032,2650034176
findling-rss 1791141058,1750855680,333963264,19670512,2109992960,2650034176
findling-rss 1791141060,1750855680,333963264,19674016,2110849024,2650034176
findling-rss 1791141062,1750855680,333963264,19678272,2110337024,2650034176
findling-rss 1791141064,1750855680,333963264,19678472,2110132224,2650034176
findling-rss 1791141066,1750855680,333963264,19678608,2111143936,2650034176
findling-rss 1791141068,1750855680,333963264,19676192,2111422464,2650034176
findling-rss 1791141070,1750855680,333963264,19676736,2111160320,2650034176
findling-rss 1791141072,1750855680,333963264,19676600,2111197184,2650034176
findling-rss 1791141074,1750855680,333963264,19677960,2110988288,2650034176
findling-rss 1791141076,1750855680,333963264,19673336,2110861312,2650034176
findling-rss 1791141078,1750855680,333963264,19677928,2110742528,2650034176
findling-rss 1791141080,1750855680,333963264,19679288,2110988288,2650034176
findling-rss 1791141082,1750855680,333963264,19676056,2111688704,2650034176
findling-rss 1791141084,1750855680,333963264,19675512,2111614976,2650034176
findling-rss 1791141086,1750855680,333963264,19675376,2110849024,2650034176
findling-rss 1791141088,1750855680,333963264,19671976,2110402560,2650034176
findling-rss 1791141090,1750855680,333963264,19672656,2110976000,2650034176
findling-rss 1791141092,1750855680,333963264,19674016,2110951424,2650034176
findling-rss 1791141094,1750855680,333963264,19672688,2111062016,2650034176
findling-rss 1791141096,1750855680,333963264,19671328,2110566400,2650034176
findling-rss 1791141098,1750855680,333963264,19672688,2111361024,2650034176
findling-rss 1791141100,1750855680,333963264,19672552,2111201280,2650034176
findling-rss 1791141102,1750855680,333963264,19673912,2111320064,2650034176
findling-rss 1791141104,1750855680,333963264,19675344,2110812160,2650034176
findling-rss 1791141106,1750855680,333963264,19674320,2110640128,2650034176
findling-rss 1791141108,1750855680,333963264,19673640,2111041536,2650034176
findling-rss 1791141110,1750855680,333963264,19675000,2110808064,2650034176
findling-rss 1791141112,1750855680,333963264,19675680,2110976000,2650034176
findling-rss 1791141114,1750855680,333963264,19674456,2110582784,2650034176
findling-rss 1791141116,1750855680,333963264,19672960,2111492096,2650034176
findling-rss 1791141118,1750855680,333963264,19669152,2110009344,2650034176
findling-rss 1791141120,1750855680,333963264,19669936,2110894080,2650034176
findling-rss 1791141122,1750855680,333963264,19669832,2110304256,2650034176
findling-rss 1791141124,1750855680,333963264,19670240,2110967808,2650034176
findling-rss 1791141126,1750855680,333963264,19670920,2111229952,2650034176
findling-rss 1791141128,1750855680,333963264,19671832,2111508480,2650034176
findling-rss 1791141130,1750855680,333963264,19672552,2110881792,2650034176
findling-rss 1791141132,1750855680,333963264,19674392,2111451136,2650034176
findling-rss 1791141134,1750855680,333963264,19674456,2111012864,2650034176
findling-rss 1791141136,1750855680,333963264,19674456,2110799872,2650034176
findling-rss 1791141138,1750855680,333963264,19673504,2110861312,2650034176
findling-rss 1791141140,1750855680,333963264,19671192,2111143936,2650034176
findling-rss 1791141142,1750855680,333963264,19672552,2110795776,2650034176
findling-rss 1791141144,1750855680,333963264,19673912,2111389696,2650034176
findling-rss 1791141146,1750855680,333963264,19675240,2110840832,2650034176
findling-rss 1791141148,1750855680,333963264,19676600,2110263296,2650034176
findling-rss 1791141150,1750855680,333963264,19676600,2110951424,2650034176
findling-rss 1791141152,1750855680,333963264,19673880,2111172608,2650034176
findling-rss 1791141154,1750855680,333963264,19675104,2111332352,2650034176
findling-rss 1791141156,1750855680,333963264,19675648,2111225856,2650034176
findling-rss 1791141158,1750855680,333963264,19675920,2110750720,2650034176
findling-rss 1791141160,1750855680,333963264,19677280,2111004672,2650034176
findling-rss 1791141162,1750855680,333963264,19678640,2111123456,2650034176
findling-rss 1791141164,1750855680,333963264,19676872,2110701568,2650034176
findling-rss 1791141166,1750876160,333963264,19710432,2112204800,2650034176
findling-rss 1791141168,1750855680,333963264,19676592,2110828544,2650034176
findling-rss 1791141170,1750855680,333963264,19675784,2110808064,2650034176
findling-rss 1791141172,1750855680,333963264,19674288,2111287296,2650034176
findling-rss 1791141174,1750855680,333963264,19675648,2110906368,2650034176
findling-rss 1791141176,1750855680,333963264,19677008,2111115264,2650034176
findling-rss 1791141178,1750855680,333963264,19676192,2110271488,2650034176
findling-rss 1791141180,1750855680,333963264,19673064,2110668800,2650034176
findling-rss 1791141182,1750855680,333963264,19677520,2110996480,2650034176
findling-rss 1791141184,1750855680,333963264,19678880,2110713856,2650034176
findling-rss 1791141186,1750855680,333963264,19680960,2111016960,2650034176
findling-rss 1791141188,1750855680,333963264,19674456,2110922752,2650034176
findling-rss 1791141190,1750855680,333963264,19672688,2110869504,2650034176
findling-rss 1791141192,1750855680,333963264,19674048,2110959616,2650034176
findling-rss 1791141194,1750855680,333963264,19672960,2110849024,2650034176
findling-rss 1791141196,1750855680,333963264,19670784,2111049728,2650034176
findling-rss 1791141198,1750855680,333963264,19676056,2110820352,2650034176
findling-rss 1791141200,1750855680,333963264,19676872,2111021056,2650034176
findling-rss 1791141202,1750855680,333963264,19676192,2111414272,2650034176
findling-rss 1791141204,1750855680,333963264,19673640,2111041536,2650034176
findling-rss 1791141206,1750855680,333963264,19675000,2110894080,2650034176
findling-rss 1791141208,1750855680,333963264,19672416,2109992960,2650034176
findling-rss 1791141210,1750855680,333963264,19669968,2111021056,2650034176
findling-rss 1791141212,1750855680,333963264,19669560,2111320064,2650034176
findling-rss 1791141214,1750855680,333963264,19670920,2110992384,2650034176
findling-rss 1791141216,1750855680,333963264,19672280,2110980096,2650034176
findling-rss 1791141218,1750855680,333963264,19673640,2110889984,2650034176
findling-rss 1791141220,1750855680,333963264,19675000,2110996480,2650034176
findling-rss 1791141222,1750855680,333963264,19675544,2110644224,2650034176
findling-rss 1791141224,1750855680,333963264,19675408,2110836736,2650034176
findling-rss 1791141226,1750855680,333963264,19674048,2110664704,2650034176
findling-rss 1791141228,1750855680,333963264,19675208,2110730240,2650034176
findling-rss 1791141230,1750855680,333963264,19673504,2110889984,2650034176
findling-rss 1791141232,1750855680,333963264,19672960,2110717952,2650034176
findling-rss 1791141234,1750855680,333963264,19674320,2111115264,2650034176
findling-rss 1791141236,1750855680,333963264,19673776,2111291392,2650034176
findling-rss 1791141238,1750855680,333963264,19673096,2111029248,2650034176
findling-rss 1791141240,1750855680,333963264,19673232,2110996480,2650034176
findling-rss 1791141242,1750855680,333963264,19672688,2111430656,2650034176
findling-rss 1791141244,1750855680,333963264,19671600,2110849024,2650034176
findling-rss 1791141246,1750855680,333963264,19672960,2110910464,2650034176
findling-rss 1791141248,1750855680,333963264,19673096,2110693376,2650034176
findling-rss 1791141250,1750855680,333963264,19673776,2111275008,2650034176
findling-rss 1791141252,1750855680,333963264,19674456,2110607360,2650034176
findling-rss 1791141254,1750855680,333963264,19677960,2111328256,2650034176
findling-rss 1791141256,1750855680,333963264,19676736,2110586880,2650034176
findling-rss 1791141258,1750855680,333963264,19676736,2111127552,2650034176
findling-rss 1791141260,1750855680,333963264,19675376,2111311872,2650034176
findling-rss 1791141262,1750855680,333963264,19675104,2110767104,2650034176
findling-rss 1791141264,1750855680,333963264,19676464,2111356928,2650034176
findling-rss 1791141266,1750855680,333963264,19678816,2110586880,2650034176
findling-rss 1791141268,1750855680,333963264,19676840,2111213568,2650034176
findling-rss 1791141270,1750855680,333963264,19677520,2110627840,2650034176
findling-rss 1791141272,1750855680,333963264,19678880,2110894080,2650034176
findling-rss 1791141274,1750855680,333963264,19678744,2110967808,2650034176
findling-rss 1791141276,1750855680,333963264,19678200,2110529536,2650034176
findling-rss 1791141278,1750855680,333963264,19679560,2110689280,2650034176
findling-rss 1791141280,1750855680,333963264,19679424,2111021056,2650034176
findling-rss 1791141282,1750855680,333963264,19678880,2111315968,2650034176
findling-rss 1791141284,1750855680,333963264,19680240,2110853120,2650034176
findling-rss 1791141286,1750855680,333963264,19679424,2111672320,2650034176
findling-rss 1791141288,1750855680,333963264,19679288,2111078400,2650034176
findling-rss 1791141290,1750855680,333963264,19682352,2111528960,2650034176
findling-rss 1791141292,1750855680,333963264,19681808,2111168512,2650034176
findling-rss 1791141294,1750855680,333963264,19682248,2111397888,2650034176
findling-rss 1791141296,1750855680,333963264,19681736,2110992384,2650034176
findling-rss 1791141298,1750855680,333963264,19678336,2111078400,2650034176
findling-rss 1791141300,1750855680,333963264,19678608,2110955520,2650034176
findling-rss 1791141302,1750855680,333963264,19682896,2111225856,2650034176
findling-rss 1791141304,1750855680,333963264,19680992,2111119360,2650034176
findling-rss 1791141306,1750855680,333963264,19680720,2110939136,2650034176
findling-rss 1791141308,1750855680,333963264,19672552,2111135744,2650034176
findling-rss 1791141310,1750855680,333963264,19670784,2110836736,2650034176
findling-rss 1791141312,1750855680,333963264,19671464,2110984192,2650034176
findling-rss 1791141314,1750855680,333963264,19672824,2110832640,2650034176
findling-rss 1791141316,1750855680,333963264,19672824,2110930944,2650034176
findling-rss 1791141318,1750855680,333963264,19674184,2111139840,2650034176
findling-rss summary samples=2465 max_anon=2287886336 peak=2650034176 events=[low=0 high=0 max=0 oom=0 oom_kill=0 oom_group_kill=0 sock_throttled=0] oom_killed=false
