findling-rss timestamp,anon,file,slab,current,peak
findling-rss 1790920749,117440512,942080,705368,120274944,137232384
findling-rss 1790920751,117440512,2723840,809392,121896960,137232384
findling-rss 1790920753,117440512,2723840,810072,122126336,137232384
findling-rss 1790920755,117440512,2723840,809800,122212352,137232384
findling-rss 1790920757,117440512,2723840,806296,122290176,137232384
findling-rss 1790920759,117440512,2723840,806656,121982976,137232384
findling-rss 1790920761,117440512,2723840,808016,122220544,137232384
findling-rss 1790920763,117440512,2723840,807880,122109952,137232384
findling-rss 1790920765,117440512,2723840,807336,122023936,137232384
findling-rss 1790920767,117440512,2723840,808696,122114048,137232384
findling-rss 1790920769,117796864,2723840,806520,122159104,137232384
findling-rss 1790920771,117440512,2723840,807200,122421248,137232384
findling-rss 1790920773,117440512,2723840,811632,122167296,137232384
findling-rss 1790920775,117440512,2723840,808560,122421248,137232384
findling-rss 1790920777,117440512,2723840,808288,122130432,137232384
findling-rss 1790920779,117440512,2723840,807880,122220544,137232384
findling-rss 1790920781,117440512,2723840,806520,122290176,137232384
findling-rss 1790920783,117440512,2723840,807880,121982976,137232384
findling-rss 1790920785,117440512,2723840,809240,122200064,137232384
findling-rss 1790920787,117440512,2723840,807336,122159104,137232384
findling-rss 1790920789,117440512,2723840,805192,122171392,137232384
findling-rss 1790920791,117440512,2723840,804920,122159104,137232384
findling-rss 1790920793,117440512,2723840,804240,122204160,137232384
findling-rss 1790920795,117440512,2723840,804784,122068992,137232384
findling-rss 1790920797,117440512,2723840,804376,122413056,137232384
findling-rss 1790920799,117440512,2723840,805600,121888768,137232384
findling-rss 1790920801,117440512,2723840,804376,122060800,137232384
findling-rss 1790920803,117440512,2723840,805600,122408960,137232384
findling-rss 1790920805,117440512,2723840,804512,122097664,137232384
findling-rss 1790920807,117440512,2723840,803288,122134528,137232384
findling-rss 1790920809,117440512,2723840,801960,122105856,137232384
findling-rss 1790920811,117440512,2723840,801008,122310656,137232384
findling-rss 1790920813,117440512,2723840,800600,122101760,137232384
findling-rss 1790920815,117440512,2723840,801280,122294272,137232384
findling-rss 1790920817,117440512,2723840,802640,122286080,137232384
findling-rss 1790920819,117440512,2723840,801008,121982976,137232384
findling-rss 1790920821,117440512,2723840,802368,122261504,137232384
findling-rss 1790920823,117440512,2723840,801280,122064896,137232384
findling-rss 1790920825,117440512,2723840,801144,122290176,137232384
findling-rss 1790920827,117440512,2723840,800872,122355712,137232384
findling-rss 1790920829,117440512,2723840,800328,121880576,137232384
findling-rss 1790920831,117440512,2723840,801688,122150912,137232384
findling-rss 1790920833,117440512,2723840,801008,122318848,137232384
findling-rss 1790920835,117440512,2723840,800872,122023936,137232384
findling-rss 1790920837,117440512,2723840,801552,122097664,137232384
findling-rss 1790920839,117440512,2723840,801280,122155008,137232384
findling-rss 1790920841,117440512,2723840,801280,122146816,137232384
findling-rss 1790920843,117440512,2723840,801144,122023936,137232384
findling-rss 1790920845,117440512,2723840,801960,122167296,137232384
findling-rss 1790920847,117440512,2723840,801144,122171392,137232384
findling-rss 1790920849,119193600,2732032,808832,123977728,137232384
findling-rss 1790920851,119193600,2732032,808152,123932672,137232384
findling-rss 1790920853,119193600,2732032,808152,123961344,137232384
findling-rss 1790920855,119193600,2732032,808832,123949056,137232384
findling-rss 1790920857,119193600,2732032,808832,123990016,137232384
findling-rss 1790920859,119193600,2732032,807472,123920384,137232384
findling-rss 1790920861,119193600,2732032,806792,123944960,137232384
findling-rss 1790920863,119193600,2732032,808152,123969536,137232384
findling-rss 1790920865,119193600,2732032,807608,123908096,137232384
findling-rss 1790920867,119193600,2732032,807472,123912192,137232384
findling-rss 1790920869,119193600,2732032,808832,123895808,137232384
findling-rss 1790920871,119209984,2732032,811520,123936768,137232384
findling-rss 1790920873,119209984,2732032,812880,123908096,137232384
findling-rss 1790920875,119209984,2732032,812064,123928576,137232384
findling-rss 1790920877,119209984,2732032,812720,124137472,137232384
findling-rss 1790920879,119209984,2732032,808968,124051456,137232384
findling-rss 1790920881,119209984,2732032,809648,123879424,137232384
findling-rss 1790920883,119209984,2732032,807472,124063744,137232384
findling-rss 1790920885,119209984,2732032,808832,123805696,137232384
findling-rss 1790920887,119209984,2732032,807064,123801600,137232384
findling-rss 1790920889,119209984,2732032,808424,123932672,137232384
findling-rss 1790920891,119209984,2732032,808152,123924480,137232384
findling-rss 1790920893,119209984,2732032,806792,123871232,137232384
findling-rss 1790920895,119209984,2732032,808152,123850752,137232384
findling-rss 1790920898,119209984,2732032,807608,123777024,137232384
findling-rss 1790920900,119209984,2732032,805328,123789312,137232384
findling-rss 1790920902,119209984,2732032,804648,123813888,137232384
findling-rss 1790920904,119209984,2732032,804648,123834368,137232384
findling-rss 1790920906,119209984,2732032,805328,124096512,137232384
findling-rss 1790920908,119209984,2732032,804104,124035072,137232384
findling-rss 1790920910,119209984,2732032,805464,123924480,137232384
findling-rss 1790920912,119209984,2732032,803968,123981824,137232384
findling-rss 1790920914,119209984,2732032,804648,123961344,137232384
findling-rss 1790920916,119209984,2732032,804920,123944960,137232384
findling-rss 1790920918,119209984,2732032,804920,123953152,137232384
findling-rss 1790920920,119209984,2732032,803968,123924480,137232384
findling-rss 1790920922,119209984,2732032,805328,123920384,137232384
findling-rss 1790920924,119209984,2732032,805328,123895808,137232384
findling-rss 1790920926,119209984,2732032,804920,123777024,137232384
findling-rss 1790920928,119209984,2732032,804648,123949056,137232384
findling-rss 1790920930,119209984,2732032,806008,123944960,137232384
findling-rss 1790920932,119209984,2732032,804376,123936768,137232384
findling-rss 1790920934,119209984,2732032,805736,123887616,137232384
findling-rss 1790920936,119209984,2732032,804648,124133376,137232384
findling-rss 1790920938,119209984,2732032,810440,123957248,137232384
findling-rss 1790920940,119209984,2732032,805464,123764736,137232384
findling-rss 1790920942,119209984,2732032,805328,124055552,137232384
findling-rss 1790920944,119209984,2732032,805464,123944960,137232384
findling-rss 1790920946,119209984,2732032,805600,123736064,137232384
findling-rss 1790920948,119209984,2732032,804512,124116992,137232384
findling-rss 1790920950,119209984,2732032,803968,124182528,137232384
findling-rss 1790920952,119209984,2732032,805328,124108800,137232384
findling-rss 1790920954,119209984,2732032,804648,124039168,137232384
findling-rss 1790920956,119209984,2732032,806008,123944960,137232384
findling-rss 1790920958,119209984,2732032,804240,123805696,137232384
findling-rss 1790920960,119209984,2732032,805600,124014592,137232384
findling-rss 1790920962,119209984,2732032,805600,124063744,137232384
findling-rss 1790920964,119209984,2732032,804648,123863040,137232384
findling-rss 1790920966,119209984,2732032,806008,123924480,137232384
findling-rss 1790920968,119209984,2732032,806416,123928576,137232384
findling-rss 1790920970,119525376,2732032,807608,124227584,137232384
findling-rss 1790920972,119525376,2732032,808656,124076032,137232384
findling-rss 1790920974,119525376,2732032,807200,124465152,137232384
findling-rss 1790920976,119525376,2732032,808016,124342272,137232384
findling-rss 1790920978,119525376,2732032,809376,124256256,137232384
findling-rss 1790920980,119525376,2732032,806928,124510208,137232384
findling-rss 1790920982,119525376,2732032,808152,124166144,137232384
findling-rss 1790920984,119525376,2732032,807472,124243968,137232384
findling-rss 1790920986,119525376,2732032,808832,124362752,137232384
findling-rss 1790920988,119525376,2732032,807200,124395520,137232384
findling-rss 1790920990,119525376,2732032,808560,124346368,137232384
findling-rss 1790920992,119525376,2732032,811384,124239872,137232384
findling-rss 1790920994,119525376,2732032,823272,124530688,137232384
findling-rss 1790920996,119525376,2732032,811112,124432384,137232384
findling-rss 1790920998,119525376,2732032,808696,124137472,137232384
findling-rss 1790921000,119525376,2732032,808288,124215296,137232384
findling-rss 1790921002,119525376,2732032,807880,124256256,137232384
findling-rss 1790921004,119525376,2732032,808152,124235776,137232384
findling-rss 1790921006,119525376,2732032,808696,124071936,137232384
findling-rss 1790921008,119525376,2732032,807880,124207104,137232384
findling-rss 1790921010,119525376,2732032,807472,124444672,137232384
findling-rss 1790921012,119525376,2732032,808832,124100608,137232384
findling-rss 1790921014,119525376,2732032,804920,124284928,137232384
findling-rss 1790921016,119525376,2732032,805968,124162048,137232384
findling-rss 1790921018,119525376,2732032,806144,124178432,137232384
findling-rss 1790921020,119525376,2732032,806008,124252160,137232384
findling-rss 1790921022,119525376,2732032,805328,124080128,137232384
findling-rss 1790921024,119525376,2732032,804648,124391424,137232384
findling-rss 1790921026,119525376,2732032,806008,124133376,137232384
findling-rss 1790921028,119525376,2732032,805464,124272640,137232384
findling-rss 1790921030,119525376,2732032,805328,124076032,137232384
findling-rss 1790921032,119525376,2732032,806688,124002304,137232384
findling-rss 1790921034,119525376,2732032,804648,124256256,137232384
findling-rss 1790921036,119525376,2732032,805328,124121088,137232384
findling-rss 1790921038,119525376,2732032,805328,124026880,137232384
findling-rss 1790921040,119525376,2732032,803968,124502016,137232384
findling-rss 1790921042,119525376,2732032,804240,124313600,137232384
findling-rss 1790921044,119525376,2732032,804920,124350464,137232384
findling-rss 1790921046,120160256,2740224,808288,124657664,137232384
findling-rss 1790921048,120160256,2744320,808944,124911616,137232384
findling-rss 1790921050,120160256,2744320,809488,124809216,137232384
findling-rss 1790921052,120160256,2744320,809488,124985344,137232384
findling-rss 1790921054,120160256,2744320,808808,124674048,137232384
findling-rss 1790921056,120160256,2744320,808944,125054976,137232384
findling-rss 1790921058,120160256,2744320,808536,124784640,137232384
findling-rss 1790921060,120160256,2744320,809896,124768256,137232384
findling-rss 1790921062,120160256,2744320,810576,124735488,137232384
findling-rss 1790921064,120160256,2744320,809080,124977152,137232384
findling-rss 1790921066,120160256,2744320,809216,125005824,137232384
findling-rss 1790921068,120160256,2744320,808672,125034496,137232384
findling-rss 1790921070,120160256,2744320,808400,125091840,137232384
findling-rss 1790921072,120160256,2744320,808808,124915712,137232384
findling-rss 1790921074,120160256,2744320,808808,124895232,137232384
findling-rss 1790921076,120160256,2744320,808944,124899328,137232384
findling-rss 1790921078,120160256,2744320,809760,124858368,137232384
findling-rss 1790921080,120160256,2744320,809080,125005824,137232384
findling-rss 1790921082,120160256,2744320,810440,124903424,137232384
findling-rss 1790921084,120160256,2744320,809216,124911616,137232384
findling-rss 1790921086,120160256,2744320,808672,124981248,137232384
findling-rss 1790921088,120160256,2744320,809280,124948480,137232384
findling-rss 1790921090,122527744,3006464,811336,127528960,137232384
findling-rss 1790921092,122572800,3006464,810792,127574016,137232384
findling-rss 1790921094,122580992,3006464,809328,127545344,137232384
findling-rss 1790921096,122580992,3006464,808512,127467520,137232384
findling-rss 1790921098,122580992,3006464,808648,127442944,137232384
findling-rss 1790921100,122580992,3006464,808512,127688704,137232384
findling-rss 1790921102,122580992,3006464,809872,127549440,137232384
findling-rss 1790921104,122580992,3006464,808648,127541248,137232384
findling-rss 1790921106,122580992,3006464,809328,127504384,137232384
findling-rss 1790921108,122580992,3006464,807832,127844352,137232384
findling-rss 1790921110,122580992,3006464,808920,127569920,137232384
findling-rss 1790921112,122580992,3006464,811744,127586304,137232384
findling-rss 1790921114,122580992,3006464,813104,127721472,137232384
findling-rss 1790921116,122580992,3006464,810008,127512576,137232384
findling-rss 1790921118,122580992,3006464,810008,127512576,137232384
findling-rss 1790921120,122580992,3006464,809872,127475712,137232384
findling-rss 1790921122,122580992,3006464,809192,127836160,137232384
findling-rss 1790921124,122580992,3006464,808512,127479808,137232384
findling-rss 1790921126,122580992,3006464,809872,127508480,137232384
findling-rss 1790921128,122580992,3006464,808784,127840256,137232384
findling-rss 1790921130,122580992,3006464,807832,127848448,137232384
findling-rss 1790921132,122580992,3006464,808512,127574016,137232384
findling-rss 1790921134,122580992,3006464,809192,127352832,137232384
findling-rss 1790921136,122580992,3006464,809464,127537152,137232384
findling-rss 1790921138,122580992,3006464,809056,127614976,137232384
findling-rss 1790921140,122580992,3006464,808920,127344640,137232384
findling-rss 1790921142,122580992,3006464,809192,127537152,137232384
findling-rss 1790921144,122580992,3006464,808920,127655936,137232384
findling-rss 1790921146,122580992,3006464,809600,127553536,137232384
findling-rss 1790921148,122580992,3006464,807832,127561728,137232384
findling-rss 1790921150,122580992,3006464,808512,127590400,137232384
findling-rss 1790921152,122580992,3006464,808512,127324160,137232384
findling-rss 1790921154,122585088,3006464,808240,127553536,137232384
findling-rss 1790921156,122585088,3006464,807832,127700992,137232384
findling-rss 1790921158,122585088,3006464,807832,127590400,137232384
findling-rss 1790921160,122585088,3006464,808512,127344640,137232384
findling-rss 1790921162,122585088,3006464,812400,127520768,137232384
findling-rss 1790921164,122585088,3006464,809328,127524864,137232384
findling-rss 1790921166,122585088,3006464,808376,127639552,137232384
findling-rss 1790921168,122585088,3006464,808376,127610880,137232384
findling-rss 1790921170,122585088,3006464,808648,127516672,137232384
findling-rss 1790921172,123637760,3006464,814040,128569344,137232384
findling-rss 1790921174,122585088,3006464,808376,127750144,137232384
findling-rss 1790921176,122585088,3006464,809736,127594496,137232384
findling-rss 1790921178,122585088,3006464,807832,127598592,137232384
findling-rss 1790921180,122585088,3006464,809192,127528960,137232384
findling-rss 1790921183,122585088,3006464,808512,127774720,137232384
findling-rss 1790921185,122585088,3006464,807832,127553536,137232384
findling-rss 1790921187,122585088,3006464,808512,127426560,137232384
findling-rss 1790921189,122585088,3006464,809872,127340544,137232384
findling-rss 1790921191,122585088,3006464,808512,127590400,137232384
findling-rss 1790921193,122585088,3006464,845048,127561728,137232384
findling-rss 1790921195,122585088,3006464,809192,127520768,137232384
findling-rss 1790921197,122585088,3006464,808376,127483904,137232384
findling-rss 1790921199,122585088,3006464,809192,127590400,137232384
findling-rss 1790921201,122585088,3006464,807832,127569920,137232384
findling-rss 1790921203,122585088,3006464,809192,127557632,137232384
findling-rss 1790921205,122585088,3006464,808512,127692800,137232384
findling-rss 1790921207,122585088,3006464,809872,127471616,137232384
findling-rss 1790921209,122585088,3006464,809872,127488000,137232384
findling-rss 1790921211,122585088,3006464,810280,127594496,137232384
findling-rss 1790921213,122585088,3006464,809056,127619072,137232384
findling-rss 1790921215,122585088,3006464,808512,127598592,137232384
findling-rss 1790921217,122585088,3006464,809872,127594496,137232384
findling-rss 1790921219,122585088,3006464,809736,127590400,137232384
findling-rss 1790921221,122585088,3006464,808512,127467520,137232384
findling-rss 1790921223,122585088,3006464,813080,127352832,137232384
findling-rss 1790921225,122585088,3006464,809192,127582208,137232384
findling-rss 1790921227,122585088,3006464,808512,127401984,137232384
findling-rss 1790921229,122585088,3006464,809600,127524864,137232384
findling-rss 1790921231,122585088,3006464,809056,127373312,137232384
findling-rss 1790921233,122585088,3006464,813104,127602688,137232384
findling-rss 1790921235,122585088,3006464,812424,127557632,137232384
findling-rss 1790921237,122585088,3006464,809464,127598592,137232384
findling-rss 1790921239,122585088,3006464,809328,127614976,137232384
findling-rss 1790921241,122585088,3006464,809840,127524864,137232384
findling-rss 1790921243,122585088,3006464,809056,127803392,137232384
findling-rss 1790921245,122585088,3006464,807832,127848448,137232384
findling-rss 1790921247,122585088,3006464,809192,127610880,137232384
findling-rss 1790921249,122585088,3006464,810552,127643648,137232384
findling-rss 1790921251,122585088,3006464,808512,127574016,137232384
findling-rss 1790921253,122585088,3006464,814032,127606784,137232384
findling-rss 1790921255,122589184,3006464,808512,127582208,137232384
findling-rss 1790921257,122589184,3006464,809872,127823872,137232384
findling-rss 1790921259,122589184,3006464,808920,127561728,137232384
findling-rss 1790921261,122593280,3006464,808512,127524864,137232384
findling-rss 1790921263,122593280,3006464,809328,127578112,137232384
findling-rss 1790921265,122593280,3006464,810008,127700992,137232384
findling-rss 1790921267,122593280,3006464,808512,127598592,137232384
findling-rss 1790921269,122593280,3006464,809872,127586304,137232384
findling-rss 1790921271,122593280,3006464,807832,127520768,137232384
findling-rss 1790921273,122593280,3006464,809192,127537152,137232384
findling-rss 1790921275,122593280,3006464,808104,127680512,137232384
findling-rss 1790921277,122593280,3006464,809464,127475712,137232384
findling-rss 1790921279,122593280,3006464,808240,127561728,137232384
findling-rss 1790921281,122593280,3006464,808512,127614976,137232384
findling-rss 1790921283,122593280,3006464,808240,127787008,137232384
findling-rss 1790921285,122593280,3006464,808920,127537152,137232384
findling-rss 1790921287,122593280,3006464,808512,127705088,137232384
findling-rss 1790921289,122593280,3006464,809872,127770624,137232384
findling-rss 1790921291,122593280,3006464,809464,127623168,137232384
findling-rss 1790921293,122593280,3006464,808104,127557632,137232384
findling-rss 1790921295,122593280,3006464,809464,127631360,137232384
findling-rss 1790921297,122593280,3006464,809056,127356928,137232384
findling-rss 1790921299,122593280,3006464,810416,127602688,137232384
findling-rss 1790921301,122593280,3006464,809600,127832064,137232384
findling-rss 1790921303,122593280,3006464,809192,127598592,137232384
findling-rss 1790921305,122593280,3006464,808512,127528960,137232384
findling-rss 1790921307,122593280,3006464,809872,127774720,137232384
findling-rss 1790921309,122593280,3006464,809192,127614976,137232384
findling-rss 1790921311,122593280,3006464,808512,127791104,137232384
findling-rss 1790921313,122593280,3006464,814304,127614976,137232384
findling-rss 1790921315,122593280,3006464,808512,127823872,137232384
findling-rss 1790921317,122593280,3006464,809872,127631360,137232384
findling-rss 1790921319,122593280,3006464,808240,127619072,137232384
findling-rss 1790921321,122593280,3006464,809600,127565824,137232384
findling-rss 1790921323,122593280,3006464,809056,127557632,137232384
findling-rss 1790921325,122593280,3006464,808920,127578112,137232384
findling-rss 1790921327,122593280,3006464,808512,127602688,137232384
findling-rss 1790921329,122593280,3006464,809872,127787008,137232384
findling-rss 1790921331,122593280,3006464,810048,127746048,137232384
findling-rss 1790921333,122593280,3006464,808784,127668224,137232384
findling-rss 1790921335,122593280,3006464,810144,127602688,137232384
findling-rss 1790921337,122593280,3006464,809192,127795200,137232384
findling-rss 1790921339,122593280,3006464,808104,127565824,137232384
findling-rss 1790921341,122593280,3006464,808512,127651840,137232384
findling-rss 1790921343,122593280,3006464,808920,127651840,137232384
findling-rss 1790921345,122593280,3006464,809600,127684608,137232384
findling-rss 1790921347,122593280,3006464,809192,127696896,137232384
findling-rss 1790921349,124784640,3014656,811696,130031616,137232384
findling-rss 1790921351,124796928,3014656,811560,129810432,137232384
findling-rss 1790921353,124821504,3014656,815176,129847296,137232384
findling-rss 1790921355,124833792,3014656,815856,129806336,137232384
findling-rss 1790921357,124833792,3014656,812488,129683456,137232384
findling-rss 1790921359,124833792,3014656,812624,129896448,137232384
findling-rss 1790921361,124833792,3014656,813984,129630208,137232384
findling-rss 1790921363,124833792,3014656,811264,129830912,137232384
findling-rss 1790921365,124833792,3014656,812624,129871872,137232384
findling-rss 1790921367,124833792,3014656,811944,129888256,137232384
findling-rss 1790921369,124833792,3014656,811536,129835008,137232384
findling-rss 1790921371,124833792,3014656,811944,129990656,137232384
findling-rss 1790921373,124833792,3014656,812624,129949696,137232384
findling-rss 1790921375,124833792,3014656,811264,129859584,137232384
findling-rss 1790921377,124833792,3014656,811944,130101248,137232384
findling-rss 1790921379,124833792,3014656,813304,129994752,137232384
findling-rss 1790921381,124833792,3014656,811944,129933312,137232384
findling-rss 1790921383,124833792,3014656,813304,129703936,137232384
findling-rss 1790921385,124833792,3014656,811944,129867776,137232384
findling-rss 1790921387,124833792,3014656,813304,129818624,137232384
findling-rss 1790921389,124833792,3014656,812624,130068480,137232384
findling-rss 1790921391,124833792,3014656,812488,129835008,137232384
findling-rss 1790921393,124833792,3014656,813304,129818624,137232384
findling-rss 1790921395,124833792,3014656,812624,130052096,137232384
findling-rss 1790921397,124833792,3014656,812344,130088960,137232384
findling-rss 1790921399,125026304,3014656,811672,130052096,137232384
findling-rss 1790921401,125026304,3014656,811944,130056192,137232384
findling-rss 1790921403,125026304,3014656,813168,130007040,137232384
findling-rss 1790921405,125026304,3014656,812080,129966080,137232384
findling-rss 1790921407,125026304,3014656,811944,130183168,137232384
findling-rss 1790921409,125026304,3014656,809256,129986560,137232384
findling-rss 1790921411,125026304,3014656,809800,130048000,137232384
findling-rss 1790921413,125026304,3014656,810344,130019328,137232384
findling-rss 1790921415,125026304,3014656,808440,129982464,137232384
findling-rss 1790921417,125026304,3014656,809800,130179072,137232384
findling-rss 1790921419,125026304,3014656,809120,129941504,137232384
findling-rss 1790921421,125026304,3014656,809800,130150400,137232384
findling-rss 1790921423,125026304,3014656,811160,130084864,137232384
findling-rss 1790921425,125026304,3014656,809120,130011136,137232384
findling-rss 1790921427,125026304,3014656,810480,130052096,137232384
findling-rss 1790921429,125026304,3014656,809256,129781760,137232384
findling-rss 1790921431,125026304,3014656,809120,130002944,137232384
findling-rss 1790921433,125026304,3014656,809256,129875968,137232384
findling-rss 1790921435,125026304,3014656,809256,130056192,137232384
findling-rss 1790921437,125026304,3014656,809800,129896448,137232384
findling-rss 1790921439,125026304,3014656,809800,129806336,137232384
findling-rss 1790921441,125026304,3014656,809120,129986560,137232384
findling-rss 1790921443,125026304,3014656,809256,130306048,137232384
findling-rss 1790921445,125026304,3014656,810616,130174976,137232384
findling-rss 1790921447,125026304,3014656,809800,130068480,137232384
findling-rss 1790921449,125026304,3014656,809800,130056192,137232384
findling-rss 1790921451,125026304,3014656,809256,130043904,137232384
findling-rss 1790921453,125026304,3014656,810072,130150400,137232384
findling-rss 1790921455,125026304,3014656,811432,129933312,137232384
findling-rss 1790921457,125026304,3014656,854216,130035712,137232384
findling-rss 1790921459,125026304,3014656,810072,130183168,137232384
findling-rss 1790921461,125358080,3014656,809256,130306048,137232384
findling-rss 1790921464,125358080,3014656,809800,130314240,137232384
findling-rss 1790921466,125358080,3014656,809664,130392064,137232384
findling-rss 1790921468,125358080,3014656,811024,130359296,137232384
findling-rss 1790921470,125358080,3014656,809664,130633728,137232384
findling-rss 1790921472,125358080,3014656,811024,130379776,137232384
findling-rss 1790921474,125358080,3014656,813712,130342912,137232384
findling-rss 1790921476,125358080,3014656,812488,130600960,137232384
findling-rss 1790921478,125358080,3014656,814504,130322432,137232384
findling-rss 1790921480,125358080,3014656,808440,130428928,137232384
findling-rss 1790921482,125358080,3014656,809800,130224128,137232384
findling-rss 1790921484,125358080,3014656,809936,130396160,137232384
findling-rss 1790921486,125358080,3014656,809800,130392064,137232384
findling-rss 1790921488,125358080,3014656,809800,130387968,137232384
findling-rss 1790921490,125358080,3014656,808712,130129920,137232384
findling-rss 1790921492,125358080,3014656,808440,130408448,137232384
findling-rss 1790921494,125358080,3014656,809800,130289664,137232384
findling-rss 1790921496,125358080,3014656,811160,130564096,137232384
findling-rss 1790921498,125358080,3014656,809800,130379776,137232384
findling-rss 1790921500,125358080,3014656,810616,130355200,137232384
findling-rss 1790921502,125358080,3014656,810480,130555904,137232384
findling-rss 1790921504,125358080,3014656,811296,130318336,137232384
findling-rss 1790921506,125358080,3014656,809120,130113536,137232384
findling-rss 1790921508,197513216,33808384,5782736,238571520,238833664
findling-rss 1790921510,229441536,63336448,8881776,303575040,304742400
findling-rss 1790921512,244936704,66523136,9287880,322482176,323063808
findling-rss 1790921514,244113408,67670016,9318968,322961408,324730880
findling-rss 1790921516,244871168,67870720,9354024,323788800,325357568
findling-rss 1790921518,249413632,68898816,9408424,329510912,331259904
findling-rss 1790921520,249909248,69836800,9457672,331173888,332480512
findling-rss 1790921522,250605568,70782976,9508016,332836864,333946880
findling-rss 1790921524,250802176,71884800,9538184,334028800,334909440
findling-rss 1790921526,215261184,72355840,9602552,298807296,337088512
findling-rss 1790921528,245587968,72445952,9750432,329015296,337088512
findling-rss 1790921530,247922688,72654848,9776136,332115968,337088512
findling-rss 1790921532,251904000,72921088,9683928,336408576,340611072
findling-rss 1790921534,252141568,73179136,9713536,336891904,340611072
findling-rss 1790921536,253612032,73515008,9745616,338685952,340611072
findling-rss 1790921538,255623168,73969664,9753432,341032960,342228992
findling-rss 1790921540,258539520,74067968,9788480,344371200,345812992
findling-rss 1790921542,258920448,74469376,9823104,345034752,346492928
findling-rss 1790921544,230014976,74833920,9892800,316600320,346492928
findling-rss 1790921546,249192448,74989568,9955304,335986688,346492928
findling-rss 1790921548,251641856,75341824,9987400,338915328,346492928
findling-rss 1790921550,253345792,75505664,9894128,340836352,352698368
findling-rss 1790921552,256516096,75608064,9902944,344006656,352698368
findling-rss 1790921554,256622592,75927552,9933624,344342528,352698368
findling-rss 1790921556,257376256,76296192,10027624,345624576,352698368
findling-rss 1790921558,257777664,76664832,10061576,346468352,352698368
findling-rss 1790921560,257871872,76967936,10070056,346517504,352698368
findling-rss 1790921562,253550592,77021184,10192416,342777856,357081088
findling-rss 1790921564,251252736,77737984,10211904,341168128,357081088
findling-rss 1790921566,252387328,77996032,10245784,342437888,357081088
findling-rss 1790921568,254840832,77860864,10264680,344592384,357081088
findling-rss 1790921570,261939200,78000128,10232472,351936512,357081088
findling-rss 1790921572,262217728,78397440,10264528,352768000,357081088
findling-rss 1790921574,262483968,78839808,10273968,353456128,357081088
findling-rss 1790921576,263163904,78962688,10313160,354451456,357191680
findling-rss 1790921578,174858240,79691776,10232984,266137600,357191680
findling-rss 1790921580,233791488,79364096,10463760,325296128,357191680
findling-rss 1790921582,252579840,79708160,10531560,344551424,357191680
findling-rss 1790921584,254652416,80109568,10565432,347189248,357191680
findling-rss 1790921586,257232896,80510976,10596216,349962240,357191680
findling-rss 1790921588,257593344,80674816,10609648,350695424,357191680
findling-rss 1790921590,259129344,80863232,10517968,352313344,362217472
findling-rss 1790921592,261001216,81186816,10553352,354680832,362217472
findling-rss 1790921594,264232960,81506304,10585664,358096896,365932544
findling-rss 1790921596,204042240,81932288,10588528,296759296,365932544
findling-rss 1790921598,250044416,81825792,10709688,344371200,365932544
findling-rss 1790921600,261992448,82149376,10785736,356732928,365932544
findling-rss 1790921602,262033408,82284544,10816096,357343232,365932544
findling-rss 1790921604,262062080,82604032,10844264,357236736,365932544
findling-rss 1790921606,262066176,82948096,10875072,357519360,365932544
findling-rss 1790921608,253472768,83365888,10792720,349523968,365932544
findling-rss 1790921610,255680512,83386368,10787752,351502336,365932544
findling-rss 1790921612,256974848,83636224,10828032,353337344,365932544
findling-rss 1790921614,216420352,84492288,10883552,312737792,365932544
findling-rss 1790921616,251711488,84201472,10965824,348614656,365932544
findling-rss 1790921618,252788736,84832256,11001704,350056448,365932544
findling-rss 1790921620,252248064,85245952,11037880,350179328,365932544
findling-rss 1790921622,254783488,85045248,11054712,352731136,365932544
findling-rss 1790921624,255188992,85385216,11062592,353431552,365932544
findling-rss 1790921626,257564672,85553152,11097768,355950592,365932544
findling-rss 1790921628,257601536,85684224,11003224,356306944,372240384
findling-rss 1790921630,258527232,86048768,11095240,357548032,372240384
findling-rss 1790921632,248995840,86097920,11191120,348131328,372240384
findling-rss 1790921634,252825600,86368256,11283048,352276480,372240384
findling-rss 1790921636,253251584,86597632,11311600,352927744,372240384
findling-rss 1790921638,256151552,87027712,11318280,356323328,372240384
findling-rss 1790921640,256708608,87207936,11355368,356884480,374050816
findling-rss 1790921642,261193728,87986176,11400528,362627072,374050816
findling-rss 1790921644,265912320,87814144,11416592,367247360,374050816
findling-rss 1790921646,265990144,105672704,11919920,385646592,386187264
findling-rss 1790921648,265990144,88309760,11342048,367599616,386187264
findling-rss 1790921650,247840768,89030656,11458216,350138368,386187264
findling-rss 1790921652,253161472,88862720,11480392,355479552,386187264
findling-rss 1790921654,256397312,89202688,11512376,358842368,386187264
findling-rss 1790921656,257843200,89497600,11543536,360865792,386187264
findling-rss 1790921658,255713280,90824704,11602680,360640512,386187264
findling-rss 1790921660,262512640,90042368,11576448,366002176,386187264
findling-rss 1790921663,263995392,90198016,11675144,367792128,386187264
findling-rss 1790921665,264044544,90562560,11707080,368361472,386187264
findling-rss 1790921667,171831296,91021312,11474928,275025920,389488640
findling-rss 1790921669,252547072,90771456,11715264,356712448,389488640
findling-rss 1790921671,254029824,91111424,11746848,358776832,389488640
findling-rss 1790921673,256647168,91459584,11779736,361660416,389488640
findling-rss 1790921675,255594496,91807744,11845664,361132032,389488640
findling-rss 1790921677,258519040,91951104,11883440,364212224,389488640
findling-rss 1790921679,261046272,92758016,11928496,367607808,389488640
findling-rss 1790921681,261349376,92762112,11950248,367972352,389488640
findling-rss 1790921683,261509120,93085696,11980968,368455680,389488640
findling-rss 1790921685,209010688,93622272,11992912,316014592,389488640
findling-rss 1790921687,250777600,93302784,11989408,357990400,389488640
findling-rss 1790921689,256180224,93786112,11998864,363556864,389488640
findling-rss 1790921691,257404928,93933568,12036336,365195264,389488640
findling-rss 1790921693,259170304,94257152,12070328,367628288,389488640
findling-rss 1790921695,261066752,94625792,12100368,369664000,389488640
findling-rss 1790921697,262819840,94900224,12130496,371900416,389488640
findling-rss 1790921699,263086080,95100928,12203904,372031488,389488640
findling-rss 1790921701,263184384,95473664,12235224,372633600,389488640
findling-rss 1790921703,219529216,96178176,12284312,329650176,389488640
findling-rss 1790921705,253972480,95891456,12364824,364077056,389488640
findling-rss 1790921707,257781760,95973376,12272200,367919104,393916416
findling-rss 1790921709,259047424,96387072,12364640,370151424,393916416
findling-rss 1790921711,259682304,96784384,12398632,370692096,393916416
findling-rss 1790921713,261726208,97312768,12420048,372920320,393916416
findling-rss 1790921715,260964352,97271808,12442608,372719616,398381056
findling-rss 1790921717,262930432,97599488,12473784,374878208,398381056
findling-rss 1790921719,262938624,97964032,12503208,375222272,398381056
findling-rss 1790921721,253325312,98029568,12595728,365338624,398381056
findling-rss 1790921723,257433600,98353152,12625544,370176000,398381056
findling-rss 1790921725,259416064,126803968,13469360,401596416,401670144
findling-rss 1790921727,259420160,98783232,12547528,372510720,403275776
findling-rss 1790921729,259862528,99209216,12642984,373563392,403275776
findling-rss 1790921731,260870144,99622912,12678104,375250944,403275776
findling-rss 1790921733,260939776,100032512,12707200,375762944,403275776
findling-rss 1790921735,262103040,100220928,12723496,377053184,403275776
findling-rss 1790921737,262402048,100519936,12753480,377663488,403275776
findling-rss 1790921739,238522368,100798464,12814056,353730560,403275776
findling-rss 1790921741,256819200,100954112,12883640,372633600,403275776
findling-rss 1790921743,259284992,101232640,12914216,375095296,403275776
findling-rss 1790921745,257105920,101416960,12882568,373202944,409501696
findling-rss 1790921747,259407872,101777408,12896152,375922688,409501696
findling-rss 1790921749,261218304,101965824,12925392,377888768,409501696
findling-rss 1790921751,263741440,102629376,12967888,381427712,409501696
findling-rss 1790921753,260636672,102608896,12988768,377876480,409501696
findling-rss 1790921755,172716032,103297024,12880144,289808384,409501696
findling-rss 1790921757,258351104,103477248,13133016,376496128,409501696
findling-rss 1790921759,259375104,103849984,13165768,378372096,409501696
findling-rss 1790921761,259719168,103976960,13173768,378281984,409501696
findling-rss 1790921763,259956736,103854080,13253208,379166720,409501696
findling-rss 1790921765,262688768,103993344,13163368,381870080,413720576
findling-rss 1790921767,262770688,104308736,13194272,382279680,413720576
findling-rss 1790921769,263372800,104710144,13205896,383414272,413720576
findling-rss 1790921771,263372800,104878080,13237728,383340544,413720576
findling-rss 1790921773,168194048,105230336,13060400,287887360,413720576
findling-rss 1790921775,239984640,105283584,13398056,360296448,413720576
findling-rss 1790921777,258113536,106106880,13480848,379727872,413720576
findling-rss 1790921779,261967872,106004480,13499648,383188992,413720576
findling-rss 1790921781,262594560,106356736,13532376,384503808,413720576
findling-rss 1790921783,263438336,116674560,13857864,395149312,413720576
findling-rss 1790921785,265674752,106737664,13459736,387952640,422834176
findling-rss 1790921787,266031104,107081728,13484712,388345856,422834176
findling-rss 1790921789,266276864,107393024,13519008,389029888,422834176
findling-rss 1790921791,266276864,107728896,13521344,389177344,422834176
findling-rss 1790921793,249634816,108150784,13637408,373112832,422834176
findling-rss 1790921795,255725568,108146688,13675312,379510784,422834176
findling-rss 1790921797,255864832,108273664,13688144,379707392,422834176
findling-rss 1790921799,257486848,108580864,13778256,381583360,422834176
findling-rss 1790921801,266407936,109015040,13813216,391143424,422834176
findling-rss 1790921803,261545984,109178880,13721808,386154496,427536384
findling-rss 1790921805,261685248,109625344,13743792,386670592,427536384
findling-rss 1790921807,270528512,109740032,13764360,395972608,427536384
findling-rss 1790921809,168443904,109981696,13579448,293421056,427536384
findling-rss 1790921811,252571648,110026752,13889976,378494976,427536384
findling-rss 1790921813,258945024,110292992,13920552,384929792,427536384
findling-rss 1790921815,259239936,110632960,13952536,385753088,427536384
findling-rss 1790921817,259985408,110985216,13985536,386899968,427536384
findling-rss 1790921819,267808768,111603712,14008224,395337728,427536384
findling-rss 1790921821,267821056,111476736,14026800,395386880,427536384
findling-rss 1790921823,268124160,111583232,13934000,395161600,438284288
findling-rss 1790921825,268189696,111886336,13964640,395751424,438284288
findling-rss 1790921827,180813824,112185344,13857328,308486144,438284288
findling-rss 1790921829,253251584,112435200,14098536,381394944,438284288
findling-rss 1790921831,256499712,112955392,14109336,385282048,438284288
findling-rss 1790921833,260788224,113541120,14162944,390299648,438284288
findling-rss 1790921835,258146304,113385472,14181016,387620864,438284288
findling-rss 1790921837,261513216,114176000,14289144,391819264,438284288
findling-rss 1790921839,261664768,114053120,14276472,391749632,438284288
findling-rss 1790921841,257613824,114262016,14309992,387829760,438284288
findling-rss 1790921844,261619712,114409472,14217320,391954432,438284288
findling-rss 1790921846,191778816,115130368,14204896,322793472,438284288
findling-rss 1790921848,256053248,114847744,14352704,387305472,438284288
findling-rss 1790921850,374382592,138555392,14828784,530251776,530251776
findling-rss 1790921852,375664640,138555392,14827968,531492864,532807680
findling-rss 1790921854,350892032,139927552,14831104,507887616,532807680
findling-rss 1790921856,351055872,139927552,14830968,507830272,532807680
findling-rss 1790921858,920764416,151724032,14574416,1090289664,1090289664
findling-rss 1790921860,1270128640,218472448,13723280,1506492416,1557848064
findling-rss 1790921862,1367699456,212754432,13835944,1598738432,1598738432
findling-rss 1790921864,1269035008,212402176,13735496,1499238400,1600602112
findling-rss 1790921866,1364353024,212754432,13852664,1595478016,1600602112
findling-rss 1790921868,1298321408,212963328,13755080,1526489088,1600602112
findling-rss 1790921870,1400971264,213188608,13743176,1632411648,1632411648
findling-rss 1790921872,1439125504,203468800,13864832,1660968960,1660968960
findling-rss 1790921874,1445249024,203468800,13864824,1666998272,1666998272
findling-rss 1790921876,1439850496,200327168,13884992,1658757120,1666998272
findling-rss 1790921878,1441607680,200327168,13900512,1660690432,1666998272
findling-rss 1790921880,1406783488,200085504,13766776,1624805376,1666998272
findling-rss 1790921882,1393434624,200691712,13781560,1611218944,1666998272
findling-rss 1790921884,1445646336,200691712,13894320,1664622592,1666998272
findling-rss 1790921886,1360244736,200708096,13909120,1579163648,1666998272
findling-rss 1790921888,1446920192,200708096,13926640,1666297856,1667653632
findling-rss 1790921890,1352945664,197283840,13792440,1568059392,1667653632
findling-rss 1790921892,1410646016,197476352,13798000,1626099712,1667653632
findling-rss 1790921894,1450196992,197955584,13923560,1666007040,1667653632
findling-rss 1790921896,1449230336,197955584,13920208,1665724416,1667653632
findling-rss 1790921898,1449701376,197959680,13937128,1666293760,1667653632
findling-rss 1790921900,1449701376,197959680,13937944,1666113536,1668399104
findling-rss 1790921902,1354903552,197840896,13823880,1570971648,1668399104
findling-rss 1790921904,1447735296,195190784,13948032,1661476864,1668399104
findling-rss 1790921906,1455763456,195190784,13947216,1669603328,1670930432
findling-rss 1790921908,1449816064,195190784,13965000,1663483904,1671077888
findling-rss 1790921910,1450696704,195190784,13965504,1664454656,1671077888
findling-rss 1790921912,1412337664,194965504,13848432,1625337856,1671077888
findling-rss 1790921914,1408286720,264069120,15173984,1691672576,1691852800
findling-rss 1790921916,1452662784,215674880,14526800,1687465984,1691852800
findling-rss 1790921918,1364971520,215687168,14542376,1599152128,1691852800
findling-rss 1790921920,1453301760,212279296,14561928,1684840448,1691852800
findling-rss 1790921922,1356226560,211959808,14424712,1586884608,1691852800
findling-rss 1790921924,1413840896,212189184,14432048,1644826624,1691852800
findling-rss 1790921926,1451216896,209252352,14552264,1679466496,1691852800
findling-rss 1790921928,1451216896,209252352,14556424,1679708160,1691852800
findling-rss 1790921930,1457860608,205856768,14561464,1682788352,1691852800
findling-rss 1790921932,1457860608,205856768,14561464,1682980864,1691852800
findling-rss 1790921934,1413898240,205619200,14445128,1638330368,1691852800
findling-rss 1790921936,1356922880,205905920,14471296,1581506560,1691852800
findling-rss 1790921938,1361580032,206082048,14482592,1586552832,1691852800
findling-rss 1790921940,1361960960,207130624,14531656,1587634176,1691852800
findling-rss 1790921942,1362264064,208314368,14586000,1589493760,1691852800
findling-rss 1790921944,1362268160,209252352,14618768,1590321152,1691852800
findling-rss 1790921946,1362489344,209637376,14644736,1591083008,1691852800
findling-rss 1790921948,1366167552,209756160,14682584,1594867712,1691852800
findling-rss 1790921950,1311006720,206368768,14652136,1535647744,1691852800
findling-rss 1790921952,1359196160,206073856,14818408,1584361472,1691852800
findling-rss 1790921954,1359609856,207470592,14860072,1586229248,1691852800
findling-rss 1790921956,1360138240,207904768,14894088,1587228672,1691852800
findling-rss 1790921958,1362440192,208257024,14922016,1589657600,1691852800
findling-rss 1790921960,1361428480,208670720,14917024,1589174272,1691852800
findling-rss 1790921962,1362702336,208826368,14954520,1590808576,1691852800
findling-rss 1790921964,1366306816,205811712,14987616,1591496704,1691852800
findling-rss 1790921966,1366024192,206614528,15033920,1591906304,1691852800
findling-rss 1790921968,1355358208,206692352,15131440,1581502464,1691852800
findling-rss 1790921970,1363140608,202498048,15071136,1584955392,1691852800
findling-rss 1790921972,1363771392,202821632,15097376,1586020352,1691852800
findling-rss 1790921974,1362055168,200114176,15118512,1581518848,1691852800
findling-rss 1790921976,1362386944,200282112,15142424,1581993984,1691852800
findling-rss 1790921978,1364779008,200589312,15175008,1584771072,1691852800
findling-rss 1790921980,1366777856,197734400,15204904,1584205824,1691852800
findling-rss 1790921982,1363587072,198496256,15248528,1581449216,1691852800
findling-rss 1790921984,1272471552,192299008,15096968,1482592256,1691852800
findling-rss 1790921986,1339064320,192196608,15329488,1550696448,1691852800
findling-rss 1790921988,1361305600,236277760,16857200,1618665472,1691852800
findling-rss 1790921990,1362808832,185360384,15274136,1567612928,1691852800
findling-rss 1790921992,1363623936,186052608,15314488,1569230848,1691852800
findling-rss 1790921994,1361993728,184373248,15285112,1565822976,1691852800
findling-rss 1790921996,1362026496,185180160,15336088,1566687232,1691852800
findling-rss 1790921998,1365045248,185327616,15345648,1569878016,1691852800
findling-rss 1790922000,1367121920,183361536,15398568,1570074624,1691852800
findling-rss 1790922002,1275686912,184639488,15262120,1478987776,1691852800
findling-rss 1790922004,1359384576,184406016,15511144,1563680768,1691852800
findling-rss 1790922006,1360797696,181862400,15463400,1562296320,1691852800
findling-rss 1790922008,1362792448,234156032,16742784,1617965056,1691852800
findling-rss 1790922010,1366478848,186306560,15510104,1572315136,1691852800
findling-rss 1790922012,1366478848,186200064,15529168,1572708352,1691852800
findling-rss 1790922014,1371168768,186552320,15557720,1577635840,1691852800
findling-rss 1790922016,1371258880,186826752,15588256,1577783296,1691852800
findling-rss 1790922018,1371291648,184332288,15521032,1575469056,1691852800
findling-rss 1790922020,1299652608,181977088,15439152,1500893184,1691852800
findling-rss 1790922022,1356824576,182677504,15597736,1559433216,1691852800
findling-rss 1790922024,1361166336,183578624,15648168,1564913664,1691852800
findling-rss 1790922026,1364541440,180518912,15649344,1564954624,1691852800
findling-rss 1790922028,1367326720,187977728,15694984,1573830656,1691852800
findling-rss 1790922030,1366462464,188727296,15715120,1575100416,1691852800
findling-rss 1790922032,1476464640,181338112,15647016,1678000128,1691852800
findling-rss 1790922034,1477464064,178311168,15565608,1676206080,1691852800
findling-rss 1790922036,1457610752,178302976,15564024,1656164352,1691852800
findling-rss 1790922038,1458372608,177774592,15552400,1656193024,1691852800
findling-rss 1790922040,1419874304,177561600,15434344,1617391616,1691852800
findling-rss 1790922042,1399185408,178409472,15565408,1597325312,1691852800
findling-rss 1790922044,1458581504,175607808,15489944,1654050816,1691852800
findling-rss 1790922047,1411969024,175599616,15509208,1607426048,1691852800
findling-rss 1790922049,1458622464,175599616,15507888,1654095872,1691852800
findling-rss 1790922051,1419665408,175329280,15390408,1614741504,1691852800
findling-rss 1790922053,1419673600,175484928,15395256,1614868480,1691852800
findling-rss 1790922055,1457930240,175935488,15516608,1653833728,1691852800
findling-rss 1790922057,1457930240,175935488,15517728,1653993472,1691852800
findling-rss 1790922059,1458339840,175673344,15526568,1654132736,1691852800
findling-rss 1790922061,1458339840,175673344,15527656,1654071296,1691852800
findling-rss 1790922063,1419153408,175484928,15439064,1614401536,1691852800
findling-rss 1790922065,1438203904,175943680,15540232,1634037760,1691852800
findling-rss 1790922067,1460121600,175943680,15526816,1656041472,1691852800
findling-rss 1790922069,1491447808,173043712,15469816,1684791296,1691852800
findling-rss 1790922071,1497448448,173043712,15469840,1690775552,1691852800
findling-rss 1790922073,1454604288,172814336,15352704,1647194112,1692921856
findling-rss 1790922075,1412468736,174710784,15368152,1605709824,1692921856
findling-rss 1790922077,1458634752,174710784,15482176,1653338112,1692921856
findling-rss 1790922079,1414459392,174706688,15387640,1608966144,1692921856
findling-rss 1790922081,1458802688,174706688,15496480,1653596160,1692921856
findling-rss 1790922083,1362386944,174358528,15374920,1556246528,1692921856
findling-rss 1790922085,1420001280,174534656,15381144,1614356480,1692921856
findling-rss 1790922087,1458245632,174981120,15501368,1653338112,1692921856
findling-rss 1790922089,1458253824,174981120,15501640,1653350400,1692921856
findling-rss 1790922091,1571680256,164515840,15407760,1756540928,1760116736
findling-rss 1790922093,1572032512,164515840,15412872,1757040640,1760116736
findling-rss 1790922095,1462992896,161837056,15224240,1644511232,1760116736
findling-rss 1790922097,1374724096,249946112,16982704,1646071808,1760116736
findling-rss 1790922099,1459474432,193699840,16190928,1674055680,1760116736
findling-rss 1790922101,1403199488,193716224,16206928,1617854464,1760116736
findling-rss 1790922103,1459580928,193716224,16208520,1673981952,1760116736
findling-rss 1790922105,1420095488,193388544,16089152,1633923072,1760116736
findling-rss 1790922107,1420304384,193568768,16094808,1634254848,1760116736
findling-rss 1790922109,1458995200,194015232,16216624,1673912320,1760116736
findling-rss 1790922111,1464913920,194015232,16215944,1679581184,1760116736
findling-rss 1790922113,1458823168,194023424,16234768,1673748480,1760116736
findling-rss 1790922115,1459585024,194023424,16235136,1674567680,1760116736
findling-rss 1790922117,1365032960,193855488,16120720,1579143168,1760116736
findling-rss 1790922119,1460252672,194310144,16240688,1675427840,1760116736
findling-rss 1790922121,1461960704,194310144,16242304,1677148160,1760116736
findling-rss 1790922123,1460555776,194297856,16247600,1675866112,1760116736
findling-rss 1790922125,1461194752,194297856,16248416,1676312576,1760116736
findling-rss 1790922127,1422442496,194101248,16131272,1637015552,1760116736
findling-rss 1790922129,1391906816,195682304,16267104,1608335360,1760116736
findling-rss 1790922131,1461608448,195682304,16269512,1678204928,1760116736
findling-rss 1790922133,1402830848,195682304,16284888,1619288064,1760116736
findling-rss 1790922135,1462996992,195682304,16289544,1679798272,1760116736
findling-rss 1790922137,1422233600,195416064,16169064,1638412288,1760116736
findling-rss 1790922139,1420566528,195461120,16171072,1636601856,1760116736
findling-rss 1790922141,1461100544,195899392,16295416,1677643776,1760116736
findling-rss 1790922143,1461915648,195899392,16296776,1678757888,1760116736
findling-rss 1790922145,1460879360,195887104,16314312,1677733888,1760116736
findling-rss 1790922147,1434767360,195887104,16314992,1651740672,1760116736
findling-rss 1790922149,1422233600,195579904,16199904,1638273024,1760116736
findling-rss 1790922151,1457111040,196022272,16320672,1673576448,1760116736
findling-rss 1790922153,1460514816,196022272,16322032,1677307904,1760116736
findling-rss 1790922155,1460236288,196026368,16326976,1676693504,1760116736
findling-rss 1790922157,1461047296,196026368,16330128,1678249984,1760116736
findling-rss 1790922159,1422659584,195731456,16212112,1638907904,1760116736
findling-rss 1790922161,1373020160,196325376,16335880,1586745344,1760116736
findling-rss 1790922163,1461534720,196325376,16337472,1678893056,1760116736
findling-rss 1790922165,1393160192,196313088,16353416,1610461184,1760116736
findling-rss 1790922167,1461198848,196313088,16354784,1678450688,1760116736
findling-rss 1790922169,1365155840,196018176,16238080,1581707264,1760116736
findling-rss 1790922171,1425281024,196222976,16315064,1642033152,1760116736
findling-rss 1790922173,1461383168,196493312,16270064,1678946304,1760116736
findling-rss 1790922175,1461395456,196493312,16271424,1678942208,1760116736
findling-rss 1790922177,1461641216,196493312,16290032,1678897152,1760116736
findling-rss 1790922179,1461673984,196493312,16290208,1679073280,1760116736
findling-rss 1790922181,1421774848,196280320,16172088,1638612992,1760116736
findling-rss 1790922183,1405362176,196845568,16291392,1623056384,1760116736
findling-rss 1790922185,1461723136,196845568,16297648,1679286272,1760116736
findling-rss 1790922187,1432350720,196845568,16316776,1649991680,1760116736
findling-rss 1790922189,1461157888,196845568,16304664,1679044608,1760116736
findling-rss 1790922191,1421987840,196579328,16186728,1639129088,1760116736
findling-rss 1790922193,1422827520,196743168,16190976,1640099840,1760116736
findling-rss 1790922195,1460318208,197251072,16316632,1678585856,1760116736
findling-rss 1790922197,1461198848,197251072,16316632,1679593472,1760116736
findling-rss 1790922199,1461071872,197251072,16331664,1679388672,1760116736
findling-rss 1790922201,1461293056,197251072,16330440,1679605760,1760116736
findling-rss 1790922203,1425428480,197038080,16212624,1642934272,1760116736
findling-rss 1790922205,1434959872,197611520,16336592,1653604352,1760116736
findling-rss 1790922207,1464049664,197611520,16338616,1682706432,1760116736
findling-rss 1790922209,1443651584,197611520,16355624,1659969536,1760116736
findling-rss 1790922211,1463345152,197611520,16356504,1681944576,1760116736
findling-rss 1790922213,1425428480,197312512,16239600,1643560960,1760116736
findling-rss 1790922215,1423962112,197464064,16242832,1642070016,1760116736
findling-rss 1790922217,1463857152,197935104,16365520,1682804736,1760116736
findling-rss 1790922219,1464463360,197935104,16364744,1683423232,1760116736
findling-rss 1790922221,1463521280,197939200,16383976,1682608128,1760116736
findling-rss 1790922223,1467609088,197939200,16384656,1686831104,1760116736
findling-rss 1790922225,1399123968,197623808,16264696,1613385728,1760116736
findling-rss 1790922227,1462312960,198062080,16385896,1681608704,1760116736
findling-rss 1790922229,1463562240,198062080,16384128,1682751488,1760116736
findling-rss 1790922231,1463074816,198066176,16403520,1682182144,1760116736
findling-rss 1790922234,1465577472,198066176,16402024,1684611072,1760116736
findling-rss 1790922236,1373921280,197754880,16283784,1592360960,1760116736
findling-rss 1790922238,1395621888,198193152,16404624,1614540800,1760116736
findling-rss 1790922240,1463357440,198193152,16404328,1682624512,1760116736
findling-rss 1790922242,1405673472,198193152,16416432,1624522752,1760116736
findling-rss 1790922244,1463738368,198193152,16421128,1682927616,1760116736
findling-rss 1790922246,1425178624,197857280,16301544,1643892736,1760116736
findling-rss 1790922248,1424760832,197890048,16303776,1643335680,1760116736
findling-rss 1790922250,1463451648,198152192,16316472,1682468864,1760116736
findling-rss 1790922252,1467891712,198152192,16319704,1686933504,1760116736
findling-rss 1790922254,1463881728,198152192,16099400,1682886656,1760116736
findling-rss 1790922256,1463881728,198152192,16100104,1682919424,1760116736
findling-rss 1790922258,1425178624,197840896,15985672,1643573248,1760116736
findling-rss 1790922260,1454456832,198324224,16098992,1672351744,1760116736
findling-rss 1790922262,1463701504,198324224,16102512,1682743296,1760116736
findling-rss 1790922264,1462870016,198324224,16119912,1681231872,1760116736
findling-rss 1790922266,1465188352,198324224,16119232,1684299776,1760116736
findling-rss 1790922268,1367986176,197996544,15999592,1586233344,1760116736
findling-rss 1790922270,1378844672,198414336,16119616,1597779968,1760116736
findling-rss 1790922272,1462886400,198414336,16119440,1682067456,1760116736
findling-rss 1790922274,1407528960,198414336,16138872,1626734592,1760116736
findling-rss 1790922276,1464246272,198414336,16138808,1683693568,1760116736
findling-rss 1790922278,1425666048,198066176,16018088,1644056576,1760116736
findling-rss 1790922280,1368051712,198098944,16010072,1586532352,1760116736
findling-rss 1790922282,1464369152,198451200,16136768,1683787776,1760116736
findling-rss 1790922284,1464369152,198451200,16136592,1683771392,1760116736
findling-rss 1790922286,1463681024,198451200,16155552,1682763776,1760116736
findling-rss 1790922288,1368051712,198098944,16036392,1586352128,1760116736
findling-rss 1790922290,1425039360,198098944,16034896,1643528192,1760116736
findling-rss 1790922292,1462624256,198475776,16154120,1681899520,1760116736
findling-rss 1790922294,1464778752,198475776,16178880,1682780160,1760116736
findling-rss 1790922296,1463459840,198483968,16172744,1682612224,1760116736
findling-rss 1790922298,1463459840,198483968,16173320,1682755584,1760116736
findling-rss 1790922300,1425043456,198144000,16052856,1643835392,1760116736
findling-rss 1790922302,1410277376,198582272,16171352,1627750400,1760116736
findling-rss 1790922304,1467064320,198582272,16172672,1686548480,1760116736
findling-rss 1790922306,1408741376,198578176,16191288,1628024832,1760116736
findling-rss 1790922308,1463132160,198578176,16190024,1682518016,1760116736
findling-rss 1790922310,1424834560,198242304,16069128,1643585536,1760116736
findling-rss 1790922312,1368059904,198381568,16062936,1586659328,1760116736
findling-rss 1790922314,1463775232,198737920,16194152,1683533824,1760116736
findling-rss 1790922316,1463775232,198737920,16194696,1683079168,1760116736
findling-rss 1790922318,1464520704,198742016,16218488,1683922944,1760116736
findling-rss 1790922320,1368064000,198393856,16088232,1586778112,1760116736
findling-rss 1790922322,1368072192,198418432,16066544,1586851840,1760116736
findling-rss 1790922324,1443913728,198635520,16329728,1663410176,1760116736
findling-rss 1790922326,1465978880,198635520,16329224,1685512192,1760116736
findling-rss 1790922328,1460551680,198623232,16347560,1680146432,1760116736
findling-rss 1790922330,1463304192,198623232,16347736,1682964480,1760116736
findling-rss 1790922332,1368080384,198287360,16229160,1587056640,1760116736
findling-rss 1790922334,1368084480,198316032,16221840,1586626560,1760116736
findling-rss 1790922336,1463193600,198660096,16348152,1682837504,1760116736
findling-rss 1790922338,1368084480,198316032,16249224,1587056640,1760116736
findling-rss 1790922340,1463226368,198668288,16367768,1682845696,1760116736
findling-rss 1790922342,1368084480,198316032,16249112,1586876416,1760116736
findling-rss 1790922344,1425698816,198316032,16248272,1644675072,1760116736
findling-rss 1790922346,1463148544,198692864,16364256,1682804736,1760116736
findling-rss 1790922348,1463767040,198692864,16367336,1683488768,1760116736
findling-rss 1790922350,1463877632,198692864,16384760,1683423232,1760116736
findling-rss 1790922352,1463877632,198692864,16384624,1683775488,1760116736
findling-rss 1790922354,1425281024,198344704,15885240,1644105728,1760116736
findling-rss 1790922356,1435226112,198725632,16001376,1654300672,1760116736
findling-rss 1790922358,1464958976,198725632,16004896,1684373504,1760116736
findling-rss 1790922360,1443909632,198721536,16020752,1663238144,1760116736
findling-rss 1790922362,1463926784,198721536,16021432,1683263488,1760116736
findling-rss 1790922364,1424654336,198373376,15900848,1643462656,1760116736
findling-rss 1790922366,1368088576,198402048,15895552,1586552832,1760116736
findling-rss 1790922368,1464688640,198762496,16019232,1684045824,1760116736
findling-rss 1790922370,1368088576,198402048,15919856,1586663424,1760116736
findling-rss 1790922372,1505628160,200392704,16070368,1726468096,1760116736
findling-rss 1790922374,1505632256,200392704,16071728,1727070208,1760116736
findling-rss 1790922376,1460097024,198860800,15918816,1679130624,1760116736
findling-rss 1790922378,1443934208,199245824,16037496,1663979520,1760116736
findling-rss 1790922380,1469513728,199245824,16038040,1689362432,1760116736
findling-rss 1790922382,1443926016,199237632,16053392,1663787008,1760116736
findling-rss 1790922384,1468801024,199237632,16055648,1688809472,1760116736
findling-rss 1790922386,1425707008,198889472,15936328,1644843008,1760116736
findling-rss 1790922388,1393135616,199274496,15941936,1602179072,1760116736
findling-rss 1790922390,1463808000,199274496,16054440,1683599360,1760116736
findling-rss 1790922392,1411428352,199270400,15964696,1629745152,1760116736
findling-rss 1790922394,1464414208,199270400,16071976,1684627456,1760116736
findling-rss 1790922396,1423089664,198918144,15952344,1642373120,1760116736
findling-rss 1790922398,1421873152,198918144,15949384,1641082880,1760116736
findling-rss 1790922400,1463500800,199450624,16343968,1684021248,1760116736
findling-rss 1790922402,1464049664,199450624,16342064,1684516864,1760116736
findling-rss 1790922404,1515139072,199450624,16344448,1735843840,1760116736
findling-rss 1790922406,1520431104,196567040,16264456,1738055680,1760116736
findling-rss 1790922408,1464221696,196227072,16273216,1681575936,1760116736
findling-rss 1790922410,1464930304,196227072,16273216,1682116608,1760116736
findling-rss 1790922412,1424969728,195993600,16157808,1641549824,1760116736
findling-rss 1790922414,1396858880,196579328,16283888,1612374016,1760116736
findling-rss 1790922416,1463590912,196579328,16280360,1681240064,1760116736
findling-rss 1790922418,1435344896,196595712,16293232,1653067776,1760116736
findling-rss 1790922420,1464819712,196595712,16296376,1682313216,1760116736
findling-rss 1790922422,1423511552,196276224,16175360,1640464384,1760116736
findling-rss 1790922424,1424760832,196460544,16181624,1641824256,1760116736
findling-rss 1790922427,1463799808,196861952,16300456,1681596416,1760116736
findling-rss 1790922429,1463799808,196861952,16300728,1681825792,1760116736
findling-rss 1790922431,1500364800,198053888,16351632,1719640064,1760116736
findling-rss 1790922433,1501904896,198053888,16352992,1720975360,1760116736
findling-rss 1790922435,1460203520,196673536,16204144,1677594624,1760116736
findling-rss 1790922437,1409667072,197095424,16321984,1627684864,1760116736
findling-rss 1790922439,1464066048,197095424,16325304,1682194432,1760116736
findling-rss 1790922441,1444032512,197095424,16336992,1661939712,1760116736
findling-rss 1790922443,1463783424,197095424,16339288,1682087936,1760116736
findling-rss 1790922445,1382068224,196792320,16219528,1591382016,1760116736
findling-rss 1790922447,1395494912,197337088,16232288,1605050368,1760116736
findling-rss 1790922449,1464180736,197337088,16342952,1682395136,1760116736
findling-rss 1790922451,1420267520,197341184,16254328,1638191104,1760116736
findling-rss 1790922453,1465552896,197341184,16362712,1684140032,1760116736
findling-rss 1790922455,1369206784,196984832,16241656,1586544640,1760116736
findling-rss 1790922457,1425358848,197087232,16243912,1642983424,1760116736
findling-rss 1790922459,1465036800,197853184,16375152,1684008960,1760116736
findling-rss 1790922461,1465802752,197853184,16373528,1684684800,1760116736
findling-rss 1790922463,1464614912,197849088,16391584,1683456000,1760116736
findling-rss 1790922465,1464614912,197849088,16387944,1683517440,1760116736
findling-rss 1790922467,1426829312,197599232,16272592,1645039616,1760116736
findling-rss 1790922469,1445052416,198729728,16425848,1664978944,1760116736
findling-rss 1790922471,1465368576,198729728,16429368,1685004288,1760116736
findling-rss 1790922473,1445056512,200843264,16502968,1667051520,1760116736
findling-rss 1790922475,1465110528,200843264,16504944,1686978560,1760116736
findling-rss 1790922477,1497493504,200843264,16504424,1719603200,1760116736
findling-rss 1790922479,1517953024,197914624,16425768,1737121792,1760116736
findling-rss 1790922481,1522900992,197914624,16423952,1741565952,1760116736
findling-rss 1790922483,1527668736,197672960,16418136,1746735104,1760116736
findling-rss 1790922485,1527422976,197672960,16419496,1746243584,1760116736
findling-rss 1790922487,1532522496,194584576,16352064,1748279296,1760116736
findling-rss 1790922489,1527582720,191430656,16266336,1739833344,1760116736
findling-rss 1790922491,1528467456,191430656,16265824,1740861440,1760116736
findling-rss 1790922493,1527607296,191430656,16265008,1740075008,1760116736
findling-rss 1790922495,1528578048,188477440,16184656,1737969664,1760116736
findling-rss 1790922497,1475502080,188477440,16186016,1684893696,1760116736
findling-rss 1790922499,1476251648,188477440,16184528,1685794816,1760116736
findling-rss 1790922501,1437290496,186200064,16010728,1643876352,1760116736
findling-rss 1790922503,1445044224,194408448,16226344,1660235776,1760116736
findling-rss 1790922505,1468866560,194408448,16228432,1683775488,1760116736
findling-rss 1790922507,1462161408,194412544,16243440,1677422592,1760116736
findling-rss 1790922509,1465401344,194412544,16245056,1680801792,1760116736
findling-rss 1790922511,1334562816,194166784,15888200,1548623872,1760116736
findling-rss 1790922513,1277579264,194420736,15886952,1491681280,1760116736
findling-rss 1790922515,1434353664,194768896,16221312,1648762880,1760116736
findling-rss 1790922517,1451143168,194768896,16220904,1666592768,1760116736
findling-rss 1790922519,1482846208,194777088,16240408,1698451456,1760116736
findling-rss 1790922521,1485643776,194777088,16239048,1701097472,1760116736
findling-rss 1790922523,1395245056,194560000,16123584,1610350592,1760116736
findling-rss 1790922525,1421742080,195158016,16245768,1634250752,1760116736
findling-rss 1790922527,1485230080,195158016,16247816,1701126144,1760116736
findling-rss 1790922529,1431121920,195162112,16261568,1646440448,1760116736
findling-rss 1790922531,1485803520,195162112,16264512,1701654528,1760116736
findling-rss 1790922533,1337634816,194871296,16146928,1552691200,1760116736
findling-rss 1790922535,1394827264,195059712,16150464,1610149888,1760116736
findling-rss 1790922537,1484828672,195522560,16274344,1701113856,1760116736
findling-rss 1790922539,1485545472,195522560,16275024,1702137856,1760116736
findling-rss 1790922541,1485103104,195526656,16293056,1701576704,1760116736
findling-rss 1790922543,1490432000,195526656,16291792,1706962944,1760116736
findling-rss 1790922545,1395261440,195284992,16176264,1610997760,1760116736
findling-rss 1790922547,1389715456,195903488,16192328,1605898240,1760116736
findling-rss 1790922549,1485475840,195903488,16290736,1702121472,1760116736
findling-rss 1790922551,1389715456,195895296,16202984,1606066176,1760116736
findling-rss 1790922553,1485639680,195895296,16310536,1702690816,1760116736
findling-rss 1790922555,1337647104,192557056,16117184,1550422016,1760116736
findling-rss 1790922557,1394212864,192753664,16121992,1607118848,1760116736
findling-rss 1790922559,1484673024,193269760,16245096,1698955264,1760116736
findling-rss 1790922561,1485864960,193269760,16242944,1700073472,1760116736
findling-rss 1790922563,1484681216,193277952,16259688,1698832384,1760116736
findling-rss 1790922565,1485574144,193277952,16260368,1699528704,1760116736
findling-rss 1790922567,1340297216,193101824,16144040,1553514496,1760116736
findling-rss 1790922569,1468207104,193675264,16269776,1682837504,1760116736
findling-rss 1790922571,1488846848,193675264,16268048,1703354368,1760116736
findling-rss 1790922573,1527799808,191074304,16223896,1735385088,1761652736
findling-rss 1790922575,1554530304,187924480,16137632,1763500032,1763500032
findling-rss 1790922577,1442742272,187863040,16026200,1651093504,1764810752
findling-rss 1790922579,1385967616,203440128,16375144,1609678848,1764810752
findling-rss 1790922581,1489588224,194691072,16267664,1705148416,1764810752
findling-rss 1790922583,1341407232,194338816,16168128,1556160512,1764810752
findling-rss 1790922585,1489317888,194691072,16286128,1704955904,1764810752
findling-rss 1790922587,1341407232,194383872,16168704,1556119552,1764810752
findling-rss 1790922589,1398390784,194568192,16172768,1613316096,1764810752
findling-rss 1790922591,1489051648,195092480,16296336,1705119744,1764810752
findling-rss 1790922593,1490853888,195092480,16295144,1706958848,1764810752
findling-rss 1790922595,1491968000,195084288,16312112,1708195840,1764810752
findling-rss 1790922597,1492406272,195084288,16314936,1708642304,1764810752
findling-rss 1790922599,1397776384,194891776,16194704,1613144064,1764810752
findling-rss 1790922601,1460621312,195465216,16321040,1676865536,1764810752
findling-rss 1790922603,1493168128,195465216,16321336,1709727744,1764810752
findling-rss 1790922605,1426276352,196628480,16372336,1637036032,1764810752
findling-rss 1790922607,1472708608,196628480,16364664,1690103808,1764810752
findling-rss 1790922609,1376235520,195198976,16266928,1591697408,1764810752
findling-rss 1790922611,1433653248,195387392,16218576,1649401856,1764810752
findling-rss 1790922613,1489235968,195858432,16338792,1705791488,1764810752
findling-rss 1790922615,1489666048,195858432,16339336,1706663936,1764810752
findling-rss 1790922617,1489346560,195850240,16357120,1706102784,1764810752
findling-rss 1790922619,1492975616,195850240,16358480,1709654016,1764810752
findling-rss 1790922621,1399054336,195620864,16240192,1615048704,1764810752
findling-rss 1790922623,1469341696,196128768,16362776,1686376448,1764810752
findling-rss 1790922625,1492439040,196128768,16361824,1709633536,1764810752
findling-rss 1790922627,1469333504,196128768,16379032,1686605824,1764810752
findling-rss 1790922629,1491169280,196128768,16416248,1708244992,1764810752
findling-rss 1790922631,1399054336,195842048,16262152,1615355904,1764810752
findling-rss 1790922633,1341440000,196116480,16259136,1557716992,1764810752
findling-rss 1790922635,1489256448,196476928,16387120,1706627072,1764810752
findling-rss 1790922637,1341440000,196116480,16286656,1558241280,1764810752
findling-rss 1790922640,1489219584,196468736,16405200,1706520576,1764810752
findling-rss 1790922642,1393700864,196124672,16285792,1610539008,1764810752
findling-rss 1790922644,1398009856,196313088,16291624,1614766080,1764810752
findling-rss 1790922646,1489100800,196882432,16414120,1707094016,1764810752
findling-rss 1790922648,1489121280,196882432,16414624,1707155456,1764810752
findling-rss 1790922650,1488510976,196878336,16433808,1706287104,1764810752
findling-rss 1790922652,1489321984,196878336,16432992,1707073536,1764810752
findling-rss 1790922654,1398640640,196628480,16317968,1615761408,1764810752
findling-rss 1790922656,1422209024,196968448,16328000,1640067072,1764810752
findling-rss 1790922658,1496313856,196968448,16332144,1714327552,1764810752
findling-rss 1790922660,1430568960,196968448,16383400,1648689152,1764810752
findling-rss 1790922662,1488728064,196968448,16347896,1706680320,1764810752
findling-rss 1790922664,1398022144,196620288,16224488,1614946304,1764810752
findling-rss 1790922666,1398022144,196820992,16230248,1615298560,1764810752
findling-rss 1790922668,1489059840,197328896,16355104,1707454464,1764810752
findling-rss 1790922670,1489059840,197328896,16355112,1707409408,1764810752
findling-rss 1790922672,1489502208,197320704,16373680,1707925504,1764810752
findling-rss 1790922674,1489502208,197320704,16372624,1707843584,1764810752
findling-rss 1790922676,1398652928,197124096,16261320,1616371712,1764810752
findling-rss 1790922678,1460637696,197713920,16383240,1679388672,1764810752
findling-rss 1790922680,1489096704,197713920,16381528,1707761664,1764810752
findling-rss 1790922682,1469349888,197709824,16397088,1687924736,1764810752
findling-rss 1790922684,1489022976,197709824,16398384,1707712512,1764810752
findling-rss 1790922686,1397825536,197435392,16281560,1615757312,1764810752
findling-rss 1790922688,1341468672,197861376,16283664,1559519232,1764810752
findling-rss 1790922690,1489272832,198217728,16410584,1708589056,1764810752
findling-rss 1790922692,1341476864,197861376,16309824,1559785472,1764810752
findling-rss 1790922694,1489457152,198225920,16429344,1708900352,1764810752
findling-rss 1790922696,1398251520,197865472,16308168,1616568320,1764810752
findling-rss 1790922698,1398669312,197926912,16311320,1617047552,1764810752
findling-rss 1790922700,1488523264,198397952,16431672,1707864064,1764810752
findling-rss 1790922702,1489649664,198397952,16433032,1709133824,1764810752
findling-rss 1790922704,1488801792,198385664,16448704,1708503040,1764810752
findling-rss 1790922706,1489780736,198385664,16448328,1709445120,1764810752
findling-rss 1790922708,1399099392,198070272,16331064,1617891328,1764810752
findling-rss 1790922710,1431670784,198533120,16451912,1650982912,1764810752
findling-rss 1790922712,1490022400,198533120,16450352,1709838336,1764810752
findling-rss 1790922714,1433239552,198520832,16466592,1652723712,1764810752
findling-rss 1790922716,1489334272,198520832,16468504,1708896256,1764810752
findling-rss 1790922718,1341485056,198180864,16348800,1560006656,1764810752
findling-rss 1790922720,1397841920,198189056,16350768,1616596992,1764810752
findling-rss 1790922722,1489018880,199958528,16504744,1710178304,1764810752
findling-rss 1790922724,1489645568,199958528,16506104,1710809088,1764810752
findling-rss 1790922726,1501925376,199958528,16505016,1722843136,1764810752
findling-rss 1790922728,1501925376,199958528,16506616,1722875904,1764810752
findling-rss 1790922730,1499602944,199958528,16503768,1720733696,1764810752
findling-rss 1790922732,1435398144,199958528,16502984,1696161792,1764810752
findling-rss 1790922734,1501777920,199958528,16503576,1722753024,1764810752
findling-rss 1790922736,1413873664,199958528,16502344,1634689024,1764810752
findling-rss 1790922738,1506553856,199958528,16498288,1727717376,1764810752
findling-rss 1790922740,1394851840,198569984,16460488,1613467648,1764810752
findling-rss 1790922742,1489604608,198569984,16479328,1709400064,1764810752
findling-rss 1790922744,1341497344,198230016,16358016,1560338432,1764810752
findling-rss 1790922746,1397436416,198238208,16358896,1616355328,1764810752
findling-rss 1790922748,1489440768,198459392,16370248,1708912640,1764810752
findling-rss 1790922750,1490014208,198459392,16370520,1709629440,1764810752
findling-rss 1790922752,1488977920,198451200,16386856,1708470272,1764810752
findling-rss 1790922754,1490886656,198451200,16388592,1710555136,1764810752
findling-rss 1790922756,1398693888,198107136,16268400,1617313792,1764810752
findling-rss 1790922758,1469411328,198488064,16386952,1688801280,1764810752
findling-rss 1790922760,1489321984,198488064,16385728,1708843008,1764810752
findling-rss 1790922762,1469411328,198492160,16404424,1688875008,1764810752
findling-rss 1790922764,1490006016,198492160,16404160,1709563904,1764810752
findling-rss 1790922766,1398906880,198135808,16285096,1617719296,1764810752
findling-rss 1790922768,1341505536,198164480,16279120,1560125440,1764810752
findling-rss 1790922770,1489252352,198520832,16324720,1708523520,1764810752
findling-rss 1790922772,1490161664,198520832,16323904,1709469696,1764810752
findling-rss 1790922774,1490255872,198520832,16343136,1709703168,1764810752
findling-rss 1790922776,1341509632,198164480,16222704,1560203264,1764810752
findling-rss 1790922778,1399123968,198164480,16222032,1617842176,1764810752
findling-rss 1790922780,1487437824,198590464,16344960,1707024384,1764810752
findling-rss 1790922782,1489965056,198590464,16342688,1709780992,1764810752
findling-rss 1790922784,1488736256,198582272,16360288,1708199936,1764810752
findling-rss 1790922786,1491066880,198582272,16361312,1710931968,1764810752
findling-rss 1790922788,1398284288,198234112,16241520,1614798848,1764810752
findling-rss 1790922790,1421869056,198631424,16359528,1641238528,1764810752
findling-rss 1790922792,1489608704,198631424,16360264,1709408256,1764810752
findling-rss 1790922794,1435193344,198631424,16378152,1654779904,1764810752
findling-rss 1790922796,1489793024,198631424,16382616,1709670400,1764810752
findling-rss 1790922798,1399132160,198283264,16263368,1617936384,1764810752
findling-rss 1790922800,1398710272,198332416,16259848,1617645568,1764810752
findling-rss 1790922802,1489387520,198762496,16324184,1709240320,1764810752
findling-rss 1790922804,1494929408,198762496,16325408,1714683904,1764810752
findling-rss 1790922806,1488728064,198762496,16345344,1708576768,1764810752
findling-rss 1790922808,1490358272,198762496,16340480,1710149632,1764810752
findling-rss 1790922810,1399136256,198447104,16222696,1617846272,1764810752
findling-rss 1790922812,1469435904,198889472,16344560,1689227264,1764810752
findling-rss 1790922814,1489666048,198889472,16345064,1709776896,1764810752
findling-rss 1790922816,1469415424,198885376,16362712,1689202688,1764810752
findling-rss 1790922818,1489203200,198885376,16363152,1709260800,1764810752
findling-rss 1790922820,1383342080,198598656,16244224,1586302976,1764810752
findling-rss 1790922822,1341980672,255094784,17914472,1619144704,1764810752
findling-rss 1790922824,1490116608,198893568,16383248,1710002176,1764810752
findling-rss 1790922826,1341988864,198549504,16280648,1573855232,1764810752
findling-rss 1790922828,1490059264,198893568,16401384,1709907968,1764810752
findling-rss 1790922830,1394241536,198893568,16400200,1649717248,1764810752
findling-rss 1790922832,1399603200,198598656,16281616,1618522112,1764810752
findling-rss 1790922835,1475751936,199057408,16258992,1693978624,1764810752
findling-rss 1790922837,1490001920,199057408,16262648,1709920256,1764810752
findling-rss 1790922839,1488547840,199049216,16279408,1708380160,1764810752
findling-rss 1790922841,1489313792,199049216,16279376,1709142016,1764810752
findling-rss 1790922843,1399607296,198733824,16159176,1618837504,1764810752
findling-rss 1790922845,1394061312,199196672,16167976,1613635584,1764810752
findling-rss 1790922847,1490472960,199196672,16282000,1710653440,1764810752
findling-rss 1790922849,1404874752,199200768,16298032,1624555520,1764810752
findling-rss 1790922851,1490980864,199200768,16303672,1711288320,1764810752
findling-rss 1790922853,1400688640,198856704,16186664,1619947520,1764810752
findling-rss 1790922855,1398976512,198885376,16184320,1618341888,1764810752
findling-rss 1790922857,1489448960,199274496,16301048,1709617152,1764810752
findling-rss 1790922859,1490092032,199274496,16302912,1710510080,1764810752
findling-rss 1790922861,1490432000,199274496,16320400,1710690304,1764810752
findling-rss 1790922863,1490485248,199274496,16321256,1710886912,1764810752
findling-rss 1790922865,1398362112,198922240,16199880,1617747968,1764810752
findling-rss 1790922867,1461202944,199299072,16318176,1681248256,1764810752
findling-rss 1790922869,1489592320,199299072,16318176,1709891584,1764810752
findling-rss 1790922871,1469915136,199307264,16335408,1690259456,1764810752
findling-rss 1790922873,1489960960,199307264,16336296,1710243840,1764810752
findling-rss 1790922875,1398571008,198950912,16214568,1618006016,1764810752
findling-rss 1790922877,1342005248,198979584,16211120,1561362432,1764810752
findling-rss 1790922879,1488568320,199323648,16336080,1709051904,1764810752
findling-rss 1790922881,1380372480,199331840,16245968,1598963712,1764810752
findling-rss 1790922883,1490636800,199331840,16353248,1711112192,1764810752
findling-rss 1790922885,1342009344,198979584,16234088,1561534464,1764810752
findling-rss 1790922887,1399623680,199151616,16249104,1619509248,1764810752
findling-rss 1790922889,1489702912,199528448,16355408,1710239744,1764810752
findling-rss 1790922891,1490477056,199528448,16356928,1711124480,1764810752
findling-rss 1790922893,1489702912,199532544,16376456,1710256128,1764810752
findling-rss 1790922895,1492627456,199532544,16374792,1713348608,1764810752
findling-rss 1790922897,1398161408,199180288,16253992,1617727488,1764810752
findling-rss 1790922899,1429069824,199401472,16396096,1647329280,1764810752
findling-rss 1790922901,1489772544,199401472,16389064,1710243840,1764810752
findling-rss 1790922903,1435660288,199405568,16409656,1656115200,1764810752
findling-rss 1790922905,1495523328,199405568,16408680,1715752960,1764810752
findling-rss 1790922907,1398796288,199045120,16289504,1618518016,1764810752
findling-rss 1790922909,1398378496,199045120,16288280,1617936384,1764810752
findling-rss 1790922911,1489408000,199426048,16406576,1709809664,1764810752
findling-rss 1790922913,1489412096,199426048,16406440,1709789184,1764810752
findling-rss 1790922915,1490071552,199430144,16424040,1710559232,1764810752
findling-rss 1790922917,1490112512,196698112,16362440,1707761664,1764810752
findling-rss 1790922919,1342025728,196497408,16247912,1559040000,1764810752
findling-rss 1790922921,1488797696,196939776,16366312,1705738240,1764810752
findling-rss 1790922923,1495318528,196939776,16365496,1713238016,1764810752
findling-rss 1790922925,1487118336,197992448,16411560,1706029056,1764810752
findling-rss 1790922927,1489932288,197992448,16413536,1709051904,1764810752
findling-rss 1790922929,1499033600,197992448,16412312,1718251520,1764810752
findling-rss 1790922931,1500057600,197992448,16413672,1719152640,1764810752
findling-rss 1790922933,1500991488,197992448,16413440,1720139776,1764810752
findling-rss 1790922935,1506619392,197992448,16414600,1725698048,1764810752
findling-rss 1790922937,1502027776,197992448,16412584,1721245696,1764810752
findling-rss 1790922939,1502027776,197992448,16410984,1721184256,1764810752
findling-rss 1790922941,1399164928,196677632,16265936,1616158720,1764810752
findling-rss 1790922943,1461235712,197177344,16388472,1679499264,1764810752
findling-rss 1790922945,1493032960,197177344,16391352,1711337472,1764810752
findling-rss 1790922947,1461219328,197181440,16407312,1679388672,1764810752
findling-rss 1790922949,1489969152,197181440,16409480,1708208128,1764810752
findling-rss 1790922951,1348136960,196886528,16290480,1559425024,1764810752
findling-rss 1790922953,1399230464,197013504,16294224,1616781312,1764810752
findling-rss 1790922955,1489543168,197410816,16412424,1708085248,1764810752
findling-rss 1790922957,1489608704,197410816,16413784,1707864064,1764810752
findling-rss 1790922959,1489432576,197410816,16430024,1708154880,1764810752
findling-rss 1790922961,1491038208,197410816,16431384,1709494272,1764810752
findling-rss 1790922963,1397776384,197165056,16313192,1615499264,1764810752
findling-rss 1790922965,1469952000,197640192,16435112,1688576000,1764810752
findling-rss 1790922967,1490337792,197640192,16435696,1709232128,1764810752
findling-rss 1790922969,1470361600,197632000,16469432,1688612864,1764810752
findling-rss 1790922971,1490190336,197632000,16453776,1709035520,1764810752
findling-rss 1790922973,1399459840,197349376,16336048,1617436672,1764810752
findling-rss 1790922975,1394126848,197795840,16346280,1612701696,1764810752
findling-rss 1790922977,1489551360,197795840,16455496,1708593152,1764810752
findling-rss 1790922979,1405128704,197799936,16471984,1623691264,1764810752
findling-rss 1790922981,1490366464,197799936,16472624,1709465600,1764810752
findling-rss 1790922983,1342062592,197443584,16352248,1560276992,1764810752
findling-rss 1790922985,1399676928,197443584,16353992,1617805312,1764810752
findling-rss 1790922987,1490907136,197660672,16362032,1709510656,1764810752
findling-rss 1790922989,1490907136,197660672,16361528,1709727744,1764810752
findling-rss 1790922991,1489829888,199073792,16417520,1709993984,1764810752
findling-rss 1790922993,1490493440,199073792,16418200,1710886912,1764810752
findling-rss 1790922995,1499975680,199073792,16417816,1720127488,1764810752
findling-rss 1790922997,1404260352,199073792,16314176,1624035328,1764810752
findling-rss 1790922999,1500962816,199073792,16417136,1721020416,1764810752
findling-rss 1790923001,1415700480,199073792,16417176,1635774464,1764810752
findling-rss 1790923003,1504526336,199073792,16415128,1724538880,1764810752
findling-rss 1790923005,1445240832,199073792,16415008,1665175552,1764810752
findling-rss 1790923007,1501339648,199073792,16416056,1721602048,1764810752
findling-rss 1790923009,1400741888,197308416,16256720,1618362368,1764810752
findling-rss 1790923011,1343127552,197345280,16252984,1561128960,1764810752
findling-rss 1790923013,1489883136,197697536,16325248,1708568576,1764810752
findling-rss 1790923015,1463816192,197697536,16325384,1682636800,1764810752
findling-rss 1790923017,1490067456,197705728,16342984,1708625920,1764810752
findling-rss 1790923019,1342083072,197345280,16222608,1559875584,1764810752
findling-rss 1790923021,1399746560,197357568,16224688,1617362944,1764810752
findling-rss 1790923023,1470038016,202293248,16467096,1693151232,1764810752
findling-rss 1790923025,1491255296,202293248,16466008,1714884608,1764810752
findling-rss 1790923027,1498816512,202293248,16465488,1722290176,1764810752
findling-rss 1790923029,1499406336,202293248,16465624,1722662912,1764810752
findling-rss 1790923031,1499152384,202293248,16466848,1722630144,1764810752
findling-rss 1790923033,1499160576,202293248,16466712,1722482688,1764810752
findling-rss 1790923035,1501429760,202293248,16470352,1724821504,1764810752
findling-rss 1790923037,1501429760,202293248,16468992,1724989440,1764810752
findling-rss 1790923039,1502027776,202293248,16470856,1725415424,1764810752
findling-rss 1790923042,1406427136,202293248,16361576,1629286400,1764810752
findling-rss 1790923044,1502171136,202293248,16468008,1725603840,1764810752
findling-rss 1790923046,1418088448,202293248,16465504,1641406464,1764810752
findling-rss 1790923048,1502248960,202293248,16465728,1725837312,1764810752
findling-rss 1790923050,1414664192,202293248,16466440,1635315712,1764810752
findling-rss 1790923052,1449844736,202293248,16465896,1673089024,1764810752
findling-rss 1790923054,1429454848,202293248,16463440,1652609024,1764810752
findling-rss 1790923056,1453527040,202293248,16468664,1676943360,1764810752
findling-rss 1790923058,1473818624,202293248,16466416,1697325056,1764810752
findling-rss 1790923060,1493483520,202293248,16466824,1716961280,1764810752
findling-rss 1790923062,1502756864,202293248,16466056,1726197760,1764810752
findling-rss 1790923064,1507979264,202293248,16465512,1731473408,1764810752
findling-rss 1790923066,1504112640,202293248,16467256,1727311872,1764810752
findling-rss 1790923068,1504509952,202293248,16467120,1728114688,1764810752
findling-rss 1790923070,1505497088,202293248,16465080,1728937984,1764810752
findling-rss 1790923072,1505497088,202293248,16467640,1728978944,1764810752
findling-rss 1790923074,1505542144,202293248,16466304,1728872448,1764810752
findling-rss 1790923076,1507274752,202293248,16462936,1730756608,1764810752
findling-rss 1790923078,1493594112,197767168,16359568,1712340992,1764810752
findling-rss 1790923080,1495732224,197767168,16357800,1714556928,1764810752
findling-rss 1790923082,1396842496,197423104,16055176,1614393344,1764810752
findling-rss 1790923084,1470050304,197820416,16176656,1688535040,1764810752
findling-rss 1790923086,1490235392,197820416,16189120,1709027328,1764810752
findling-rss 1790923088,1470066688,197832704,16193792,1688829952,1764810752
findling-rss 1790923090,1492115456,197832704,16195544,1710796800,1764810752
findling-rss 1790923092,1399549952,197472256,16075304,1617543168,1764810752
findling-rss 1790923094,1342148608,197619712,16080544,1559851008,1764810752
findling-rss 1790923096,1489879040,197980160,16195736,1708728320,1764810752
findling-rss 1790923098,1495064576,197980160,16195528,1713872896,1764810752
findling-rss 1790923100,1489100800,197963776,16214904,1707941888,1764810752
findling-rss 1790923102,1398509568,197619712,16094024,1610219520,1764810752
findling-rss 1790923104,1399345152,197685248,16095680,1617289216,1764810752
findling-rss 1790923106,1485430784,198057984,16212320,1702912000,1764810752
findling-rss 1790923108,1490153472,198057984,16214704,1709076480,1764810752
findling-rss 1790923110,1489362944,198062080,16231512,1708539904,1764810752
findling-rss 1790923112,1490849792,198062080,16232872,1710018560,1764810752
findling-rss 1790923114,1343041536,197713920,16113352,1560272896,1764810752
findling-rss 1790923116,1422868480,198107136,16230000,1641639936,1764810752
findling-rss 1790923118,1493839872,198107136,16231688,1712742400,1764810752
findling-rss 1790923120,1433374720,200196096,16309352,1654489088,1764810752
findling-rss 1790923122,1495584768,200196096,16309288,1716666368,1764810752
findling-rss 1790923124,1479823360,200196096,16304384,1700892672,1764810752
findling-rss 1790923126,1501036544,200196096,16307904,1722019840,1764810752
findling-rss 1790923128,1480888320,200196096,16305160,1702002688,1764810752
findling-rss 1790923130,1500893184,200196096,16307680,1722105856,1764810752
findling-rss 1790923132,1498935296,200196096,16306704,1719869440,1764810752
findling-rss 1790923134,1502396416,197312512,16230336,1720569856,1764810752
findling-rss 1790923136,1501782016,197312512,16230336,1719836672,1764810752
findling-rss 1790923138,1502269440,197312512,16231088,1720467456,1764810752
findling-rss 1790923140,1502089216,197312512,16229888,1720512512,1764810752
findling-rss 1790923142,1503092736,197312512,16228432,1721237504,1764810752
findling-rss 1790923144,1449607168,197312512,16226928,1667559424,1764810752
findling-rss 1790923146,1450373120,197312512,16228128,1668313088,1764810752
findling-rss 1790923148,1410318336,196321280,16072160,1627148288,1764810752
findling-rss 1790923150,1470078976,196628480,16318904,1687523328,1764810752
findling-rss 1790923152,1490280448,196628480,16318632,1707692032,1764810752
findling-rss 1790923154,1485668352,196612096,16338544,1702068224,1764810752
findling-rss 1790923156,1490235392,196681728,16338952,1707798528,1764810752
findling-rss 1790923158,1399562240,196411392,16223528,1616543744,1764810752
findling-rss 1790923160,1342160896,196575232,16216352,1559109632,1764810752
findling-rss 1790923162,1490542592,196931584,16340584,1708675072,1764810752
findling-rss 1790923164,1490542592,196931584,16340448,1708679168,1764810752
findling-rss 1790923166,1489727488,196923392,16357984,1707511808,1764810752
findling-rss 1790923168,1342160896,196575232,16239440,1559183360,1764810752
findling-rss 1790923170,1399775232,196677632,16242800,1617125376,1764810752
findling-rss 1790923172,1489666048,197103616,16362304,1707745280,1764810752
findling-rss 1790923174,1489666048,197103616,16362400,1707761664,1764810752
findling-rss 1790923176,1489612800,197111808,16380288,1707601920,1764810752
findling-rss 1790923178,1489612800,197111808,16380968,1708089344,1764810752
findling-rss 1790923180,1399353344,196771840,16260760,1616637952,1764810752
findling-rss 1790923182,1461358592,197169152,16378480,1679269888,1764810752
findling-rss 1790923184,1490333696,197169152,16382192,1708523520,1764810752
findling-rss 1790923186,1470070784,197165056,16395856,1688285184,1764810752
findling-rss 1790923188,1490386944,197165056,16399192,1708699648,1764810752
findling-rss 1790923190,1399775232,196816896,16277632,1617195008,1764810752
findling-rss 1790923192,1342160896,196857856,16274144,1559416832,1764810752
findling-rss 1790923194,1490280448,199299072,16465736,1710776320,1764810752
findling-rss 1790923196,1494622208,199299072,16454904,1715208192,1764810752
findling-rss 1790923198,1499893760,199299072,16454312,1720393728,1764810752
findling-rss 1790923200,1405390848,199299072,16406464,1624985600,1764810752
findling-rss 1790923202,1500463104,199299072,16454312,1720717312,1764810752
findling-rss 1790923204,1445560320,199299072,16452352,1665892352,1764810752
findling-rss 1790923206,1501990912,199299072,16454448,1722617856,1764810752
findling-rss 1790923208,1481928704,199299072,16451744,1702424576,1764810752
findling-rss 1790923210,1502928896,199299072,16452056,1723555840,1764810752
findling-rss 1790923212,1485561856,199299072,16365080,1704931328,1764810752
findling-rss 1790923214,1503404032,199299072,16375368,1723613184,1764810752
findling-rss 1790923216,1447997440,199299072,16361592,1668272128,1764810752
findling-rss 1790923218,1453576192,199299072,16362632,1674022912,1764810752
findling-rss 1790923220,1489248256,197230592,16323544,1707618304,1764810752
findling-rss 1790923222,1489981440,197230592,16324904,1708183552,1764810752
findling-rss 1790923224,1399775232,196870144,16203576,1617186816,1764810752
findling-rss 1790923226,1461366784,197251072,16324312,1679482880,1764810752
findling-rss 1790923228,1489969152,197251072,16325832,1708298240,1764810752
findling-rss 1790923230,1470050304,197255168,16344360,1688092672,1764810752
findling-rss 1790923232,1489899520,197255168,16343952,1708187648,1764810752
findling-rss 1790923234,1399775232,196898816,16223960,1617080320,1764810752
findling-rss 1790923236,1342160896,196952064,16215440,1559564288,1764810752
findling-rss 1790923238,1489821696,197304320,16343720,1708146688,1764810752
findling-rss 1790923240,1490317312,197304320,16343856,1708490752,1764810752
findling-rss 1790923242,1490710528,197296128,16361280,1709211648,1764810752
findling-rss 1790923244,1342160896,196952064,16240808,1559527424,1764810752
findling-rss 1790923246,1399775232,196956160,16242528,1617178624,1764810752
findling-rss 1790923248,1489797120,200691712,16426720,1711345664,1764810752
findling-rss 1790923250,1490370560,200691712,16425536,1712132096,1764810752
findling-rss 1790923252,1499611136,200691712,16426760,1721225216,1764810752
findling-rss 1790923255,1499611136,200691712,16426040,1721397248,1764810752
findling-rss 1790923257,1501118464,200691712,16426896,1722830848,1764810752
findling-rss 1790923259,1501118464,200691712,16426624,1722994688,1764810752
findling-rss 1790923261,1501937664,200691712,16426216,1723658240,1764810752
findling-rss 1790923263,1505918976,200691712,16424992,1727410176,1764810752
findling-rss 1790923265,1501736960,200691712,16425392,1723465728,1764810752
findling-rss 1790923267,1490251776,200691712,16427016,1729490944,1764810752
findling-rss 1790923269,1501990912,200691712,16426040,1723764736,1764810752
findling-rss 1790923271,1356681216,200691712,16429128,1577345024,1764810752
findling-rss 1790923273,1449132032,200691712,16426600,1670799360,1764810752
findling-rss 1790923275,1391316992,200691712,16424232,1612677120,1764810752
findling-rss 1790923277,1449394176,200691712,16426256,1671094272,1764810752
findling-rss 1790923279,1464860672,200691712,16423416,1686679552,1764810752
findling-rss 1790923281,1494532096,200691712,16426256,1716101120,1764810752
findling-rss 1790923283,1483329536,200691712,16422848,1704996864,1764810752
findling-rss 1790923285,1502879744,200691712,16422584,1724604416,1764810752
findling-rss 1790923287,1499103232,200691712,16421928,1720033280,1764810752
findling-rss 1790923289,1504595968,200691712,16420336,1726242816,1764810752
findling-rss 1790923291,1489010688,197214208,16339792,1707278336,1764810752
findling-rss 1790923293,1490116608,197214208,16342400,1708212224,1764810752
findling-rss 1790923295,1342160896,196988928,16226032,1559617536,1764810752
findling-rss 1790923297,1409384448,197472256,16349856,1624424448,1764810752
findling-rss 1790923299,1495801856,197472256,16350768,1714094080,1764810752
findling-rss 1790923301,1405513728,197484544,16369536,1623920640,1764810752
findling-rss 1790923303,1491030016,197484544,16402024,1709535232,1764810752
findling-rss 1790923305,1387630592,197136384,16251768,1605206016,1764810752
findling-rss 1790923307,1360539648,197300224,16254680,1567297536,1764810752
findling-rss 1790923309,1552781312,191422464,16183112,1765257216,1768730624
findling-rss 1790923311,1552781312,191422464,16180704,1765363712,1768730624
findling-rss 1790923313,1490337792,191635456,16206720,1702850560,1768730624
findling-rss 1790923315,1490337792,191635456,16206216,1703014400,1768730624
findling-rss 1790923317,1342164992,191533056,16092504,1553899520,1768730624
findling-rss 1790923319,1470078976,192106496,16214736,1682956288,1768730624
findling-rss 1790923321,1491148800,192106496,16214328,1704259584,1768730624
findling-rss 1790923323,1470062592,192110592,16258904,1684025344,1768730624
findling-rss 1790923325,1489489920,192110592,16233776,1702535168,1768730624
findling-rss 1790923327,1348182016,191893504,16114160,1554223104,1768730624
findling-rss 1790923329,1342164992,192024576,16113336,1554464768,1768730624
findling-rss 1790923331,1490415616,192376832,16237360,1703665664,1768730624
findling-rss 1790923333,1347792896,192376832,16147664,1554587648,1768730624
findling-rss 1790923335,1490292736,192376832,16257512,1703624704,1768730624
findling-rss 1790923337,1399566336,192131072,16136392,1612099584,1768730624
findling-rss 1790923339,1399779328,192307200,16143096,1612664832,1768730624
findling-rss 1790923341,1490378752,192741376,16207504,1703776256,1768730624
findling-rss 1790923343,1490378752,192741376,16208864,1704087552,1768730624
findling-rss 1790923345,1489956864,192753664,16225760,1703723008,1768730624
findling-rss 1790923347,1489973248,192753664,16226304,1703620608,1768730624
findling-rss 1790923349,1398730752,192516096,16110816,1611698176,1768730624
findling-rss 1790923351,1452675072,193060864,16232784,1666207744,1768730624
findling-rss 1790923353,1496276992,193060864,16240064,1710424064,1768730624
findling-rss 1790923355,1434488832,193048576,16252976,1648119808,1768730624
findling-rss 1790923357,1490726912,193048576,16253600,1704542208,1768730624
findling-rss 1790923359,1401061376,192778240,16166952,1614090240,1768730624
findling-rss 1790923361,1342197760,193007616,16138024,1555443712,1768730624
findling-rss 1790923363,1490784256,194105344,16269152,1705922560,1768730624
findling-rss 1790923365,1493467136,194105344,16268200,1708560384,1768730624
findling-rss 1790923367,1474306048,195289088,16318024,1690480640,1768730624
findling-rss 1790923369,1474306048,195289088,16321328,1690390528,1768730624
findling-rss 1790923371,1434419200,193912832,16170184,1648857088,1768730624
findling-rss 1790923373,1434497024,194494464,16294440,1649459200,1768730624
findling-rss 1790923375,1491275776,194494464,16294512,1706651648,1768730624
findling-rss 1790923377,1470095360,194502656,16312080,1685463040,1768730624
findling-rss 1790923379,1490608128,194502656,16323712,1705873408,1768730624
findling-rss 1790923381,1399812096,194240512,16196120,1614434304,1768730624
findling-rss 1790923383,1399390208,194469888,16200872,1614508032,1768730624
findling-rss 1790923385,1472598016,194904064,16321512,1688571904,1768730624
findling-rss 1790923387,1473101824,194904064,16320560,1688662016,1768730624
findling-rss 1790923389,1489719296,194940928,16342320,1705562112,1768730624
findling-rss 1790923391,1491718144,194940928,16341136,1707548672,1768730624
findling-rss 1790923393,1398554624,195104768,16231496,1614155776,1768730624
findling-rss 1790923395,1470119936,195641344,16351272,1686601728,1768730624
findling-rss 1790923397,1490673664,195661824,16359208,1707294720,1768730624
findling-rss 1790923399,1470107648,195653632,16373808,1686929408,1768730624
findling-rss 1790923401,1496174592,195653632,16375664,1713008640,1768730624
findling-rss 1790923403,1398554624,195366912,16255008,1614397440,1768730624
findling-rss 1790923405,1342197760,195678208,16255032,1558302720,1768730624
findling-rss 1790923407,1489903616,196026368,16229552,1706835968,1768730624
findling-rss 1790923409,1495658496,196026368,16229960,1712386048,1768730624
findling-rss 1790923411,1489813504,196026368,16258440,1706561536,1768730624
findling-rss 1790923413,1493647360,196026368,16246768,1710632960,1768730624
findling-rss 1790923415,1399812096,195862528,16132944,1616216064,1768730624
findling-rss 1790923417,1470115840,196415488,16253440,1687310336,1768730624
findling-rss 1790923419,1496252416,196415488,16256240,1713467392,1768730624
findling-rss 1790923421,1470095360,196407296,16275336,1687367680,1768730624
findling-rss 1790923423,1496383488,196407296,16272336,1713639424,1768730624
findling-rss 1790923425,1397309440,196116480,16153400,1613705216,1768730624
findling-rss 1790923427,1342197760,196399104,16157888,1558667264,1768730624
findling-rss 1790923429,1490018304,196751360,16322432,1707696128,1768730624
findling-rss 1790923431,1394528256,196751360,16282704,1685753856,1768730624
findling-rss 1790923433,1489240064,196747264,16299016,1706655744,1768730624
findling-rss 1790923435,1342197760,196407296,16180672,1558974464,1768730624
findling-rss 1790923437,1399812096,196620288,16186424,1616773120,1768730624
findling-rss 1790923439,1490075648,196956160,16343176,1708032000,1768730624
findling-rss 1790923441,1490464768,196956160,16345736,1707798528,1768730624
findling-rss 1790923443,1489580032,196956160,16361088,1707753472,1768730624
findling-rss 1790923445,1490182144,196956160,16361728,1707991040,1768730624
findling-rss 1790923447,1396281344,196767744,16246320,1613590528,1768730624
findling-rss 1790923449,1470087168,197312512,16367232,1688363008,1768730624
findling-rss 1790923451,1490014208,197312512,16373608,1708544000,1768730624
findling-rss 1790923453,1452433408,197619712,16390040,1671041024,1768730624
findling-rss 1790923455,1479270400,197619712,16392784,1698140160,1768730624
findling-rss 1790923457,1433161728,197312512,16273200,1651273728,1768730624
findling-rss 1790923459,1376804864,197591040,16273872,1594949632,1768730624
findling-rss 1790923461,1490202624,197943296,16398280,1709162496,1768730624
findling-rss 1790923463,1342197760,197595136,16297312,1560276992,1768730624
findling-rss 1790923466,1489395712,198287360,16427176,1708781568,1768730624
findling-rss 1790923468,1404026880,198287360,16320992,1622769664,1768730624
findling-rss 1790923470,1500246016,198287360,16427736,1719529472,1768730624
findling-rss 1790923472,1384173568,197627904,15999920,1602121728,1768730624
findling-rss 1790923474,1398345728,197758976,16001688,1616605184,1768730624
findling-rss 1790923476,1491755008,198221824,16124200,1710731264,1768730624
findling-rss 1790923478,1492135936,198221824,16124608,1711091712,1768730624
findling-rss 1790923480,1490649088,198225920,16141960,1709703168,1768730624
findling-rss 1790923482,1490649088,198225920,16143824,1709748224,1768730624
findling-rss 1790923484,1399394304,197885952,16023248,1617752064,1768730624
findling-rss 1790923486,1433567232,198340608,16140648,1652428800,1768730624
findling-rss 1790923488,1495040000,198340608,16142832,1714032640,1768730624
findling-rss 1790923490,1434509312,198332416,16157672,1653141504,1768730624
findling-rss 1790923492,1489346560,198332416,16160080,1708204032,1768730624
findling-rss 1790923494,1399185408,197984256,16040032,1617346560,1768730624
findling-rss 1790923496,1398976512,198008832,16040272,1617293312,1768730624
findling-rss 1790923498,1491079168,198443008,16165784,1710211072,1768730624
findling-rss 1790923500,1492168704,198443008,16163368,1711599616,1768730624
findling-rss 1790923502,1491832832,198438912,16181312,1710919680,1768730624
findling-rss 1790923504,1492799488,198438912,16179952,1712054272,1768730624
findling-rss 1790923506,1399816192,198119424,16062008,1618280448,1768730624
findling-rss 1790923508,1470087168,205565952,16377856,1696677888,1768730624
findling-rss 1790923510,1490042880,205565952,16376968,1716637696,1768730624
findling-rss 1790923512,1497047040,205565952,16370544,1723453440,1768730624
findling-rss 1790923514,1499660288,205565952,16370680,1726193664,1768730624
findling-rss 1790923516,1499922432,205565952,16371360,1726476288,1768730624
findling-rss 1790923518,1500876800,205565952,16375240,1727553536,1768730624
findling-rss 1790923520,1501093888,205565952,16376360,1727598592,1768730624
findling-rss 1790923522,1501552640,205565952,16370680,1728221184,1768730624
findling-rss 1790923524,1501716480,205565952,16370248,1728331776,1768730624
findling-rss 1790923526,1504714752,205565952,16372112,1731477504,1768730624
findling-rss 1790923528,1502003200,205565952,16371224,1728458752,1768730624
findling-rss 1790923530,1502003200,205565952,16372584,1728675840,1768730624
findling-rss 1790923532,1449062400,205565952,16372424,1675735040,1768730624
findling-rss 1790923534,1405427712,205565952,16263184,1631588352,1768730624
findling-rss 1790923536,1449119744,205565952,16382440,1675640832,1768730624
findling-rss 1790923538,1425858560,205565952,16369648,1652318208,1768730624
findling-rss 1790923540,1493635072,205565952,16371064,1720270848,1768730624
findling-rss 1790923542,1457324032,205565952,16370136,1683804160,1768730624
findling-rss 1790923544,1504182272,205565952,16370160,1730863104,1768730624
findling-rss 1790923546,1484505088,205565952,16365472,1711017984,1768730624
findling-rss 1790923548,1504796672,202412032,16289232,1728016384,1768730624
findling-rss 1790923550,1484476416,202412032,16286400,1707814912,1768730624
findling-rss 1790923552,1504276480,202412032,16284256,1727619072,1768730624
findling-rss 1790923554,1502359552,202412032,16282664,1725562880,1768730624
findling-rss 1790923556,1504686080,202412032,16281712,1728278528,1768730624
findling-rss 1790923558,1503952896,202412032,16282544,1727250432,1768730624
findling-rss 1790923560,1504894976,202412032,16281592,1727975424,1768730624
findling-rss 1790923562,1509568512,202412032,16283336,1732931584,1768730624
findling-rss 1790923564,1510461440,202412032,16281976,1733808128,1768730624
findling-rss 1790923566,1506631680,202412032,16282656,1729961984,1768730624
findling-rss 1790923568,1507201024,202412032,16282248,1730592768,1768730624
findling-rss 1790923570,1505894400,202412032,16151504,1729036288,1768730624
findling-rss 1790923572,1507336192,202412032,16152864,1730396160,1768730624
findling-rss 1790923574,1505669120,202412032,16153024,1728823296,1768730624
findling-rss 1790923576,1410306048,202412032,16101096,1632874496,1768730624
findling-rss 1790923578,1453617152,202412032,16157472,1676722176,1768730624
findling-rss 1790923580,1395417088,202412032,16152624,1618276352,1768730624
findling-rss 1790923582,1452904448,202412032,16154272,1675923456,1768730624
findling-rss 1790923584,1477816320,202412032,16151272,1700802560,1768730624
findling-rss 1790923586,1497907200,202412032,16152024,1721339904,1768730624
findling-rss 1790923588,1420976128,195448832,16068168,1637007360,1768730624
findling-rss 1790923590,1440710656,195448832,16066944,1656782848,1768730624
findling-rss 1790923592,1402748928,195162112,15949240,1617940480,1768730624
findling-rss 1790923594,1345134592,203931648,16222376,1568915456,1768730624
findling-rss 1790923596,1441525760,195555328,16299840,1657978880,1768730624
findling-rss 1790923598,1441525760,195555328,16300864,1657901056,1768730624
findling-rss 1790923600,1440927744,195551232,16318976,1657282560,1768730624
findling-rss 1790923602,1345134592,195207168,16201000,1560535040,1768730624
findling-rss 1790923604,1401491456,195403776,16203768,1617354752,1768730624
findling-rss 1790923606,1420976128,195948544,16327448,1637761024,1768730624
findling-rss 1790923608,1443749888,195948544,16329312,1660661760,1768730624
findling-rss 1790923610,1436131328,195940352,16350624,1651716096,1768730624
findling-rss 1790923612,1445978112,195940352,16345664,1662730240,1768730624
findling-rss 1790923614,1400872960,195678208,16227456,1616879616,1768730624
findling-rss 1790923616,1387941888,196251648,16240864,1603612672,1768730624
findling-rss 1790923618,1441812480,196251648,16351400,1659150336,1768730624
findling-rss 1790923620,1397219328,196251648,16263784,1614163968,1768730624
findling-rss 1790923622,1441390592,196251648,16369432,1658531840,1768730624
findling-rss 1790923624,1345146880,195919872,16250368,1561444352,1768730624
findling-rss 1790923626,1402761216,196087808,16254432,1619324928,1768730624
findling-rss 1790923628,1441169408,196489216,16374512,1658761216,1768730624
findling-rss 1790923630,1441918976,196489216,16374336,1659551744,1768730624
findling-rss 1790923632,1439997952,196481024,16392552,1657491456,1768730624
findling-rss 1790923634,1439997952,196481024,16361800,1657602048,1768730624
findling-rss 1790923636,1399853056,196268032,16245976,1616666624,1768730624
findling-rss 1790923638,1412272128,196722688,16368520,1629966336,1768730624
findling-rss 1790923640,1446154240,196722688,16370328,1663782912,1768730624
findling-rss 1790923642,1407008768,196726784,16386328,1621254144,1768730624
findling-rss 1790923644,1445830656,196726784,16385000,1663524864,1768730624
findling-rss 1790923646,1402138624,196435968,16266800,1618919424,1768730624
findling-rss 1790923648,1402769408,196894720,16276896,1620189184,1768730624
findling-rss 1790923650,1440448512,197275648,16395024,1658818560,1768730624
findling-rss 1790923652,1441058816,197275648,16392960,1659342848,1768730624
findling-rss 1790923654,1440411648,197279744,16412064,1658847232,1768730624
findling-rss 1790923656,1441193984,197279744,16412328,1659609088,1768730624
findling-rss 1790923658,1401929728,197058560,16293736,1619603456,1768730624
findling-rss 1790923660,1426894848,197505024,16419176,1644347392,1768730624
findling-rss 1790923662,1442226176,197505024,16418008,1660620800,1768730624
findling-rss 1790923664,1421025280,197509120,16431544,1639575552,1768730624
findling-rss 1790923666,1441079296,197509120,16433928,1659670528,1768730624
findling-rss 1790923668,1401966592,197251072,16318792,1619759104,1768730624
findling-rss 1790923670,1345191936,254103552,17989536,1621319680,1768730624
findling-rss 1790923673,1445085184,197541888,16352440,1663111168,1768730624
findling-rss 1790923675,1429753856,197541888,16353800,1665421312,1768730624
findling-rss 1790923677,1481486336,197517312,16369872,1700057088,1768730624
findling-rss 1790923679,1396609024,197517312,16371736,1674936320,1768730624
findling-rss 1790923681,1436991488,197210112,16251672,1654611968,1768730624
findling-rss 1790923683,1439985664,197648384,16372760,1658494976,1768730624
findling-rss 1790923685,1440796672,197648384,16371400,1659568128,1768730624
findling-rss 1790923687,1440555008,197632000,16391136,1659162624,1768730624
findling-rss 1790923689,1440555008,197632000,16390184,1659338752,1768730624
findling-rss 1790923691,1345200128,197332992,16271192,1563029504,1768730624
findling-rss 1790923693,1373343744,197779456,16391544,1591926784,1768730624
findling-rss 1790923695,1440808960,197779456,16392008,1659760640,1768730624
findling-rss 1790923697,1454465024,197795840,16408576,1668517888,1768730624
findling-rss 1790923699,1476182016,197795840,16399792,1695162368,1768730624
findling-rss 1790923701,1437421568,197451776,16280480,1655492608,1768730624
findling-rss 1790923703,1379807232,197550080,16272760,1597706240,1768730624
findling-rss 1790923705,1440686080,197894144,16399960,1659482112,1768730624
findling-rss 1790923707,1442025472,197894144,16400816,1660846080,1768730624
findling-rss 1790923709,1442263040,197902336,16417464,1661034496,1768730624
findling-rss 1790923711,1444405248,197902336,16418824,1663340544,1768730624
findling-rss 1790923713,1402454016,197591040,16316896,1620639744,1768730624
findling-rss 1790923715,1421107200,198017024,16415888,1640263680,1768730624
findling-rss 1790923717,1441456128,198017024,16421744,1660530688,1768730624
findling-rss 1790923719,1438711808,198029312,16440512,1657688064,1768730624
findling-rss 1790923721,1447362560,198029312,16440504,1666322432,1768730624
findling-rss 1790923723,1401831424,197685248,16322176,1620037632,1768730624
findling-rss 1790923725,1345265664,197787648,16319368,1563533312,1768730624
findling-rss 1790923727,1441755136,198148096,16441312,1660936192,1768730624
findling-rss 1790923729,1447092224,198148096,16441216,1666334720,1768730624
findling-rss 1790923731,1440555008,198135808,16460000,1659813888,1768730624
findling-rss 1790923733,1384935424,197791744,16338960,1603395584,1768730624
findling-rss 1790923735,1402253312,197914624,16343176,1620578304,1768730624
findling-rss 1790923737,1421111296,198660096,16470224,1640628224,1768730624
findling-rss 1790923739,1441062912,198660096,16475024,1660944384,1768730624
findling-rss 1790923741,1421107200,198660096,16490232,1640570880,1768730624
findling-rss 1790923743,1441566720,198660096,16491520,1661325312,1768730624
findling-rss 1790923745,1402888192,198369280,16372168,1621901312,1768730624
findling-rss 1790923747,1402888192,198479872,16376072,1621987328,1768730624
findling-rss 1790923749,1482797056,199933952,16421432,1703895040,1768730624
findling-rss 1790923751,1483395072,199933952,16424528,1704603648,1768730624
findling-rss 1790923753,1440604160,198758400,16409960,1660358656,1768730624
findling-rss 1790923755,1442398208,198758400,16410368,1662160896,1768730624
findling-rss 1790923757,1401421824,198414336,16295936,1620312064,1768730624
findling-rss 1790923759,1421094912,198791168,16414256,1640828928,1768730624
findling-rss 1790923761,1440718848,198791168,16413848,1660452864,1768730624
findling-rss 1790923763,1421078528,198787072,16411408,1640824832,1768730624
findling-rss 1790923765,1440423936,198787072,16411544,1660313600,1768730624
findling-rss 1790923767,1402892288,198459392,16293264,1621983232,1768730624
findling-rss 1790923769,1389346816,198889472,16299152,1607225344,1768730624
findling-rss 1790923771,1444024320,198889472,16414064,1663983616,1768730624
findling-rss 1790923773,1345277952,201678848,16398928,1567604736,1768730624
findling-rss 1790923775,1441378304,203071488,16543544,1665552384,1768730624
findling-rss 1790923777,1397354496,203071488,16437424,1620701184,1768730624
findling-rss 1790923779,1440735232,203071488,16544848,1664806912,1768730624
findling-rss 1790923781,1408765952,203071488,16544648,1632882688,1768730624
findling-rss 1790923783,1492570112,203071488,16543928,1716961280,1768730624
findling-rss 1790923785,1412325376,203071488,16543472,1627840512,1768730624
findling-rss 1790923787,1444945920,203071488,16547616,1669292032,1768730624
findling-rss 1790923789,1473175552,203071488,16540688,1697316864,1768730624
findling-rss 1790923791,1497964544,203071488,16542168,1722347520,1768730624
findling-rss 1790923793,1482956800,203071488,16542152,1707331584,1768730624
findling-rss 1790923795,1502969856,203071488,16499056,1727307776,1768730624
findling-rss 1790923797,1501003776,203071488,16497968,1725222912,1768730624
findling-rss 1790923799,1505161216,203071488,16499328,1729601536,1768730624
findling-rss 1790923801,1504653312,203071488,16497832,1728909312,1768730624
findling-rss 1790923803,1505107968,203071488,16497424,1729142784,1768730624
findling-rss 1790923805,1505411072,203071488,16497944,1729622016,1768730624
findling-rss 1790923807,1506267136,203071488,16499952,1730482176,1768730624
findling-rss 1790923809,1505280000,203071488,16496224,1729544192,1768730624
findling-rss 1790923811,1506557952,203071488,16497560,1730617344,1768730624
findling-rss 1790923813,1504645120,203071488,16495032,1728929792,1768730624
findling-rss 1790923815,1505435648,203071488,16494896,1729871872,1768730624
findling-rss 1790923817,1505275904,203071488,16496848,1729441792,1768730624
findling-rss 1790923819,1505820672,203071488,16497968,1730240512,1768730624
findling-rss 1790923821,1505476608,203071488,16495960,1729662976,1768730624
findling-rss 1790923823,1345994752,198557696,16262336,1565069312,1768730624
findling-rss 1790923825,1403609088,198594560,16262776,1622683648,1768730624
findling-rss 1790923827,1440456704,199041024,16328584,1660395520,1768730624
findling-rss 1790923829,1441361920,199041024,16328584,1661026304,1768730624
findling-rss 1790923831,1440800768,199045120,16347776,1660850176,1768730624
findling-rss 1790923833,1441349632,199045120,16346320,1661489152,1768730624
findling-rss 1790923835,1402875904,198709248,16227680,1622183936,1768730624
findling-rss 1790923837,1355177984,199163904,16347056,1574854656,1768730624
findling-rss 1790923839,1441476608,199163904,16383432,1662353408,1768730624
findling-rss 1790923841,1373224960,199155712,16365816,1592721408,1768730624
findling-rss 1790923843,1440931840,199155712,16366328,1661128704,1768730624
findling-rss 1790923845,1345683456,198828032,16246864,1564971008,1768730624
findling-rss 1790923847,1403297792,198852608,16249280,1622818816,1768730624
findling-rss 1790923849,1441370112,199266304,16367768,1661587456,1768730624
findling-rss 1790923851,1441583104,199266304,16368136,1661800448,1768730624
findling-rss 1790923853,1441103872,199266304,16385256,1661292544,1768730624
findling-rss 1790923855,1441583104,199266304,16386336,1661751296,1768730624
findling-rss 1790923857,1403383808,198955008,16268288,1622249472,1768730624
findling-rss 1790923859,1422131200,199856128,16396544,1642942464,1768730624
findling-rss 1790923861,1442566144,199856128,16399880,1663430656,1768730624
findling-rss 1790923863,1441669120,199852032,16416960,1662455808,1768730624
findling-rss 1790923865,1441705984,199852032,16417504,1662726144,1768730624
findling-rss 1790923867,1403072512,199507968,16297304,1623166976,1768730624
findling-rss 1790923869,1385132032,199753728,16425144,1605177344,1768730624
findling-rss 1790923871,1442336768,199753728,16418904,1662881792,1768730624
findling-rss 1790923873,1396023296,199749632,16435872,1616838656,1768730624
findling-rss 1790923875,1442308096,199749632,16436512,1663098880,1768730624
findling-rss 1790923877,1403703296,199397376,16320584,1623703552,1768730624
findling-rss 1790923879,1346301952,199426048,16314064,1565966336,1768730624
findling-rss 1790923881,1447989248,199790592,16439488,1668595712,1768730624
findling-rss 1790923883,1448964096,199790592,16435848,1669763072,1768730624
findling-rss 1790923885,1441550336,199770112,16451824,1662300160,1768730624
findling-rss 1790923887,1443823616,199770112,16451416,1664573440,1768730624
findling-rss 1790923890,1404080128,199426048,16330680,1624133632,1768730624
findling-rss 1790923892,1424269312,199806976,16448280,1643941888,1768730624
findling-rss 1790923894,1442217984,199806976,16447736,1663156224,1768730624
findling-rss 1790923896,1441169408,199811072,16464248,1662017536,1768730624
findling-rss 1790923898,1442918400,199811072,16466032,1663512576,1768730624
findling-rss 1790923900,1339346944,199454720,16154456,1558933504,1768730624
findling-rss 1790923902,1305661440,199843840,16317088,1524215808,1768730624
findling-rss 1790923904,1456345088,199847936,16527528,1677242368,1768730624
findling-rss 1790923906,1458167808,199847936,16525896,1679110144,1768730624
findling-rss 1790923908,1489747968,199839744,16544816,1710911488,1768730624
findling-rss 1790923910,1490677760,199839744,16543960,1711878144,1768730624
findling-rss 1790923912,1397010432,199487488,16424504,1609203712,1768730624
findling-rss 1790923914,1470103552,199860224,16539712,1691066368,1768730624
findling-rss 1790923916,1490239488,199860224,16542688,1711017984,1768730624
findling-rss 1790923918,1470107648,199868416,16557312,1691168768,1768730624
findling-rss 1790923920,1489522688,199868416,16560832,1710747648,1768730624
findling-rss 1790923922,1399402496,199516160,16441472,1619587072,1768730624
findling-rss 1790923924,1342210048,199544832,16307080,1561944064,1768730624
findling-rss 1790923926,1489375232,199892992,16425672,1710178304,1768730624
findling-rss 1790923928,1342210048,199548928,16319736,1562603520,1768730624
findling-rss 1790923930,1490788352,199897088,16443272,1711738880,1768730624
findling-rss 1790923932,1386201088,199544832,16325384,1606524928,1768730624
findling-rss 1790923934,1398996992,199544832,16324024,1619267584,1768730624
findling-rss 1790923936,1490182144,199929856,16443224,1711144960,1768730624
findling-rss 1790923938,1490411520,199929856,16445776,1711513600,1768730624
findling-rss 1790923940,1490702336,199921664,16461600,1711644672,1768730624
findling-rss 1790923942,1492844544,199921664,16460240,1714020352,1768730624
findling-rss 1790923944,1400127488,199573504,16341400,1620140032,1768730624
findling-rss 1790923946,1470418944,199790592,16477936,1691455488,1768730624
findling-rss 1790923948,1497436160,199790592,16481592,1718280192,1768730624
findling-rss 1790923950,1470410752,199790592,16495536,1691353088,1768730624
findling-rss 1790923952,1490030592,199790592,16498872,1710764032,1768730624
findling-rss 1790923954,1342517248,199438336,16375488,1562230784,1768730624
findling-rss 1790923956,1342517248,199467008,16028048,1561899008,1768730624
findling-rss 1790923958,1490014208,199823360,16155920,1710518272,1768730624
findling-rss 1790923960,1342517248,199467008,16053392,1562193920,1768730624
findling-rss 1790923962,1490669568,199831552,16174304,1711362048,1768730624
findling-rss 1790923964,1342517248,199467008,16052600,1561964544,1768730624
findling-rss 1790923966,1400131584,199467008,16052984,1620033536,1768730624
findling-rss 1790923968,1490690048,199852032,16171232,1711243264,1768730624
findling-rss 1790923970,1494482944,199852032,16172048,1715265536,1768730624
findling-rss 1790923972,1489952768,201592832,16239856,1712586752,1768730624
findling-rss 1790923974,1489952768,201592832,16236728,1712295936,1768730624
findling-rss 1790923976,1499918336,201592832,16239024,1722408960,1768730624
findling-rss 1790923978,1500422144,201592832,16236200,1722728448,1768730624
findling-rss 1790923980,1500807168,201592832,16238088,1723445248,1768730624
findling-rss 1790923982,1503731712,201592832,16237544,1726095360,1768730624
findling-rss 1790923984,1502838784,201592832,16236480,1725263872,1768730624
findling-rss 1790923986,1406480384,201592832,16128480,1628254208,1768730624
findling-rss 1790923988,1503059968,201592832,16236728,1725505536,1768730624
findling-rss 1790923990,1406484480,201592832,16129160,1628442624,1768730624
findling-rss 1790923992,1502543872,201592832,16238384,1725124608,1768730624
findling-rss 1790923994,1400147968,199507968,16070200,1620221952,1768730624
findling-rss 1790923996,1400565760,199507968,16071560,1620594688,1768730624
findling-rss 1790923998,1489907712,197103616,16115832,1707683840,1768730624
findling-rss 1790924000,1490554880,197103616,16116008,1708339200,1768730624
findling-rss 1790924002,1490083840,197099520,16132976,1708142592,1768730624
findling-rss 1790924004,1495613440,197099520,16128520,1713696768,1768730624
findling-rss 1790924006,1342636032,196788224,16011496,1559523328,1768730624
findling-rss 1790924008,1379913728,197914624,16150912,1597992960,1768730624
findling-rss 1790924010,1477234688,197914624,16158848,1696129024,1768730624
findling-rss 1790924012,1395785728,197906432,16070896,1613926400,1768730624
findling-rss 1790924014,1492000768,197906432,16177496,1710899200,1768730624
findling-rss 1790924016,1392427008,197550080,16057928,1610457088,1768730624
findling-rss 1790924018,1400492032,197644288,16060504,1618554880,1768730624
findling-rss 1790924020,1491095552,198029312,16179160,1709936640,1768730624
findling-rss 1790924022,1491636224,198029312,16178744,1710256128,1768730624
findling-rss 1790924024,1491263488,198025216,16197720,1710026752,1768730624
findling-rss 1790924026,1492000768,198025216,16196536,1711017984,1768730624
findling-rss 1790924028,1401331712,197718016,16078024,1619341312,1768730624
findling-rss 1790924030,1471635456,198111232,16195976,1690398720,1768730624
findling-rss 1790924032,1491881984,198111232,16197336,1710788608,1768730624
findling-rss 1790924034,1471631360,198107136,16214008,1690595328,1768730624
findling-rss 1790924036,1496866816,198107136,16214688,1715875840,1768730624
findling-rss 1790924038,1399664640,197779456,16096024,1617883136,1768730624
findling-rss 1790924040,1395793920,255139840,17764472,1672818688,1768730624
findling-rss 1790924042,1494413312,198037504,16441184,1713496064,1768730624
findling-rss 1790924044,1392087040,198037504,16350016,1609510912,1768730624
findling-rss 1790924046,1498337280,198037504,16458944,1717596160,1768730624
findling-rss 1790924048,1343733760,197681152,16338024,1561980928,1768730624
findling-rss 1790924050,1401348096,197718016,16342920,1619726336,1768730624
findling-rss 1790924052,1491369984,198131712,16458688,1710514176,1768730624
findling-rss 1790924054,1495080960,198131712,16462344,1714376704,1768730624
findling-rss 1790924056,1491730432,198131712,16480376,1711190016,1768730624
findling-rss 1790924058,1491816448,198131712,16479704,1711075328,1768730624
findling-rss 1790924060,1401352192,198008832,16361832,1619873792,1768730624
findling-rss 1790924062,1407000576,198406144,16479952,1626345472,1768730624
findling-rss 1790924064,1474666496,198406144,16480144,1694212096,1768730624
findling-rss 1790924066,1438576640,198426624,16500496,1656979456,1768730624
findling-rss 1790924068,1492004864,198426624,16499616,1711640576,1768730624
findling-rss 1790924070,1344151552,198074368,16378600,1562824704,1768730624
findling-rss 1790924072,1400926208,198086656,16379680,1619636224,1768730624
findling-rss 1790924074,1492623360,198516736,16498912,1712521216,1768730624
findling-rss 1790924076,1494433792,198516736,16499592,1714012160,1768730624
findling-rss 1790924078,1492148224,198504448,16518208,1711673344,1768730624
findling-rss 1790924080,1492148224,198504448,16518488,1711779840,1768730624
findling-rss 1790924082,1401765888,198193152,16400056,1620496384,1768730624
findling-rss 1790924084,1472049152,198660096,16522144,1691725824,1768730624
findling-rss 1790924087,1492111360,198660096,16523504,1711685632,1768730624
findling-rss 1790924089,1488183296,198668288,16537360,1707835392,1768730624
findling-rss 1790924091,1492574208,198668288,16540696,1712320512,1768730624
findling-rss 1790924093,1400303616,198389760,16415600,1619398656,1768730624
findling-rss 1790924095,1396224000,198901760,16426440,1615929344,1768730624
findling-rss 1790924097,1493471232,198901760,16536568,1713668096,1768730624
findling-rss 1790924099,1396236288,200294400,16483264,1617469440,1768730624
findling-rss 1790924101,1492586496,200294400,16591352,1714049024,1768730624
findling-rss 1790924103,1434570752,200294400,16591528,1655910400,1768730624
findling-rss 1790924105,1506058240,200294400,16589696,1727606784,1768730624
findling-rss 1790924107,1474207744,200294400,16587336,1695686656,1768730624
findling-rss 1790924109,1503846400,200294400,16592376,1725435904,1768730624
findling-rss 1790924111,1483968512,200294400,16588784,1705508864,1768730624
findling-rss 1790924113,1505337344,200294400,16591464,1726808064,1768730624
findling-rss 1790924115,1500930048,200294400,16589584,1722359808,1768730624
findling-rss 1790924117,1504251904,200294400,16592408,1725882368,1768730624
findling-rss 1790924119,1402478592,198615040,16439160,1621880832,1768730624
findling-rss 1790924121,1391599616,200892416,16498464,1612050432,1768730624
findling-rss 1790924123,1492041728,200892416,16638904,1715642368,1768730624
findling-rss 1790924125,1415749632,200892416,16607368,1637560320,1768730624
findling-rss 1790924127,1501175808,200892416,16606104,1723473920,1768730624
findling-rss 1790924129,1456766976,200892416,16603944,1673773056,1768730624
findling-rss 1790924131,1502461952,200892416,16606400,1724416000,1768730624
findling-rss 1790924133,1483943936,200892416,16612944,1706008576,1768730624
findling-rss 1790924135,1504133120,197746688,16519704,1723092992,1768730624
findling-rss 1790924137,1483956224,197746688,16520864,1702932480,1768730624
findling-rss 1790924139,1507708928,197746688,16521176,1726832640,1768730624
findling-rss 1790924141,1501118464,197746688,16519968,1719894016,1768730624
findling-rss 1790924143,1504190464,197746688,16520384,1723129856,1768730624
findling-rss 1790924145,1491795968,197398528,16527488,1710456832,1768730624
findling-rss 1790924147,1492467712,197398528,16529784,1711140864,1768730624
findling-rss 1790924149,1501548544,197398528,16525488,1720086528,1768730624
findling-rss 1790924151,1501691904,197398528,16526344,1720254464,1768730624
findling-rss 1790924153,1502404608,197398528,16526208,1720995840,1768730624
findling-rss 1790924155,1502404608,197398528,16526712,1720885248,1768730624
findling-rss 1790924157,1504538624,197398528,16526752,1723195392,1768730624
findling-rss 1790924159,1506291712,197398528,16525392,1724948480,1768730624
findling-rss 1790924161,1504317440,197398528,16575248,1724076032,1768730624
findling-rss 1790924163,1344888832,195661824,16367344,1561202688,1768730624
findling-rss 1790924165,1401913344,195817472,16372440,1618579456,1768730624
findling-rss 1790924167,1472110592,196202496,16387120,1689362432,1768730624
findling-rss 1790924169,1491554304,196202496,16390056,1708597248,1768730624
findling-rss 1790924171,1472126976,196550656,16418488,1689657344,1768730624
findling-rss 1790924173,1492099072,196550656,16418040,1709907968,1768730624
findling-rss 1790924175,1500971008,196550656,16417944,1718497280,1768730624
findling-rss 1790924177,1501892608,196550656,16418080,1719640064,1768730624
findling-rss 1790924179,1401847808,195960832,16290704,1618558976,1768730624
findling-rss 1790924181,1396301824,196571136,16307656,1613357056,1768730624
findling-rss 1790924183,1491705856,196571136,16416176,1709412352,1768730624
findling-rss 1790924185,1416773632,196567040,16433344,1635442688,1768730624
findling-rss 1790924187,1491812352,196567040,16433712,1709256704,1768730624
findling-rss 1790924189,1400176640,196251648,16315384,1616957440,1768730624
findling-rss 1790924191,1401851904,196386816,16104048,1618501632,1768730624
findling-rss 1790924193,1492000768,196833280,16223528,1709690880,1768730624
findling-rss 1790924195,1492217856,196833280,16269280,1710116864,1768730624
findling-rss 1790924197,1491222528,196829184,16242144,1709072384,1768730624
findling-rss 1790924199,1491644416,196829184,16240784,1709596672,1768730624
findling-rss 1790924201,1400176640,196542464,16124880,1617252352,1768730624
findling-rss 1790924203,1472118784,197038080,16244040,1690140672,1768730624
findling-rss 1790924205,1491763200,197038080,16246016,1709723648,1768730624
findling-rss 1790924207,1472143360,197042176,16266560,1690259456,1768730624
findling-rss 1790924209,1491103744,197042176,16265840,1709064192,1768730624
findling-rss 1790924211,1402888192,196755456,16146456,1620230144,1768730624
findling-rss 1790924213,1401069568,197341184,16269688,1618276352,1768730624
findling-rss 1790924215,1492656128,197341184,16269784,1711067136,1768730624
findling-rss 1790924217,1425686528,197337088,16287896,1643900928,1768730624
findling-rss 1790924219,1493065728,197337088,16289720,1711312896,1768730624
findling-rss 1790924221,1345277952,197029888,16170760,1562697728,1768730624
findling-rss 1790924223,1402892288,197152768,16171848,1620418560,1768730624
findling-rss 1790924225,1493323776,197603328,16291752,1711886336,1768730624
findling-rss 1790924227,1493602304,197603328,16293616,1712349184,1768730624
findling-rss 1790924229,1493409792,197607424,16308024,1711890432,1768730624
findling-rss 1790924231,1493454848,197607424,16307888,1711988736,1768730624
findling-rss 1790924233,1402896384,197353472,16189880,1620930560,1768730624
findling-rss 1790924235,1473196032,197812224,16311016,1691922432,1768730624
findling-rss 1790924237,1493020672,197812224,16314352,1711828992,1768730624
findling-rss 1790924239,1483755520,197812224,16334984,1701466112,1768730624
findling-rss 1790924241,1493135360,197812224,16335800,1712103424,1768730624
findling-rss 1790924243,1402900480,197480448,16212568,1620918272,1768730624
findling-rss 1790924245,1397354496,197767168,16335560,1615663104,1768730624
findling-rss 1790924247,1493504000,197767168,16436256,1712197632,1768730624
findling-rss 1790924249,1409556480,198475776,16488240,1628872704,1768730624
findling-rss 1790924251,1493143552,198475776,16472456,1712766976,1768730624
findling-rss 1790924253,1461276672,198475776,16471640,1676509184,1768730624
findling-rss 1790924255,1503784960,198475776,16373592,1723273216,1768730624
findling-rss 1790924257,1484042240,198475776,16371064,1703403520,1768730624
findling-rss 1790924259,1504645120,198475776,16371904,1724350464,1768730624
findling-rss 1790924261,1402904576,197451776,16233248,1620824064,1768730624
findling-rss 1790924263,1345290240,197697536,16236336,1563389952,1768730624
findling-rss 1790924265,1499553792,198049792,16359096,1718575104,1768730624
findling-rss 1790924267,1499578368,198049792,16359272,1718837248,1768730624
findling-rss 1790924269,1492758528,198049792,16376400,1711964160,1768730624
findling-rss 1790924271,1495027712,198049792,16375448,1714364416,1768730624
findling-rss 1790924273,1402908672,197885952,16262576,1621168128,1768730624
findling-rss 1790924275,1473191936,198369280,16383776,1692499968,1768730624
findling-rss 1790924277,1494007808,198369280,16386032,1713618944,1768730624
findling-rss 1790924279,1489104896,198373376,16402400,1708367872,1768730624
findling-rss 1790924281,1493172224,198373376,16401896,1712762880,1768730624
findling-rss 1790924283,1401651200,198127616,16283760,1620316160,1768730624
findling-rss 1790924285,1345294336,198365184,16285144,1563869184,1768730624
findling-rss 1790924287,1493348352,198717440,16408624,1713078272,1768730624
findling-rss 1790924289,1345298432,198717440,16314288,1594224640,1768730624
findling-rss 1790924291,1493471232,198717440,16427088,1713254400,1768730624
findling-rss 1790924294,1345302528,198373376,16307160,1564057600,1768730624
findling-rss 1790924296,1402494976,198488064,16312040,1621573632,1768730624
findling-rss 1790924298,1492496384,199086080,16436288,1712484352,1768730624
findling-rss 1790924300,1493258240,199086080,16433224,1713348608,1768730624
findling-rss 1790924302,1492713472,199086080,16452480,1712734208,1768730624
findling-rss 1790924304,1493295104,199086080,16452888,1713487872,1768730624
findling-rss 1790924306,1402925056,198840320,16335216,1622433792,1768730624
findling-rss 1790924308,1464512512,199376896,16456016,1684971520,1768730624
findling-rss 1790924310,1492865024,199376896,16458808,1713352704,1768730624
findling-rss 1790924312,1473204224,199376896,16476024,1693605888,1768730624
findling-rss 1790924314,1492934656,199376896,16476840,1713618944,1768730624
findling-rss 1790924316,1400840192,199094272,16357976,1620467712,1768730624
findling-rss 1790924318,1345314816,199286784,16355584,1564991488,1768730624
findling-rss 1790924320,1492418560,199634944,16481064,1713008640,1768730624
findling-rss 1790924322,1345314816,199286784,16381344,1565249536,1768730624
findling-rss 1790924324,1493827584,199647232,16500344,1714823168,1768730624
findling-rss 1790924326,1390411776,199286784,16379712,1610412032,1768730624
findling-rss 1790924328,1402093568,199335936,16381504,1622196224,1768730624
findling-rss 1790924330,1491427328,199553024,16485584,1711673344,1768730624
findling-rss 1790924332,1493684224,199553024,16486496,1714241536,1768730624
findling-rss 1790924334,1493364736,196677632,16439056,1711136768,1768730624
findling-rss 1790924336,1494028288,196677632,16439912,1711960064,1768730624
findling-rss 1790924338,1402720256,196448256,16320672,1619906560,1768730624
findling-rss 1790924340,1408774144,197021696,16443568,1626648576,1768730624
findling-rss 1790924342,1492713472,197021696,16446752,1710891008,1768730624
findling-rss 1790924344,1425760256,197029888,16461552,1643974656,1768730624
findling-rss 1790924346,1493483520,197029888,16463552,1711767552,1768730624
findling-rss 1790924348,1345327104,196722688,16345064,1562628096,1768730624
findling-rss 1790924350,1401266176,196927488,16350504,1618821120,1768730624
findling-rss 1790924352,1492905984,185389056,15258656,1698131968,1768730624
findling-rss 1790924354,1492905984,185704448,15261888,1698504704,1768730624
findling-rss summary samples=1795 max_anon=1572032512 peak=1768730624 events=[low=0 high=0 max=0 oom=0 oom_kill=0 oom_group_kill=0 sock_throttled=0] oom_killed=false
