findling-rss timestamp,anon,file,slab,current,peak
findling-rss 1790883171,117477376,811008,699976,120168448,137338880
findling-rss 1790883173,117477376,2461696,803864,121917440,137338880
findling-rss 1790883175,117477376,2461696,804000,121929728,137338880
findling-rss 1790883177,117477376,2461696,804816,122011648,137338880
findling-rss 1790883179,117477376,2461696,799816,122023936,137338880
findling-rss 1790883181,117522432,2732032,803648,122212352,137338880
findling-rss 1790883183,119828480,2732032,803648,124526592,137338880
findling-rss 1790883186,122392576,2732032,803648,127242240,137338880
findling-rss 1790883188,122392576,2732032,803648,126935040,137338880
findling-rss 1790883190,123445248,2732032,809040,127639552,137338880
findling-rss 1790883192,122392576,2732032,802968,127356928,137338880
findling-rss 1790883194,122392576,2732032,804328,127115264,137338880
findling-rss 1790883196,122392576,2732032,809440,127119360,137338880
findling-rss 1790883198,122392576,2732032,804464,127131648,137338880
findling-rss 1790883200,122392576,2732032,805824,126951424,137338880
findling-rss 1790883202,122392576,2732032,804328,127094784,137338880
findling-rss 1790883204,122392576,2732032,803512,127279104,137338880
findling-rss 1790883206,122392576,2732032,804872,127008768,137338880
findling-rss 1790883208,122392576,2732032,804872,127107072,137338880
findling-rss 1790883210,122392576,2732032,803920,127102976,137338880
findling-rss 1790883212,122392576,2732032,803240,127250432,137338880
findling-rss 1790883214,122392576,2732032,803648,127225856,137338880
findling-rss 1790883216,122392576,2732032,800960,127094784,137338880
findling-rss 1790883218,122392576,2732032,800960,127102976,137338880
findling-rss 1790883220,122392576,2732032,801368,127373312,137338880
findling-rss 1790883222,122392576,2732032,800824,127229952,137338880
findling-rss 1790883224,122392576,2732032,800824,126844928,137338880
findling-rss 1790883226,122392576,2732032,801096,127225856,137338880
findling-rss 1790883228,122392576,2732032,802456,127164416,137338880
findling-rss 1790883230,122392576,2732032,799736,127057920,137338880
findling-rss 1790883232,124121088,2740224,803648,129003520,137338880
findling-rss 1790883234,124121088,2740224,804328,128966656,137338880
findling-rss 1790883236,124121088,2740224,803920,129024000,137338880
findling-rss 1790883238,124121088,2740224,805280,128671744,137338880
findling-rss 1790883240,124121088,2740224,803376,128770048,137338880
findling-rss 1790883242,124121088,2740224,804736,128897024,137338880
findling-rss 1790883244,124121088,2740224,804600,128819200,137338880
findling-rss 1790883246,124121088,2740224,803920,128647168,137338880
findling-rss 1790883248,124121088,2740224,805280,128659456,137338880
findling-rss 1790883250,124121088,2740224,804600,128774144,137338880
findling-rss 1790883252,124121088,2740224,803376,128839680,137338880
findling-rss 1790883254,124121088,2740224,804736,128835584,137338880
findling-rss 1790883256,124121088,2740224,805416,128843776,137338880
findling-rss 1790883258,124121088,2740224,803648,128749568,137338880
findling-rss 1790883260,124121088,2740224,805008,128782336,137338880
findling-rss 1790883262,124121088,2740224,804736,128688128,137338880
findling-rss 1790883264,124121088,2740224,805144,128585728,137338880
findling-rss 1790883266,124121088,2740224,804464,128884736,137338880
findling-rss 1790883268,124121088,2740224,804464,128720896,137338880
findling-rss 1790883270,124121088,2740224,805280,128724992,137338880
findling-rss 1790883272,124121088,2740224,806640,128802816,137338880
findling-rss 1790883274,124121088,2740224,804464,128929792,137338880
findling-rss 1790883276,124121088,2740224,803136,128864256,137338880
findling-rss 1790883278,124121088,2740224,801912,129040384,137338880
findling-rss 1790883280,124121088,2740224,801504,129060864,137338880
findling-rss 1790883282,124121088,2740224,801096,129101824,137338880
findling-rss 1790883284,124121088,2740224,800416,128827392,137338880
findling-rss 1790883286,124121088,2740224,801776,128937984,137338880
findling-rss 1790883288,124121088,2740224,800960,128663552,137338880
findling-rss 1790883290,124121088,2740224,802320,128581632,137338880
findling-rss 1790883292,124411904,2740224,804464,129396736,137338880
findling-rss 1790883294,124411904,2740224,807288,129089536,137338880
findling-rss 1790883296,124411904,2740224,808512,129163264,137338880
findling-rss 1790883298,124411904,2740224,809872,129171456,137338880
findling-rss 1790883300,124411904,2740224,809304,129290240,137338880
findling-rss 1790883302,124411904,2740224,804464,129064960,137338880
findling-rss 1790883304,124411904,2740224,803920,129101824,137338880
findling-rss 1790883306,124411904,2740224,805280,129138688,137338880
findling-rss 1790883308,124411904,2740224,803240,128921600,137338880
findling-rss 1790883310,124411904,2740224,804600,129150976,137338880
findling-rss 1790883312,124411904,2740224,803240,129101824,137338880
findling-rss 1790883314,124411904,2740224,804328,128929792,137338880
findling-rss 1790883316,124411904,2740224,803240,129163264,137338880
findling-rss 1790883318,124411904,2740224,804600,129052672,137338880
findling-rss 1790883320,124538880,2740224,856368,130494464,137338880
findling-rss 1790883322,124411904,2740224,805280,129257472,137338880
findling-rss 1790883324,124411904,2740224,805008,129318912,137338880
findling-rss 1790883326,124411904,2740224,803512,129343488,137338880
findling-rss 1790883328,124411904,2740224,804872,129318912,137338880
findling-rss 1790883330,124411904,2740224,808352,129269760,137338880
findling-rss 1790883332,124411904,2740224,805280,129212416,137338880
findling-rss 1790883334,124411904,2740224,803376,129298432,137338880
findling-rss 1790883336,124411904,2740224,804736,128991232,137338880
findling-rss 1790883338,124411904,2740224,804872,129146880,137338880
findling-rss 1790883340,124411904,2740224,804192,129105920,137338880
findling-rss 1790883342,124411904,2740224,801096,129138688,137338880
findling-rss 1790883344,124411904,2740224,800824,129155072,137338880
findling-rss 1790883346,124411904,2740224,802184,129077248,137338880
findling-rss 1790883348,124411904,2740224,800552,129265664,137338880
findling-rss 1790883350,124411904,2740224,801912,129245184,137338880
findling-rss 1790883352,124411904,2740224,801096,129376256,137338880
findling-rss 1790883354,124411904,2740224,800552,129294336,137338880
findling-rss 1790883356,124411904,2740224,801912,129236992,137338880
findling-rss 1790883358,124411904,2740224,800960,129388544,137338880
findling-rss 1790883360,124411904,2740224,801776,129077248,137338880
findling-rss 1790883362,124411904,2740224,803136,129081344,137338880
findling-rss 1790883364,124411904,2740224,801368,129249280,137338880
findling-rss 1790883366,124411904,2740224,802048,129253376,137338880
findling-rss 1790883368,124411904,2740224,801912,129126400,137338880
findling-rss 1790883370,124411904,2740224,802456,129392640,137338880
findling-rss 1790883372,124411904,2740224,801096,129089536,137338880
findling-rss 1790883374,124411904,2740224,800416,129142784,137338880
findling-rss 1790883376,124411904,2740224,801776,129343488,137338880
findling-rss 1790883378,124411904,2740224,803000,129060864,137338880
findling-rss 1790883380,124411904,2740224,802456,129220608,137338880
findling-rss 1790883382,124411904,2740224,803816,129142784,137338880
findling-rss 1790883384,124411904,2740224,801640,129359872,137338880
findling-rss 1790883386,124411904,2740224,803000,129064960,137338880
findling-rss 1790883388,124411904,2740224,800416,128991232,137338880
findling-rss 1790883390,124411904,2740224,806208,129191936,137338880
findling-rss 1790883392,124411904,2740224,801776,129150976,137338880
findling-rss 1790883394,124411904,2740224,801776,129089536,137338880
findling-rss 1790883396,124411904,2740224,801776,129179648,137338880
findling-rss 1790883398,124411904,2740224,801232,129167360,137338880
findling-rss 1790883400,124411904,2740224,802592,129081344,137338880
findling-rss 1790883402,124411904,2740224,801096,129146880,137338880
findling-rss 1790883404,124411904,2740224,800960,129101824,137338880
findling-rss 1790883406,124411904,2740224,802320,129101824,137338880
findling-rss 1790883408,124411904,2740224,800960,129257472,137338880
findling-rss 1790883410,124411904,2740224,801640,128954368,137338880
findling-rss 1790883412,124485632,2740224,803920,129474560,137338880
findling-rss 1790883414,124485632,2740224,807152,129171456,137338880
findling-rss 1790883416,124485632,2740224,808512,129253376,137338880
findling-rss 1790883418,124485632,2740224,804056,129232896,137338880
findling-rss 1790883420,124485632,2740224,809848,129191936,137338880
findling-rss 1790883422,124485632,2740224,804736,129200128,137338880
findling-rss 1790883424,124485632,2740224,804192,129101824,137338880
findling-rss 1790883426,124485632,2740224,803920,129228800,137338880
findling-rss 1790883428,124485632,2740224,805280,129249280,137338880
findling-rss 1790883430,124485632,2740224,805280,129142784,137338880
findling-rss 1790883432,124485632,2740224,803648,129175552,137338880
findling-rss 1790883434,124485632,2740224,804464,129212416,137338880
findling-rss 1790883436,124485632,2740224,805280,129085440,137338880
findling-rss 1790883438,124485632,2740224,804872,129425408,137338880
findling-rss 1790883440,124485632,2740224,804736,129454080,137338880
findling-rss 1790883442,124485632,2740224,804736,129429504,137338880
findling-rss 1790883444,124485632,2740224,805280,129167360,137338880
findling-rss 1790883446,124485632,2740224,803920,129224704,137338880
findling-rss 1790883448,124485632,2740224,805280,129253376,137338880
findling-rss 1790883450,124485632,2740224,805960,129101824,137338880
findling-rss 1790883452,124485632,2740224,803920,129294336,137338880
findling-rss 1790883455,124485632,2740224,805784,129236992,137338880
findling-rss 1790883457,124485632,2740224,803376,129323008,137338880
findling-rss 1790883459,124485632,2740224,804600,129363968,137338880
findling-rss 1790883461,124485632,2740224,804600,129105920,137338880
findling-rss 1790883463,124485632,2740224,803920,129142784,137338880
findling-rss 1790883465,124485632,2740224,804600,129331200,137338880
findling-rss 1790883467,124485632,2740224,805960,129134592,137338880
findling-rss 1790883469,126599168,2748416,807560,131350528,137338880
findling-rss 1790883471,126599168,2752512,805664,131350528,137338880
findling-rss 1790883473,126828544,2752512,806992,131588096,137338880
findling-rss 1790883475,126840832,2752512,818128,131620864,137338880
findling-rss 1790883477,126840832,2752512,807672,131850240,137338880
findling-rss 1790883479,126840832,2752512,807944,131588096,137338880
findling-rss 1790883481,126840832,2752512,812104,131530752,137338880
findling-rss 1790883483,126840832,2752512,809032,131612672,137338880
findling-rss 1790883485,126840832,2752512,807672,131760128,137338880
findling-rss 1790883487,126840832,2752512,809032,131420160,137338880
findling-rss 1790883489,126840832,2752512,809576,131809280,137338880
findling-rss 1790883491,126840832,2752512,808896,131448832,137338880
findling-rss 1790883493,126840832,2752512,808352,131624960,137338880
findling-rss 1790883495,126840832,2752512,807672,131555328,137338880
findling-rss 1790883497,126840832,2752512,809032,131751936,137338880
findling-rss 1790883499,126840832,2752512,808624,131743744,137338880
findling-rss 1790883501,126840832,2752512,807808,131461120,137338880
findling-rss 1790883503,126840832,2752512,808624,131571712,137338880
findling-rss 1790883505,126840832,2752512,808352,131489792,137338880
findling-rss 1790883507,126840832,2752512,807808,131608576,137338880
findling-rss 1790883509,126840832,2752512,809168,131604480,137338880
findling-rss 1790883511,126840832,2752512,806992,131432448,137338880
findling-rss 1790883513,126840832,2752512,808352,131690496,137338880
findling-rss 1790883515,126840832,2752512,808488,131543040,137338880
findling-rss 1790883517,126840832,2752512,806344,131452928,137338880
findling-rss 1790883519,126840832,2752512,805936,131514368,137338880
findling-rss 1790883521,126840832,2752512,804304,131584000,137338880
findling-rss 1790883523,126840832,2752512,804848,131780608,137338880
findling-rss 1790883525,126840832,2752512,804168,131584000,137338880
findling-rss 1790883527,126840832,2752512,805528,131600384,137338880
findling-rss 1790883529,126840832,2752512,804168,131559424,137338880
findling-rss 1790883531,126840832,2752512,805528,131833856,137338880
findling-rss 1790883533,126840832,2752512,804304,131321856,137338880
findling-rss 1790883535,126840832,2752512,808760,131571712,137338880
findling-rss 1790883537,126844928,2752512,809440,131563520,137338880
findling-rss 1790883539,126844928,2752512,807024,131588096,137338880
findling-rss 1790883541,126844928,2752512,806552,131731456,137338880
findling-rss 1790883543,126844928,2752512,805528,131633152,137338880
findling-rss 1790883545,126844928,2752512,806072,131739648,137338880
findling-rss 1790883547,126844928,2752512,804848,131592192,137338880
findling-rss 1790883549,126844928,2752512,806208,131534848,137338880
findling-rss 1790883551,126844928,2752512,804848,131809280,137338880
findling-rss 1790883553,126844928,2752512,804848,131817472,137338880
findling-rss 1790883555,126844928,2752512,804984,131579904,137338880
findling-rss 1790883557,126844928,2752512,805392,131612672,137338880
findling-rss 1790883559,126844928,2752512,806752,131608576,137338880
findling-rss 1790883561,126844928,2752512,804440,131792896,137338880
findling-rss 1790883563,126844928,2752512,805120,131534848,137338880
findling-rss 1790883565,126844928,2752512,804848,131825664,137338880
findling-rss 1790883567,126844928,2752512,805528,131596288,137338880
findling-rss 1790883569,126844928,2752512,805528,131588096,137338880
findling-rss 1790883571,126844928,2752512,804848,131694592,137338880
findling-rss 1790883573,126844928,2752512,805664,131506176,137338880
findling-rss 1790883575,126844928,2752512,804984,131465216,137338880
findling-rss 1790883577,126844928,2752512,806344,131629056,137338880
findling-rss 1790883579,126844928,2752512,804848,131563520,137338880
findling-rss 1790883581,126844928,2752512,804984,131604480,137338880
findling-rss 1790883583,126844928,2752512,804712,131723264,137338880
findling-rss 1790883585,127897600,2752512,810104,132128768,137338880
findling-rss 1790883587,126844928,2752512,806072,131588096,137338880
findling-rss 1790883589,126844928,2752512,805120,131796992,137338880
findling-rss 1790883591,126844928,2752512,805256,131727360,137338880
findling-rss 1790883593,126844928,2752512,804848,131403776,137338880
findling-rss 1790883595,126844928,2752512,804168,131837952,137338880
findling-rss 1790883597,126844928,2752512,804984,131563520,137338880
findling-rss 1790883599,126844928,2752512,805528,131596288,137338880
findling-rss 1790883601,126844928,2752512,805936,131694592,137338880
findling-rss 1790883603,126844928,2752512,807296,131653632,137338880
findling-rss 1790883605,126844928,2752512,804984,131538944,137338880
findling-rss 1790883607,127889408,2752512,807456,131784704,137338880
findling-rss 1790883609,126844928,2752512,805664,131809280,137338880
findling-rss 1790883611,126844928,2752512,805528,131592192,137338880
findling-rss 1790883613,126844928,2752512,804848,131600384,137338880
findling-rss 1790883615,126844928,2752512,804304,131551232,137338880
findling-rss 1790883617,126844928,2752512,805392,131428352,137338880
findling-rss 1790883619,126844928,2752512,806072,131612672,137338880
findling-rss 1790883621,126844928,2752512,804984,131682304,137338880
findling-rss 1790883623,126844928,2752512,806344,131612672,137338880
findling-rss 1790883625,126844928,2752512,804848,131641344,137338880
findling-rss 1790883627,126844928,2752512,806208,131584000,137338880
findling-rss 1790883629,126844928,2752512,804576,131588096,137338880
findling-rss 1790883631,126844928,2752512,805936,131702784,137338880
findling-rss 1790883633,126844928,2752512,806208,131555328,137338880
findling-rss 1790883635,126844928,2752512,805800,131514368,137338880
findling-rss 1790883637,126844928,2752512,804848,131608576,137338880
findling-rss 1790883639,126844928,2752512,806208,131739648,137338880
findling-rss 1790883641,126844928,2752512,804848,131588096,137338880
findling-rss 1790883643,126844928,2752512,805528,131694592,137338880
findling-rss 1790883645,126844928,2752512,804168,131645440,137338880
findling-rss 1790883647,126844928,2752512,805528,131416064,137338880
findling-rss 1790883649,126844928,2752512,806888,131608576,137338880
findling-rss 1790883651,127942656,2752512,809560,132194304,137338880
findling-rss 1790883653,126844928,2752512,806208,131518464,137338880
findling-rss 1790883655,126865408,2752512,808760,131612672,137338880
findling-rss 1790883657,126865408,2752512,808760,131633152,137338880
findling-rss 1790883659,126865408,2752512,806344,131629056,137338880
findling-rss 1790883661,126865408,2752512,804848,131440640,137338880
findling-rss 1790883663,126865408,2752512,804848,131817472,137338880
findling-rss 1790883665,126865408,2752512,804440,131645440,137338880
findling-rss 1790883667,126865408,2752512,805120,131690496,137338880
findling-rss 1790883669,126865408,2752512,806480,131461120,137338880
findling-rss 1790883671,126865408,2752512,804848,131579904,137338880
findling-rss 1790883673,127553536,2752512,806640,131411968,137338880
findling-rss 1790883675,126865408,2752512,809280,131747840,137338880
findling-rss 1790883677,126865408,2752512,804984,131776512,137338880
findling-rss 1790883679,126865408,2752512,805392,131559424,137338880
findling-rss 1790883681,126865408,2752512,806752,131575808,137338880
findling-rss 1790883683,126865408,2752512,804168,131387392,137338880
findling-rss 1790883685,126865408,2752512,805528,131645440,137338880
findling-rss 1790883687,126865408,2752512,804848,131547136,137338880
findling-rss 1790883689,126865408,2752512,806208,131514368,137338880
findling-rss 1790883691,126865408,2752512,805664,131829760,137338880
findling-rss 1790883693,126865408,2752512,806072,131842048,137338880
findling-rss 1790883695,126865408,2752512,804984,131436544,137338880
findling-rss 1790883697,126865408,2752512,804848,131698688,137338880
findling-rss 1790883699,126865408,2752512,806208,131661824,137338880
findling-rss 1790883701,126865408,2752512,804440,131350528,137338880
findling-rss 1790883703,126869504,2752512,805528,131596288,137338880
findling-rss 1790883705,126869504,2752512,809784,131588096,137338880
findling-rss 1790883707,126869504,2752512,804984,131436544,137338880
findling-rss 1790883709,126869504,2752512,804984,131612672,137338880
findling-rss 1790883711,126869504,2752512,806344,131497984,137338880
findling-rss 1790883713,126869504,2752512,806344,131657728,137338880
findling-rss 1790883715,126869504,2752512,804848,131715072,137338880
findling-rss 1790883718,128110592,2752512,812736,132669440,137338880
findling-rss 1790883720,126877696,2752512,805800,131584000,137338880
findling-rss 1790883722,126877696,2752512,806752,131600384,137338880
findling-rss 1790883724,126877696,2752512,805392,131567616,137338880
findling-rss 1790883726,126877696,2752512,805528,131760128,137338880
findling-rss 1790883728,126877696,2752512,805528,131506176,137338880
findling-rss 1790883730,126877696,2752512,806888,131780608,137338880
findling-rss 1790883732,126877696,2752512,804984,131596288,137338880
findling-rss 1790883734,126885888,2752512,805528,131600384,137338880
findling-rss 1790883736,126889984,2752512,806208,131600384,137338880
findling-rss 1790883738,126889984,2752512,804848,131743744,137338880
findling-rss 1790883740,126889984,2752512,805528,131633152,137338880
findling-rss 1790883742,126889984,2752512,806888,131866624,137338880
findling-rss 1790883744,126889984,2752512,805528,131645440,137338880
findling-rss 1790883746,126889984,2752512,806888,131686400,137338880
findling-rss 1790883748,126906368,2752512,805528,131899392,137338880
findling-rss 1790883750,126906368,2752512,804304,131796992,137338880
findling-rss 1790883752,126910464,2752512,805664,131682304,137338880
findling-rss 1790883754,126910464,2752512,807024,131620864,137338880
findling-rss 1790883756,126910464,2752512,805528,131784704,137338880
findling-rss 1790883758,126910464,2752512,805936,131657728,137338880
findling-rss 1790883760,126910464,2752512,816768,131702784,137338880
findling-rss 1790883762,126910464,2752512,804168,131653632,137338880
findling-rss 1790883764,126910464,2752512,804848,131891200,137338880
findling-rss 1790883766,126910464,2752512,805256,131674112,137338880
findling-rss 1790883768,126910464,2752512,805936,131772416,137338880
findling-rss 1790883770,126910464,2752512,804304,131690496,137338880
findling-rss 1790883772,127348736,2760704,808280,131997696,137338880
findling-rss 1790883774,127348736,2760704,809640,132313088,137338880
findling-rss 1790883776,127348736,2760704,812328,132263936,137338880
findling-rss 1790883778,127356928,2760704,812192,132149248,137338880
findling-rss 1790883780,127369216,2760704,808280,131907584,137338880
findling-rss 1790883782,127373312,2760704,807600,132091904,137338880
findling-rss 1790883784,127373312,2760704,808960,132354048,137338880
findling-rss 1790883786,127373312,2760704,808960,132382720,137338880
findling-rss 1790883788,127373312,2760704,808280,132120576,137338880
findling-rss 1790883790,127373312,2760704,809640,132022272,137338880
findling-rss 1790883792,127373312,2760704,807600,132198400,137338880
findling-rss 1790883794,127373312,2760704,808280,132149248,137338880
findling-rss 1790883796,127373312,2760704,809640,132136960,137338880
findling-rss 1790883798,127381504,2760704,807872,132386816,137338880
findling-rss 1790883800,127381504,2760704,809232,132120576,137338880
findling-rss 1790883802,127381504,2760704,809776,132378624,137338880
findling-rss 1790883804,127381504,2760704,808144,131989504,137338880
findling-rss 1790883806,127381504,2760704,809504,132157440,137338880
findling-rss 1790883808,127381504,2760704,810320,131989504,137338880
findling-rss 1790883810,127381504,2760704,809368,132091904,137338880
findling-rss 1790883812,127385600,2760704,807736,132325376,137338880
findling-rss 1790883814,127385600,2760704,809096,132075520,137338880
findling-rss 1790883816,127385600,2760704,805456,132055040,137338880
findling-rss 1790883818,127385600,2760704,805728,131928064,137338880
findling-rss 1790883820,127385600,2760704,806136,132194304,137338880
findling-rss 1790883822,127385600,2760704,805456,132120576,137338880
findling-rss 1790883824,127385600,2760704,806400,132108288,137338880
findling-rss 1790883826,127385600,2760704,806816,132087808,137338880
findling-rss 1790883828,127385600,2760704,805728,132169728,137338880
findling-rss 1790883830,127385600,2760704,806136,132141056,137338880
findling-rss 1790883832,127385600,2760704,806816,132341760,137338880
findling-rss 1790883834,127385600,2760704,808176,132104192,137338880
findling-rss 1790883836,127385600,2760704,806816,132108288,137338880
findling-rss 1790883838,127385600,2760704,804912,131964928,137338880
findling-rss 1790883840,127385600,2760704,806336,132042752,137338880
findling-rss 1790883842,127528960,2760704,805320,132407296,137338880
findling-rss 1790883844,127528960,2760704,806680,132214784,137338880
findling-rss 1790883846,127528960,2760704,806272,132440064,137338880
findling-rss 1790883848,127528960,2760704,804776,132288512,137338880
findling-rss 1790883850,127528960,2760704,804912,132206592,137338880
findling-rss 1790883852,127528960,2760704,804776,132550656,137338880
findling-rss 1790883854,127528960,2760704,804776,132067328,137338880
findling-rss 1790883856,127528960,2760704,806136,132255744,137338880
findling-rss 1790883858,127528960,2760704,805456,132292608,137338880
findling-rss 1790883860,127528960,2760704,805728,132481024,137338880
findling-rss 1790883862,127528960,2760704,807088,132288512,137338880
findling-rss 1790883864,127528960,2760704,806680,132292608,137338880
findling-rss 1790883866,127528960,2760704,806952,132452352,137338880
findling-rss 1790883868,127528960,2760704,806136,132190208,137338880
findling-rss 1790883870,127528960,2760704,810568,132280320,137338880
findling-rss 1790883872,127528960,2760704,806544,132526080,137338880
findling-rss 1790883874,127528960,2760704,806408,132272128,137338880
findling-rss 1790883876,127528960,2760704,804912,132177920,137338880
findling-rss 1790883878,127528960,2760704,806272,132292608,137338880
findling-rss 1790883880,127528960,2760704,805048,132165632,137338880
findling-rss 1790883882,127528960,2760704,805456,132276224,137338880
findling-rss 1790883884,127528960,2760704,805456,132382720,137338880
findling-rss 1790883886,127528960,2760704,806816,132145152,137338880
findling-rss 1790883888,145412096,7012352,1392808,156061696,156323840
findling-rss 1790883890,211816448,39157760,6140176,258850816,258850816
findling-rss 1790883892,233361408,63094784,8880808,307421184,307646464
findling-rss 1790883894,247754752,66256896,9288720,324919296,325566464
findling-rss 1790883896,246722560,67522560,9323176,325525504,327360512
findling-rss 1790883898,248119296,67710976,9356360,326811648,328032256
findling-rss 1790883900,252166144,68718592,9403656,332308480,333295616
findling-rss 1790883902,252596224,69648384,9452144,333533184,335187968
findling-rss 1790883904,253014016,70586368,9480176,334659584,336224256
findling-rss 1790883906,253435904,70795264,9512536,335675392,336699392
findling-rss 1790883908,174366720,72159232,9486424,257478656,340733952
findling-rss 1790883910,247087104,72024064,9714320,330862592,340733952
findling-rss 1790883912,251703296,72814592,9780752,335941632,340733952
findling-rss 1790883914,253779968,72531968,9678008,337592320,341032960
findling-rss 1790883916,254332928,72626176,9686392,338300928,342876160
findling-rss 1790883918,256446464,72900608,9715912,340840448,342876160
findling-rss 1790883920,259330048,73289728,9749176,344412160,344891392
findling-rss 1790883922,260673536,73682944,9799248,344522752,345976832
findling-rss 1790883924,262381568,73945088,9786832,347713536,349323264
findling-rss 1790883926,181624832,74440704,9760056,267268096,349728768
findling-rss 1790883928,237367296,74821632,9935696,323747840,349728768
findling-rss 1790883930,253198336,74637312,9956256,339521536,349728768
findling-rss 1790883932,255770624,74993664,9988896,342372352,349728768
findling-rss 1790883934,256851968,75575296,9905592,343965696,356044800
findling-rss 1790883936,259567616,75362304,9918840,347181056,356044800
findling-rss 1790883938,260259840,75558912,9992872,347660288,356044800
findling-rss 1790883940,260448256,75919360,10025216,348188672,356044800
findling-rss 1790883942,260866048,76292096,10057288,349048832,356044800
findling-rss 1790883944,163762176,76566528,9904168,277880832,356044800
findling-rss 1790883946,249954304,76623872,10186256,338771968,359788544
findling-rss 1790883948,254238720,76988416,10215728,343064576,359788544
findling-rss 1790883951,255352832,77144064,10228192,344588288,359788544
findling-rss 1790883953,257548288,77746176,10268672,347131904,359788544
findling-rss 1790883955,264654848,77586432,10226016,354324480,359788544
findling-rss 1790883957,264949760,77963264,10270520,355389440,359788544
findling-rss 1790883959,265293824,78172160,10270352,355778560,359788544
findling-rss 1790883961,265908224,78532608,10303000,356716544,359788544
findling-rss 1790883963,266080256,78880768,10334336,357236736,359788544
findling-rss 1790883965,236040192,79974400,10418160,328761344,359788544
findling-rss 1790883967,255582208,79577088,10533592,347656192,359788544
findling-rss 1790883969,257695744,79646720,10551592,349638656,359788544
findling-rss 1790883971,260173824,79835136,10567688,352440320,359788544
findling-rss 1790883973,260202496,80195584,10600576,352915456,359788544
findling-rss 1790883975,260591616,80367616,10508112,353398784,365498368
findling-rss 1790883977,264056832,80715776,10540392,357003264,365498368
findling-rss 1790883979,267276288,80863232,10550232,360550400,368504832
findling-rss 1790883981,267280384,81162240,10581304,360787968,368504832
findling-rss 1790883983,249626624,81297408,10679256,343240704,368504832
findling-rss 1790883985,254468096,81575936,10753904,348540928,368504832
findling-rss 1790883987,264376320,81776640,10799648,358871040,368504832
findling-rss 1790883989,264404992,82071552,10829456,359256064,368504832
findling-rss 1790883991,265687040,82231296,10852288,360386560,368504832
findling-rss 1790883993,264425472,82870272,10881384,359661568,368504832
findling-rss 1790883995,258064384,82649088,10778032,353423360,368504832
findling-rss 1790883997,258109440,83034112,10811320,353587200,368504832
findling-rss 1790883999,259383296,83591168,10827656,355565568,368504832
findling-rss 1790884001,233754624,83656704,10915528,330199040,368504832
findling-rss 1790884003,254308352,83963904,10954784,350830592,368504832
findling-rss 1790884005,255180800,84082688,10988400,352108544,368504832
findling-rss 1790884007,255496192,84398080,11019648,352772096,368504832
findling-rss 1790884009,257601536,84627456,11048784,355110912,368504832
findling-rss 1790884011,257662976,85315584,11068656,355364864,368504832
findling-rss 1790884013,259932160,85135360,11089840,357896192,368504832
findling-rss 1790884015,259960832,85229568,10998352,358195200,374571008
findling-rss 1790884017,260907008,85606400,11091320,359559168,374571008
findling-rss 1790884019,250167296,85655552,11187848,348942336,374571008
findling-rss 1790884021,254529536,85938176,11275520,353599488,374571008
findling-rss 1790884023,254578688,86147072,11301736,353951744,374571008
findling-rss 1790884025,259497984,86380544,11316960,358559744,374571008
findling-rss 1790884027,259379200,86736896,11351552,359383040,376295424
findling-rss 1790884029,263921664,87416832,11389656,364285952,376295424
findling-rss 1790884031,268468224,87347200,11381176,368971776,376295424
findling-rss 1790884033,257892352,87576576,11419808,358776832,376295424
findling-rss 1790884035,261349376,87846912,11332280,362319872,381415424
findling-rss 1790884037,221818880,87945216,11362544,322846720,381415424
findling-rss 1790884039,254939136,88350720,11469984,357044224,381415424
findling-rss 1790884041,255795200,88686592,11499000,357949440,381415424
findling-rss 1790884043,259928064,89001984,11505552,362360832,381415424
findling-rss 1790884045,256344064,89161728,11540000,359043072,381415424
findling-rss 1790884047,262733824,89853952,11580976,366133248,381415424
findling-rss 1790884049,263127040,89698304,11598024,366227456,381415424
findling-rss 1790884051,264269824,90025984,11664152,367771648,381415424
findling-rss 1790884053,264318976,90210304,11701344,368283648,381415424
findling-rss 1790884055,195358720,90628096,11573720,299085824,390488064
findling-rss 1790884057,251879424,90411008,11709528,355770368,390488064
findling-rss 1790884059,255041536,90779648,11743080,359694336,390488064
findling-rss 1790884061,256995328,91103232,11772960,361930752,390488064
findling-rss 1790884063,259006464,91418624,11840344,364199936,390488064
findling-rss 1790884065,259358720,91590656,11875272,365129728,390488064
findling-rss 1790884067,261341184,91930624,11906992,367046656,390488064
findling-rss 1790884069,261709824,92372992,11942256,367865856,390488064
findling-rss 1790884071,261881856,92680192,11966664,368619520,390488064
findling-rss 1790884073,196063232,93233152,11954968,302612480,390488064
findling-rss 1790884075,236249088,92889088,11947368,342933504,390488064
findling-rss 1790884077,255807488,93114368,11993784,363081728,390488064
findling-rss 1790884079,257597440,93540352,12028976,365215744,390488064
findling-rss 1790884081,265674752,93782016,12057064,373391360,390488064
findling-rss 1790884083,260734976,94179328,12070056,368914432,390488064
findling-rss 1790884085,262856704,94314496,12099976,371154944,390488064
findling-rss 1790884087,264663040,94613504,12130368,373211136,390488064
findling-rss 1790884089,264933376,94949376,12222936,374026240,390488064
findling-rss 1790884091,265039872,95334400,12234000,374489088,390488064
findling-rss 1790884093,237654016,95395840,12320920,346435584,390488064
findling-rss 1790884095,258002944,95543296,12360912,368451584,390488064
findling-rss 1790884097,259919872,95645696,12269712,369709056,395612160
findling-rss 1790884099,260796416,96071680,12363704,371126272,395612160
findling-rss 1790884101,261533696,96440320,12396864,372105216,395612160
findling-rss 1790884103,263598080,96604160,12405792,374321152,395612160
findling-rss 1790884105,263995392,96911360,12436016,375410688,401301504
findling-rss 1790884107,265834496,97239040,12468280,377507840,401301504
findling-rss 1790884109,265887744,97583104,12499632,377815040,401301504
findling-rss 1790884111,238080000,97665024,12554768,350105600,401301504
findling-rss 1790884113,260067328,97988608,12628520,372641792,401301504
findling-rss 1790884115,266702848,98168832,12641296,379330560,401301504
findling-rss 1790884117,263426048,98385920,12549496,376233984,407474176
findling-rss 1790884120,263606272,98795520,12645432,376782848,407474176
findling-rss 1790884122,264675328,99577856,12670528,378482688,407474176
findling-rss 1790884124,264732672,99454976,12691800,378761216,407474176
findling-rss 1790884126,265879552,99786752,12723360,380178432,407474176
findling-rss 1790884128,265900032,100134912,12754688,380755968,407474176
findling-rss 1790884130,218202112,100671488,12771320,333275136,407474176
findling-rss 1790884132,257073152,100511744,12879968,372654080,407474176
findling-rss 1790884134,263061504,100827136,12911008,378654720,407474176
findling-rss 1790884136,263802880,101015552,12984328,379600896,407474176
findling-rss 1790884138,263999488,101187584,12893696,379764736,413282304
findling-rss 1790884140,264683520,101957632,12938496,381509632,413282304
findling-rss 1790884142,265048064,101855232,12952752,381751296,413282304
findling-rss 1790884144,264126464,102014976,12962384,381075456,413282304
findling-rss 1790884146,264126464,102342656,12993632,381259776,413282304
findling-rss 1790884148,204472320,102957056,13001992,322060288,413282304
findling-rss 1790884150,262209536,103104512,13133088,380309504,413282304
findling-rss 1790884152,264003584,103100416,13153880,381992960,413282304
findling-rss 1790884154,263778304,103350272,13161376,382259200,413282304
findling-rss 1790884156,264716288,103550976,13255192,383373312,413282304
findling-rss 1790884158,266350592,104128512,13177848,385683456,418123776
findling-rss 1790884160,267030528,103997440,13196952,385503232,418123776
findling-rss 1790884162,267042816,104398848,13229008,386613248,418123776
findling-rss 1790884164,267362304,105000960,13252672,386908160,418123776
findling-rss 1790884166,182968320,105250816,13150408,303009792,418123776
findling-rss 1790884168,244125696,105144320,13389512,364281856,418123776
findling-rss 1790884170,261775360,105771008,13476424,382357504,418123776
findling-rss 1790884172,265633792,105668608,13497816,386686976,418123776
findling-rss 1790884174,266256384,106008576,13526536,387477504,418123776
findling-rss 1790884176,268369920,106168320,13551888,389820416,418123776
findling-rss 1790884178,269111296,106377216,13452016,391376896,426082304
findling-rss 1790884180,269455360,106704896,13479000,391573504,426082304
findling-rss 1790884182,269713408,107008000,13508352,392114176,426082304
findling-rss 1790884184,269737984,107536384,13530544,392253440,426082304
findling-rss 1790884186,239882240,107528192,13615704,362930176,426082304
findling-rss 1790884188,259448832,107921408,13657616,382812160,426082304
findling-rss 1790884190,259584000,108912640,13708384,382738432,426082304
findling-rss 1790884192,260825088,108167168,13768368,384520192,426082304
findling-rss 1790884194,261226496,108621824,13803320,385695744,426082304
findling-rss 1790884196,264761344,109023232,13825664,389378048,426082304
findling-rss 1790884198,265224192,109006848,13723368,389746688,430178304
findling-rss 1790884200,273358848,109326336,13760320,398499840,430178304
findling-rss 1790884202,273584128,109576192,13782912,398999552,430178304
findling-rss 1790884204,218005504,109973504,13800136,343244800,430178304
findling-rss 1790884206,258056192,109871104,13889304,383664128,430178304
findling-rss 1790884208,262426624,109973504,13917472,388382720,430178304
findling-rss 1790884210,263577600,110301184,13948240,389791744,430178304
findling-rss 1790884212,271151104,110645248,13980552,397541376,430178304
findling-rss 1790884214,271249408,111009792,13984824,398098432,430178304
findling-rss 1790884216,271257600,111136768,14021000,398479360,430178304
findling-rss 1790884218,271269888,111226880,13929112,398340096,440352768
findling-rss 1790884220,271622144,111501312,13958368,399077376,440352768
findling-rss 1790884222,176431104,111828992,13822336,303276032,440352768
findling-rss 1790884224,256405504,112365568,14102008,384200704,440352768
findling-rss 1790884226,259895296,112295936,14110520,388403200,440352768
findling-rss 1790884228,264187904,112709632,14140424,393289728,440352768
findling-rss 1790884230,264626176,113016832,14171704,394162176,440352768
findling-rss 1790884232,264761344,113340416,14260216,394248192,440352768
findling-rss 1790884234,264970240,113516544,14270568,394653696,440352768
findling-rss 1790884236,270405632,113848320,14302272,400388096,440352768
findling-rss 1790884238,266227712,113975296,14208744,396382208,441774080
findling-rss 1790884240,268259328,114384896,14242976,398868480,441774080
findling-rss 1790884242,256516096,114421760,14341368,387321856,441774080
findling-rss 1790884244,260067328,114741248,14371304,390881280,441774080
findling-rss 1790884246,263782400,115064832,14375952,395055104,441774080
findling-rss 1790884248,264118272,115232768,14412424,395534336,441774080
findling-rss 1790884250,264478720,115601408,14445672,396304384,441774080
findling-rss 1790884252,264482816,115851264,14474312,396734464,441774080
findling-rss 1790884254,263688192,116174848,14506120,396115968,441774080
findling-rss 1790884256,266735616,116269056,14519032,399462400,441774080
findling-rss 1790884258,172126208,116801536,14335480,304259072,447180800
findling-rss 1790884260,257826816,116506624,14583120,390901760,447180800
findling-rss 1790884262,260771840,116944896,14676112,394452992,447180800
findling-rss 1790884264,261607424,117325824,14710848,395624448,447180800
findling-rss 1790884266,262369280,118132736,14754912,397000704,447180800
findling-rss 1790884268,263081984,118312960,14766352,398020608,447180800
findling-rss 1790884270,264097792,118530048,14794648,399056896,447180800
findling-rss 1790884272,266047488,118562816,14817368,401317888,447180800
findling-rss 1790884274,267149312,118947840,14848664,402931712,447180800
findling-rss 1790884276,178081792,119463936,14758504,313085952,447180800
findling-rss 1790884278,249479168,119549952,14855640,385691648,447180800
findling-rss 1790884280,262868992,119443456,14927824,399126528,447180800
findling-rss 1790884282,268713984,119795712,14960424,405094400,447180800
findling-rss 1790884284,262324224,120098816,14990656,399446016,447180800
findling-rss 1790884286,260841472,120946688,15037920,398684160,447180800
findling-rss 1790884288,263090176,119078912,14992640,398995456,447180800
findling-rss 1790884290,270233600,118992896,15011408,406134784,447180800
findling-rss 1790884292,268070912,119214080,15040432,404180992,447180800
findling-rss 1790884294,272142336,121741312,15082744,410226688,447180800
findling-rss 1790884296,259887104,121479168,15169840,398307328,447180800
findling-rss 1790884298,260501504,122032128,15061400,399253504,453877760
findling-rss 1790884300,261009408,121896960,15034232,399704064,453877760
findling-rss 1790884302,260554752,122023936,15070336,399495168,453877760
findling-rss 1790884305,263593984,122486784,15069536,402935808,453877760
findling-rss 1790884307,265314304,123248640,15101400,405618688,453877760
findling-rss 1790884309,265678848,123539456,15130880,406282240,453877760
findling-rss 1790884311,265940992,123686912,15233960,406925312,453877760
findling-rss 1790884313,266149888,123559936,15162808,406945792,453877760
findling-rss 1790884315,257052672,123609088,15262160,397914112,453877760
findling-rss 1790884317,260919296,124014592,15293424,402022400,453877760
findling-rss 1790884319,262844416,126275584,15395592,406761472,463011840
findling-rss 1790884321,266457088,124477440,15348272,408072192,463011840
findling-rss 1790884323,266477568,124678144,15377720,408526848,463011840
findling-rss 1790884325,270807040,125362176,15420112,413552640,463011840
findling-rss 1790884327,270962688,125263872,15486224,414842880,463011840
findling-rss 1790884329,270852096,125566976,15439400,413777920,463011840
findling-rss 1790884331,270901248,125669376,15469832,414167040,463011840
findling-rss 1790884333,224718848,126906368,15485400,368705536,463011840
findling-rss 1790884335,260816896,126623744,15592656,405037056,463011840
findling-rss 1790884337,264945664,126984192,15686504,409313280,463011840
findling-rss 1790884339,267202560,126947328,15596200,411484160,470667264
findling-rss 1790884341,267313152,127148032,15600272,412020736,470667264
findling-rss 1790884343,355966976,152293376,16154712,526737408,528109568
findling-rss 1790884345,382758912,152473600,16153096,553631744,554737664
findling-rss 1790884347,390090752,153833472,16152832,562417664,562417664
findling-rss 1790884349,409522176,153833472,16156488,581783552,583516160
findling-rss 1790884351,759791616,151044096,15436208,927252480,928301056
findling-rss 1790884353,1296986112,212226048,14172416,1527705600,1566650368
findling-rss 1790884355,1401593856,195878912,14185224,1616011264,1620242432
findling-rss 1790884357,1496096768,186986496,14317808,1702047744,1702047744
findling-rss 1790884359,1498517504,181219328,14316848,1698484224,1703882752
findling-rss 1790884361,1494196224,181415936,14350360,1694539776,1703882752
findling-rss 1790884363,1495781376,181788672,14354360,1696612352,1703882752
findling-rss 1790884365,1404715008,178733056,14222856,1602048000,1703882752
findling-rss 1790884367,1428996096,179298304,14343512,1627258880,1703882752
findling-rss 1790884369,1496436736,179298304,14346912,1694941184,1703882752
findling-rss 1790884371,1429770240,179302400,14362904,1627795456,1703882752
findling-rss 1790884373,1497784320,179302400,14368232,1695956992,1703882752
findling-rss 1790884375,1408421888,178995200,14248264,1605984256,1703882752
findling-rss 1790884377,1409155072,180613120,14258680,1608265728,1703882752
findling-rss 1790884379,1500676096,181121024,14380336,1700900864,1703882752
findling-rss 1790884381,1501433856,181121024,14377104,1701572608,1703882752
findling-rss 1790884383,1502691328,181137408,14396120,1702723584,1703882752
findling-rss 1790884385,1502691328,181137408,14395472,1702682624,1704296448
findling-rss 1790884387,1408987136,180936704,14280664,1608437760,1704296448
findling-rss 1790884389,1481912320,181526528,14404808,1673732096,1704296448
findling-rss 1790884391,1501966336,181526528,14405216,1702318080,1704296448
findling-rss 1790884393,1481936896,181530624,14423744,1682538496,1704296448
findling-rss 1790884395,1502515200,181530624,14425512,1703067648,1705082880
findling-rss 1790884397,1411072000,181256192,14302672,1610776576,1705082880
findling-rss 1790884399,1354981376,181579776,14306608,1555083264,1705082880
findling-rss 1790884401,1504030720,181932032,14432352,1704865792,1705267200
findling-rss 1790884403,1482047488,181932032,14433168,1683156992,1710624768
findling-rss 1790884405,1503186944,181932032,14450520,1704407040,1710624768
findling-rss 1790884407,1354989568,178716672,14281864,1552011264,1710624768
findling-rss 1790884409,1412620288,178946048,14287208,1610080256,1710624768
findling-rss 1790884411,1502867456,223633408,15760112,1746862080,1781215232
findling-rss 1790884413,1503948800,223633408,15760656,1748058112,1781215232
findling-rss 1790884415,1504210944,223645696,15788440,1748353024,1781215232
findling-rss 1790884417,1504608256,223645696,15772648,1748910080,1781215232
findling-rss 1790884419,1411477504,223440896,15657936,1655070720,1781215232
findling-rss 1790884421,1449140224,224026624,15779400,1693376512,1781215232
findling-rss 1790884423,1502535680,224026624,15780040,1747001344,1781215232
findling-rss 1790884425,1483415552,224038912,15798432,1727991808,1781215232
findling-rss 1790884427,1509199872,224038912,15799248,1753669632,1781215232
findling-rss 1790884429,1412759552,223764480,15680520,1656627200,1781215232
findling-rss 1790884431,1355145216,224067584,15680336,1599123456,1781215232
findling-rss 1790884433,1503649792,224423936,15804720,1748561920,1781215232
findling-rss 1790884435,1503649792,224423936,15804584,1748676608,1781215232
findling-rss 1790884437,1503662080,224415744,15821960,1748668416,1781215232
findling-rss 1790884439,1412751360,224067584,15701672,1656791040,1781215232
findling-rss 1790884441,1412542464,224272384,15709224,1656778752,1781215232
findling-rss 1790884443,1495597056,224780288,15831648,1739649024,1781215232
findling-rss 1790884445,1503895552,224780288,15831104,1749413888,1781215232
findling-rss 1790884447,1502261248,221102080,15793840,1743810560,1781215232
findling-rss 1790884449,1503924224,221102080,15794520,1745281024,1781215232
findling-rss 1790884451,1412763648,220868608,15677888,1653510144,1781215232
findling-rss 1790884453,1355149312,221138944,15680288,1596194816,1781215232
findling-rss 1790884455,1503244288,221495296,15803848,1745338368,1781215232
findling-rss 1790884457,1407582208,221495296,15713368,1648181248,1781215232
findling-rss 1790884459,1503637504,221495296,15824296,1745813504,1781215232
findling-rss 1790884461,1355157504,221147136,15699320,1596186624,1781215232
findling-rss 1790884463,1410682880,221396992,15707152,1652011008,1781215232
findling-rss 1790884465,1503064064,221892608,15831928,1745485824,1781215232
findling-rss 1790884467,1505304576,221892608,15832608,1747869696,1781215232
findling-rss 1790884469,1484668928,221884416,15853432,1727041536,1781215232
findling-rss 1790884471,1490542592,221884416,15854792,1732825088,1781215232
findling-rss 1790884473,1453314048,221716480,15738680,1695244288,1781215232
findling-rss 1790884475,1491156992,222277632,15861104,1734049792,1781215232
findling-rss 1790884477,1511579648,218607616,15863800,1750781952,1781215232
findling-rss 1790884479,1491144704,218603520,15883216,1730072576,1781215232
findling-rss 1790884481,1513406464,218603520,15882640,1752727552,1781215232
findling-rss 1790884483,1419472896,218312704,15761512,1657847808,1781215232
findling-rss 1790884486,1362923520,218488832,15767328,1601552384,1781215232
findling-rss 1790884488,1511215104,218804224,15838528,1750589440,1781215232
findling-rss 1790884490,1511223296,218804224,15835600,1750577152,1781215232
findling-rss 1790884492,1573769216,211697664,16122320,1806213120,1807974400
findling-rss 1790884494,1576939520,211697664,16120960,1809440768,1809440768
findling-rss 1790884496,1408221184,211750912,16013800,1640468480,1809440768
findling-rss 1790884498,1477091328,212295680,16140752,1707798528,1809440768
findling-rss 1790884500,1513615360,212295680,16141888,1746112512,1809440768
findling-rss 1790884502,1492021248,212312064,16153688,1725218816,1809440768
findling-rss 1790884504,1512644608,212312064,16153576,1745862656,1809440768
findling-rss 1790884506,1421365248,212013056,16036760,1653661696,1809440768
findling-rss 1790884508,1381728256,212131840,16038512,1653932032,1809440768
findling-rss 1790884510,1511059456,212635648,16168384,1744523264,1809440768
findling-rss 1790884512,1517961216,212635648,16167936,1751597056,1809440768
findling-rss 1790884514,1511043072,212643840,16186912,1744539648,1809440768
findling-rss 1790884516,1512648704,212643840,16191208,1746472960,1809440768
findling-rss 1790884518,1420115968,212447232,16071944,1653039104,1809440768
findling-rss 1790884520,1455349760,213430272,16205920,1689554944,1809440768
findling-rss 1790884522,1513160704,213430272,16209056,1747525632,1809440768
findling-rss 1790884524,1465937920,213417984,16225752,1700220928,1809440768
findling-rss 1790884526,1512370176,213417984,16223904,1746984960,1809440768
findling-rss 1790884528,1420988416,213094400,16104944,1654497280,1809440768
findling-rss 1790884530,1421410304,213135360,16105656,1655050240,1809440768
findling-rss 1790884532,1512787968,213524480,16226832,1747279872,1809440768
findling-rss 1790884534,1512787968,213524480,16225232,1747218432,1809440768
findling-rss 1790884536,1511682048,213524480,16244736,1746079744,1809440768
findling-rss 1790884538,1497628672,213524480,16244424,1749749760,1809440768
findling-rss 1790884540,1363800064,213221376,16125272,1597321216,1809440768
findling-rss 1790884542,1492086784,210268160,16244744,1723539456,1809440768
findling-rss 1790884544,1513111552,175034368,15488600,1708376064,1809440768
findling-rss 1790884546,1492049920,175026176,15508040,1687306240,1809440768
findling-rss 1790884548,1513107456,175026176,15513432,1707859968,1809440768
findling-rss 1790884550,1419755520,174972928,15391288,1614315520,1809440768
findling-rss 1790884552,1409044480,175517696,15407792,1602531328,1809440768
findling-rss 1790884554,1511718912,175517696,15518328,1707573248,1809440768
findling-rss 1790884556,1416257536,175521792,15429192,1611673600,1809440768
findling-rss 1790884558,1512259584,175521792,15538088,1708302336,1809440768
findling-rss 1790884560,1421033472,175312896,15416536,1615994880,1809440768
findling-rss 1790884562,1421271040,175464448,15422040,1616400384,1809440768
findling-rss 1790884564,1512587264,197623808,16025240,1730428928,1809440768
findling-rss 1790884566,1512689664,197623808,16023440,1730875392,1809440768
findling-rss 1790884568,1511620608,197611520,16040360,1730064384,1809440768
findling-rss 1790884570,1512341504,197611520,16040224,1730727936,1809440768
findling-rss 1790884572,1368698880,197378048,15925192,1582764032,1809440768
findling-rss 1790884574,1402626048,198029312,15935896,1619730432,1809440768
findling-rss 1790884576,1512493056,198029312,16047360,1731366912,1809440768
findling-rss 1790884578,1416310784,198029312,15959408,1634729984,1809440768
findling-rss 1790884580,1512792064,198029312,16065736,1731629056,1809440768
findling-rss 1790884582,1363890176,197718016,15947464,1581711360,1809440768
findling-rss 1790884584,1421504512,197869568,15956248,1639710720,1809440768
findling-rss 1790884586,1512251392,198426624,16077960,1731346432,1809440768
findling-rss 1790884588,1512841216,198426624,16077928,1732075520,1809440768
findling-rss 1790884590,1511309312,198426624,16095344,1730736128,1809440768
findling-rss 1790884592,1516830720,198426624,16092792,1736183808,1809440768
findling-rss 1790884594,1421500416,198189056,15975344,1639911424,1809440768
findling-rss 1790884596,1443831808,198823936,16102392,1662951424,1809440768
findling-rss 1790884598,1512312832,198823936,16102328,1732001792,1809440768
findling-rss 1790884600,1456324608,198823936,16119584,1676054528,1809440768
findling-rss 1790884602,1512402944,198823936,16121992,1732149248,1809440768
findling-rss 1790884604,1373724672,198533120,16002064,1588617216,1809440768
findling-rss 1790884606,1421516800,198721536,16008576,1640779776,1809440768
findling-rss 1790884608,1512005632,199208960,16130712,1732386816,1809440768
findling-rss 1790884610,1513820160,199208960,16129176,1733799936,1809440768
findling-rss 1790884612,1511854080,199208960,16148728,1732083712,1809440768
findling-rss 1790884614,1516888064,199208960,16147912,1737093120,1809440768
findling-rss 1790884616,1421516800,199016448,16032824,1640779776,1809440768
findling-rss 1790884618,1466019840,200417280,16158104,1687134208,1809440768
findling-rss 1790884620,1512361984,200417280,16161312,1733681152,1809440768
findling-rss 1790884622,1492172800,200421376,16174200,1713332224,1809440768
findling-rss 1790884624,1512038400,200421376,16173864,1733128192,1809440768
findling-rss 1790884626,1421524992,200138752,16056520,1642057728,1809440768
findling-rss 1790884628,1363914752,200339456,16061760,1641832448,1809440768
findling-rss 1790884630,1512067072,200802304,16182816,1734004736,1809440768
findling-rss 1790884632,1512116224,200802304,16181864,1734033408,1809440768
findling-rss 1790884634,1514094592,200806400,16199280,1735733248,1809440768
findling-rss 1790884636,1363918848,200458240,16081280,1585004544,1809440768
findling-rss 1790884638,1420902400,200634368,16084872,1642078208,1809440768
findling-rss 1790884640,1492197376,201003008,16092848,1714098176,1809440768
findling-rss 1790884642,1511890944,201003008,16093664,1733746688,1809440768
findling-rss 1790884644,1492357120,201003008,16114080,1714266112,1809440768
findling-rss 1790884646,1512448000,201003008,16113240,1734451200,1809440768
findling-rss 1790884648,1419423744,200777728,16028448,1640787968,1809440768
findling-rss 1790884650,1416527872,201400320,16011736,1638338560,1809440768
findling-rss 1790884652,1511993344,201400320,16120528,1734111232,1809440768
findling-rss 1790884654,1416527872,201400320,16030448,1638408192,1809440768
findling-rss 1790884656,1512423424,201400320,16136984,1734844416,1809440768
findling-rss 1790884658,1364111360,201076736,16016800,1585549312,1809440768
findling-rss 1790884660,1408548864,201125888,16019344,1613602816,1809440768
findling-rss 1790884662,1511510016,201596928,16141704,1733988352,1809440768
findling-rss 1790884664,1512259584,201596928,16141832,1734668288,1809440768
findling-rss 1790884666,1512947712,201596928,16160256,1735622656,1809440768
findling-rss 1790884668,1513746432,201596928,16160528,1736228864,1809440768
findling-rss 1790884670,1364119552,201408512,16045632,1585864704,1809440768
findling-rss 1790884672,1492328448,201920512,16167424,1714970624,1809440768
findling-rss 1790884675,1511424000,201920512,16169152,1734172672,1809440768
findling-rss 1790884677,1492357120,201920512,16188248,1715298304,1809440768
findling-rss 1790884679,1512787968,201920512,16188752,1735876608,1809440768
findling-rss 1790884681,1421733888,201691136,16075344,1644011520,1809440768
findling-rss 1790884683,1397846016,202317824,16095624,1620533248,1809440768
findling-rss 1790884685,1512845312,202317824,16195928,1736192000,1809440768
findling-rss 1790884687,1416544256,202317824,16107632,1639489536,1809440768
findling-rss 1790884689,1512173568,202317824,16216656,1735278592,1809440768
findling-rss 1790884691,1420271616,202010624,16096920,1642622976,1809440768
findling-rss 1790884693,1364131840,202227712,16101112,1586548736,1809440768
findling-rss 1790884695,1492344832,202752000,16224080,1715814400,1809440768
findling-rss 1790884697,1512001536,202752000,16224936,1735872512,1809440768
findling-rss 1790884699,1508655104,202760192,16240608,1732096000,1809440768
findling-rss 1790884701,1511956480,202760192,16242264,1735958528,1809440768
findling-rss 1790884703,1421537280,202530816,16125832,1644404736,1809440768
findling-rss 1790884705,1416560640,203313152,16144296,1640255488,1809440768
findling-rss 1790884707,1515565056,203313152,16258008,1739661312,1809440768
findling-rss 1790884709,1416556544,203309056,16164616,1640435712,1809440768
findling-rss 1790884711,1511628800,203309056,16285736,1735880704,1809440768
findling-rss 1790884713,1364647936,202973184,16154408,1588203520,1809440768
findling-rss 1790884715,1422274560,203014144,16153424,1645867008,1809440768
findling-rss 1790884717,1511301120,203321344,16158216,1735458816,1809440768
findling-rss 1790884719,1512787968,203321344,16160648,1736941568,1809440768
findling-rss 1790884721,1513545728,203325440,16178272,1737809920,1809440768
findling-rss 1790884723,1513545728,203325440,16178952,1737986048,1809440768
findling-rss 1790884725,1422295040,203010048,16059104,1645920256,1809440768
findling-rss 1790884727,1427582976,203481088,16179200,1651523584,1809440768
findling-rss 1790884729,1515016192,203481088,16181432,1739493376,1809440768
findling-rss 1790884731,1444982784,203468800,16197304,1669148672,1809440768
findling-rss 1790884733,1512472576,203468800,16259256,1737814016,1809440768
findling-rss 1790884735,1422295040,203145216,16076784,1646034944,1809440768
findling-rss 1790884737,1422090240,203186176,16079128,1645744128,1809440768
findling-rss 1790884739,1512218624,203644928,16199400,1736957952,1809440768
findling-rss 1790884741,1512235008,203644928,16204888,1736990720,1809440768
findling-rss 1790884743,1512259584,203653120,16214712,1737007104,1809440768
findling-rss 1790884745,1512636416,203653120,16213080,1737261056,1809440768
findling-rss 1790884747,1421058048,203341824,16095928,1644826624,1809440768
findling-rss 1790884749,1484222464,203825152,16250880,1702772736,1809440768
findling-rss 1790884751,1512796160,203825152,16215960,1737707520,1809440768
findling-rss 1790884753,1492926464,203825152,16232696,1717751808,1809440768
findling-rss 1790884755,1512910848,203825152,16234584,1737953280,1809440768
findling-rss 1790884757,1422319616,203476992,16115536,1646219264,1809440768
findling-rss 1790884759,1364721664,203591680,16108288,1588695040,1809440768
findling-rss 1790884761,1513271296,203943936,16236160,1738326016,1809440768
findling-rss 1790884763,1514315776,203943936,16235480,1739210752,1809440768
findling-rss 1790884765,1512976384,203939840,16252360,1738108928,1809440768
findling-rss 1790884767,1364721664,203599872,16133744,1588645888,1809440768
findling-rss 1790884769,1421705216,203640832,16135928,1645764608,1809440768
findling-rss 1790884771,1512402944,204128256,16257000,1737314304,1809440768
findling-rss 1790884773,1513762816,204128256,16257368,1738756096,1809440768
findling-rss 1790884775,1495093248,205758464,16306800,1721929728,1809440768
findling-rss 1790884777,1502056448,205758464,16305984,1728999424,1809440768
findling-rss 1790884779,1456734208,204259328,16156936,1673822208,1809440768
findling-rss 1790884781,1399136256,204357632,16148560,1623920640,1809440768
findling-rss 1790884783,1514131456,204713984,16280712,1739116544,1809440768
findling-rss 1790884785,1501184000,204713984,16276000,1744515072,1809440768
findling-rss 1790884787,1512300544,204705792,16295832,1738117120,1809440768
findling-rss 1790884789,1517862912,204705792,16293560,1743880192,1809440768
findling-rss 1790884791,1387343872,204357632,16172712,1607172096,1809440768
findling-rss 1790884793,1510375424,204574720,16179896,1735778304,1809440768
findling-rss 1790884795,1513406464,204574720,16179624,1738932224,1809440768
findling-rss 1790884797,1512083456,204570624,16197928,1737416704,1809440768
findling-rss 1790884799,1515032576,204570624,16197928,1740509184,1809440768
findling-rss 1790884801,1421537280,204230656,16077432,1646120960,1809440768
findling-rss 1790884803,1404674048,205049856,16097176,1628712960,1809440768
findling-rss 1790884805,1513033728,205049856,16209184,1739071488,1809440768
findling-rss 1790884807,1426956288,205049856,16100528,1652609024,1809440768
findling-rss 1790884809,1522540544,205049856,16207032,1748774912,1809440768
findling-rss 1790884811,1426817024,204709888,16216736,1652035584,1809440768
findling-rss 1790884813,1513926656,204709888,16216424,1739456512,1809440768
findling-rss 1790884815,1421750272,204353536,16096840,1646448640,1809440768
findling-rss 1790884817,1421332480,204378112,16098192,1645989888,1809440768
findling-rss 1790884819,1512566784,204775424,16220552,1738362880,1809440768
findling-rss 1790884821,1512566784,204775424,16221368,1738252288,1809440768
findling-rss 1790884823,1513099264,204791808,16239144,1738907648,1809440768
findling-rss 1790884825,1513828352,204791808,16239824,1739640832,1809440768
findling-rss 1790884827,1422180352,204468224,16120592,1647185920,1809440768
findling-rss 1790884829,1418403840,204910592,16220928,1642610688,1809440768
findling-rss 1790884831,1512800256,204910592,16245624,1738850304,1809440768
findling-rss 1790884833,1426522112,206102528,16290872,1653092352,1809440768
findling-rss 1790884835,1496727552,206102528,16293280,1723883520,1809440768
findling-rss 1790884837,1455939584,204558336,16141136,1681031168,1809440768
findling-rss 1790884839,1456779264,204558336,16140896,1682051072,1809440768
findling-rss 1790884841,1512132608,204967936,16261848,1738043392,1809440768
findling-rss 1790884843,1513058304,204967936,16261304,1738739712,1809440768
findling-rss 1790884845,1512775680,204967936,16279088,1738944512,1809440768
findling-rss 1790884847,1512775680,204967936,16279728,1738522624,1809440768
findling-rss 1790884849,1420918784,204619776,16160768,1645916160,1809440768
findling-rss 1790884851,1493020672,205000704,16276160,1719140352,1809440768
findling-rss 1790884854,1513181184,205000704,16278640,1739251712,1809440768
findling-rss 1790884856,1493053440,205004800,16295432,1718984704,1809440768
findling-rss 1790884858,1513553920,205004800,16297864,1739542528,1809440768
findling-rss 1790884860,1422405632,204648448,16179096,1647611904,1809440768
findling-rss 1790884862,1364791296,205352960,16211288,1590611968,1809440768
findling-rss 1790884864,1513807872,205709312,16330584,1740705792,1809440768
findling-rss 1790884866,1410981888,205705216,16238488,1635987456,1809440768
findling-rss 1790884868,1512607744,205705216,16346648,1739288576,1809440768
findling-rss 1790884870,1364787200,205352960,16226472,1590669312,1809440768
findling-rss 1790884872,1364787200,205352960,16226336,1590706176,1809440768
findling-rss 1790884874,1513259008,205570048,16227992,1739517952,1809440768
findling-rss 1790884876,1513377792,205570048,16234808,1739907072,1809440768
findling-rss 1790884878,1512632320,207683584,16303840,1741443072,1809440768
findling-rss 1790884880,1513119744,207683584,16305200,1741754368,1809440768
findling-rss 1790884882,1523245056,207683584,16303568,1752145920,1809440768
findling-rss 1790884884,1523314688,207683584,16338624,1752678400,1809440768
findling-rss 1790884886,1523585024,207683584,16304792,1752236032,1809440768
findling-rss 1790884888,1524387840,207683584,16304384,1753223168,1809440768
findling-rss 1790884890,1523122176,207683584,16304224,1751719936,1809440768
findling-rss 1790884892,1527402496,207683584,16306336,1756344320,1809440768
findling-rss 1790884894,1524355072,207683584,16305992,1753333760,1809440768
findling-rss 1790884896,1429094400,207683584,16200064,1657348096,1809440768
findling-rss 1790884898,1526063104,207683584,16255800,1754841088,1809440768
findling-rss 1790884900,1441697792,207683584,16253416,1670180864,1809440768
findling-rss 1790884902,1526607872,207683584,16256840,1755308032,1809440768
findling-rss 1790884904,1366921216,205754368,16093376,1593057280,1809440768
findling-rss 1790884906,1424322560,205754368,16094440,1650487296,1809440768
findling-rss 1790884908,1515413504,206135296,16213352,1742471168,1809440768
findling-rss 1790884910,1516392448,206135296,16213624,1743581184,1809440768
findling-rss 1790884912,1513431040,206139392,16233208,1740533760,1809440768
findling-rss 1790884914,1513431040,206139392,16230792,1740566528,1809440768
findling-rss 1790884916,1329676288,205783040,15877176,1555103744,1809440768
findling-rss 1790884918,1304289280,206344192,16234448,1530597376,1809440768
findling-rss 1790884920,1448267776,206725120,16444176,1675788288,1809440768
findling-rss 1790884922,1452474368,206725120,16458640,1680211968,1809440768
findling-rss 1790884924,1482715136,206733312,16460040,1710358528,1809440768
findling-rss 1790884926,1482829824,206733312,16460040,1710374912,1809440768
findling-rss 1790884928,1352368128,206376960,16337608,1619095552,1809440768
findling-rss 1790884930,1475207168,206757888,16458048,1703084032,1809440768
findling-rss 1790884932,1482416128,206757888,16459408,1710272512,1809440768
findling-rss 1790884934,1479663616,206761984,16475920,1707245568,1809440768
findling-rss 1790884936,1483001856,206761984,16477144,1710764032,1809440768
findling-rss 1790884938,1392431104,206405632,16356720,1619316736,1809440768
findling-rss 1790884940,1386885120,206786560,16364208,1614163968,1809440768
findling-rss 1790884942,1482723328,206786560,16476720,1710649344,1809440768
findling-rss 1790884944,1386893312,206790656,16386056,1614471168,1809440768
findling-rss 1790884946,1482784768,206790656,16493432,1710915584,1809440768
findling-rss 1790884948,1334833152,206434304,16373848,1561845760,1809440768
findling-rss 1790884950,1390358528,206434304,16373552,1617367040,1809440768
findling-rss 1790884952,1481830400,206815232,16491976,1709764608,1809440768
findling-rss 1790884954,1487998976,206815232,16492392,1715740672,1809440768
findling-rss 1790884956,1482203136,206807040,16509224,1710317568,1809440768
findling-rss 1790884958,1482952704,206807040,16510584,1711005696,1809440768
findling-rss 1790884960,1392447488,206462976,16389568,1619451904,1809440768
findling-rss 1790884962,1413771264,206848000,16506976,1641611264,1809440768
findling-rss 1790884964,1483051008,206848000,16508160,1711022080,1809440768
findling-rss 1790884966,1426968576,206856192,16527520,1655001088,1809440768
findling-rss 1790884968,1482276864,206856192,16525488,1710133248,1809440768
findling-rss 1790884970,1392029696,206499840,16406808,1618952192,1809440768
findling-rss 1790884972,1389948928,206499840,16407896,1617293312,1809440768
findling-rss 1790884974,1482792960,206721024,16460904,1710637056,1809440768
findling-rss 1790884976,1483386880,206721024,16459008,1711124480,1809440768
findling-rss 1790884978,1546280960,207138816,16502288,1774845952,1809440768
findling-rss 1790884980,1549082624,207138816,16502928,1777594368,1809440768
findling-rss 1790884982,1437499392,206995456,16385432,1665368064,1809440768
findling-rss 1790884984,1463840768,207376384,16503160,1692278784,1809440768
findling-rss 1790884986,1484140544,207376384,16502072,1712726016,1809440768
findling-rss 1790884988,1463857152,207376384,16519512,1692348416,1809440768
findling-rss 1790884990,1483870208,207376384,16521080,1712467968,1809440768
findling-rss 1790884992,1392316416,207024128,16397944,1620004864,1809440768
findling-rss 1790884994,1362391040,207417344,16376528,1583697920,1809440768
findling-rss 1790884996,1483599872,207417344,16489304,1711951872,1809440768
findling-rss 1790884998,1335963648,207052800,16387800,1563443200,1809440768
findling-rss 1790885000,1486540800,207409152,16508224,1715126272,1809440768
findling-rss 1790885002,1335963648,207052800,16387008,1563459584,1809440768
findling-rss 1790885004,1393577984,207052800,16386600,1621233664,1809440768
findling-rss 1790885006,1483272192,207433728,16505144,1711783936,1809440768
findling-rss 1790885008,1487712256,207433728,16505008,1716228096,1809440768
findling-rss 1790885010,1466425344,208596992,16558024,1696313344,1809440768
findling-rss 1790885012,1467256832,208596992,16555560,1697243136,1809440768
findling-rss 1790885014,1428201472,207081472,16404112,1656070144,1809440768
findling-rss 1790885016,1414561792,207466496,16520128,1635577856,1809440768
findling-rss 1790885018,1484214272,207466496,16522496,1712918528,1809440768
findling-rss 1790885020,1427984384,207458304,16537640,1656508416,1809440768
findling-rss 1790885022,1487523840,207458304,16539600,1716154368,1809440768
findling-rss 1790885024,1384308736,207110144,16419176,1612201984,1809440768
findling-rss 1790885026,1393184768,207110144,16417168,1621020672,1809440768
findling-rss 1790885028,1483849728,207491072,16536664,1712705536,1809440768
findling-rss 1790885030,1486991360,207491072,16536256,1715879936,1809440768
findling-rss 1790885032,1483227136,207491072,16553744,1711947776,1809440768
findling-rss 1790885034,1485721600,207491072,16555104,1714671616,1809440768
findling-rss 1790885036,1390817280,207138816,16433048,1618632704,1809440768
findling-rss 1790885038,1463902208,207527936,16551632,1692532736,1809440768
findling-rss 1790885040,1483808768,207527936,16553560,1712656384,1809440768
findling-rss 1790885042,1463889920,207519744,16569552,1692581888,1809440768
findling-rss 1790885044,1483771904,207519744,16571392,1712562176,1809440768
findling-rss 1790885046,1393184768,207167488,16449744,1621143552,1809440768
findling-rss 1790885048,1335992320,263491584,18121200,1621762048,1809440768
findling-rss 1790885051,1483669504,207376384,16484808,1712013312,1809440768
findling-rss 1790885053,1388060672,207372288,16395568,1616097280,1809440768
findling-rss 1790885055,1483051008,207372288,16501008,1711804416,1809440768
findling-rss 1790885057,1382400000,207024128,16379184,1610002432,1809440768
findling-rss 1790885059,1392558080,207024128,16380544,1620385792,1809440768
findling-rss 1790885061,1483894784,207409152,16500368,1712623616,1809440768
findling-rss 1790885063,1490857984,207409152,16499920,1719463936,1809440768
findling-rss 1790885065,1483259904,207409152,16518816,1711828992,1809440768
findling-rss 1790885067,1483485184,207409152,16518992,1711747072,1809440768
findling-rss 1790885069,1336000512,207052800,16397072,1563561984,1809440768
findling-rss 1790885071,1399353344,207437824,16515336,1627791360,1809440768
findling-rss 1790885073,1483612160,207437824,16517064,1711951872,1809440768
findling-rss 1790885075,1423007744,207429632,16532304,1648955392,1809440768
findling-rss 1790885077,1484058624,207429632,16533936,1712689152,1809440768
findling-rss 1790885079,1386287104,207081472,16414968,1613910016,1809440768
findling-rss 1790885081,1393651712,207114240,16416408,1621573632,1809440768
findling-rss 1790885083,1483182080,207491072,16533776,1711865856,1809440768
findling-rss 1790885085,1483673600,207491072,16533096,1712320512,1809440768
findling-rss 1790885087,1483571200,207486976,16553016,1712300032,1809440768
findling-rss 1790885089,1483616256,207486976,16551832,1712312320,1809440768
findling-rss 1790885091,1393238016,207142912,16432288,1621065728,1809440768
findling-rss 1790885093,1463955456,207527936,16550136,1692536832,1809440768
findling-rss 1790885095,1483849728,207527936,16551232,1712627712,1809440768
findling-rss 1790885097,1463963648,207536128,16568000,1692696576,1809440768
findling-rss 1790885099,1486651392,207536128,16573856,1715503104,1809440768
findling-rss 1790885101,1393668096,207171584,16452896,1621635072,1809440768
findling-rss 1790885103,1336053760,207200256,16444208,1563910144,1809440768
findling-rss 1790885105,1483698176,207564800,16569024,1712570368,1809440768
findling-rss 1790885107,1349468160,207552512,16478400,1574830080,1809440768
findling-rss 1790885109,1484357632,207552512,16586336,1713061888,1809440768
findling-rss 1790885111,1393676288,207200256,16465816,1621639168,1809440768
findling-rss 1790885113,1392422912,207200256,16495528,1621422080,1809440768
findling-rss 1790885115,1481793536,207589376,16581472,1710596096,1809440768
findling-rss 1790885117,1486295040,207589376,16584176,1715101696,1809440768
findling-rss 1790885119,1481498624,207577088,16601760,1710440448,1809440768
findling-rss 1790885121,1483911168,207577088,16597984,1712824320,1809440768
findling-rss 1790885123,1393463296,207228928,16479824,1621618688,1809440768
findling-rss 1790885125,1355735040,265330688,18185216,1637224448,1809440768
findling-rss 1790885127,1484206080,208834560,16525088,1714122752,1809440768
findling-rss 1790885129,1397907456,208834560,16416704,1627459584,1809440768
findling-rss 1790885131,1496502272,208834560,16529784,1726525440,1809440768
findling-rss 1790885133,1437458432,208834560,16524584,1667059712,1809440768
findling-rss 1790885135,1494179840,208834560,16524952,1724280832,1809440768
findling-rss 1790885137,1475862528,208834560,16524408,1705603072,1809440768
findling-rss 1790885139,1496350720,208834560,16525072,1726242816,1809440768
findling-rss 1790885141,1475829760,208834560,16526312,1705574400,1809440768
findling-rss 1790885143,1501126656,208834560,16524272,1730899968,1809440768
findling-rss 1790885145,1463975936,207446016,16504704,1692389376,1809440768
findling-rss 1790885147,1484181504,207446016,16505688,1712877568,1809440768
findling-rss 1790885149,1392242688,207097856,16384704,1619914752,1809440768
findling-rss 1790885151,1388584960,207491072,16396792,1616629760,1809440768
findling-rss 1790885153,1485033472,207491072,16504096,1713553408,1809440768
findling-rss 1790885155,1399070720,207482880,16520192,1627426816,1809440768
findling-rss 1790885157,1484042240,207482880,16521080,1712693248,1809440768
findling-rss 1790885159,1336516608,207138816,16400608,1564213248,1809440768
findling-rss 1790885161,1391628288,207138816,16402352,1619595264,1809440768
findling-rss 1790885163,1484312576,207519744,16530168,1713102848,1809440768
findling-rss 1790885165,1488973824,207519744,16532728,1718341632,1809440768
findling-rss 1790885167,1485021184,207523840,16537816,1713668096,1809440768
findling-rss 1790885169,1485021184,207523840,16537136,1713946624,1809440768
findling-rss 1790885171,1394135040,207167488,16418368,1622052864,1809440768
findling-rss 1790885173,1455722496,207552512,16534712,1684291584,1809440768
findling-rss 1790885175,1485090816,207552512,16536600,1713868800,1809440768
findling-rss 1790885177,1464418304,207552512,16554648,1693298688,1809440768
findling-rss 1790885179,1486532608,207552512,16555016,1715372032,1809440768
findling-rss 1790885181,1392832512,207196160,16434928,1620590592,1809440768
findling-rss 1790885183,1336893440,207241216,16429624,1564602368,1809440768
findling-rss 1790885185,1485348864,207597568,16555096,1713917952,1809440768
findling-rss 1790885187,1467940864,207597568,16553840,1714315264,1809440768
findling-rss 1790885189,1486450688,207589376,16568424,1715396608,1809440768
findling-rss 1790885191,1388953600,207241216,16449760,1616977920,1809440768
findling-rss 1790885193,1394085888,207241216,16447720,1622077440,1809440768
findling-rss 1790885195,1483984896,207626240,16569768,1712910336,1809440768
findling-rss 1790885197,1484992512,207626240,16570000,1713995776,1809440768
findling-rss 1790885199,1484374016,207626240,16586160,1713098752,1809440768
findling-rss 1790885201,1485176832,207626240,16587504,1714032640,1809440768
findling-rss 1790885203,1393676288,207269888,16468464,1621446656,1809440768
findling-rss 1790885205,1377247232,207650816,16475680,1604358144,1809440768
findling-rss 1790885207,1484840960,207650816,16587952,1713700864,1809440768
findling-rss 1790885209,1336901632,207302656,16488688,1564999680,1809440768
findling-rss 1790885211,1484111872,207650816,16605136,1713000448,1809440768
findling-rss 1790885213,1336905728,207298560,16484232,1564946432,1809440768
findling-rss 1790885215,1394913280,207298560,16485680,1622921216,1809440768
findling-rss 1790885217,1484398592,207511552,16492528,1712869376,1809440768
findling-rss 1790885219,1486217216,207511552,16494376,1714798592,1809440768
findling-rss 1790885221,1484976128,207507456,16510560,1713631232,1809440768
findling-rss 1790885223,1484976128,207507456,16508144,1713557504,1809440768
findling-rss 1790885225,1393446912,207151104,16387608,1621168128,1809440768
findling-rss 1790885227,1427091456,207527936,16503608,1655246848,1809440768
findling-rss 1790885229,1485434880,207527936,16504832,1714204672,1809440768
findling-rss 1790885231,1427443712,207527936,16525616,1655726080,1809440768
findling-rss 1790885233,1490825216,207527936,16522736,1719582720,1809440768
findling-rss 1790885235,1384480768,207179776,16404000,1612349440,1809440768
findling-rss 1790885238,1394503680,207179776,16404824,1622618112,1809440768
findling-rss 1790885240,1484451840,207564800,16522416,1713258496,1809440768
findling-rss 1790885242,1485352960,207564800,16522416,1714122752,1809440768
findling-rss 1790885244,1484611584,207556608,16540904,1713385472,1809440768
findling-rss 1790885246,1485934592,207556608,16540184,1714470912,1809440768
findling-rss 1790885248,1394302976,207208448,16421136,1622269952,1809440768
findling-rss 1790885250,1465229312,207593472,16537680,1694134272,1809440768
findling-rss 1790885252,1485799424,207593472,16539344,1714569216,1809440768
findling-rss 1790885254,1465237504,207597568,16550872,1694203904,1809440768
findling-rss 1790885256,1486307328,207597568,16552320,1715081216,1809440768
findling-rss 1790885258,1393676288,207237120,16430128,1621639168,1809440768
findling-rss 1790885260,1337319424,207265792,16425184,1565110272,1809440768
findling-rss 1790885262,1485422592,207618048,16551632,1714188288,1809440768
findling-rss 1790885264,1369174016,207618048,16460984,1596215296,1809440768
findling-rss 1790885266,1485811712,207618048,16601728,1714630656,1809440768
findling-rss 1790885268,1389993984,207265792,16448696,1617793024,1809440768
findling-rss 1790885270,1340276736,207265792,16449760,1565048832,1809440768
findling-rss 1790885272,1472765952,207642624,16568464,1700372480,1809440768
findling-rss 1790885274,1484918784,207642624,16571288,1713668096,1809440768
findling-rss 1790885276,1484386304,207650816,16588752,1713348608,1809440768
findling-rss 1790885278,1485291520,207650816,16589528,1714003968,1809440768
findling-rss 1790885280,1394946048,207294464,16469688,1622953984,1809440768
findling-rss 1790885282,1389400064,207683584,16478848,1617739776,1809440768
findling-rss 1790885284,1484009472,207683584,16586712,1712807936,1809440768
findling-rss 1790885286,1417572352,207691776,16603560,1646297088,1809440768
findling-rss 1790885288,1485963264,207691776,16606696,1714896896,1809440768
findling-rss 1790885290,1337335808,207339520,16484912,1565306880,1809440768
findling-rss 1790885292,1393692672,207339520,16484640,1621880832,1809440768
findling-rss 1790885294,1485082624,207552512,16492992,1713881088,1809440768
findling-rss 1790885296,1485803520,207552512,16494352,1714700288,1809440768
findling-rss 1790885298,1485025280,207556608,16512456,1713606656,1809440768
findling-rss 1790885300,1487949824,207556608,16511952,1716396032,1809440768
findling-rss 1790885302,1394954240,207204352,16392320,1622966272,1809440768
findling-rss 1790885304,1465253888,207589376,16508888,1693847552,1809440768
findling-rss 1790885306,1485103104,207589376,16512488,1714016256,1809440768
findling-rss 1790885308,1465262080,207593472,16528600,1694023680,1809440768
findling-rss 1790885310,1490862080,207593472,16530056,1719468032,1809440768
findling-rss 1790885312,1394966528,207233024,16409968,1623031808,1809440768
findling-rss 1790885314,1393086464,207233024,16410104,1620922368,1809440768
findling-rss 1790885316,1484742656,207613952,16528240,1713287168,1809440768
findling-rss 1790885318,1484746752,207613952,16526880,1713524736,1809440768
findling-rss 1790885320,1485410304,207618048,16531952,1714130944,1809440768
findling-rss 1790885322,1337360384,207261696,16423376,1574100992,1809440768
findling-rss 1790885324,1387634688,207261696,16408320,1606213632,1809440768
findling-rss 1790885326,1465282560,207650816,16529936,1694060544,1809440768
findling-rss 1790885328,1490501632,207650816,16531800,1719205888,1809440768
findling-rss 1790885330,1465262080,208703488,16577680,1695318016,1809440768
findling-rss 1790885332,1485271040,208703488,16575672,1715240960,1809440768
findling-rss 1790885334,1494351872,208703488,16574744,1724301312,1809440768
findling-rss 1790885336,1495400448,208703488,16574840,1725321216,1809440768
findling-rss 1790885338,1495834624,208703488,16579608,1725775872,1809440768
findling-rss 1790885340,1501962240,208703488,16578488,1731690496,1809440768
findling-rss 1790885342,1497366528,208703488,16579608,1727143936,1809440768
findling-rss 1790885344,1497366528,208703488,16574608,1727414272,1809440768
findling-rss 1790885346,1393278976,207290368,16427328,1621245952,1809440768
findling-rss 1790885348,1439191040,207675392,16545560,1667923968,1809440768
findling-rss 1790885350,1488396288,207675392,16544472,1717231616,1809440768
findling-rss 1790885352,1431089152,207679488,16562672,1659916288,1809440768
findling-rss 1790885354,1485312000,207679488,16564632,1713950720,1809440768
findling-rss 1790885356,1337593856,207327232,16443280,1565384704,1809440768
findling-rss 1790885358,1393532928,207327232,16445024,1621663744,1809440768
findling-rss 1790885360,1485082624,207708160,16561576,1713643520,1809440768
findling-rss 1790885362,1485160448,207708160,16561440,1714069504,1809440768
findling-rss 1790885364,1484988416,207708160,16581592,1713975296,1809440768
findling-rss 1790885366,1486594048,207708160,16581192,1715261440,1809440768
findling-rss 1790885368,1394585600,207355904,16460496,1622589440,1809440768
findling-rss 1790885370,1465507840,207740928,16577064,1694588928,1809440768
findling-rss 1790885372,1485893632,207740928,16580400,1714921472,1809440768
findling-rss 1790885374,1470054400,207732736,16596552,1697951744,1809440768
findling-rss 1790885376,1485737984,207732736,16598416,1714696192,1809440768
findling-rss 1790885378,1395236864,207384576,16477192,1623384064,1809440768
findling-rss 1790885380,1337626624,263864320,18148968,1623932928,1809440768
findling-rss 1790885382,1485193216,207597568,16493304,1714085888,1809440768
findling-rss 1790885384,1370628096,207601664,16369432,1597808640,1809440768
findling-rss 1790885386,1485934592,207601664,16482248,1714761728,1809440768
findling-rss 1790885388,1337630720,207245312,16353800,1565319168,1809440768
findling-rss 1790885390,1393156096,207245312,16354480,1621176320,1809440768
findling-rss 1790885392,1486471168,207626240,16476056,1714909184,1809440768
findling-rss 1790885394,1486475264,207626240,16476912,1715347456,1809440768
findling-rss 1790885396,1485029376,209039360,16533048,1715146752,1809440768
findling-rss 1790885398,1486061568,209039360,16535608,1716346880,1809440768
findling-rss 1790885400,1495539712,209039360,16533176,1725673472,1809440768
findling-rss 1790885402,1495572480,209039360,16533040,1726062592,1809440768
findling-rss 1790885404,1496367104,209039360,16534520,1726656512,1809440768
findling-rss 1790885406,1496530944,209039360,16534560,1726791680,1809440768
findling-rss 1790885408,1496645632,209039360,16532792,1726947328,1809440768
findling-rss 1790885410,1399967744,209039360,16429424,1629814784,1809440768
findling-rss 1790885412,1496907776,209039360,16533472,1727102976,1809440768
findling-rss 1790885414,1338695680,207273984,16373456,1566269440,1809440768
findling-rss 1790885416,1396318208,207273984,16330992,1624436736,1809440768
findling-rss 1790885418,1485455360,207663104,16451056,1714167808,1809440768
findling-rss 1790885420,1486667776,207663104,16456448,1714200576,1809440768
findling-rss 1790885423,1485254656,207671296,16469224,1714130944,1809440768
findling-rss 1790885425,1486192640,207671296,16469632,1715105792,1809440768
findling-rss 1790885427,1392373760,207310848,16349776,1620418560,1809440768
findling-rss 1790885429,1439469568,212226048,16594200,1666072576,1809440768
findling-rss 1790885431,1486266368,212226048,16594824,1719787520,1809440768
findling-rss 1790885433,1475342336,212226048,16592272,1708806144,1809440768
findling-rss 1790885435,1494953984,212226048,16606048,1728315392,1809440768
findling-rss 1790885437,1483767808,212226048,16595656,1716256768,1809440768
findling-rss 1790885439,1494704128,212226048,16591896,1728106496,1809440768
findling-rss 1790885441,1495613440,212226048,16594184,1729245184,1809440768
findling-rss 1790885443,1496977408,212226048,16593640,1730523136,1809440768
findling-rss 1790885445,1497092096,212226048,16591216,1730351104,1809440768
findling-rss 1790885447,1497600000,212226048,16591216,1731231744,1809440768
findling-rss 1790885449,1497718784,212226048,16592576,1731182592,1809440768
findling-rss 1790885451,1497718784,212226048,16592576,1731194880,1809440768
findling-rss 1790885453,1497796608,212226048,16591232,1731158016,1809440768
findling-rss 1790885455,1401974784,212226048,16484848,1634828288,1809440768
findling-rss 1790885457,1445396480,212226048,16589416,1678884864,1809440768
findling-rss 1790885459,1357991936,212226048,16590600,1590947840,1809440768
findling-rss 1790885461,1444655104,212226048,16597032,1678008320,1809440768
findling-rss 1790885463,1431740416,212226048,16593272,1664770048,1809440768
findling-rss 1790885465,1489035264,212226048,16589728,1722523648,1809440768
findling-rss 1790885467,1479143424,212226048,16590704,1712599040,1809440768
findling-rss 1790885469,1499234304,212226048,16588792,1732915200,1809440768
findling-rss 1790885471,1480204288,212226048,16589208,1713610752,1809440768
findling-rss 1790885473,1500061696,212226048,16589848,1733517312,1809440768
findling-rss 1790885475,1497923584,212226048,16625000,1732243456,1809440768
findling-rss 1790885477,1501048832,212226048,16590256,1734287360,1809440768
findling-rss 1790885479,1501093888,212226048,16589912,1734799360,1809440768
findling-rss 1790885481,1502715904,212226048,16589912,1736343552,1809440768
findling-rss 1790885483,1486639104,207699968,16485024,1715544064,1809440768
findling-rss 1790885485,1489895424,207699968,16484752,1718530048,1809440768
findling-rss 1790885487,1394270208,207355904,16365504,1622020096,1809440768
findling-rss 1790885489,1400324096,207745024,16486776,1628844032,1809440768
findling-rss 1790885491,1485791232,207745024,16487144,1714622464,1809440768
findling-rss 1790885493,1427800064,207757312,16563048,1656496128,1809440768
findling-rss 1790885495,1487671296,207757312,16505648,1716805632,1809440768
findling-rss 1790885497,1395318784,207396864,16385408,1623400448,1809440768
findling-rss 1790885499,1337704448,207396864,16386632,1565519872,1809440768
findling-rss 1790885501,1485434880,207785984,16503200,1714180096,1809440768
findling-rss 1790885503,1490620416,207785984,16504560,1719435264,1809440768
findling-rss 1790885505,1483804672,207769600,16520016,1712648192,1809440768
findling-rss 1790885507,1488662528,207769600,16521376,1717604352,1809440768
findling-rss 1790885509,1395544064,207425536,16453200,1623748608,1809440768
findling-rss 1790885511,1398255616,207798272,16518040,1626816512,1809440768
findling-rss 1790885513,1485713408,207798272,16520720,1714839552,1809440768
findling-rss 1790885515,1427484672,207802368,16536704,1656164352,1809440768
findling-rss 1790885517,1485660160,207802368,16538432,1714647040,1809440768
findling-rss 1790885519,1394905088,207454208,16417304,1623109632,1809440768
findling-rss 1790885521,1393860608,207454208,16418664,1622036480,1809440768
findling-rss 1790885523,1489498112,208113664,16507880,1718870016,1809440768
findling-rss 1790885525,1489498112,208113664,16506384,1718857728,1809440768
findling-rss 1790885527,1486340096,210202624,16582784,1717698560,1809440768
findling-rss 1790885529,1492221952,210202624,16582648,1723756544,1809440768
findling-rss 1790885531,1496604672,210202624,16582736,1727942656,1809440768
findling-rss 1790885533,1496690688,210202624,16583280,1728053248,1809440768
findling-rss 1790885535,1496547328,210202624,16582896,1728167936,1809440768
findling-rss 1790885537,1400848384,210202624,16478032,1631666176,1809440768
findling-rss 1790885539,1497972736,210202624,16583104,1729478656,1809440768
findling-rss 1790885541,1412628480,210202624,16581416,1643814912,1809440768
findling-rss 1790885543,1497923584,210202624,16583280,1729331200,1809440768
findling-rss 1790885545,1442525184,210202624,16626104,1674063872,1809440768
findling-rss 1790885547,1497747456,210202624,16581152,1729306624,1809440768
findling-rss 1790885549,1424838656,210202624,16581120,1656315904,1809440768
findling-rss 1790885551,1446031360,210202624,16579640,1677484032,1809440768
findling-rss 1790885553,1348993024,207765504,16404184,1577422848,1809440768
findling-rss 1790885555,1348993024,207794176,16400376,1577365504,1809440768
findling-rss 1790885557,1485938688,208158720,16525528,1715204096,1809440768
findling-rss 1790885559,1337819136,207794176,16426040,1566294016,1809440768
findling-rss 1790885561,1485795328,208142336,16544040,1715195904,1809440768
findling-rss 1790885563,1337819136,207794176,16424432,1566179328,1809440768
findling-rss 1790885565,1395433472,207794176,16422776,1623932928,1809440768
findling-rss 1790885567,1465749504,208179200,16540184,1695002624,1809440768
findling-rss 1790885569,1486200832,208179200,16542792,1715605504,1809440768
findling-rss 1790885571,1471729664,208171008,16559784,1700122624,1809440768
findling-rss 1790885573,1485385728,208171008,16563560,1714876416,1809440768
findling-rss 1790885575,1395011584,207822848,16443112,1623605248,1809440768
findling-rss 1790885577,1416753152,208199680,16560360,1646063616,1809440768
findling-rss 1790885579,1485324288,208199680,16577952,1714642944,1809440768
findling-rss 1790885581,1430130688,208207872,16582280,1659252736,1809440768
findling-rss 1790885583,1485271040,208207872,16579552,1714855936,1809440768
findling-rss 1790885585,1395011584,207851520,16460352,1623814144,1809440768
findling-rss 1790885587,1395220480,207851520,16461712,1623834624,1809440768
findling-rss 1790885589,1485955072,208240640,16578464,1715408896,1809440768
findling-rss 1790885591,1486786560,208240640,16579104,1716191232,1809440768
findling-rss 1790885593,1486045184,208236544,16597200,1715507200,1809440768
findling-rss 1790885595,1486143488,208236544,16596112,1715826688,1809440768
findling-rss 1790885597,1344004096,207880192,16477048,1566695424,1809440768
findling-rss 1790885599,1481629696,210350080,16651168,1713111040,1809440768
findling-rss 1790885601,1490210816,210350080,16652056,1722032128,1809440768
findling-rss 1790885603,1491460096,210350080,16650968,1722908672,1809440768
findling-rss 1790885605,1495719936,210350080,16652192,1727475712,1809440768
findling-rss 1790885607,1495912448,210350080,16653760,1727717376,1809440768
findling-rss 1790885609,1496289280,210350080,16653256,1727692800,1809440768
findling-rss 1790885611,1497329664,210350080,16652832,1729114112,1809440768
findling-rss 1790885613,1497817088,210350080,16652056,1729605632,1809440768
findling-rss 1790885615,1497559040,210350080,16650720,1729273856,1809440768
findling-rss 1790885617,1498755072,210350080,16649632,1730691072,1809440768
findling-rss 1790885619,1497960448,210350080,16648664,1729716224,1809440768
findling-rss 1790885621,1401933824,210350080,16543960,1633296384,1809440768
findling-rss 1790885623,1444790272,210350080,16649120,1676378112,1809440768
findling-rss 1790885625,1390055424,208281600,16503840,1619193856,1809440768
findling-rss 1790885627,1485799424,208281600,16611704,1715326976,1809440768
findling-rss 1790885629,1337987072,207921152,16490784,1566654464,1809440768
findling-rss 1790885631,1395986432,207921152,16490432,1624207360,1809440768
findling-rss 1790885634,1485799424,208302080,16610192,1715359744,1809440768
findling-rss 1790885636,1485799424,208302080,16611552,1715539968,1809440768
findling-rss 1790885638,1485303808,208306176,16628472,1715081216,1809440768
findling-rss 1790885640,1485729792,208306176,16629832,1715462144,1809440768
findling-rss 1790885642,1395605504,207949824,16507912,1624379392,1809440768
findling-rss 1790885644,1418293248,264916992,18273304,1705697280,1809440768
findling-rss 1790885646,1486086144,208171008,16511200,1715519488,1809440768
findling-rss 1790885648,1430544384,208162816,16462416,1659580416,1809440768
findling-rss 1790885650,1486540800,208162816,16438472,1715933184,1809440768
findling-rss 1790885652,1395605504,207818752,16317632,1624051712,1809440768
findling-rss 1790885654,1365778432,207818752,16316816,1624121344,1809440768
findling-rss 1790885656,1486200832,211693568,16536512,1719078912,1809440768
findling-rss 1790885658,1486200832,211693568,16532936,1719062528,1809440768
findling-rss 1790885660,1495441408,211693568,16531488,1728462848,1809440768
findling-rss 1790885662,1399975936,211693568,16422784,1632456704,1809440768
findling-rss 1790885664,1496948736,211693568,16531976,1729773568,1809440768
findling-rss 1790885666,1413627904,211693568,16533424,1646526464,1809440768
findling-rss 1790885668,1497767936,211693568,16531056,1730830336,1809440768
findling-rss 1790885670,1443454976,211693568,16530256,1676345344,1809440768
findling-rss 1790885672,1502654464,211693568,16530944,1735491584,1809440768
findling-rss 1790885674,1460375552,211693568,16530464,1693253632,1809440768
findling-rss 1790885676,1497968640,211693568,16532256,1730748416,1809440768
findling-rss 1790885678,1424998400,211693568,16532144,1657925632,1809440768
findling-rss 1790885680,1444962304,211693568,16531600,1677742080,1809440768
findling-rss 1790885682,1425002496,211693568,16532960,1657905152,1809440768
findling-rss 1790885684,1445244928,211693568,16531736,1677950976,1809440768
findling-rss 1790885686,1488117760,211693568,16564888,1721245696,1809440768
findling-rss 1790885688,1490362368,211693568,16531872,1723166720,1809440768
findling-rss 1790885690,1498238976,211693568,16531736,1731268608,1809440768
findling-rss 1790885692,1498710016,211693568,16533056,1731563520,1809440768
findling-rss 1790885694,1500426240,211693568,16531328,1733386240,1809440768
findling-rss 1790885696,1500426240,211693568,16531192,1733410816,1809440768
findling-rss 1790885698,1485877248,208216064,16453104,1715138560,1809440768
findling-rss 1790885700,1485946880,205377536,16378168,1712566272,1809440768
findling-rss 1790885702,1337995264,205107200,16259848,1563447296,1809440768
findling-rss 1790885704,1457184768,205582336,16379400,1683705856,1809440768
findling-rss 1790885706,1491636224,205582336,16379656,1718366208,1809440768
findling-rss 1790885708,1448513536,205594624,16396680,1667063808,1809440768
findling-rss 1790885710,1486864384,205594624,16400200,1713586176,1809440768
findling-rss 1790885712,1343909888,205295616,16280960,1563799552,1809440768
findling-rss 1790885714,1395191808,205426688,16284408,1621151744,1809440768
findling-rss 1790885716,1548615680,205131776,16385224,1774960640,1809440768
findling-rss 1790885718,1548615680,205131776,16383344,1774931968,1809440768
findling-rss 1790885720,1486172160,205344768,16407672,1712795648,1809440768
findling-rss 1790885722,1486172160,205344768,16406992,1712762880,1809440768
findling-rss 1790885724,1394356224,205094912,16291384,1620103168,1809440768
findling-rss 1790885726,1418100736,205545472,16409968,1644531712,1809440768
findling-rss 1790885728,1486110720,205545472,16412376,1712693248,1809440768
findling-rss 1790885730,1426132992,205549568,16426480,1649442816,1809440768
findling-rss 1790885732,1485324288,205549568,16429616,1711861760,1809440768
findling-rss 1790885734,1394774016,205209600,16309752,1620508672,1809440768
findling-rss 1790885736,1394356224,205324288,16313568,1620385792,1809440768
findling-rss 1790885738,1486233600,205717504,16432040,1712934912,1809440768
findling-rss 1790885740,1486249984,205717504,16433400,1712828416,1809440768
findling-rss 1790885742,1486127104,205717504,16449848,1712713728,1809440768
findling-rss 1790885744,1486946304,205717504,16449168,1713750016,1809440768
findling-rss 1790885746,1395613696,205381632,16330368,1621843968,1809440768
findling-rss 1790885748,1465880576,205754368,16450416,1692729344,1809440768
findling-rss 1790885750,1486213120,205754368,16448952,1713217536,1809440768
findling-rss 1790885752,1471975424,205766656,16520192,1693257728,1809440768
findling-rss 1790885754,1485807616,205766656,16467896,1712525312,1809440768
findling-rss 1790885756,1395613696,205422592,16346992,1621643264,1809440768
findling-rss 1790885758,1370779648,262574080,18041648,1654394880,1809440768
findling-rss 1790885760,1492111360,205778944,16443080,1719111680,1809440768
findling-rss 1790885762,1337999360,205418496,16342624,1564012544,1809440768
findling-rss 1790885764,1485819904,205766656,16459968,1712771072,1809440768
findling-rss 1790885766,1337999360,205426688,16338960,1564037120,1809440768
findling-rss 1790885768,1395650560,205651968,16346184,1622040576,1809440768
findling-rss 1790885770,1485815808,206147584,16468808,1712861184,1809440768
findling-rss 1790885772,1489305600,206147584,16468968,1716703232,1809440768
findling-rss 1790885774,1469403136,207331328,16520256,1697816576,1809440768
findling-rss 1790885776,1470144512,207331328,16523936,1698402304,1809440768
findling-rss 1790885778,1430257664,205918208,16369800,1656864768,1809440768
findling-rss 1790885780,1378664448,206512128,16385288,1604526080,1809440768
findling-rss 1790885782,1487114240,206512128,16495680,1714864128,1809440768
findling-rss 1790885784,1390104576,206520320,16406176,1617362944,1809440768
findling-rss 1790885786,1486577664,206520320,16573104,1715167232,1809440768
findling-rss 1790885788,1344139264,206213120,16394456,1565011968,1809440768
findling-rss 1790885790,1395019776,206483456,16400472,1622163456,1809440768
findling-rss 1790885792,1468002304,206909440,16519096,1696067584,1809440768
findling-rss 1790885794,1468940288,206909440,16521104,1696940032,1809440768
findling-rss 1790885796,1485545472,206946304,16539744,1713790976,1809440768
findling-rss 1790885798,1486168064,206946304,16538112,1714540544,1809440768
findling-rss 1790885800,1395650560,206696448,16422024,1623248896,1809440768
findling-rss 1790885802,1448550400,207228928,16543464,1676460032,1809440768
findling-rss 1790885804,1486512128,207228928,16544144,1715163136,1809440768
findling-rss 1790885806,1457233920,207220736,16560472,1685364736,1809440768
findling-rss 1790885808,1492013056,207220736,16561272,1720381440,1809440768
findling-rss 1790885810,1338036224,206893056,16443680,1565609984,1809440768
findling-rss 1790885812,1393147904,207048704,16447176,1620770816,1809440768
findling-rss 1790885814,1485303808,207515648,16569952,1714253824,1809440768
findling-rss 1790885816,1491496960,207515648,16569096,1720287232,1809440768
findling-rss 1790885818,1485594624,207515648,16588392,1714479104,1809440768
findling-rss 1790885820,1489485824,207515648,16592920,1718325248,1809440768
findling-rss 1790885822,1395019776,207282176,16475464,1623105536,1809440768
findling-rss 1790885824,1418547200,207839232,16591912,1647472640,1809440768
findling-rss 1790885826,1492090880,207839232,16592960,1721106432,1809440768
findling-rss 1790885828,1416970240,207831040,16611352,1642643456,1809440768
findling-rss 1790885831,1492221952,207831040,16612808,1721315328,1809440768
findling-rss 1790885833,1389699072,207523840,16491064,1618178048,1809440768
findling-rss 1790885835,1394393088,207630336,16493520,1622798336,1809440768
findling-rss 1790885837,1484931072,207880192,16501632,1713901568,1809440768
findling-rss 1790885839,1489862656,207880192,16500848,1718951936,1809440768
findling-rss 1790885841,1485078528,207876096,16517680,1714069504,1809440768
findling-rss 1790885843,1485078528,207876096,16518768,1714257920,1809440768
findling-rss 1790885845,1395228672,207556608,16398424,1623277568,1809440768
findling-rss 1790885847,1457225728,207949824,16514608,1685987328,1809440768
findling-rss 1790885849,1485938688,207949824,16517760,1715052544,1809440768
findling-rss 1790885851,1457225728,207949824,16536040,1686372352,1809440768
findling-rss 1790885853,1486020608,207949824,16537096,1715113984,1809440768
findling-rss 1790885855,1338036224,207626240,16415448,1566298112,1809440768
findling-rss 1790885857,1338036224,207716352,16413824,1566310400,1809440768
findling-rss 1790885859,1485852672,208064512,16537056,1715011584,1809440768
findling-rss 1790885861,1372643328,208371712,16331608,1601458176,1809440768
findling-rss 1790885863,1474174976,208371712,16440088,1703731200,1809440768
findling-rss 1790885865,1372643328,208019456,16318840,1601196032,1809440768
findling-rss 1790885867,1430257664,208060416,16320344,1658900480,1809440768
findling-rss 1790885869,1485955072,208453632,16438976,1715294208,1809440768
findling-rss 1790885871,1486041088,208453632,16440336,1715470336,1809440768
findling-rss 1790885873,1484877824,208797696,16506000,1715019776,1809440768
findling-rss 1790885875,1485639680,208797696,16470056,1715490816,1809440768
findling-rss 1790885877,1496084480,208797696,16468560,1725923328,1809440768
findling-rss 1790885879,1496305664,208797696,16469240,1726038016,1809440768
findling-rss 1790885881,1395650560,208199680,16345144,1624608768,1809440768
findling-rss 1790885883,1465933824,208592896,16463912,1695776768,1809440768
findling-rss 1790885885,1487593472,208592896,16463232,1717506048,1809440768
findling-rss 1790885887,1465925632,208596992,16480816,1695567872,1809440768
findling-rss 1790885889,1486487552,208596992,16481672,1716293632,1809440768
findling-rss 1790885891,1395658752,208244736,16363104,1624514560,1809440768
findling-rss 1790885893,1338044416,208273408,16359184,1566658560,1809440768
findling-rss 1790885895,1490120704,208629760,16479336,1719709696,1809440768
findling-rss 1790885897,1491025920,208629760,16477056,1720664064,1809440768
findling-rss 1790885899,1485189120,208621568,16497152,1714913280,1809440768
findling-rss 1790885901,1338044416,208273408,16375232,1566773248,1809440768
findling-rss 1790885903,1394610176,208273408,16376976,1623584768,1809440768
findling-rss 1790885905,1485000704,208658432,16497800,1714749440,1809440768
findling-rss 1790885907,1487605760,208658432,16497256,1716985856,1809440768
findling-rss 1790885909,1484783616,208654336,16513336,1714487296,1809440768
findling-rss 1790885911,1488642048,208654336,16515040,1718472704,1809440768
findling-rss 1790885913,1338044416,208302080,16394888,1624653824,1809440768
findling-rss 1790885915,1373192192,272347136,18246272,1666789376,1809440768
findling-rss 1790885917,1485885440,215511040,16706128,1722695680,1809440768
findling-rss 1790885919,1410371584,215511040,16702048,1646997504,1809440768
findling-rss 1790885921,1495506944,215511040,16704736,1732583424,1809440768
findling-rss 1790885923,1450663936,215511040,16705592,1680470016,1809440768
findling-rss 1790885925,1496719360,215511040,16703824,1733615616,1809440768
findling-rss 1790885927,1477840896,215511040,16702528,1714655232,1809440768
findling-rss 1790885929,1497395200,215511040,16706128,1734270976,1809440768
findling-rss 1790885931,1477861376,215511040,16706344,1714466816,1809440768
findling-rss 1790885933,1497853952,215511040,16706896,1734676480,1809440768
findling-rss 1790885935,1488666624,215511040,16704888,1724248064,1809440768
findling-rss 1790885937,1497845760,215511040,16703248,1734705152,1809440768
findling-rss 1790885939,1444470784,215511040,16705208,1681014784,1809440768
findling-rss 1790885941,1444904960,215511040,16705752,1681825792,1809440768
findling-rss 1790885943,1444102144,215511040,16707200,1680846848,1809440768
findling-rss 1790885945,1444966400,215511040,16702064,1681743872,1809440768
findling-rss 1790885947,1489285120,215511040,16703424,1726050304,1809440768
findling-rss 1790885949,1491132416,215511040,16702744,1727975424,1809440768
findling-rss 1790885951,1499443200,215511040,16702744,1736163328,1809440768
findling-rss 1790885953,1500024832,215511040,16703928,1737043968,1809440768
findling-rss 1790885955,1500639232,215511040,16701544,1737461760,1809440768
findling-rss 1790885957,1500639232,215511040,16702184,1737420800,1809440768
findling-rss 1790885959,1499860992,215511040,16671168,1736564736,1809440768
findling-rss 1790885961,1404510208,215511040,16592760,1641111552,1809440768
findling-rss 1790885963,1500512256,215511040,16668904,1737388032,1809440768
findling-rss 1790885965,1443475456,215511040,16668936,1680191488,1809440768
findling-rss 1790885967,1500737536,215511040,16667800,1737637888,1809440768
findling-rss 1790885969,1480658944,215511040,16575112,1717358592,1809440768
findling-rss 1790885971,1505566720,215511040,16575136,1742467072,1809440768
findling-rss 1790885973,1481711616,215511040,16576656,1718571008,1809440768
findling-rss 1790885975,1502474240,215511040,16576656,1739071488,1809440768
findling-rss 1790885977,1497624576,215511040,16577040,1734258688,1809440768
findling-rss 1790885979,1503178752,215511040,16576360,1740013568,1809440768
findling-rss 1790885981,1501028352,215511040,16573112,1737535488,1809440768
findling-rss 1790885983,1501519872,215511040,16576456,1738285056,1809440768
findling-rss 1790885985,1449218048,215511040,16574752,1685864448,1809440768
findling-rss 1790885987,1449484288,215511040,16575696,1686290432,1809440768
findling-rss 1790885989,1448747008,215511040,16574888,1685389312,1809440768
findling-rss 1790885991,1449271296,215511040,16575568,1685852160,1809440768
findling-rss 1790885993,1492807680,215511040,16577280,1729503232,1809440768
findling-rss 1790885995,1493827584,215511040,16575136,1730584576,1809440768
findling-rss 1790885997,1436860416,208547840,16518616,1666473984,1809440768
findling-rss 1790885999,1341284352,208191488,16399168,1570017280,1809440768
findling-rss 1790886001,1398898688,208191488,16399168,1627774976,1809440768
findling-rss 1790886003,1433899008,208588800,16503144,1663602688,1809440768
findling-rss 1790886005,1437675520,208588800,16502328,1667284992,1809440768
findling-rss 1790886007,1436606464,208584704,16520912,1666113536,1809440768
findling-rss 1790886009,1437581312,208584704,16519456,1667354624,1809440768
findling-rss 1790886011,1398685696,208232448,16400800,1627705344,1809440768
findling-rss 1790886013,1393356800,208613376,16411208,1622597632,1809440768
findling-rss 1790886015,1439899648,208613376,16518232,1669779456,1809440768
findling-rss 1790886017,1393356800,208605184,16428472,1622843392,1809440768
findling-rss 1790886019,1438699520,208605184,16537016,1668280320,1809440768
findling-rss 1790886021,1391357952,208261120,16421144,1620332544,1809440768
findling-rss 1790886023,1398898688,208261120,16417496,1627951104,1809440768
findling-rss 1790886025,1437286400,208646144,16535584,1667121152,1809440768
findling-rss 1790886027,1437954048,208646144,16536944,1667670016,1809440768
findling-rss 1790886029,1437503488,208646144,16555248,1667338240,1809440768
findling-rss 1790886031,1437536256,208646144,16554296,1667268608,1809440768
findling-rss 1790886033,1398902784,208289792,16432832,1627897856,1809440768
findling-rss 1790886035,1417138176,208674816,16550488,1647058944,1809440768
findling-rss 1790886037,1438056448,208674816,16553640,1667567616,1809440768
findling-rss 1790886040,1417113600,208666624,16583288,1647042560,1809440768
findling-rss 1790886042,1437134848,208666624,16571336,1666695168,1809440768
findling-rss 1790886044,1399275520,208318464,16451704,1628311552,1809440768
findling-rss 1790886046,1342291968,208347136,16443392,1571487744,1809440768
findling-rss 1790886048,1437708288,208691200,16570640,1667592192,1809440768
findling-rss 1790886050,1444528128,208691200,16635904,1675386880,1809440768
findling-rss 1790886052,1438068736,208695296,16588304,1667809280,1809440768
findling-rss 1790886054,1443135488,208695296,16588304,1672945664,1809440768
findling-rss 1790886056,1399287808,208363520,16467352,1628532736,1809440768
findling-rss 1790886058,1418141696,208744448,16586960,1648123904,1809440768
findling-rss 1790886060,1437790208,208744448,16591688,1667653632,1809440768
findling-rss 1790886062,1419583488,208748544,16609016,1647984640,1809440768
findling-rss 1790886064,1438343168,208748544,16608608,1668272128,1809440768
findling-rss 1790886066,1399635968,208392192,16485048,1628463104,1809440768
findling-rss 1790886068,1389768704,265506816,18176992,1676357632,1809440768
findling-rss 1790886070,1437728768,208596992,16514232,1667342336,1809440768
findling-rss 1790886072,1342320640,208252928,16413424,1571172352,1809440768
findling-rss 1790886074,1438208000,208601088,16532512,1668063232,1809440768
findling-rss 1790886076,1342320640,208252928,16410592,1571110912,1809440768
findling-rss 1790886078,1397227520,208252928,16412104,1626259456,1809440768
findling-rss 1790886080,1438162944,208642048,16531000,1667784704,1809440768
findling-rss 1790886082,1444290560,208642048,16532096,1674047488,1809440768
findling-rss 1790886084,1471950848,208617472,16547304,1701588992,1809440768
findling-rss 1790886086,1479581696,208617472,16548464,1709162496,1809440768
findling-rss 1790886088,1432657920,208289792,16429024,1661566976,1809440768
findling-rss 1790886090,1394393088,208674816,16437712,1623928832,1809440768
findling-rss 1790886092,1437925376,208674816,16547840,1667706880,1809440768
findling-rss 1790886094,1353895936,208658432,16566256,1583644672,1809440768
findling-rss 1790886096,1437679616,208658432,16565640,1667465216,1809440768
findling-rss 1790886098,1398890496,208318464,16446128,1627914240,1809440768
findling-rss 1790886100,1398890496,208318464,16333448,1627803648,1809440768
findling-rss 1790886102,1437847552,208703488,16452920,1667481600,1809440768
findling-rss 1790886104,1437937664,208703488,16454144,1667706880,1809440768
findling-rss 1790886106,1473310720,208719872,16469976,1703047168,1809440768
findling-rss 1790886108,1473310720,208719872,16471024,1703202816,1809440768
findling-rss 1790886110,1434550272,208363520,16352400,1663672320,1809440768
findling-rss 1790886112,1418133504,208736256,16471288,1647886336,1809440768
findling-rss 1790886114,1437884416,208736256,16470104,1667592192,1809440768
findling-rss 1790886116,1418162176,208744448,16485616,1648099328,1809440768
findling-rss 1790886118,1439391744,208744448,16491064,1669353472,1809440768
findling-rss 1790886120,1398894592,208392192,16369024,1627807744,1809440768
findling-rss 1790886122,1342328832,208420864,16362096,1571098624,1809440768
findling-rss 1790886124,1438453760,208773120,16488248,1668505600,1809440768
findling-rss 1790886126,1402486784,208773120,16487568,1642999808,1809440768
findling-rss 1790886128,1443360768,208785408,16505528,1673375744,1809440768
findling-rss 1790886130,1444511744,208785408,16505392,1674276864,1809440768
findling-rss 1790886132,1399107584,208420864,16382648,1628106752,1809440768
findling-rss 1790886134,1418178560,208809984,16502560,1648230400,1809440768
findling-rss 1790886136,1438818304,208809984,16502856,1668694016,1809440768
findling-rss 1790886138,1418158080,208797696,16518328,1648140288,1809440768
findling-rss 1790886140,1438203904,208797696,16520984,1668112384,1809440768
findling-rss 1790886142,1342332928,208449536,16402440,1574072320,1809440768
findling-rss 1790886144,1342332928,265240576,18091368,1629708288,1809440768
findling-rss 1790886146,1438126080,208662528,16515944,1668059136,1809440768
findling-rss 1790886148,1443135488,208662528,16516624,1672978432,1809440768
findling-rss 1790886150,1438629888,208662528,16534928,1668100096,1809440768
findling-rss 1790886152,1399738368,208314368,16415704,1628733440,1809440768
findling-rss 1790886154,1342337024,208314368,16415568,1629069312,1809440768
findling-rss 1790886156,1453420544,209870848,16565240,1684549632,1809440768
findling-rss 1790886158,1480462336,209870848,16566864,1711513600,1809440768
findling-rss 1790886160,1418174464,208695296,16551216,1647828992,1809440768
findling-rss 1790886162,1439453184,208695296,16551080,1669156864,1809440768
findling-rss 1790886164,1399955456,208343040,16464736,1628971008,1809440768
findling-rss 1790886166,1399955456,208343040,16430904,1628897280,1809440768
findling-rss 1790886168,1437786112,208719872,16549768,1667674112,1809440768
findling-rss 1790886170,1442422784,208719872,16549904,1672105984,1809440768
findling-rss 1790886172,1437487104,208715776,16568072,1667399680,1809440768
findling-rss 1790886174,1437499392,208715776,16570896,1667514368,1809440768
findling-rss 1790886176,1398145024,208371712,16451240,1605943296,1809440768
findling-rss 1790886178,1436930048,208756736,16570016,1666822144,1809440768
findling-rss 1790886180,1441144832,208756736,16573792,1671131136,1809440768
findling-rss 1790886182,1429344256,212938752,16704128,1660817408,1809440768
findling-rss 1790886184,1438449664,212938752,16707280,1672671232,1809440768
findling-rss 1790886186,1437597696,212938752,16701352,1671847936,1809440768
findling-rss 1790886188,1438650368,212938752,16702712,1672695808,1809440768
findling-rss 1790886190,1489428480,212938752,16702576,1723879424,1809440768
findling-rss 1790886192,1490034688,212938752,16703936,1724096512,1809440768
findling-rss 1790886194,1441144832,212938752,16702824,1675239424,1809440768
findling-rss 1790886196,1442017280,212938752,16698384,1676283904,1809440768
findling-rss 1790886198,1490169856,212938752,16699504,1724538880,1809440768
findling-rss 1790886200,1496162304,212938752,16744520,1730088960,1809440768
findling-rss 1790886202,1500041216,212938752,16699920,1734414336,1809440768
findling-rss 1790886204,1404329984,212938752,16593312,1638289408,1809440768
findling-rss 1790886206,1502228480,212938752,16699240,1736527872,1809440768
findling-rss 1790886208,1415905280,212938752,16696312,1649790976,1809440768
findling-rss 1790886210,1501720576,212938752,16699496,1735983104,1809440768
findling-rss 1790886212,1406328832,209793024,16446744,1637044224,1809440768
findling-rss 1790886214,1503334400,209793024,16552576,1734361088,1809440768
findling-rss 1790886216,1433387008,209793024,16550728,1664159744,1809440768
findling-rss 1790886218,1502482432,209793024,16554552,1733578752,1809440768
findling-rss 1790886220,1456074752,209793024,16550216,1686933504,1809440768
findling-rss 1790886222,1502482432,209793024,16553552,1733537792,1809440768
findling-rss 1790886224,1482153984,209793024,16551168,1713188864,1809440768
findling-rss 1790886226,1502892032,209793024,16554184,1733849088,1809440768
findling-rss 1790886228,1482170368,209793024,16553800,1713168384,1809440768
findling-rss 1790886230,1502973952,209793024,16552704,1734144000,1809440768
findling-rss 1790886232,1400680448,205299712,16433528,1626521600,1809440768
findling-rss 1790886234,1377882112,205725696,16445392,1603248128,1809440768
findling-rss 1790886236,1438433280,205725696,16555360,1665441792,1809440768
findling-rss 1790886238,1394442240,205729792,16464712,1621061632,1809440768
findling-rss 1790886241,1437872128,205729792,16576024,1664655360,1809440768
findling-rss 1790886243,1342373888,205369344,16454080,1568301056,1809440768
findling-rss 1790886245,1399988224,205389824,16453960,1626324992,1809440768
findling-rss 1790886247,1438150656,205770752,16571824,1664933888,1809440768
findling-rss 1790886249,1442455552,205770752,16573184,1669562368,1809440768
findling-rss 1790886251,1437622272,205762560,16590064,1664532480,1809440768
findling-rss 1790886253,1437622272,205762560,16591424,1664593920,1809440768
findling-rss 1790886255,1343131648,205422592,16471768,1569120256,1809440768
findling-rss 1790886257,1392087040,205807616,16587248,1618767872,1809440768
findling-rss 1790886259,1438240768,205807616,16590096,1665245184,1809440768
findling-rss 1790886261,1418207232,205807616,16605232,1645133824,1809440768
findling-rss 1790886263,1438265344,205807616,16608568,1665241088,1809440768
findling-rss 1790886265,1399996416,206102528,16499048,1626816512,1809440768
findling-rss 1790886267,1342382080,206155776,16509296,1569103872,1809440768
findling-rss 1790886269,1437868032,206331904,16510640,1665146880,1809440768
findling-rss 1790886271,1438654464,206331904,16514120,1666248704,1809440768
findling-rss 1790886273,1437794304,206327808,16527720,1665441792,1809440768
findling-rss 1790886275,1342386176,205983744,16407816,1568862208,1809440768
findling-rss 1790886277,1400000512,205987840,16409672,1626619904,1809440768
findling-rss 1790886279,1437593600,206376960,16525696,1664905216,1809440768
findling-rss 1790886281,1438437376,206376960,16526240,1665818624,1809440768
findling-rss 1790886283,1437769728,206372864,16544296,1665269760,1809440768
findling-rss 1790886285,1438392320,206372864,16543072,1666064384,1809440768
findling-rss 1790886287,1400000512,206028800,16422872,1626787840,1809440768
findling-rss 1790886289,1367326720,206434304,16540928,1588346880,1809440768
findling-rss 1790886291,1444073472,206434304,16543336,1671737344,1809440768
findling-rss 1790886293,1353674752,206413824,16559872,1580912640,1809440768
findling-rss 1790886295,1439911936,206413824,16561192,1667260416,1809440768
findling-rss 1790886297,1395462144,206069760,16438576,1622212608,1809440768
findling-rss 1790886299,1399377920,206106624,16439312,1624121344,1809440768
findling-rss 1790886301,1437265920,206503936,16565104,1664794624,1809440768
findling-rss 1790886303,1438146560,206503936,16565720,1665732608,1809440768
findling-rss 1790886305,1438826496,206508032,16579816,1666498560,1809440768
findling-rss 1790886307,1438846976,206508032,16580224,1666736128,1809440768
findling-rss 1790886309,1334652928,206217216,16267216,1561210880,1809440768
findling-rss 1790886311,1318674432,206618624,16419640,1545375744,1809440768
findling-rss 1790886313,1452556288,206622720,16598456,1680502784,1809440768
findling-rss 1790886315,1454096384,206622720,16597088,1681854464,1809440768
findling-rss 1790886317,1485672448,206614528,16614496,1713381376,1809440768
findling-rss 1790886319,1486602240,206614528,16615176,1714290688,1809440768
findling-rss 1790886321,1395535872,206262272,16495136,1622491136,1809440768
findling-rss 1790886323,1466028032,206643200,16613840,1693786112,1809440768
findling-rss 1790886325,1490464768,206643200,16614656,1718419456,1809440768
findling-rss 1790886327,1481596928,206651392,16633184,1708572672,1809440768
findling-rss 1790886329,1485615104,206651392,16632504,1713590272,1809440768
findling-rss 1790886331,1395748864,206323712,16512184,1622970368,1809440768
findling-rss 1790886333,1394302976,206741504,16646200,1620533248,1809440768
findling-rss 1790886335,1485303808,206741504,16632440,1713410048,1809440768
findling-rss 1790886337,1399582720,206745600,16649128,1627324416,1809440768
findling-rss 1790886339,1486716928,206745600,16650856,1714946048,1809440768
findling-rss 1790886341,1338150912,206409728,16529928,1565478912,1809440768
findling-rss 1790886343,1393262592,206426112,16532120,1620492288,1809440768
findling-rss 1790886345,1485385728,206700544,16580400,1713119232,1809440768
findling-rss 1790886347,1486049280,206700544,16581216,1714057216,1809440768
findling-rss 1790886349,1486340096,206692352,16599456,1714360320,1809440768
findling-rss 1790886351,1488482304,206692352,16598640,1716473856,1809440768
findling-rss 1790886353,1395765248,206348288,16481328,1622892544,1809440768
findling-rss 1790886355,1420775424,206729216,16597432,1646841856,1809440768
findling-rss 1790886357,1493078016,206729216,16599848,1721110528,1809440768
findling-rss 1790886359,1428258816,206729216,16615960,1656016896,1809440768
findling-rss 1790886361,1485672448,206729216,16615736,1713688576,1809440768
findling-rss 1790886363,1395773440,206376960,16495008,1622978560,1809440768
findling-rss 1790886365,1338159104,206422016,16492800,1564958720,1809440768
findling-rss 1790886367,1485656064,206778368,16616096,1713483776,1809440768
findling-rss 1790886369,1338159104,206422016,16516832,1565106176,1809440768
findling-rss 1790886371,1486311424,206786560,16637728,1714147328,1809440768
findling-rss 1790886373,1338159104,206422016,16514136,1565241344,1809440768
findling-rss 1790886375,1395773440,206422016,16514816,1622994944,1809440768
findling-rss 1790886377,1485193216,206807040,16633176,1713139712,1809440768
findling-rss 1790886379,1490128896,206807040,16634264,1718300672,1809440768
findling-rss 1790886381,1483354112,208547840,16702496,1713147904,1809440768
findling-rss 1790886383,1485598720,208547840,16700424,1715646464,1809440768
findling-rss 1790886385,1494794240,208547840,16700848,1724657664,1809440768
findling-rss 1790886387,1495621632,208547840,16700544,1725640704,1809440768
findling-rss 1790886389,1496449024,208547840,16689600,1726156800,1809440768
findling-rss 1790886391,1496449024,208547840,16690960,1726349312,1809440768
findling-rss 1790886393,1498484736,208547840,16689600,1728458752,1809440768
findling-rss 1790886395,1498484736,208547840,16690416,1728229376,1809440768
findling-rss 1790886397,1498701824,208547840,16691216,1728692224,1809440768
findling-rss 1790886399,1501970432,208547840,16690576,1731866624,1809440768
findling-rss 1790886401,1498189824,208547840,16690120,1728102400,1809440768
findling-rss 1790886403,1396002816,206462976,16523616,1623085056,1809440768
findling-rss 1790886405,1395412992,206462976,16526776,1622847488,1809440768
findling-rss 1790886407,1466081280,206848000,16647392,1694273536,1809440768
findling-rss 1790886409,1486200832,206848000,16647632,1714200576,1809440768
findling-rss 1790886411,1483202560,206843904,16665608,1711230976,1809440768
findling-rss 1790886413,1491259392,206843904,16665608,1719238656,1809440768
findling-rss 1790886415,1338294272,206491648,16546952,1565605888,1809440768
findling-rss 1790886417,1338294272,206520320,16540248,1565446144,1809440768
findling-rss 1790886419,1472892928,206884864,16690600,1701232640,1809440768
findling-rss 1790886421,1408434176,206884864,16636624,1676304384,1809440768
findling-rss 1790886423,1487659008,206876672,16653600,1715867648,1809440768
findling-rss 1790886425,1388085248,206520320,16531440,1615581184,1809440768
findling-rss 1790886427,1396998144,206520320,16527120,1624338432,1809440768
findling-rss 1790886429,1486487552,206901248,16649264,1714651136,1809440768
findling-rss 1790886432,1487302656,206901248,16650120,1715363840,1809440768
findling-rss 1790886434,1486929920,206897152,16666680,1715195904,1809440768
findling-rss 1790886436,1487667200,206897152,16667224,1716064256,1809440768
findling-rss 1790886438,1396998144,206548992,16546640,1624272896,1809440768
findling-rss 1790886440,1427935232,206770176,16614128,1654013952,1809440768
findling-rss 1790886442,1487544320,206770176,16615904,1715396608,1809440768
findling-rss 1790886444,1449881600,206766080,16632256,1676029952,1809440768
findling-rss 1790886446,1492529152,206766080,16633416,1720680448,1809440768
findling-rss 1790886448,1397002240,206413824,16513784,1624227840,1809440768
findling-rss 1790886450,1397002240,206413824,16512968,1624047616,1809440768
findling-rss 1790886452,1487507456,206798848,16631376,1715490816,1809440768
findling-rss 1790886454,1491107840,206798848,16632056,1719185408,1809440768
findling-rss 1790886456,1493999616,206798848,16651936,1722294272,1809440768
findling-rss 1790886458,1494077440,206798848,16650200,1722302464,1809440768
findling-rss 1790886460,1396379648,206462976,16531720,1623838720,1809440768
findling-rss 1790886462,1467310080,206843904,16649104,1695346688,1809440768
findling-rss 1790886464,1489743872,206843904,16649976,1717936128,1809440768
findling-rss 1790886466,1467301888,206843904,16668600,1695350784,1809440768
findling-rss 1790886468,1487478784,206843904,16668120,1715683328,1809440768
findling-rss 1790886470,1397936128,206491648,16548848,1624506368,1809440768
findling-rss 1790886472,1339400192,206520320,16550448,1566588928,1809440768
findling-rss 1790886474,1470337024,206852096,16669496,1698439168,1809440768
findling-rss 1790886476,1374015488,206520320,16569472,1601597440,1809440768
findling-rss 1790886478,1487675392,206872576,16687352,1715818496,1809440768
findling-rss 1790886480,1339711488,206520320,16567184,1566896128,1809440768
findling-rss 1790886482,1396695040,206520320,16568112,1624207360,1809440768
findling-rss 1790886484,1486929920,206913536,16687152,1715163136,1809440768
findling-rss 1790886486,1489993728,206913536,16686472,1718095872,1809440768
findling-rss 1790886488,1486757888,206901248,16660184,1714929664,1809440768
findling-rss 1790886490,1487708160,206901248,16662072,1715892224,1809440768
findling-rss 1790886492,1395859456,206548992,16538976,1623003136,1809440768
findling-rss 1790886494,1432420352,206925824,16658640,1660116992,1809440768
findling-rss 1790886496,1487671296,206925824,16666224,1715601408,1809440768
findling-rss 1790886498,1458921472,206934016,16675808,1683042304,1809440768
findling-rss 1790886500,1488130048,206934016,16677016,1716150272,1809440768
findling-rss 1790886502,1396486144,206577664,16558496,1624055808,1809440768
findling-rss 1790886504,1397325824,206577664,16559176,1624866816,1809440768
findling-rss 1790886506,1486516224,206966784,16676744,1714769920,1809440768
findling-rss 1790886508,1489346560,206966784,16675656,1717792768,1809440768
findling-rss 1790886510,1488138240,208359424,16733264,1717972992,1809440768
findling-rss 1790886512,1488138240,208359424,16733536,1717878784,1809440768
findling-rss 1790886514,1500852224,208359424,16733016,1730801664,1809440768
findling-rss 1790886516,1475497984,208359424,16734040,1705529344,1809440768
findling-rss 1790886518,1499402240,208359424,16732584,1729212416,1809440768
findling-rss 1790886520,1412919296,208359424,16732624,1642094592,1809440768
findling-rss 1790886522,1499561984,208359424,16732584,1729314816,1809440768
findling-rss 1790886524,1452838912,208359424,16732216,1676251136,1809440768
findling-rss 1790886526,1499807744,208359424,16737896,1729572864,1809440768
findling-rss 1790886528,1396359168,206610432,16574216,1623810048,1809440768
findling-rss 1790886530,1397821440,206610432,16574760,1625309184,1809440768
findling-rss 1790886532,1486991360,208584704,16666864,1717100544,1809440768
findling-rss 1790886534,1488306176,208584704,16664992,1718050816,1809440768
findling-rss 1790886536,1496731648,208584704,16666352,1726509056,1809440768
findling-rss 1790886538,1497321472,208584704,16667032,1726951424,1809440768
findling-rss 1790886540,1498017792,208584704,16665808,1727803392,1809440768
findling-rss 1790886542,1403670528,208584704,16565288,1633075200,1809440768
findling-rss 1790886544,1499688960,208584704,16670768,1729396736,1809440768
findling-rss 1790886546,1432293376,208584704,16664352,1662095360,1809440768
findling-rss 1790886548,1503264768,208584704,16665400,1733255168,1809440768
findling-rss 1790886550,1444302848,208584704,16664760,1673809920,1809440768
findling-rss 1790886552,1499746304,208584704,16666352,1729646592,1809440768
findling-rss 1790886554,1458946048,208236544,16674208,1688387584,1809440768
findling-rss 1790886556,1488023552,208236544,16670704,1717493760,1809440768
findling-rss 1790886558,1477402624,208236544,16671496,1706733568,1809440768
findling-rss 1790886560,1497247744,208236544,16672000,1726943232,1809440768
findling-rss 1790886562,1479516160,208236544,16670680,1708072960,1809440768
findling-rss 1790886564,1497960448,208236544,16670432,1727545344,1809440768
findling-rss 1790886566,1499684864,208236544,16672176,1729257472,1809440768
findling-rss 1790886568,1500094464,208236544,16672040,1729855488,1809440768
findling-rss 1790886570,1499254784,208236544,16671920,1728811008,1809440768
findling-rss 1790886572,1499766784,208236544,16670432,1729306624,1809440768
findling-rss 1790886574,1398059008,206487552,16514176,1625464832,1809440768
findling-rss 1790886576,1429667840,206880768,16636152,1657565184,1809440768
findling-rss 1790886578,1486946304,206880768,16637552,1714810880,1809440768
findling-rss 1790886580,1450229760,207228928,16662344,1678680064,1809440768
findling-rss 1790886582,1487589376,207228928,16662920,1716199424,1809440768
findling-rss 1790886584,1477398528,204083200,16599552,1702596608,1809440768
findling-rss 1790886586,1497407488,204083200,16600352,1722974208,1809440768
findling-rss 1790886588,1396105216,203386880,16471224,1620250624,1809440768
findling-rss 1790886590,1339748352,203419648,16466880,1563578368,1809440768
findling-rss 1790886592,1487220736,203776000,16590168,1712115712,1809440768
findling-rss 1790886594,1339748352,203419648,16490640,1563877376,1809440768
findling-rss 1790886596,1487327232,203771904,16610792,1712189440,1809440768
findling-rss 1790886598,1387110400,203419648,16488080,1611022336,1809440768
findling-rss 1790886600,1345732608,203419648,16489440,1563799552,1809440768
findling-rss 1790886602,1484996608,203800576,16607848,1710108672,1809440768
findling-rss 1790886604,1487613952,203800576,16608120,1712816128,1809440768
findling-rss 1790886606,1486282752,203796480,16624160,1711456256,1809440768
findling-rss 1790886608,1487155200,203796480,16625520,1712254976,1809440768
findling-rss 1790886610,1396314112,203448320,16506000,1620541440,1809440768
findling-rss 1790886612,1400741888,203837440,16622496,1625153536,1809440768
findling-rss 1790886614,1487273984,203837440,16625176,1712082944,1809440768
findling-rss 1790886616,1420341248,203841536,16633840,1645219840,1809440768
findling-rss 1790886618,1486610432,203841536,16637160,1711599616,1809440768
findling-rss 1790886620,1375268864,203489280,16516488,1580847104,1809440768
findling-rss 1790886622,1397374976,203489280,16517032,1621696512,1809440768
findling-rss 1790886624,1487147008,203874304,16634584,1712295936,1809440768
findling-rss 1790886626,1487855616,203874304,16635440,1712943104,1809440768
findling-rss 1790886628,1487556608,203870208,16653608,1712939008,1809440768
findling-rss 1790886630,1492123648,203870208,16653064,1717370880,1809440768
findling-rss 1790886633,1359757312,203517952,16534136,1579425792,1809440768
findling-rss 1790886635,1484906496,203902976,16653584,1710198784,1809440768
findling-rss 1790886637,1487814656,203902976,16648992,1712730112,1809440768
findling-rss 1790886639,1487069184,203907072,16667024,1712459776,1809440768
findling-rss 1790886641,1487953920,203907072,16667296,1712975872,1809440768
findling-rss 1790886643,1396764672,203546624,16548416,1621086208,1809440768
findling-rss 1790886645,1391849472,260947968,18237720,1675386880,1809440768
findling-rss 1790886647,1487519744,203763712,16593144,1712476160,1809440768
findling-rss 1790886649,1400295424,203755520,16610856,1624674304,1809440768
findling-rss 1790886651,1487634432,203755520,16611088,1712820224,1809440768
findling-rss 1790886653,1395101696,203403264,16491072,1619058688,1809440768
findling-rss 1790886655,1339785216,203403264,16490824,1569550336,1809440768
findling-rss 1790886657,1487179776,203784192,16609912,1712152576,1809440768
findling-rss 1790886659,1488003072,203784192,16610320,1713160192,1809440768
findling-rss 1790886661,1487642624,204492800,16651072,1713553408,1809440768
findling-rss 1790886663,1487646720,204492800,16651072,1713610752,1809440768
findling-rss 1790886665,1499570176,204492800,16667256,1724583936,1809440768
findling-rss 1790886667,1498284032,204492800,16647432,1724186624,1809440768
findling-rss 1790886669,1499144192,204492800,16646480,1725186048,1809440768
findling-rss 1790886671,1339793408,203431936,16508064,1563963392,1809440768
findling-rss 1790886673,1395318784,203431936,16508856,1619357696,1809440768
findling-rss 1790886675,1485156352,203816960,16626904,1709985792,1809440768
findling-rss 1790886677,1494077440,203816960,16628096,1719328768,1809440768
findling-rss 1790886679,1467699200,203816960,16644936,1692741632,1809440768
findling-rss 1790886681,1489526784,203816960,16646160,1714622464,1809440768
findling-rss 1790886683,1396178944,203464704,16525168,1616953344,1809440768
findling-rss 1790886685,1339793408,203493376,16518784,1563815936,1809440768
findling-rss 1790886687,1488506880,203845632,16644664,1713696768,1809440768
findling-rss 1790886689,1384812544,203849728,16554832,1608224768,1809440768
findling-rss 1790886691,1487597568,203849728,16666040,1712496640,1809440768
findling-rss 1790886693,1394491392,203493376,16542544,1618731008,1809440768
findling-rss 1790886695,1395318784,203493376,16543904,1619767296,1809440768
findling-rss 1790886697,1486987264,203874304,16661864,1712181248,1809440768
findling-rss 1790886699,1495379968,203874304,16662040,1720582144,1809440768
findling-rss 1790886701,1487200256,203874304,16678056,1712590848,1809440768
findling-rss 1790886703,1487970304,203874304,16679008,1713164288,1809440768
findling-rss 1790886705,1394913280,203542528,16561184,1619279872,1809440768
findling-rss 1790886707,1391869952,203919360,16566384,1616498688,1809440768
findling-rss 1790886709,1487679488,203919360,16678512,1712955392,1809440768
findling-rss 1790886711,1401217024,203919360,16695808,1626181632,1809440768
findling-rss 1790886713,1487208448,203919360,16695040,1712259072,1809440768
findling-rss 1790886715,1339805696,203571200,16574576,1564119040,1809440768
findling-rss 1790886717,1397420032,203571200,16575136,1621893120,1809440768
findling-rss 1790886719,1487360000,203952128,16692976,1712599040,1809440768
findling-rss 1790886721,1487360000,203952128,16696520,1712697344,1809440768
findling-rss 1790886723,1487429632,203952128,16710080,1712934912,1809440768
findling-rss 1790886725,1487450112,203952128,16711648,1712885760,1809440768
findling-rss 1790886727,1396584448,203599872,16590448,1621139456,1809440768
findling-rss 1790886729,1467711488,203788288,16595136,1692614656,1809440768
findling-rss 1790886731,1487826944,203788288,16595024,1712910336,1809440768
findling-rss 1790886733,1467748352,203800576,16609304,1692704768,1809440768
findling-rss 1790886735,1488322560,203800576,16611416,1713577984,1809440768
findling-rss 1790886737,1397428224,203440128,16490880,1621618688,1809440768
findling-rss 1790886739,1339813888,203468800,16484472,1563910144,1809440768
findling-rss 1790886741,1488179200,203812864,16610656,1712992256,1809440768
findling-rss 1790886743,1339813888,200327168,16501376,1560678400,1809440768
findling-rss 1790886745,1487863808,200675328,16574104,1709662208,1809440768
findling-rss 1790886747,1398722560,200323072,16481496,1620017152,1809440768
findling-rss 1790886749,1395757056,200323072,16452224,1616789504,1809440768
findling-rss 1790886751,1484148736,200695808,16571312,1705508864,1809440768
findling-rss 1790886753,1487794176,200695808,16571792,1709662208,1809440768
findling-rss 1790886755,1487224832,200704000,16590000,1709039616,1809440768
findling-rss 1790886757,1487982592,200704000,16589960,1709801472,1809440768
findling-rss 1790886759,1397440512,200351744,16470416,1618587648,1809440768
findling-rss 1790886761,1419800576,200749056,16589032,1641316352,1809440768
findling-rss 1790886763,1488703488,200749056,16591448,1710264320,1809440768
findling-rss 1790886765,1431674880,201449472,16626064,1654374400,1809440768
findling-rss 1790886767,1488445440,201449472,16626296,1711374336,1809440768
findling-rss 1790886769,1442402304,201449472,16623072,1664724992,1809440768
findling-rss 1790886771,1496985600,201449472,16624984,1719603200,1809440768
findling-rss 1790886773,1478574080,201449472,16625912,1701253120,1809440768
findling-rss 1790886775,1498402816,192016384,16363608,1711226880,1809440768
findling-rss summary samples=1794 max_anon=1576939520 peak=1809440768 events=[low=0 high=0 max=0 oom=0 oom_kill=0 oom_group_kill=0 sock_throttled=0] oom_killed=false
